corridor_id,corridor_name,origin_name,destination_name,route_direction,chainage_m,chainage_km,longitude,latitude,projected_x,projected_y,district,geometry_version
NH44-JK-PILOT,NH-44 Jammu-Srinagar Highway Pilot Corridor,Udhampur Pilot Sector,Banihal / Anantnag Sector,South to North,0.0,0.0,75.517501,33.578163,548025.28,3715505.11,kishtwar,2.3A
NH44-JK-PILOT,NH-44 Jammu-Srinagar Highway Pilot Corridor,Udhampur Pilot Sector,Banihal / Anantnag Sector,South to North,100.0,0.1,75.5166,33.578633,547941.38,3715556.82,kishtwar,2.3A
NH44-JK-PILOT,NH-44 Jammu-Srinagar Highway Pilot Corridor,Udhampur Pilot Sector,Banihal / Anantnag Sector,South to North,200.0,0.2,75.51561,33.578445,547849.66,3715535.48,kishtwar,2.3A
NH44-JK-PILOT,NH-44 Jammu-Srinagar Highway Pilot Corridor,Udhampur Pilot Sector,Banihal / Anantnag Sector,South to North,300.0,0.3,75.51501,33.577861,547794.3,3715470.47,kishtwar,2.3A
NH44-JK-PILOT,NH-44 Jammu-Srinagar Highway Pilot Corridor,Udhampur Pilot Sector,Banihal / Anantnag Sector,South to North,400.0,0.4,75.514301,33.577483,547728.73,3715428.23,kishtwar,2.3A
NH44-JK-PILOT,NH-44 Jammu-Srinagar Highway Pilot Corridor,Udhampur Pilot Sector,Banihal / Anantnag Sector,South to North,500.0,0.5,75.514745,33.57674,547770.35,3715346.08,kishtwar,2.3A
NH44-JK-PILOT,NH-44 Jammu-Srinagar Highway Pilot Corridor,Udhampur Pilot Sector,Banihal / Anantnag Sector,South to North,600.0,0.6,75.514904,33.575853,547785.56,3715247.82,kishtwar,2.3A
NH44-JK-PILOT,NH-44 Jammu-Srinagar Highway Pilot Corridor,Udhampur Pilot Sector,Banihal / Anantnag Sector,South to North,700.0,0.7,75.515585,33.575166,547849.17,3715171.89,kishtwar,2.3A
NH44-JK-PILOT,NH-44 Jammu-Srinagar Highway Pilot Corridor,Udhampur Pilot Sector,Banihal / Anantnag Sector,South to North,800.0,0.8,75.515279,33.574372,547821.19,3715083.75,kishtwar,2.3A
NH44-JK-PILOT,NH-44 Jammu-Srinagar Highway Pilot Corridor,Udhampur Pilot Sector,Banihal / Anantnag Sector,South to North,900.0,0.9,75.514598,33.573714,547758.37,3715010.43,kishtwar,2.3A
NH44-JK-PILOT,NH-44 Jammu-Srinagar Highway Pilot Corridor,Udhampur Pilot Sector,Banihal / Anantnag Sector,South to North,1000.0,1.0,75.514893,33.57286,547786.16,3714915.94,kishtwar,2.3A
NH44-JK-PILOT,NH-44 Jammu-Srinagar Highway Pilot Corridor,Udhampur Pilot Sector,Banihal / Anantnag Sector,South to North,1100.0,1.1,75.515435,33.572108,547836.93,3714832.78,kishtwar,2.3A
NH44-JK-PILOT,NH-44 Jammu-Srinagar Highway Pilot Corridor,Udhampur Pilot Sector,Banihal / Anantnag Sector,South to North,1200.0,1.2,75.515031,33.572518,547799.2,3714878.03,kishtwar,2.3A
NH44-JK-PILOT,NH-44 Jammu-Srinagar Highway Pilot Corridor,Udhampur Pilot Sector,Banihal / Anantnag Sector,South to North,1300.0,1.3,75.514406,33.573237,547740.81,3714957.53,kishtwar,2.3A
NH44-JK-PILOT,NH-44 Jammu-Srinagar Highway Pilot Corridor,Udhampur Pilot Sector,Banihal / Anantnag Sector,South to North,1400.0,1.4,75.514248,33.574045,547725.7,3715047.05,kishtwar,2.3A
NH44-JK-PILOT,NH-44 Jammu-Srinagar Highway Pilot Corridor,Udhampur Pilot Sector,Banihal / Anantnag Sector,South to North,1500.0,1.5,75.514912,33.574737,547786.87,3715124.0,kishtwar,2.3A
NH44-JK-PILOT,NH-44 Jammu-Srinagar Highway Pilot Corridor,Udhampur Pilot Sector,Banihal / Anantnag Sector,South to North,1600.0,1.6,75.514284,33.575417,547728.22,3715199.13,kishtwar,2.3A
NH44-JK-PILOT,NH-44 Jammu-Srinagar Highway Pilot Corridor,Udhampur Pilot Sector,Banihal / Anantnag Sector,South to North,1700.0,1.7,75.513947,33.576262,547696.51,3715292.63,kishtwar,2.3A
NH44-JK-PILOT,NH-44 Jammu-Srinagar Highway Pilot Corridor,Udhampur Pilot Sector,Banihal / Anantnag Sector,South to North,1800.0,1.8,75.513122,33.576787,547619.62,3715350.47,kishtwar,2.3A
NH44-JK-PILOT,NH-44 Jammu-Srinagar Highway Pilot Corridor,Udhampur Pilot Sector,Banihal / Anantnag Sector,South to North,1900.0,1.9,75.513176,33.577667,547624.2,3715448.1,kishtwar,2.3A
NH44-JK-PILOT,NH-44 Jammu-Srinagar Highway Pilot Corridor,Udhampur Pilot Sector,Banihal / Anantnag Sector,South to North,2000.0,2.0,75.512904,33.578456,547598.5,3715535.45,kishtwar,2.3A
NH44-JK-PILOT,NH-44 Jammu-Srinagar Highway Pilot Corridor,Udhampur Pilot Sector,Banihal / Anantnag Sector,South to North,2100.0,2.1,75.513349,33.579043,547639.52,3715600.78,kishtwar,2.3A
NH44-JK-PILOT,NH-44 Jammu-Srinagar Highway Pilot Corridor,Udhampur Pilot Sector,Banihal / Anantnag Sector,South to North,2200.0,2.2,75.514217,33.579313,547719.86,3715631.04,kishtwar,2.3A
NH44-JK-PILOT,NH-44 Jammu-Srinagar Highway Pilot Corridor,Udhampur Pilot Sector,Banihal / Anantnag Sector,South to North,2300.0,2.3,75.51498,33.579732,547790.5,3715677.84,kishtwar,2.3A
NH44-JK-PILOT,NH-44 Jammu-Srinagar Highway Pilot Corridor,Udhampur Pilot Sector,Banihal / Anantnag Sector,South to North,2400.0,2.4,75.515855,33.580228,547871.43,3715733.26,kishtwar,2.3A
NH44-JK-PILOT,NH-44 Jammu-Srinagar Highway Pilot Corridor,Udhampur Pilot Sector,Banihal / Anantnag Sector,South to North,2500.0,2.5,75.516834,33.579967,547962.38,3715704.75,kishtwar,2.3A
NH44-JK-PILOT,NH-44 Jammu-Srinagar Highway Pilot Corridor,Udhampur Pilot Sector,Banihal / Anantnag Sector,South to North,2600.0,2.6,75.517825,33.579719,548054.52,3715677.77,kishtwar,2.3A
NH44-JK-PILOT,NH-44 Jammu-Srinagar Highway Pilot Corridor,Udhampur Pilot Sector,Banihal / Anantnag Sector,South to North,2700.0,2.7,75.518704,33.580131,548135.87,3715723.83,kishtwar,2.3A
NH44-JK-PILOT,NH-44 Jammu-Srinagar Highway Pilot Corridor,Udhampur Pilot Sector,Banihal / Anantnag Sector,South to North,2800.0,2.8,75.519743,33.579912,548232.4,3715700.01,kishtwar,2.3A
NH44-JK-PILOT,NH-44 Jammu-Srinagar Highway Pilot Corridor,Udhampur Pilot Sector,Banihal / Anantnag Sector,South to North,2900.0,2.9,75.519886,33.580022,548245.61,3715712.3,kishtwar,2.3A
NH44-JK-PILOT,NH-44 Jammu-Srinagar Highway Pilot Corridor,Udhampur Pilot Sector,Banihal / Anantnag Sector,South to North,3000.0,3.0,75.518858,33.580278,548150.03,3715740.2,kishtwar,2.3A
NH44-JK-PILOT,NH-44 Jammu-Srinagar Highway Pilot Corridor,Udhampur Pilot Sector,Banihal / Anantnag Sector,South to North,3100.0,3.1,75.517917,33.580005,548062.84,3715709.55,kishtwar,2.3A
NH44-JK-PILOT,NH-44 Jammu-Srinagar Highway Pilot Corridor,Udhampur Pilot Sector,Banihal / Anantnag Sector,South to North,3200.0,3.2,75.51692,33.580145,547970.23,3715724.55,kishtwar,2.3A
NH44-JK-PILOT,NH-44 Jammu-Srinagar Highway Pilot Corridor,Udhampur Pilot Sector,Banihal / Anantnag Sector,South to North,3300.0,3.3,75.516058,33.580614,547890.04,3715776.15,kishtwar,2.3A
NH44-JK-PILOT,NH-44 Jammu-Srinagar Highway Pilot Corridor,Udhampur Pilot Sector,Banihal / Anantnag Sector,South to North,3400.0,3.4,75.51505,33.58032,547796.61,3715743.12,kishtwar,2.3A
NH44-JK-PILOT,NH-44 Jammu-Srinagar Highway Pilot Corridor,Udhampur Pilot Sector,Banihal / Anantnag Sector,South to North,3500.0,3.5,75.514011,33.580136,547700.3,3715722.25,kishtwar,2.3A
NH44-JK-PILOT,NH-44 Jammu-Srinagar Highway Pilot Corridor,Udhampur Pilot Sector,Banihal / Anantnag Sector,South to North,3600.0,3.6,75.513251,33.579596,547630.04,3715661.98,kishtwar,2.3A
NH44-JK-PILOT,NH-44 Jammu-Srinagar Highway Pilot Corridor,Udhampur Pilot Sector,Banihal / Anantnag Sector,South to North,3700.0,3.7,75.512253,33.579645,547537.46,3715666.97,kishtwar,2.3A
NH44-JK-PILOT,NH-44 Jammu-Srinagar Highway Pilot Corridor,Udhampur Pilot Sector,Banihal / Anantnag Sector,South to North,3800.0,3.8,75.512049,33.578811,547519.01,3715574.37,kishtwar,2.3A
NH44-JK-PILOT,NH-44 Jammu-Srinagar Highway Pilot Corridor,Udhampur Pilot Sector,Banihal / Anantnag Sector,South to North,3900.0,3.9,75.511621,33.57803,547479.64,3715487.68,kishtwar,2.3A
NH44-JK-PILOT,NH-44 Jammu-Srinagar Highway Pilot Corridor,Udhampur Pilot Sector,Banihal / Anantnag Sector,South to North,4000.0,4.0,75.511952,33.577252,547510.84,3715401.57,kishtwar,2.3A
NH44-JK-PILOT,NH-44 Jammu-Srinagar Highway Pilot Corridor,Udhampur Pilot Sector,Banihal / Anantnag Sector,South to North,4100.0,4.1,75.511671,33.576404,547485.17,3715307.39,kishtwar,2.3A
NH44-JK-PILOT,NH-44 Jammu-Srinagar Highway Pilot Corridor,Udhampur Pilot Sector,Banihal / Anantnag Sector,South to North,4200.0,4.2,75.512216,33.575726,547536.14,3715232.49,kishtwar,2.3A
NH44-JK-PILOT,NH-44 Jammu-Srinagar Highway Pilot Corridor,Udhampur Pilot Sector,Banihal / Anantnag Sector,South to North,4300.0,4.3,75.512644,33.575046,547576.23,3715157.26,kishtwar,2.3A
NH44-JK-PILOT,NH-44 Jammu-Srinagar Highway Pilot Corridor,Udhampur Pilot Sector,Banihal / Anantnag Sector,South to North,4400.0,4.4,75.512423,33.574207,547556.16,3715064.09,kishtwar,2.3A
NH44-JK-PILOT,NH-44 Jammu-Srinagar Highway Pilot Corridor,Udhampur Pilot Sector,Banihal / Anantnag Sector,South to North,4500.0,4.5,75.512601,33.573351,547573.16,3714969.3,kishtwar,2.3A
NH44-JK-PILOT,NH-44 Jammu-Srinagar Highway Pilot Corridor,Udhampur Pilot Sector,Banihal / Anantnag Sector,South to North,4600.0,4.6,75.51255,33.573192,547568.5,3714951.63,kishtwar,2.3A
NH44-JK-PILOT,NH-44 Jammu-Srinagar Highway Pilot Corridor,Udhampur Pilot Sector,Banihal / Anantnag Sector,South to North,4700.0,4.7,75.51225,33.574037,547540.24,3715045.2,kishtwar,2.3A
NH44-JK-PILOT,NH-44 Jammu-Srinagar Highway Pilot Corridor,Udhampur Pilot Sector,Banihal / Anantnag Sector,South to North,4800.0,4.8,75.512456,33.574894,547558.91,3715140.28,kishtwar,2.3A
NH44-JK-PILOT,NH-44 Jammu-Srinagar Highway Pilot Corridor,Udhampur Pilot Sector,Banihal / Anantnag Sector,South to North,4900.0,4.9,75.511914,33.575545,547508.25,3715212.21,kishtwar,2.3A
NH44-JK-PILOT,NH-44 Jammu-Srinagar Highway Pilot Corridor,Udhampur Pilot Sector,Banihal / Anantnag Sector,South to North,5000.0,5.0,75.511276,33.576164,547448.65,3715280.6,kishtwar,2.3A
NH44-JK-PILOT,NH-44 Jammu-Srinagar Highway Pilot Corridor,Udhampur Pilot Sector,Banihal / Anantnag Sector,South to North,5100.0,5.1,75.511182,33.577045,547439.48,3715378.17,kishtwar,2.3A
NH44-JK-PILOT,NH-44 Jammu-Srinagar Highway Pilot Corridor,Udhampur Pilot Sector,Banihal / Anantnag Sector,South to North,5200.0,5.2,75.51083,33.577853,547406.35,3715467.62,kishtwar,2.3A
NH44-JK-PILOT,NH-44 Jammu-Srinagar Highway Pilot Corridor,Udhampur Pilot Sector,Banihal / Anantnag Sector,South to North,5300.0,5.3,75.51112,33.578674,547432.83,3715558.83,kishtwar,2.3A
NH44-JK-PILOT,NH-44 Jammu-Srinagar Highway Pilot Corridor,Udhampur Pilot Sector,Banihal / Anantnag Sector,South to North,5400.0,5.4,75.510977,33.579557,547419.03,3715656.6,kishtwar,2.3A
NH44-JK-PILOT,NH-44 Jammu-Srinagar Highway Pilot Corridor,Udhampur Pilot Sector,Banihal / Anantnag Sector,South to North,5500.0,5.5,75.511366,33.58034,547454.75,3715743.58,kishtwar,2.3A
NH44-JK-PILOT,NH-44 Jammu-Srinagar Highway Pilot Corridor,Udhampur Pilot Sector,Banihal / Anantnag Sector,South to North,5600.0,5.6,75.512329,33.580694,547543.89,3715783.37,kishtwar,2.3A
NH44-JK-PILOT,NH-44 Jammu-Srinagar Highway Pilot Corridor,Udhampur Pilot Sector,Banihal / Anantnag Sector,South to North,5700.0,5.7,75.511714,33.580673,547486.83,3715780.71,kishtwar,2.3A
NH44-JK-PILOT,NH-44 Jammu-Srinagar Highway Pilot Corridor,Udhampur Pilot Sector,Banihal / Anantnag Sector,South to North,5800.0,5.8,75.510896,33.58022,547411.2,3715730.09,kishtwar,2.3A
NH44-JK-PILOT,NH-44 Jammu-Srinagar Highway Pilot Corridor,Udhampur Pilot Sector,Banihal / Anantnag Sector,South to North,5900.0,5.9,75.510546,33.579397,547379.14,3715638.65,kishtwar,2.3A
NH44-JK-PILOT,NH-44 Jammu-Srinagar Highway Pilot Corridor,Udhampur Pilot Sector,Banihal / Anantnag Sector,South to North,6000.0,6.0,75.510437,33.578803,547369.38,3715572.74,kishtwar,2.3A
NH44-JK-PILOT,NH-44 Jammu-Srinagar Highway Pilot Corridor,Udhampur Pilot Sector,Banihal / Anantnag Sector,South to North,6100.0,6.1,75.510357,33.579689,547361.45,3715671.01,kishtwar,2.3A
NH44-JK-PILOT,NH-44 Jammu-Srinagar Highway Pilot Corridor,Udhampur Pilot Sector,Banihal / Anantnag Sector,South to North,6200.0,6.2,75.510333,33.580567,547358.72,3715768.3,kishtwar,2.3A
NH44-JK-PILOT,NH-44 Jammu-Srinagar Highway Pilot Corridor,Udhampur Pilot Sector,Banihal / Anantnag Sector,South to North,6300.0,6.3,75.510708,33.581371,547393.09,3715857.61,kishtwar,2.3A
NH44-JK-PILOT,NH-44 Jammu-Srinagar Highway Pilot Corridor,Udhampur Pilot Sector,Banihal / Anantnag Sector,South to North,6400.0,6.4,75.511059,33.58221,547425.24,3715950.77,anantnag,2.3A
NH44-JK-PILOT,NH-44 Jammu-Srinagar Highway Pilot Corridor,Udhampur Pilot Sector,Banihal / Anantnag Sector,South to North,6500.0,6.5,75.510844,33.583076,547404.78,3716046.72,anantnag,2.3A
NH44-JK-PILOT,NH-44 Jammu-Srinagar Highway Pilot Corridor,Udhampur Pilot Sector,Banihal / Anantnag Sector,South to North,6600.0,6.6,75.510508,33.583932,547373.14,3716141.54,anantnag,2.3A
NH44-JK-PILOT,NH-44 Jammu-Srinagar Highway Pilot Corridor,Udhampur Pilot Sector,Banihal / Anantnag Sector,South to North,6700.0,6.7,75.510086,33.584762,547333.55,3716233.28,anantnag,2.3A
NH44-JK-PILOT,NH-44 Jammu-Srinagar Highway Pilot Corridor,Udhampur Pilot Sector,Banihal / Anantnag Sector,South to North,6800.0,6.8,75.509681,33.585593,547295.5,3716325.29,anantnag,2.3A
NH44-JK-PILOT,NH-44 Jammu-Srinagar Highway Pilot Corridor,Udhampur Pilot Sector,Banihal / Anantnag Sector,South to North,6900.0,6.9,75.509161,33.58638,547246.82,3716412.25,anantnag,2.3A
NH44-JK-PILOT,NH-44 Jammu-Srinagar Highway Pilot Corridor,Udhampur Pilot Sector,Banihal / Anantnag Sector,South to North,7000.0,7.0,75.508689,33.587189,547202.56,3716501.71,anantnag,2.3A
NH44-JK-PILOT,NH-44 Jammu-Srinagar Highway Pilot Corridor,Udhampur Pilot Sector,Banihal / Anantnag Sector,South to North,7100.0,7.1,75.508381,33.588052,547173.58,3716597.36,anantnag,2.3A
NH44-JK-PILOT,NH-44 Jammu-Srinagar Highway Pilot Corridor,Udhampur Pilot Sector,Banihal / Anantnag Sector,South to North,7200.0,7.2,75.507966,33.588613,547134.69,3716659.31,anantnag,2.3A
NH44-JK-PILOT,NH-44 Jammu-Srinagar Highway Pilot Corridor,Udhampur Pilot Sector,Banihal / Anantnag Sector,South to North,7300.0,7.3,75.508136,33.587732,547151.01,3716561.73,anantnag,2.3A
NH44-JK-PILOT,NH-44 Jammu-Srinagar Highway Pilot Corridor,Udhampur Pilot Sector,Banihal / Anantnag Sector,South to North,7400.0,7.4,75.50829,33.586839,547165.71,3716462.81,anantnag,2.3A
NH44-JK-PILOT,NH-44 Jammu-Srinagar Highway Pilot Corridor,Udhampur Pilot Sector,Banihal / Anantnag Sector,South to North,7500.0,7.5,75.508423,33.585945,547178.55,3716363.72,anantnag,2.3A
NH44-JK-PILOT,NH-44 Jammu-Srinagar Highway Pilot Corridor,Udhampur Pilot Sector,Banihal / Anantnag Sector,South to North,7600.0,7.6,75.508291,33.585059,547166.82,3716265.41,anantnag,2.3A
NH44-JK-PILOT,NH-44 Jammu-Srinagar Highway Pilot Corridor,Udhampur Pilot Sector,Banihal / Anantnag Sector,South to North,7700.0,7.7,75.50839,33.584181,547176.44,3716168.08,anantnag,2.3A
NH44-JK-PILOT,NH-44 Jammu-Srinagar Highway Pilot Corridor,Udhampur Pilot Sector,Banihal / Anantnag Sector,South to North,7800.0,7.8,75.508219,33.584127,547160.64,3716162.01,anantnag,2.3A
NH44-JK-PILOT,NH-44 Jammu-Srinagar Highway Pilot Corridor,Udhampur Pilot Sector,Banihal / Anantnag Sector,South to North,7900.0,7.9,75.507912,33.584989,547131.69,3716257.53,anantnag,2.3A
NH44-JK-PILOT,NH-44 Jammu-Srinagar Highway Pilot Corridor,Udhampur Pilot Sector,Banihal / Anantnag Sector,South to North,8000.0,8.0,75.507793,33.585844,547120.15,3716352.19,anantnag,2.3A
NH44-JK-PILOT,NH-44 Jammu-Srinagar Highway Pilot Corridor,Udhampur Pilot Sector,Banihal / Anantnag Sector,South to North,8100.0,8.1,75.507336,33.586644,547077.34,3716440.69,anantnag,2.3A
NH44-JK-PILOT,NH-44 Jammu-Srinagar Highway Pilot Corridor,Udhampur Pilot Sector,Banihal / Anantnag Sector,South to North,8200.0,8.2,75.507093,33.58752,547054.33,3716537.78,anantnag,2.3A
NH44-JK-PILOT,NH-44 Jammu-Srinagar Highway Pilot Corridor,Udhampur Pilot Sector,Banihal / Anantnag Sector,South to North,8300.0,8.3,75.50675,33.588372,547022.01,3716632.01,anantnag,2.3A
NH44-JK-PILOT,NH-44 Jammu-Srinagar Highway Pilot Corridor,Udhampur Pilot Sector,Banihal / Anantnag Sector,South to North,8400.0,8.4,75.506919,33.589249,547037.27,3716729.41,anantnag,2.3A
NH44-JK-PILOT,NH-44 Jammu-Srinagar Highway Pilot Corridor,Udhampur Pilot Sector,Banihal / Anantnag Sector,South to North,8500.0,8.5,75.50658,33.58997,547005.37,3716809.15,anantnag,2.3A
NH44-JK-PILOT,NH-44 Jammu-Srinagar Highway Pilot Corridor,Udhampur Pilot Sector,Banihal / Anantnag Sector,South to North,8600.0,8.6,75.505697,33.5904,546923.21,3716856.43,anantnag,2.3A
NH44-JK-PILOT,NH-44 Jammu-Srinagar Highway Pilot Corridor,Udhampur Pilot Sector,Banihal / Anantnag Sector,South to North,8700.0,8.7,75.506428,33.58988,546991.28,3716799.15,anantnag,2.3A
NH44-JK-PILOT,NH-44 Jammu-Srinagar Highway Pilot Corridor,Udhampur Pilot Sector,Banihal / Anantnag Sector,South to North,8800.0,8.8,75.506613,33.589112,547008.94,3716714.07,anantnag,2.3A
NH44-JK-PILOT,NH-44 Jammu-Srinagar Highway Pilot Corridor,Udhampur Pilot Sector,Banihal / Anantnag Sector,South to North,8900.0,8.9,75.506083,33.58833,546960.11,3716627.08,anantnag,2.3A
NH44-JK-PILOT,NH-44 Jammu-Srinagar Highway Pilot Corridor,Udhampur Pilot Sector,Banihal / Anantnag Sector,South to North,9000.0,9.0,75.50629,33.587456,546979.83,3716530.33,anantnag,2.3A
NH44-JK-PILOT,NH-44 Jammu-Srinagar Highway Pilot Corridor,Udhampur Pilot Sector,Banihal / Anantnag Sector,South to North,9100.0,9.1,75.506499,33.586576,546999.7,3716432.76,anantnag,2.3A
NH44-JK-PILOT,NH-44 Jammu-Srinagar Highway Pilot Corridor,Udhampur Pilot Sector,Banihal / Anantnag Sector,South to North,9200.0,9.2,75.50633,33.58615,546984.27,3716385.48,anantnag,2.3A
NH44-JK-PILOT,NH-44 Jammu-Srinagar Highway Pilot Corridor,Udhampur Pilot Sector,Banihal / Anantnag Sector,South to North,9300.0,9.3,75.506081,33.587022,546960.65,3716482.06,anantnag,2.3A
NH44-JK-PILOT,NH-44 Jammu-Srinagar Highway Pilot Corridor,Udhampur Pilot Sector,Banihal / Anantnag Sector,South to North,9400.0,9.4,75.505692,33.587824,546924.11,3716570.77,anantnag,2.3A
NH44-JK-PILOT,NH-44 Jammu-Srinagar Highway Pilot Corridor,Udhampur Pilot Sector,Banihal / Anantnag Sector,South to North,9500.0,9.5,75.505642,33.588692,546919.03,3716667.07,anantnag,2.3A
NH44-JK-PILOT,NH-44 Jammu-Srinagar Highway Pilot Corridor,Udhampur Pilot Sector,Banihal / Anantnag Sector,South to North,9600.0,9.6,75.505701,33.589397,546924.16,3716745.27,anantnag,2.3A
NH44-JK-PILOT,NH-44 Jammu-Srinagar Highway Pilot Corridor,Udhampur Pilot Sector,Banihal / Anantnag Sector,South to North,9700.0,9.7,75.504708,33.58966,546831.82,3716773.91,anantnag,2.3A
NH44-JK-PILOT,NH-44 Jammu-Srinagar Highway Pilot Corridor,Udhampur Pilot Sector,Banihal / Anantnag Sector,South to North,9800.0,9.8,75.504343,33.590468,546797.55,3716863.32,anantnag,2.3A
NH44-JK-PILOT,NH-44 Jammu-Srinagar Highway Pilot Corridor,Udhampur Pilot Sector,Banihal / Anantnag Sector,South to North,9900.0,9.9,75.503545,33.591074,546723.16,3716930.13,anantnag,2.3A
NH44-JK-PILOT,NH-44 Jammu-Srinagar Highway Pilot Corridor,Udhampur Pilot Sector,Banihal / Anantnag Sector,South to North,10000.0,10.0,75.503442,33.591921,546713.13,3717024.0,anantnag,2.3A
NH44-JK-PILOT,NH-44 Jammu-Srinagar Highway Pilot Corridor,Udhampur Pilot Sector,Banihal / Anantnag Sector,South to North,10100.0,10.1,75.502928,33.592689,546665.03,3717108.95,anantnag,2.3A
NH44-JK-PILOT,NH-44 Jammu-Srinagar Highway Pilot Corridor,Udhampur Pilot Sector,Banihal / Anantnag Sector,South to North,10200.0,10.2,75.502024,33.593093,546580.98,3717153.3,anantnag,2.3A
NH44-JK-PILOT,NH-44 Jammu-Srinagar Highway Pilot Corridor,Udhampur Pilot Sector,Banihal / Anantnag Sector,South to North,10300.0,10.3,75.500954,33.593196,546481.6,3717164.23,anantnag,2.3A
NH44-JK-PILOT,NH-44 Jammu-Srinagar Highway Pilot Corridor,Udhampur Pilot Sector,Banihal / Anantnag Sector,South to North,10400.0,10.4,75.499978,33.593495,546390.89,3717197.04,anantnag,2.3A
NH44-JK-PILOT,NH-44 Jammu-Srinagar Highway Pilot Corridor,Udhampur Pilot Sector,Banihal / Anantnag Sector,South to North,10500.0,10.5,75.499081,33.593991,546307.36,3717251.54,anantnag,2.3A
NH44-JK-PILOT,NH-44 Jammu-Srinagar Highway Pilot Corridor,Udhampur Pilot Sector,Banihal / Anantnag Sector,South to North,10600.0,10.6,75.498547,33.594642,546257.46,3717323.5,anantnag,2.3A
NH44-JK-PILOT,NH-44 Jammu-Srinagar Highway Pilot Corridor,Udhampur Pilot Sector,Banihal / Anantnag Sector,South to North,10700.0,10.7,75.499439,33.595106,546340.04,3717375.35,anantnag,2.3A
NH44-JK-PILOT,NH-44 Jammu-Srinagar Highway Pilot Corridor,Udhampur Pilot Sector,Banihal / Anantnag Sector,South to North,10800.0,10.8,75.500218,33.595687,546412.01,3717440.14,anantnag,2.3A
NH44-JK-PILOT,NH-44 Jammu-Srinagar Highway Pilot Corridor,Udhampur Pilot Sector,Banihal / Anantnag Sector,South to North,10900.0,10.9,75.501005,33.596256,546484.68,3717503.53,anantnag,2.3A
NH44-JK-PILOT,NH-44 Jammu-Srinagar Highway Pilot Corridor,Udhampur Pilot Sector,Banihal / Anantnag Sector,South to North,11000.0,11.0,75.501972,33.596642,546574.2,3717546.79,anantnag,2.3A
NH44-JK-PILOT,NH-44 Jammu-Srinagar Highway Pilot Corridor,Udhampur Pilot Sector,Banihal / Anantnag Sector,South to North,11100.0,11.1,75.502188,33.596928,546594.08,3717578.64,anantnag,2.3A
NH44-JK-PILOT,NH-44 Jammu-Srinagar Highway Pilot Corridor,Udhampur Pilot Sector,Banihal / Anantnag Sector,South to North,11200.0,11.2,75.50124,33.596507,546506.37,3717531.49,anantnag,2.3A
NH44-JK-PILOT,NH-44 Jammu-Srinagar Highway Pilot Corridor,Udhampur Pilot Sector,Banihal / Anantnag Sector,South to North,11300.0,11.3,75.500249,33.596177,546414.56,3717494.45,anantnag,2.3A
NH44-JK-PILOT,NH-44 Jammu-Srinagar Highway Pilot Corridor,Udhampur Pilot Sector,Banihal / Anantnag Sector,South to North,11400.0,11.4,75.499431,33.595648,546338.94,3717435.5,anantnag,2.3A
NH44-JK-PILOT,NH-44 Jammu-Srinagar Highway Pilot Corridor,Udhampur Pilot Sector,Banihal / Anantnag Sector,South to North,11500.0,11.5,75.498497,33.595227,546252.53,3717388.34,anantnag,2.3A
NH44-JK-PILOT,NH-44 Jammu-Srinagar Highway Pilot Corridor,Udhampur Pilot Sector,Banihal / Anantnag Sector,South to North,11600.0,11.6,75.497523,33.594928,546162.35,3717354.81,anantnag,2.3A
NH44-JK-PILOT,NH-44 Jammu-Srinagar Highway Pilot Corridor,Udhampur Pilot Sector,Banihal / Anantnag Sector,South to North,11700.0,11.7,75.497542,33.594229,546164.43,3717277.28,anantnag,2.3A
NH44-JK-PILOT,NH-44 Jammu-Srinagar Highway Pilot Corridor,Udhampur Pilot Sector,Banihal / Anantnag Sector,South to North,11800.0,11.8,75.498104,33.593569,546217.01,3717204.32,anantnag,2.3A
NH44-JK-PILOT,NH-44 Jammu-Srinagar Highway Pilot Corridor,Udhampur Pilot Sector,Banihal / Anantnag Sector,South to North,11900.0,11.9,75.49892,33.593096,546292.89,3717152.31,anantnag,2.3A
NH44-JK-PILOT,NH-44 Jammu-Srinagar Highway Pilot Corridor,Udhampur Pilot Sector,Banihal / Anantnag Sector,South to North,12000.0,12.0,75.499702,33.592528,546365.83,3717089.63,anantnag,2.3A
NH44-JK-PILOT,NH-44 Jammu-Srinagar Highway Pilot Corridor,Udhampur Pilot Sector,Banihal / Anantnag Sector,South to North,12100.0,12.1,75.500671,33.592162,546455.95,3717049.52,anantnag,2.3A
NH44-JK-PILOT,NH-44 Jammu-Srinagar Highway Pilot Corridor,Udhampur Pilot Sector,Banihal / Anantnag Sector,South to North,12200.0,12.2,75.501536,33.591707,546536.45,3716999.48,anantnag,2.3A
NH44-JK-PILOT,NH-44 Jammu-Srinagar Highway Pilot Corridor,Udhampur Pilot Sector,Banihal / Anantnag Sector,South to North,12300.0,12.3,75.501463,33.590868,546530.1,3716906.36,anantnag,2.3A
NH44-JK-PILOT,NH-44 Jammu-Srinagar Highway Pilot Corridor,Udhampur Pilot Sector,Banihal / Anantnag Sector,South to North,12400.0,12.4,75.501646,33.58999,546547.51,3716809.11,anantnag,2.3A
NH44-JK-PILOT,NH-44 Jammu-Srinagar Highway Pilot Corridor,Udhampur Pilot Sector,Banihal / Anantnag Sector,South to North,12500.0,12.5,75.502355,33.58934,546613.64,3716737.44,anantnag,2.3A
NH44-JK-PILOT,NH-44 Jammu-Srinagar Highway Pilot Corridor,Udhampur Pilot Sector,Banihal / Anantnag Sector,South to North,12600.0,12.6,75.502244,33.589164,546603.5,3716717.77,anantnag,2.3A
NH44-JK-PILOT,NH-44 Jammu-Srinagar Highway Pilot Corridor,Udhampur Pilot Sector,Banihal / Anantnag Sector,South to North,12700.0,12.7,75.501573,33.589811,546540.83,3716789.22,anantnag,2.3A
NH44-JK-PILOT,NH-44 Jammu-Srinagar Highway Pilot Corridor,Udhampur Pilot Sector,Banihal / Anantnag Sector,South to North,12800.0,12.8,75.501186,33.590622,546504.51,3716878.98,anantnag,2.3A
NH44-JK-PILOT,NH-44 Jammu-Srinagar Highway Pilot Corridor,Udhampur Pilot Sector,Banihal / Anantnag Sector,South to North,12900.0,12.9,75.501013,33.591455,546488.01,3716971.32,anantnag,2.3A
NH44-JK-PILOT,NH-44 Jammu-Srinagar Highway Pilot Corridor,Udhampur Pilot Sector,Banihal / Anantnag Sector,South to North,13000.0,13.0,75.500049,33.591778,546398.43,3717006.68,anantnag,2.3A
NH44-JK-PILOT,NH-44 Jammu-Srinagar Highway Pilot Corridor,Udhampur Pilot Sector,Banihal / Anantnag Sector,South to North,13100.0,13.1,75.499118,33.592135,546311.82,3717045.82,anantnag,2.3A
NH44-JK-PILOT,NH-44 Jammu-Srinagar Highway Pilot Corridor,Udhampur Pilot Sector,Banihal / Anantnag Sector,South to North,13200.0,13.2,75.498329,33.592558,546238.34,3717092.41,anantnag,2.3A
NH44-JK-PILOT,NH-44 Jammu-Srinagar Highway Pilot Corridor,Udhampur Pilot Sector,Banihal / Anantnag Sector,South to North,13300.0,13.3,75.497573,33.593057,546168.01,3717147.4,anantnag,2.3A
NH44-JK-PILOT,NH-44 Jammu-Srinagar Highway Pilot Corridor,Udhampur Pilot Sector,Banihal / Anantnag Sector,South to North,13400.0,13.4,75.496931,33.593701,546108.08,3717218.5,anantnag,2.3A
NH44-JK-PILOT,NH-44 Jammu-Srinagar Highway Pilot Corridor,Udhampur Pilot Sector,Banihal / Anantnag Sector,South to North,13500.0,13.5,75.495882,33.593781,546010.69,3717226.86,anantnag,2.3A
NH44-JK-PILOT,NH-44 Jammu-Srinagar Highway Pilot Corridor,Udhampur Pilot Sector,Banihal / Anantnag Sector,South to North,13600.0,13.6,75.495535,33.5946,545978.01,3717317.57,anantnag,2.3A
NH44-JK-PILOT,NH-44 Jammu-Srinagar Highway Pilot Corridor,Udhampur Pilot Sector,Banihal / Anantnag Sector,South to North,13700.0,13.7,75.495096,33.595319,545936.97,3717397.02,anantnag,2.3A
NH44-JK-PILOT,NH-44 Jammu-Srinagar Highway Pilot Corridor,Udhampur Pilot Sector,Banihal / Anantnag Sector,South to North,13800.0,13.8,75.495944,33.595863,546015.35,3717457.74,anantnag,2.3A
NH44-JK-PILOT,NH-44 Jammu-Srinagar Highway Pilot Corridor,Udhampur Pilot Sector,Banihal / Anantnag Sector,South to North,13900.0,13.9,75.496966,33.596131,546109.99,3717487.92,anantnag,2.3A
NH44-JK-PILOT,NH-44 Jammu-Srinagar Highway Pilot Corridor,Udhampur Pilot Sector,Banihal / Anantnag Sector,South to North,14000.0,14.0,75.497676,33.596755,546175.6,3717557.4,anantnag,2.3A
NH44-JK-PILOT,NH-44 Jammu-Srinagar Highway Pilot Corridor,Udhampur Pilot Sector,Banihal / Anantnag Sector,South to North,14100.0,14.1,75.498607,33.597044,546261.82,3717589.89,anantnag,2.3A
NH44-JK-PILOT,NH-44 Jammu-Srinagar Highway Pilot Corridor,Udhampur Pilot Sector,Banihal / Anantnag Sector,South to North,14200.0,14.2,75.49932,33.597715,546327.54,3717664.59,anantnag,2.3A
NH44-JK-PILOT,NH-44 Jammu-Srinagar Highway Pilot Corridor,Udhampur Pilot Sector,Banihal / Anantnag Sector,South to North,14300.0,14.3,75.500085,33.598343,546398.2,3717734.51,anantnag,2.3A
NH44-JK-PILOT,NH-44 Jammu-Srinagar Highway Pilot Corridor,Udhampur Pilot Sector,Banihal / Anantnag Sector,South to North,14400.0,14.4,75.499788,33.598847,546370.43,3717790.34,anantnag,2.3A
NH44-JK-PILOT,NH-44 Jammu-Srinagar Highway Pilot Corridor,Udhampur Pilot Sector,Banihal / Anantnag Sector,South to North,14500.0,14.5,75.498755,33.598886,546274.48,3717794.21,anantnag,2.3A
NH44-JK-PILOT,NH-44 Jammu-Srinagar Highway Pilot Corridor,Udhampur Pilot Sector,Banihal / Anantnag Sector,South to North,14600.0,14.6,75.497692,33.599023,546175.79,3717808.9,anantnag,2.3A
NH44-JK-PILOT,NH-44 Jammu-Srinagar Highway Pilot Corridor,Udhampur Pilot Sector,Banihal / Anantnag Sector,South to North,14700.0,14.7,75.496859,33.599471,546098.31,3717858.18,anantnag,2.3A
NH44-JK-PILOT,NH-44 Jammu-Srinagar Highway Pilot Corridor,Udhampur Pilot Sector,Banihal / Anantnag Sector,South to North,14800.0,14.8,75.49588,33.599731,546007.3,3717886.57,anantnag,2.3A
NH44-JK-PILOT,NH-44 Jammu-Srinagar Highway Pilot Corridor,Udhampur Pilot Sector,Banihal / Anantnag Sector,South to North,14900.0,14.9,75.494839,33.599932,545910.68,3717908.44,anantnag,2.3A
NH44-JK-PILOT,NH-44 Jammu-Srinagar Highway Pilot Corridor,Udhampur Pilot Sector,Banihal / Anantnag Sector,South to North,15000.0,15.0,75.494322,33.600583,545862.34,3717980.32,anantnag,2.3A
NH44-JK-PILOT,NH-44 Jammu-Srinagar Highway Pilot Corridor,Udhampur Pilot Sector,Banihal / Anantnag Sector,South to North,15100.0,15.1,75.493511,33.600997,545786.83,3718025.92,anantnag,2.3A
NH44-JK-PILOT,NH-44 Jammu-Srinagar Highway Pilot Corridor,Udhampur Pilot Sector,Banihal / Anantnag Sector,South to North,15200.0,15.2,75.49244,33.60106,545687.46,3718032.43,anantnag,2.3A
NH44-JK-PILOT,NH-44 Jammu-Srinagar Highway Pilot Corridor,Udhampur Pilot Sector,Banihal / Anantnag Sector,South to North,15300.0,15.3,75.49137,33.600999,545588.21,3718025.18,anantnag,2.3A
NH44-JK-PILOT,NH-44 Jammu-Srinagar Highway Pilot Corridor,Udhampur Pilot Sector,Banihal / Anantnag Sector,South to North,15400.0,15.4,75.490301,33.60093,545489.08,3718017.03,anantnag,2.3A
NH44-JK-PILOT,NH-44 Jammu-Srinagar Highway Pilot Corridor,Udhampur Pilot Sector,Banihal / Anantnag Sector,South to North,15500.0,15.5,75.489229,33.600894,545389.68,3718012.61,anantnag,2.3A
NH44-JK-PILOT,NH-44 Jammu-Srinagar Highway Pilot Corridor,Udhampur Pilot Sector,Banihal / Anantnag Sector,South to North,15600.0,15.6,75.488214,33.600659,545295.59,3717986.1,anantnag,2.3A
NH44-JK-PILOT,NH-44 Jammu-Srinagar Highway Pilot Corridor,Udhampur Pilot Sector,Banihal / Anantnag Sector,South to North,15700.0,15.7,75.487256,33.60082,545206.64,3718003.47,anantnag,2.3A
NH44-JK-PILOT,NH-44 Jammu-Srinagar Highway Pilot Corridor,Udhampur Pilot Sector,Banihal / Anantnag Sector,South to North,15800.0,15.8,75.486205,33.601008,545109.0,3718023.92,anantnag,2.3A
NH44-JK-PILOT,NH-44 Jammu-Srinagar Highway Pilot Corridor,Udhampur Pilot Sector,Banihal / Anantnag Sector,South to North,15900.0,15.9,75.485132,33.600992,545009.53,3718021.66,anantnag,2.3A
NH44-JK-PILOT,NH-44 Jammu-Srinagar Highway Pilot Corridor,Udhampur Pilot Sector,Banihal / Anantnag Sector,South to North,16000.0,16.0,75.484081,33.600877,544912.01,3718008.43,anantnag,2.3A
NH44-JK-PILOT,NH-44 Jammu-Srinagar Highway Pilot Corridor,Udhampur Pilot Sector,Banihal / Anantnag Sector,South to North,16100.0,16.1,75.483173,33.600401,544828.06,3717955.32,anantnag,2.3A
NH44-JK-PILOT,NH-44 Jammu-Srinagar Highway Pilot Corridor,Udhampur Pilot Sector,Banihal / Anantnag Sector,South to North,16200.0,16.2,75.482628,33.599709,544777.85,3717878.28,anantnag,2.3A
NH44-JK-PILOT,NH-44 Jammu-Srinagar Highway Pilot Corridor,Udhampur Pilot Sector,Banihal / Anantnag Sector,South to North,16300.0,16.3,75.483394,33.600306,544848.63,3717944.81,anantnag,2.3A
NH44-JK-PILOT,NH-44 Jammu-Srinagar Highway Pilot Corridor,Udhampur Pilot Sector,Banihal / Anantnag Sector,South to North,16400.0,16.4,75.484384,33.600616,544940.32,3717979.63,anantnag,2.3A
NH44-JK-PILOT,NH-44 Jammu-Srinagar Highway Pilot Corridor,Udhampur Pilot Sector,Banihal / Anantnag Sector,South to North,16500.0,16.5,75.485441,33.600491,545038.41,3717966.24,anantnag,2.3A
NH44-JK-PILOT,NH-44 Jammu-Srinagar Highway Pilot Corridor,Udhampur Pilot Sector,Banihal / Anantnag Sector,South to North,16600.0,16.6,75.486498,33.600379,545136.53,3717954.26,anantnag,2.3A
NH44-JK-PILOT,NH-44 Jammu-Srinagar Highway Pilot Corridor,Udhampur Pilot Sector,Banihal / Anantnag Sector,South to North,16700.0,16.7,75.487452,33.599968,545225.25,3717909.18,anantnag,2.3A
NH44-JK-PILOT,NH-44 Jammu-Srinagar Highway Pilot Corridor,Udhampur Pilot Sector,Banihal / Anantnag Sector,South to North,16800.0,16.8,75.488501,33.600015,545322.58,3717914.76,anantnag,2.3A
NH44-JK-PILOT,NH-44 Jammu-Srinagar Highway Pilot Corridor,Udhampur Pilot Sector,Banihal / Anantnag Sector,South to North,16900.0,16.9,75.48955,33.599906,545419.95,3717903.13,anantnag,2.3A
NH44-JK-PILOT,NH-44 Jammu-Srinagar Highway Pilot Corridor,Udhampur Pilot Sector,Banihal / Anantnag Sector,South to North,17000.0,17.0,75.490595,33.599688,545517.0,3717879.48,anantnag,2.3A
NH44-JK-PILOT,NH-44 Jammu-Srinagar Highway Pilot Corridor,Udhampur Pilot Sector,Banihal / Anantnag Sector,South to North,17100.0,17.1,75.491656,33.599541,545615.56,3717863.63,anantnag,2.3A
NH44-JK-PILOT,NH-44 Jammu-Srinagar Highway Pilot Corridor,Udhampur Pilot Sector,Banihal / Anantnag Sector,South to North,17200.0,17.2,75.492669,33.599446,545709.56,3717853.5,anantnag,2.3A
NH44-JK-PILOT,NH-44 Jammu-Srinagar Highway Pilot Corridor,Udhampur Pilot Sector,Banihal / Anantnag Sector,South to North,17300.0,17.3,75.493245,33.598789,545763.35,3717780.91,anantnag,2.3A
NH44-JK-PILOT,NH-44 Jammu-Srinagar Highway Pilot Corridor,Udhampur Pilot Sector,Banihal / Anantnag Sector,South to North,17400.0,17.4,75.494171,33.598332,545849.54,3717730.65,anantnag,2.3A
NH44-JK-PILOT,NH-44 Jammu-Srinagar Highway Pilot Corridor,Udhampur Pilot Sector,Banihal / Anantnag Sector,South to North,17500.0,17.5,75.49414,33.598081,545846.8,3717702.85,anantnag,2.3A
NH44-JK-PILOT,NH-44 Jammu-Srinagar Highway Pilot Corridor,Udhampur Pilot Sector,Banihal / Anantnag Sector,South to North,17600.0,17.6,75.493252,33.598576,545764.13,3717757.35,anantnag,2.3A
NH44-JK-PILOT,NH-44 Jammu-Srinagar Highway Pilot Corridor,Udhampur Pilot Sector,Banihal / Anantnag Sector,South to North,17700.0,17.7,75.492401,33.598997,545684.95,3717803.59,anantnag,2.3A
NH44-JK-PILOT,NH-44 Jammu-Srinagar Highway Pilot Corridor,Udhampur Pilot Sector,Banihal / Anantnag Sector,South to North,17800.0,17.8,75.491477,33.599087,545599.14,3717813.2,anantnag,2.3A
NH44-JK-PILOT,NH-44 Jammu-Srinagar Highway Pilot Corridor,Udhampur Pilot Sector,Banihal / Anantnag Sector,South to North,17900.0,17.9,75.490415,33.599032,545500.68,3717806.62,anantnag,2.3A
NH44-JK-PILOT,NH-44 Jammu-Srinagar Highway Pilot Corridor,Udhampur Pilot Sector,Banihal / Anantnag Sector,South to North,18000.0,18.0,75.489371,33.59924,545403.65,3717829.27,anantnag,2.3A
NH44-JK-PILOT,NH-44 Jammu-Srinagar Highway Pilot Corridor,Udhampur Pilot Sector,Banihal / Anantnag Sector,South to North,18100.0,18.1,75.488295,33.599284,545303.81,3717833.67,anantnag,2.3A
NH44-JK-PILOT,NH-44 Jammu-Srinagar Highway Pilot Corridor,Udhampur Pilot Sector,Banihal / Anantnag Sector,South to North,18200.0,18.2,75.487222,33.599199,545204.36,3717823.75,anantnag,2.3A
NH44-JK-PILOT,NH-44 Jammu-Srinagar Highway Pilot Corridor,Udhampur Pilot Sector,Banihal / Anantnag Sector,South to North,18300.0,18.3,75.486149,33.599206,545104.79,3717824.05,anantnag,2.3A
NH44-JK-PILOT,NH-44 Jammu-Srinagar Highway Pilot Corridor,Udhampur Pilot Sector,Banihal / Anantnag Sector,South to North,18400.0,18.4,75.485073,33.599241,545004.93,3717827.52,anantnag,2.3A
NH44-JK-PILOT,NH-44 Jammu-Srinagar Highway Pilot Corridor,Udhampur Pilot Sector,Banihal / Anantnag Sector,South to North,18500.0,18.5,75.484113,33.598904,544916.04,3717789.66,anantnag,2.3A
NH44-JK-PILOT,NH-44 Jammu-Srinagar Highway Pilot Corridor,Udhampur Pilot Sector,Banihal / Anantnag Sector,South to North,18600.0,18.6,75.483257,33.598364,544836.88,3717729.49,anantnag,2.3A
NH44-JK-PILOT,NH-44 Jammu-Srinagar Highway Pilot Corridor,Udhampur Pilot Sector,Banihal / Anantnag Sector,South to North,18700.0,18.7,75.482272,33.597999,544745.69,3717688.54,anantnag,2.3A
NH44-JK-PILOT,NH-44 Jammu-Srinagar Highway Pilot Corridor,Udhampur Pilot Sector,Banihal / Anantnag Sector,South to North,18800.0,18.8,75.481262,33.597791,544652.06,3717665.04,anantnag,2.3A
NH44-JK-PILOT,NH-44 Jammu-Srinagar Highway Pilot Corridor,Udhampur Pilot Sector,Banihal / Anantnag Sector,South to North,18900.0,18.9,75.480708,33.597026,544601.05,3717580.03,anantnag,2.3A
NH44-JK-PILOT,NH-44 Jammu-Srinagar Highway Pilot Corridor,Udhampur Pilot Sector,Banihal / Anantnag Sector,South to North,19000.0,19.0,75.479826,33.596511,544519.49,3717522.53,anantnag,2.3A
NH44-JK-PILOT,NH-44 Jammu-Srinagar Highway Pilot Corridor,Udhampur Pilot Sector,Banihal / Anantnag Sector,South to North,19100.0,19.1,75.479009,33.595936,544443.97,3717458.44,anantnag,2.3A
NH44-JK-PILOT,NH-44 Jammu-Srinagar Highway Pilot Corridor,Udhampur Pilot Sector,Banihal / Anantnag Sector,South to North,19200.0,19.2,75.478179,33.595375,544367.22,3717395.92,anantnag,2.3A
NH44-JK-PILOT,NH-44 Jammu-Srinagar Highway Pilot Corridor,Udhampur Pilot Sector,Banihal / Anantnag Sector,South to North,19300.0,19.3,75.477158,33.595383,544272.54,3717396.36,anantnag,2.3A
NH44-JK-PILOT,NH-44 Jammu-Srinagar Highway Pilot Corridor,Udhampur Pilot Sector,Banihal / Anantnag Sector,South to North,19400.0,19.4,75.476481,33.59582,544209.53,3717444.47,anantnag,2.3A
NH44-JK-PILOT,NH-44 Jammu-Srinagar Highway Pilot Corridor,Udhampur Pilot Sector,Banihal / Anantnag Sector,South to North,19500.0,19.5,75.477318,33.596295,544286.94,3717497.48,anantnag,2.3A
NH44-JK-PILOT,NH-44 Jammu-Srinagar Highway Pilot Corridor,Udhampur Pilot Sector,Banihal / Anantnag Sector,South to North,19600.0,19.6,75.478076,33.596878,544356.96,3717562.53,anantnag,2.3A
NH44-JK-PILOT,NH-44 Jammu-Srinagar Highway Pilot Corridor,Udhampur Pilot Sector,Banihal / Anantnag Sector,South to North,19700.0,19.7,75.478524,33.597687,544398.08,3717652.41,anantnag,2.3A
NH44-JK-PILOT,NH-44 Jammu-Srinagar Highway Pilot Corridor,Udhampur Pilot Sector,Banihal / Anantnag Sector,South to North,19800.0,19.8,75.478856,33.598493,544428.49,3717741.84,anantnag,2.3A
NH44-JK-PILOT,NH-44 Jammu-Srinagar Highway Pilot Corridor,Udhampur Pilot Sector,Banihal / Anantnag Sector,South to North,19900.0,19.9,75.478562,33.599346,544400.74,3717836.27,anantnag,2.3A
NH44-JK-PILOT,NH-44 Jammu-Srinagar Highway Pilot Corridor,Udhampur Pilot Sector,Banihal / Anantnag Sector,South to North,20000.0,20.0,75.477894,33.600008,544338.44,3717909.43,anantnag,2.3A
NH44-JK-PILOT,NH-44 Jammu-Srinagar Highway Pilot Corridor,Udhampur Pilot Sector,Banihal / Anantnag Sector,South to North,20100.0,20.1,75.478439,33.600738,544388.62,3717990.58,anantnag,2.3A
NH44-JK-PILOT,NH-44 Jammu-Srinagar Highway Pilot Corridor,Udhampur Pilot Sector,Banihal / Anantnag Sector,South to North,20200.0,20.2,75.479328,33.601203,544470.87,3718042.58,anantnag,2.3A
NH44-JK-PILOT,NH-44 Jammu-Srinagar Highway Pilot Corridor,Udhampur Pilot Sector,Banihal / Anantnag Sector,South to North,20300.0,20.3,75.479806,33.601794,544514.9,3718108.27,anantnag,2.3A
NH44-JK-PILOT,NH-44 Jammu-Srinagar Highway Pilot Corridor,Udhampur Pilot Sector,Banihal / Anantnag Sector,South to North,20400.0,20.4,75.479216,33.602498,544459.81,3718186.03,anantnag,2.3A
NH44-JK-PILOT,NH-44 Jammu-Srinagar Highway Pilot Corridor,Udhampur Pilot Sector,Banihal / Anantnag Sector,South to North,20500.0,20.5,75.478774,33.603292,544418.41,3718273.92,anantnag,2.3A
NH44-JK-PILOT,NH-44 Jammu-Srinagar Highway Pilot Corridor,Udhampur Pilot Sector,Banihal / Anantnag Sector,South to North,20600.0,20.6,75.477777,33.60353,544325.76,3718299.87,anantnag,2.3A
NH44-JK-PILOT,NH-44 Jammu-Srinagar Highway Pilot Corridor,Udhampur Pilot Sector,Banihal / Anantnag Sector,South to North,20700.0,20.7,75.476748,33.603721,544230.21,3718320.63,anantnag,2.3A
NH44-JK-PILOT,NH-44 Jammu-Srinagar Highway Pilot Corridor,Udhampur Pilot Sector,Banihal / Anantnag Sector,South to North,20800.0,20.8,75.476898,33.603504,544244.25,3718296.66,anantnag,2.3A
NH44-JK-PILOT,NH-44 Jammu-Srinagar Highway Pilot Corridor,Udhampur Pilot Sector,Banihal / Anantnag Sector,South to North,20900.0,20.9,75.477934,33.603316,544340.46,3718276.18,anantnag,2.3A
NH44-JK-PILOT,NH-44 Jammu-Srinagar Highway Pilot Corridor,Udhampur Pilot Sector,Banihal / Anantnag Sector,South to North,21000.0,21.0,75.478588,33.602752,544401.47,3718214.0,anantnag,2.3A
NH44-JK-PILOT,NH-44 Jammu-Srinagar Highway Pilot Corridor,Udhampur Pilot Sector,Banihal / Anantnag Sector,South to North,21100.0,21.1,75.479097,33.602024,544449.02,3718133.45,anantnag,2.3A
NH44-JK-PILOT,NH-44 Jammu-Srinagar Highway Pilot Corridor,Udhampur Pilot Sector,Banihal / Anantnag Sector,South to North,21200.0,21.2,75.478448,33.601405,544389.1,3718064.54,anantnag,2.3A
NH44-JK-PILOT,NH-44 Jammu-Srinagar Highway Pilot Corridor,Udhampur Pilot Sector,Banihal / Anantnag Sector,South to North,21300.0,21.3,75.477654,33.600863,544315.79,3718004.08,anantnag,2.3A
NH44-JK-PILOT,NH-44 Jammu-Srinagar Highway Pilot Corridor,Udhampur Pilot Sector,Banihal / Anantnag Sector,South to North,21400.0,21.4,75.476798,33.600339,544236.62,3717945.64,anantnag,2.3A
NH44-JK-PILOT,NH-44 Jammu-Srinagar Highway Pilot Corridor,Udhampur Pilot Sector,Banihal / Anantnag Sector,South to North,21500.0,21.5,75.476477,33.599731,544207.17,3717878.1,anantnag,2.3A
NH44-JK-PILOT,NH-44 Jammu-Srinagar Highway Pilot Corridor,Udhampur Pilot Sector,Banihal / Anantnag Sector,South to North,21600.0,21.6,75.477315,33.599172,544285.16,3717816.54,anantnag,2.3A
NH44-JK-PILOT,NH-44 Jammu-Srinagar Highway Pilot Corridor,Udhampur Pilot Sector,Banihal / Anantnag Sector,South to North,21700.0,21.7,75.47747,33.598378,544299.98,3717728.57,anantnag,2.3A
NH44-JK-PILOT,NH-44 Jammu-Srinagar Highway Pilot Corridor,Udhampur Pilot Sector,Banihal / Anantnag Sector,South to North,21800.0,21.8,75.476903,33.5977,544247.7,3717653.13,anantnag,2.3A
NH44-JK-PILOT,NH-44 Jammu-Srinagar Highway Pilot Corridor,Udhampur Pilot Sector,Banihal / Anantnag Sector,South to North,21900.0,21.9,75.476064,33.597314,544170.02,3717610.01,anantnag,2.3A
NH44-JK-PILOT,NH-44 Jammu-Srinagar Highway Pilot Corridor,Udhampur Pilot Sector,Banihal / Anantnag Sector,South to North,22000.0,22.0,75.475329,33.596797,544102.13,3717552.28,anantnag,2.3A
NH44-JK-PILOT,NH-44 Jammu-Srinagar Highway Pilot Corridor,Udhampur Pilot Sector,Banihal / Anantnag Sector,South to North,22100.0,22.1,75.474656,33.596207,544039.94,3717486.6,anantnag,2.3A
NH44-JK-PILOT,NH-44 Jammu-Srinagar Highway Pilot Corridor,Udhampur Pilot Sector,Banihal / Anantnag Sector,South to North,22200.0,22.2,75.473599,33.596335,543941.85,3717500.37,anantnag,2.3A
NH44-JK-PILOT,NH-44 Jammu-Srinagar Highway Pilot Corridor,Udhampur Pilot Sector,Banihal / Anantnag Sector,South to North,22300.0,22.3,75.472552,33.596513,543844.57,3717519.64,anantnag,2.3A
NH44-JK-PILOT,NH-44 Jammu-Srinagar Highway Pilot Corridor,Udhampur Pilot Sector,Banihal / Anantnag Sector,South to North,22400.0,22.4,75.471758,33.59593,543771.18,3717454.73,anantnag,2.3A
NH44-JK-PILOT,NH-44 Jammu-Srinagar Highway Pilot Corridor,Udhampur Pilot Sector,Banihal / Anantnag Sector,South to North,22500.0,22.5,75.471641,33.595045,543760.77,3717356.54,anantnag,2.3A
NH44-JK-PILOT,NH-44 Jammu-Srinagar Highway Pilot Corridor,Udhampur Pilot Sector,Banihal / Anantnag Sector,South to North,22600.0,22.6,75.47138,33.594332,543736.97,3717277.37,anantnag,2.3A
NH44-JK-PILOT,NH-44 Jammu-Srinagar Highway Pilot Corridor,Udhampur Pilot Sector,Banihal / Anantnag Sector,South to North,22700.0,22.7,75.471472,33.593438,543745.94,3717178.23,anantnag,2.3A
NH44-JK-PILOT,NH-44 Jammu-Srinagar Highway Pilot Corridor,Udhampur Pilot Sector,Banihal / Anantnag Sector,South to North,22800.0,22.8,75.472216,33.592947,543815.22,3717124.1,anantnag,2.3A
NH44-JK-PILOT,NH-44 Jammu-Srinagar Highway Pilot Corridor,Udhampur Pilot Sector,Banihal / Anantnag Sector,South to North,22900.0,22.9,75.473233,33.593081,543909.53,3717139.45,anantnag,2.3A
NH44-JK-PILOT,NH-44 Jammu-Srinagar Highway Pilot Corridor,Udhampur Pilot Sector,Banihal / Anantnag Sector,South to North,23000.0,23.0,75.47425,33.5928,544004.02,3717108.67,anantnag,2.3A
NH44-JK-PILOT,NH-44 Jammu-Srinagar Highway Pilot Corridor,Udhampur Pilot Sector,Banihal / Anantnag Sector,South to North,23100.0,23.1,75.475293,33.592627,544100.92,3717089.97,anantnag,2.3A
NH44-JK-PILOT,NH-44 Jammu-Srinagar Highway Pilot Corridor,Udhampur Pilot Sector,Banihal / Anantnag Sector,South to North,23200.0,23.2,75.476306,33.592559,544194.92,3717082.86,anantnag,2.3A
NH44-JK-PILOT,NH-44 Jammu-Srinagar Highway Pilot Corridor,Udhampur Pilot Sector,Banihal / Anantnag Sector,South to North,23300.0,23.3,75.47731,33.59232,544288.2,3717056.83,anantnag,2.3A
NH44-JK-PILOT,NH-44 Jammu-Srinagar Highway Pilot Corridor,Udhampur Pilot Sector,Banihal / Anantnag Sector,South to North,23400.0,23.4,75.478277,33.592138,544378.03,3717037.08,anantnag,2.3A
NH44-JK-PILOT,NH-44 Jammu-Srinagar Highway Pilot Corridor,Udhampur Pilot Sector,Banihal / Anantnag Sector,South to North,23500.0,23.5,75.479171,33.592329,544460.87,3717058.6,anantnag,2.3A
NH44-JK-PILOT,NH-44 Jammu-Srinagar Highway Pilot Corridor,Udhampur Pilot Sector,Banihal / Anantnag Sector,South to North,23600.0,23.6,75.480005,33.592893,544537.94,3717121.44,anantnag,2.3A
NH44-JK-PILOT,NH-44 Jammu-Srinagar Highway Pilot Corridor,Udhampur Pilot Sector,Banihal / Anantnag Sector,South to North,23700.0,23.7,75.480901,33.59338,544620.88,3717175.83,anantnag,2.3A
NH44-JK-PILOT,NH-44 Jammu-Srinagar Highway Pilot Corridor,Udhampur Pilot Sector,Banihal / Anantnag Sector,South to North,23800.0,23.8,75.481656,33.594022,544690.57,3717247.36,anantnag,2.3A
NH44-JK-PILOT,NH-44 Jammu-Srinagar Highway Pilot Corridor,Udhampur Pilot Sector,Banihal / Anantnag Sector,South to North,23900.0,23.9,75.481385,33.593534,544665.71,3717193.14,anantnag,2.3A
NH44-JK-PILOT,NH-44 Jammu-Srinagar Highway Pilot Corridor,Udhampur Pilot Sector,Banihal / Anantnag Sector,South to North,24000.0,24.0,75.480579,33.592937,544591.17,3717126.59,anantnag,2.3A
NH44-JK-PILOT,NH-44 Jammu-Srinagar Highway Pilot Corridor,Udhampur Pilot Sector,Banihal / Anantnag Sector,South to North,24100.0,24.1,75.479752,33.592361,544514.76,3717062.34,anantnag,2.3A
NH44-JK-PILOT,NH-44 Jammu-Srinagar Highway Pilot Corridor,Udhampur Pilot Sector,Banihal / Anantnag Sector,South to North,24200.0,24.2,75.479047,33.591695,544449.67,3716988.3,anantnag,2.3A
NH44-JK-PILOT,NH-44 Jammu-Srinagar Highway Pilot Corridor,Udhampur Pilot Sector,Banihal / Anantnag Sector,South to North,24300.0,24.3,75.478021,33.591889,544354.44,3717009.26,anantnag,2.3A
NH44-JK-PILOT,NH-44 Jammu-Srinagar Highway Pilot Corridor,Udhampur Pilot Sector,Banihal / Anantnag Sector,South to North,24400.0,24.4,75.477005,33.591782,544260.21,3716997.06,anantnag,2.3A
NH44-JK-PILOT,NH-44 Jammu-Srinagar Highway Pilot Corridor,Udhampur Pilot Sector,Banihal / Anantnag Sector,South to North,24500.0,24.5,75.475961,33.591995,544163.16,3717020.21,anantnag,2.3A
NH44-JK-PILOT,NH-44 Jammu-Srinagar Highway Pilot Corridor,Udhampur Pilot Sector,Banihal / Anantnag Sector,South to North,24600.0,24.6,75.47489,33.592004,544063.81,3717020.73,anantnag,2.3A
NH44-JK-PILOT,NH-44 Jammu-Srinagar Highway Pilot Corridor,Udhampur Pilot Sector,Banihal / Anantnag Sector,South to North,24700.0,24.7,75.47383,33.592102,543965.44,3717031.09,anantnag,2.3A
NH44-JK-PILOT,NH-44 Jammu-Srinagar Highway Pilot Corridor,Udhampur Pilot Sector,Banihal / Anantnag Sector,South to North,24800.0,24.8,75.472763,33.592036,543866.45,3717023.37,anantnag,2.3A
NH44-JK-PILOT,NH-44 Jammu-Srinagar Highway Pilot Corridor,Udhampur Pilot Sector,Banihal / Anantnag Sector,South to North,24900.0,24.9,75.471775,33.591801,543774.87,3716996.93,anantnag,2.3A
NH44-JK-PILOT,NH-44 Jammu-Srinagar Highway Pilot Corridor,Udhampur Pilot Sector,Banihal / Anantnag Sector,South to North,25000.0,25.0,75.4708,33.592135,543684.25,3717033.52,anantnag,2.3A
NH44-JK-PILOT,NH-44 Jammu-Srinagar Highway Pilot Corridor,Udhampur Pilot Sector,Banihal / Anantnag Sector,South to North,25100.0,25.1,75.470033,33.59253,543612.91,3717076.95,anantnag,2.3A
NH44-JK-PILOT,NH-44 Jammu-Srinagar Highway Pilot Corridor,Udhampur Pilot Sector,Banihal / Anantnag Sector,South to North,25200.0,25.2,75.469858,33.59341,543596.19,3717174.5,anantnag,2.3A
NH44-JK-PILOT,NH-44 Jammu-Srinagar Highway Pilot Corridor,Udhampur Pilot Sector,Banihal / Anantnag Sector,South to North,25300.0,25.3,75.468919,33.593734,543508.93,3717210.0,anantnag,2.3A
NH44-JK-PILOT,NH-44 Jammu-Srinagar Highway Pilot Corridor,Udhampur Pilot Sector,Banihal / Anantnag Sector,South to North,25400.0,25.4,75.468492,33.594552,543468.87,3717300.51,anantnag,2.3A
NH44-JK-PILOT,NH-44 Jammu-Srinagar Highway Pilot Corridor,Udhampur Pilot Sector,Banihal / Anantnag Sector,South to North,25500.0,25.5,75.468518,33.595438,543470.88,3717398.79,anantnag,2.3A
NH44-JK-PILOT,NH-44 Jammu-Srinagar Highway Pilot Corridor,Udhampur Pilot Sector,Banihal / Anantnag Sector,South to North,25600.0,25.6,75.469114,33.595847,543525.96,3717444.34,anantnag,2.3A
NH44-JK-PILOT,NH-44 Jammu-Srinagar Highway Pilot Corridor,Udhampur Pilot Sector,Banihal / Anantnag Sector,South to North,25700.0,25.7,75.468302,33.595323,543450.83,3717385.95,anantnag,2.3A
NH44-JK-PILOT,NH-44 Jammu-Srinagar Highway Pilot Corridor,Udhampur Pilot Sector,Banihal / Anantnag Sector,South to North,25800.0,25.8,75.468218,33.59443,543443.56,3717286.86,anantnag,2.3A
NH44-JK-PILOT,NH-44 Jammu-Srinagar Highway Pilot Corridor,Udhampur Pilot Sector,Banihal / Anantnag Sector,South to North,25900.0,25.9,75.468452,33.593558,543465.63,3717190.29,anantnag,2.3A
NH44-JK-PILOT,NH-44 Jammu-Srinagar Highway Pilot Corridor,Udhampur Pilot Sector,Banihal / Anantnag Sector,South to North,26000.0,26.0,75.469171,33.592923,543532.72,3717120.15,anantnag,2.3A
NH44-JK-PILOT,NH-44 Jammu-Srinagar Highway Pilot Corridor,Udhampur Pilot Sector,Banihal / Anantnag Sector,South to North,26100.0,26.1,75.468549,33.592306,543475.31,3717051.56,anantnag,2.3A
NH44-JK-PILOT,NH-44 Jammu-Srinagar Highway Pilot Corridor,Udhampur Pilot Sector,Banihal / Anantnag Sector,South to North,26200.0,26.2,75.469202,33.59173,543536.13,3716987.91,anantnag,2.3A
NH44-JK-PILOT,NH-44 Jammu-Srinagar Highway Pilot Corridor,Udhampur Pilot Sector,Banihal / Anantnag Sector,South to North,26300.0,26.3,75.470195,33.591443,543628.44,3716956.53,anantnag,2.3A
NH44-JK-PILOT,NH-44 Jammu-Srinagar Highway Pilot Corridor,Udhampur Pilot Sector,Banihal / Anantnag Sector,South to North,26400.0,26.4,75.471059,33.590923,543708.86,3716899.3,anantnag,2.3A
NH44-JK-PILOT,NH-44 Jammu-Srinagar Highway Pilot Corridor,Udhampur Pilot Sector,Banihal / Anantnag Sector,South to North,26500.0,26.5,75.472116,33.590791,543807.03,3716885.09,anantnag,2.3A
NH44-JK-PILOT,NH-44 Jammu-Srinagar Highway Pilot Corridor,Udhampur Pilot Sector,Banihal / Anantnag Sector,South to North,26600.0,26.6,75.473148,33.590541,543902.95,3716857.8,anantnag,2.3A
NH44-JK-PILOT,NH-44 Jammu-Srinagar Highway Pilot Corridor,Udhampur Pilot Sector,Banihal / Anantnag Sector,South to North,26700.0,26.7,75.474218,33.590465,544002.23,3716849.76,anantnag,2.3A
NH44-JK-PILOT,NH-44 Jammu-Srinagar Highway Pilot Corridor,Udhampur Pilot Sector,Banihal / Anantnag Sector,South to North,26800.0,26.8,75.475017,33.590097,544076.57,3716809.35,anantnag,2.3A
NH44-JK-PILOT,NH-44 Jammu-Srinagar Highway Pilot Corridor,Udhampur Pilot Sector,Banihal / Anantnag Sector,South to North,26900.0,26.9,75.474004,33.590229,543982.51,3716823.52,anantnag,2.3A
NH44-JK-PILOT,NH-44 Jammu-Srinagar Highway Pilot Corridor,Udhampur Pilot Sector,Banihal / Anantnag Sector,South to North,27000.0,27.0,75.472933,33.59026,543883.11,3716826.51,anantnag,2.3A
NH44-JK-PILOT,NH-44 Jammu-Srinagar Highway Pilot Corridor,Udhampur Pilot Sector,Banihal / Anantnag Sector,South to North,27100.0,27.1,75.471892,33.590484,543786.38,3716850.87,anantnag,2.3A
NH44-JK-PILOT,NH-44 Jammu-Srinagar Highway Pilot Corridor,Udhampur Pilot Sector,Banihal / Anantnag Sector,South to North,27200.0,27.2,75.470832,33.590583,543688.01,3716861.41,anantnag,2.3A
NH44-JK-PILOT,NH-44 Jammu-Srinagar Highway Pilot Corridor,Udhampur Pilot Sector,Banihal / Anantnag Sector,South to North,27300.0,27.3,75.469833,33.590874,543595.19,3716893.29,anantnag,2.3A
NH44-JK-PILOT,NH-44 Jammu-Srinagar Highway Pilot Corridor,Udhampur Pilot Sector,Banihal / Anantnag Sector,South to North,27400.0,27.4,75.468804,33.591095,543499.52,3716917.34,anantnag,2.3A
NH44-JK-PILOT,NH-44 Jammu-Srinagar Highway Pilot Corridor,Udhampur Pilot Sector,Banihal / Anantnag Sector,South to North,27500.0,27.5,75.467798,33.591397,543406.08,3716950.43,anantnag,2.3A
NH44-JK-PILOT,NH-44 Jammu-Srinagar Highway Pilot Corridor,Udhampur Pilot Sector,Banihal / Anantnag Sector,South to North,27600.0,27.6,75.46708,33.59186,543339.19,3717001.44,anantnag,2.3A
NH44-JK-PILOT,NH-44 Jammu-Srinagar Highway Pilot Corridor,Udhampur Pilot Sector,Banihal / Anantnag Sector,South to North,27700.0,27.7,75.467123,33.592619,543342.79,3717085.61,anantnag,2.3A
NH44-JK-PILOT,NH-44 Jammu-Srinagar Highway Pilot Corridor,Udhampur Pilot Sector,Banihal / Anantnag Sector,South to North,27800.0,27.8,75.466196,33.593037,543256.59,3717131.55,anantnag,2.3A
NH44-JK-PILOT,NH-44 Jammu-Srinagar Highway Pilot Corridor,Udhampur Pilot Sector,Banihal / Anantnag Sector,South to North,27900.0,27.9,75.465707,33.593826,543210.79,3717218.86,anantnag,2.3A
NH44-JK-PILOT,NH-44 Jammu-Srinagar Highway Pilot Corridor,Udhampur Pilot Sector,Banihal / Anantnag Sector,South to North,28000.0,28.0,75.465851,33.594689,543223.76,3717314.58,anantnag,2.3A
NH44-JK-PILOT,NH-44 Jammu-Srinagar Highway Pilot Corridor,Udhampur Pilot Sector,Banihal / Anantnag Sector,South to North,28100.0,28.1,75.465146,33.595277,543158.04,3717379.55,anantnag,2.3A
NH44-JK-PILOT,NH-44 Jammu-Srinagar Highway Pilot Corridor,Udhampur Pilot Sector,Banihal / Anantnag Sector,South to North,28200.0,28.2,75.465808,33.595964,543219.11,3717455.91,anantnag,2.3A
NH44-JK-PILOT,NH-44 Jammu-Srinagar Highway Pilot Corridor,Udhampur Pilot Sector,Banihal / Anantnag Sector,South to North,28300.0,28.3,75.465638,33.596364,543203.21,3717500.26,anantnag,2.3A
NH44-JK-PILOT,NH-44 Jammu-Srinagar Highway Pilot Corridor,Udhampur Pilot Sector,Banihal / Anantnag Sector,South to North,28400.0,28.4,75.465123,33.595656,543155.77,3717421.52,anantnag,2.3A
NH44-JK-PILOT,NH-44 Jammu-Srinagar Highway Pilot Corridor,Udhampur Pilot Sector,Banihal / Anantnag Sector,South to North,28500.0,28.5,75.46487,33.59492,543132.59,3717339.75,anantnag,2.3A
NH44-JK-PILOT,NH-44 Jammu-Srinagar Highway Pilot Corridor,Udhampur Pilot Sector,Banihal / Anantnag Sector,South to North,28600.0,28.6,75.465044,33.594188,543149.17,3717258.67,anantnag,2.3A
NH44-JK-PILOT,NH-44 Jammu-Srinagar Highway Pilot Corridor,Udhampur Pilot Sector,Banihal / Anantnag Sector,South to North,28700.0,28.7,75.465243,33.593305,543168.04,3717160.9,anantnag,2.3A
NH44-JK-PILOT,NH-44 Jammu-Srinagar Highway Pilot Corridor,Udhampur Pilot Sector,Banihal / Anantnag Sector,South to North,28800.0,28.8,75.465644,33.59247,543205.62,3717068.55,anantnag,2.3A
NH44-JK-PILOT,NH-44 Jammu-Srinagar Highway Pilot Corridor,Udhampur Pilot Sector,Banihal / Anantnag Sector,South to North,28900.0,28.9,75.465871,33.5916,543227.16,3716972.14,anantnag,2.3A
NH44-JK-PILOT,NH-44 Jammu-Srinagar Highway Pilot Corridor,Udhampur Pilot Sector,Banihal / Anantnag Sector,South to North,29000.0,29.0,75.465526,33.591878,543195.03,3717002.8,anantnag,2.3A
NH44-JK-PILOT,NH-44 Jammu-Srinagar Highway Pilot Corridor,Udhampur Pilot Sector,Banihal / Anantnag Sector,South to North,29100.0,29.1,75.465125,33.592715,543157.36,3717095.4,anantnag,2.3A
NH44-JK-PILOT,NH-44 Jammu-Srinagar Highway Pilot Corridor,Udhampur Pilot Sector,Banihal / Anantnag Sector,South to North,29200.0,29.2,75.464678,33.593533,543115.54,3717185.93,anantnag,2.3A
NH44-JK-PILOT,NH-44 Jammu-Srinagar Highway Pilot Corridor,Udhampur Pilot Sector,Banihal / Anantnag Sector,South to North,29300.0,29.3,75.464369,33.594383,543086.41,3717280.01,anantnag,2.3A
NH44-JK-PILOT,NH-44 Jammu-Srinagar Highway Pilot Corridor,Udhampur Pilot Sector,Banihal / Anantnag Sector,South to North,29400.0,29.4,75.463678,33.595045,543021.94,3717353.12,anantnag,2.3A
NH44-JK-PILOT,NH-44 Jammu-Srinagar Highway Pilot Corridor,Udhampur Pilot Sector,Banihal / Anantnag Sector,South to North,29500.0,29.5,75.464014,33.595615,543052.84,3717416.5,anantnag,2.3A
NH44-JK-PILOT,NH-44 Jammu-Srinagar Highway Pilot Corridor,Udhampur Pilot Sector,Banihal / Anantnag Sector,South to North,29600.0,29.6,75.464353,33.596452,543083.93,3717509.4,anantnag,2.3A
NH44-JK-PILOT,NH-44 Jammu-Srinagar Highway Pilot Corridor,Udhampur Pilot Sector,Banihal / Anantnag Sector,South to North,29700.0,29.7,75.464717,33.597087,543117.31,3717580.0,anantnag,2.3A
NH44-JK-PILOT,NH-44 Jammu-Srinagar Highway Pilot Corridor,Udhampur Pilot Sector,Banihal / Anantnag Sector,South to North,29800.0,29.8,75.465609,33.597589,543199.84,3717636.07,anantnag,2.3A
NH44-JK-PILOT,NH-44 Jammu-Srinagar Highway Pilot Corridor,Udhampur Pilot Sector,Banihal / Anantnag Sector,South to North,29900.0,29.9,75.465481,33.597925,543187.84,3717673.21,anantnag,2.3A
NH44-JK-PILOT,NH-44 Jammu-Srinagar Highway Pilot Corridor,Udhampur Pilot Sector,Banihal / Anantnag Sector,South to North,30000.0,30.0,75.464408,33.597868,543088.32,3717666.46,anantnag,2.3A
NH44-JK-PILOT,NH-44 Jammu-Srinagar Highway Pilot Corridor,Udhampur Pilot Sector,Banihal / Anantnag Sector,South to North,30100.0,30.1,75.463461,33.598129,543000.26,3717695.05,anantnag,2.3A
NH44-JK-PILOT,NH-44 Jammu-Srinagar Highway Pilot Corridor,Udhampur Pilot Sector,Banihal / Anantnag Sector,South to North,30200.0,30.2,75.462832,33.598652,542941.64,3717752.69,anantnag,2.3A
NH44-JK-PILOT,NH-44 Jammu-Srinagar Highway Pilot Corridor,Udhampur Pilot Sector,Banihal / Anantnag Sector,South to North,30300.0,30.3,75.462137,33.599307,542876.89,3717825.02,anantnag,2.3A
NH44-JK-PILOT,NH-44 Jammu-Srinagar Highway Pilot Corridor,Udhampur Pilot Sector,Banihal / Anantnag Sector,South to North,30400.0,30.4,75.461471,33.60001,542814.75,3717902.72,anantnag,2.3A
NH44-JK-PILOT,NH-44 Jammu-Srinagar Highway Pilot Corridor,Udhampur Pilot Sector,Banihal / Anantnag Sector,South to North,30500.0,30.5,75.460512,33.600406,542725.6,3717946.3,anantnag,2.3A
NH44-JK-PILOT,NH-44 Jammu-Srinagar Highway Pilot Corridor,Udhampur Pilot Sector,Banihal / Anantnag Sector,South to North,30600.0,30.6,75.459469,33.600538,542628.76,3717960.45,anantnag,2.3A
NH44-JK-PILOT,NH-44 Jammu-Srinagar Highway Pilot Corridor,Udhampur Pilot Sector,Banihal / Anantnag Sector,South to North,30700.0,30.7,75.459869,33.601338,542665.48,3718049.28,anantnag,2.3A
NH44-JK-PILOT,NH-44 Jammu-Srinagar Highway Pilot Corridor,Udhampur Pilot Sector,Banihal / Anantnag Sector,South to North,30800.0,30.8,75.460008,33.602232,542677.92,3718148.45,anantnag,2.3A
NH44-JK-PILOT,NH-44 Jammu-Srinagar Highway Pilot Corridor,Udhampur Pilot Sector,Banihal / Anantnag Sector,South to North,30900.0,30.9,75.459911,33.603119,542668.5,3718246.75,anantnag,2.3A
NH44-JK-PILOT,NH-44 Jammu-Srinagar Highway Pilot Corridor,Udhampur Pilot Sector,Banihal / Anantnag Sector,South to North,31000.0,31.0,75.460022,33.60382,542678.43,3718324.58,anantnag,2.3A
NH44-JK-PILOT,NH-44 Jammu-Srinagar Highway Pilot Corridor,Udhampur Pilot Sector,Banihal / Anantnag Sector,South to North,31100.0,31.1,75.460803,33.604417,542750.55,3718391.02,anantnag,2.3A
NH44-JK-PILOT,NH-44 Jammu-Srinagar Highway Pilot Corridor,Udhampur Pilot Sector,Banihal / Anantnag Sector,South to North,31200.0,31.2,75.460209,33.604872,542695.23,3718441.32,anantnag,2.3A
NH44-JK-PILOT,NH-44 Jammu-Srinagar Highway Pilot Corridor,Udhampur Pilot Sector,Banihal / Anantnag Sector,South to North,31300.0,31.3,75.460319,33.60422,542705.75,3718369.06,anantnag,2.3A
NH44-JK-PILOT,NH-44 Jammu-Srinagar Highway Pilot Corridor,Udhampur Pilot Sector,Banihal / Anantnag Sector,South to North,31400.0,31.4,75.45937,33.603821,542617.91,3718324.38,anantnag,2.3A
NH44-JK-PILOT,NH-44 Jammu-Srinagar Highway Pilot Corridor,Udhampur Pilot Sector,Banihal / Anantnag Sector,South to North,31500.0,31.5,75.459328,33.602955,542614.48,3718228.36,anantnag,2.3A
NH44-JK-PILOT,NH-44 Jammu-Srinagar Highway Pilot Corridor,Udhampur Pilot Sector,Banihal / Anantnag Sector,South to North,31600.0,31.6,75.459151,33.602065,542598.48,3718129.68,anantnag,2.3A
NH44-JK-PILOT,NH-44 Jammu-Srinagar Highway Pilot Corridor,Udhampur Pilot Sector,Banihal / Anantnag Sector,South to North,31700.0,31.7,75.458853,33.60173,542570.99,3718092.36,anantnag,2.3A
NH44-JK-PILOT,NH-44 Jammu-Srinagar Highway Pilot Corridor,Udhampur Pilot Sector,Banihal / Anantnag Sector,South to North,31800.0,31.8,75.458926,33.602625,542577.35,3718191.65,anantnag,2.3A
NH44-JK-PILOT,NH-44 Jammu-Srinagar Highway Pilot Corridor,Udhampur Pilot Sector,Banihal / Anantnag Sector,South to North,31900.0,31.9,75.458854,33.603525,542570.2,3718291.38,anantnag,2.3A
NH44-JK-PILOT,NH-44 Jammu-Srinagar Highway Pilot Corridor,Udhampur Pilot Sector,Banihal / Anantnag Sector,South to North,32000.0,32.0,75.458902,33.60438,542574.25,3718386.19,anantnag,2.3A
NH44-JK-PILOT,NH-44 Jammu-Srinagar Highway Pilot Corridor,Udhampur Pilot Sector,Banihal / Anantnag Sector,South to North,32100.0,32.1,75.458131,33.604927,542502.45,3718446.55,anantnag,2.3A
NH44-JK-PILOT,NH-44 Jammu-Srinagar Highway Pilot Corridor,Udhampur Pilot Sector,Banihal / Anantnag Sector,South to North,32200.0,32.2,75.457342,33.605494,542428.98,3718509.06,anantnag,2.3A
NH44-JK-PILOT,NH-44 Jammu-Srinagar Highway Pilot Corridor,Udhampur Pilot Sector,Banihal / Anantnag Sector,South to North,32300.0,32.3,75.456597,33.606132,542359.5,3718579.45,anantnag,2.3A
NH44-JK-PILOT,NH-44 Jammu-Srinagar Highway Pilot Corridor,Udhampur Pilot Sector,Banihal / Anantnag Sector,South to North,32400.0,32.4,75.45642,33.606832,542342.81,3718657.02,anantnag,2.3A
NH44-JK-PILOT,NH-44 Jammu-Srinagar Highway Pilot Corridor,Udhampur Pilot Sector,Banihal / Anantnag Sector,South to North,32500.0,32.5,75.456716,33.60769,542369.8,3718752.29,anantnag,2.3A
NH44-JK-PILOT,NH-44 Jammu-Srinagar Highway Pilot Corridor,Udhampur Pilot Sector,Banihal / Anantnag Sector,South to North,32600.0,32.6,75.456205,33.608461,542322.0,3718837.55,anantnag,2.3A
NH44-JK-PILOT,NH-44 Jammu-Srinagar Highway Pilot Corridor,Udhampur Pilot Sector,Banihal / Anantnag Sector,South to North,32700.0,32.7,75.45564,33.609047,542269.37,3718902.28,anantnag,2.3A
NH44-JK-PILOT,NH-44 Jammu-Srinagar Highway Pilot Corridor,Udhampur Pilot Sector,Banihal / Anantnag Sector,South to North,32800.0,32.8,75.454574,33.608924,542170.48,3718888.26,anantnag,2.3A
NH44-JK-PILOT,NH-44 Jammu-Srinagar Highway Pilot Corridor,Udhampur Pilot Sector,Banihal / Anantnag Sector,South to North,32900.0,32.9,75.453591,33.608594,542079.47,3718851.29,anantnag,2.3A
NH44-JK-PILOT,NH-44 Jammu-Srinagar Highway Pilot Corridor,Udhampur Pilot Sector,Banihal / Anantnag Sector,South to North,33000.0,33.0,75.452547,33.608415,541982.69,3718830.94,anantnag,2.3A
NH44-JK-PILOT,NH-44 Jammu-Srinagar Highway Pilot Corridor,Udhampur Pilot Sector,Banihal / Anantnag Sector,South to North,33100.0,33.1,75.451622,33.607966,541897.07,3718780.85,anantnag,2.3A
NH44-JK-PILOT,NH-44 Jammu-Srinagar Highway Pilot Corridor,Udhampur Pilot Sector,Banihal / Anantnag Sector,South to North,33200.0,33.2,75.450564,33.608105,541798.85,3718795.8,anantnag,2.3A
NH44-JK-PILOT,NH-44 Jammu-Srinagar Highway Pilot Corridor,Udhampur Pilot Sector,Banihal / Anantnag Sector,South to North,33300.0,33.3,75.449937,33.608681,541740.45,3718859.42,anantnag,2.3A
NH44-JK-PILOT,NH-44 Jammu-Srinagar Highway Pilot Corridor,Udhampur Pilot Sector,Banihal / Anantnag Sector,South to North,33400.0,33.4,75.449229,33.609197,541674.49,3718916.33,anantnag,2.3A
NH44-JK-PILOT,NH-44 Jammu-Srinagar Highway Pilot Corridor,Udhampur Pilot Sector,Banihal / Anantnag Sector,South to North,33500.0,33.5,75.448319,33.609085,541590.15,3718903.5,anantnag,2.3A
NH44-JK-PILOT,NH-44 Jammu-Srinagar Highway Pilot Corridor,Udhampur Pilot Sector,Banihal / Anantnag Sector,South to North,33600.0,33.6,75.448369,33.608866,541594.87,3718879.32,anantnag,2.3A
NH44-JK-PILOT,NH-44 Jammu-Srinagar Highway Pilot Corridor,Udhampur Pilot Sector,Banihal / Anantnag Sector,South to North,33700.0,33.7,75.449358,33.608619,541686.75,3718852.34,anantnag,2.3A
NH44-JK-PILOT,NH-44 Jammu-Srinagar Highway Pilot Corridor,Udhampur Pilot Sector,Banihal / Anantnag Sector,South to North,33800.0,33.8,75.449753,33.607783,541723.83,3718759.75,anantnag,2.3A
NH44-JK-PILOT,NH-44 Jammu-Srinagar Highway Pilot Corridor,Udhampur Pilot Sector,Banihal / Anantnag Sector,South to North,33900.0,33.9,75.449739,33.607043,541722.83,3718677.68,anantnag,2.3A
NH44-JK-PILOT,NH-44 Jammu-Srinagar Highway Pilot Corridor,Udhampur Pilot Sector,Banihal / Anantnag Sector,South to North,34000.0,34.0,75.449165,33.607774,541669.28,3718758.48,anantnag,2.3A
NH44-JK-PILOT,NH-44 Jammu-Srinagar Highway Pilot Corridor,Udhampur Pilot Sector,Banihal / Anantnag Sector,South to North,34100.0,34.1,75.448433,33.608407,541601.03,3718828.41,anantnag,2.3A
NH44-JK-PILOT,NH-44 Jammu-Srinagar Highway Pilot Corridor,Udhampur Pilot Sector,Banihal / Anantnag Sector,South to North,34200.0,34.2,75.447499,33.608846,541514.16,3718876.75,anantnag,2.3A
NH44-JK-PILOT,NH-44 Jammu-Srinagar Highway Pilot Corridor,Udhampur Pilot Sector,Banihal / Anantnag Sector,South to North,34300.0,34.3,75.446492,33.609166,541420.59,3718911.8,anantnag,2.3A
NH44-JK-PILOT,NH-44 Jammu-Srinagar Highway Pilot Corridor,Udhampur Pilot Sector,Banihal / Anantnag Sector,South to North,34400.0,34.4,75.44553,33.609553,541331.19,3718954.33,anantnag,2.3A
NH44-JK-PILOT,NH-44 Jammu-Srinagar Highway Pilot Corridor,Udhampur Pilot Sector,Banihal / Anantnag Sector,South to North,34500.0,34.5,75.444514,33.609823,541236.78,3718983.86,anantnag,2.3A
NH44-JK-PILOT,NH-44 Jammu-Srinagar Highway Pilot Corridor,Udhampur Pilot Sector,Banihal / Anantnag Sector,South to North,34600.0,34.6,75.443683,33.610389,541159.46,3719046.24,anantnag,2.3A
NH44-JK-PILOT,NH-44 Jammu-Srinagar Highway Pilot Corridor,Udhampur Pilot Sector,Banihal / Anantnag Sector,South to North,34700.0,34.7,75.442782,33.610835,541075.6,3719095.39,anantnag,2.3A
NH44-JK-PILOT,NH-44 Jammu-Srinagar Highway Pilot Corridor,Udhampur Pilot Sector,Banihal / Anantnag Sector,South to North,34800.0,34.8,75.441784,33.61106,540982.94,3719119.89,anantnag,2.3A
NH44-JK-PILOT,NH-44 Jammu-Srinagar Highway Pilot Corridor,Udhampur Pilot Sector,Banihal / Anantnag Sector,South to North,34900.0,34.9,75.440836,33.611483,540894.79,3719166.42,anantnag,2.3A
NH44-JK-PILOT,NH-44 Jammu-Srinagar Highway Pilot Corridor,Udhampur Pilot Sector,Banihal / Anantnag Sector,South to North,35000.0,35.0,75.43994,33.611968,540811.47,3719219.83,anantnag,2.3A
NH44-JK-PILOT,NH-44 Jammu-Srinagar Highway Pilot Corridor,Udhampur Pilot Sector,Banihal / Anantnag Sector,South to North,35100.0,35.1,75.440489,33.61147,540862.63,3719164.9,anantnag,2.3A
NH44-JK-PILOT,NH-44 Jammu-Srinagar Highway Pilot Corridor,Udhampur Pilot Sector,Banihal / Anantnag Sector,South to North,35200.0,35.2,75.441462,33.611094,540953.02,3719123.6,anantnag,2.3A
NH44-JK-PILOT,NH-44 Jammu-Srinagar Highway Pilot Corridor,Udhampur Pilot Sector,Banihal / Anantnag Sector,South to North,35300.0,35.3,75.442406,33.610675,541040.79,3719077.44,anantnag,2.3A
NH44-JK-PILOT,NH-44 Jammu-Srinagar Highway Pilot Corridor,Udhampur Pilot Sector,Banihal / Anantnag Sector,South to North,35400.0,35.4,75.443202,33.610077,541114.96,3719011.49,anantnag,2.3A
NH44-JK-PILOT,NH-44 Jammu-Srinagar Highway Pilot Corridor,Udhampur Pilot Sector,Banihal / Anantnag Sector,South to North,35500.0,35.5,75.443905,33.609401,541180.47,3718936.79,anantnag,2.3A
NH44-JK-PILOT,NH-44 Jammu-Srinagar Highway Pilot Corridor,Udhampur Pilot Sector,Banihal / Anantnag Sector,South to North,35600.0,35.6,75.443145,33.609675,541109.89,3718966.87,anantnag,2.3A
NH44-JK-PILOT,NH-44 Jammu-Srinagar Highway Pilot Corridor,Udhampur Pilot Sector,Banihal / Anantnag Sector,South to North,35700.0,35.7,75.442315,33.61025,541032.61,3719030.28,anantnag,2.3A
NH44-JK-PILOT,NH-44 Jammu-Srinagar Highway Pilot Corridor,Udhampur Pilot Sector,Banihal / Anantnag Sector,South to North,35800.0,35.8,75.441345,33.610642,540942.46,3719073.44,anantnag,2.3A
NH44-JK-PILOT,NH-44 Jammu-Srinagar Highway Pilot Corridor,Udhampur Pilot Sector,Banihal / Anantnag Sector,South to North,35900.0,35.9,75.440356,33.610998,540850.47,3719112.47,anantnag,2.3A
NH44-JK-PILOT,NH-44 Jammu-Srinagar Highway Pilot Corridor,Udhampur Pilot Sector,Banihal / Anantnag Sector,South to North,36000.0,36.0,75.439353,33.611323,540757.32,3719148.14,anantnag,2.3A
NH44-JK-PILOT,NH-44 Jammu-Srinagar Highway Pilot Corridor,Udhampur Pilot Sector,Banihal / Anantnag Sector,South to North,36100.0,36.1,75.438376,33.611682,540666.47,3719187.55,anantnag,2.3A
NH44-JK-PILOT,NH-44 Jammu-Srinagar Highway Pilot Corridor,Udhampur Pilot Sector,Banihal / Anantnag Sector,South to North,36200.0,36.2,75.43761,33.612282,540595.16,3719253.75,anantnag,2.3A
NH44-JK-PILOT,NH-44 Jammu-Srinagar Highway Pilot Corridor,Udhampur Pilot Sector,Banihal / Anantnag Sector,South to North,36300.0,36.3,75.43668,33.612699,540508.74,3719299.63,anantnag,2.3A
NH44-JK-PILOT,NH-44 Jammu-Srinagar Highway Pilot Corridor,Udhampur Pilot Sector,Banihal / Anantnag Sector,South to North,36400.0,36.4,75.435854,33.612718,540432.02,3719301.36,anantnag,2.3A
NH44-JK-PILOT,NH-44 Jammu-Srinagar Highway Pilot Corridor,Udhampur Pilot Sector,Banihal / Anantnag Sector,South to North,36500.0,36.5,75.436327,33.611957,540476.27,3719217.2,anantnag,2.3A
NH44-JK-PILOT,NH-44 Jammu-Srinagar Highway Pilot Corridor,Udhampur Pilot Sector,Banihal / Anantnag Sector,South to North,36600.0,36.6,75.436786,33.611146,540519.27,3719127.52,anantnag,2.3A
NH44-JK-PILOT,NH-44 Jammu-Srinagar Highway Pilot Corridor,Udhampur Pilot Sector,Banihal / Anantnag Sector,South to North,36700.0,36.7,75.436548,33.610777,540497.38,3719086.47,anantnag,2.3A
NH44-JK-PILOT,NH-44 Jammu-Srinagar Highway Pilot Corridor,Udhampur Pilot Sector,Banihal / Anantnag Sector,South to North,36800.0,36.8,75.435514,33.61103,540401.32,3719114.15,anantnag,2.3A
NH44-JK-PILOT,NH-44 Jammu-Srinagar Highway Pilot Corridor,Udhampur Pilot Sector,Banihal / Anantnag Sector,South to North,36900.0,36.9,75.434467,33.611243,540304.05,3719137.31,anantnag,2.3A
NH44-JK-PILOT,NH-44 Jammu-Srinagar Highway Pilot Corridor,Udhampur Pilot Sector,Banihal / Anantnag Sector,South to North,37000.0,37.0,75.433424,33.611471,540207.2,3719162.18,anantnag,2.3A
NH44-JK-PILOT,NH-44 Jammu-Srinagar Highway Pilot Corridor,Udhampur Pilot Sector,Banihal / Anantnag Sector,South to North,37100.0,37.1,75.432371,33.611549,540109.47,3719170.47,anantnag,2.3A
NH44-JK-PILOT,NH-44 Jammu-Srinagar Highway Pilot Corridor,Udhampur Pilot Sector,Banihal / Anantnag Sector,South to North,37200.0,37.2,75.431529,33.611015,540031.6,3719110.94,anantnag,2.3A
NH44-JK-PILOT,NH-44 Jammu-Srinagar Highway Pilot Corridor,Udhampur Pilot Sector,Banihal / Anantnag Sector,South to North,37300.0,37.3,75.430674,33.610465,539952.61,3719049.63,anantnag,2.3A
NH44-JK-PILOT,NH-44 Jammu-Srinagar Highway Pilot Corridor,Udhampur Pilot Sector,Banihal / Anantnag Sector,South to North,37400.0,37.4,75.429727,33.610048,539864.88,3719003.0,anantnag,2.3A
NH44-JK-PILOT,NH-44 Jammu-Srinagar Highway Pilot Corridor,Udhampur Pilot Sector,Banihal / Anantnag Sector,South to North,37500.0,37.5,75.428694,33.609792,539769.24,3718974.2,anantnag,2.3A
NH44-JK-PILOT,NH-44 Jammu-Srinagar Highway Pilot Corridor,Udhampur Pilot Sector,Banihal / Anantnag Sector,South to North,37600.0,37.6,75.427635,33.609625,539671.06,3718955.29,anantnag,2.3A
NH44-JK-PILOT,NH-44 Jammu-Srinagar Highway Pilot Corridor,Udhampur Pilot Sector,Banihal / Anantnag Sector,South to North,37700.0,37.7,75.426607,33.609364,539575.78,3718925.98,anantnag,2.3A
NH44-JK-PILOT,NH-44 Jammu-Srinagar Highway Pilot Corridor,Udhampur Pilot Sector,Banihal / Anantnag Sector,South to North,37800.0,37.8,75.425652,33.609,539487.32,3718885.27,anantnag,2.3A
NH44-JK-PILOT,NH-44 Jammu-Srinagar Highway Pilot Corridor,Udhampur Pilot Sector,Banihal / Anantnag Sector,South to North,37900.0,37.9,75.424581,33.608895,539388.05,3718873.23,anantnag,2.3A
NH44-JK-PILOT,NH-44 Jammu-Srinagar Highway Pilot Corridor,Udhampur Pilot Sector,Banihal / Anantnag Sector,South to North,38000.0,38.0,75.423504,33.608912,539288.13,3718874.67,anantnag,2.3A
NH44-JK-PILOT,NH-44 Jammu-Srinagar Highway Pilot Corridor,Udhampur Pilot Sector,Banihal / Anantnag Sector,South to North,38100.0,38.1,75.422426,33.608927,539188.14,3718875.95,anantnag,2.3A
NH44-JK-PILOT,NH-44 Jammu-Srinagar Highway Pilot Corridor,Udhampur Pilot Sector,Banihal / Anantnag Sector,South to North,38200.0,38.2,75.421349,33.608948,539088.21,3718877.83,anantnag,2.3A
NH44-JK-PILOT,NH-44 Jammu-Srinagar Highway Pilot Corridor,Udhampur Pilot Sector,Banihal / Anantnag Sector,South to North,38300.0,38.3,75.420313,33.608877,538992.12,3718869.56,anantnag,2.3A
NH44-JK-PILOT,NH-44 Jammu-Srinagar Highway Pilot Corridor,Udhampur Pilot Sector,Banihal / Anantnag Sector,South to North,38400.0,38.4,75.419273,33.609107,538895.52,3718894.7,anantnag,2.3A
NH44-JK-PILOT,NH-44 Jammu-Srinagar Highway Pilot Corridor,Udhampur Pilot Sector,Banihal / Anantnag Sector,South to North,38500.0,38.5,75.418199,33.609138,538795.85,3718897.72,anantnag,2.3A
NH44-JK-PILOT,NH-44 Jammu-Srinagar Highway Pilot Corridor,Udhampur Pilot Sector,Banihal / Anantnag Sector,South to North,38600.0,38.6,75.417122,33.609111,538695.95,3718894.35,anantnag,2.3A
NH44-JK-PILOT,NH-44 Jammu-Srinagar Highway Pilot Corridor,Udhampur Pilot Sector,Banihal / Anantnag Sector,South to North,38700.0,38.7,75.416058,33.608974,538597.3,3718878.72,anantnag,2.3A
NH44-JK-PILOT,NH-44 Jammu-Srinagar Highway Pilot Corridor,Udhampur Pilot Sector,Banihal / Anantnag Sector,South to North,38800.0,38.8,75.415039,33.608682,538502.96,3718845.97,anantnag,2.3A
NH44-JK-PILOT,NH-44 Jammu-Srinagar Highway Pilot Corridor,Udhampur Pilot Sector,Banihal / Anantnag Sector,South to North,38900.0,38.9,75.413971,33.60866,538403.87,3718843.19,anantnag,2.3A
NH44-JK-PILOT,NH-44 Jammu-Srinagar Highway Pilot Corridor,Udhampur Pilot Sector,Banihal / Anantnag Sector,South to North,39000.0,39.0,75.412908,33.608808,538305.16,3718859.17,anantnag,2.3A
NH44-JK-PILOT,NH-44 Jammu-Srinagar Highway Pilot Corridor,Udhampur Pilot Sector,Banihal / Anantnag Sector,South to North,39100.0,39.1,75.411834,33.608822,538205.56,3718860.27,anantnag,2.3A
NH44-JK-PILOT,NH-44 Jammu-Srinagar Highway Pilot Corridor,Udhampur Pilot Sector,Banihal / Anantnag Sector,South to North,39200.0,39.2,75.410762,33.608732,538106.12,3718849.99,anantnag,2.3A
NH44-JK-PILOT,NH-44 Jammu-Srinagar Highway Pilot Corridor,Udhampur Pilot Sector,Banihal / Anantnag Sector,South to North,39300.0,39.3,75.409695,33.608613,538007.16,3718836.31,anantnag,2.3A
NH44-JK-PILOT,NH-44 Jammu-Srinagar Highway Pilot Corridor,Udhampur Pilot Sector,Banihal / Anantnag Sector,South to North,39400.0,39.4,75.408655,33.608375,537910.8,3718809.61,anantnag,2.3A
NH44-JK-PILOT,NH-44 Jammu-Srinagar Highway Pilot Corridor,Udhampur Pilot Sector,Banihal / Anantnag Sector,South to North,39500.0,39.5,75.407615,33.608137,537814.45,3718782.83,anantnag,2.3A
NH44-JK-PILOT,NH-44 Jammu-Srinagar Highway Pilot Corridor,Udhampur Pilot Sector,Banihal / Anantnag Sector,South to North,39600.0,39.6,75.406548,33.608059,537715.54,3718773.79,anantnag,2.3A
NH44-JK-PILOT,NH-44 Jammu-Srinagar Highway Pilot Corridor,Udhampur Pilot Sector,Banihal / Anantnag Sector,South to North,39700.0,39.7,75.405471,33.608036,537615.59,3718770.79,anantnag,2.3A
NH44-JK-PILOT,NH-44 Jammu-Srinagar Highway Pilot Corridor,Udhampur Pilot Sector,Banihal / Anantnag Sector,South to North,39800.0,39.8,75.404395,33.607987,537515.81,3718765.07,anantnag,2.3A
NH44-JK-PILOT,NH-44 Jammu-Srinagar Highway Pilot Corridor,Udhampur Pilot Sector,Banihal / Anantnag Sector,South to North,39900.0,39.9,75.40336,33.607753,537419.89,3718738.65,anantnag,2.3A
NH44-JK-PILOT,NH-44 Jammu-Srinagar Highway Pilot Corridor,Udhampur Pilot Sector,Banihal / Anantnag Sector,South to North,40000.0,40.0,75.402504,33.607211,537340.73,3718678.35,anantnag,2.3A
NH44-JK-PILOT,NH-44 Jammu-Srinagar Highway Pilot Corridor,Udhampur Pilot Sector,Banihal / Anantnag Sector,South to North,40100.0,40.1,75.401589,33.606736,537256.05,3718625.25,anantnag,2.3A
NH44-JK-PILOT,NH-44 Jammu-Srinagar Highway Pilot Corridor,Udhampur Pilot Sector,Banihal / Anantnag Sector,South to North,40200.0,40.2,75.400649,33.606295,537169.03,3718576.08,anantnag,2.3A
NH44-JK-PILOT,NH-44 Jammu-Srinagar Highway Pilot Corridor,Udhampur Pilot Sector,Banihal / Anantnag Sector,South to North,40300.0,40.3,75.399786,33.605763,537089.18,3718516.74,anantnag,2.3A
NH44-JK-PILOT,NH-44 Jammu-Srinagar Highway Pilot Corridor,Udhampur Pilot Sector,Banihal / Anantnag Sector,South to North,40400.0,40.4,75.398973,33.605172,537014.01,3718450.96,anantnag,2.3A
NH44-JK-PILOT,NH-44 Jammu-Srinagar Highway Pilot Corridor,Udhampur Pilot Sector,Banihal / Anantnag Sector,South to North,40500.0,40.5,75.398118,33.604623,536934.92,3718389.77,anantnag,2.3A
NH44-JK-PILOT,NH-44 Jammu-Srinagar Highway Pilot Corridor,Udhampur Pilot Sector,Banihal / Anantnag Sector,South to North,40600.0,40.6,75.397283,33.604053,536857.7,3718326.26,anantnag,2.3A
NH44-JK-PILOT,NH-44 Jammu-Srinagar Highway Pilot Corridor,Udhampur Pilot Sector,Banihal / Anantnag Sector,South to North,40700.0,40.7,75.396386,33.603559,536774.69,3718271.24,anantnag,2.3A
NH44-JK-PILOT,NH-44 Jammu-Srinagar Highway Pilot Corridor,Udhampur Pilot Sector,Banihal / Anantnag Sector,South to North,40800.0,40.8,75.395428,33.603146,536685.99,3718225.05,anantnag,2.3A
NH44-JK-PILOT,NH-44 Jammu-Srinagar Highway Pilot Corridor,Udhampur Pilot Sector,Banihal / Anantnag Sector,South to North,40900.0,40.9,75.394486,33.602711,536598.76,3718176.54,anantnag,2.3A
NH44-JK-PILOT,NH-44 Jammu-Srinagar Highway Pilot Corridor,Udhampur Pilot Sector,Banihal / Anantnag Sector,South to North,41000.0,41.0,75.393645,33.602147,536520.99,3718113.72,anantnag,2.3A
NH44-JK-PILOT,NH-44 Jammu-Srinagar Highway Pilot Corridor,Udhampur Pilot Sector,Banihal / Anantnag Sector,South to North,41100.0,41.1,75.392812,33.601575,536443.96,3718049.94,anantnag,2.3A
NH44-JK-PILOT,NH-44 Jammu-Srinagar Highway Pilot Corridor,Udhampur Pilot Sector,Banihal / Anantnag Sector,South to North,41200.0,41.2,75.391911,33.601095,536360.57,3717996.39,anantnag,2.3A
NH44-JK-PILOT,NH-44 Jammu-Srinagar Highway Pilot Corridor,Udhampur Pilot Sector,Banihal / Anantnag Sector,South to North,41300.0,41.3,75.391036,33.600575,536279.54,3717938.51,anantnag,2.3A
NH44-JK-PILOT,NH-44 Jammu-Srinagar Highway Pilot Corridor,Udhampur Pilot Sector,Banihal / Anantnag Sector,South to North,41400.0,41.4,75.390206,33.6,536202.8,3717874.4,anantnag,2.3A
NH44-JK-PILOT,NH-44 Jammu-Srinagar Highway Pilot Corridor,Udhampur Pilot Sector,Banihal / Anantnag Sector,South to North,41500.0,41.5,75.38937,33.599431,536125.48,3717811.07,anantnag,2.3A
NH44-JK-PILOT,NH-44 Jammu-Srinagar Highway Pilot Corridor,Udhampur Pilot Sector,Banihal / Anantnag Sector,South to North,41600.0,41.6,75.388644,33.598867,536058.35,3717748.31,anantnag,2.3A
NH44-JK-PILOT,NH-44 Jammu-Srinagar Highway Pilot Corridor,Udhampur Pilot Sector,Banihal / Anantnag Sector,South to North,41700.0,41.7,75.388448,33.598021,536040.56,3717654.43,anantnag,2.3A
NH44-JK-PILOT,NH-44 Jammu-Srinagar Highway Pilot Corridor,Udhampur Pilot Sector,Banihal / Anantnag Sector,South to North,41800.0,41.8,75.387717,33.597364,535972.97,3717581.26,anantnag,2.3A
NH44-JK-PILOT,NH-44 Jammu-Srinagar Highway Pilot Corridor,Udhampur Pilot Sector,Banihal / Anantnag Sector,South to North,41900.0,41.9,75.386989,33.596708,535905.72,3717508.3,anantnag,2.3A
NH44-JK-PILOT,NH-44 Jammu-Srinagar Highway Pilot Corridor,Udhampur Pilot Sector,Banihal / Anantnag Sector,South to North,42000.0,42.0,75.386494,33.595908,535860.12,3717419.45,anantnag,2.3A
NH44-JK-PILOT,NH-44 Jammu-Srinagar Highway Pilot Corridor,Udhampur Pilot Sector,Banihal / Anantnag Sector,South to North,42100.0,42.1,75.385969,33.595122,535811.69,3717332.11,anantnag,2.3A
NH44-JK-PILOT,NH-44 Jammu-Srinagar Highway Pilot Corridor,Udhampur Pilot Sector,Banihal / Anantnag Sector,South to North,42200.0,42.2,75.385383,33.594368,535757.65,3717248.36,anantnag,2.3A
NH44-JK-PILOT,NH-44 Jammu-Srinagar Highway Pilot Corridor,Udhampur Pilot Sector,Banihal / Anantnag Sector,South to North,42300.0,42.3,75.384457,33.593911,535671.9,3717197.36,anantnag,2.3A
NH44-JK-PILOT,NH-44 Jammu-Srinagar Highway Pilot Corridor,Udhampur Pilot Sector,Banihal / Anantnag Sector,South to North,42400.0,42.4,75.383868,33.59317,535617.54,3717114.98,anantnag,2.3A
NH44-JK-PILOT,NH-44 Jammu-Srinagar Highway Pilot Corridor,Udhampur Pilot Sector,Banihal / Anantnag Sector,South to North,42500.0,42.5,75.383177,33.592478,535553.75,3717037.97,anantnag,2.3A
NH44-JK-PILOT,NH-44 Jammu-Srinagar Highway Pilot Corridor,Udhampur Pilot Sector,Banihal / Anantnag Sector,South to North,42600.0,42.6,75.382472,33.591796,535488.65,3716962.12,anantnag,2.3A
NH44-JK-PILOT,NH-44 Jammu-Srinagar Highway Pilot Corridor,Udhampur Pilot Sector,Banihal / Anantnag Sector,South to North,42700.0,42.7,75.381726,33.591145,535419.62,3716889.77,anantnag,2.3A
NH44-JK-PILOT,NH-44 Jammu-Srinagar Highway Pilot Corridor,Udhampur Pilot Sector,Banihal / Anantnag Sector,South to North,42800.0,42.8,75.380972,33.590501,535349.99,3716818.03,anantnag,2.3A
NH44-JK-PILOT,NH-44 Jammu-Srinagar Highway Pilot Corridor,Udhampur Pilot Sector,Banihal / Anantnag Sector,South to North,42900.0,42.9,75.380173,33.589896,535276.07,3716750.68,anantnag,2.3A
NH44-JK-PILOT,NH-44 Jammu-Srinagar Highway Pilot Corridor,Udhampur Pilot Sector,Banihal / Anantnag Sector,South to North,43000.0,43.0,75.379453,33.589225,535209.49,3716676.14,anantnag,2.3A
NH44-JK-PILOT,NH-44 Jammu-Srinagar Highway Pilot Corridor,Udhampur Pilot Sector,Banihal / Anantnag Sector,South to North,43100.0,43.1,75.378733,33.588557,535142.97,3716601.75,anantnag,2.3A
NH44-JK-PILOT,NH-44 Jammu-Srinagar Highway Pilot Corridor,Udhampur Pilot Sector,Banihal / Anantnag Sector,South to North,43200.0,43.2,75.378468,33.587691,535118.74,3716505.72,anantnag,2.3A
NH44-JK-PILOT,NH-44 Jammu-Srinagar Highway Pilot Corridor,Udhampur Pilot Sector,Banihal / Anantnag Sector,South to North,43300.0,43.3,75.378253,33.58681,535099.18,3716407.91,anantnag,2.3A
NH44-JK-PILOT,NH-44 Jammu-Srinagar Highway Pilot Corridor,Udhampur Pilot Sector,Banihal / Anantnag Sector,South to North,43400.0,43.4,75.377949,33.585945,535071.26,3716311.89,anantnag,2.3A
NH44-JK-PILOT,NH-44 Jammu-Srinagar Highway Pilot Corridor,Udhampur Pilot Sector,Banihal / Anantnag Sector,South to North,43500.0,43.5,75.377485,33.585138,535028.61,3716222.23,anantnag,2.3A
NH44-JK-PILOT,NH-44 Jammu-Srinagar Highway Pilot Corridor,Udhampur Pilot Sector,Banihal / Anantnag Sector,South to North,43600.0,43.6,75.376799,33.584445,534965.17,3716145.17,anantnag,2.3A
NH44-JK-PILOT,NH-44 Jammu-Srinagar Highway Pilot Corridor,Udhampur Pilot Sector,Banihal / Anantnag Sector,South to North,43700.0,43.7,75.376385,33.583615,534927.12,3716053.04,anantnag,2.3A
NH44-JK-PILOT,NH-44 Jammu-Srinagar Highway Pilot Corridor,Udhampur Pilot Sector,Banihal / Anantnag Sector,South to North,43800.0,43.8,75.376008,33.58277,534892.5,3715959.22,anantnag,2.3A
NH44-JK-PILOT,NH-44 Jammu-Srinagar Highway Pilot Corridor,Udhampur Pilot Sector,Banihal / Anantnag Sector,South to North,43900.0,43.9,75.375535,33.581963,534848.87,3715869.56,anantnag,2.3A
NH44-JK-PILOT,NH-44 Jammu-Srinagar Highway Pilot Corridor,Udhampur Pilot Sector,Banihal / Anantnag Sector,South to North,44000.0,44.0,75.374809,33.581299,534781.77,3715795.76,anantnag,2.3A
NH44-JK-PILOT,NH-44 Jammu-Srinagar Highway Pilot Corridor,Udhampur Pilot Sector,Banihal / Anantnag Sector,South to North,44100.0,44.1,75.374358,33.580483,534740.29,3715705.1,anantnag,2.3A
NH44-JK-PILOT,NH-44 Jammu-Srinagar Highway Pilot Corridor,Udhampur Pilot Sector,Banihal / Anantnag Sector,South to North,44200.0,44.2,75.37404,33.579621,534711.06,3715609.47,anantnag,2.3A
NH44-JK-PILOT,NH-44 Jammu-Srinagar Highway Pilot Corridor,Udhampur Pilot Sector,Banihal / Anantnag Sector,South to North,44300.0,44.3,75.373673,33.578774,534677.37,3715515.42,anantnag,2.3A
NH44-JK-PILOT,NH-44 Jammu-Srinagar Highway Pilot Corridor,Udhampur Pilot Sector,Banihal / Anantnag Sector,South to North,44400.0,44.4,75.373097,33.578014,534624.19,3715430.95,anantnag,2.3A
NH44-JK-PILOT,NH-44 Jammu-Srinagar Highway Pilot Corridor,Udhampur Pilot Sector,Banihal / Anantnag Sector,South to North,44500.0,44.5,75.372676,33.577187,534585.47,3715339.1,anantnag,2.3A
NH44-JK-PILOT,NH-44 Jammu-Srinagar Highway Pilot Corridor,Udhampur Pilot Sector,Banihal / Anantnag Sector,South to North,44600.0,44.6,75.372318,33.576336,534552.63,3715244.71,anantnag,2.3A
NH44-JK-PILOT,NH-44 Jammu-Srinagar Highway Pilot Corridor,Udhampur Pilot Sector,Banihal / Anantnag Sector,South to North,44700.0,44.7,75.372013,33.575474,534524.6,3715148.97,anantnag,2.3A
NH44-JK-PILOT,NH-44 Jammu-Srinagar Highway Pilot Corridor,Udhampur Pilot Sector,Banihal / Anantnag Sector,South to North,44800.0,44.8,75.371567,33.574653,534483.54,3715057.79,anantnag,2.3A
NH44-JK-PILOT,NH-44 Jammu-Srinagar Highway Pilot Corridor,Udhampur Pilot Sector,Banihal / Anantnag Sector,South to North,44900.0,44.9,75.371225,33.573799,534452.21,3714962.99,anantnag,2.3A
NH44-JK-PILOT,NH-44 Jammu-Srinagar Highway Pilot Corridor,Udhampur Pilot Sector,Banihal / Anantnag Sector,South to North,45000.0,45.0,75.370968,33.572923,534428.64,3714865.86,anantnag,2.3A
NH44-JK-PILOT,NH-44 Jammu-Srinagar Highway Pilot Corridor,Udhampur Pilot Sector,Banihal / Anantnag Sector,South to North,45100.0,45.1,75.370963,33.572027,534428.61,3714766.51,anantnag,2.3A
NH44-JK-PILOT,NH-44 Jammu-Srinagar Highway Pilot Corridor,Udhampur Pilot Sector,Banihal / Anantnag Sector,South to North,45200.0,45.2,75.37111,33.57114,534442.55,3714668.2,anantnag,2.3A
NH44-JK-PILOT,NH-44 Jammu-Srinagar Highway Pilot Corridor,Udhampur Pilot Sector,Banihal / Anantnag Sector,South to North,45300.0,45.3,75.37083,33.570271,534416.91,3714571.75,anantnag,2.3A
NH44-JK-PILOT,NH-44 Jammu-Srinagar Highway Pilot Corridor,Udhampur Pilot Sector,Banihal / Anantnag Sector,South to North,45400.0,45.4,75.370208,33.569541,534359.47,3714490.58,anantnag,2.3A
NH44-JK-PILOT,NH-44 Jammu-Srinagar Highway Pilot Corridor,Udhampur Pilot Sector,Banihal / Anantnag Sector,South to North,45500.0,45.5,75.369541,33.568833,534297.85,3714411.82,anantnag,2.3A
NH44-JK-PILOT,NH-44 Jammu-Srinagar Highway Pilot Corridor,Udhampur Pilot Sector,Banihal / Anantnag Sector,South to North,45600.0,45.6,75.368683,33.568288,534218.43,3714351.13,anantnag,2.3A
NH44-JK-PILOT,NH-44 Jammu-Srinagar Highway Pilot Corridor,Udhampur Pilot Sector,Banihal / Anantnag Sector,South to North,45700.0,45.7,75.367834,33.567734,534139.82,3714289.4,anantnag,2.3A
NH44-JK-PILOT,NH-44 Jammu-Srinagar Highway Pilot Corridor,Udhampur Pilot Sector,Banihal / Anantnag Sector,South to North,45800.0,45.8,75.366982,33.567186,534060.95,3714228.42,anantnag,2.3A
NH44-JK-PILOT,NH-44 Jammu-Srinagar Highway Pilot Corridor,Udhampur Pilot Sector,Banihal / Anantnag Sector,South to North,45900.0,45.9,75.366247,33.566542,533993.06,3714156.83,anantnag,2.3A
NH44-JK-PILOT,NH-44 Jammu-Srinagar Highway Pilot Corridor,Udhampur Pilot Sector,Banihal / Anantnag Sector,South to North,46000.0,46.0,75.365255,33.56619,533901.14,3714117.46,anantnag,2.3A
NH44-JK-PILOT,NH-44 Jammu-Srinagar Highway Pilot Corridor,Udhampur Pilot Sector,Banihal / Anantnag Sector,South to North,46100.0,46.1,75.364258,33.565849,533808.7,3714079.34,anantnag,2.3A
NH44-JK-PILOT,NH-44 Jammu-Srinagar Highway Pilot Corridor,Udhampur Pilot Sector,Banihal / Anantnag Sector,South to North,46200.0,46.2,75.363253,33.565524,533715.56,3714042.95,anantnag,2.3A
NH44-JK-PILOT,NH-44 Jammu-Srinagar Highway Pilot Corridor,Udhampur Pilot Sector,Banihal / Anantnag Sector,South to North,46300.0,46.3,75.362227,33.56525,533620.44,3714012.21,anantnag,2.3A
NH44-JK-PILOT,NH-44 Jammu-Srinagar Highway Pilot Corridor,Udhampur Pilot Sector,Banihal / Anantnag Sector,South to North,46400.0,46.4,75.361196,33.564988,533524.87,3713982.79,anantnag,2.3A
NH44-JK-PILOT,NH-44 Jammu-Srinagar Highway Pilot Corridor,Udhampur Pilot Sector,Banihal / Anantnag Sector,South to North,46500.0,46.5,75.360166,33.564725,533429.29,3713953.38,anantnag,2.3A
NH44-JK-PILOT,NH-44 Jammu-Srinagar Highway Pilot Corridor,Udhampur Pilot Sector,Banihal / Anantnag Sector,South to North,46600.0,46.6,75.359141,33.564504,533334.25,3713928.55,anantnag,2.3A
NH44-JK-PILOT,NH-44 Jammu-Srinagar Highway Pilot Corridor,Udhampur Pilot Sector,Banihal / Anantnag Sector,South to North,46700.0,46.7,75.358108,33.564748,533238.3,3713955.2,anantnag,2.3A
NH44-JK-PILOT,NH-44 Jammu-Srinagar Highway Pilot Corridor,Udhampur Pilot Sector,Banihal / Anantnag Sector,South to North,46800.0,46.8,75.358029,33.565627,533230.61,3714052.62,anantnag,2.3A
NH44-JK-PILOT,NH-44 Jammu-Srinagar Highway Pilot Corridor,Udhampur Pilot Sector,Banihal / Anantnag Sector,South to North,46900.0,46.9,75.357573,33.56644,533187.98,3714142.6,anantnag,2.3A
NH44-JK-PILOT,NH-44 Jammu-Srinagar Highway Pilot Corridor,Udhampur Pilot Sector,Banihal / Anantnag Sector,South to North,47000.0,47.0,75.356813,33.567071,533117.23,3714212.42,anantnag,2.3A
NH44-JK-PILOT,NH-44 Jammu-Srinagar Highway Pilot Corridor,Udhampur Pilot Sector,Banihal / Anantnag Sector,South to North,47100.0,47.1,75.355866,33.567483,533029.14,3714257.72,anantnag,2.3A
NH44-JK-PILOT,NH-44 Jammu-Srinagar Highway Pilot Corridor,Udhampur Pilot Sector,Banihal / Anantnag Sector,South to North,47200.0,47.2,75.354851,33.567786,532934.85,3714291.05,anantnag,2.3A
NH44-JK-PILOT,NH-44 Jammu-Srinagar Highway Pilot Corridor,Udhampur Pilot Sector,Banihal / Anantnag Sector,South to North,47300.0,47.3,75.353847,33.568101,532841.58,3714325.6,anantnag,2.3A
NH44-JK-PILOT,NH-44 Jammu-Srinagar Highway Pilot Corridor,Udhampur Pilot Sector,Banihal / Anantnag Sector,South to North,47400.0,47.4,75.35306,33.568711,532768.24,3714393.03,anantnag,2.3A
NH44-JK-PILOT,NH-44 Jammu-Srinagar Highway Pilot Corridor,Udhampur Pilot Sector,Banihal / Anantnag Sector,South to North,47500.0,47.5,75.352232,33.569288,532691.22,3714456.77,anantnag,2.3A
NH44-JK-PILOT,NH-44 Jammu-Srinagar Highway Pilot Corridor,Udhampur Pilot Sector,Banihal / Anantnag Sector,South to North,47600.0,47.6,75.351305,33.569742,532604.99,3714506.75,anantnag,2.3A
NH44-JK-PILOT,NH-44 Jammu-Srinagar Highway Pilot Corridor,Udhampur Pilot Sector,Banihal / Anantnag Sector,South to North,47700.0,47.7,75.350276,33.570004,532509.42,3714535.5,anantnag,2.3A
NH44-JK-PILOT,NH-44 Jammu-Srinagar Highway Pilot Corridor,Udhampur Pilot Sector,Banihal / Anantnag Sector,South to North,47800.0,47.8,75.349294,33.570353,532418.14,3714573.82,anantnag,2.3A
NH44-JK-PILOT,NH-44 Jammu-Srinagar Highway Pilot Corridor,Udhampur Pilot Sector,Banihal / Anantnag Sector,South to North,47900.0,47.9,75.348388,33.57084,532333.82,3714627.55,anantnag,2.3A
NH44-JK-PILOT,NH-44 Jammu-Srinagar Highway Pilot Corridor,Udhampur Pilot Sector,Banihal / Anantnag Sector,South to North,48000.0,48.0,75.347469,33.57131,532248.33,3714679.44,anantnag,2.3A
NH44-JK-PILOT,NH-44 Jammu-Srinagar Highway Pilot Corridor,Udhampur Pilot Sector,Banihal / Anantnag Sector,South to North,48100.0,48.1,75.346543,33.571772,532162.29,3714730.32,anantnag,2.3A
NH44-JK-PILOT,NH-44 Jammu-Srinagar Highway Pilot Corridor,Udhampur Pilot Sector,Banihal / Anantnag Sector,South to North,48200.0,48.2,75.345573,33.572164,532072.11,3714773.47,anantnag,2.3A
NH44-JK-PILOT,NH-44 Jammu-Srinagar Highway Pilot Corridor,Udhampur Pilot Sector,Banihal / Anantnag Sector,South to North,48300.0,48.3,75.34458,33.572513,531979.82,3714811.89,anantnag,2.3A
NH44-JK-PILOT,NH-44 Jammu-Srinagar Highway Pilot Corridor,Udhampur Pilot Sector,Banihal / Anantnag Sector,South to North,48400.0,48.4,75.343538,33.572721,531883.05,3714834.68,anantnag,2.3A
NH44-JK-PILOT,NH-44 Jammu-Srinagar Highway Pilot Corridor,Udhampur Pilot Sector,Banihal / Anantnag Sector,South to North,48500.0,48.5,75.342462,33.572715,531783.14,3714833.69,anantnag,2.3A
NH44-JK-PILOT,NH-44 Jammu-Srinagar Highway Pilot Corridor,Udhampur Pilot Sector,Banihal / Anantnag Sector,South to North,48600.0,48.6,75.341393,33.572805,531683.92,3714843.24,anantnag,2.3A
NH44-JK-PILOT,NH-44 Jammu-Srinagar Highway Pilot Corridor,Udhampur Pilot Sector,Banihal / Anantnag Sector,South to North,48700.0,48.7,75.340318,33.572805,531584.16,3714842.94,anantnag,2.3A
NH44-JK-PILOT,NH-44 Jammu-Srinagar Highway Pilot Corridor,Udhampur Pilot Sector,Banihal / Anantnag Sector,South to North,48800.0,48.8,75.339251,33.572683,531485.13,3714829.12,anantnag,2.3A
NH44-JK-PILOT,NH-44 Jammu-Srinagar Highway Pilot Corridor,Udhampur Pilot Sector,Banihal / Anantnag Sector,South to North,48900.0,48.9,75.338189,33.572532,531386.67,3714812.05,anantnag,2.3A
NH44-JK-PILOT,NH-44 Jammu-Srinagar Highway Pilot Corridor,Udhampur Pilot Sector,Banihal / Anantnag Sector,South to North,49000.0,49.0,75.337165,33.572255,531291.72,3714780.97,anantnag,2.3A
NH44-JK-PILOT,NH-44 Jammu-Srinagar Highway Pilot Corridor,Udhampur Pilot Sector,Banihal / Anantnag Sector,South to North,49100.0,49.1,75.336135,33.572203,531196.19,3714774.98,anantnag,2.3A
NH44-JK-PILOT,NH-44 Jammu-Srinagar Highway Pilot Corridor,Udhampur Pilot Sector,Banihal / Anantnag Sector,South to North,49200.0,49.2,75.335233,33.571729,531112.65,3714722.07,anantnag,2.3A
NH44-JK-PILOT,NH-44 Jammu-Srinagar Highway Pilot Corridor,Udhampur Pilot Sector,Banihal / Anantnag Sector,South to North,49300.0,49.3,75.33418,33.571571,531014.93,3714704.26,anantnag,2.3A
NH44-JK-PILOT,NH-44 Jammu-Srinagar Highway Pilot Corridor,Udhampur Pilot Sector,Banihal / Anantnag Sector,South to North,49400.0,49.4,75.333123,33.571405,530916.87,3714685.56,anantnag,2.3A
NH44-JK-PILOT,NH-44 Jammu-Srinagar Highway Pilot Corridor,Udhampur Pilot Sector,Banihal / Anantnag Sector,South to North,49500.0,49.5,75.332046,33.57138,530816.92,3714682.48,anantnag,2.3A
NH44-JK-PILOT,NH-44 Jammu-Srinagar Highway Pilot Corridor,Udhampur Pilot Sector,Banihal / Anantnag Sector,South to North,49600.0,49.6,75.330984,33.571521,530718.31,3714697.8,anantnag,2.3A
NH44-JK-PILOT,NH-44 Jammu-Srinagar Highway Pilot Corridor,Udhampur Pilot Sector,Banihal / Anantnag Sector,South to North,49700.0,49.7,75.32996,33.571803,530623.21,3714728.73,anantnag,2.3A
NH44-JK-PILOT,NH-44 Jammu-Srinagar Highway Pilot Corridor,Udhampur Pilot Sector,Banihal / Anantnag Sector,South to North,49800.0,49.8,75.328936,33.572084,530528.1,3714759.62,anantnag,2.3A
NH44-JK-PILOT,NH-44 Jammu-Srinagar Highway Pilot Corridor,Udhampur Pilot Sector,Banihal / Anantnag Sector,South to North,49900.0,49.9,75.327903,33.57234,530432.13,3714787.71,anantnag,2.3A
NH44-JK-PILOT,NH-44 Jammu-Srinagar Highway Pilot Corridor,Udhampur Pilot Sector,Banihal / Anantnag Sector,South to North,50000.0,50.0,75.326868,33.572589,530335.92,3714814.96,anantnag,2.3A
NH44-JK-PILOT,NH-44 Jammu-Srinagar Highway Pilot Corridor,Udhampur Pilot Sector,Banihal / Anantnag Sector,South to North,50100.0,50.1,75.325828,33.572827,530239.39,3714841.08,anantnag,2.3A
NH44-JK-PILOT,NH-44 Jammu-Srinagar Highway Pilot Corridor,Udhampur Pilot Sector,Banihal / Anantnag Sector,South to North,50200.0,50.2,75.324793,33.573076,530143.2,3714868.38,anantnag,2.3A
NH44-JK-PILOT,NH-44 Jammu-Srinagar Highway Pilot Corridor,Udhampur Pilot Sector,Banihal / Anantnag Sector,South to North,50300.0,50.3,75.323813,33.573439,530052.13,3714908.34,anantnag,2.3A
NH44-JK-PILOT,NH-44 Jammu-Srinagar Highway Pilot Corridor,Udhampur Pilot Sector,Banihal / Anantnag Sector,South to North,50400.0,50.4,75.32296,33.573985,529972.77,3714968.68,anantnag,2.3A
NH44-JK-PILOT,NH-44 Jammu-Srinagar Highway Pilot Corridor,Udhampur Pilot Sector,Banihal / Anantnag Sector,South to North,50500.0,50.5,75.322223,33.574641,529904.17,3715041.2,anantnag,2.3A
NH44-JK-PILOT,NH-44 Jammu-Srinagar Highway Pilot Corridor,Udhampur Pilot Sector,Banihal / Anantnag Sector,South to North,50600.0,50.6,75.321446,33.575263,529831.84,3715109.94,anantnag,2.3A
NH44-JK-PILOT,NH-44 Jammu-Srinagar Highway Pilot Corridor,Udhampur Pilot Sector,Banihal / Anantnag Sector,South to North,50700.0,50.7,75.32064,33.575862,529756.83,3715176.07,anantnag,2.3A
NH44-JK-PILOT,NH-44 Jammu-Srinagar Highway Pilot Corridor,Udhampur Pilot Sector,Banihal / Anantnag Sector,South to North,50800.0,50.8,75.31981,33.576435,529679.58,3715239.33,anantnag,2.3A
NH44-JK-PILOT,NH-44 Jammu-Srinagar Highway Pilot Corridor,Udhampur Pilot Sector,Banihal / Anantnag Sector,South to North,50900.0,50.9,75.318989,33.57701,529603.22,3715302.88,anantnag,2.3A
NH44-JK-PILOT,NH-44 Jammu-Srinagar Highway Pilot Corridor,Udhampur Pilot Sector,Banihal / Anantnag Sector,South to North,51000.0,51.0,75.318282,33.57769,529537.35,3715378.1,anantnag,2.3A
NH44-JK-PILOT,NH-44 Jammu-Srinagar Highway Pilot Corridor,Udhampur Pilot Sector,Banihal / Anantnag Sector,South to North,51100.0,51.1,75.317554,33.578351,529469.54,3715451.16,anantnag,2.3A
NH44-JK-PILOT,NH-44 Jammu-Srinagar Highway Pilot Corridor,Udhampur Pilot Sector,Banihal / Anantnag Sector,South to North,51200.0,51.2,75.316587,33.578746,529379.67,3715494.65,anantnag,2.3A
NH44-JK-PILOT,NH-44 Jammu-Srinagar Highway Pilot Corridor,Udhampur Pilot Sector,Banihal / Anantnag Sector,South to North,51300.0,51.3,75.315606,33.57912,529288.56,3715535.85,anantnag,2.3A
NH44-JK-PILOT,NH-44 Jammu-Srinagar Highway Pilot Corridor,Udhampur Pilot Sector,Banihal / Anantnag Sector,South to North,51400.0,51.4,75.314607,33.579454,529195.68,3715572.65,anantnag,2.3A
NH44-JK-PILOT,NH-44 Jammu-Srinagar Highway Pilot Corridor,Udhampur Pilot Sector,Banihal / Anantnag Sector,South to North,51500.0,51.5,75.313535,33.579501,529096.25,3715577.47,anantnag,2.3A
NH44-JK-PILOT,NH-44 Jammu-Srinagar Highway Pilot Corridor,Udhampur Pilot Sector,Banihal / Anantnag Sector,South to North,51600.0,51.6,75.312461,33.579566,528996.53,3715584.45,anantnag,2.3A
NH44-JK-PILOT,NH-44 Jammu-Srinagar Highway Pilot Corridor,Udhampur Pilot Sector,Banihal / Anantnag Sector,South to North,51700.0,51.7,75.311394,33.579689,528897.5,3715597.71,anantnag,2.3A
NH44-JK-PILOT,NH-44 Jammu-Srinagar Highway Pilot Corridor,Udhampur Pilot Sector,Banihal / Anantnag Sector,South to North,51800.0,51.8,75.310396,33.580025,528804.76,3715634.72,anantnag,2.3A
NH44-JK-PILOT,NH-44 Jammu-Srinagar Highway Pilot Corridor,Udhampur Pilot Sector,Banihal / Anantnag Sector,South to North,51900.0,51.9,75.309439,33.580436,528715.77,3715680.03,anantnag,2.3A
NH44-JK-PILOT,NH-44 Jammu-Srinagar Highway Pilot Corridor,Udhampur Pilot Sector,Banihal / Anantnag Sector,South to North,52000.0,52.0,75.308437,33.580761,528622.69,3715715.74,anantnag,2.3A
NH44-JK-PILOT,NH-44 Jammu-Srinagar Highway Pilot Corridor,Udhampur Pilot Sector,Banihal / Anantnag Sector,South to North,52100.0,52.1,75.307571,33.581282,528542.2,3715773.34,anantnag,2.3A
NH44-JK-PILOT,NH-44 Jammu-Srinagar Highway Pilot Corridor,Udhampur Pilot Sector,Banihal / Anantnag Sector,South to North,52200.0,52.2,75.306787,33.581897,528469.26,3715841.28,anantnag,2.3A
NH44-JK-PILOT,NH-44 Jammu-Srinagar Highway Pilot Corridor,Udhampur Pilot Sector,Banihal / Anantnag Sector,South to North,52300.0,52.3,75.306366,33.582724,528429.86,3715932.88,anantnag,2.3A
NH44-JK-PILOT,NH-44 Jammu-Srinagar Highway Pilot Corridor,Udhampur Pilot Sector,Banihal / Anantnag Sector,South to North,52400.0,52.4,75.305958,33.583558,528391.78,3716025.22,anantnag,2.3A
NH44-JK-PILOT,NH-44 Jammu-Srinagar Highway Pilot Corridor,Udhampur Pilot Sector,Banihal / Anantnag Sector,South to North,52500.0,52.5,75.305332,33.584283,528333.38,3716105.46,anantnag,2.3A
NH44-JK-PILOT,NH-44 Jammu-Srinagar Highway Pilot Corridor,Udhampur Pilot Sector,Banihal / Anantnag Sector,South to North,52600.0,52.6,75.304535,33.584885,528259.29,3716171.99,anantnag,2.3A
NH44-JK-PILOT,NH-44 Jammu-Srinagar Highway Pilot Corridor,Udhampur Pilot Sector,Banihal / Anantnag Sector,South to North,52700.0,52.7,75.303717,33.585469,528183.13,3716236.44,anantnag,2.3A
NH44-JK-PILOT,NH-44 Jammu-Srinagar Highway Pilot Corridor,Udhampur Pilot Sector,Banihal / Anantnag Sector,South to North,52800.0,52.8,75.302924,33.586077,528109.41,3716303.63,anantnag,2.3A
NH44-JK-PILOT,NH-44 Jammu-Srinagar Highway Pilot Corridor,Udhampur Pilot Sector,Banihal / Anantnag Sector,South to North,52900.0,52.9,75.302005,33.586542,528023.92,3716354.99,anantnag,2.3A
NH44-JK-PILOT,NH-44 Jammu-Srinagar Highway Pilot Corridor,Udhampur Pilot Sector,Banihal / Anantnag Sector,South to North,53000.0,53.0,75.301009,33.586885,527931.38,3716392.72,anantnag,2.3A
NH44-JK-PILOT,NH-44 Jammu-Srinagar Highway Pilot Corridor,Udhampur Pilot Sector,Banihal / Anantnag Sector,South to North,53100.0,53.1,75.299994,33.587189,527837.16,3716426.21,anantnag,2.3A
NH44-JK-PILOT,NH-44 Jammu-Srinagar Highway Pilot Corridor,Udhampur Pilot Sector,Banihal / Anantnag Sector,South to North,53200.0,53.2,75.29897,33.587465,527742.0,3716456.54,anantnag,2.3A
NH44-JK-PILOT,NH-44 Jammu-Srinagar Highway Pilot Corridor,Udhampur Pilot Sector,Banihal / Anantnag Sector,South to North,53300.0,53.3,75.297933,33.5877,527645.69,3716482.32,anantnag,2.3A
NH44-JK-PILOT,NH-44 Jammu-Srinagar Highway Pilot Corridor,Udhampur Pilot Sector,Banihal / Anantnag Sector,South to North,53400.0,53.4,75.297111,33.588278,527569.3,3716546.09,anantnag,2.3A
NH44-JK-PILOT,NH-44 Jammu-Srinagar Highway Pilot Corridor,Udhampur Pilot Sector,Banihal / Anantnag Sector,South to North,53500.0,53.5,75.296437,33.588978,527506.48,3716623.59,anantnag,2.3A
NH44-JK-PILOT,NH-44 Jammu-Srinagar Highway Pilot Corridor,Udhampur Pilot Sector,Banihal / Anantnag Sector,South to North,53600.0,53.6,75.295802,33.589707,527447.32,3716704.2,anantnag,2.3A
NH44-JK-PILOT,NH-44 Jammu-Srinagar Highway Pilot Corridor,Udhampur Pilot Sector,Banihal / Anantnag Sector,South to North,53700.0,53.7,75.29494,33.590232,527367.2,3716762.21,anantnag,2.3A
NH44-JK-PILOT,NH-44 Jammu-Srinagar Highway Pilot Corridor,Udhampur Pilot Sector,Banihal / Anantnag Sector,South to North,53800.0,53.8,75.294035,33.590714,527283.06,3716815.39,anantnag,2.3A
NH44-JK-PILOT,NH-44 Jammu-Srinagar Highway Pilot Corridor,Udhampur Pilot Sector,Banihal / Anantnag Sector,South to North,53900.0,53.9,75.293319,33.591388,527216.45,3716889.92,anantnag,2.3A
NH44-JK-PILOT,NH-44 Jammu-Srinagar Highway Pilot Corridor,Udhampur Pilot Sector,Banihal / Anantnag Sector,South to North,54000.0,54.0,75.292537,33.592002,527143.67,3716957.8,anantnag,2.3A
NH44-JK-PILOT,NH-44 Jammu-Srinagar Highway Pilot Corridor,Udhampur Pilot Sector,Banihal / Anantnag Sector,South to North,54100.0,54.1,75.291749,33.592616,527070.38,3717025.65,anantnag,2.3A
NH44-JK-PILOT,NH-44 Jammu-Srinagar Highway Pilot Corridor,Udhampur Pilot Sector,Banihal / Anantnag Sector,South to North,54200.0,54.2,75.290821,33.59306,526984.1,3717074.61,anantnag,2.3A
NH44-JK-PILOT,NH-44 Jammu-Srinagar Highway Pilot Corridor,Udhampur Pilot Sector,Banihal / Anantnag Sector,South to North,54300.0,54.3,75.28979,33.593322,526888.33,3717103.39,anantnag,2.3A
NH44-JK-PILOT,NH-44 Jammu-Srinagar Highway Pilot Corridor,Udhampur Pilot Sector,Banihal / Anantnag Sector,South to North,54400.0,54.4,75.288802,33.593637,526796.56,3717138.14,anantnag,2.3A
NH44-JK-PILOT,NH-44 Jammu-Srinagar Highway Pilot Corridor,Udhampur Pilot Sector,Banihal / Anantnag Sector,South to North,54500.0,54.5,75.287995,33.594234,526721.58,3717204.06,anantnag,2.3A
NH44-JK-PILOT,NH-44 Jammu-Srinagar Highway Pilot Corridor,Udhampur Pilot Sector,Banihal / Anantnag Sector,South to North,54600.0,54.6,75.287262,33.594894,526653.34,3717277.03,anantnag,2.3A
NH44-JK-PILOT,NH-44 Jammu-Srinagar Highway Pilot Corridor,Udhampur Pilot Sector,Banihal / Anantnag Sector,South to North,54700.0,54.7,75.286549,33.59557,526586.97,3717351.83,anantnag,2.3A
NH44-JK-PILOT,NH-44 Jammu-Srinagar Highway Pilot Corridor,Udhampur Pilot Sector,Banihal / Anantnag Sector,South to North,54800.0,54.8,75.285718,33.596135,526509.67,3717414.29,anantnag,2.3A
NH44-JK-PILOT,NH-44 Jammu-Srinagar Highway Pilot Corridor,Udhampur Pilot Sector,Banihal / Anantnag Sector,South to North,54900.0,54.9,75.284834,33.596651,526427.51,3717471.24,anantnag,2.3A
NH44-JK-PILOT,NH-44 Jammu-Srinagar Highway Pilot Corridor,Udhampur Pilot Sector,Banihal / Anantnag Sector,South to North,55000.0,55.0,75.283972,33.597192,526347.37,3717531.05,anantnag,2.3A
NH44-JK-PILOT,NH-44 Jammu-Srinagar Highway Pilot Corridor,Udhampur Pilot Sector,Banihal / Anantnag Sector,South to North,55100.0,55.1,75.283055,33.597664,526262.17,3717583.06,anantnag,2.3A
NH44-JK-PILOT,NH-44 Jammu-Srinagar Highway Pilot Corridor,Udhampur Pilot Sector,Banihal / Anantnag Sector,South to North,55200.0,55.2,75.282147,33.598108,526177.73,3717632.06,anantnag,2.3A
NH44-JK-PILOT,NH-44 Jammu-Srinagar Highway Pilot Corridor,Udhampur Pilot Sector,Banihal / Anantnag Sector,South to North,55300.0,55.3,75.281468,33.598807,526114.54,3717709.48,anantnag,2.3A
NH44-JK-PILOT,NH-44 Jammu-Srinagar Highway Pilot Corridor,Udhampur Pilot Sector,Banihal / Anantnag Sector,South to North,55400.0,55.4,75.280705,33.599441,526043.57,3717779.56,anantnag,2.3A
NH44-JK-PILOT,NH-44 Jammu-Srinagar Highway Pilot Corridor,Udhampur Pilot Sector,Banihal / Anantnag Sector,South to North,55500.0,55.5,75.279906,33.600045,525969.25,3717846.26,anantnag,2.3A
NH44-JK-PILOT,NH-44 Jammu-Srinagar Highway Pilot Corridor,Udhampur Pilot Sector,Banihal / Anantnag Sector,South to North,55600.0,55.6,75.279034,33.600571,525888.25,3717904.41,anantnag,2.3A
NH44-JK-PILOT,NH-44 Jammu-Srinagar Highway Pilot Corridor,Udhampur Pilot Sector,Banihal / Anantnag Sector,South to North,55700.0,55.7,75.27802,33.600871,525794.0,3717937.46,anantnag,2.3A
NH44-JK-PILOT,NH-44 Jammu-Srinagar Highway Pilot Corridor,Udhampur Pilot Sector,Banihal / Anantnag Sector,South to North,55800.0,55.8,75.276992,33.601142,525698.55,3717967.25,anantnag,2.3A
NH44-JK-PILOT,NH-44 Jammu-Srinagar Highway Pilot Corridor,Udhampur Pilot Sector,Banihal / Anantnag Sector,South to North,55900.0,55.9,75.275966,33.601419,525603.28,3717997.66,anantnag,2.3A
NH44-JK-PILOT,NH-44 Jammu-Srinagar Highway Pilot Corridor,Udhampur Pilot Sector,Banihal / Anantnag Sector,South to North,56000.0,56.0,75.274958,33.601735,525509.69,3718032.48,anantnag,2.3A
NH44-JK-PILOT,NH-44 Jammu-Srinagar Highway Pilot Corridor,Udhampur Pilot Sector,Banihal / Anantnag Sector,South to North,56100.0,56.1,75.273923,33.601908,525413.59,3718051.37,anantnag,2.3A
NH44-JK-PILOT,NH-44 Jammu-Srinagar Highway Pilot Corridor,Udhampur Pilot Sector,Banihal / Anantnag Sector,South to North,56200.0,56.2,75.273025,33.602376,525330.14,3718103.09,anantnag,2.3A
NH44-JK-PILOT,NH-44 Jammu-Srinagar Highway Pilot Corridor,Udhampur Pilot Sector,Banihal / Anantnag Sector,South to North,56300.0,56.3,75.272319,33.603056,525264.47,3718178.21,anantnag,2.3A
NH44-JK-PILOT,NH-44 Jammu-Srinagar Highway Pilot Corridor,Udhampur Pilot Sector,Banihal / Anantnag Sector,South to North,56400.0,56.4,75.271469,33.603605,525185.45,3718238.9,anantnag,2.3A
NH44-JK-PILOT,NH-44 Jammu-Srinagar Highway Pilot Corridor,Udhampur Pilot Sector,Banihal / Anantnag Sector,South to North,56500.0,56.5,75.270669,33.604206,525111.1,3718305.39,anantnag,2.3A
NH44-JK-PILOT,NH-44 Jammu-Srinagar Highway Pilot Corridor,Udhampur Pilot Sector,Banihal / Anantnag Sector,South to North,56600.0,56.6,75.269844,33.604786,525034.34,3718369.48,anantnag,2.3A
NH44-JK-PILOT,NH-44 Jammu-Srinagar Highway Pilot Corridor,Udhampur Pilot Sector,Banihal / Anantnag Sector,South to North,56700.0,56.7,75.268991,33.605337,524955.04,3718430.38,anantnag,2.3A
NH44-JK-PILOT,NH-44 Jammu-Srinagar Highway Pilot Corridor,Udhampur Pilot Sector,Banihal / Anantnag Sector,South to North,56800.0,56.8,75.268111,33.605857,524873.24,3718487.84,anantnag,2.3A
NH44-JK-PILOT,NH-44 Jammu-Srinagar Highway Pilot Corridor,Udhampur Pilot Sector,Banihal / Anantnag Sector,South to North,56900.0,56.9,75.267276,33.606426,524795.67,3718550.64,anantnag,2.3A
NH44-JK-PILOT,NH-44 Jammu-Srinagar Highway Pilot Corridor,Udhampur Pilot Sector,Banihal / Anantnag Sector,South to North,57000.0,57.0,75.266468,33.607023,524720.55,3718616.65,anantnag,2.3A
NH44-JK-PILOT,NH-44 Jammu-Srinagar Highway Pilot Corridor,Udhampur Pilot Sector,Banihal / Anantnag Sector,South to North,57100.0,57.1,75.26569,33.607642,524648.19,3718685.17,anantnag,2.3A
NH44-JK-PILOT,NH-44 Jammu-Srinagar Highway Pilot Corridor,Udhampur Pilot Sector,Banihal / Anantnag Sector,South to North,57200.0,57.2,75.265032,33.608357,524586.92,3718764.2,anantnag,2.3A
NH44-JK-PILOT,NH-44 Jammu-Srinagar Highway Pilot Corridor,Udhampur Pilot Sector,Banihal / Anantnag Sector,South to North,57300.0,57.3,75.264233,33.608942,524512.63,3718828.96,anantnag,2.3A
NH44-JK-PILOT,NH-44 Jammu-Srinagar Highway Pilot Corridor,Udhampur Pilot Sector,Banihal / Anantnag Sector,South to North,57400.0,57.4,75.263408,33.609513,524435.89,3718892.07,anantnag,2.3A
NH44-JK-PILOT,NH-44 Jammu-Srinagar Highway Pilot Corridor,Udhampur Pilot Sector,Banihal / Anantnag Sector,South to North,57500.0,57.5,75.262905,33.610304,524389.03,3718979.55,anantnag,2.3A
NH44-JK-PILOT,NH-44 Jammu-Srinagar Highway Pilot Corridor,Udhampur Pilot Sector,Banihal / Anantnag Sector,South to North,57600.0,57.6,75.262277,33.611019,524330.59,3719058.72,anantnag,2.3A
NH44-JK-PILOT,NH-44 Jammu-Srinagar Highway Pilot Corridor,Udhampur Pilot Sector,Banihal / Anantnag Sector,South to North,57700.0,57.7,75.261296,33.611032,524239.61,3719059.93,anantnag,2.3A
NH44-JK-PILOT,NH-44 Jammu-Srinagar Highway Pilot Corridor,Udhampur Pilot Sector,Banihal / Anantnag Sector,South to North,57800.0,57.8,75.260252,33.610944,524142.78,3719049.9,anantnag,2.3A
NH44-JK-PILOT,NH-44 Jammu-Srinagar Highway Pilot Corridor,Udhampur Pilot Sector,Banihal / Anantnag Sector,South to North,57900.0,57.9,75.259202,33.611145,524045.25,3719072.01,anantnag,2.3A
NH44-JK-PILOT,NH-44 Jammu-Srinagar Highway Pilot Corridor,Udhampur Pilot Sector,Banihal / Anantnag Sector,South to North,58000.0,58.0,75.258162,33.611361,523948.79,3719095.72,anantnag,2.3A
NH44-JK-PILOT,NH-44 Jammu-Srinagar Highway Pilot Corridor,Udhampur Pilot Sector,Banihal / Anantnag Sector,South to North,58100.0,58.1,75.257155,33.611656,523855.27,3719128.17,anantnag,2.3A
NH44-JK-PILOT,NH-44 Jammu-Srinagar Highway Pilot Corridor,Udhampur Pilot Sector,Banihal / Anantnag Sector,South to North,58200.0,58.2,75.256078,33.611645,523755.32,3719126.74,anantnag,2.3A
NH44-JK-PILOT,NH-44 Jammu-Srinagar Highway Pilot Corridor,Udhampur Pilot Sector,Banihal / Anantnag Sector,South to North,58300.0,58.3,75.255035,33.61143,523658.65,3719102.58,anantnag,2.3A
NH44-JK-PILOT,NH-44 Jammu-Srinagar Highway Pilot Corridor,Udhampur Pilot Sector,Banihal / Anantnag Sector,South to North,58400.0,58.4,75.253999,33.611245,523562.63,3719081.89,anantnag,2.3A
NH44-JK-PILOT,NH-44 Jammu-Srinagar Highway Pilot Corridor,Udhampur Pilot Sector,Banihal / Anantnag Sector,South to North,58500.0,58.5,75.252986,33.611549,523468.54,3719115.31,anantnag,2.3A
NH44-JK-PILOT,NH-44 Jammu-Srinagar Highway Pilot Corridor,Udhampur Pilot Sector,Banihal / Anantnag Sector,South to North,58600.0,58.6,75.251981,33.611875,523375.27,3719151.29,anantnag,2.3A
NH44-JK-PILOT,NH-44 Jammu-Srinagar Highway Pilot Corridor,Udhampur Pilot Sector,Banihal / Anantnag Sector,South to North,58700.0,58.7,75.250961,33.612166,523280.53,3719183.3,anantnag,2.3A
NH44-JK-PILOT,NH-44 Jammu-Srinagar Highway Pilot Corridor,Udhampur Pilot Sector,Banihal / Anantnag Sector,South to North,58800.0,58.8,75.249922,33.612405,523184.11,3719209.58,anantnag,2.3A
NH44-JK-PILOT,NH-44 Jammu-Srinagar Highway Pilot Corridor,Udhampur Pilot Sector,Banihal / Anantnag Sector,South to North,58900.0,58.9,75.248893,33.61267,523088.6,3719238.76,anantnag,2.3A
NH44-JK-PILOT,NH-44 Jammu-Srinagar Highway Pilot Corridor,Udhampur Pilot Sector,Banihal / Anantnag Sector,South to North,59000.0,59.0,75.248038,33.613183,523009.09,3719295.42,anantnag,2.3A
NH44-JK-PILOT,NH-44 Jammu-Srinagar Highway Pilot Corridor,Udhampur Pilot Sector,Banihal / Anantnag Sector,South to North,59100.0,59.1,75.24731,33.613846,522941.41,3719368.77,anantnag,2.3A
NH44-JK-PILOT,NH-44 Jammu-Srinagar Highway Pilot Corridor,Udhampur Pilot Sector,Banihal / Anantnag Sector,South to North,59200.0,59.2,75.246407,33.61433,522857.51,3719422.22,anantnag,2.3A
NH44-JK-PILOT,NH-44 Jammu-Srinagar Highway Pilot Corridor,Udhampur Pilot Sector,Banihal / Anantnag Sector,South to North,59300.0,59.3,75.245428,33.614708,522766.62,3719463.92,anantnag,2.3A
NH44-JK-PILOT,NH-44 Jammu-Srinagar Highway Pilot Corridor,Udhampur Pilot Sector,Banihal / Anantnag Sector,South to North,59400.0,59.4,75.244369,33.614841,522668.33,3719478.42,anantnag,2.3A
NH44-JK-PILOT,NH-44 Jammu-Srinagar Highway Pilot Corridor,Udhampur Pilot Sector,Banihal / Anantnag Sector,South to North,59500.0,59.5,75.243299,33.614741,522569.11,3719467.05,anantnag,2.3A
NH44-JK-PILOT,NH-44 Jammu-Srinagar Highway Pilot Corridor,Udhampur Pilot Sector,Banihal / Anantnag Sector,South to North,59600.0,59.6,75.242232,33.614612,522470.19,3719452.55,anantnag,2.3A
NH44-JK-PILOT,NH-44 Jammu-Srinagar Highway Pilot Corridor,Udhampur Pilot Sector,Banihal / Anantnag Sector,South to North,59700.0,59.7,75.241378,33.614089,522391.04,3719394.4,anantnag,2.3A
NH44-JK-PILOT,NH-44 Jammu-Srinagar Highway Pilot Corridor,Udhampur Pilot Sector,Banihal / Anantnag Sector,South to North,59800.0,59.8,75.240367,33.613819,522297.39,3719364.24,anantnag,2.3A
NH44-JK-PILOT,NH-44 Jammu-Srinagar Highway Pilot Corridor,Udhampur Pilot Sector,Banihal / Anantnag Sector,South to North,59900.0,59.9,75.239369,33.613491,522204.83,3719327.61,anantnag,2.3A
NH44-JK-PILOT,NH-44 Jammu-Srinagar Highway Pilot Corridor,Udhampur Pilot Sector,Banihal / Anantnag Sector,South to North,60000.0,60.0,75.23833,33.613321,522108.48,3719308.55,anantnag,2.3A
NH44-JK-PILOT,NH-44 Jammu-Srinagar Highway Pilot Corridor,Udhampur Pilot Sector,Banihal / Anantnag Sector,South to North,60100.0,60.1,75.237339,33.613665,522016.51,3719346.5,anantnag,2.3A
NH44-JK-PILOT,NH-44 Jammu-Srinagar Highway Pilot Corridor,Udhampur Pilot Sector,Banihal / Anantnag Sector,South to North,60200.0,60.2,75.236533,33.614238,521941.58,3719409.85,anantnag,2.3A
NH44-JK-PILOT,NH-44 Jammu-Srinagar Highway Pilot Corridor,Udhampur Pilot Sector,Banihal / Anantnag Sector,South to North,60300.0,60.3,75.235807,33.614887,521874.03,3719481.64,anantnag,2.3A
NH44-JK-PILOT,NH-44 Jammu-Srinagar Highway Pilot Corridor,Udhampur Pilot Sector,Banihal / Anantnag Sector,South to North,60400.0,60.4,75.234899,33.615371,521789.76,3719535.18,anantnag,2.3A
NH44-JK-PILOT,NH-44 Jammu-Srinagar Highway Pilot Corridor,Udhampur Pilot Sector,Banihal / Anantnag Sector,South to North,60500.0,60.5,75.23402,33.615891,521708.05,3719592.64,anantnag,2.3A
NH44-JK-PILOT,NH-44 Jammu-Srinagar Highway Pilot Corridor,Udhampur Pilot Sector,Banihal / Anantnag Sector,South to North,60600.0,60.6,75.233113,33.616378,521623.83,3719646.38,anantnag,2.3A
NH44-JK-PILOT,NH-44 Jammu-Srinagar Highway Pilot Corridor,Udhampur Pilot Sector,Banihal / Anantnag Sector,South to North,60700.0,60.7,75.232309,33.616976,521549.09,3719712.57,anantnag,2.3A
NH44-JK-PILOT,NH-44 Jammu-Srinagar Highway Pilot Corridor,Udhampur Pilot Sector,Banihal / Anantnag Sector,South to North,60800.0,60.8,75.231566,33.617627,521480.02,3719784.59,anantnag,2.3A
NH44-JK-PILOT,NH-44 Jammu-Srinagar Highway Pilot Corridor,Udhampur Pilot Sector,Banihal / Anantnag Sector,South to North,60900.0,60.9,75.230988,33.618385,521426.17,3719868.46,anantnag,2.3A
NH44-JK-PILOT,NH-44 Jammu-Srinagar Highway Pilot Corridor,Udhampur Pilot Sector,Banihal / Anantnag Sector,South to North,61000.0,61.0,75.230632,33.619236,521392.99,3719962.8,anantnag,2.3A
NH44-JK-PILOT,NH-44 Jammu-Srinagar Highway Pilot Corridor,Udhampur Pilot Sector,Banihal / Anantnag Sector,South to North,61100.0,61.1,75.230291,33.620092,521361.06,3720057.56,anantnag,2.3A
NH44-JK-PILOT,NH-44 Jammu-Srinagar Highway Pilot Corridor,Udhampur Pilot Sector,Banihal / Anantnag Sector,South to North,61200.0,61.2,75.230074,33.620966,521340.75,3720154.49,anantnag,2.3A
NH44-JK-PILOT,NH-44 Jammu-Srinagar Highway Pilot Corridor,Udhampur Pilot Sector,Banihal / Anantnag Sector,South to North,61300.0,61.3,75.23055,33.621745,521384.72,3720240.93,anantnag,2.3A
NH44-JK-PILOT,NH-44 Jammu-Srinagar Highway Pilot Corridor,Udhampur Pilot Sector,Banihal / Anantnag Sector,South to North,61400.0,61.4,75.231386,33.622314,521462.13,3720304.16,anantnag,2.3A
NH44-JK-PILOT,NH-44 Jammu-Srinagar Highway Pilot Corridor,Udhampur Pilot Sector,Banihal / Anantnag Sector,South to North,61500.0,61.5,75.232228,33.622874,521540.11,3720366.4,anantnag,2.3A
NH44-JK-PILOT,NH-44 Jammu-Srinagar Highway Pilot Corridor,Udhampur Pilot Sector,Banihal / Anantnag Sector,South to North,61600.0,61.6,75.232777,33.623635,521590.82,3720450.96,anantnag,2.3A
NH44-JK-PILOT,NH-44 Jammu-Srinagar Highway Pilot Corridor,Udhampur Pilot Sector,Banihal / Anantnag Sector,South to North,61700.0,61.7,75.232869,33.624522,521599.09,3720549.31,anantnag,2.3A
NH44-JK-PILOT,NH-44 Jammu-Srinagar Highway Pilot Corridor,Udhampur Pilot Sector,Banihal / Anantnag Sector,South to North,61800.0,61.8,75.232814,33.625422,521593.83,3720649.11,anantnag,2.3A
NH44-JK-PILOT,NH-44 Jammu-Srinagar Highway Pilot Corridor,Udhampur Pilot Sector,Banihal / Anantnag Sector,South to North,61900.0,61.9,75.233072,33.626296,521617.47,3720746.04,anantnag,2.3A
NH44-JK-PILOT,NH-44 Jammu-Srinagar Highway Pilot Corridor,Udhampur Pilot Sector,Banihal / Anantnag Sector,South to North,62000.0,62.0,75.233344,33.627167,521642.5,3720842.7,anantnag,2.3A
NH44-JK-PILOT,NH-44 Jammu-Srinagar Highway Pilot Corridor,Udhampur Pilot Sector,Banihal / Anantnag Sector,South to North,62100.0,62.1,75.233486,33.628061,521655.51,3720941.83,anantnag,2.3A
NH44-JK-PILOT,NH-44 Jammu-Srinagar Highway Pilot Corridor,Udhampur Pilot Sector,Banihal / Anantnag Sector,South to North,62200.0,62.2,75.23361,33.628957,521666.76,3721041.19,anantnag,2.3A
NH44-JK-PILOT,NH-44 Jammu-Srinagar Highway Pilot Corridor,Udhampur Pilot Sector,Banihal / Anantnag Sector,South to North,62300.0,62.3,75.23368,33.629857,521673.04,3721140.93,anantnag,2.3A
NH44-JK-PILOT,NH-44 Jammu-Srinagar Highway Pilot Corridor,Udhampur Pilot Sector,Banihal / Anantnag Sector,South to North,62400.0,62.4,75.233735,33.630757,521677.88,3721240.8,anantnag,2.3A
NH44-JK-PILOT,NH-44 Jammu-Srinagar Highway Pilot Corridor,Udhampur Pilot Sector,Banihal / Anantnag Sector,South to North,62500.0,62.5,75.233826,33.631656,521686.15,3721340.45,anantnag,2.3A
NH44-JK-PILOT,NH-44 Jammu-Srinagar Highway Pilot Corridor,Udhampur Pilot Sector,Banihal / Anantnag Sector,South to North,62600.0,62.6,75.234051,33.632537,521706.76,3721438.19,anantnag,2.3A
NH44-JK-PILOT,NH-44 Jammu-Srinagar Highway Pilot Corridor,Udhampur Pilot Sector,Banihal / Anantnag Sector,South to North,62700.0,62.7,75.234332,33.633408,521732.62,3721534.78,anantnag,2.3A
NH44-JK-PILOT,NH-44 Jammu-Srinagar Highway Pilot Corridor,Udhampur Pilot Sector,Banihal / Anantnag Sector,South to North,62800.0,62.8,75.234655,33.634266,521762.35,3721629.99,anantnag,2.3A
NH44-JK-PILOT,NH-44 Jammu-Srinagar Highway Pilot Corridor,Udhampur Pilot Sector,Banihal / Anantnag Sector,South to North,62900.0,62.9,75.235197,33.635045,521812.37,3721716.52,anantnag,2.3A
NH44-JK-PILOT,NH-44 Jammu-Srinagar Highway Pilot Corridor,Udhampur Pilot Sector,Banihal / Anantnag Sector,South to North,63000.0,63.0,75.235759,33.635813,521864.33,3721801.78,anantnag,2.3A
NH44-JK-PILOT,NH-44 Jammu-Srinagar Highway Pilot Corridor,Udhampur Pilot Sector,Banihal / Anantnag Sector,South to North,63100.0,63.1,75.236081,33.636673,521894.02,3721897.17,anantnag,2.3A
NH44-JK-PILOT,NH-44 Jammu-Srinagar Highway Pilot Corridor,Udhampur Pilot Sector,Banihal / Anantnag Sector,South to North,63200.0,63.2,75.236358,33.637544,521919.4,3721993.83,anantnag,2.3A
NH44-JK-PILOT,NH-44 Jammu-Srinagar Highway Pilot Corridor,Udhampur Pilot Sector,Banihal / Anantnag Sector,South to North,63300.0,63.3,75.236492,33.638434,521931.68,3722092.49,anantnag,2.3A
NH44-JK-PILOT,NH-44 Jammu-Srinagar Highway Pilot Corridor,Udhampur Pilot Sector,Banihal / Anantnag Sector,South to North,63400.0,63.4,75.236658,33.639317,521946.81,3722190.48,anantnag,2.3A
NH44-JK-PILOT,NH-44 Jammu-Srinagar Highway Pilot Corridor,Udhampur Pilot Sector,Banihal / Anantnag Sector,South to North,63500.0,63.5,75.23689,33.640196,521968.1,3722287.9,anantnag,2.3A
NH44-JK-PILOT,NH-44 Jammu-Srinagar Highway Pilot Corridor,Udhampur Pilot Sector,Banihal / Anantnag Sector,South to North,63600.0,63.6,75.237074,33.641084,521984.92,3722386.45,anantnag,2.3A
NH44-JK-PILOT,NH-44 Jammu-Srinagar Highway Pilot Corridor,Udhampur Pilot Sector,Banihal / Anantnag Sector,South to North,63700.0,63.7,75.237153,33.641982,521992.03,3722486.06,anantnag,2.3A
NH44-JK-PILOT,NH-44 Jammu-Srinagar Highway Pilot Corridor,Udhampur Pilot Sector,Banihal / Anantnag Sector,South to North,63800.0,63.8,75.237187,33.642883,521995.01,3722585.96,anantnag,2.3A
NH44-JK-PILOT,NH-44 Jammu-Srinagar Highway Pilot Corridor,Udhampur Pilot Sector,Banihal / Anantnag Sector,South to North,63900.0,63.9,75.237192,33.643783,521995.22,3722685.71,anantnag,2.3A
NH44-JK-PILOT,NH-44 Jammu-Srinagar Highway Pilot Corridor,Udhampur Pilot Sector,Banihal / Anantnag Sector,South to North,64000.0,64.0,75.237241,33.644675,521999.53,3722784.64,anantnag,2.3A
NH44-JK-PILOT,NH-44 Jammu-Srinagar Highway Pilot Corridor,Udhampur Pilot Sector,Banihal / Anantnag Sector,South to North,64100.0,64.1,75.237073,33.645566,521983.74,3722883.35,anantnag,2.3A
NH44-JK-PILOT,NH-44 Jammu-Srinagar Highway Pilot Corridor,Udhampur Pilot Sector,Banihal / Anantnag Sector,South to North,64200.0,64.2,75.236841,33.646446,521961.98,3722980.89,anantnag,2.3A
NH44-JK-PILOT,NH-44 Jammu-Srinagar Highway Pilot Corridor,Udhampur Pilot Sector,Banihal / Anantnag Sector,South to North,64300.0,64.3,75.23658,33.647321,521937.51,3723077.85,anantnag,2.3A
NH44-JK-PILOT,NH-44 Jammu-Srinagar Highway Pilot Corridor,Udhampur Pilot Sector,Banihal / Anantnag Sector,South to North,64400.0,64.4,75.23629,33.648189,521910.39,3723174.01,anantnag,2.3A
NH44-JK-PILOT,NH-44 Jammu-Srinagar Highway Pilot Corridor,Udhampur Pilot Sector,Banihal / Anantnag Sector,South to North,64500.0,64.5,75.23596,33.649045,521879.64,3723268.88,anantnag,2.3A
NH44-JK-PILOT,NH-44 Jammu-Srinagar Highway Pilot Corridor,Udhampur Pilot Sector,Banihal / Anantnag Sector,South to North,64600.0,64.6,75.235865,33.649944,521870.58,3723368.47,anantnag,2.3A
NH44-JK-PILOT,NH-44 Jammu-Srinagar Highway Pilot Corridor,Udhampur Pilot Sector,Banihal / Anantnag Sector,South to North,64700.0,64.7,75.235808,33.650844,521865.07,3723468.31,anantnag,2.3A
NH44-JK-PILOT,NH-44 Jammu-Srinagar Highway Pilot Corridor,Udhampur Pilot Sector,Banihal / Anantnag Sector,South to North,64800.0,64.8,75.235642,33.651735,521849.49,3723567.0,anantnag,2.3A
NH44-JK-PILOT,NH-44 Jammu-Srinagar Highway Pilot Corridor,Udhampur Pilot Sector,Banihal / Anantnag Sector,South to North,64900.0,64.9,75.235418,33.652617,521828.44,3723664.74,anantnag,2.3A
NH44-JK-PILOT,NH-44 Jammu-Srinagar Highway Pilot Corridor,Udhampur Pilot Sector,Banihal / Anantnag Sector,South to North,65000.0,65.0,75.235037,33.653456,521792.94,3723757.67,anantnag,2.3A
NH44-JK-PILOT,NH-44 Jammu-Srinagar Highway Pilot Corridor,Udhampur Pilot Sector,Banihal / Anantnag Sector,South to North,65100.0,65.1,75.234524,33.654248,521745.12,3723845.42,anantnag,2.3A
NH44-JK-PILOT,NH-44 Jammu-Srinagar Highway Pilot Corridor,Udhampur Pilot Sector,Banihal / Anantnag Sector,South to North,65200.0,65.2,75.233996,33.655035,521696.05,3723932.55,anantnag,2.3A
NH44-JK-PILOT,NH-44 Jammu-Srinagar Highway Pilot Corridor,Udhampur Pilot Sector,Banihal / Anantnag Sector,South to North,65300.0,65.3,75.233604,33.655871,521659.44,3724025.12,anantnag,2.3A
NH44-JK-PILOT,NH-44 Jammu-Srinagar Highway Pilot Corridor,Udhampur Pilot Sector,Banihal / Anantnag Sector,South to North,65400.0,65.4,75.233281,33.656731,521629.31,3724120.47,anantnag,2.3A
NH44-JK-PILOT,NH-44 Jammu-Srinagar Highway Pilot Corridor,Udhampur Pilot Sector,Banihal / Anantnag Sector,South to North,65500.0,65.5,75.232959,33.657592,521599.18,3724215.83,anantnag,2.3A
NH44-JK-PILOT,NH-44 Jammu-Srinagar Highway Pilot Corridor,Udhampur Pilot Sector,Banihal / Anantnag Sector,South to North,65600.0,65.6,75.232691,33.658465,521574.13,3724312.55,anantnag,2.3A
NH44-JK-PILOT,NH-44 Jammu-Srinagar Highway Pilot Corridor,Udhampur Pilot Sector,Banihal / Anantnag Sector,South to North,65700.0,65.7,75.232451,33.659344,521551.66,3724409.99,anantnag,2.3A
NH44-JK-PILOT,NH-44 Jammu-Srinagar Highway Pilot Corridor,Udhampur Pilot Sector,Banihal / Anantnag Sector,South to North,65800.0,65.8,75.232196,33.66022,521527.78,3724507.1,anantnag,2.3A
NH44-JK-PILOT,NH-44 Jammu-Srinagar Highway Pilot Corridor,Udhampur Pilot Sector,Banihal / Anantnag Sector,South to North,65900.0,65.9,75.231908,33.661087,521500.88,3724603.13,anantnag,2.3A
NH44-JK-PILOT,NH-44 Jammu-Srinagar Highway Pilot Corridor,Udhampur Pilot Sector,Banihal / Anantnag Sector,South to North,66000.0,66.0,75.231365,33.66186,521450.39,3724688.72,anantnag,2.3A
NH44-JK-PILOT,NH-44 Jammu-Srinagar Highway Pilot Corridor,Udhampur Pilot Sector,Banihal / Anantnag Sector,South to North,66100.0,66.1,75.230695,33.662567,521388.06,3724766.92,anantnag,2.3A
NH44-JK-PILOT,NH-44 Jammu-Srinagar Highway Pilot Corridor,Udhampur Pilot Sector,Banihal / Anantnag Sector,South to North,66200.0,66.2,75.230095,33.663315,521332.22,3724849.82,anantnag,2.3A
NH44-JK-PILOT,NH-44 Jammu-Srinagar Highway Pilot Corridor,Udhampur Pilot Sector,Banihal / Anantnag Sector,South to North,66300.0,66.3,75.229506,33.664071,521277.47,3724933.5,anantnag,2.3A
NH44-JK-PILOT,NH-44 Jammu-Srinagar Highway Pilot Corridor,Udhampur Pilot Sector,Banihal / Anantnag Sector,South to North,66400.0,66.4,75.228883,33.664805,521219.57,3725014.68,anantnag,2.3A
NH44-JK-PILOT,NH-44 Jammu-Srinagar Highway Pilot Corridor,Udhampur Pilot Sector,Banihal / Anantnag Sector,South to North,66500.0,66.5,75.22826,33.665526,521161.57,3725094.49,anantnag,2.3A
NH44-JK-PILOT,NH-44 Jammu-Srinagar Highway Pilot Corridor,Udhampur Pilot Sector,Banihal / Anantnag Sector,South to North,66600.0,66.6,75.228075,33.666411,521144.27,3725192.58,anantnag,2.3A
NH44-JK-PILOT,NH-44 Jammu-Srinagar Highway Pilot Corridor,Udhampur Pilot Sector,Banihal / Anantnag Sector,South to North,66700.0,66.7,75.227541,33.66718,521094.52,3725277.8,anantnag,2.3A
NH44-JK-PILOT,NH-44 Jammu-Srinagar Highway Pilot Corridor,Udhampur Pilot Sector,Banihal / Anantnag Sector,South to North,66800.0,66.8,75.226885,33.667896,521033.52,3725356.99,anantnag,2.3A
NH44-JK-PILOT,NH-44 Jammu-Srinagar Highway Pilot Corridor,Udhampur Pilot Sector,Banihal / Anantnag Sector,South to North,66900.0,66.9,75.226117,33.668525,520962.18,3725426.63,anantnag,2.3A
NH44-JK-PILOT,NH-44 Jammu-Srinagar Highway Pilot Corridor,Udhampur Pilot Sector,Banihal / Anantnag Sector,South to North,67000.0,67.0,75.225394,33.669195,520895.04,3725500.74,anantnag,2.3A
NH44-JK-PILOT,NH-44 Jammu-Srinagar Highway Pilot Corridor,Udhampur Pilot Sector,Banihal / Anantnag Sector,South to North,67100.0,67.1,75.224659,33.669854,520826.73,3725573.62,anantnag,2.3A
NH44-JK-PILOT,NH-44 Jammu-Srinagar Highway Pilot Corridor,Udhampur Pilot Sector,Banihal / Anantnag Sector,South to North,67200.0,67.2,75.223829,33.67043,520749.64,3725637.32,anantnag,2.3A
NH44-JK-PILOT,NH-44 Jammu-Srinagar Highway Pilot Corridor,Udhampur Pilot Sector,Banihal / Anantnag Sector,South to North,67300.0,67.3,75.223009,33.671016,520673.51,3725702.16,anantnag,2.3A
NH44-JK-PILOT,NH-44 Jammu-Srinagar Highway Pilot Corridor,Udhampur Pilot Sector,Banihal / Anantnag Sector,South to North,67400.0,67.4,75.222383,33.671749,520615.3,3725783.35,anantnag,2.3A
NH44-JK-PILOT,NH-44 Jammu-Srinagar Highway Pilot Corridor,Udhampur Pilot Sector,Banihal / Anantnag Sector,South to North,67500.0,67.5,75.221764,33.672488,520557.67,3725865.07,anantnag,2.3A
NH44-JK-PILOT,NH-44 Jammu-Srinagar Highway Pilot Corridor,Udhampur Pilot Sector,Banihal / Anantnag Sector,South to North,67600.0,67.6,75.221119,33.67321,520497.71,3725945.01,anantnag,2.3A
NH44-JK-PILOT,NH-44 Jammu-Srinagar Highway Pilot Corridor,Udhampur Pilot Sector,Banihal / Anantnag Sector,South to North,67700.0,67.7,75.220431,33.673905,520433.8,3726021.92,anantnag,2.3A
NH44-JK-PILOT,NH-44 Jammu-Srinagar Highway Pilot Corridor,Udhampur Pilot Sector,Banihal / Anantnag Sector,South to North,67800.0,67.8,75.219762,33.674611,520371.6,3726100.16,anantnag,2.3A
NH44-JK-PILOT,NH-44 Jammu-Srinagar Highway Pilot Corridor,Udhampur Pilot Sector,Banihal / Anantnag Sector,South to North,67900.0,67.9,75.22,33.67535,520393.47,3726182.05,anantnag,2.3A
NH44-JK-PILOT,NH-44 Jammu-Srinagar Highway Pilot Corridor,Udhampur Pilot Sector,Banihal / Anantnag Sector,South to North,68000.0,68.0,75.220672,33.676051,520455.65,3726259.92,anantnag,2.3A
NH44-JK-PILOT,NH-44 Jammu-Srinagar Highway Pilot Corridor,Udhampur Pilot Sector,Banihal / Anantnag Sector,South to North,68100.0,68.1,75.221101,33.676868,520495.24,3726350.58,anantnag,2.3A
NH44-JK-PILOT,NH-44 Jammu-Srinagar Highway Pilot Corridor,Udhampur Pilot Sector,Banihal / Anantnag Sector,South to North,68200.0,68.2,75.220942,33.67775,520480.27,3726448.36,anantnag,2.3A
NH44-JK-PILOT,NH-44 Jammu-Srinagar Highway Pilot Corridor,Udhampur Pilot Sector,Banihal / Anantnag Sector,South to North,68300.0,68.3,75.220584,33.678599,520446.84,3726542.39,anantnag,2.3A
NH44-JK-PILOT,NH-44 Jammu-Srinagar Highway Pilot Corridor,Udhampur Pilot Sector,Banihal / Anantnag Sector,South to North,68400.0,68.4,75.220144,33.67942,520405.91,3726633.35,anantnag,2.3A
NH44-JK-PILOT,NH-44 Jammu-Srinagar Highway Pilot Corridor,Udhampur Pilot Sector,Banihal / Anantnag Sector,South to North,68500.0,68.5,75.219922,33.680302,520385.07,3726731.13,anantnag,2.3A
NH44-JK-PILOT,NH-44 Jammu-Srinagar Highway Pilot Corridor,Udhampur Pilot Sector,Banihal / Anantnag Sector,South to North,68600.0,68.6,75.219854,33.681198,520378.55,3726830.46,anantnag,2.3A
NH44-JK-PILOT,NH-44 Jammu-Srinagar Highway Pilot Corridor,Udhampur Pilot Sector,Banihal / Anantnag Sector,South to North,68700.0,68.7,75.219797,33.682099,520373.13,3726930.31,anantnag,2.3A
NH44-JK-PILOT,NH-44 Jammu-Srinagar Highway Pilot Corridor,Udhampur Pilot Sector,Banihal / Anantnag Sector,South to North,68800.0,68.8,75.219755,33.683,520368.96,3727030.22,anantnag,2.3A
NH44-JK-PILOT,NH-44 Jammu-Srinagar Highway Pilot Corridor,Udhampur Pilot Sector,Banihal / Anantnag Sector,South to North,68900.0,68.9,75.219056,33.683628,520304.08,3727099.68,anantnag,2.3A
NH44-JK-PILOT,NH-44 Jammu-Srinagar Highway Pilot Corridor,Udhampur Pilot Sector,Banihal / Anantnag Sector,South to North,69000.0,69.0,75.218487,33.684394,520251.14,3727184.52,anantnag,2.3A
NH44-JK-PILOT,NH-44 Jammu-Srinagar Highway Pilot Corridor,Udhampur Pilot Sector,Banihal / Anantnag Sector,South to North,69100.0,69.1,75.217676,33.684937,520175.88,3727244.55,anantnag,2.3A
NH44-JK-PILOT,NH-44 Jammu-Srinagar Highway Pilot Corridor,Udhampur Pilot Sector,Banihal / Anantnag Sector,South to North,69200.0,69.2,75.217197,33.68574,520131.23,3727333.53,anantnag,2.3A
NH44-JK-PILOT,NH-44 Jammu-Srinagar Highway Pilot Corridor,Udhampur Pilot Sector,Banihal / Anantnag Sector,South to North,69300.0,69.3,75.216544,33.686453,520070.53,3727412.4,anantnag,2.3A
NH44-JK-PILOT,NH-44 Jammu-Srinagar Highway Pilot Corridor,Udhampur Pilot Sector,Banihal / Anantnag Sector,South to North,69400.0,69.4,75.215923,33.68719,520012.81,3727494.02,anantnag,2.3A
NH44-JK-PILOT,NH-44 Jammu-Srinagar Highway Pilot Corridor,Udhampur Pilot Sector,Banihal / Anantnag Sector,South to North,69500.0,69.5,75.215319,33.687937,519956.68,3727576.75,anantnag,2.3A
NH44-JK-PILOT,NH-44 Jammu-Srinagar Highway Pilot Corridor,Udhampur Pilot Sector,Banihal / Anantnag Sector,South to North,69600.0,69.6,75.214745,33.688701,519903.33,3727661.33,anantnag,2.3A
NH44-JK-PILOT,NH-44 Jammu-Srinagar Highway Pilot Corridor,Udhampur Pilot Sector,Banihal / Anantnag Sector,South to North,69700.0,69.7,75.214211,33.68948,519853.59,3727747.54,anantnag,2.3A
NH44-JK-PILOT,NH-44 Jammu-Srinagar Highway Pilot Corridor,Udhampur Pilot Sector,Banihal / Anantnag Sector,South to North,69800.0,69.8,75.213812,33.690312,519816.44,3727839.72,anantnag,2.3A
NH44-JK-PILOT,NH-44 Jammu-Srinagar Highway Pilot Corridor,Udhampur Pilot Sector,Banihal / Anantnag Sector,South to North,69900.0,69.9,75.213286,33.691099,519767.57,3727926.96,anantnag,2.3A
NH44-JK-PILOT,NH-44 Jammu-Srinagar Highway Pilot Corridor,Udhampur Pilot Sector,Banihal / Anantnag Sector,South to North,70000.0,70.0,75.212761,33.691887,519718.7,3728014.21,anantnag,2.3A
NH44-JK-PILOT,NH-44 Jammu-Srinagar Highway Pilot Corridor,Udhampur Pilot Sector,Banihal / Anantnag Sector,South to North,70100.0,70.1,75.212236,33.692675,519669.83,3728101.46,anantnag,2.3A
NH44-JK-PILOT,NH-44 Jammu-Srinagar Highway Pilot Corridor,Udhampur Pilot Sector,Banihal / Anantnag Sector,South to North,70200.0,70.2,75.211749,33.69348,519624.52,3728190.58,anantnag,2.3A
NH44-JK-PILOT,NH-44 Jammu-Srinagar Highway Pilot Corridor,Udhampur Pilot Sector,Banihal / Anantnag Sector,South to North,70300.0,70.3,75.211088,33.694191,519563.16,3728269.33,anantnag,2.3A
NH44-JK-PILOT,NH-44 Jammu-Srinagar Highway Pilot Corridor,Udhampur Pilot Sector,Banihal / Anantnag Sector,South to North,70400.0,70.4,75.210396,33.694883,519498.87,3728345.88,anantnag,2.3A
NH44-JK-PILOT,NH-44 Jammu-Srinagar Highway Pilot Corridor,Udhampur Pilot Sector,Banihal / Anantnag Sector,South to North,70500.0,70.5,75.20971,33.695578,519435.12,3728422.86,anantnag,2.3A
NH44-JK-PILOT,NH-44 Jammu-Srinagar Highway Pilot Corridor,Udhampur Pilot Sector,Banihal / Anantnag Sector,South to North,70600.0,70.6,75.20905,33.696292,519373.79,3728501.84,anantnag,2.3A
NH44-JK-PILOT,NH-44 Jammu-Srinagar Highway Pilot Corridor,Udhampur Pilot Sector,Banihal / Anantnag Sector,South to North,70700.0,70.7,75.208742,33.697146,519345.0,3728596.49,anantnag,2.3A
NH44-JK-PILOT,NH-44 Jammu-Srinagar Highway Pilot Corridor,Udhampur Pilot Sector,Banihal / Anantnag Sector,South to North,70800.0,70.8,75.208448,33.698014,519317.6,3728692.67,anantnag,2.3A
NH44-JK-PILOT,NH-44 Jammu-Srinagar Highway Pilot Corridor,Udhampur Pilot Sector,Banihal / Anantnag Sector,South to North,70900.0,70.9,75.208289,33.698901,519302.61,3728790.98,anantnag,2.3A
NH44-JK-PILOT,NH-44 Jammu-Srinagar Highway Pilot Corridor,Udhampur Pilot Sector,Banihal / Anantnag Sector,South to North,71000.0,71.0,75.20771,33.699542,519248.87,3728861.95,anantnag,2.3A
NH44-JK-PILOT,NH-44 Jammu-Srinagar Highway Pilot Corridor,Udhampur Pilot Sector,Banihal / Anantnag Sector,South to North,71100.0,71.1,75.206902,33.700086,519173.82,3728922.1,anantnag,2.3A
NH44-JK-PILOT,NH-44 Jammu-Srinagar Highway Pilot Corridor,Udhampur Pilot Sector,Banihal / Anantnag Sector,South to North,71200.0,71.2,75.206507,33.700916,519137.05,3729014.05,anantnag,2.3A
NH44-JK-PILOT,NH-44 Jammu-Srinagar Highway Pilot Corridor,Udhampur Pilot Sector,Banihal / Anantnag Sector,South to North,71300.0,71.3,75.205828,33.70161,519073.95,3729090.86,anantnag,2.3A
NH44-JK-PILOT,NH-44 Jammu-Srinagar Highway Pilot Corridor,Udhampur Pilot Sector,Banihal / Anantnag Sector,South to North,71400.0,71.4,75.205265,33.702378,519021.65,3729175.97,anantnag,2.3A
NH44-JK-PILOT,NH-44 Jammu-Srinagar Highway Pilot Corridor,Udhampur Pilot Sector,Banihal / Anantnag Sector,South to North,71500.0,71.5,75.204646,33.703111,518964.14,3729257.1,anantnag,2.3A
NH44-JK-PILOT,NH-44 Jammu-Srinagar Highway Pilot Corridor,Udhampur Pilot Sector,Banihal / Anantnag Sector,South to North,71600.0,71.6,75.203713,33.703527,518877.58,3729303.05,anantnag,2.3A
NH44-JK-PILOT,NH-44 Jammu-Srinagar Highway Pilot Corridor,Udhampur Pilot Sector,Banihal / Anantnag Sector,South to North,71700.0,71.7,75.20343,33.704319,518851.14,3729390.79,anantnag,2.3A
NH44-JK-PILOT,NH-44 Jammu-Srinagar Highway Pilot Corridor,Udhampur Pilot Sector,Banihal / Anantnag Sector,South to North,71800.0,71.8,75.202856,33.705053,518797.84,3729472.14,anantnag,2.3A
NH44-JK-PILOT,NH-44 Jammu-Srinagar Highway Pilot Corridor,Udhampur Pilot Sector,Banihal / Anantnag Sector,South to North,71900.0,71.9,75.202017,33.705603,518719.98,3729532.96,anantnag,2.3A
NH44-JK-PILOT,NH-44 Jammu-Srinagar Highway Pilot Corridor,Udhampur Pilot Sector,Banihal / Anantnag Sector,South to North,72000.0,72.0,75.200952,33.705715,518621.24,3729545.19,anantnag,2.3A
NH44-JK-PILOT,NH-44 Jammu-Srinagar Highway Pilot Corridor,Udhampur Pilot Sector,Banihal / Anantnag Sector,South to North,72100.0,72.1,75.199936,33.705451,518527.14,3729515.63,anantnag,2.3A
NH44-JK-PILOT,NH-44 Jammu-Srinagar Highway Pilot Corridor,Udhampur Pilot Sector,Banihal / Anantnag Sector,South to North,72200.0,72.2,75.19889,33.705547,518430.22,3729526.1,anantnag,2.3A
NH44-JK-PILOT,NH-44 Jammu-Srinagar Highway Pilot Corridor,Udhampur Pilot Sector,Banihal / Anantnag Sector,South to North,72300.0,72.3,75.19788,33.705809,518336.53,3729555.06,anantnag,2.3A
NH44-JK-PILOT,NH-44 Jammu-Srinagar Highway Pilot Corridor,Udhampur Pilot Sector,Banihal / Anantnag Sector,South to North,72400.0,72.4,75.197057,33.706381,518260.2,3729618.27,anantnag,2.3A
NH44-JK-PILOT,NH-44 Jammu-Srinagar Highway Pilot Corridor,Udhampur Pilot Sector,Banihal / Anantnag Sector,South to North,72500.0,72.5,75.196081,33.706764,518169.62,3729660.56,anantnag,2.3A
NH44-JK-PILOT,NH-44 Jammu-Srinagar Highway Pilot Corridor,Udhampur Pilot Sector,Banihal / Anantnag Sector,South to North,72600.0,72.6,75.195272,33.707347,518094.59,3729725.1,anantnag,2.3A
NH44-JK-PILOT,NH-44 Jammu-Srinagar Highway Pilot Corridor,Udhampur Pilot Sector,Banihal / Anantnag Sector,South to North,72700.0,72.7,75.194345,33.707806,518008.57,3729775.81,anantnag,2.3A
NH44-JK-PILOT,NH-44 Jammu-Srinagar Highway Pilot Corridor,Udhampur Pilot Sector,Banihal / Anantnag Sector,South to North,72800.0,72.8,75.19333,33.708105,517914.47,3729808.76,anantnag,2.3A
NH44-JK-PILOT,NH-44 Jammu-Srinagar Highway Pilot Corridor,Udhampur Pilot Sector,Banihal / Anantnag Sector,South to North,72900.0,72.9,75.19243,33.708597,517830.99,3729863.23,anantnag,2.3A
NH44-JK-PILOT,NH-44 Jammu-Srinagar Highway Pilot Corridor,Udhampur Pilot Sector,Banihal / Anantnag Sector,South to North,73000.0,73.0,75.19145,33.708953,517740.07,3729902.48,anantnag,2.3A
NH44-JK-PILOT,NH-44 Jammu-Srinagar Highway Pilot Corridor,Udhampur Pilot Sector,Banihal / Anantnag Sector,South to North,73100.0,73.1,75.190602,33.709508,517661.34,3729963.85,anantnag,2.3A
NH44-JK-PILOT,NH-44 Jammu-Srinagar Highway Pilot Corridor,Udhampur Pilot Sector,Banihal / Anantnag Sector,South to North,73200.0,73.2,75.189829,33.710135,517589.6,3730033.24,anantnag,2.3A
NH44-JK-PILOT,NH-44 Jammu-Srinagar Highway Pilot Corridor,Udhampur Pilot Sector,Banihal / Anantnag Sector,South to North,73300.0,73.3,75.189017,33.710719,517514.29,3730097.91,anantnag,2.3A
NH44-JK-PILOT,NH-44 Jammu-Srinagar Highway Pilot Corridor,Udhampur Pilot Sector,Banihal / Anantnag Sector,South to North,73400.0,73.4,75.188079,33.711149,517427.27,3730145.36,anantnag,2.3A
NH44-JK-PILOT,NH-44 Jammu-Srinagar Highway Pilot Corridor,Udhampur Pilot Sector,Banihal / Anantnag Sector,South to North,73500.0,73.5,75.187031,33.711113,517330.14,3730141.16,anantnag,2.3A
NH44-JK-PILOT,NH-44 Jammu-Srinagar Highway Pilot Corridor,Udhampur Pilot Sector,Banihal / Anantnag Sector,South to North,73600.0,73.6,75.186007,33.711397,517235.23,3730172.52,anantnag,2.3A
NH44-JK-PILOT,NH-44 Jammu-Srinagar Highway Pilot Corridor,Udhampur Pilot Sector,Banihal / Anantnag Sector,South to North,73700.0,73.7,75.184972,33.711644,517139.32,3730199.71,anantnag,2.3A
NH44-JK-PILOT,NH-44 Jammu-Srinagar Highway Pilot Corridor,Udhampur Pilot Sector,Banihal / Anantnag Sector,South to North,73800.0,73.8,75.18403,33.712028,517051.96,3730242.15,anantnag,2.3A
NH44-JK-PILOT,NH-44 Jammu-Srinagar Highway Pilot Corridor,Udhampur Pilot Sector,Banihal / Anantnag Sector,South to North,73900.0,73.9,75.183122,33.712501,516967.68,3730294.46,anantnag,2.3A
NH44-JK-PILOT,NH-44 Jammu-Srinagar Highway Pilot Corridor,Udhampur Pilot Sector,Banihal / Anantnag Sector,South to North,74000.0,74.0,75.182257,33.713005,516887.45,3730350.19,anantnag,2.3A
NH44-JK-PILOT,NH-44 Jammu-Srinagar Highway Pilot Corridor,Udhampur Pilot Sector,Banihal / Anantnag Sector,South to North,74100.0,74.1,75.181394,33.713542,516807.33,3730409.62,anantnag,2.3A
NH44-JK-PILOT,NH-44 Jammu-Srinagar Highway Pilot Corridor,Udhampur Pilot Sector,Banihal / Anantnag Sector,South to North,74200.0,74.2,75.180631,33.714169,516736.53,3730478.99,anantnag,2.3A
NH44-JK-PILOT,NH-44 Jammu-Srinagar Highway Pilot Corridor,Udhampur Pilot Sector,Banihal / Anantnag Sector,South to North,74300.0,74.3,75.179891,33.714773,516667.85,3730545.88,anantnag,2.3A
NH44-JK-PILOT,NH-44 Jammu-Srinagar Highway Pilot Corridor,Udhampur Pilot Sector,Banihal / Anantnag Sector,South to North,74400.0,74.4,75.178949,33.715214,516580.53,3730594.61,anantnag,2.3A
NH44-JK-PILOT,NH-44 Jammu-Srinagar Highway Pilot Corridor,Udhampur Pilot Sector,Banihal / Anantnag Sector,South to North,74500.0,74.5,75.177981,33.715613,516490.77,3730638.68,anantnag,2.3A
NH44-JK-PILOT,NH-44 Jammu-Srinagar Highway Pilot Corridor,Udhampur Pilot Sector,Banihal / Anantnag Sector,South to North,74600.0,74.6,75.177012,33.71601,516400.91,3730682.55,anantnag,2.3A
NH44-JK-PILOT,NH-44 Jammu-Srinagar Highway Pilot Corridor,Udhampur Pilot Sector,Banihal / Anantnag Sector,South to North,74700.0,74.7,75.175973,33.716235,516304.53,3730707.29,anantnag,2.3A
NH44-JK-PILOT,NH-44 Jammu-Srinagar Highway Pilot Corridor,Udhampur Pilot Sector,Banihal / Anantnag Sector,South to North,74800.0,74.8,75.175018,33.716645,516216.02,3730752.64,anantnag,2.3A
NH44-JK-PILOT,NH-44 Jammu-Srinagar Highway Pilot Corridor,Udhampur Pilot Sector,Banihal / Anantnag Sector,South to North,74875.83,74.876,75.174382,33.717074,516156.99,3730800.12,anantnag,2.3A
