source_file,file_md5,total_rows,crs,column_name,data_type,non_null_count,sample_value
jk_nh44.parquet,14a4959473a2eb8e899899aaff913258,82,"{""$schema"": ""https://proj.org/schemas/v0.7/projjson.schema.json"", ""type"": ""GeographicCRS"", ""name"": ""WGS 84"", ""datum_ensemble"": {""name"": ""World Geodetic System 1984 ensemble"", ""members"": [{""name"": ""World Geodetic System 1984 (Transit)""}, {""name"": ""World Geodetic System 1984 (G730)""}, {""name"": ""World Geodetic System 1984 (G873)""}, {""name"": ""World Geodetic System 1984 (G1150)""}, {""name"": ""World Geodetic System 1984 (G1674)""}, {""name"": ""World Geodetic System 1984 (G1762)""}, {""name"": ""World Geodetic System 1984 (G2139)""}, {""name"": ""World Geodetic System 1984 (G2296)""}], ""ellipsoid"": {""name"": ""WGS 84"", ""semi_major_axis"": 6378137, ""inverse_flattening"": 298.257223563}, ""accuracy"": ""2.0"", ""id"": {""authority"": ""EPSG"", ""code"": 6326}}, ""coordinate_system"": {""subtype"": ""ellipsoidal"", ""axis"": [{""name"": ""Geodetic latitude"", ""abbreviation"": ""Lat"", ""direction"": ""north"", ""unit"": ""degree""}, {""name"": ""Geodetic longitude"", ""abbreviation"": ""Lon"", ""direction"": ""east"", ""unit"": ""degree""}]}, ""scope"": ""Horizontal component of 3D system."", ""area"": ""World."", ""bbox"": {""south_latitude"": -90, ""west_longitude"": -180, ""north_latitude"": 90, ""east_longitude"": 180}, ""id"": {""authority"": ""EPSG"", ""code"": 4326}}",osm_id,int64,82,1258390257
jk_nh44.parquet,14a4959473a2eb8e899899aaff913258,82,"{""$schema"": ""https://proj.org/schemas/v0.7/projjson.schema.json"", ""type"": ""GeographicCRS"", ""name"": ""WGS 84"", ""datum_ensemble"": {""name"": ""World Geodetic System 1984 ensemble"", ""members"": [{""name"": ""World Geodetic System 1984 (Transit)""}, {""name"": ""World Geodetic System 1984 (G730)""}, {""name"": ""World Geodetic System 1984 (G873)""}, {""name"": ""World Geodetic System 1984 (G1150)""}, {""name"": ""World Geodetic System 1984 (G1674)""}, {""name"": ""World Geodetic System 1984 (G1762)""}, {""name"": ""World Geodetic System 1984 (G2139)""}, {""name"": ""World Geodetic System 1984 (G2296)""}], ""ellipsoid"": {""name"": ""WGS 84"", ""semi_major_axis"": 6378137, ""inverse_flattening"": 298.257223563}, ""accuracy"": ""2.0"", ""id"": {""authority"": ""EPSG"", ""code"": 6326}}, ""coordinate_system"": {""subtype"": ""ellipsoidal"", ""axis"": [{""name"": ""Geodetic latitude"", ""abbreviation"": ""Lat"", ""direction"": ""north"", ""unit"": ""degree""}, {""name"": ""Geodetic longitude"", ""abbreviation"": ""Lon"", ""direction"": ""east"", ""unit"": ""degree""}]}, ""scope"": ""Horizontal component of 3D system."", ""area"": ""World."", ""bbox"": {""south_latitude"": -90, ""west_longitude"": -180, ""north_latitude"": 90, ""east_longitude"": 180}, ""id"": {""authority"": ""EPSG"", ""code"": 4326}}",osm_type,str,82,ways_line
jk_nh44.parquet,14a4959473a2eb8e899899aaff913258,82,"{""$schema"": ""https://proj.org/schemas/v0.7/projjson.schema.json"", ""type"": ""GeographicCRS"", ""name"": ""WGS 84"", ""datum_ensemble"": {""name"": ""World Geodetic System 1984 ensemble"", ""members"": [{""name"": ""World Geodetic System 1984 (Transit)""}, {""name"": ""World Geodetic System 1984 (G730)""}, {""name"": ""World Geodetic System 1984 (G873)""}, {""name"": ""World Geodetic System 1984 (G1150)""}, {""name"": ""World Geodetic System 1984 (G1674)""}, {""name"": ""World Geodetic System 1984 (G1762)""}, {""name"": ""World Geodetic System 1984 (G2139)""}, {""name"": ""World Geodetic System 1984 (G2296)""}], ""ellipsoid"": {""name"": ""WGS 84"", ""semi_major_axis"": 6378137, ""inverse_flattening"": 298.257223563}, ""accuracy"": ""2.0"", ""id"": {""authority"": ""EPSG"", ""code"": 6326}}, ""coordinate_system"": {""subtype"": ""ellipsoidal"", ""axis"": [{""name"": ""Geodetic latitude"", ""abbreviation"": ""Lat"", ""direction"": ""north"", ""unit"": ""degree""}, {""name"": ""Geodetic longitude"", ""abbreviation"": ""Lon"", ""direction"": ""east"", ""unit"": ""degree""}]}, ""scope"": ""Horizontal component of 3D system."", ""area"": ""World."", ""bbox"": {""south_latitude"": -90, ""west_longitude"": -180, ""north_latitude"": 90, ""east_longitude"": 180}, ""id"": {""authority"": ""EPSG"", ""code"": 4326}}",military,object,0,N/A
jk_nh44.parquet,14a4959473a2eb8e899899aaff913258,82,"{""$schema"": ""https://proj.org/schemas/v0.7/projjson.schema.json"", ""type"": ""GeographicCRS"", ""name"": ""WGS 84"", ""datum_ensemble"": {""name"": ""World Geodetic System 1984 ensemble"", ""members"": [{""name"": ""World Geodetic System 1984 (Transit)""}, {""name"": ""World Geodetic System 1984 (G730)""}, {""name"": ""World Geodetic System 1984 (G873)""}, {""name"": ""World Geodetic System 1984 (G1150)""}, {""name"": ""World Geodetic System 1984 (G1674)""}, {""name"": ""World Geodetic System 1984 (G1762)""}, {""name"": ""World Geodetic System 1984 (G2139)""}, {""name"": ""World Geodetic System 1984 (G2296)""}], ""ellipsoid"": {""name"": ""WGS 84"", ""semi_major_axis"": 6378137, ""inverse_flattening"": 298.257223563}, ""accuracy"": ""2.0"", ""id"": {""authority"": ""EPSG"", ""code"": 6326}}, ""coordinate_system"": {""subtype"": ""ellipsoidal"", ""axis"": [{""name"": ""Geodetic latitude"", ""abbreviation"": ""Lat"", ""direction"": ""north"", ""unit"": ""degree""}, {""name"": ""Geodetic longitude"", ""abbreviation"": ""Lon"", ""direction"": ""east"", ""unit"": ""degree""}]}, ""scope"": ""Horizontal component of 3D system."", ""area"": ""World."", ""bbox"": {""south_latitude"": -90, ""west_longitude"": -180, ""north_latitude"": 90, ""east_longitude"": 180}, ""id"": {""authority"": ""EPSG"", ""code"": 4326}}",healthcare,object,0,N/A
jk_nh44.parquet,14a4959473a2eb8e899899aaff913258,82,"{""$schema"": ""https://proj.org/schemas/v0.7/projjson.schema.json"", ""type"": ""GeographicCRS"", ""name"": ""WGS 84"", ""datum_ensemble"": {""name"": ""World Geodetic System 1984 ensemble"", ""members"": [{""name"": ""World Geodetic System 1984 (Transit)""}, {""name"": ""World Geodetic System 1984 (G730)""}, {""name"": ""World Geodetic System 1984 (G873)""}, {""name"": ""World Geodetic System 1984 (G1150)""}, {""name"": ""World Geodetic System 1984 (G1674)""}, {""name"": ""World Geodetic System 1984 (G1762)""}, {""name"": ""World Geodetic System 1984 (G2139)""}, {""name"": ""World Geodetic System 1984 (G2296)""}], ""ellipsoid"": {""name"": ""WGS 84"", ""semi_major_axis"": 6378137, ""inverse_flattening"": 298.257223563}, ""accuracy"": ""2.0"", ""id"": {""authority"": ""EPSG"", ""code"": 6326}}, ""coordinate_system"": {""subtype"": ""ellipsoidal"", ""axis"": [{""name"": ""Geodetic latitude"", ""abbreviation"": ""Lat"", ""direction"": ""north"", ""unit"": ""degree""}, {""name"": ""Geodetic longitude"", ""abbreviation"": ""Lon"", ""direction"": ""east"", ""unit"": ""degree""}]}, ""scope"": ""Horizontal component of 3D system."", ""area"": ""World."", ""bbox"": {""south_latitude"": -90, ""west_longitude"": -180, ""north_latitude"": 90, ""east_longitude"": 180}, ""id"": {""authority"": ""EPSG"", ""code"": 4326}}",medical_system_western,object,0,N/A
jk_nh44.parquet,14a4959473a2eb8e899899aaff913258,82,"{""$schema"": ""https://proj.org/schemas/v0.7/projjson.schema.json"", ""type"": ""GeographicCRS"", ""name"": ""WGS 84"", ""datum_ensemble"": {""name"": ""World Geodetic System 1984 ensemble"", ""members"": [{""name"": ""World Geodetic System 1984 (Transit)""}, {""name"": ""World Geodetic System 1984 (G730)""}, {""name"": ""World Geodetic System 1984 (G873)""}, {""name"": ""World Geodetic System 1984 (G1150)""}, {""name"": ""World Geodetic System 1984 (G1674)""}, {""name"": ""World Geodetic System 1984 (G1762)""}, {""name"": ""World Geodetic System 1984 (G2139)""}, {""name"": ""World Geodetic System 1984 (G2296)""}], ""ellipsoid"": {""name"": ""WGS 84"", ""semi_major_axis"": 6378137, ""inverse_flattening"": 298.257223563}, ""accuracy"": ""2.0"", ""id"": {""authority"": ""EPSG"", ""code"": 6326}}, ""coordinate_system"": {""subtype"": ""ellipsoidal"", ""axis"": [{""name"": ""Geodetic latitude"", ""abbreviation"": ""Lat"", ""direction"": ""north"", ""unit"": ""degree""}, {""name"": ""Geodetic longitude"", ""abbreviation"": ""Lon"", ""direction"": ""east"", ""unit"": ""degree""}]}, ""scope"": ""Horizontal component of 3D system."", ""area"": ""World."", ""bbox"": {""south_latitude"": -90, ""west_longitude"": -180, ""north_latitude"": 90, ""east_longitude"": 180}, ""id"": {""authority"": ""EPSG"", ""code"": 4326}}",name,str,82,Jammu Bypass NH-244A
jk_nh44.parquet,14a4959473a2eb8e899899aaff913258,82,"{""$schema"": ""https://proj.org/schemas/v0.7/projjson.schema.json"", ""type"": ""GeographicCRS"", ""name"": ""WGS 84"", ""datum_ensemble"": {""name"": ""World Geodetic System 1984 ensemble"", ""members"": [{""name"": ""World Geodetic System 1984 (Transit)""}, {""name"": ""World Geodetic System 1984 (G730)""}, {""name"": ""World Geodetic System 1984 (G873)""}, {""name"": ""World Geodetic System 1984 (G1150)""}, {""name"": ""World Geodetic System 1984 (G1674)""}, {""name"": ""World Geodetic System 1984 (G1762)""}, {""name"": ""World Geodetic System 1984 (G2139)""}, {""name"": ""World Geodetic System 1984 (G2296)""}], ""ellipsoid"": {""name"": ""WGS 84"", ""semi_major_axis"": 6378137, ""inverse_flattening"": 298.257223563}, ""accuracy"": ""2.0"", ""id"": {""authority"": ""EPSG"", ""code"": 6326}}, ""coordinate_system"": {""subtype"": ""ellipsoidal"", ""axis"": [{""name"": ""Geodetic latitude"", ""abbreviation"": ""Lat"", ""direction"": ""north"", ""unit"": ""degree""}, {""name"": ""Geodetic longitude"", ""abbreviation"": ""Lon"", ""direction"": ""east"", ""unit"": ""degree""}]}, ""scope"": ""Horizontal component of 3D system."", ""area"": ""World."", ""bbox"": {""south_latitude"": -90, ""west_longitude"": -180, ""north_latitude"": 90, ""east_longitude"": 180}, ""id"": {""authority"": ""EPSG"", ""code"": 4326}}",bridge,str,31,yes
jk_nh44.parquet,14a4959473a2eb8e899899aaff913258,82,"{""$schema"": ""https://proj.org/schemas/v0.7/projjson.schema.json"", ""type"": ""GeographicCRS"", ""name"": ""WGS 84"", ""datum_ensemble"": {""name"": ""World Geodetic System 1984 ensemble"", ""members"": [{""name"": ""World Geodetic System 1984 (Transit)""}, {""name"": ""World Geodetic System 1984 (G730)""}, {""name"": ""World Geodetic System 1984 (G873)""}, {""name"": ""World Geodetic System 1984 (G1150)""}, {""name"": ""World Geodetic System 1984 (G1674)""}, {""name"": ""World Geodetic System 1984 (G1762)""}, {""name"": ""World Geodetic System 1984 (G2139)""}, {""name"": ""World Geodetic System 1984 (G2296)""}], ""ellipsoid"": {""name"": ""WGS 84"", ""semi_major_axis"": 6378137, ""inverse_flattening"": 298.257223563}, ""accuracy"": ""2.0"", ""id"": {""authority"": ""EPSG"", ""code"": 6326}}, ""coordinate_system"": {""subtype"": ""ellipsoidal"", ""axis"": [{""name"": ""Geodetic latitude"", ""abbreviation"": ""Lat"", ""direction"": ""north"", ""unit"": ""degree""}, {""name"": ""Geodetic longitude"", ""abbreviation"": ""Lon"", ""direction"": ""east"", ""unit"": ""degree""}]}, ""scope"": ""Horizontal component of 3D system."", ""area"": ""World."", ""bbox"": {""south_latitude"": -90, ""west_longitude"": -180, ""north_latitude"": 90, ""east_longitude"": 180}, ""id"": {""authority"": ""EPSG"", ""code"": 4326}}",staff_count_nurses,object,0,N/A
jk_nh44.parquet,14a4959473a2eb8e899899aaff913258,82,"{""$schema"": ""https://proj.org/schemas/v0.7/projjson.schema.json"", ""type"": ""GeographicCRS"", ""name"": ""WGS 84"", ""datum_ensemble"": {""name"": ""World Geodetic System 1984 ensemble"", ""members"": [{""name"": ""World Geodetic System 1984 (Transit)""}, {""name"": ""World Geodetic System 1984 (G730)""}, {""name"": ""World Geodetic System 1984 (G873)""}, {""name"": ""World Geodetic System 1984 (G1150)""}, {""name"": ""World Geodetic System 1984 (G1674)""}, {""name"": ""World Geodetic System 1984 (G1762)""}, {""name"": ""World Geodetic System 1984 (G2139)""}, {""name"": ""World Geodetic System 1984 (G2296)""}], ""ellipsoid"": {""name"": ""WGS 84"", ""semi_major_axis"": 6378137, ""inverse_flattening"": 298.257223563}, ""accuracy"": ""2.0"", ""id"": {""authority"": ""EPSG"", ""code"": 6326}}, ""coordinate_system"": {""subtype"": ""ellipsoidal"", ""axis"": [{""name"": ""Geodetic latitude"", ""abbreviation"": ""Lat"", ""direction"": ""north"", ""unit"": ""degree""}, {""name"": ""Geodetic longitude"", ""abbreviation"": ""Lon"", ""direction"": ""east"", ""unit"": ""degree""}]}, ""scope"": ""Horizontal component of 3D system."", ""area"": ""World."", ""bbox"": {""south_latitude"": -90, ""west_longitude"": -180, ""north_latitude"": 90, ""east_longitude"": 180}, ""id"": {""authority"": ""EPSG"", ""code"": 4326}}",emergency,object,0,N/A
jk_nh44.parquet,14a4959473a2eb8e899899aaff913258,82,"{""$schema"": ""https://proj.org/schemas/v0.7/projjson.schema.json"", ""type"": ""GeographicCRS"", ""name"": ""WGS 84"", ""datum_ensemble"": {""name"": ""World Geodetic System 1984 ensemble"", ""members"": [{""name"": ""World Geodetic System 1984 (Transit)""}, {""name"": ""World Geodetic System 1984 (G730)""}, {""name"": ""World Geodetic System 1984 (G873)""}, {""name"": ""World Geodetic System 1984 (G1150)""}, {""name"": ""World Geodetic System 1984 (G1674)""}, {""name"": ""World Geodetic System 1984 (G1762)""}, {""name"": ""World Geodetic System 1984 (G2139)""}, {""name"": ""World Geodetic System 1984 (G2296)""}], ""ellipsoid"": {""name"": ""WGS 84"", ""semi_major_axis"": 6378137, ""inverse_flattening"": 298.257223563}, ""accuracy"": ""2.0"", ""id"": {""authority"": ""EPSG"", ""code"": 6326}}, ""coordinate_system"": {""subtype"": ""ellipsoidal"", ""axis"": [{""name"": ""Geodetic latitude"", ""abbreviation"": ""Lat"", ""direction"": ""north"", ""unit"": ""degree""}, {""name"": ""Geodetic longitude"", ""abbreviation"": ""Lon"", ""direction"": ""east"", ""unit"": ""degree""}]}, ""scope"": ""Horizontal component of 3D system."", ""area"": ""World."", ""bbox"": {""south_latitude"": -90, ""west_longitude"": -180, ""north_latitude"": 90, ""east_longitude"": 180}, ""id"": {""authority"": ""EPSG"", ""code"": 4326}}",layer,str,31,1
jk_nh44.parquet,14a4959473a2eb8e899899aaff913258,82,"{""$schema"": ""https://proj.org/schemas/v0.7/projjson.schema.json"", ""type"": ""GeographicCRS"", ""name"": ""WGS 84"", ""datum_ensemble"": {""name"": ""World Geodetic System 1984 ensemble"", ""members"": [{""name"": ""World Geodetic System 1984 (Transit)""}, {""name"": ""World Geodetic System 1984 (G730)""}, {""name"": ""World Geodetic System 1984 (G873)""}, {""name"": ""World Geodetic System 1984 (G1150)""}, {""name"": ""World Geodetic System 1984 (G1674)""}, {""name"": ""World Geodetic System 1984 (G1762)""}, {""name"": ""World Geodetic System 1984 (G2139)""}, {""name"": ""World Geodetic System 1984 (G2296)""}], ""ellipsoid"": {""name"": ""WGS 84"", ""semi_major_axis"": 6378137, ""inverse_flattening"": 298.257223563}, ""accuracy"": ""2.0"", ""id"": {""authority"": ""EPSG"", ""code"": 6326}}, ""coordinate_system"": {""subtype"": ""ellipsoidal"", ""axis"": [{""name"": ""Geodetic latitude"", ""abbreviation"": ""Lat"", ""direction"": ""north"", ""unit"": ""degree""}, {""name"": ""Geodetic longitude"", ""abbreviation"": ""Lon"", ""direction"": ""east"", ""unit"": ""degree""}]}, ""scope"": ""Horizontal component of 3D system."", ""area"": ""World."", ""bbox"": {""south_latitude"": -90, ""west_longitude"": -180, ""north_latitude"": 90, ""east_longitude"": 180}, ""id"": {""authority"": ""EPSG"", ""code"": 4326}}",oneway,str,80,yes
jk_nh44.parquet,14a4959473a2eb8e899899aaff913258,82,"{""$schema"": ""https://proj.org/schemas/v0.7/projjson.schema.json"", ""type"": ""GeographicCRS"", ""name"": ""WGS 84"", ""datum_ensemble"": {""name"": ""World Geodetic System 1984 ensemble"", ""members"": [{""name"": ""World Geodetic System 1984 (Transit)""}, {""name"": ""World Geodetic System 1984 (G730)""}, {""name"": ""World Geodetic System 1984 (G873)""}, {""name"": ""World Geodetic System 1984 (G1150)""}, {""name"": ""World Geodetic System 1984 (G1674)""}, {""name"": ""World Geodetic System 1984 (G1762)""}, {""name"": ""World Geodetic System 1984 (G2139)""}, {""name"": ""World Geodetic System 1984 (G2296)""}], ""ellipsoid"": {""name"": ""WGS 84"", ""semi_major_axis"": 6378137, ""inverse_flattening"": 298.257223563}, ""accuracy"": ""2.0"", ""id"": {""authority"": ""EPSG"", ""code"": 6326}}, ""coordinate_system"": {""subtype"": ""ellipsoidal"", ""axis"": [{""name"": ""Geodetic latitude"", ""abbreviation"": ""Lat"", ""direction"": ""north"", ""unit"": ""degree""}, {""name"": ""Geodetic longitude"", ""abbreviation"": ""Lon"", ""direction"": ""east"", ""unit"": ""degree""}]}, ""scope"": ""Horizontal component of 3D system."", ""area"": ""World."", ""bbox"": {""south_latitude"": -90, ""west_longitude"": -180, ""north_latitude"": 90, ""east_longitude"": 180}, ""id"": {""authority"": ""EPSG"", ""code"": 4326}}",operator_type,object,0,N/A
jk_nh44.parquet,14a4959473a2eb8e899899aaff913258,82,"{""$schema"": ""https://proj.org/schemas/v0.7/projjson.schema.json"", ""type"": ""GeographicCRS"", ""name"": ""WGS 84"", ""datum_ensemble"": {""name"": ""World Geodetic System 1984 ensemble"", ""members"": [{""name"": ""World Geodetic System 1984 (Transit)""}, {""name"": ""World Geodetic System 1984 (G730)""}, {""name"": ""World Geodetic System 1984 (G873)""}, {""name"": ""World Geodetic System 1984 (G1150)""}, {""name"": ""World Geodetic System 1984 (G1674)""}, {""name"": ""World Geodetic System 1984 (G1762)""}, {""name"": ""World Geodetic System 1984 (G2139)""}, {""name"": ""World Geodetic System 1984 (G2296)""}], ""ellipsoid"": {""name"": ""WGS 84"", ""semi_major_axis"": 6378137, ""inverse_flattening"": 298.257223563}, ""accuracy"": ""2.0"", ""id"": {""authority"": ""EPSG"", ""code"": 6326}}, ""coordinate_system"": {""subtype"": ""ellipsoidal"", ""axis"": [{""name"": ""Geodetic latitude"", ""abbreviation"": ""Lat"", ""direction"": ""north"", ""unit"": ""degree""}, {""name"": ""Geodetic longitude"", ""abbreviation"": ""Lon"", ""direction"": ""east"", ""unit"": ""degree""}]}, ""scope"": ""Horizontal component of 3D system."", ""area"": ""World."", ""bbox"": {""south_latitude"": -90, ""west_longitude"": -180, ""north_latitude"": 90, ""east_longitude"": 180}, ""id"": {""authority"": ""EPSG"", ""code"": 4326}}",health_facility_type,object,0,N/A
jk_nh44.parquet,14a4959473a2eb8e899899aaff913258,82,"{""$schema"": ""https://proj.org/schemas/v0.7/projjson.schema.json"", ""type"": ""GeographicCRS"", ""name"": ""WGS 84"", ""datum_ensemble"": {""name"": ""World Geodetic System 1984 ensemble"", ""members"": [{""name"": ""World Geodetic System 1984 (Transit)""}, {""name"": ""World Geodetic System 1984 (G730)""}, {""name"": ""World Geodetic System 1984 (G873)""}, {""name"": ""World Geodetic System 1984 (G1150)""}, {""name"": ""World Geodetic System 1984 (G1674)""}, {""name"": ""World Geodetic System 1984 (G1762)""}, {""name"": ""World Geodetic System 1984 (G2139)""}, {""name"": ""World Geodetic System 1984 (G2296)""}], ""ellipsoid"": {""name"": ""WGS 84"", ""semi_major_axis"": 6378137, ""inverse_flattening"": 298.257223563}, ""accuracy"": ""2.0"", ""id"": {""authority"": ""EPSG"", ""code"": 6326}}, ""coordinate_system"": {""subtype"": ""ellipsoidal"", ""axis"": [{""name"": ""Geodetic latitude"", ""abbreviation"": ""Lat"", ""direction"": ""north"", ""unit"": ""degree""}, {""name"": ""Geodetic longitude"", ""abbreviation"": ""Lon"", ""direction"": ""east"", ""unit"": ""degree""}]}, ""scope"": ""Horizontal component of 3D system."", ""area"": ""World."", ""bbox"": {""south_latitude"": -90, ""west_longitude"": -180, ""north_latitude"": 90, ""east_longitude"": 180}, ""id"": {""authority"": ""EPSG"", ""code"": 4326}}",highway,str,82,trunk
jk_nh44.parquet,14a4959473a2eb8e899899aaff913258,82,"{""$schema"": ""https://proj.org/schemas/v0.7/projjson.schema.json"", ""type"": ""GeographicCRS"", ""name"": ""WGS 84"", ""datum_ensemble"": {""name"": ""World Geodetic System 1984 ensemble"", ""members"": [{""name"": ""World Geodetic System 1984 (Transit)""}, {""name"": ""World Geodetic System 1984 (G730)""}, {""name"": ""World Geodetic System 1984 (G873)""}, {""name"": ""World Geodetic System 1984 (G1150)""}, {""name"": ""World Geodetic System 1984 (G1674)""}, {""name"": ""World Geodetic System 1984 (G1762)""}, {""name"": ""World Geodetic System 1984 (G2139)""}, {""name"": ""World Geodetic System 1984 (G2296)""}], ""ellipsoid"": {""name"": ""WGS 84"", ""semi_major_axis"": 6378137, ""inverse_flattening"": 298.257223563}, ""accuracy"": ""2.0"", ""id"": {""authority"": ""EPSG"", ""code"": 6326}}, ""coordinate_system"": {""subtype"": ""ellipsoidal"", ""axis"": [{""name"": ""Geodetic latitude"", ""abbreviation"": ""Lat"", ""direction"": ""north"", ""unit"": ""degree""}, {""name"": ""Geodetic longitude"", ""abbreviation"": ""Lon"", ""direction"": ""east"", ""unit"": ""degree""}]}, ""scope"": ""Horizontal component of 3D system."", ""area"": ""World."", ""bbox"": {""south_latitude"": -90, ""west_longitude"": -180, ""north_latitude"": 90, ""east_longitude"": 180}, ""id"": {""authority"": ""EPSG"", ""code"": 4326}}",admin_level,object,0,N/A
jk_nh44.parquet,14a4959473a2eb8e899899aaff913258,82,"{""$schema"": ""https://proj.org/schemas/v0.7/projjson.schema.json"", ""type"": ""GeographicCRS"", ""name"": ""WGS 84"", ""datum_ensemble"": {""name"": ""World Geodetic System 1984 ensemble"", ""members"": [{""name"": ""World Geodetic System 1984 (Transit)""}, {""name"": ""World Geodetic System 1984 (G730)""}, {""name"": ""World Geodetic System 1984 (G873)""}, {""name"": ""World Geodetic System 1984 (G1150)""}, {""name"": ""World Geodetic System 1984 (G1674)""}, {""name"": ""World Geodetic System 1984 (G1762)""}, {""name"": ""World Geodetic System 1984 (G2139)""}, {""name"": ""World Geodetic System 1984 (G2296)""}], ""ellipsoid"": {""name"": ""WGS 84"", ""semi_major_axis"": 6378137, ""inverse_flattening"": 298.257223563}, ""accuracy"": ""2.0"", ""id"": {""authority"": ""EPSG"", ""code"": 6326}}, ""coordinate_system"": {""subtype"": ""ellipsoidal"", ""axis"": [{""name"": ""Geodetic latitude"", ""abbreviation"": ""Lat"", ""direction"": ""north"", ""unit"": ""degree""}, {""name"": ""Geodetic longitude"", ""abbreviation"": ""Lon"", ""direction"": ""east"", ""unit"": ""degree""}]}, ""scope"": ""Horizontal component of 3D system."", ""area"": ""World."", ""bbox"": {""south_latitude"": -90, ""west_longitude"": -180, ""north_latitude"": 90, ""east_longitude"": 180}, ""id"": {""authority"": ""EPSG"", ""code"": 4326}}",boundary,object,0,N/A
jk_nh44.parquet,14a4959473a2eb8e899899aaff913258,82,"{""$schema"": ""https://proj.org/schemas/v0.7/projjson.schema.json"", ""type"": ""GeographicCRS"", ""name"": ""WGS 84"", ""datum_ensemble"": {""name"": ""World Geodetic System 1984 ensemble"", ""members"": [{""name"": ""World Geodetic System 1984 (Transit)""}, {""name"": ""World Geodetic System 1984 (G730)""}, {""name"": ""World Geodetic System 1984 (G873)""}, {""name"": ""World Geodetic System 1984 (G1150)""}, {""name"": ""World Geodetic System 1984 (G1674)""}, {""name"": ""World Geodetic System 1984 (G1762)""}, {""name"": ""World Geodetic System 1984 (G2139)""}, {""name"": ""World Geodetic System 1984 (G2296)""}], ""ellipsoid"": {""name"": ""WGS 84"", ""semi_major_axis"": 6378137, ""inverse_flattening"": 298.257223563}, ""accuracy"": ""2.0"", ""id"": {""authority"": ""EPSG"", ""code"": 6326}}, ""coordinate_system"": {""subtype"": ""ellipsoidal"", ""axis"": [{""name"": ""Geodetic latitude"", ""abbreviation"": ""Lat"", ""direction"": ""north"", ""unit"": ""degree""}, {""name"": ""Geodetic longitude"", ""abbreviation"": ""Lon"", ""direction"": ""east"", ""unit"": ""degree""}]}, ""scope"": ""Horizontal component of 3D system."", ""area"": ""World."", ""bbox"": {""south_latitude"": -90, ""west_longitude"": -180, ""north_latitude"": 90, ""east_longitude"": 180}, ""id"": {""authority"": ""EPSG"", ""code"": 4326}}",barrier,object,0,N/A
jk_nh44.parquet,14a4959473a2eb8e899899aaff913258,82,"{""$schema"": ""https://proj.org/schemas/v0.7/projjson.schema.json"", ""type"": ""GeographicCRS"", ""name"": ""WGS 84"", ""datum_ensemble"": {""name"": ""World Geodetic System 1984 ensemble"", ""members"": [{""name"": ""World Geodetic System 1984 (Transit)""}, {""name"": ""World Geodetic System 1984 (G730)""}, {""name"": ""World Geodetic System 1984 (G873)""}, {""name"": ""World Geodetic System 1984 (G1150)""}, {""name"": ""World Geodetic System 1984 (G1674)""}, {""name"": ""World Geodetic System 1984 (G1762)""}, {""name"": ""World Geodetic System 1984 (G2139)""}, {""name"": ""World Geodetic System 1984 (G2296)""}], ""ellipsoid"": {""name"": ""WGS 84"", ""semi_major_axis"": 6378137, ""inverse_flattening"": 298.257223563}, ""accuracy"": ""2.0"", ""id"": {""authority"": ""EPSG"", ""code"": 6326}}, ""coordinate_system"": {""subtype"": ""ellipsoidal"", ""axis"": [{""name"": ""Geodetic latitude"", ""abbreviation"": ""Lat"", ""direction"": ""north"", ""unit"": ""degree""}, {""name"": ""Geodetic longitude"", ""abbreviation"": ""Lon"", ""direction"": ""east"", ""unit"": ""degree""}]}, ""scope"": ""Horizontal component of 3D system."", ""area"": ""World."", ""bbox"": {""south_latitude"": -90, ""west_longitude"": -180, ""north_latitude"": 90, ""east_longitude"": 180}, ""id"": {""authority"": ""EPSG"", ""code"": 4326}}",is_in,object,0,N/A
jk_nh44.parquet,14a4959473a2eb8e899899aaff913258,82,"{""$schema"": ""https://proj.org/schemas/v0.7/projjson.schema.json"", ""type"": ""GeographicCRS"", ""name"": ""WGS 84"", ""datum_ensemble"": {""name"": ""World Geodetic System 1984 ensemble"", ""members"": [{""name"": ""World Geodetic System 1984 (Transit)""}, {""name"": ""World Geodetic System 1984 (G730)""}, {""name"": ""World Geodetic System 1984 (G873)""}, {""name"": ""World Geodetic System 1984 (G1150)""}, {""name"": ""World Geodetic System 1984 (G1674)""}, {""name"": ""World Geodetic System 1984 (G1762)""}, {""name"": ""World Geodetic System 1984 (G2139)""}, {""name"": ""World Geodetic System 1984 (G2296)""}], ""ellipsoid"": {""name"": ""WGS 84"", ""semi_major_axis"": 6378137, ""inverse_flattening"": 298.257223563}, ""accuracy"": ""2.0"", ""id"": {""authority"": ""EPSG"", ""code"": 6326}}, ""coordinate_system"": {""subtype"": ""ellipsoidal"", ""axis"": [{""name"": ""Geodetic latitude"", ""abbreviation"": ""Lat"", ""direction"": ""north"", ""unit"": ""degree""}, {""name"": ""Geodetic longitude"", ""abbreviation"": ""Lon"", ""direction"": ""east"", ""unit"": ""degree""}]}, ""scope"": ""Horizontal component of 3D system."", ""area"": ""World."", ""bbox"": {""south_latitude"": -90, ""west_longitude"": -180, ""north_latitude"": 90, ""east_longitude"": 180}, ""id"": {""authority"": ""EPSG"", ""code"": 4326}}",isced_level,object,0,N/A
jk_nh44.parquet,14a4959473a2eb8e899899aaff913258,82,"{""$schema"": ""https://proj.org/schemas/v0.7/projjson.schema.json"", ""type"": ""GeographicCRS"", ""name"": ""WGS 84"", ""datum_ensemble"": {""name"": ""World Geodetic System 1984 ensemble"", ""members"": [{""name"": ""World Geodetic System 1984 (Transit)""}, {""name"": ""World Geodetic System 1984 (G730)""}, {""name"": ""World Geodetic System 1984 (G873)""}, {""name"": ""World Geodetic System 1984 (G1150)""}, {""name"": ""World Geodetic System 1984 (G1674)""}, {""name"": ""World Geodetic System 1984 (G1762)""}, {""name"": ""World Geodetic System 1984 (G2139)""}, {""name"": ""World Geodetic System 1984 (G2296)""}], ""ellipsoid"": {""name"": ""WGS 84"", ""semi_major_axis"": 6378137, ""inverse_flattening"": 298.257223563}, ""accuracy"": ""2.0"", ""id"": {""authority"": ""EPSG"", ""code"": 6326}}, ""coordinate_system"": {""subtype"": ""ellipsoidal"", ""axis"": [{""name"": ""Geodetic latitude"", ""abbreviation"": ""Lat"", ""direction"": ""north"", ""unit"": ""degree""}, {""name"": ""Geodetic longitude"", ""abbreviation"": ""Lon"", ""direction"": ""east"", ""unit"": ""degree""}]}, ""scope"": ""Horizontal component of 3D system."", ""area"": ""World."", ""bbox"": {""south_latitude"": -90, ""west_longitude"": -180, ""north_latitude"": 90, ""east_longitude"": 180}, ""id"": {""authority"": ""EPSG"", ""code"": 4326}}",health_facility_level,object,0,N/A
jk_nh44.parquet,14a4959473a2eb8e899899aaff913258,82,"{""$schema"": ""https://proj.org/schemas/v0.7/projjson.schema.json"", ""type"": ""GeographicCRS"", ""name"": ""WGS 84"", ""datum_ensemble"": {""name"": ""World Geodetic System 1984 ensemble"", ""members"": [{""name"": ""World Geodetic System 1984 (Transit)""}, {""name"": ""World Geodetic System 1984 (G730)""}, {""name"": ""World Geodetic System 1984 (G873)""}, {""name"": ""World Geodetic System 1984 (G1150)""}, {""name"": ""World Geodetic System 1984 (G1674)""}, {""name"": ""World Geodetic System 1984 (G1762)""}, {""name"": ""World Geodetic System 1984 (G2139)""}, {""name"": ""World Geodetic System 1984 (G2296)""}], ""ellipsoid"": {""name"": ""WGS 84"", ""semi_major_axis"": 6378137, ""inverse_flattening"": 298.257223563}, ""accuracy"": ""2.0"", ""id"": {""authority"": ""EPSG"", ""code"": 6326}}, ""coordinate_system"": {""subtype"": ""ellipsoidal"", ""axis"": [{""name"": ""Geodetic latitude"", ""abbreviation"": ""Lat"", ""direction"": ""north"", ""unit"": ""degree""}, {""name"": ""Geodetic longitude"", ""abbreviation"": ""Lon"", ""direction"": ""east"", ""unit"": ""degree""}]}, ""scope"": ""Horizontal component of 3D system."", ""area"": ""World."", ""bbox"": {""south_latitude"": -90, ""west_longitude"": -180, ""north_latitude"": 90, ""east_longitude"": 180}, ""id"": {""authority"": ""EPSG"", ""code"": 4326}}",aeroway,object,0,N/A
jk_nh44.parquet,14a4959473a2eb8e899899aaff913258,82,"{""$schema"": ""https://proj.org/schemas/v0.7/projjson.schema.json"", ""type"": ""GeographicCRS"", ""name"": ""WGS 84"", ""datum_ensemble"": {""name"": ""World Geodetic System 1984 ensemble"", ""members"": [{""name"": ""World Geodetic System 1984 (Transit)""}, {""name"": ""World Geodetic System 1984 (G730)""}, {""name"": ""World Geodetic System 1984 (G873)""}, {""name"": ""World Geodetic System 1984 (G1150)""}, {""name"": ""World Geodetic System 1984 (G1674)""}, {""name"": ""World Geodetic System 1984 (G1762)""}, {""name"": ""World Geodetic System 1984 (G2139)""}, {""name"": ""World Geodetic System 1984 (G2296)""}], ""ellipsoid"": {""name"": ""WGS 84"", ""semi_major_axis"": 6378137, ""inverse_flattening"": 298.257223563}, ""accuracy"": ""2.0"", ""id"": {""authority"": ""EPSG"", ""code"": 6326}}, ""coordinate_system"": {""subtype"": ""ellipsoidal"", ""axis"": [{""name"": ""Geodetic latitude"", ""abbreviation"": ""Lat"", ""direction"": ""north"", ""unit"": ""degree""}, {""name"": ""Geodetic longitude"", ""abbreviation"": ""Lon"", ""direction"": ""east"", ""unit"": ""degree""}]}, ""scope"": ""Horizontal component of 3D system."", ""area"": ""World."", ""bbox"": {""south_latitude"": -90, ""west_longitude"": -180, ""north_latitude"": 90, ""east_longitude"": 180}, ""id"": {""authority"": ""EPSG"", ""code"": 4326}}",railway,object,0,N/A
jk_nh44.parquet,14a4959473a2eb8e899899aaff913258,82,"{""$schema"": ""https://proj.org/schemas/v0.7/projjson.schema.json"", ""type"": ""GeographicCRS"", ""name"": ""WGS 84"", ""datum_ensemble"": {""name"": ""World Geodetic System 1984 ensemble"", ""members"": [{""name"": ""World Geodetic System 1984 (Transit)""}, {""name"": ""World Geodetic System 1984 (G730)""}, {""name"": ""World Geodetic System 1984 (G873)""}, {""name"": ""World Geodetic System 1984 (G1150)""}, {""name"": ""World Geodetic System 1984 (G1674)""}, {""name"": ""World Geodetic System 1984 (G1762)""}, {""name"": ""World Geodetic System 1984 (G2139)""}, {""name"": ""World Geodetic System 1984 (G2296)""}], ""ellipsoid"": {""name"": ""WGS 84"", ""semi_major_axis"": 6378137, ""inverse_flattening"": 298.257223563}, ""accuracy"": ""2.0"", ""id"": {""authority"": ""EPSG"", ""code"": 6326}}, ""coordinate_system"": {""subtype"": ""ellipsoidal"", ""axis"": [{""name"": ""Geodetic latitude"", ""abbreviation"": ""Lat"", ""direction"": ""north"", ""unit"": ""degree""}, {""name"": ""Geodetic longitude"", ""abbreviation"": ""Lon"", ""direction"": ""east"", ""unit"": ""degree""}]}, ""scope"": ""Horizontal component of 3D system."", ""area"": ""World."", ""bbox"": {""south_latitude"": -90, ""west_longitude"": -180, ""north_latitude"": 90, ""east_longitude"": 180}, ""id"": {""authority"": ""EPSG"", ""code"": 4326}}",status,object,0,N/A
jk_nh44.parquet,14a4959473a2eb8e899899aaff913258,82,"{""$schema"": ""https://proj.org/schemas/v0.7/projjson.schema.json"", ""type"": ""GeographicCRS"", ""name"": ""WGS 84"", ""datum_ensemble"": {""name"": ""World Geodetic System 1984 ensemble"", ""members"": [{""name"": ""World Geodetic System 1984 (Transit)""}, {""name"": ""World Geodetic System 1984 (G730)""}, {""name"": ""World Geodetic System 1984 (G873)""}, {""name"": ""World Geodetic System 1984 (G1150)""}, {""name"": ""World Geodetic System 1984 (G1674)""}, {""name"": ""World Geodetic System 1984 (G1762)""}, {""name"": ""World Geodetic System 1984 (G2139)""}, {""name"": ""World Geodetic System 1984 (G2296)""}], ""ellipsoid"": {""name"": ""WGS 84"", ""semi_major_axis"": 6378137, ""inverse_flattening"": 298.257223563}, ""accuracy"": ""2.0"", ""id"": {""authority"": ""EPSG"", ""code"": 6326}}, ""coordinate_system"": {""subtype"": ""ellipsoidal"", ""axis"": [{""name"": ""Geodetic latitude"", ""abbreviation"": ""Lat"", ""direction"": ""north"", ""unit"": ""degree""}, {""name"": ""Geodetic longitude"", ""abbreviation"": ""Lon"", ""direction"": ""east"", ""unit"": ""degree""}]}, ""scope"": ""Horizontal component of 3D system."", ""area"": ""World."", ""bbox"": {""south_latitude"": -90, ""west_longitude"": -180, ""north_latitude"": 90, ""east_longitude"": 180}, ""id"": {""authority"": ""EPSG"", ""code"": 4326}}",smoothness,object,0,N/A
jk_nh44.parquet,14a4959473a2eb8e899899aaff913258,82,"{""$schema"": ""https://proj.org/schemas/v0.7/projjson.schema.json"", ""type"": ""GeographicCRS"", ""name"": ""WGS 84"", ""datum_ensemble"": {""name"": ""World Geodetic System 1984 ensemble"", ""members"": [{""name"": ""World Geodetic System 1984 (Transit)""}, {""name"": ""World Geodetic System 1984 (G730)""}, {""name"": ""World Geodetic System 1984 (G873)""}, {""name"": ""World Geodetic System 1984 (G1150)""}, {""name"": ""World Geodetic System 1984 (G1674)""}, {""name"": ""World Geodetic System 1984 (G1762)""}, {""name"": ""World Geodetic System 1984 (G2139)""}, {""name"": ""World Geodetic System 1984 (G2296)""}], ""ellipsoid"": {""name"": ""WGS 84"", ""semi_major_axis"": 6378137, ""inverse_flattening"": 298.257223563}, ""accuracy"": ""2.0"", ""id"": {""authority"": ""EPSG"", ""code"": 6326}}, ""coordinate_system"": {""subtype"": ""ellipsoidal"", ""axis"": [{""name"": ""Geodetic latitude"", ""abbreviation"": ""Lat"", ""direction"": ""north"", ""unit"": ""degree""}, {""name"": ""Geodetic longitude"", ""abbreviation"": ""Lon"", ""direction"": ""east"", ""unit"": ""degree""}]}, ""scope"": ""Horizontal component of 3D system."", ""area"": ""World."", ""bbox"": {""south_latitude"": -90, ""west_longitude"": -180, ""north_latitude"": 90, ""east_longitude"": 180}, ""id"": {""authority"": ""EPSG"", ""code"": 4326}}",amenity,object,0,N/A
jk_nh44.parquet,14a4959473a2eb8e899899aaff913258,82,"{""$schema"": ""https://proj.org/schemas/v0.7/projjson.schema.json"", ""type"": ""GeographicCRS"", ""name"": ""WGS 84"", ""datum_ensemble"": {""name"": ""World Geodetic System 1984 ensemble"", ""members"": [{""name"": ""World Geodetic System 1984 (Transit)""}, {""name"": ""World Geodetic System 1984 (G730)""}, {""name"": ""World Geodetic System 1984 (G873)""}, {""name"": ""World Geodetic System 1984 (G1150)""}, {""name"": ""World Geodetic System 1984 (G1674)""}, {""name"": ""World Geodetic System 1984 (G1762)""}, {""name"": ""World Geodetic System 1984 (G2139)""}, {""name"": ""World Geodetic System 1984 (G2296)""}], ""ellipsoid"": {""name"": ""WGS 84"", ""semi_major_axis"": 6378137, ""inverse_flattening"": 298.257223563}, ""accuracy"": ""2.0"", ""id"": {""authority"": ""EPSG"", ""code"": 6326}}, ""coordinate_system"": {""subtype"": ""ellipsoidal"", ""axis"": [{""name"": ""Geodetic latitude"", ""abbreviation"": ""Lat"", ""direction"": ""north"", ""unit"": ""degree""}, {""name"": ""Geodetic longitude"", ""abbreviation"": ""Lon"", ""direction"": ""east"", ""unit"": ""degree""}]}, ""scope"": ""Horizontal component of 3D system."", ""area"": ""World."", ""bbox"": {""south_latitude"": -90, ""west_longitude"": -180, ""north_latitude"": 90, ""east_longitude"": 180}, ""id"": {""authority"": ""EPSG"", ""code"": 4326}}",parking,object,0,N/A
jk_nh44.parquet,14a4959473a2eb8e899899aaff913258,82,"{""$schema"": ""https://proj.org/schemas/v0.7/projjson.schema.json"", ""type"": ""GeographicCRS"", ""name"": ""WGS 84"", ""datum_ensemble"": {""name"": ""World Geodetic System 1984 ensemble"", ""members"": [{""name"": ""World Geodetic System 1984 (Transit)""}, {""name"": ""World Geodetic System 1984 (G730)""}, {""name"": ""World Geodetic System 1984 (G873)""}, {""name"": ""World Geodetic System 1984 (G1150)""}, {""name"": ""World Geodetic System 1984 (G1674)""}, {""name"": ""World Geodetic System 1984 (G1762)""}, {""name"": ""World Geodetic System 1984 (G2139)""}, {""name"": ""World Geodetic System 1984 (G2296)""}], ""ellipsoid"": {""name"": ""WGS 84"", ""semi_major_axis"": 6378137, ""inverse_flattening"": 298.257223563}, ""accuracy"": ""2.0"", ""id"": {""authority"": ""EPSG"", ""code"": 6326}}, ""coordinate_system"": {""subtype"": ""ellipsoidal"", ""axis"": [{""name"": ""Geodetic latitude"", ""abbreviation"": ""Lat"", ""direction"": ""north"", ""unit"": ""degree""}, {""name"": ""Geodetic longitude"", ""abbreviation"": ""Lon"", ""direction"": ""east"", ""unit"": ""degree""}]}, ""scope"": ""Horizontal component of 3D system."", ""area"": ""World."", ""bbox"": {""south_latitude"": -90, ""west_longitude"": -180, ""north_latitude"": 90, ""east_longitude"": 180}, ""id"": {""authority"": ""EPSG"", ""code"": 4326}}",building,object,0,N/A
jk_nh44.parquet,14a4959473a2eb8e899899aaff913258,82,"{""$schema"": ""https://proj.org/schemas/v0.7/projjson.schema.json"", ""type"": ""GeographicCRS"", ""name"": ""WGS 84"", ""datum_ensemble"": {""name"": ""World Geodetic System 1984 ensemble"", ""members"": [{""name"": ""World Geodetic System 1984 (Transit)""}, {""name"": ""World Geodetic System 1984 (G730)""}, {""name"": ""World Geodetic System 1984 (G873)""}, {""name"": ""World Geodetic System 1984 (G1150)""}, {""name"": ""World Geodetic System 1984 (G1674)""}, {""name"": ""World Geodetic System 1984 (G1762)""}, {""name"": ""World Geodetic System 1984 (G2139)""}, {""name"": ""World Geodetic System 1984 (G2296)""}], ""ellipsoid"": {""name"": ""WGS 84"", ""semi_major_axis"": 6378137, ""inverse_flattening"": 298.257223563}, ""accuracy"": ""2.0"", ""id"": {""authority"": ""EPSG"", ""code"": 6326}}, ""coordinate_system"": {""subtype"": ""ellipsoidal"", ""axis"": [{""name"": ""Geodetic latitude"", ""abbreviation"": ""Lat"", ""direction"": ""north"", ""unit"": ""degree""}, {""name"": ""Geodetic longitude"", ""abbreviation"": ""Lon"", ""direction"": ""east"", ""unit"": ""degree""}]}, ""scope"": ""Horizontal component of 3D system."", ""area"": ""World."", ""bbox"": {""south_latitude"": -90, ""west_longitude"": -180, ""north_latitude"": 90, ""east_longitude"": 180}, ""id"": {""authority"": ""EPSG"", ""code"": 4326}}",addr_postcode,object,0,N/A
jk_nh44.parquet,14a4959473a2eb8e899899aaff913258,82,"{""$schema"": ""https://proj.org/schemas/v0.7/projjson.schema.json"", ""type"": ""GeographicCRS"", ""name"": ""WGS 84"", ""datum_ensemble"": {""name"": ""World Geodetic System 1984 ensemble"", ""members"": [{""name"": ""World Geodetic System 1984 (Transit)""}, {""name"": ""World Geodetic System 1984 (G730)""}, {""name"": ""World Geodetic System 1984 (G873)""}, {""name"": ""World Geodetic System 1984 (G1150)""}, {""name"": ""World Geodetic System 1984 (G1674)""}, {""name"": ""World Geodetic System 1984 (G1762)""}, {""name"": ""World Geodetic System 1984 (G2139)""}, {""name"": ""World Geodetic System 1984 (G2296)""}], ""ellipsoid"": {""name"": ""WGS 84"", ""semi_major_axis"": 6378137, ""inverse_flattening"": 298.257223563}, ""accuracy"": ""2.0"", ""id"": {""authority"": ""EPSG"", ""code"": 6326}}, ""coordinate_system"": {""subtype"": ""ellipsoidal"", ""axis"": [{""name"": ""Geodetic latitude"", ""abbreviation"": ""Lat"", ""direction"": ""north"", ""unit"": ""degree""}, {""name"": ""Geodetic longitude"", ""abbreviation"": ""Lon"", ""direction"": ""east"", ""unit"": ""degree""}]}, ""scope"": ""Horizontal component of 3D system."", ""area"": ""World."", ""bbox"": {""south_latitude"": -90, ""west_longitude"": -180, ""north_latitude"": 90, ""east_longitude"": 180}, ""id"": {""authority"": ""EPSG"", ""code"": 4326}}",toilets_disposal,object,0,N/A
jk_nh44.parquet,14a4959473a2eb8e899899aaff913258,82,"{""$schema"": ""https://proj.org/schemas/v0.7/projjson.schema.json"", ""type"": ""GeographicCRS"", ""name"": ""WGS 84"", ""datum_ensemble"": {""name"": ""World Geodetic System 1984 ensemble"", ""members"": [{""name"": ""World Geodetic System 1984 (Transit)""}, {""name"": ""World Geodetic System 1984 (G730)""}, {""name"": ""World Geodetic System 1984 (G873)""}, {""name"": ""World Geodetic System 1984 (G1150)""}, {""name"": ""World Geodetic System 1984 (G1674)""}, {""name"": ""World Geodetic System 1984 (G1762)""}, {""name"": ""World Geodetic System 1984 (G2139)""}, {""name"": ""World Geodetic System 1984 (G2296)""}], ""ellipsoid"": {""name"": ""WGS 84"", ""semi_major_axis"": 6378137, ""inverse_flattening"": 298.257223563}, ""accuracy"": ""2.0"", ""id"": {""authority"": ""EPSG"", ""code"": 6326}}, ""coordinate_system"": {""subtype"": ""ellipsoidal"", ""axis"": [{""name"": ""Geodetic latitude"", ""abbreviation"": ""Lat"", ""direction"": ""north"", ""unit"": ""degree""}, {""name"": ""Geodetic longitude"", ""abbreviation"": ""Lon"", ""direction"": ""east"", ""unit"": ""degree""}]}, ""scope"": ""Horizontal component of 3D system."", ""area"": ""World."", ""bbox"": {""south_latitude"": -90, ""west_longitude"": -180, ""north_latitude"": 90, ""east_longitude"": 180}, ""id"": {""authority"": ""EPSG"", ""code"": 4326}}",capacity,object,0,N/A
jk_nh44.parquet,14a4959473a2eb8e899899aaff913258,82,"{""$schema"": ""https://proj.org/schemas/v0.7/projjson.schema.json"", ""type"": ""GeographicCRS"", ""name"": ""WGS 84"", ""datum_ensemble"": {""name"": ""World Geodetic System 1984 ensemble"", ""members"": [{""name"": ""World Geodetic System 1984 (Transit)""}, {""name"": ""World Geodetic System 1984 (G730)""}, {""name"": ""World Geodetic System 1984 (G873)""}, {""name"": ""World Geodetic System 1984 (G1150)""}, {""name"": ""World Geodetic System 1984 (G1674)""}, {""name"": ""World Geodetic System 1984 (G1762)""}, {""name"": ""World Geodetic System 1984 (G2139)""}, {""name"": ""World Geodetic System 1984 (G2296)""}], ""ellipsoid"": {""name"": ""WGS 84"", ""semi_major_axis"": 6378137, ""inverse_flattening"": 298.257223563}, ""accuracy"": ""2.0"", ""id"": {""authority"": ""EPSG"", ""code"": 6326}}, ""coordinate_system"": {""subtype"": ""ellipsoidal"", ""axis"": [{""name"": ""Geodetic latitude"", ""abbreviation"": ""Lat"", ""direction"": ""north"", ""unit"": ""degree""}, {""name"": ""Geodetic longitude"", ""abbreviation"": ""Lon"", ""direction"": ""east"", ""unit"": ""degree""}]}, ""scope"": ""Horizontal component of 3D system."", ""area"": ""World."", ""bbox"": {""south_latitude"": -90, ""west_longitude"": -180, ""north_latitude"": 90, ""east_longitude"": 180}, ""id"": {""authority"": ""EPSG"", ""code"": 4326}}",operator,object,0,N/A
jk_nh44.parquet,14a4959473a2eb8e899899aaff913258,82,"{""$schema"": ""https://proj.org/schemas/v0.7/projjson.schema.json"", ""type"": ""GeographicCRS"", ""name"": ""WGS 84"", ""datum_ensemble"": {""name"": ""World Geodetic System 1984 ensemble"", ""members"": [{""name"": ""World Geodetic System 1984 (Transit)""}, {""name"": ""World Geodetic System 1984 (G730)""}, {""name"": ""World Geodetic System 1984 (G873)""}, {""name"": ""World Geodetic System 1984 (G1150)""}, {""name"": ""World Geodetic System 1984 (G1674)""}, {""name"": ""World Geodetic System 1984 (G1762)""}, {""name"": ""World Geodetic System 1984 (G2139)""}, {""name"": ""World Geodetic System 1984 (G2296)""}], ""ellipsoid"": {""name"": ""WGS 84"", ""semi_major_axis"": 6378137, ""inverse_flattening"": 298.257223563}, ""accuracy"": ""2.0"", ""id"": {""authority"": ""EPSG"", ""code"": 6326}}, ""coordinate_system"": {""subtype"": ""ellipsoidal"", ""axis"": [{""name"": ""Geodetic latitude"", ""abbreviation"": ""Lat"", ""direction"": ""north"", ""unit"": ""degree""}, {""name"": ""Geodetic longitude"", ""abbreviation"": ""Lon"", ""direction"": ""east"", ""unit"": ""degree""}]}, ""scope"": ""Horizontal component of 3D system."", ""area"": ""World."", ""bbox"": {""south_latitude"": -90, ""west_longitude"": -180, ""north_latitude"": 90, ""east_longitude"": 180}, ""id"": {""authority"": ""EPSG"", ""code"": 4326}}",width,object,0,N/A
jk_nh44.parquet,14a4959473a2eb8e899899aaff913258,82,"{""$schema"": ""https://proj.org/schemas/v0.7/projjson.schema.json"", ""type"": ""GeographicCRS"", ""name"": ""WGS 84"", ""datum_ensemble"": {""name"": ""World Geodetic System 1984 ensemble"", ""members"": [{""name"": ""World Geodetic System 1984 (Transit)""}, {""name"": ""World Geodetic System 1984 (G730)""}, {""name"": ""World Geodetic System 1984 (G873)""}, {""name"": ""World Geodetic System 1984 (G1150)""}, {""name"": ""World Geodetic System 1984 (G1674)""}, {""name"": ""World Geodetic System 1984 (G1762)""}, {""name"": ""World Geodetic System 1984 (G2139)""}, {""name"": ""World Geodetic System 1984 (G2296)""}], ""ellipsoid"": {""name"": ""WGS 84"", ""semi_major_axis"": 6378137, ""inverse_flattening"": 298.257223563}, ""accuracy"": ""2.0"", ""id"": {""authority"": ""EPSG"", ""code"": 6326}}, ""coordinate_system"": {""subtype"": ""ellipsoidal"", ""axis"": [{""name"": ""Geodetic latitude"", ""abbreviation"": ""Lat"", ""direction"": ""north"", ""unit"": ""degree""}, {""name"": ""Geodetic longitude"", ""abbreviation"": ""Lon"", ""direction"": ""east"", ""unit"": ""degree""}]}, ""scope"": ""Horizontal component of 3D system."", ""area"": ""World."", ""bbox"": {""south_latitude"": -90, ""west_longitude"": -180, ""north_latitude"": 90, ""east_longitude"": 180}, ""id"": {""authority"": ""EPSG"", ""code"": 4326}}",place,object,0,N/A
jk_nh44.parquet,14a4959473a2eb8e899899aaff913258,82,"{""$schema"": ""https://proj.org/schemas/v0.7/projjson.schema.json"", ""type"": ""GeographicCRS"", ""name"": ""WGS 84"", ""datum_ensemble"": {""name"": ""World Geodetic System 1984 ensemble"", ""members"": [{""name"": ""World Geodetic System 1984 (Transit)""}, {""name"": ""World Geodetic System 1984 (G730)""}, {""name"": ""World Geodetic System 1984 (G873)""}, {""name"": ""World Geodetic System 1984 (G1150)""}, {""name"": ""World Geodetic System 1984 (G1674)""}, {""name"": ""World Geodetic System 1984 (G1762)""}, {""name"": ""World Geodetic System 1984 (G2139)""}, {""name"": ""World Geodetic System 1984 (G2296)""}], ""ellipsoid"": {""name"": ""WGS 84"", ""semi_major_axis"": 6378137, ""inverse_flattening"": 298.257223563}, ""accuracy"": ""2.0"", ""id"": {""authority"": ""EPSG"", ""code"": 6326}}, ""coordinate_system"": {""subtype"": ""ellipsoidal"", ""axis"": [{""name"": ""Geodetic latitude"", ""abbreviation"": ""Lat"", ""direction"": ""north"", ""unit"": ""degree""}, {""name"": ""Geodetic longitude"", ""abbreviation"": ""Lon"", ""direction"": ""east"", ""unit"": ""degree""}]}, ""scope"": ""Horizontal component of 3D system."", ""area"": ""World."", ""bbox"": {""south_latitude"": -90, ""west_longitude"": -180, ""north_latitude"": 90, ""east_longitude"": 180}, ""id"": {""authority"": ""EPSG"", ""code"": 4326}}",government,object,0,N/A
jk_nh44.parquet,14a4959473a2eb8e899899aaff913258,82,"{""$schema"": ""https://proj.org/schemas/v0.7/projjson.schema.json"", ""type"": ""GeographicCRS"", ""name"": ""WGS 84"", ""datum_ensemble"": {""name"": ""World Geodetic System 1984 ensemble"", ""members"": [{""name"": ""World Geodetic System 1984 (Transit)""}, {""name"": ""World Geodetic System 1984 (G730)""}, {""name"": ""World Geodetic System 1984 (G873)""}, {""name"": ""World Geodetic System 1984 (G1150)""}, {""name"": ""World Geodetic System 1984 (G1674)""}, {""name"": ""World Geodetic System 1984 (G1762)""}, {""name"": ""World Geodetic System 1984 (G2139)""}, {""name"": ""World Geodetic System 1984 (G2296)""}], ""ellipsoid"": {""name"": ""WGS 84"", ""semi_major_axis"": 6378137, ""inverse_flattening"": 298.257223563}, ""accuracy"": ""2.0"", ""id"": {""authority"": ""EPSG"", ""code"": 6326}}, ""coordinate_system"": {""subtype"": ""ellipsoidal"", ""axis"": [{""name"": ""Geodetic latitude"", ""abbreviation"": ""Lat"", ""direction"": ""north"", ""unit"": ""degree""}, {""name"": ""Geodetic longitude"", ""abbreviation"": ""Lon"", ""direction"": ""east"", ""unit"": ""degree""}]}, ""scope"": ""Horizontal component of 3D system."", ""area"": ""World."", ""bbox"": {""south_latitude"": -90, ""west_longitude"": -180, ""north_latitude"": 90, ""east_longitude"": 180}, ""id"": {""authority"": ""EPSG"", ""code"": 4326}}",surface,str,12,concrete
jk_nh44.parquet,14a4959473a2eb8e899899aaff913258,82,"{""$schema"": ""https://proj.org/schemas/v0.7/projjson.schema.json"", ""type"": ""GeographicCRS"", ""name"": ""WGS 84"", ""datum_ensemble"": {""name"": ""World Geodetic System 1984 ensemble"", ""members"": [{""name"": ""World Geodetic System 1984 (Transit)""}, {""name"": ""World Geodetic System 1984 (G730)""}, {""name"": ""World Geodetic System 1984 (G873)""}, {""name"": ""World Geodetic System 1984 (G1150)""}, {""name"": ""World Geodetic System 1984 (G1674)""}, {""name"": ""World Geodetic System 1984 (G1762)""}, {""name"": ""World Geodetic System 1984 (G2139)""}, {""name"": ""World Geodetic System 1984 (G2296)""}], ""ellipsoid"": {""name"": ""WGS 84"", ""semi_major_axis"": 6378137, ""inverse_flattening"": 298.257223563}, ""accuracy"": ""2.0"", ""id"": {""authority"": ""EPSG"", ""code"": 6326}}, ""coordinate_system"": {""subtype"": ""ellipsoidal"", ""axis"": [{""name"": ""Geodetic latitude"", ""abbreviation"": ""Lat"", ""direction"": ""north"", ""unit"": ""degree""}, {""name"": ""Geodetic longitude"", ""abbreviation"": ""Lon"", ""direction"": ""east"", ""unit"": ""degree""}]}, ""scope"": ""Horizontal component of 3D system."", ""area"": ""World."", ""bbox"": {""south_latitude"": -90, ""west_longitude"": -180, ""north_latitude"": 90, ""east_longitude"": 180}, ""id"": {""authority"": ""EPSG"", ""code"": 4326}}",opening_hours,object,0,N/A
jk_nh44.parquet,14a4959473a2eb8e899899aaff913258,82,"{""$schema"": ""https://proj.org/schemas/v0.7/projjson.schema.json"", ""type"": ""GeographicCRS"", ""name"": ""WGS 84"", ""datum_ensemble"": {""name"": ""World Geodetic System 1984 ensemble"", ""members"": [{""name"": ""World Geodetic System 1984 (Transit)""}, {""name"": ""World Geodetic System 1984 (G730)""}, {""name"": ""World Geodetic System 1984 (G873)""}, {""name"": ""World Geodetic System 1984 (G1150)""}, {""name"": ""World Geodetic System 1984 (G1674)""}, {""name"": ""World Geodetic System 1984 (G1762)""}, {""name"": ""World Geodetic System 1984 (G2139)""}, {""name"": ""World Geodetic System 1984 (G2296)""}], ""ellipsoid"": {""name"": ""WGS 84"", ""semi_major_axis"": 6378137, ""inverse_flattening"": 298.257223563}, ""accuracy"": ""2.0"", ""id"": {""authority"": ""EPSG"", ""code"": 6326}}, ""coordinate_system"": {""subtype"": ""ellipsoidal"", ""axis"": [{""name"": ""Geodetic latitude"", ""abbreviation"": ""Lat"", ""direction"": ""north"", ""unit"": ""degree""}, {""name"": ""Geodetic longitude"", ""abbreviation"": ""Lon"", ""direction"": ""east"", ""unit"": ""degree""}]}, ""scope"": ""Horizontal component of 3D system."", ""area"": ""World."", ""bbox"": {""south_latitude"": -90, ""west_longitude"": -180, ""north_latitude"": 90, ""east_longitude"": 180}, ""id"": {""authority"": ""EPSG"", ""code"": 4326}}",landuse,object,0,N/A
jk_nh44.parquet,14a4959473a2eb8e899899aaff913258,82,"{""$schema"": ""https://proj.org/schemas/v0.7/projjson.schema.json"", ""type"": ""GeographicCRS"", ""name"": ""WGS 84"", ""datum_ensemble"": {""name"": ""World Geodetic System 1984 ensemble"", ""members"": [{""name"": ""World Geodetic System 1984 (Transit)""}, {""name"": ""World Geodetic System 1984 (G730)""}, {""name"": ""World Geodetic System 1984 (G873)""}, {""name"": ""World Geodetic System 1984 (G1150)""}, {""name"": ""World Geodetic System 1984 (G1674)""}, {""name"": ""World Geodetic System 1984 (G1762)""}, {""name"": ""World Geodetic System 1984 (G2139)""}, {""name"": ""World Geodetic System 1984 (G2296)""}], ""ellipsoid"": {""name"": ""WGS 84"", ""semi_major_axis"": 6378137, ""inverse_flattening"": 298.257223563}, ""accuracy"": ""2.0"", ""id"": {""authority"": ""EPSG"", ""code"": 6326}}, ""coordinate_system"": {""subtype"": ""ellipsoidal"", ""axis"": [{""name"": ""Geodetic latitude"", ""abbreviation"": ""Lat"", ""direction"": ""north"", ""unit"": ""degree""}, {""name"": ""Geodetic longitude"", ""abbreviation"": ""Lon"", ""direction"": ""east"", ""unit"": ""degree""}]}, ""scope"": ""Horizontal component of 3D system."", ""area"": ""World."", ""bbox"": {""south_latitude"": -90, ""west_longitude"": -180, ""north_latitude"": 90, ""east_longitude"": 180}, ""id"": {""authority"": ""EPSG"", ""code"": 4326}}",tunnel,object,0,N/A
jk_nh44.parquet,14a4959473a2eb8e899899aaff913258,82,"{""$schema"": ""https://proj.org/schemas/v0.7/projjson.schema.json"", ""type"": ""GeographicCRS"", ""name"": ""WGS 84"", ""datum_ensemble"": {""name"": ""World Geodetic System 1984 ensemble"", ""members"": [{""name"": ""World Geodetic System 1984 (Transit)""}, {""name"": ""World Geodetic System 1984 (G730)""}, {""name"": ""World Geodetic System 1984 (G873)""}, {""name"": ""World Geodetic System 1984 (G1150)""}, {""name"": ""World Geodetic System 1984 (G1674)""}, {""name"": ""World Geodetic System 1984 (G1762)""}, {""name"": ""World Geodetic System 1984 (G2139)""}, {""name"": ""World Geodetic System 1984 (G2296)""}], ""ellipsoid"": {""name"": ""WGS 84"", ""semi_major_axis"": 6378137, ""inverse_flattening"": 298.257223563}, ""accuracy"": ""2.0"", ""id"": {""authority"": ""EPSG"", ""code"": 6326}}, ""coordinate_system"": {""subtype"": ""ellipsoidal"", ""axis"": [{""name"": ""Geodetic latitude"", ""abbreviation"": ""Lat"", ""direction"": ""north"", ""unit"": ""degree""}, {""name"": ""Geodetic longitude"", ""abbreviation"": ""Lon"", ""direction"": ""east"", ""unit"": ""degree""}]}, ""scope"": ""Horizontal component of 3D system."", ""area"": ""World."", ""bbox"": {""south_latitude"": -90, ""west_longitude"": -180, ""north_latitude"": 90, ""east_longitude"": 180}, ""id"": {""authority"": ""EPSG"", ""code"": 4326}}",public_transport,object,0,N/A
jk_nh44.parquet,14a4959473a2eb8e899899aaff913258,82,"{""$schema"": ""https://proj.org/schemas/v0.7/projjson.schema.json"", ""type"": ""GeographicCRS"", ""name"": ""WGS 84"", ""datum_ensemble"": {""name"": ""World Geodetic System 1984 ensemble"", ""members"": [{""name"": ""World Geodetic System 1984 (Transit)""}, {""name"": ""World Geodetic System 1984 (G730)""}, {""name"": ""World Geodetic System 1984 (G873)""}, {""name"": ""World Geodetic System 1984 (G1150)""}, {""name"": ""World Geodetic System 1984 (G1674)""}, {""name"": ""World Geodetic System 1984 (G1762)""}, {""name"": ""World Geodetic System 1984 (G2139)""}, {""name"": ""World Geodetic System 1984 (G2296)""}], ""ellipsoid"": {""name"": ""WGS 84"", ""semi_major_axis"": 6378137, ""inverse_flattening"": 298.257223563}, ""accuracy"": ""2.0"", ""id"": {""authority"": ""EPSG"", ""code"": 6326}}, ""coordinate_system"": {""subtype"": ""ellipsoidal"", ""axis"": [{""name"": ""Geodetic latitude"", ""abbreviation"": ""Lat"", ""direction"": ""north"", ""unit"": ""degree""}, {""name"": ""Geodetic longitude"", ""abbreviation"": ""Lon"", ""direction"": ""east"", ""unit"": ""degree""}]}, ""scope"": ""Horizontal component of 3D system."", ""area"": ""World."", ""bbox"": {""south_latitude"": -90, ""west_longitude"": -180, ""north_latitude"": 90, ""east_longitude"": 180}, ""id"": {""authority"": ""EPSG"", ""code"": 4326}}",health_facility_bed,object,0,N/A
jk_nh44.parquet,14a4959473a2eb8e899899aaff913258,82,"{""$schema"": ""https://proj.org/schemas/v0.7/projjson.schema.json"", ""type"": ""GeographicCRS"", ""name"": ""WGS 84"", ""datum_ensemble"": {""name"": ""World Geodetic System 1984 ensemble"", ""members"": [{""name"": ""World Geodetic System 1984 (Transit)""}, {""name"": ""World Geodetic System 1984 (G730)""}, {""name"": ""World Geodetic System 1984 (G873)""}, {""name"": ""World Geodetic System 1984 (G1150)""}, {""name"": ""World Geodetic System 1984 (G1674)""}, {""name"": ""World Geodetic System 1984 (G1762)""}, {""name"": ""World Geodetic System 1984 (G2139)""}, {""name"": ""World Geodetic System 1984 (G2296)""}], ""ellipsoid"": {""name"": ""WGS 84"", ""semi_major_axis"": 6378137, ""inverse_flattening"": 298.257223563}, ""accuracy"": ""2.0"", ""id"": {""authority"": ""EPSG"", ""code"": 6326}}, ""coordinate_system"": {""subtype"": ""ellipsoidal"", ""axis"": [{""name"": ""Geodetic latitude"", ""abbreviation"": ""Lat"", ""direction"": ""north"", ""unit"": ""degree""}, {""name"": ""Geodetic longitude"", ""abbreviation"": ""Lon"", ""direction"": ""east"", ""unit"": ""degree""}]}, ""scope"": ""Horizontal component of 3D system."", ""area"": ""World."", ""bbox"": {""south_latitude"": -90, ""west_longitude"": -180, ""north_latitude"": 90, ""east_longitude"": 180}, ""id"": {""authority"": ""EPSG"", ""code"": 4326}}",staff_count_doctors,object,0,N/A
jk_nh44.parquet,14a4959473a2eb8e899899aaff913258,82,"{""$schema"": ""https://proj.org/schemas/v0.7/projjson.schema.json"", ""type"": ""GeographicCRS"", ""name"": ""WGS 84"", ""datum_ensemble"": {""name"": ""World Geodetic System 1984 ensemble"", ""members"": [{""name"": ""World Geodetic System 1984 (Transit)""}, {""name"": ""World Geodetic System 1984 (G730)""}, {""name"": ""World Geodetic System 1984 (G873)""}, {""name"": ""World Geodetic System 1984 (G1150)""}, {""name"": ""World Geodetic System 1984 (G1674)""}, {""name"": ""World Geodetic System 1984 (G1762)""}, {""name"": ""World Geodetic System 1984 (G2139)""}, {""name"": ""World Geodetic System 1984 (G2296)""}], ""ellipsoid"": {""name"": ""WGS 84"", ""semi_major_axis"": 6378137, ""inverse_flattening"": 298.257223563}, ""accuracy"": ""2.0"", ""id"": {""authority"": ""EPSG"", ""code"": 6326}}, ""coordinate_system"": {""subtype"": ""ellipsoidal"", ""axis"": [{""name"": ""Geodetic latitude"", ""abbreviation"": ""Lat"", ""direction"": ""north"", ""unit"": ""degree""}, {""name"": ""Geodetic longitude"", ""abbreviation"": ""Lon"", ""direction"": ""east"", ""unit"": ""degree""}]}, ""scope"": ""Horizontal component of 3D system."", ""area"": ""World."", ""bbox"": {""south_latitude"": -90, ""west_longitude"": -180, ""north_latitude"": 90, ""east_longitude"": 180}, ""id"": {""authority"": ""EPSG"", ""code"": 4326}}",access,object,0,N/A
jk_nh44.parquet,14a4959473a2eb8e899899aaff913258,82,"{""$schema"": ""https://proj.org/schemas/v0.7/projjson.schema.json"", ""type"": ""GeographicCRS"", ""name"": ""WGS 84"", ""datum_ensemble"": {""name"": ""World Geodetic System 1984 ensemble"", ""members"": [{""name"": ""World Geodetic System 1984 (Transit)""}, {""name"": ""World Geodetic System 1984 (G730)""}, {""name"": ""World Geodetic System 1984 (G873)""}, {""name"": ""World Geodetic System 1984 (G1150)""}, {""name"": ""World Geodetic System 1984 (G1674)""}, {""name"": ""World Geodetic System 1984 (G1762)""}, {""name"": ""World Geodetic System 1984 (G2139)""}, {""name"": ""World Geodetic System 1984 (G2296)""}], ""ellipsoid"": {""name"": ""WGS 84"", ""semi_major_axis"": 6378137, ""inverse_flattening"": 298.257223563}, ""accuracy"": ""2.0"", ""id"": {""authority"": ""EPSG"", ""code"": 6326}}, ""coordinate_system"": {""subtype"": ""ellipsoidal"", ""axis"": [{""name"": ""Geodetic latitude"", ""abbreviation"": ""Lat"", ""direction"": ""north"", ""unit"": ""degree""}, {""name"": ""Geodetic longitude"", ""abbreviation"": ""Lon"", ""direction"": ""east"", ""unit"": ""degree""}]}, ""scope"": ""Horizontal component of 3D system."", ""area"": ""World."", ""bbox"": {""south_latitude"": -90, ""west_longitude"": -180, ""north_latitude"": 90, ""east_longitude"": 180}, ""id"": {""authority"": ""EPSG"", ""code"": 4326}}",office,object,0,N/A
jk_nh44.parquet,14a4959473a2eb8e899899aaff913258,82,"{""$schema"": ""https://proj.org/schemas/v0.7/projjson.schema.json"", ""type"": ""GeographicCRS"", ""name"": ""WGS 84"", ""datum_ensemble"": {""name"": ""World Geodetic System 1984 ensemble"", ""members"": [{""name"": ""World Geodetic System 1984 (Transit)""}, {""name"": ""World Geodetic System 1984 (G730)""}, {""name"": ""World Geodetic System 1984 (G873)""}, {""name"": ""World Geodetic System 1984 (G1150)""}, {""name"": ""World Geodetic System 1984 (G1674)""}, {""name"": ""World Geodetic System 1984 (G1762)""}, {""name"": ""World Geodetic System 1984 (G2139)""}, {""name"": ""World Geodetic System 1984 (G2296)""}], ""ellipsoid"": {""name"": ""WGS 84"", ""semi_major_axis"": 6378137, ""inverse_flattening"": 298.257223563}, ""accuracy"": ""2.0"", ""id"": {""authority"": ""EPSG"", ""code"": 6326}}, ""coordinate_system"": {""subtype"": ""ellipsoidal"", ""axis"": [{""name"": ""Geodetic latitude"", ""abbreviation"": ""Lat"", ""direction"": ""north"", ""unit"": ""degree""}, {""name"": ""Geodetic longitude"", ""abbreviation"": ""Lon"", ""direction"": ""east"", ""unit"": ""degree""}]}, ""scope"": ""Horizontal component of 3D system."", ""area"": ""World."", ""bbox"": {""south_latitude"": -90, ""west_longitude"": -180, ""north_latitude"": 90, ""east_longitude"": 180}, ""id"": {""authority"": ""EPSG"", ""code"": 4326}}",toilets_handwashing,object,0,N/A
jk_nh44.parquet,14a4959473a2eb8e899899aaff913258,82,"{""$schema"": ""https://proj.org/schemas/v0.7/projjson.schema.json"", ""type"": ""GeographicCRS"", ""name"": ""WGS 84"", ""datum_ensemble"": {""name"": ""World Geodetic System 1984 ensemble"", ""members"": [{""name"": ""World Geodetic System 1984 (Transit)""}, {""name"": ""World Geodetic System 1984 (G730)""}, {""name"": ""World Geodetic System 1984 (G873)""}, {""name"": ""World Geodetic System 1984 (G1150)""}, {""name"": ""World Geodetic System 1984 (G1674)""}, {""name"": ""World Geodetic System 1984 (G1762)""}, {""name"": ""World Geodetic System 1984 (G2139)""}, {""name"": ""World Geodetic System 1984 (G2296)""}], ""ellipsoid"": {""name"": ""WGS 84"", ""semi_major_axis"": 6378137, ""inverse_flattening"": 298.257223563}, ""accuracy"": ""2.0"", ""id"": {""authority"": ""EPSG"", ""code"": 6326}}, ""coordinate_system"": {""subtype"": ""ellipsoidal"", ""axis"": [{""name"": ""Geodetic latitude"", ""abbreviation"": ""Lat"", ""direction"": ""north"", ""unit"": ""degree""}, {""name"": ""Geodetic longitude"", ""abbreviation"": ""Lon"", ""direction"": ""east"", ""unit"": ""degree""}]}, ""scope"": ""Horizontal component of 3D system."", ""area"": ""World."", ""bbox"": {""south_latitude"": -90, ""west_longitude"": -180, ""north_latitude"": 90, ""east_longitude"": 180}, ""id"": {""authority"": ""EPSG"", ""code"": 4326}}",shop,object,0,N/A
jk_nh44.parquet,14a4959473a2eb8e899899aaff913258,82,"{""$schema"": ""https://proj.org/schemas/v0.7/projjson.schema.json"", ""type"": ""GeographicCRS"", ""name"": ""WGS 84"", ""datum_ensemble"": {""name"": ""World Geodetic System 1984 ensemble"", ""members"": [{""name"": ""World Geodetic System 1984 (Transit)""}, {""name"": ""World Geodetic System 1984 (G730)""}, {""name"": ""World Geodetic System 1984 (G873)""}, {""name"": ""World Geodetic System 1984 (G1150)""}, {""name"": ""World Geodetic System 1984 (G1674)""}, {""name"": ""World Geodetic System 1984 (G1762)""}, {""name"": ""World Geodetic System 1984 (G2139)""}, {""name"": ""World Geodetic System 1984 (G2296)""}], ""ellipsoid"": {""name"": ""WGS 84"", ""semi_major_axis"": 6378137, ""inverse_flattening"": 298.257223563}, ""accuracy"": ""2.0"", ""id"": {""authority"": ""EPSG"", ""code"": 6326}}, ""coordinate_system"": {""subtype"": ""ellipsoidal"", ""axis"": [{""name"": ""Geodetic latitude"", ""abbreviation"": ""Lat"", ""direction"": ""north"", ""unit"": ""degree""}, {""name"": ""Geodetic longitude"", ""abbreviation"": ""Lon"", ""direction"": ""east"", ""unit"": ""degree""}]}, ""scope"": ""Horizontal component of 3D system."", ""area"": ""World."", ""bbox"": {""south_latitude"": -90, ""west_longitude"": -180, ""north_latitude"": 90, ""east_longitude"": 180}, ""id"": {""authority"": ""EPSG"", ""code"": 4326}}",population,object,0,N/A
jk_nh44.parquet,14a4959473a2eb8e899899aaff913258,82,"{""$schema"": ""https://proj.org/schemas/v0.7/projjson.schema.json"", ""type"": ""GeographicCRS"", ""name"": ""WGS 84"", ""datum_ensemble"": {""name"": ""World Geodetic System 1984 ensemble"", ""members"": [{""name"": ""World Geodetic System 1984 (Transit)""}, {""name"": ""World Geodetic System 1984 (G730)""}, {""name"": ""World Geodetic System 1984 (G873)""}, {""name"": ""World Geodetic System 1984 (G1150)""}, {""name"": ""World Geodetic System 1984 (G1674)""}, {""name"": ""World Geodetic System 1984 (G1762)""}, {""name"": ""World Geodetic System 1984 (G2139)""}, {""name"": ""World Geodetic System 1984 (G2296)""}], ""ellipsoid"": {""name"": ""WGS 84"", ""semi_major_axis"": 6378137, ""inverse_flattening"": 298.257223563}, ""accuracy"": ""2.0"", ""id"": {""authority"": ""EPSG"", ""code"": 6326}}, ""coordinate_system"": {""subtype"": ""ellipsoidal"", ""axis"": [{""name"": ""Geodetic latitude"", ""abbreviation"": ""Lat"", ""direction"": ""north"", ""unit"": ""degree""}, {""name"": ""Geodetic longitude"", ""abbreviation"": ""Lon"", ""direction"": ""east"", ""unit"": ""degree""}]}, ""scope"": ""Horizontal component of 3D system."", ""area"": ""World."", ""bbox"": {""south_latitude"": -90, ""west_longitude"": -180, ""north_latitude"": 90, ""east_longitude"": 180}, ""id"": {""authority"": ""EPSG"", ""code"": 4326}}",geometry,geometry,82,"LINESTRING Z (74.9114804 32.5964444 0, 74.9120156 "
jk_major_roads.parquet,f818b9356ce9cd2ce16aa231a06d00e4,4762,"{""$schema"": ""https://proj.org/schemas/v0.7/projjson.schema.json"", ""type"": ""GeographicCRS"", ""name"": ""WGS 84"", ""datum_ensemble"": {""name"": ""World Geodetic System 1984 ensemble"", ""members"": [{""name"": ""World Geodetic System 1984 (Transit)""}, {""name"": ""World Geodetic System 1984 (G730)""}, {""name"": ""World Geodetic System 1984 (G873)""}, {""name"": ""World Geodetic System 1984 (G1150)""}, {""name"": ""World Geodetic System 1984 (G1674)""}, {""name"": ""World Geodetic System 1984 (G1762)""}, {""name"": ""World Geodetic System 1984 (G2139)""}, {""name"": ""World Geodetic System 1984 (G2296)""}], ""ellipsoid"": {""name"": ""WGS 84"", ""semi_major_axis"": 6378137, ""inverse_flattening"": 298.257223563}, ""accuracy"": ""2.0"", ""id"": {""authority"": ""EPSG"", ""code"": 6326}}, ""coordinate_system"": {""subtype"": ""ellipsoidal"", ""axis"": [{""name"": ""Geodetic latitude"", ""abbreviation"": ""Lat"", ""direction"": ""north"", ""unit"": ""degree""}, {""name"": ""Geodetic longitude"", ""abbreviation"": ""Lon"", ""direction"": ""east"", ""unit"": ""degree""}]}, ""scope"": ""Horizontal component of 3D system."", ""area"": ""World."", ""bbox"": {""south_latitude"": -90, ""west_longitude"": -180, ""north_latitude"": 90, ""east_longitude"": 180}, ""id"": {""authority"": ""EPSG"", ""code"": 4326}}",osm_id,int64,4762,946962933
jk_major_roads.parquet,f818b9356ce9cd2ce16aa231a06d00e4,4762,"{""$schema"": ""https://proj.org/schemas/v0.7/projjson.schema.json"", ""type"": ""GeographicCRS"", ""name"": ""WGS 84"", ""datum_ensemble"": {""name"": ""World Geodetic System 1984 ensemble"", ""members"": [{""name"": ""World Geodetic System 1984 (Transit)""}, {""name"": ""World Geodetic System 1984 (G730)""}, {""name"": ""World Geodetic System 1984 (G873)""}, {""name"": ""World Geodetic System 1984 (G1150)""}, {""name"": ""World Geodetic System 1984 (G1674)""}, {""name"": ""World Geodetic System 1984 (G1762)""}, {""name"": ""World Geodetic System 1984 (G2139)""}, {""name"": ""World Geodetic System 1984 (G2296)""}], ""ellipsoid"": {""name"": ""WGS 84"", ""semi_major_axis"": 6378137, ""inverse_flattening"": 298.257223563}, ""accuracy"": ""2.0"", ""id"": {""authority"": ""EPSG"", ""code"": 6326}}, ""coordinate_system"": {""subtype"": ""ellipsoidal"", ""axis"": [{""name"": ""Geodetic latitude"", ""abbreviation"": ""Lat"", ""direction"": ""north"", ""unit"": ""degree""}, {""name"": ""Geodetic longitude"", ""abbreviation"": ""Lon"", ""direction"": ""east"", ""unit"": ""degree""}]}, ""scope"": ""Horizontal component of 3D system."", ""area"": ""World."", ""bbox"": {""south_latitude"": -90, ""west_longitude"": -180, ""north_latitude"": 90, ""east_longitude"": 180}, ""id"": {""authority"": ""EPSG"", ""code"": 4326}}",osm_type,str,4762,ways_line
jk_major_roads.parquet,f818b9356ce9cd2ce16aa231a06d00e4,4762,"{""$schema"": ""https://proj.org/schemas/v0.7/projjson.schema.json"", ""type"": ""GeographicCRS"", ""name"": ""WGS 84"", ""datum_ensemble"": {""name"": ""World Geodetic System 1984 ensemble"", ""members"": [{""name"": ""World Geodetic System 1984 (Transit)""}, {""name"": ""World Geodetic System 1984 (G730)""}, {""name"": ""World Geodetic System 1984 (G873)""}, {""name"": ""World Geodetic System 1984 (G1150)""}, {""name"": ""World Geodetic System 1984 (G1674)""}, {""name"": ""World Geodetic System 1984 (G1762)""}, {""name"": ""World Geodetic System 1984 (G2139)""}, {""name"": ""World Geodetic System 1984 (G2296)""}], ""ellipsoid"": {""name"": ""WGS 84"", ""semi_major_axis"": 6378137, ""inverse_flattening"": 298.257223563}, ""accuracy"": ""2.0"", ""id"": {""authority"": ""EPSG"", ""code"": 6326}}, ""coordinate_system"": {""subtype"": ""ellipsoidal"", ""axis"": [{""name"": ""Geodetic latitude"", ""abbreviation"": ""Lat"", ""direction"": ""north"", ""unit"": ""degree""}, {""name"": ""Geodetic longitude"", ""abbreviation"": ""Lon"", ""direction"": ""east"", ""unit"": ""degree""}]}, ""scope"": ""Horizontal component of 3D system."", ""area"": ""World."", ""bbox"": {""south_latitude"": -90, ""west_longitude"": -180, ""north_latitude"": 90, ""east_longitude"": 180}, ""id"": {""authority"": ""EPSG"", ""code"": 4326}}",military,str,1,airfield
jk_major_roads.parquet,f818b9356ce9cd2ce16aa231a06d00e4,4762,"{""$schema"": ""https://proj.org/schemas/v0.7/projjson.schema.json"", ""type"": ""GeographicCRS"", ""name"": ""WGS 84"", ""datum_ensemble"": {""name"": ""World Geodetic System 1984 ensemble"", ""members"": [{""name"": ""World Geodetic System 1984 (Transit)""}, {""name"": ""World Geodetic System 1984 (G730)""}, {""name"": ""World Geodetic System 1984 (G873)""}, {""name"": ""World Geodetic System 1984 (G1150)""}, {""name"": ""World Geodetic System 1984 (G1674)""}, {""name"": ""World Geodetic System 1984 (G1762)""}, {""name"": ""World Geodetic System 1984 (G2139)""}, {""name"": ""World Geodetic System 1984 (G2296)""}], ""ellipsoid"": {""name"": ""WGS 84"", ""semi_major_axis"": 6378137, ""inverse_flattening"": 298.257223563}, ""accuracy"": ""2.0"", ""id"": {""authority"": ""EPSG"", ""code"": 6326}}, ""coordinate_system"": {""subtype"": ""ellipsoidal"", ""axis"": [{""name"": ""Geodetic latitude"", ""abbreviation"": ""Lat"", ""direction"": ""north"", ""unit"": ""degree""}, {""name"": ""Geodetic longitude"", ""abbreviation"": ""Lon"", ""direction"": ""east"", ""unit"": ""degree""}]}, ""scope"": ""Horizontal component of 3D system."", ""area"": ""World."", ""bbox"": {""south_latitude"": -90, ""west_longitude"": -180, ""north_latitude"": 90, ""east_longitude"": 180}, ""id"": {""authority"": ""EPSG"", ""code"": 4326}}",healthcare,str,92,hospital
jk_major_roads.parquet,f818b9356ce9cd2ce16aa231a06d00e4,4762,"{""$schema"": ""https://proj.org/schemas/v0.7/projjson.schema.json"", ""type"": ""GeographicCRS"", ""name"": ""WGS 84"", ""datum_ensemble"": {""name"": ""World Geodetic System 1984 ensemble"", ""members"": [{""name"": ""World Geodetic System 1984 (Transit)""}, {""name"": ""World Geodetic System 1984 (G730)""}, {""name"": ""World Geodetic System 1984 (G873)""}, {""name"": ""World Geodetic System 1984 (G1150)""}, {""name"": ""World Geodetic System 1984 (G1674)""}, {""name"": ""World Geodetic System 1984 (G1762)""}, {""name"": ""World Geodetic System 1984 (G2139)""}, {""name"": ""World Geodetic System 1984 (G2296)""}], ""ellipsoid"": {""name"": ""WGS 84"", ""semi_major_axis"": 6378137, ""inverse_flattening"": 298.257223563}, ""accuracy"": ""2.0"", ""id"": {""authority"": ""EPSG"", ""code"": 6326}}, ""coordinate_system"": {""subtype"": ""ellipsoidal"", ""axis"": [{""name"": ""Geodetic latitude"", ""abbreviation"": ""Lat"", ""direction"": ""north"", ""unit"": ""degree""}, {""name"": ""Geodetic longitude"", ""abbreviation"": ""Lon"", ""direction"": ""east"", ""unit"": ""degree""}]}, ""scope"": ""Horizontal component of 3D system."", ""area"": ""World."", ""bbox"": {""south_latitude"": -90, ""west_longitude"": -180, ""north_latitude"": 90, ""east_longitude"": 180}, ""id"": {""authority"": ""EPSG"", ""code"": 4326}}",medical_system_western,object,0,N/A
jk_major_roads.parquet,f818b9356ce9cd2ce16aa231a06d00e4,4762,"{""$schema"": ""https://proj.org/schemas/v0.7/projjson.schema.json"", ""type"": ""GeographicCRS"", ""name"": ""WGS 84"", ""datum_ensemble"": {""name"": ""World Geodetic System 1984 ensemble"", ""members"": [{""name"": ""World Geodetic System 1984 (Transit)""}, {""name"": ""World Geodetic System 1984 (G730)""}, {""name"": ""World Geodetic System 1984 (G873)""}, {""name"": ""World Geodetic System 1984 (G1150)""}, {""name"": ""World Geodetic System 1984 (G1674)""}, {""name"": ""World Geodetic System 1984 (G1762)""}, {""name"": ""World Geodetic System 1984 (G2139)""}, {""name"": ""World Geodetic System 1984 (G2296)""}], ""ellipsoid"": {""name"": ""WGS 84"", ""semi_major_axis"": 6378137, ""inverse_flattening"": 298.257223563}, ""accuracy"": ""2.0"", ""id"": {""authority"": ""EPSG"", ""code"": 6326}}, ""coordinate_system"": {""subtype"": ""ellipsoidal"", ""axis"": [{""name"": ""Geodetic latitude"", ""abbreviation"": ""Lat"", ""direction"": ""north"", ""unit"": ""degree""}, {""name"": ""Geodetic longitude"", ""abbreviation"": ""Lon"", ""direction"": ""east"", ""unit"": ""degree""}]}, ""scope"": ""Horizontal component of 3D system."", ""area"": ""World."", ""bbox"": {""south_latitude"": -90, ""west_longitude"": -180, ""north_latitude"": 90, ""east_longitude"": 180}, ""id"": {""authority"": ""EPSG"", ""code"": 4326}}",name,str,1529,Primary Health Centre
jk_major_roads.parquet,f818b9356ce9cd2ce16aa231a06d00e4,4762,"{""$schema"": ""https://proj.org/schemas/v0.7/projjson.schema.json"", ""type"": ""GeographicCRS"", ""name"": ""WGS 84"", ""datum_ensemble"": {""name"": ""World Geodetic System 1984 ensemble"", ""members"": [{""name"": ""World Geodetic System 1984 (Transit)""}, {""name"": ""World Geodetic System 1984 (G730)""}, {""name"": ""World Geodetic System 1984 (G873)""}, {""name"": ""World Geodetic System 1984 (G1150)""}, {""name"": ""World Geodetic System 1984 (G1674)""}, {""name"": ""World Geodetic System 1984 (G1762)""}, {""name"": ""World Geodetic System 1984 (G2139)""}, {""name"": ""World Geodetic System 1984 (G2296)""}], ""ellipsoid"": {""name"": ""WGS 84"", ""semi_major_axis"": 6378137, ""inverse_flattening"": 298.257223563}, ""accuracy"": ""2.0"", ""id"": {""authority"": ""EPSG"", ""code"": 6326}}, ""coordinate_system"": {""subtype"": ""ellipsoidal"", ""axis"": [{""name"": ""Geodetic latitude"", ""abbreviation"": ""Lat"", ""direction"": ""north"", ""unit"": ""degree""}, {""name"": ""Geodetic longitude"", ""abbreviation"": ""Lon"", ""direction"": ""east"", ""unit"": ""degree""}]}, ""scope"": ""Horizontal component of 3D system."", ""area"": ""World."", ""bbox"": {""south_latitude"": -90, ""west_longitude"": -180, ""north_latitude"": 90, ""east_longitude"": 180}, ""id"": {""authority"": ""EPSG"", ""code"": 4326}}",bridge,str,1181,yes
jk_major_roads.parquet,f818b9356ce9cd2ce16aa231a06d00e4,4762,"{""$schema"": ""https://proj.org/schemas/v0.7/projjson.schema.json"", ""type"": ""GeographicCRS"", ""name"": ""WGS 84"", ""datum_ensemble"": {""name"": ""World Geodetic System 1984 ensemble"", ""members"": [{""name"": ""World Geodetic System 1984 (Transit)""}, {""name"": ""World Geodetic System 1984 (G730)""}, {""name"": ""World Geodetic System 1984 (G873)""}, {""name"": ""World Geodetic System 1984 (G1150)""}, {""name"": ""World Geodetic System 1984 (G1674)""}, {""name"": ""World Geodetic System 1984 (G1762)""}, {""name"": ""World Geodetic System 1984 (G2139)""}, {""name"": ""World Geodetic System 1984 (G2296)""}], ""ellipsoid"": {""name"": ""WGS 84"", ""semi_major_axis"": 6378137, ""inverse_flattening"": 298.257223563}, ""accuracy"": ""2.0"", ""id"": {""authority"": ""EPSG"", ""code"": 6326}}, ""coordinate_system"": {""subtype"": ""ellipsoidal"", ""axis"": [{""name"": ""Geodetic latitude"", ""abbreviation"": ""Lat"", ""direction"": ""north"", ""unit"": ""degree""}, {""name"": ""Geodetic longitude"", ""abbreviation"": ""Lon"", ""direction"": ""east"", ""unit"": ""degree""}]}, ""scope"": ""Horizontal component of 3D system."", ""area"": ""World."", ""bbox"": {""south_latitude"": -90, ""west_longitude"": -180, ""north_latitude"": 90, ""east_longitude"": 180}, ""id"": {""authority"": ""EPSG"", ""code"": 4326}}",staff_count_nurses,object,0,N/A
jk_major_roads.parquet,f818b9356ce9cd2ce16aa231a06d00e4,4762,"{""$schema"": ""https://proj.org/schemas/v0.7/projjson.schema.json"", ""type"": ""GeographicCRS"", ""name"": ""WGS 84"", ""datum_ensemble"": {""name"": ""World Geodetic System 1984 ensemble"", ""members"": [{""name"": ""World Geodetic System 1984 (Transit)""}, {""name"": ""World Geodetic System 1984 (G730)""}, {""name"": ""World Geodetic System 1984 (G873)""}, {""name"": ""World Geodetic System 1984 (G1150)""}, {""name"": ""World Geodetic System 1984 (G1674)""}, {""name"": ""World Geodetic System 1984 (G1762)""}, {""name"": ""World Geodetic System 1984 (G2139)""}, {""name"": ""World Geodetic System 1984 (G2296)""}], ""ellipsoid"": {""name"": ""WGS 84"", ""semi_major_axis"": 6378137, ""inverse_flattening"": 298.257223563}, ""accuracy"": ""2.0"", ""id"": {""authority"": ""EPSG"", ""code"": 6326}}, ""coordinate_system"": {""subtype"": ""ellipsoidal"", ""axis"": [{""name"": ""Geodetic latitude"", ""abbreviation"": ""Lat"", ""direction"": ""north"", ""unit"": ""degree""}, {""name"": ""Geodetic longitude"", ""abbreviation"": ""Lon"", ""direction"": ""east"", ""unit"": ""degree""}]}, ""scope"": ""Horizontal component of 3D system."", ""area"": ""World."", ""bbox"": {""south_latitude"": -90, ""west_longitude"": -180, ""north_latitude"": 90, ""east_longitude"": 180}, ""id"": {""authority"": ""EPSG"", ""code"": 4326}}",emergency,str,3,designated
jk_major_roads.parquet,f818b9356ce9cd2ce16aa231a06d00e4,4762,"{""$schema"": ""https://proj.org/schemas/v0.7/projjson.schema.json"", ""type"": ""GeographicCRS"", ""name"": ""WGS 84"", ""datum_ensemble"": {""name"": ""World Geodetic System 1984 ensemble"", ""members"": [{""name"": ""World Geodetic System 1984 (Transit)""}, {""name"": ""World Geodetic System 1984 (G730)""}, {""name"": ""World Geodetic System 1984 (G873)""}, {""name"": ""World Geodetic System 1984 (G1150)""}, {""name"": ""World Geodetic System 1984 (G1674)""}, {""name"": ""World Geodetic System 1984 (G1762)""}, {""name"": ""World Geodetic System 1984 (G2139)""}, {""name"": ""World Geodetic System 1984 (G2296)""}], ""ellipsoid"": {""name"": ""WGS 84"", ""semi_major_axis"": 6378137, ""inverse_flattening"": 298.257223563}, ""accuracy"": ""2.0"", ""id"": {""authority"": ""EPSG"", ""code"": 6326}}, ""coordinate_system"": {""subtype"": ""ellipsoidal"", ""axis"": [{""name"": ""Geodetic latitude"", ""abbreviation"": ""Lat"", ""direction"": ""north"", ""unit"": ""degree""}, {""name"": ""Geodetic longitude"", ""abbreviation"": ""Lon"", ""direction"": ""east"", ""unit"": ""degree""}]}, ""scope"": ""Horizontal component of 3D system."", ""area"": ""World."", ""bbox"": {""south_latitude"": -90, ""west_longitude"": -180, ""north_latitude"": 90, ""east_longitude"": 180}, ""id"": {""authority"": ""EPSG"", ""code"": 4326}}",layer,str,1182,1
jk_major_roads.parquet,f818b9356ce9cd2ce16aa231a06d00e4,4762,"{""$schema"": ""https://proj.org/schemas/v0.7/projjson.schema.json"", ""type"": ""GeographicCRS"", ""name"": ""WGS 84"", ""datum_ensemble"": {""name"": ""World Geodetic System 1984 ensemble"", ""members"": [{""name"": ""World Geodetic System 1984 (Transit)""}, {""name"": ""World Geodetic System 1984 (G730)""}, {""name"": ""World Geodetic System 1984 (G873)""}, {""name"": ""World Geodetic System 1984 (G1150)""}, {""name"": ""World Geodetic System 1984 (G1674)""}, {""name"": ""World Geodetic System 1984 (G1762)""}, {""name"": ""World Geodetic System 1984 (G2139)""}, {""name"": ""World Geodetic System 1984 (G2296)""}], ""ellipsoid"": {""name"": ""WGS 84"", ""semi_major_axis"": 6378137, ""inverse_flattening"": 298.257223563}, ""accuracy"": ""2.0"", ""id"": {""authority"": ""EPSG"", ""code"": 6326}}, ""coordinate_system"": {""subtype"": ""ellipsoidal"", ""axis"": [{""name"": ""Geodetic latitude"", ""abbreviation"": ""Lat"", ""direction"": ""north"", ""unit"": ""degree""}, {""name"": ""Geodetic longitude"", ""abbreviation"": ""Lon"", ""direction"": ""east"", ""unit"": ""degree""}]}, ""scope"": ""Horizontal component of 3D system."", ""area"": ""World."", ""bbox"": {""south_latitude"": -90, ""west_longitude"": -180, ""north_latitude"": 90, ""east_longitude"": 180}, ""id"": {""authority"": ""EPSG"", ""code"": 4326}}",oneway,str,2130,yes
jk_major_roads.parquet,f818b9356ce9cd2ce16aa231a06d00e4,4762,"{""$schema"": ""https://proj.org/schemas/v0.7/projjson.schema.json"", ""type"": ""GeographicCRS"", ""name"": ""WGS 84"", ""datum_ensemble"": {""name"": ""World Geodetic System 1984 ensemble"", ""members"": [{""name"": ""World Geodetic System 1984 (Transit)""}, {""name"": ""World Geodetic System 1984 (G730)""}, {""name"": ""World Geodetic System 1984 (G873)""}, {""name"": ""World Geodetic System 1984 (G1150)""}, {""name"": ""World Geodetic System 1984 (G1674)""}, {""name"": ""World Geodetic System 1984 (G1762)""}, {""name"": ""World Geodetic System 1984 (G2139)""}, {""name"": ""World Geodetic System 1984 (G2296)""}], ""ellipsoid"": {""name"": ""WGS 84"", ""semi_major_axis"": 6378137, ""inverse_flattening"": 298.257223563}, ""accuracy"": ""2.0"", ""id"": {""authority"": ""EPSG"", ""code"": 6326}}, ""coordinate_system"": {""subtype"": ""ellipsoidal"", ""axis"": [{""name"": ""Geodetic latitude"", ""abbreviation"": ""Lat"", ""direction"": ""north"", ""unit"": ""degree""}, {""name"": ""Geodetic longitude"", ""abbreviation"": ""Lon"", ""direction"": ""east"", ""unit"": ""degree""}]}, ""scope"": ""Horizontal component of 3D system."", ""area"": ""World."", ""bbox"": {""south_latitude"": -90, ""west_longitude"": -180, ""north_latitude"": 90, ""east_longitude"": 180}, ""id"": {""authority"": ""EPSG"", ""code"": 4326}}",operator_type,str,14,government
jk_major_roads.parquet,f818b9356ce9cd2ce16aa231a06d00e4,4762,"{""$schema"": ""https://proj.org/schemas/v0.7/projjson.schema.json"", ""type"": ""GeographicCRS"", ""name"": ""WGS 84"", ""datum_ensemble"": {""name"": ""World Geodetic System 1984 ensemble"", ""members"": [{""name"": ""World Geodetic System 1984 (Transit)""}, {""name"": ""World Geodetic System 1984 (G730)""}, {""name"": ""World Geodetic System 1984 (G873)""}, {""name"": ""World Geodetic System 1984 (G1150)""}, {""name"": ""World Geodetic System 1984 (G1674)""}, {""name"": ""World Geodetic System 1984 (G1762)""}, {""name"": ""World Geodetic System 1984 (G2139)""}, {""name"": ""World Geodetic System 1984 (G2296)""}], ""ellipsoid"": {""name"": ""WGS 84"", ""semi_major_axis"": 6378137, ""inverse_flattening"": 298.257223563}, ""accuracy"": ""2.0"", ""id"": {""authority"": ""EPSG"", ""code"": 6326}}, ""coordinate_system"": {""subtype"": ""ellipsoidal"", ""axis"": [{""name"": ""Geodetic latitude"", ""abbreviation"": ""Lat"", ""direction"": ""north"", ""unit"": ""degree""}, {""name"": ""Geodetic longitude"", ""abbreviation"": ""Lon"", ""direction"": ""east"", ""unit"": ""degree""}]}, ""scope"": ""Horizontal component of 3D system."", ""area"": ""World."", ""bbox"": {""south_latitude"": -90, ""west_longitude"": -180, ""north_latitude"": 90, ""east_longitude"": 180}, ""id"": {""authority"": ""EPSG"", ""code"": 4326}}",health_facility_type,object,0,N/A
jk_major_roads.parquet,f818b9356ce9cd2ce16aa231a06d00e4,4762,"{""$schema"": ""https://proj.org/schemas/v0.7/projjson.schema.json"", ""type"": ""GeographicCRS"", ""name"": ""WGS 84"", ""datum_ensemble"": {""name"": ""World Geodetic System 1984 ensemble"", ""members"": [{""name"": ""World Geodetic System 1984 (Transit)""}, {""name"": ""World Geodetic System 1984 (G730)""}, {""name"": ""World Geodetic System 1984 (G873)""}, {""name"": ""World Geodetic System 1984 (G1150)""}, {""name"": ""World Geodetic System 1984 (G1674)""}, {""name"": ""World Geodetic System 1984 (G1762)""}, {""name"": ""World Geodetic System 1984 (G2139)""}, {""name"": ""World Geodetic System 1984 (G2296)""}], ""ellipsoid"": {""name"": ""WGS 84"", ""semi_major_axis"": 6378137, ""inverse_flattening"": 298.257223563}, ""accuracy"": ""2.0"", ""id"": {""authority"": ""EPSG"", ""code"": 6326}}, ""coordinate_system"": {""subtype"": ""ellipsoidal"", ""axis"": [{""name"": ""Geodetic latitude"", ""abbreviation"": ""Lat"", ""direction"": ""north"", ""unit"": ""degree""}, {""name"": ""Geodetic longitude"", ""abbreviation"": ""Lon"", ""direction"": ""east"", ""unit"": ""degree""}]}, ""scope"": ""Horizontal component of 3D system."", ""area"": ""World."", ""bbox"": {""south_latitude"": -90, ""west_longitude"": -180, ""north_latitude"": 90, ""east_longitude"": 180}, ""id"": {""authority"": ""EPSG"", ""code"": 4326}}",highway,str,4511,secondary
jk_major_roads.parquet,f818b9356ce9cd2ce16aa231a06d00e4,4762,"{""$schema"": ""https://proj.org/schemas/v0.7/projjson.schema.json"", ""type"": ""GeographicCRS"", ""name"": ""WGS 84"", ""datum_ensemble"": {""name"": ""World Geodetic System 1984 ensemble"", ""members"": [{""name"": ""World Geodetic System 1984 (Transit)""}, {""name"": ""World Geodetic System 1984 (G730)""}, {""name"": ""World Geodetic System 1984 (G873)""}, {""name"": ""World Geodetic System 1984 (G1150)""}, {""name"": ""World Geodetic System 1984 (G1674)""}, {""name"": ""World Geodetic System 1984 (G1762)""}, {""name"": ""World Geodetic System 1984 (G2139)""}, {""name"": ""World Geodetic System 1984 (G2296)""}], ""ellipsoid"": {""name"": ""WGS 84"", ""semi_major_axis"": 6378137, ""inverse_flattening"": 298.257223563}, ""accuracy"": ""2.0"", ""id"": {""authority"": ""EPSG"", ""code"": 6326}}, ""coordinate_system"": {""subtype"": ""ellipsoidal"", ""axis"": [{""name"": ""Geodetic latitude"", ""abbreviation"": ""Lat"", ""direction"": ""north"", ""unit"": ""degree""}, {""name"": ""Geodetic longitude"", ""abbreviation"": ""Lon"", ""direction"": ""east"", ""unit"": ""degree""}]}, ""scope"": ""Horizontal component of 3D system."", ""area"": ""World."", ""bbox"": {""south_latitude"": -90, ""west_longitude"": -180, ""north_latitude"": 90, ""east_longitude"": 180}, ""id"": {""authority"": ""EPSG"", ""code"": 4326}}",admin_level,object,0,N/A
jk_major_roads.parquet,f818b9356ce9cd2ce16aa231a06d00e4,4762,"{""$schema"": ""https://proj.org/schemas/v0.7/projjson.schema.json"", ""type"": ""GeographicCRS"", ""name"": ""WGS 84"", ""datum_ensemble"": {""name"": ""World Geodetic System 1984 ensemble"", ""members"": [{""name"": ""World Geodetic System 1984 (Transit)""}, {""name"": ""World Geodetic System 1984 (G730)""}, {""name"": ""World Geodetic System 1984 (G873)""}, {""name"": ""World Geodetic System 1984 (G1150)""}, {""name"": ""World Geodetic System 1984 (G1674)""}, {""name"": ""World Geodetic System 1984 (G1762)""}, {""name"": ""World Geodetic System 1984 (G2139)""}, {""name"": ""World Geodetic System 1984 (G2296)""}], ""ellipsoid"": {""name"": ""WGS 84"", ""semi_major_axis"": 6378137, ""inverse_flattening"": 298.257223563}, ""accuracy"": ""2.0"", ""id"": {""authority"": ""EPSG"", ""code"": 6326}}, ""coordinate_system"": {""subtype"": ""ellipsoidal"", ""axis"": [{""name"": ""Geodetic latitude"", ""abbreviation"": ""Lat"", ""direction"": ""north"", ""unit"": ""degree""}, {""name"": ""Geodetic longitude"", ""abbreviation"": ""Lon"", ""direction"": ""east"", ""unit"": ""degree""}]}, ""scope"": ""Horizontal component of 3D system."", ""area"": ""World."", ""bbox"": {""south_latitude"": -90, ""west_longitude"": -180, ""north_latitude"": 90, ""east_longitude"": 180}, ""id"": {""authority"": ""EPSG"", ""code"": 4326}}",boundary,str,4,national_park
jk_major_roads.parquet,f818b9356ce9cd2ce16aa231a06d00e4,4762,"{""$schema"": ""https://proj.org/schemas/v0.7/projjson.schema.json"", ""type"": ""GeographicCRS"", ""name"": ""WGS 84"", ""datum_ensemble"": {""name"": ""World Geodetic System 1984 ensemble"", ""members"": [{""name"": ""World Geodetic System 1984 (Transit)""}, {""name"": ""World Geodetic System 1984 (G730)""}, {""name"": ""World Geodetic System 1984 (G873)""}, {""name"": ""World Geodetic System 1984 (G1150)""}, {""name"": ""World Geodetic System 1984 (G1674)""}, {""name"": ""World Geodetic System 1984 (G1762)""}, {""name"": ""World Geodetic System 1984 (G2139)""}, {""name"": ""World Geodetic System 1984 (G2296)""}], ""ellipsoid"": {""name"": ""WGS 84"", ""semi_major_axis"": 6378137, ""inverse_flattening"": 298.257223563}, ""accuracy"": ""2.0"", ""id"": {""authority"": ""EPSG"", ""code"": 6326}}, ""coordinate_system"": {""subtype"": ""ellipsoidal"", ""axis"": [{""name"": ""Geodetic latitude"", ""abbreviation"": ""Lat"", ""direction"": ""north"", ""unit"": ""degree""}, {""name"": ""Geodetic longitude"", ""abbreviation"": ""Lon"", ""direction"": ""east"", ""unit"": ""degree""}]}, ""scope"": ""Horizontal component of 3D system."", ""area"": ""World."", ""bbox"": {""south_latitude"": -90, ""west_longitude"": -180, ""north_latitude"": 90, ""east_longitude"": 180}, ""id"": {""authority"": ""EPSG"", ""code"": 4326}}",barrier,str,1,wall
jk_major_roads.parquet,f818b9356ce9cd2ce16aa231a06d00e4,4762,"{""$schema"": ""https://proj.org/schemas/v0.7/projjson.schema.json"", ""type"": ""GeographicCRS"", ""name"": ""WGS 84"", ""datum_ensemble"": {""name"": ""World Geodetic System 1984 ensemble"", ""members"": [{""name"": ""World Geodetic System 1984 (Transit)""}, {""name"": ""World Geodetic System 1984 (G730)""}, {""name"": ""World Geodetic System 1984 (G873)""}, {""name"": ""World Geodetic System 1984 (G1150)""}, {""name"": ""World Geodetic System 1984 (G1674)""}, {""name"": ""World Geodetic System 1984 (G1762)""}, {""name"": ""World Geodetic System 1984 (G2139)""}, {""name"": ""World Geodetic System 1984 (G2296)""}], ""ellipsoid"": {""name"": ""WGS 84"", ""semi_major_axis"": 6378137, ""inverse_flattening"": 298.257223563}, ""accuracy"": ""2.0"", ""id"": {""authority"": ""EPSG"", ""code"": 6326}}, ""coordinate_system"": {""subtype"": ""ellipsoidal"", ""axis"": [{""name"": ""Geodetic latitude"", ""abbreviation"": ""Lat"", ""direction"": ""north"", ""unit"": ""degree""}, {""name"": ""Geodetic longitude"", ""abbreviation"": ""Lon"", ""direction"": ""east"", ""unit"": ""degree""}]}, ""scope"": ""Horizontal component of 3D system."", ""area"": ""World."", ""bbox"": {""south_latitude"": -90, ""west_longitude"": -180, ""north_latitude"": 90, ""east_longitude"": 180}, ""id"": {""authority"": ""EPSG"", ""code"": 4326}}",is_in,object,0,N/A
jk_major_roads.parquet,f818b9356ce9cd2ce16aa231a06d00e4,4762,"{""$schema"": ""https://proj.org/schemas/v0.7/projjson.schema.json"", ""type"": ""GeographicCRS"", ""name"": ""WGS 84"", ""datum_ensemble"": {""name"": ""World Geodetic System 1984 ensemble"", ""members"": [{""name"": ""World Geodetic System 1984 (Transit)""}, {""name"": ""World Geodetic System 1984 (G730)""}, {""name"": ""World Geodetic System 1984 (G873)""}, {""name"": ""World Geodetic System 1984 (G1150)""}, {""name"": ""World Geodetic System 1984 (G1674)""}, {""name"": ""World Geodetic System 1984 (G1762)""}, {""name"": ""World Geodetic System 1984 (G2139)""}, {""name"": ""World Geodetic System 1984 (G2296)""}], ""ellipsoid"": {""name"": ""WGS 84"", ""semi_major_axis"": 6378137, ""inverse_flattening"": 298.257223563}, ""accuracy"": ""2.0"", ""id"": {""authority"": ""EPSG"", ""code"": 6326}}, ""coordinate_system"": {""subtype"": ""ellipsoidal"", ""axis"": [{""name"": ""Geodetic latitude"", ""abbreviation"": ""Lat"", ""direction"": ""north"", ""unit"": ""degree""}, {""name"": ""Geodetic longitude"", ""abbreviation"": ""Lon"", ""direction"": ""east"", ""unit"": ""degree""}]}, ""scope"": ""Horizontal component of 3D system."", ""area"": ""World."", ""bbox"": {""south_latitude"": -90, ""west_longitude"": -180, ""north_latitude"": 90, ""east_longitude"": 180}, ""id"": {""authority"": ""EPSG"", ""code"": 4326}}",isced_level,object,0,N/A
jk_major_roads.parquet,f818b9356ce9cd2ce16aa231a06d00e4,4762,"{""$schema"": ""https://proj.org/schemas/v0.7/projjson.schema.json"", ""type"": ""GeographicCRS"", ""name"": ""WGS 84"", ""datum_ensemble"": {""name"": ""World Geodetic System 1984 ensemble"", ""members"": [{""name"": ""World Geodetic System 1984 (Transit)""}, {""name"": ""World Geodetic System 1984 (G730)""}, {""name"": ""World Geodetic System 1984 (G873)""}, {""name"": ""World Geodetic System 1984 (G1150)""}, {""name"": ""World Geodetic System 1984 (G1674)""}, {""name"": ""World Geodetic System 1984 (G1762)""}, {""name"": ""World Geodetic System 1984 (G2139)""}, {""name"": ""World Geodetic System 1984 (G2296)""}], ""ellipsoid"": {""name"": ""WGS 84"", ""semi_major_axis"": 6378137, ""inverse_flattening"": 298.257223563}, ""accuracy"": ""2.0"", ""id"": {""authority"": ""EPSG"", ""code"": 6326}}, ""coordinate_system"": {""subtype"": ""ellipsoidal"", ""axis"": [{""name"": ""Geodetic latitude"", ""abbreviation"": ""Lat"", ""direction"": ""north"", ""unit"": ""degree""}, {""name"": ""Geodetic longitude"", ""abbreviation"": ""Lon"", ""direction"": ""east"", ""unit"": ""degree""}]}, ""scope"": ""Horizontal component of 3D system."", ""area"": ""World."", ""bbox"": {""south_latitude"": -90, ""west_longitude"": -180, ""north_latitude"": 90, ""east_longitude"": 180}, ""id"": {""authority"": ""EPSG"", ""code"": 4326}}",health_facility_level,object,0,N/A
jk_major_roads.parquet,f818b9356ce9cd2ce16aa231a06d00e4,4762,"{""$schema"": ""https://proj.org/schemas/v0.7/projjson.schema.json"", ""type"": ""GeographicCRS"", ""name"": ""WGS 84"", ""datum_ensemble"": {""name"": ""World Geodetic System 1984 ensemble"", ""members"": [{""name"": ""World Geodetic System 1984 (Transit)""}, {""name"": ""World Geodetic System 1984 (G730)""}, {""name"": ""World Geodetic System 1984 (G873)""}, {""name"": ""World Geodetic System 1984 (G1150)""}, {""name"": ""World Geodetic System 1984 (G1674)""}, {""name"": ""World Geodetic System 1984 (G1762)""}, {""name"": ""World Geodetic System 1984 (G2139)""}, {""name"": ""World Geodetic System 1984 (G2296)""}], ""ellipsoid"": {""name"": ""WGS 84"", ""semi_major_axis"": 6378137, ""inverse_flattening"": 298.257223563}, ""accuracy"": ""2.0"", ""id"": {""authority"": ""EPSG"", ""code"": 6326}}, ""coordinate_system"": {""subtype"": ""ellipsoidal"", ""axis"": [{""name"": ""Geodetic latitude"", ""abbreviation"": ""Lat"", ""direction"": ""north"", ""unit"": ""degree""}, {""name"": ""Geodetic longitude"", ""abbreviation"": ""Lon"", ""direction"": ""east"", ""unit"": ""degree""}]}, ""scope"": ""Horizontal component of 3D system."", ""area"": ""World."", ""bbox"": {""south_latitude"": -90, ""west_longitude"": -180, ""north_latitude"": 90, ""east_longitude"": 180}, ""id"": {""authority"": ""EPSG"", ""code"": 4326}}",aeroway,str,2,aerodrome
jk_major_roads.parquet,f818b9356ce9cd2ce16aa231a06d00e4,4762,"{""$schema"": ""https://proj.org/schemas/v0.7/projjson.schema.json"", ""type"": ""GeographicCRS"", ""name"": ""WGS 84"", ""datum_ensemble"": {""name"": ""World Geodetic System 1984 ensemble"", ""members"": [{""name"": ""World Geodetic System 1984 (Transit)""}, {""name"": ""World Geodetic System 1984 (G730)""}, {""name"": ""World Geodetic System 1984 (G873)""}, {""name"": ""World Geodetic System 1984 (G1150)""}, {""name"": ""World Geodetic System 1984 (G1674)""}, {""name"": ""World Geodetic System 1984 (G1762)""}, {""name"": ""World Geodetic System 1984 (G2139)""}, {""name"": ""World Geodetic System 1984 (G2296)""}], ""ellipsoid"": {""name"": ""WGS 84"", ""semi_major_axis"": 6378137, ""inverse_flattening"": 298.257223563}, ""accuracy"": ""2.0"", ""id"": {""authority"": ""EPSG"", ""code"": 6326}}, ""coordinate_system"": {""subtype"": ""ellipsoidal"", ""axis"": [{""name"": ""Geodetic latitude"", ""abbreviation"": ""Lat"", ""direction"": ""north"", ""unit"": ""degree""}, {""name"": ""Geodetic longitude"", ""abbreviation"": ""Lon"", ""direction"": ""east"", ""unit"": ""degree""}]}, ""scope"": ""Horizontal component of 3D system."", ""area"": ""World."", ""bbox"": {""south_latitude"": -90, ""west_longitude"": -180, ""north_latitude"": 90, ""east_longitude"": 180}, ""id"": {""authority"": ""EPSG"", ""code"": 4326}}",railway,object,0,N/A
jk_major_roads.parquet,f818b9356ce9cd2ce16aa231a06d00e4,4762,"{""$schema"": ""https://proj.org/schemas/v0.7/projjson.schema.json"", ""type"": ""GeographicCRS"", ""name"": ""WGS 84"", ""datum_ensemble"": {""name"": ""World Geodetic System 1984 ensemble"", ""members"": [{""name"": ""World Geodetic System 1984 (Transit)""}, {""name"": ""World Geodetic System 1984 (G730)""}, {""name"": ""World Geodetic System 1984 (G873)""}, {""name"": ""World Geodetic System 1984 (G1150)""}, {""name"": ""World Geodetic System 1984 (G1674)""}, {""name"": ""World Geodetic System 1984 (G1762)""}, {""name"": ""World Geodetic System 1984 (G2139)""}, {""name"": ""World Geodetic System 1984 (G2296)""}], ""ellipsoid"": {""name"": ""WGS 84"", ""semi_major_axis"": 6378137, ""inverse_flattening"": 298.257223563}, ""accuracy"": ""2.0"", ""id"": {""authority"": ""EPSG"", ""code"": 6326}}, ""coordinate_system"": {""subtype"": ""ellipsoidal"", ""axis"": [{""name"": ""Geodetic latitude"", ""abbreviation"": ""Lat"", ""direction"": ""north"", ""unit"": ""degree""}, {""name"": ""Geodetic longitude"", ""abbreviation"": ""Lon"", ""direction"": ""east"", ""unit"": ""degree""}]}, ""scope"": ""Horizontal component of 3D system."", ""area"": ""World."", ""bbox"": {""south_latitude"": -90, ""west_longitude"": -180, ""north_latitude"": 90, ""east_longitude"": 180}, ""id"": {""authority"": ""EPSG"", ""code"": 4326}}",status,object,0,N/A
jk_major_roads.parquet,f818b9356ce9cd2ce16aa231a06d00e4,4762,"{""$schema"": ""https://proj.org/schemas/v0.7/projjson.schema.json"", ""type"": ""GeographicCRS"", ""name"": ""WGS 84"", ""datum_ensemble"": {""name"": ""World Geodetic System 1984 ensemble"", ""members"": [{""name"": ""World Geodetic System 1984 (Transit)""}, {""name"": ""World Geodetic System 1984 (G730)""}, {""name"": ""World Geodetic System 1984 (G873)""}, {""name"": ""World Geodetic System 1984 (G1150)""}, {""name"": ""World Geodetic System 1984 (G1674)""}, {""name"": ""World Geodetic System 1984 (G1762)""}, {""name"": ""World Geodetic System 1984 (G2139)""}, {""name"": ""World Geodetic System 1984 (G2296)""}], ""ellipsoid"": {""name"": ""WGS 84"", ""semi_major_axis"": 6378137, ""inverse_flattening"": 298.257223563}, ""accuracy"": ""2.0"", ""id"": {""authority"": ""EPSG"", ""code"": 6326}}, ""coordinate_system"": {""subtype"": ""ellipsoidal"", ""axis"": [{""name"": ""Geodetic latitude"", ""abbreviation"": ""Lat"", ""direction"": ""north"", ""unit"": ""degree""}, {""name"": ""Geodetic longitude"", ""abbreviation"": ""Lon"", ""direction"": ""east"", ""unit"": ""degree""}]}, ""scope"": ""Horizontal component of 3D system."", ""area"": ""World."", ""bbox"": {""south_latitude"": -90, ""west_longitude"": -180, ""north_latitude"": 90, ""east_longitude"": 180}, ""id"": {""authority"": ""EPSG"", ""code"": 4326}}",smoothness,str,25,good
jk_major_roads.parquet,f818b9356ce9cd2ce16aa231a06d00e4,4762,"{""$schema"": ""https://proj.org/schemas/v0.7/projjson.schema.json"", ""type"": ""GeographicCRS"", ""name"": ""WGS 84"", ""datum_ensemble"": {""name"": ""World Geodetic System 1984 ensemble"", ""members"": [{""name"": ""World Geodetic System 1984 (Transit)""}, {""name"": ""World Geodetic System 1984 (G730)""}, {""name"": ""World Geodetic System 1984 (G873)""}, {""name"": ""World Geodetic System 1984 (G1150)""}, {""name"": ""World Geodetic System 1984 (G1674)""}, {""name"": ""World Geodetic System 1984 (G1762)""}, {""name"": ""World Geodetic System 1984 (G2139)""}, {""name"": ""World Geodetic System 1984 (G2296)""}], ""ellipsoid"": {""name"": ""WGS 84"", ""semi_major_axis"": 6378137, ""inverse_flattening"": 298.257223563}, ""accuracy"": ""2.0"", ""id"": {""authority"": ""EPSG"", ""code"": 6326}}, ""coordinate_system"": {""subtype"": ""ellipsoidal"", ""axis"": [{""name"": ""Geodetic latitude"", ""abbreviation"": ""Lat"", ""direction"": ""north"", ""unit"": ""degree""}, {""name"": ""Geodetic longitude"", ""abbreviation"": ""Lon"", ""direction"": ""east"", ""unit"": ""degree""}]}, ""scope"": ""Horizontal component of 3D system."", ""area"": ""World."", ""bbox"": {""south_latitude"": -90, ""west_longitude"": -180, ""north_latitude"": 90, ""east_longitude"": 180}, ""id"": {""authority"": ""EPSG"", ""code"": 4326}}",amenity,str,119,hospital
jk_major_roads.parquet,f818b9356ce9cd2ce16aa231a06d00e4,4762,"{""$schema"": ""https://proj.org/schemas/v0.7/projjson.schema.json"", ""type"": ""GeographicCRS"", ""name"": ""WGS 84"", ""datum_ensemble"": {""name"": ""World Geodetic System 1984 ensemble"", ""members"": [{""name"": ""World Geodetic System 1984 (Transit)""}, {""name"": ""World Geodetic System 1984 (G730)""}, {""name"": ""World Geodetic System 1984 (G873)""}, {""name"": ""World Geodetic System 1984 (G1150)""}, {""name"": ""World Geodetic System 1984 (G1674)""}, {""name"": ""World Geodetic System 1984 (G1762)""}, {""name"": ""World Geodetic System 1984 (G2139)""}, {""name"": ""World Geodetic System 1984 (G2296)""}], ""ellipsoid"": {""name"": ""WGS 84"", ""semi_major_axis"": 6378137, ""inverse_flattening"": 298.257223563}, ""accuracy"": ""2.0"", ""id"": {""authority"": ""EPSG"", ""code"": 6326}}, ""coordinate_system"": {""subtype"": ""ellipsoidal"", ""axis"": [{""name"": ""Geodetic latitude"", ""abbreviation"": ""Lat"", ""direction"": ""north"", ""unit"": ""degree""}, {""name"": ""Geodetic longitude"", ""abbreviation"": ""Lon"", ""direction"": ""east"", ""unit"": ""degree""}]}, ""scope"": ""Horizontal component of 3D system."", ""area"": ""World."", ""bbox"": {""south_latitude"": -90, ""west_longitude"": -180, ""north_latitude"": 90, ""east_longitude"": 180}, ""id"": {""authority"": ""EPSG"", ""code"": 4326}}",parking,object,0,N/A
jk_major_roads.parquet,f818b9356ce9cd2ce16aa231a06d00e4,4762,"{""$schema"": ""https://proj.org/schemas/v0.7/projjson.schema.json"", ""type"": ""GeographicCRS"", ""name"": ""WGS 84"", ""datum_ensemble"": {""name"": ""World Geodetic System 1984 ensemble"", ""members"": [{""name"": ""World Geodetic System 1984 (Transit)""}, {""name"": ""World Geodetic System 1984 (G730)""}, {""name"": ""World Geodetic System 1984 (G873)""}, {""name"": ""World Geodetic System 1984 (G1150)""}, {""name"": ""World Geodetic System 1984 (G1674)""}, {""name"": ""World Geodetic System 1984 (G1762)""}, {""name"": ""World Geodetic System 1984 (G2139)""}, {""name"": ""World Geodetic System 1984 (G2296)""}], ""ellipsoid"": {""name"": ""WGS 84"", ""semi_major_axis"": 6378137, ""inverse_flattening"": 298.257223563}, ""accuracy"": ""2.0"", ""id"": {""authority"": ""EPSG"", ""code"": 6326}}, ""coordinate_system"": {""subtype"": ""ellipsoidal"", ""axis"": [{""name"": ""Geodetic latitude"", ""abbreviation"": ""Lat"", ""direction"": ""north"", ""unit"": ""degree""}, {""name"": ""Geodetic longitude"", ""abbreviation"": ""Lon"", ""direction"": ""east"", ""unit"": ""degree""}]}, ""scope"": ""Horizontal component of 3D system."", ""area"": ""World."", ""bbox"": {""south_latitude"": -90, ""west_longitude"": -180, ""north_latitude"": 90, ""east_longitude"": 180}, ""id"": {""authority"": ""EPSG"", ""code"": 4326}}",building,str,17,transportation
jk_major_roads.parquet,f818b9356ce9cd2ce16aa231a06d00e4,4762,"{""$schema"": ""https://proj.org/schemas/v0.7/projjson.schema.json"", ""type"": ""GeographicCRS"", ""name"": ""WGS 84"", ""datum_ensemble"": {""name"": ""World Geodetic System 1984 ensemble"", ""members"": [{""name"": ""World Geodetic System 1984 (Transit)""}, {""name"": ""World Geodetic System 1984 (G730)""}, {""name"": ""World Geodetic System 1984 (G873)""}, {""name"": ""World Geodetic System 1984 (G1150)""}, {""name"": ""World Geodetic System 1984 (G1674)""}, {""name"": ""World Geodetic System 1984 (G1762)""}, {""name"": ""World Geodetic System 1984 (G2139)""}, {""name"": ""World Geodetic System 1984 (G2296)""}], ""ellipsoid"": {""name"": ""WGS 84"", ""semi_major_axis"": 6378137, ""inverse_flattening"": 298.257223563}, ""accuracy"": ""2.0"", ""id"": {""authority"": ""EPSG"", ""code"": 6326}}, ""coordinate_system"": {""subtype"": ""ellipsoidal"", ""axis"": [{""name"": ""Geodetic latitude"", ""abbreviation"": ""Lat"", ""direction"": ""north"", ""unit"": ""degree""}, {""name"": ""Geodetic longitude"", ""abbreviation"": ""Lon"", ""direction"": ""east"", ""unit"": ""degree""}]}, ""scope"": ""Horizontal component of 3D system."", ""area"": ""World."", ""bbox"": {""south_latitude"": -90, ""west_longitude"": -180, ""north_latitude"": 90, ""east_longitude"": 180}, ""id"": {""authority"": ""EPSG"", ""code"": 4326}}",addr_postcode,str,130,181131
jk_major_roads.parquet,f818b9356ce9cd2ce16aa231a06d00e4,4762,"{""$schema"": ""https://proj.org/schemas/v0.7/projjson.schema.json"", ""type"": ""GeographicCRS"", ""name"": ""WGS 84"", ""datum_ensemble"": {""name"": ""World Geodetic System 1984 ensemble"", ""members"": [{""name"": ""World Geodetic System 1984 (Transit)""}, {""name"": ""World Geodetic System 1984 (G730)""}, {""name"": ""World Geodetic System 1984 (G873)""}, {""name"": ""World Geodetic System 1984 (G1150)""}, {""name"": ""World Geodetic System 1984 (G1674)""}, {""name"": ""World Geodetic System 1984 (G1762)""}, {""name"": ""World Geodetic System 1984 (G2139)""}, {""name"": ""World Geodetic System 1984 (G2296)""}], ""ellipsoid"": {""name"": ""WGS 84"", ""semi_major_axis"": 6378137, ""inverse_flattening"": 298.257223563}, ""accuracy"": ""2.0"", ""id"": {""authority"": ""EPSG"", ""code"": 6326}}, ""coordinate_system"": {""subtype"": ""ellipsoidal"", ""axis"": [{""name"": ""Geodetic latitude"", ""abbreviation"": ""Lat"", ""direction"": ""north"", ""unit"": ""degree""}, {""name"": ""Geodetic longitude"", ""abbreviation"": ""Lon"", ""direction"": ""east"", ""unit"": ""degree""}]}, ""scope"": ""Horizontal component of 3D system."", ""area"": ""World."", ""bbox"": {""south_latitude"": -90, ""west_longitude"": -180, ""north_latitude"": 90, ""east_longitude"": 180}, ""id"": {""authority"": ""EPSG"", ""code"": 4326}}",toilets_disposal,object,0,N/A
jk_major_roads.parquet,f818b9356ce9cd2ce16aa231a06d00e4,4762,"{""$schema"": ""https://proj.org/schemas/v0.7/projjson.schema.json"", ""type"": ""GeographicCRS"", ""name"": ""WGS 84"", ""datum_ensemble"": {""name"": ""World Geodetic System 1984 ensemble"", ""members"": [{""name"": ""World Geodetic System 1984 (Transit)""}, {""name"": ""World Geodetic System 1984 (G730)""}, {""name"": ""World Geodetic System 1984 (G873)""}, {""name"": ""World Geodetic System 1984 (G1150)""}, {""name"": ""World Geodetic System 1984 (G1674)""}, {""name"": ""World Geodetic System 1984 (G1762)""}, {""name"": ""World Geodetic System 1984 (G2139)""}, {""name"": ""World Geodetic System 1984 (G2296)""}], ""ellipsoid"": {""name"": ""WGS 84"", ""semi_major_axis"": 6378137, ""inverse_flattening"": 298.257223563}, ""accuracy"": ""2.0"", ""id"": {""authority"": ""EPSG"", ""code"": 6326}}, ""coordinate_system"": {""subtype"": ""ellipsoidal"", ""axis"": [{""name"": ""Geodetic latitude"", ""abbreviation"": ""Lat"", ""direction"": ""north"", ""unit"": ""degree""}, {""name"": ""Geodetic longitude"", ""abbreviation"": ""Lon"", ""direction"": ""east"", ""unit"": ""degree""}]}, ""scope"": ""Horizontal component of 3D system."", ""area"": ""World."", ""bbox"": {""south_latitude"": -90, ""west_longitude"": -180, ""north_latitude"": 90, ""east_longitude"": 180}, ""id"": {""authority"": ""EPSG"", ""code"": 4326}}",capacity,object,0,N/A
jk_major_roads.parquet,f818b9356ce9cd2ce16aa231a06d00e4,4762,"{""$schema"": ""https://proj.org/schemas/v0.7/projjson.schema.json"", ""type"": ""GeographicCRS"", ""name"": ""WGS 84"", ""datum_ensemble"": {""name"": ""World Geodetic System 1984 ensemble"", ""members"": [{""name"": ""World Geodetic System 1984 (Transit)""}, {""name"": ""World Geodetic System 1984 (G730)""}, {""name"": ""World Geodetic System 1984 (G873)""}, {""name"": ""World Geodetic System 1984 (G1150)""}, {""name"": ""World Geodetic System 1984 (G1674)""}, {""name"": ""World Geodetic System 1984 (G1762)""}, {""name"": ""World Geodetic System 1984 (G2139)""}, {""name"": ""World Geodetic System 1984 (G2296)""}], ""ellipsoid"": {""name"": ""WGS 84"", ""semi_major_axis"": 6378137, ""inverse_flattening"": 298.257223563}, ""accuracy"": ""2.0"", ""id"": {""authority"": ""EPSG"", ""code"": 6326}}, ""coordinate_system"": {""subtype"": ""ellipsoidal"", ""axis"": [{""name"": ""Geodetic latitude"", ""abbreviation"": ""Lat"", ""direction"": ""north"", ""unit"": ""degree""}, {""name"": ""Geodetic longitude"", ""abbreviation"": ""Lon"", ""direction"": ""east"", ""unit"": ""degree""}]}, ""scope"": ""Horizontal component of 3D system."", ""area"": ""World."", ""bbox"": {""south_latitude"": -90, ""west_longitude"": -180, ""north_latitude"": 90, ""east_longitude"": 180}, ""id"": {""authority"": ""EPSG"", ""code"": 4326}}",operator,str,21,GOVT
jk_major_roads.parquet,f818b9356ce9cd2ce16aa231a06d00e4,4762,"{""$schema"": ""https://proj.org/schemas/v0.7/projjson.schema.json"", ""type"": ""GeographicCRS"", ""name"": ""WGS 84"", ""datum_ensemble"": {""name"": ""World Geodetic System 1984 ensemble"", ""members"": [{""name"": ""World Geodetic System 1984 (Transit)""}, {""name"": ""World Geodetic System 1984 (G730)""}, {""name"": ""World Geodetic System 1984 (G873)""}, {""name"": ""World Geodetic System 1984 (G1150)""}, {""name"": ""World Geodetic System 1984 (G1674)""}, {""name"": ""World Geodetic System 1984 (G1762)""}, {""name"": ""World Geodetic System 1984 (G2139)""}, {""name"": ""World Geodetic System 1984 (G2296)""}], ""ellipsoid"": {""name"": ""WGS 84"", ""semi_major_axis"": 6378137, ""inverse_flattening"": 298.257223563}, ""accuracy"": ""2.0"", ""id"": {""authority"": ""EPSG"", ""code"": 6326}}, ""coordinate_system"": {""subtype"": ""ellipsoidal"", ""axis"": [{""name"": ""Geodetic latitude"", ""abbreviation"": ""Lat"", ""direction"": ""north"", ""unit"": ""degree""}, {""name"": ""Geodetic longitude"", ""abbreviation"": ""Lon"", ""direction"": ""east"", ""unit"": ""degree""}]}, ""scope"": ""Horizontal component of 3D system."", ""area"": ""World."", ""bbox"": {""south_latitude"": -90, ""west_longitude"": -180, ""north_latitude"": 90, ""east_longitude"": 180}, ""id"": {""authority"": ""EPSG"", ""code"": 4326}}",width,str,2,6
jk_major_roads.parquet,f818b9356ce9cd2ce16aa231a06d00e4,4762,"{""$schema"": ""https://proj.org/schemas/v0.7/projjson.schema.json"", ""type"": ""GeographicCRS"", ""name"": ""WGS 84"", ""datum_ensemble"": {""name"": ""World Geodetic System 1984 ensemble"", ""members"": [{""name"": ""World Geodetic System 1984 (Transit)""}, {""name"": ""World Geodetic System 1984 (G730)""}, {""name"": ""World Geodetic System 1984 (G873)""}, {""name"": ""World Geodetic System 1984 (G1150)""}, {""name"": ""World Geodetic System 1984 (G1674)""}, {""name"": ""World Geodetic System 1984 (G1762)""}, {""name"": ""World Geodetic System 1984 (G2139)""}, {""name"": ""World Geodetic System 1984 (G2296)""}], ""ellipsoid"": {""name"": ""WGS 84"", ""semi_major_axis"": 6378137, ""inverse_flattening"": 298.257223563}, ""accuracy"": ""2.0"", ""id"": {""authority"": ""EPSG"", ""code"": 6326}}, ""coordinate_system"": {""subtype"": ""ellipsoidal"", ""axis"": [{""name"": ""Geodetic latitude"", ""abbreviation"": ""Lat"", ""direction"": ""north"", ""unit"": ""degree""}, {""name"": ""Geodetic longitude"", ""abbreviation"": ""Lon"", ""direction"": ""east"", ""unit"": ""degree""}]}, ""scope"": ""Horizontal component of 3D system."", ""area"": ""World."", ""bbox"": {""south_latitude"": -90, ""west_longitude"": -180, ""north_latitude"": 90, ""east_longitude"": 180}, ""id"": {""authority"": ""EPSG"", ""code"": 4326}}",place,str,25,village
jk_major_roads.parquet,f818b9356ce9cd2ce16aa231a06d00e4,4762,"{""$schema"": ""https://proj.org/schemas/v0.7/projjson.schema.json"", ""type"": ""GeographicCRS"", ""name"": ""WGS 84"", ""datum_ensemble"": {""name"": ""World Geodetic System 1984 ensemble"", ""members"": [{""name"": ""World Geodetic System 1984 (Transit)""}, {""name"": ""World Geodetic System 1984 (G730)""}, {""name"": ""World Geodetic System 1984 (G873)""}, {""name"": ""World Geodetic System 1984 (G1150)""}, {""name"": ""World Geodetic System 1984 (G1674)""}, {""name"": ""World Geodetic System 1984 (G1762)""}, {""name"": ""World Geodetic System 1984 (G2139)""}, {""name"": ""World Geodetic System 1984 (G2296)""}], ""ellipsoid"": {""name"": ""WGS 84"", ""semi_major_axis"": 6378137, ""inverse_flattening"": 298.257223563}, ""accuracy"": ""2.0"", ""id"": {""authority"": ""EPSG"", ""code"": 6326}}, ""coordinate_system"": {""subtype"": ""ellipsoidal"", ""axis"": [{""name"": ""Geodetic latitude"", ""abbreviation"": ""Lat"", ""direction"": ""north"", ""unit"": ""degree""}, {""name"": ""Geodetic longitude"", ""abbreviation"": ""Lon"", ""direction"": ""east"", ""unit"": ""degree""}]}, ""scope"": ""Horizontal component of 3D system."", ""area"": ""World."", ""bbox"": {""south_latitude"": -90, ""west_longitude"": -180, ""north_latitude"": 90, ""east_longitude"": 180}, ""id"": {""authority"": ""EPSG"", ""code"": 4326}}",government,object,0,N/A
jk_major_roads.parquet,f818b9356ce9cd2ce16aa231a06d00e4,4762,"{""$schema"": ""https://proj.org/schemas/v0.7/projjson.schema.json"", ""type"": ""GeographicCRS"", ""name"": ""WGS 84"", ""datum_ensemble"": {""name"": ""World Geodetic System 1984 ensemble"", ""members"": [{""name"": ""World Geodetic System 1984 (Transit)""}, {""name"": ""World Geodetic System 1984 (G730)""}, {""name"": ""World Geodetic System 1984 (G873)""}, {""name"": ""World Geodetic System 1984 (G1150)""}, {""name"": ""World Geodetic System 1984 (G1674)""}, {""name"": ""World Geodetic System 1984 (G1762)""}, {""name"": ""World Geodetic System 1984 (G2139)""}, {""name"": ""World Geodetic System 1984 (G2296)""}], ""ellipsoid"": {""name"": ""WGS 84"", ""semi_major_axis"": 6378137, ""inverse_flattening"": 298.257223563}, ""accuracy"": ""2.0"", ""id"": {""authority"": ""EPSG"", ""code"": 6326}}, ""coordinate_system"": {""subtype"": ""ellipsoidal"", ""axis"": [{""name"": ""Geodetic latitude"", ""abbreviation"": ""Lat"", ""direction"": ""north"", ""unit"": ""degree""}, {""name"": ""Geodetic longitude"", ""abbreviation"": ""Lon"", ""direction"": ""east"", ""unit"": ""degree""}]}, ""scope"": ""Horizontal component of 3D system."", ""area"": ""World."", ""bbox"": {""south_latitude"": -90, ""west_longitude"": -180, ""north_latitude"": 90, ""east_longitude"": 180}, ""id"": {""authority"": ""EPSG"", ""code"": 4326}}",surface,str,679,concrete
jk_major_roads.parquet,f818b9356ce9cd2ce16aa231a06d00e4,4762,"{""$schema"": ""https://proj.org/schemas/v0.7/projjson.schema.json"", ""type"": ""GeographicCRS"", ""name"": ""WGS 84"", ""datum_ensemble"": {""name"": ""World Geodetic System 1984 ensemble"", ""members"": [{""name"": ""World Geodetic System 1984 (Transit)""}, {""name"": ""World Geodetic System 1984 (G730)""}, {""name"": ""World Geodetic System 1984 (G873)""}, {""name"": ""World Geodetic System 1984 (G1150)""}, {""name"": ""World Geodetic System 1984 (G1674)""}, {""name"": ""World Geodetic System 1984 (G1762)""}, {""name"": ""World Geodetic System 1984 (G2139)""}, {""name"": ""World Geodetic System 1984 (G2296)""}], ""ellipsoid"": {""name"": ""WGS 84"", ""semi_major_axis"": 6378137, ""inverse_flattening"": 298.257223563}, ""accuracy"": ""2.0"", ""id"": {""authority"": ""EPSG"", ""code"": 6326}}, ""coordinate_system"": {""subtype"": ""ellipsoidal"", ""axis"": [{""name"": ""Geodetic latitude"", ""abbreviation"": ""Lat"", ""direction"": ""north"", ""unit"": ""degree""}, {""name"": ""Geodetic longitude"", ""abbreviation"": ""Lon"", ""direction"": ""east"", ""unit"": ""degree""}]}, ""scope"": ""Horizontal component of 3D system."", ""area"": ""World."", ""bbox"": {""south_latitude"": -90, ""west_longitude"": -180, ""north_latitude"": 90, ""east_longitude"": 180}, ""id"": {""authority"": ""EPSG"", ""code"": 4326}}",opening_hours,str,4,Mo-Su 09:00-21:00
jk_major_roads.parquet,f818b9356ce9cd2ce16aa231a06d00e4,4762,"{""$schema"": ""https://proj.org/schemas/v0.7/projjson.schema.json"", ""type"": ""GeographicCRS"", ""name"": ""WGS 84"", ""datum_ensemble"": {""name"": ""World Geodetic System 1984 ensemble"", ""members"": [{""name"": ""World Geodetic System 1984 (Transit)""}, {""name"": ""World Geodetic System 1984 (G730)""}, {""name"": ""World Geodetic System 1984 (G873)""}, {""name"": ""World Geodetic System 1984 (G1150)""}, {""name"": ""World Geodetic System 1984 (G1674)""}, {""name"": ""World Geodetic System 1984 (G1762)""}, {""name"": ""World Geodetic System 1984 (G2139)""}, {""name"": ""World Geodetic System 1984 (G2296)""}], ""ellipsoid"": {""name"": ""WGS 84"", ""semi_major_axis"": 6378137, ""inverse_flattening"": 298.257223563}, ""accuracy"": ""2.0"", ""id"": {""authority"": ""EPSG"", ""code"": 6326}}, ""coordinate_system"": {""subtype"": ""ellipsoidal"", ""axis"": [{""name"": ""Geodetic latitude"", ""abbreviation"": ""Lat"", ""direction"": ""north"", ""unit"": ""degree""}, {""name"": ""Geodetic longitude"", ""abbreviation"": ""Lon"", ""direction"": ""east"", ""unit"": ""degree""}]}, ""scope"": ""Horizontal component of 3D system."", ""area"": ""World."", ""bbox"": {""south_latitude"": -90, ""west_longitude"": -180, ""north_latitude"": 90, ""east_longitude"": 180}, ""id"": {""authority"": ""EPSG"", ""code"": 4326}}",landuse,str,3,military
jk_major_roads.parquet,f818b9356ce9cd2ce16aa231a06d00e4,4762,"{""$schema"": ""https://proj.org/schemas/v0.7/projjson.schema.json"", ""type"": ""GeographicCRS"", ""name"": ""WGS 84"", ""datum_ensemble"": {""name"": ""World Geodetic System 1984 ensemble"", ""members"": [{""name"": ""World Geodetic System 1984 (Transit)""}, {""name"": ""World Geodetic System 1984 (G730)""}, {""name"": ""World Geodetic System 1984 (G873)""}, {""name"": ""World Geodetic System 1984 (G1150)""}, {""name"": ""World Geodetic System 1984 (G1674)""}, {""name"": ""World Geodetic System 1984 (G1762)""}, {""name"": ""World Geodetic System 1984 (G2139)""}, {""name"": ""World Geodetic System 1984 (G2296)""}], ""ellipsoid"": {""name"": ""WGS 84"", ""semi_major_axis"": 6378137, ""inverse_flattening"": 298.257223563}, ""accuracy"": ""2.0"", ""id"": {""authority"": ""EPSG"", ""code"": 6326}}, ""coordinate_system"": {""subtype"": ""ellipsoidal"", ""axis"": [{""name"": ""Geodetic latitude"", ""abbreviation"": ""Lat"", ""direction"": ""north"", ""unit"": ""degree""}, {""name"": ""Geodetic longitude"", ""abbreviation"": ""Lon"", ""direction"": ""east"", ""unit"": ""degree""}]}, ""scope"": ""Horizontal component of 3D system."", ""area"": ""World."", ""bbox"": {""south_latitude"": -90, ""west_longitude"": -180, ""north_latitude"": 90, ""east_longitude"": 180}, ""id"": {""authority"": ""EPSG"", ""code"": 4326}}",tunnel,str,44,building_passage
jk_major_roads.parquet,f818b9356ce9cd2ce16aa231a06d00e4,4762,"{""$schema"": ""https://proj.org/schemas/v0.7/projjson.schema.json"", ""type"": ""GeographicCRS"", ""name"": ""WGS 84"", ""datum_ensemble"": {""name"": ""World Geodetic System 1984 ensemble"", ""members"": [{""name"": ""World Geodetic System 1984 (Transit)""}, {""name"": ""World Geodetic System 1984 (G730)""}, {""name"": ""World Geodetic System 1984 (G873)""}, {""name"": ""World Geodetic System 1984 (G1150)""}, {""name"": ""World Geodetic System 1984 (G1674)""}, {""name"": ""World Geodetic System 1984 (G1762)""}, {""name"": ""World Geodetic System 1984 (G2139)""}, {""name"": ""World Geodetic System 1984 (G2296)""}], ""ellipsoid"": {""name"": ""WGS 84"", ""semi_major_axis"": 6378137, ""inverse_flattening"": 298.257223563}, ""accuracy"": ""2.0"", ""id"": {""authority"": ""EPSG"", ""code"": 6326}}, ""coordinate_system"": {""subtype"": ""ellipsoidal"", ""axis"": [{""name"": ""Geodetic latitude"", ""abbreviation"": ""Lat"", ""direction"": ""north"", ""unit"": ""degree""}, {""name"": ""Geodetic longitude"", ""abbreviation"": ""Lon"", ""direction"": ""east"", ""unit"": ""degree""}]}, ""scope"": ""Horizontal component of 3D system."", ""area"": ""World."", ""bbox"": {""south_latitude"": -90, ""west_longitude"": -180, ""north_latitude"": 90, ""east_longitude"": 180}, ""id"": {""authority"": ""EPSG"", ""code"": 4326}}",public_transport,object,0,N/A
jk_major_roads.parquet,f818b9356ce9cd2ce16aa231a06d00e4,4762,"{""$schema"": ""https://proj.org/schemas/v0.7/projjson.schema.json"", ""type"": ""GeographicCRS"", ""name"": ""WGS 84"", ""datum_ensemble"": {""name"": ""World Geodetic System 1984 ensemble"", ""members"": [{""name"": ""World Geodetic System 1984 (Transit)""}, {""name"": ""World Geodetic System 1984 (G730)""}, {""name"": ""World Geodetic System 1984 (G873)""}, {""name"": ""World Geodetic System 1984 (G1150)""}, {""name"": ""World Geodetic System 1984 (G1674)""}, {""name"": ""World Geodetic System 1984 (G1762)""}, {""name"": ""World Geodetic System 1984 (G2139)""}, {""name"": ""World Geodetic System 1984 (G2296)""}], ""ellipsoid"": {""name"": ""WGS 84"", ""semi_major_axis"": 6378137, ""inverse_flattening"": 298.257223563}, ""accuracy"": ""2.0"", ""id"": {""authority"": ""EPSG"", ""code"": 6326}}, ""coordinate_system"": {""subtype"": ""ellipsoidal"", ""axis"": [{""name"": ""Geodetic latitude"", ""abbreviation"": ""Lat"", ""direction"": ""north"", ""unit"": ""degree""}, {""name"": ""Geodetic longitude"", ""abbreviation"": ""Lon"", ""direction"": ""east"", ""unit"": ""degree""}]}, ""scope"": ""Horizontal component of 3D system."", ""area"": ""World."", ""bbox"": {""south_latitude"": -90, ""west_longitude"": -180, ""north_latitude"": 90, ""east_longitude"": 180}, ""id"": {""authority"": ""EPSG"", ""code"": 4326}}",health_facility_bed,object,0,N/A
jk_major_roads.parquet,f818b9356ce9cd2ce16aa231a06d00e4,4762,"{""$schema"": ""https://proj.org/schemas/v0.7/projjson.schema.json"", ""type"": ""GeographicCRS"", ""name"": ""WGS 84"", ""datum_ensemble"": {""name"": ""World Geodetic System 1984 ensemble"", ""members"": [{""name"": ""World Geodetic System 1984 (Transit)""}, {""name"": ""World Geodetic System 1984 (G730)""}, {""name"": ""World Geodetic System 1984 (G873)""}, {""name"": ""World Geodetic System 1984 (G1150)""}, {""name"": ""World Geodetic System 1984 (G1674)""}, {""name"": ""World Geodetic System 1984 (G1762)""}, {""name"": ""World Geodetic System 1984 (G2139)""}, {""name"": ""World Geodetic System 1984 (G2296)""}], ""ellipsoid"": {""name"": ""WGS 84"", ""semi_major_axis"": 6378137, ""inverse_flattening"": 298.257223563}, ""accuracy"": ""2.0"", ""id"": {""authority"": ""EPSG"", ""code"": 6326}}, ""coordinate_system"": {""subtype"": ""ellipsoidal"", ""axis"": [{""name"": ""Geodetic latitude"", ""abbreviation"": ""Lat"", ""direction"": ""north"", ""unit"": ""degree""}, {""name"": ""Geodetic longitude"", ""abbreviation"": ""Lon"", ""direction"": ""east"", ""unit"": ""degree""}]}, ""scope"": ""Horizontal component of 3D system."", ""area"": ""World."", ""bbox"": {""south_latitude"": -90, ""west_longitude"": -180, ""north_latitude"": 90, ""east_longitude"": 180}, ""id"": {""authority"": ""EPSG"", ""code"": 4326}}",staff_count_doctors,object,0,N/A
jk_major_roads.parquet,f818b9356ce9cd2ce16aa231a06d00e4,4762,"{""$schema"": ""https://proj.org/schemas/v0.7/projjson.schema.json"", ""type"": ""GeographicCRS"", ""name"": ""WGS 84"", ""datum_ensemble"": {""name"": ""World Geodetic System 1984 ensemble"", ""members"": [{""name"": ""World Geodetic System 1984 (Transit)""}, {""name"": ""World Geodetic System 1984 (G730)""}, {""name"": ""World Geodetic System 1984 (G873)""}, {""name"": ""World Geodetic System 1984 (G1150)""}, {""name"": ""World Geodetic System 1984 (G1674)""}, {""name"": ""World Geodetic System 1984 (G1762)""}, {""name"": ""World Geodetic System 1984 (G2139)""}, {""name"": ""World Geodetic System 1984 (G2296)""}], ""ellipsoid"": {""name"": ""WGS 84"", ""semi_major_axis"": 6378137, ""inverse_flattening"": 298.257223563}, ""accuracy"": ""2.0"", ""id"": {""authority"": ""EPSG"", ""code"": 6326}}, ""coordinate_system"": {""subtype"": ""ellipsoidal"", ""axis"": [{""name"": ""Geodetic latitude"", ""abbreviation"": ""Lat"", ""direction"": ""north"", ""unit"": ""degree""}, {""name"": ""Geodetic longitude"", ""abbreviation"": ""Lon"", ""direction"": ""east"", ""unit"": ""degree""}]}, ""scope"": ""Horizontal component of 3D system."", ""area"": ""World."", ""bbox"": {""south_latitude"": -90, ""west_longitude"": -180, ""north_latitude"": 90, ""east_longitude"": 180}, ""id"": {""authority"": ""EPSG"", ""code"": 4326}}",access,str,4,yes
jk_major_roads.parquet,f818b9356ce9cd2ce16aa231a06d00e4,4762,"{""$schema"": ""https://proj.org/schemas/v0.7/projjson.schema.json"", ""type"": ""GeographicCRS"", ""name"": ""WGS 84"", ""datum_ensemble"": {""name"": ""World Geodetic System 1984 ensemble"", ""members"": [{""name"": ""World Geodetic System 1984 (Transit)""}, {""name"": ""World Geodetic System 1984 (G730)""}, {""name"": ""World Geodetic System 1984 (G873)""}, {""name"": ""World Geodetic System 1984 (G1150)""}, {""name"": ""World Geodetic System 1984 (G1674)""}, {""name"": ""World Geodetic System 1984 (G1762)""}, {""name"": ""World Geodetic System 1984 (G2139)""}, {""name"": ""World Geodetic System 1984 (G2296)""}], ""ellipsoid"": {""name"": ""WGS 84"", ""semi_major_axis"": 6378137, ""inverse_flattening"": 298.257223563}, ""accuracy"": ""2.0"", ""id"": {""authority"": ""EPSG"", ""code"": 6326}}, ""coordinate_system"": {""subtype"": ""ellipsoidal"", ""axis"": [{""name"": ""Geodetic latitude"", ""abbreviation"": ""Lat"", ""direction"": ""north"", ""unit"": ""degree""}, {""name"": ""Geodetic longitude"", ""abbreviation"": ""Lon"", ""direction"": ""east"", ""unit"": ""degree""}]}, ""scope"": ""Horizontal component of 3D system."", ""area"": ""World."", ""bbox"": {""south_latitude"": -90, ""west_longitude"": -180, ""north_latitude"": 90, ""east_longitude"": 180}, ""id"": {""authority"": ""EPSG"", ""code"": 4326}}",office,str,7,educational_institution
jk_major_roads.parquet,f818b9356ce9cd2ce16aa231a06d00e4,4762,"{""$schema"": ""https://proj.org/schemas/v0.7/projjson.schema.json"", ""type"": ""GeographicCRS"", ""name"": ""WGS 84"", ""datum_ensemble"": {""name"": ""World Geodetic System 1984 ensemble"", ""members"": [{""name"": ""World Geodetic System 1984 (Transit)""}, {""name"": ""World Geodetic System 1984 (G730)""}, {""name"": ""World Geodetic System 1984 (G873)""}, {""name"": ""World Geodetic System 1984 (G1150)""}, {""name"": ""World Geodetic System 1984 (G1674)""}, {""name"": ""World Geodetic System 1984 (G1762)""}, {""name"": ""World Geodetic System 1984 (G2139)""}, {""name"": ""World Geodetic System 1984 (G2296)""}], ""ellipsoid"": {""name"": ""WGS 84"", ""semi_major_axis"": 6378137, ""inverse_flattening"": 298.257223563}, ""accuracy"": ""2.0"", ""id"": {""authority"": ""EPSG"", ""code"": 6326}}, ""coordinate_system"": {""subtype"": ""ellipsoidal"", ""axis"": [{""name"": ""Geodetic latitude"", ""abbreviation"": ""Lat"", ""direction"": ""north"", ""unit"": ""degree""}, {""name"": ""Geodetic longitude"", ""abbreviation"": ""Lon"", ""direction"": ""east"", ""unit"": ""degree""}]}, ""scope"": ""Horizontal component of 3D system."", ""area"": ""World."", ""bbox"": {""south_latitude"": -90, ""west_longitude"": -180, ""north_latitude"": 90, ""east_longitude"": 180}, ""id"": {""authority"": ""EPSG"", ""code"": 4326}}",toilets_handwashing,object,0,N/A
jk_major_roads.parquet,f818b9356ce9cd2ce16aa231a06d00e4,4762,"{""$schema"": ""https://proj.org/schemas/v0.7/projjson.schema.json"", ""type"": ""GeographicCRS"", ""name"": ""WGS 84"", ""datum_ensemble"": {""name"": ""World Geodetic System 1984 ensemble"", ""members"": [{""name"": ""World Geodetic System 1984 (Transit)""}, {""name"": ""World Geodetic System 1984 (G730)""}, {""name"": ""World Geodetic System 1984 (G873)""}, {""name"": ""World Geodetic System 1984 (G1150)""}, {""name"": ""World Geodetic System 1984 (G1674)""}, {""name"": ""World Geodetic System 1984 (G1762)""}, {""name"": ""World Geodetic System 1984 (G2139)""}, {""name"": ""World Geodetic System 1984 (G2296)""}], ""ellipsoid"": {""name"": ""WGS 84"", ""semi_major_axis"": 6378137, ""inverse_flattening"": 298.257223563}, ""accuracy"": ""2.0"", ""id"": {""authority"": ""EPSG"", ""code"": 6326}}, ""coordinate_system"": {""subtype"": ""ellipsoidal"", ""axis"": [{""name"": ""Geodetic latitude"", ""abbreviation"": ""Lat"", ""direction"": ""north"", ""unit"": ""degree""}, {""name"": ""Geodetic longitude"", ""abbreviation"": ""Lon"", ""direction"": ""east"", ""unit"": ""degree""}]}, ""scope"": ""Horizontal component of 3D system."", ""area"": ""World."", ""bbox"": {""south_latitude"": -90, ""west_longitude"": -180, ""north_latitude"": 90, ""east_longitude"": 180}, ""id"": {""authority"": ""EPSG"", ""code"": 4326}}",shop,str,1,garden_centre
jk_major_roads.parquet,f818b9356ce9cd2ce16aa231a06d00e4,4762,"{""$schema"": ""https://proj.org/schemas/v0.7/projjson.schema.json"", ""type"": ""GeographicCRS"", ""name"": ""WGS 84"", ""datum_ensemble"": {""name"": ""World Geodetic System 1984 ensemble"", ""members"": [{""name"": ""World Geodetic System 1984 (Transit)""}, {""name"": ""World Geodetic System 1984 (G730)""}, {""name"": ""World Geodetic System 1984 (G873)""}, {""name"": ""World Geodetic System 1984 (G1150)""}, {""name"": ""World Geodetic System 1984 (G1674)""}, {""name"": ""World Geodetic System 1984 (G1762)""}, {""name"": ""World Geodetic System 1984 (G2139)""}, {""name"": ""World Geodetic System 1984 (G2296)""}], ""ellipsoid"": {""name"": ""WGS 84"", ""semi_major_axis"": 6378137, ""inverse_flattening"": 298.257223563}, ""accuracy"": ""2.0"", ""id"": {""authority"": ""EPSG"", ""code"": 6326}}, ""coordinate_system"": {""subtype"": ""ellipsoidal"", ""axis"": [{""name"": ""Geodetic latitude"", ""abbreviation"": ""Lat"", ""direction"": ""north"", ""unit"": ""degree""}, {""name"": ""Geodetic longitude"", ""abbreviation"": ""Lon"", ""direction"": ""east"", ""unit"": ""degree""}]}, ""scope"": ""Horizontal component of 3D system."", ""area"": ""World."", ""bbox"": {""south_latitude"": -90, ""west_longitude"": -180, ""north_latitude"": 90, ""east_longitude"": 180}, ""id"": {""authority"": ""EPSG"", ""code"": 4326}}",population,str,1,3944
jk_major_roads.parquet,f818b9356ce9cd2ce16aa231a06d00e4,4762,"{""$schema"": ""https://proj.org/schemas/v0.7/projjson.schema.json"", ""type"": ""GeographicCRS"", ""name"": ""WGS 84"", ""datum_ensemble"": {""name"": ""World Geodetic System 1984 ensemble"", ""members"": [{""name"": ""World Geodetic System 1984 (Transit)""}, {""name"": ""World Geodetic System 1984 (G730)""}, {""name"": ""World Geodetic System 1984 (G873)""}, {""name"": ""World Geodetic System 1984 (G1150)""}, {""name"": ""World Geodetic System 1984 (G1674)""}, {""name"": ""World Geodetic System 1984 (G1762)""}, {""name"": ""World Geodetic System 1984 (G2139)""}, {""name"": ""World Geodetic System 1984 (G2296)""}], ""ellipsoid"": {""name"": ""WGS 84"", ""semi_major_axis"": 6378137, ""inverse_flattening"": 298.257223563}, ""accuracy"": ""2.0"", ""id"": {""authority"": ""EPSG"", ""code"": 6326}}, ""coordinate_system"": {""subtype"": ""ellipsoidal"", ""axis"": [{""name"": ""Geodetic latitude"", ""abbreviation"": ""Lat"", ""direction"": ""north"", ""unit"": ""degree""}, {""name"": ""Geodetic longitude"", ""abbreviation"": ""Lon"", ""direction"": ""east"", ""unit"": ""degree""}]}, ""scope"": ""Horizontal component of 3D system."", ""area"": ""World."", ""bbox"": {""south_latitude"": -90, ""west_longitude"": -180, ""north_latitude"": 90, ""east_longitude"": 180}, ""id"": {""authority"": ""EPSG"", ""code"": 4326}}",geometry,geometry,4762,"LINESTRING Z (74.7282022 32.5124055 0, 74.7283217 "
