artifact_alias,file_path,sha256,file_size_bytes,classification
_dockerignore,.dockerignore,616f49360f27a9c5731964f6da4969cb28c9decadff874aed591adb43b477e8e,743,DATA_OR_RESOURCE
_env_example,.env.example,14293e10b2eedc5bc39d2f12ec66448598080841529145d90556f02985e1b7e1,590,DATA_OR_RESOURCE
_gitattributes,.gitattributes,cd3cc87e5d04ca504df16130c3b8a8d590f32f8a3579a91fa201e26f7c3cf4ac,549,DATA_OR_RESOURCE
_gitignore,.gitignore,9b8ade9f2ac5dbec88e4b6a0961610a7629a1091cc70510ec52f0c6e28bbba95,1378,DATA_OR_RESOURCE
_streamlit_config_toml,.streamlit/config.toml,490c086673ea20fa9a1604dbda5a130e5d556a7a808c8ea6b7e4be90b37e0a08,197,DATA_OR_RESOURCE
AGENTS_md,AGENTS.md,b383b6a721c1bd84aebff6215eae1ee0a902a0231ea576471afd834f1654d9e4,2930,DATA_OR_RESOURCE
CHANGELOG_md,CHANGELOG.md,f86008c952c6c60c647845c5cf2f13058d24e569bdd072cd1b594ad358bc97a9,7990,DATA_OR_RESOURCE
DATA_DICTIONARY_md,DATA_DICTIONARY.md,adf041a3e0f6157a67fe56251383249b07be77b2b03563f6582e94b82563369b,3190,DATA_OR_RESOURCE
Dockerfile,Dockerfile,e2c7d8ca54b56aaac5556459e9db95eea7472a1aa4732de2543084c2fd4f6237,2678,DATA_OR_RESOURCE
IMPLEMENTATION_PLAN_md,IMPLEMENTATION_PLAN.md,ff6cf619f67eee750a424d0aece018f02df98639e1f9b03c6189ed6a471e0df6,30193,DATA_OR_RESOURCE
PROJECT_SPEC_md,PROJECT_SPEC.md,7876cd643113c8898ace3d612c48b410cc0d27b59170c88bb079a38c1a1cfbec,6044,DATA_OR_RESOURCE
README_md,README.md,767112f72704d0695ed6ac9d7521fc8b2ea3f411726f4c21ee1a090e94412c74,14045,DATA_OR_RESOURCE
SECURITY_AND_DATA_RULES_md,SECURITY_AND_DATA_RULES.md,bd4a3f266c4cfd04854c36928a27333c249e68fd013b34d4e17ff22bc670d9f7,1935,DATA_OR_RESOURCE
apps_api_main_py,apps/api/main.py,7adb4a9786701119e61cfdc7d9bdb8df899eb0b8d23fc9fac4191a369e793c09,28449,WEB_APPLICATION
apps_web__env_local,apps/web/.env.local,4cade52f4c3d7636b342775925cb50f27604be8e32d658b623ebcddcb4c3d2b5,47,WEB_APPLICATION
apps_web__eslintrc_json,apps/web/.eslintrc.json,1589a15e55fbebc6519c95d91d8f0a090618f20dc78e479858b9c27552484961,40,WEB_APPLICATION
apps_web_app_advisories_page_tsx,apps/web/app/advisories/page.tsx,92aa223f6631feaeb6829f7abf88ec6ef75c4775214b294b252f6b9c83d85674,3265,WEB_APPLICATION
apps_web_app_corridor_page_tsx,apps/web/app/corridor/page.tsx,2eeb180993c5063e27f3b87e6f1c61b7a535b4b3b37f0a1318a58a65026fb8d9,17862,WEB_APPLICATION
apps_web_app_districts_page_tsx,apps/web/app/districts/page.tsx,0d7df065b2c69508ee2f215c112f2b8597a1c2c24e4794dd6d026f122ffe55c2,8111,WEB_APPLICATION
apps_web_app_explorer_page_tsx,apps/web/app/explorer/page.tsx,e828445fdcb20ae43ba75b405a9f2983933d947dae2299d5a973ce26dd6406d0,2008,WEB_APPLICATION
apps_web_app_globals_css,apps/web/app/globals.css,9bb26cfdcdf6c3e5c2cc021ffead759bb46b6aa1b6d62e54ed9bd03057835163,603,WEB_APPLICATION
apps_web_app_help_page_tsx,apps/web/app/help/page.tsx,133187d2714f6b925c4e835e2f02a250ded6982c7052d8cac29ef19d9a5dc736,2152,WEB_APPLICATION
apps_web_app_journey_page_tsx,apps/web/app/journey/page.tsx,e9fde6359c709c74748e5f901ca576f73c0c00a054a19351f4963e78797188d0,10062,WEB_APPLICATION
apps_web_app_layout_tsx,apps/web/app/layout.tsx,78a40b23a5ba0b8ccd001d00c590624e71f4edc6b7f6e7083ac4cf8044b0f3cd,2308,WEB_APPLICATION
apps_web_app_location-check_page_tsx,apps/web/app/location-check/page.tsx,cb5ccd22d6a7715f618a3e188c73a9771ab4bb0de627dc1fd502d156f84bbd23,15571,WEB_APPLICATION
apps_web_app_operations_page_tsx,apps/web/app/operations/page.tsx,9b521d9216f6e2be7fdeb703727f650d49621062f554f0b09b9734e6c941a89b,528,WEB_APPLICATION
apps_web_app_page_tsx,apps/web/app/page.tsx,fdcc8012ab9656287046705b086c7a131db7f549a55a062b30b30e0e4f8664c2,1112,WEB_APPLICATION
apps_web_app_preparedness_page_tsx,apps/web/app/preparedness/page.tsx,6141d72cd45c9ceb9b2b3cf960cfe8ed24e3f701696348cf8dbc7849f2b4bbda,2476,WEB_APPLICATION
apps_web_app_rainfall_page_tsx,apps/web/app/rainfall/page.tsx,111e2638bfc61daf62568179815c4fb75c815e20bd1175635ce60331a2c4dbec,11624,WEB_APPLICATION
apps_web_app_reports_page_tsx,apps/web/app/reports/page.tsx,a0591793494d156238772c1053a1d58802265e3374909043440230e298d5c52d,2388,WEB_APPLICATION
apps_web_app_status_page_tsx,apps/web/app/status/page.tsx,8b861bffe39f4a8d18fc59cf1ca20fa14782ef7b15c289a1c2f745a1e6aba12a,12253,WEB_APPLICATION
apps_web_app_transparency_page_tsx,apps/web/app/transparency/page.tsx,641c9b3e3368b4f155d604a4ed78980f898938d4bfc397484b01dec8494f11ed,10288,WEB_APPLICATION
apps_web_app_vulnerable_page_tsx,apps/web/app/vulnerable/page.tsx,a987c90466a3dc8815ed84707cf81a9080daddbdb8c5d9fd0e5d4a2421f84d61,537,WEB_APPLICATION
apps_web_components_common_AdvisoryCard_tsx,apps/web/components/common/AdvisoryCard.tsx,397fa3cca138dba234e87b3759a941fce5916fe88293dff69f49659b2840bc24,4558,WEB_APPLICATION
apps_web_components_common_ExecutiveDemoGuide_tsx,apps/web/components/common/ExecutiveDemoGuide.tsx,7fb3fd1cb0bdbcb14192da44801764731edbc4e1bbe3fe7a0594f396c824bd92,6911,WEB_APPLICATION
apps_web_components_common_TrustStatusComponent_tsx,apps/web/components/common/TrustStatusComponent.tsx,5ca2c54ea6352f6532cc3aff7e4d5eb34fd3e5e056c65f529615e408050489d5,3581,WEB_APPLICATION
apps_web_components_dashboard_DistrictAdminDashboard_tsx,apps/web/components/dashboard/DistrictAdminDashboard.tsx,7a65c0d412e4e0b096868e926755e10602805e6c07a64921bff0dbc5bec48984,9138,WEB_APPLICATION
apps_web_components_dashboard_HighwayOpsDashboard_tsx,apps/web/components/dashboard/HighwayOpsDashboard.tsx,f95356704c988a30eee40a448bd8c48935ac5066adae7b390087684f41056273,7511,WEB_APPLICATION
apps_web_components_dashboard_ResearchDashboard_tsx,apps/web/components/dashboard/ResearchDashboard.tsx,19d0554f7681a544127391274b2e649b6f5595cdc3093c9a71d1d6adb5d07d1e,3486,WEB_APPLICATION
apps_web_components_dashboard_StateKpiCards_tsx,apps/web/components/dashboard/StateKpiCards.tsx,10b1ad34668e3658e35c898df5fd92b025c798a3faadd2d6559598bd35241e69,3588,WEB_APPLICATION
apps_web_components_dashboard_TimelineSlider_tsx,apps/web/components/dashboard/TimelineSlider.tsx,f41eb5fd56cbf16ac9a26d2c97533acdda5d364a1ed70aa65ebf52a55cb44e0c,1659,WEB_APPLICATION
apps_web_components_dashboard_TravellerDashboard_tsx,apps/web/components/dashboard/TravellerDashboard.tsx,d0a271433bf8cb9fec2a12900a6efcda8ae170eb84910a34334f1fe25fb1a8ef,10276,WEB_APPLICATION
apps_web_components_layout_Header_tsx,apps/web/components/layout/Header.tsx,f10fd1c90f3847e3929f1a8138f962d45f6b6c34878c9497b90d113a46ed129d,8309,WEB_APPLICATION
apps_web_components_layout_ResearchDisclaimer_tsx,apps/web/components/layout/ResearchDisclaimer.tsx,267b578548305fb2a6815474f45737022e87562d483b59da83cd293526f5529f,758,WEB_APPLICATION
apps_web_components_layout_RoleSelectionModal_tsx,apps/web/components/layout/RoleSelectionModal.tsx,871eb01d56a43eeee7b9981562cdbe65ff5aa757250b0d53281631a02b357ee5,6531,WEB_APPLICATION
apps_web_components_layout_Sidebar_tsx,apps/web/components/layout/Sidebar.tsx,1fd226f82450e1cd019bd23eb568538a74999e58d5924ead8f08c7747efe9a1a,7970,WEB_APPLICATION
apps_web_components_map_MapContainer_tsx,apps/web/components/map/MapContainer.tsx,89cf1878e6b0893de29ca901eb807702cc4d89fef98f6889beac7186e4d651e6,38667,WEB_APPLICATION
apps_web_components_map_MapErrorBoundary_tsx,apps/web/components/map/MapErrorBoundary.tsx,b084c63163de59d6268636453430d3bff1096aea8ed3ec087a4f8451492750b4,2122,WEB_APPLICATION
apps_web_lib_RoleContext_tsx,apps/web/lib/RoleContext.tsx,d0d231a1d9f8eedcb244357e59e12066c394f9ed068b918f33f7f3a993783628,1850,WEB_APPLICATION
apps_web_lib_api_ts,apps/web/lib/api.ts,b659f3960256129a5d8011aee12dfefae098118470a72f27742a5db1b5eb0131,581,WEB_APPLICATION
apps_web_lib_constants_ts,apps/web/lib/constants.ts,8fcbc32da04610dc4a558ef5aa8eb16f3a3d8ce698a71475b3667931de46d052,3239,WEB_APPLICATION
apps_web_lib_layerRegistry_ts,apps/web/lib/layerRegistry.ts,905a4a641cf8d1d3a492bcedd3f0a36c30a07ed571e8028b345f0730533019bc,14109,WEB_APPLICATION
apps_web_next-env_d_ts,apps/web/next-env.d.ts,9dd9d642cdb87d4d5b3173217e0c45429b3e47a6f5cf5fb0ead6c644ec5fed01,228,WEB_APPLICATION
apps_web_next_config_js,apps/web/next.config.js,36f0f78bd53d8b90b327223897e79032fc65b5780f43bdd5058efb2f3609bb14,721,WEB_APPLICATION
apps_web_package-lock_json,apps/web/package-lock.json,433e53e6a5b557d1c508ce1e2f30cc01c781e9e3b72340ea5a0c8f3eb1698852,230351,WEB_APPLICATION
apps_web_package_json,apps/web/package.json,d96547c6f04a54c25dc13942801dc185c53cde12afcfa47e651480936f7c63a0,707,WEB_APPLICATION
apps_web_postcss_config_js,apps/web/postcss.config.js,251ecddd4672c9cf467547e3dc535de00ad2129df26e7e7ae728fa4e5ac45fc5,82,WEB_APPLICATION
apps_web_public_branding_geoslide-jk-emblem_png,apps/web/public/branding/geoslide-jk-emblem.png,82847ce4ac34b3c413d429f36d19eaada7688a96991ae56c318e4c9774116a10,65227,WEB_APPLICATION
apps_web_public_branding_geoslide-jk-icon-180_png,apps/web/public/branding/geoslide-jk-icon-180.png,92ae46652355465ecc52208653d81a9b8b023091f73c1dcac5f626ccf9129600,44492,WEB_APPLICATION
apps_web_public_branding_geoslide-jk-icon-192_png,apps/web/public/branding/geoslide-jk-icon-192.png,06762d9de4cc7641c4e9897c32d3ef99dd317a79fa6b532bc636c6cbe93b5865,49896,WEB_APPLICATION
apps_web_public_branding_geoslide-jk-icon-32_png,apps/web/public/branding/geoslide-jk-icon-32.png,72feeaecdbc749bfc468f1da010ec46f29f34a2fbfdc33f1b2c628c52e877667,2115,WEB_APPLICATION
apps_web_public_branding_geoslide-jk-icon-512_png,apps/web/public/branding/geoslide-jk-icon-512.png,a21c55499c42bf4fafeaef192e26110d459d709e626e2d8ce963d10e8039b646,242978,WEB_APPLICATION
apps_web_public_branding_geoslide-jk-icon-64_png,apps/web/public/branding/geoslide-jk-icon-64.png,9edde6bd42050cf9ac5cc5bd3367592db0cefdede7883ce40aa0467df74d8143,7092,WEB_APPLICATION
apps_web_public_branding_geoslide-jk-logo-horizontal_png,apps/web/public/branding/geoslide-jk-logo-horizontal.png,427996bba98f0175f482733e91ef1dff92bfb1a0cb9ee52203c7aeff8d38177b,119893,WEB_APPLICATION
apps_web_public_branding_geoslide-jk-logo-master_png,apps/web/public/branding/geoslide-jk-logo-master.png,293da400db6bb36580597f67b131be54d67f1a4ef5bfc85013a397dba25045e0,170599,WEB_APPLICATION
apps_web_public_branding_geoslide-jk-og-image_png,apps/web/public/branding/geoslide-jk-og-image.png,b6b16641929980b0cf2c4d0a754b1996f862fde99f956c8fbf09591e4e8f40e2,129270,WEB_APPLICATION
apps_web_src_data_r8a2_2_corridor_evidence_json,apps/web/src/data/r8a2_2_corridor_evidence.json,95b6296626619792dd2d524c29dc2f41021230534c834d934a8c0bb9b8c83423,198042,WEB_APPLICATION
apps_web_tailwind_config_js,apps/web/tailwind.config.js,7ee5a965b9bb1680f4799ea9f1fb07a8bc40d57543e7f2bffce8e4dff77b6f81,658,WEB_APPLICATION
apps_web_tsconfig_json,apps/web/tsconfig.json,6db99fb5bc552c04488c0bffbe2bba67dd7c75cf244f42e758e3e4a45a8b7d00,595,WEB_APPLICATION
configs_analysis_grid_yaml,configs/analysis_grid.yaml,7731dc14e3ac67c81b66cde5b88424635a1b7e3afe11b7ba061d6793b901b380,1914,CONFIGURATION
configs_data_paths_yaml,configs/data_paths.yaml,0cf1f2ee8ba5f0ade3f49adb9ae9d7e75aea513b098c071f0be2aef5f222bae7,1662,CONFIGURATION
configs_feature_config_yaml,configs/feature_config.yaml,7500dde1d60e1794af3cd68daac59dda848915ecf95cd5c2168ad821c72e9206,661,CONFIGURATION
configs_hydrology_yaml,configs/hydrology.yaml,62cae9b77e008b12357493c6120d503ddb0ddd9869c83fff87e5f476407bb79f,3140,CONFIGURATION
configs_phase_3_features_yaml,configs/phase_3_features.yaml,6581813d8e4e08e2486d8fe01fd41bd6055764015f208da0f87a8e92db251305,11600,CONFIGURATION
configs_project_yaml,configs/project.yaml,4ed91212b00bc66cbf2c7fee6944d2c679f4ae9268d65fc120bb1b8396a3ade3,554,CONFIGURATION
configs_rainfall_thresholds_yaml,configs/rainfall_thresholds.yaml,46eff93b98be7cc964104d9b85efd9c863b2b0169cc6d7f1fad7f11a4da49b36,267,CONFIGURATION
configs_risk_matrix_yaml,configs/risk_matrix.yaml,6e2000dd013e15ebbc0869d3709149eca28411466233ddd677a5814acb37d30b,841,CONFIGURATION
configs_scenario_definitions_yaml,configs/scenario_definitions.yaml,d744a8c12a2d39254a80cefc0e69eb617d31c330f28cd3f88bc7b5b0cbb0e5c4,2589,CONFIGURATION
configs_ui_config_yaml,configs/ui_config.yaml,7b1560d3220a487fa91fe402cd4bbb400150ddb5acb46d624807978649cedc7f,603,CONFIGURATION
configs_v2_3f_r8a2_2_release_references_json,configs/v2_3f_r8a2_2_release_references.json,f88092d3970dab9b42b265c43f5e1eb5b498925016653c5838160f92972b9dc5,2446,CONFIGURATION
data_audit_nh44_authoritative_manifest_final_json,data/audit/nh44_authoritative_manifest_final.json,0479d27e8ceb9ec451005af109bde635449b9ae54da28d22b5cfcdf2ea461273,1351,DATA_OR_RESOURCE
data_audit_nh44_authoritative_pilot_final_geojson,data/audit/nh44_authoritative_pilot_final.geojson,b22b875dfdf08f734aca88377aed80e869988b4adbdb2d848756225457b825e2,88917,DATA_OR_RESOURCE
data_audit_nh44_authoritative_pilot_final_parquet,data/audit/nh44_authoritative_pilot_final.parquet,655cb4f97a6b0b1a7b67688636a97c9bda621f9fe8cd1f70d83eb280aa6077f7,48660,DATA_OR_RESOURCE
data_audit_nh44_authoritative_pilot_source_edges_final_parquet,data/audit/nh44_authoritative_pilot_source_edges_final.parquet,5df40dc042464f5e185592c93078e1fbedd5408bd1ab2e9af900773129ad4a35,54450,DATA_OR_RESOURCE
data_audit_nh44_candidate_edge_attributes_csv,data/audit/nh44_candidate_edge_attributes.csv,4bf66878d6e3acbade00ddf010157562d627613b68b3cedb56b7defce5c2f68b,90496,DATA_OR_RESOURCE
data_audit_nh44_candidate_source_edges_geojson,data/audit/nh44_candidate_source_edges.geojson,dc1e5de252a899d73f3d40966e2bdaa00abcc60f7b78f3a25803c38567c552fc,503991,DATA_OR_RESOURCE
data_audit_nh44_candidate_source_edges_parquet,data/audit/nh44_candidate_source_edges.parquet,c82ec7a43cc5be1f94227b9ef812094ac4f2caad595f1d2ceb1fcfffe07f2d58,216224,DATA_OR_RESOURCE
data_audit_nh44_excluded_branch_edges_geojson,data/audit/nh44_excluded_branch_edges.geojson,195746276a908bd90328faf650b5621420ebe892f31bc014bc1b117141d02659,386782,DATA_OR_RESOURCE
data_audit_nh44_forensic_vertex_traceability_csv,data/audit/nh44_forensic_vertex_traceability.csv,84c796d50ea63a646d578f950cafe6a0aab4f3e25897026d19c45a15b042d470,418363,DATA_OR_RESOURCE
data_audit_nh44_locked_pilot_source_edges_geojson,data/audit/nh44_locked_pilot_source_edges.geojson,513d2baf272ef18fd90e917286c957d54e69471d77e74611db01fd97067e919c,159140,DATA_OR_RESOURCE
data_audit_nh44_locked_pilot_source_edges_parquet,data/audit/nh44_locked_pilot_source_edges.parquet,84d3408d5ba50c9defacec0e797e3335b3e0cd21eea80095a290cc2ffd544af0,71858,DATA_OR_RESOURCE
data_audit_nh44_locked_pilot_validation_geojson,data/audit/nh44_locked_pilot_validation.geojson,814fef32e3a8245bde8de562a95b336cb0834519e4d2a96b1ddcfdd2e40c4f61,85216,DATA_OR_RESOURCE
data_audit_nh44_non_pilot_place_references_geojson,data/audit/nh44_non_pilot_place_references.geojson,e4c87f652b6230e74b4f95f7d0ee6a4979232e42e60ff0073fb3f0380c55ac95,1272,DATA_OR_RESOURCE
data_audit_nh44_pilot_place_projections_geojson,data/audit/nh44_pilot_place_projections.geojson,7dd7b7e2e455437fc20383e72fa6cd11b5d0dfda8dc4171e382999ae98c412d4,2836,DATA_OR_RESOURCE
data_audit_nh44_pilot_validation_geojson,data/audit/nh44_pilot_validation.geojson,d5a83ad2c625e81334c95253afb1775ad3a47058cf997447b9574815e50ec2e2,8067,DATA_OR_RESOURCE
data_audit_nh44_place_reference_points_csv,data/audit/nh44_place_reference_points.csv,b9d0dad7bb372ebc05788115f78cab1aa0a290f5e41de78bad141e482466f8ea,443,DATA_OR_RESOURCE
data_audit_nh44_place_reference_points_geojson,data/audit/nh44_place_reference_points.geojson,52c247632834b822e35d0aab5598ce8334da4dc8dd61b9ee273d4e3c9e6aa2b4,2030,DATA_OR_RESOURCE
data_audit_nh44_place_route_projections_geojson,data/audit/nh44_place_route_projections.geojson,5ba7ec4dbb307b1f2c8fd103ec026c12f7080c6dd13f679dc1310601356ea494,3527,DATA_OR_RESOURCE
data_audit_nh44_repaired_mainline_kml,data/audit/nh44_repaired_mainline.kml,91732335b9b394e5e6113d1ac62f7fdc97ebceb6144d6a976350ec862952a639,498,DATA_OR_RESOURCE
data_audit_nh44_repaired_mainline_order_csv,data/audit/nh44_repaired_mainline_order.csv,1f5c6578788ffd69cc56fc64616edffd5692b80aee28f487e92dbfe1fc703d94,4027,DATA_OR_RESOURCE
data_audit_nh44_repaired_mainline_source_edges_geojson,data/audit/nh44_repaired_mainline_source_edges.geojson,46becb6d6bac840cdd3499304b882a4a225a2524307b810d3e3fb74fa5a97445,112039,DATA_OR_RESOURCE
data_audit_nh44_repaired_mainline_source_edges_parquet,data/audit/nh44_repaired_mainline_source_edges.parquet,5df40dc042464f5e185592c93078e1fbedd5408bd1ab2e9af900773129ad4a35,54450,DATA_OR_RESOURCE
data_audit_nh44_repaired_mainline_structure_inventory_csv,data/audit/nh44_repaired_mainline_structure_inventory.csv,e357f02c4f7e6f1534082dcb587fcacbba9cbe34bcf32c2078b669416cf71042,8692,DATA_OR_RESOURCE
data_audit_nh44_repaired_mainline_validation_geojson,data/audit/nh44_repaired_mainline_validation.geojson,43479805a995be55f2a29b646d129f82d53004b3ca1969736f5a3ae5f7348524,91682,DATA_OR_RESOURCE
data_audit_nh44_verified_place_projections_geojson,data/audit/nh44_verified_place_projections.geojson,3fcc2d1d8cb7bd6b736862eef6c12929b494b3b1c28cb9507fd929d6d37cb3a0,3579,DATA_OR_RESOURCE
data_audit_osm_place_raw_banihal_json,data/audit/osm_place_raw/banihal.json,77e42028e11d14e060e6259d04bb793a0b5caccfa2ae1c225d335bea04769b88,508,DATA_OR_RESOURCE
data_audit_osm_place_raw_chenani_json,data/audit/osm_place_raw/chenani.json,760434a5678ab21f70c7667eb29b43c24f214f052c58ed6bef8732000d7f4ea3,509,DATA_OR_RESOURCE
data_audit_osm_place_raw_qazigund_json,data/audit/osm_place_raw/qazigund.json,7693ef42cdaf8f327615f30cccc66850ec72628ae2e4270e90b5396fc93670b5,515,DATA_OR_RESOURCE
data_audit_osm_place_raw_ramban_json,data/audit/osm_place_raw/ramban.json,24d808973e7b0fe9b4864929bf68d2411c033d196a0452d297665c3d647d55d3,503,DATA_OR_RESOURCE
data_audit_osm_place_raw_ramsoo_json,data/audit/osm_place_raw/ramsoo.json,3d716e340c4f778005dba363623c2fe3c39a2862377b23418cf8eb7f6d17147a,502,DATA_OR_RESOURCE
data_audit_osm_place_raw_udhampur_json,data/audit/osm_place_raw/udhampur.json,6095cf1516136e0da3d26fa15c050203fba6eb13a69919376a00b2625bcd0698,493,DATA_OR_RESOURCE
data_audit_osm_place_raw_verinag_json,data/audit/osm_place_raw/verinag.json,c9d9ac2ad27dde308918a33ac5487019eb0aa271fff934a41029a242cd6fb11e,509,DATA_OR_RESOURCE
data_models_xgboost_susceptibility_model_json,data/models/xgboost_susceptibility_model.json,d894d14e2c0cefaecc9c42f9bc10840dfccd839b2a5ed4558cc546ca0b8d9843,1039591,DATA_OR_RESOURCE
data_models_xgboost_susceptibility_model_pkl,data/models/xgboost_susceptibility_model.pkl,a17f75112434a5ef387560cfe4e45a6a5e2ec62af3473397bc3d479966aa3c89,658975,DATA_OR_RESOURCE
data_processed_boundaries_jk_districts_geojson,data/processed/boundaries/jk_districts.geojson,d9a73849f6281d6465e4900e4dac26a6891ba748f6f60c00ca2764d5f36fdbe3,970109,DATA_OR_RESOURCE
data_processed_boundaries_jk_ut_boundary_geojson,data/processed/boundaries/jk_ut_boundary.geojson,b3f23c536ad987b26768f584fc7f7d6afb7f183dbf7385f19ea970ace25dae5b,400062,DATA_OR_RESOURCE
data_processed_corridor_nh44_segment_buffers_100m_parquet,data/processed/corridor/nh44_segment_buffers_100m.parquet,64d0989ae6124b6bf4cc8ba11bab9bed7e2d0e66a4c33b2bf26be4c057939789,197063,DATA_OR_RESOURCE
data_processed_corridor_nh44_segment_buffers_250m_parquet,data/processed/corridor/nh44_segment_buffers_250m.parquet,700d671171b0b45f3530e5dc23462874367a5c9732abfa4eb4bdf420bc6702f1,187889,DATA_OR_RESOURCE
data_processed_corridor_nh44_segment_buffers_50m_parquet,data/processed/corridor/nh44_segment_buffers_50m.parquet,61ea7e9fcad3a1cf1a0b86c591f39f99e86fad5730625be051fe931732b0c3a2,212876,DATA_OR_RESOURCE
data_processed_corridor_nh44_segment_dhi_robustness_consensus_parquet,data/processed/corridor/nh44_segment_dhi_robustness_consensus.parquet,ddea1c7900655598180b8bf43ec7a213a6450ec1ca7e7de13e9ac9db85290ecc,74930,DATA_OR_RESOURCE
data_processed_corridor_nh44_segment_dynamic_hazard_indicators_parquet,data/processed/corridor/nh44_segment_dynamic_hazard_indicators.parquet,9968dab0bace29b3c44e3e5e5984b68f339c1135493656f555f67e5e4bd2bd20,65052,DATA_OR_RESOURCE
data_processed_corridor_nh44_segment_landslide_validation_context_parquet,data/processed/corridor/nh44_segment_landslide_validation_context.parquet,961d29692b4b836644dbe23eea3d1bef211304c123486afe2abe3e3ecfa0c4ce,72737,DATA_OR_RESOURCE
data_processed_corridor_nh44_segment_rainfall_profiles_parquet,data/processed/corridor/nh44_segment_rainfall_profiles.parquet,6ed25406dffae8d0cd2972bdcf47c4012cec337bbfbe5f005407562f5ac0bd03,63114,DATA_OR_RESOURCE
data_processed_corridor_nh44_segment_selected_features_normalized_parquet,data/processed/corridor/nh44_segment_selected_features_normalized.parquet,58c51d49521e349b63c992ef374db28f1639ba3dc9d1d9cc09cec4ca51c6681c,83886,DATA_OR_RESOURCE
data_processed_corridor_nh44_segment_static_component_profiles_parquet,data/processed/corridor/nh44_segment_static_component_profiles.parquet,f7a28f0455aa3e043aa623a1877962e69d89a1938497905f96e1601564909b89,78829,DATA_OR_RESOURCE
data_processed_corridor_nh44_segment_static_consensus_prioritization_parquet,data/processed/corridor/nh44_segment_static_consensus_prioritization.parquet,bc91a5e7a42bc68c7acd255067a7303b0006d3bd73a1d41c182c0629399cf380,69894,DATA_OR_RESOURCE
data_processed_corridor_nh44_segment_static_features_parquet,data/processed/corridor/nh44_segment_static_features.parquet,5fe267516bbd8cd68b3591821ad79dd5c9a0709fc54967402e3a223f6623a23b,134906,DATA_OR_RESOURCE
data_processed_corridor_nh44_segment_static_prioritization_methods_parquet,data/processed/corridor/nh44_segment_static_prioritization_methods.parquet,b142ae50759dfbf9a9cf74ae430e7f81d2a749fff16de72046834269f8fffad2,92845,DATA_OR_RESOURCE
data_processed_corridor_nh44_segments_500m_final_geojson,data/processed/corridor/nh44_segments_500m_final.geojson,06b4b6ebc65cb94021f08f42fce305118878f7fb86f3fcb445aa61e603a3bc2e,196500,DATA_OR_RESOURCE
data_processed_corridor_nh44_segments_500m_final_parquet,data/processed/corridor/nh44_segments_500m_final.parquet,dea15aff3bdf23cb7c240ff12e0d3899a924d3139a7224fbfb213c39e3752fe7,77693,DATA_OR_RESOURCE
data_processed_grid_jk_district_lookup_csv,data/processed/grid/jk_district_lookup.csv,263a4943216bbd3dae8ded95e7bb40c59a9a781abe09ba1335d691e84ad0ed0e,2532,DATA_OR_RESOURCE
data_processed_grid_jk_grid_metadata_json,data/processed/grid/jk_grid_metadata.json,3f59d7b8d8368ad7c7b153ae502e13fb0471235d622c564c9f700d1308162fff,1281,DATA_OR_RESOURCE
data_processed_hazard_jk_dynamic_hazard_class_100m_tif,data/processed/hazard/jk_dynamic_hazard_class_100m.tif,fd9ad00101d65dab8e05b12d3a4e2187dc31b69a2008943d8d5e92f94262981c,641347,DATA_OR_RESOURCE
data_processed_hazard_jk_dynamic_hazard_index_100m_tif,data/processed/hazard/jk_dynamic_hazard_index_100m.tif,860ce061bc14f8ea38e4a08035f4c58e79529a58fcf6874b111edef0835788be,16873667,DATA_OR_RESOURCE
data_processed_rainfall_jk_imd_p90_baseline_100m_tif,data/processed/rainfall/jk_imd_p90_baseline_100m.tif,0799631c186bb01f21d7b3700b8dc7c2b0bccf4a89f5b8388261ea13a0b62e3c,14791285,DATA_OR_RESOURCE
data_processed_rainfall_jk_rainfall_accum_24h_100m_tif,data/processed/rainfall/jk_rainfall_accum_24h_100m.tif,ce5f43e398cccd39a112a6d5eab3c39b976c45ffa334a2c27ba261310853c31a,15399035,DATA_OR_RESOURCE
data_processed_rainfall_jk_rainfall_anomaly_p90_ratio_100m_tif,data/processed/rainfall/jk_rainfall_anomaly_p90_ratio_100m.tif,abdb78774087e845e956a02e5ec23c333dd23b7e1c3ea1b5d53ed4a6f3bff513,14856405,DATA_OR_RESOURCE
data_processed_rainfall_nh44_rainfall_climatology_percentiles_parquet,data/processed/rainfall/nh44_rainfall_climatology_percentiles.parquet,1125e6ddcf18090154f017bf8dc5b1b3bab5655f4286768f17134a5e72292aa6,5839,DATA_OR_RESOURCE
data_processed_rainfall_nh44_segment_rainfall_accumulations_parquet,data/processed/rainfall/nh44_segment_rainfall_accumulations.parquet,cc4e3e16944898f9c9903f7163d01061696b8343f27f52c6aff4492e00a4bbeb,66563,DATA_OR_RESOURCE
data_processed_susceptibility_jk_susceptibility_class_100m_tif,data/processed/susceptibility/jk_susceptibility_class_100m.tif,0ffee11ab2c0a46fbf38ad466ac26f39d7123a925eeaae28fca88062c8806d40,669457,DATA_OR_RESOURCE
data_processed_susceptibility_jk_susceptibility_probability_100m_tif,data/processed/susceptibility/jk_susceptibility_probability_100m.tif,6532209e1b30109f7e00d623208d36d75cd6de40fb2475b63e36947634ea1e2d,16864368,DATA_OR_RESOURCE
data_processed_terrain_jk_aspect_degrees_100m_cog_tif,data/processed/terrain/jk_aspect_degrees_100m_cog.tif,db89690a242608b18daa2333be10860ff0b1507e51b24d4583ea11680de85fbc,20675133,DATA_OR_RESOURCE
data_processed_terrain_jk_elevation_100m_cog_tif,data/processed/terrain/jk_elevation_100m_cog.tif,5458e54d6f39838fcf675ec2f904798e6826859e04ff3e742599f381cb5440e9,16891227,DATA_OR_RESOURCE
data_processed_terrain_jk_hillshade_100m_cog_tif,data/processed/terrain/jk_hillshade_100m_cog.tif,a7dc1916ab1c50caa22352dc2d813abae363461002d1f81b55d9d565f6bbea06,18932197,DATA_OR_RESOURCE
data_processed_terrain_jk_slope_degrees_100m_cog_tif,data/processed/terrain/jk_slope_degrees_100m_cog.tif,f9845d267378bbc5c6a1eb47e788b1bce8a89c52284e25d4a9658ade4b3b09a2,20218403,DATA_OR_RESOURCE
data_processed_vectors_jk_faults_parquet,data/processed/vectors/jk_faults.parquet,9c787ca028725bb37990038dff9bdf8d77c706eefeb45fb90e7c278dd78a4a78,30422,DATA_OR_RESOURCE
data_processed_vectors_jk_health_facilities_parquet,data/processed/vectors/jk_health_facilities.parquet,2f017e12cc1aaebc62c168c1e988fc4a0b3495f954780d39c3b704e0ab8486d4,102839,DATA_OR_RESOURCE
data_processed_vectors_jk_landslides_points_parquet,data/processed/vectors/jk_landslides_points.parquet,62a4e982914ac9a84afb01e3738e40d49b19cbef748c1f5067a765eaa267f10b,252673,DATA_OR_RESOURCE
data_processed_vectors_jk_landslides_polygons_parquet,data/processed/vectors/jk_landslides_polygons.parquet,b2ff5e76cb396e3b17c440aa7052b867f8aaf52bb0bc812a07458851d161327e,7679617,DATA_OR_RESOURCE
data_processed_vectors_jk_lineaments_parquet,data/processed/vectors/jk_lineaments.parquet,caec6e86905d8bd77f4d427319e6d4d936445094ad375d865cb995cf6e3deee6,287113,DATA_OR_RESOURCE
data_processed_vectors_jk_lithology_parquet,data/processed/vectors/jk_lithology.parquet,3660d3b40edcdfde5fe16dfc6b2784abd7eb10ed85708465e7b3cacc94d4cd87,9059074,DATA_OR_RESOURCE
data_processed_vectors_jk_major_roads_parquet,data/processed/vectors/jk_major_roads.parquet,88b21db5cb05083f25c97f32ae3f6bfb20bbb74dbd976501d4b42371f3f0036c,3491343,DATA_OR_RESOURCE
data_processed_vectors_jk_nh44_parquet,data/processed/vectors/jk_nh44.parquet,55dee0ca7cc7ad66b0b3f0f9cc2b3b1d1e9f864b367cf9b9f08fe0dba0d0db23,47215,DATA_OR_RESOURCE
data_processed_vectors_jk_settlements_parquet,data/processed/vectors/jk_settlements.parquet,21385f4c451f544041fff0c88063a1b31665be63c89f1a193457ee6549a65311,344153,DATA_OR_RESOURCE
data_processed_vectors_jk_thrusts_parquet,data/processed/vectors/jk_thrusts.parquet,56c2719c5ba24940c5fa3bf5ffc4f5c02a4b25a350fd0a2278a51f18ffd1d776,24964,DATA_OR_RESOURCE
deploy_start_sh,deploy/start.sh,23953290c6027f288cf55ab63d5c6d6aef72031ba95d19c09f89e6c4d03dbece,2389,DATA_OR_RESOURCE
docs_DEPLOYMENT_ARCHITECTURE_md,docs/DEPLOYMENT_ARCHITECTURE.md,5550083a4178786a352b1f08bcb3e718f56048379d08be67630b24debd4a845e,4672,DOCUMENTATION
docs_FINAL_GITHUB_AND_STREAMLIT_VERIFICATION_md,docs/FINAL_GITHUB_AND_STREAMLIT_VERIFICATION.md,8977833d89b0e327a2b4e81ccef11602e46eb9e4b412856c419de1f34077a418,3498,DOCUMENTATION
docs_FINAL_PUBLIC_RELEASE_REPORT_md,docs/FINAL_PUBLIC_RELEASE_REPORT.md,6cf04df3c83d291a9c0fef6cf50c358b3af81b43c983ddf0011150c77cf9658c,2951,DOCUMENTATION
docs_PUBLIC_ASSET_MATRIX_csv,docs/PUBLIC_ASSET_MATRIX.csv,dda73cf89cc9bb5c3cb99144c13e8ff5c59f973af51ca91724c11d2d20422a3b,3514,DOCUMENTATION
docs_PUBLIC_DEPLOYMENT_RUNBOOK_md,docs/PUBLIC_DEPLOYMENT_RUNBOOK.md,19c28473e2774877748307036cf6e7459aad898f80bffb65e930946be165269d,1803,DOCUMENTATION
docs_PUBLIC_ENDPOINT_VERIFICATION_csv,docs/PUBLIC_ENDPOINT_VERIFICATION.csv,d027f2591e0621a35e2bad374bbc2c2ff485cd09f8773d617251941ee11be59c,1508,DOCUMENTATION
docs_PUBLIC_RELEASE_AUDIT_md,docs/PUBLIC_RELEASE_AUDIT.md,a359575ad02c9678052267db2bea18276a21712427491534d4630da9215dff88,3927,DOCUMENTATION
docs_PUBLIC_UI_VERIFICATION_md,docs/PUBLIC_UI_VERIFICATION.md,077ea855b43085247794bf48e16d5d9d64ad906e3001f755c2e89bb2e0c61907,1649,DOCUMENTATION
docs_STREAMLIT_DEPLOYMENT_CHECKLIST_md,docs/STREAMLIT_DEPLOYMENT_CHECKLIST.md,d54bbf94d3adc97f13da10026396a7f36de6f8d91be081e920570f3d8391e162,2800,DOCUMENTATION
docs_STREAMLIT_WRAPPER_CONFIGURATION_md,docs/STREAMLIT_WRAPPER_CONFIGURATION.md,5be924114131d08beb6758ea6d213aa845b251409715fcb417b2cec738f86671,1074,DOCUMENTATION
docs_architecture_package_architecture_md,docs/architecture/package_architecture.md,f0bf3e2f516f1374a2ff8ccb1b846d68b7b6cb876dd60496b832d78b954bb6eb,2118,DOCUMENTATION
docs_architecture_system_architecture_md,docs/architecture/system_architecture.md,d7f19e55a1574e392c03f960cc35a5e9db92c1cf889a87c0aa76f71cebbbb1b7,2599,DOCUMENTATION
docs_methodology_static_vector_processing_md,docs/methodology/static_vector_processing.md,22c6e3fd4662ee345939271ce5c368273dbb75fec22a4e18806e46874554c7e1,2186,DOCUMENTATION
docs_methodology_terrain_processing_md,docs/methodology/terrain_processing.md,8f5b52958e3503ffa91a05c20f8c6c1ebff77564d032f16f8688e37be7df4505,2302,DOCUMENTATION
docs_progress_BRANDING_AND_LOGO_INTEGRATION_REPORT_md,docs/progress/BRANDING_AND_LOGO_INTEGRATION_REPORT.md,50d8feadfc9fe80fee722c7bc7f1ef2e336638146e94374ccfd04758f64d48a4,4884,DOCUMENTATION
docs_progress_DEMO_RUNBOOK_md,docs/progress/DEMO_RUNBOOK.md,512f1adf30e52cceda311a96bc563e316a46b467507eb901374298dee6cd13b9,3168,DOCUMENTATION
docs_progress_DEPLOYMENT_TERRAIN_OPTIMIZATION_REPORT_md,docs/progress/DEPLOYMENT_TERRAIN_OPTIMIZATION_REPORT.md,f30c562a4fd9e606d681240ee731d23a82be9f98ae9e67edbf38c051b449a3e2,4337,DOCUMENTATION
docs_progress_FINAL_API_ENDPOINT_MATRIX_csv,docs/progress/FINAL_API_ENDPOINT_MATRIX.csv,3e2293ac11a76fd5942c4aa844f954340cee2a9f36c0aa4ba303635d5672d559,2040,DOCUMENTATION
docs_progress_FINAL_FUNCTIONAL_ACCEPTANCE_REPORT_md,docs/progress/FINAL_FUNCTIONAL_ACCEPTANCE_REPORT.md,ccfab4a06ce01d1e60927bde41f58e8be4e708998c058a4176b343a56ff45908,9055,DOCUMENTATION
docs_progress_FINAL_FUNCTIONAL_DIAGNOSTIC_md,docs/progress/FINAL_FUNCTIONAL_DIAGNOSTIC.md,53e3389532c50f966813ef189a4c6988f138fb33c245626a846ee6178c690fd0,4172,DOCUMENTATION
docs_progress_FINAL_LAYER_SERVICE_MATRIX_csv,docs/progress/FINAL_LAYER_SERVICE_MATRIX.csv,2a1a5edfb39f07a5df8f6cacc51cb4191eba5d3848783df959a9fd331e2e28b9,2219,DOCUMENTATION
docs_progress_FINAL_MAPLIBRE_STABILITY_REPORT_md,docs/progress/FINAL_MAPLIBRE_STABILITY_REPORT.md,495de7ea4c73f86189d7e8fdfdd8134d3909a00218a60445ff4fba72ac311ff9,5449,DOCUMENTATION
docs_progress_FINAL_SUBMISSION_HOTFIX_REPORT_md,docs/progress/FINAL_SUBMISSION_HOTFIX_REPORT.md,9d0c00a6e00780ff0aef4a85d66f385def9ef65b368bb5c9ea10a4ec0c27e58b,5037,DOCUMENTATION
docs_progress_FINAL_UI_CONTROL_MATRIX_csv,docs/progress/FINAL_UI_CONTROL_MATRIX.csv,69524b4a792ea014f4e64417d232c6d8c96e7fd38d7695d667bb90d004008c24,1616,DOCUMENTATION
docs_progress_MAPLIBRE_STRESS_TEST_RESULTS_md,docs/progress/MAPLIBRE_STRESS_TEST_RESULTS.md,0baa35d67f9a79f8ba365e00ba674eb9d93459433c26e05dd7bbf23f82317a50,654,DOCUMENTATION
docs_progress_PHASE_0_REPORT_md,docs/progress/PHASE_0_REPORT.md,0bab5b77a671b8f365150824a90ead4699b221825098d7626a3eac0ca42d555f,7306,DOCUMENTATION
docs_progress_PHASE_1_REPORT_md,docs/progress/PHASE_1_REPORT.md,a19843d650f5ca4c3a7591f7c371d32a6b8bae29618e7995600f40eac0f3714a,10862,DOCUMENTATION
docs_progress_PHASE_2_REPORT_md,docs/progress/PHASE_2_REPORT.md,90aedc2cdc3ec1d021edb2a7e5674f53f4e7b0b4cc6ca5888de53dc931ef040c,7514,DOCUMENTATION
docs_progress_PHASE_3_B1_WALKTHROUGH_md,docs/progress/PHASE_3_B1_WALKTHROUGH.md,7b5c27e4100f550573cefac775fed901f4a246194114d52a7607acaae54de5a4,8093,DOCUMENTATION
docs_progress_PHASE_3_B2A_WALKTHROUGH_md,docs/progress/PHASE_3_B2A_WALKTHROUGH.md,d971534d224115344fdfe4493cecaa78cea7e2102055ec01cc22cd1dbbd9be36,8415,DOCUMENTATION
docs_progress_PHASE_3_B2B_WALKTHROUGH_md,docs/progress/PHASE_3_B2B_WALKTHROUGH.md,8910e09d0ccbd857b3f05d8081451ce4b71ef072a25c28c521c5434431b4ccde,7675,DOCUMENTATION
docs_progress_PHASE_3_B3_WALKTHROUGH_md,docs/progress/PHASE_3_B3_WALKTHROUGH.md,5f9a2f5925cbcc67ded83f220edde4a30a84316809216ac525aa5e0a701bee31,10679,DOCUMENTATION
docs_progress_PHASE_3_B4_WALKTHROUGH_md,docs/progress/PHASE_3_B4_WALKTHROUGH.md,b673f2c9c7b1370f94ad2683bd35a86a076c3966e003237fce25ea21944fbc13,5439,DOCUMENTATION
docs_progress_PHASE_3_GATE_A_REPORT_md,docs/progress/PHASE_3_GATE_A_REPORT.md,85ac2f46383bee2aff8f2c8becf15b5d758fe002cd7db53b8e806fa94e17e7fb,9349,DOCUMENTATION
docs_progress_PHASE_4_REPORT_md,docs/progress/PHASE_4_REPORT.md,2e26eb2cbb0c353380b35e8a4445a7a23980947f9b0cb511a8562d00f9657396,3502,DOCUMENTATION
docs_progress_PHASE_5_REPORT_md,docs/progress/PHASE_5_REPORT.md,48ce2087d355e2af34cba1c5d6664617bb942de99ea4e33d4fe836a1d4cb1ff7,3597,DOCUMENTATION
docs_progress_PHASE_6_REPORT_md,docs/progress/PHASE_6_REPORT.md,f22cbc9c4db361ded5170b0e6d5a4618beb89185c26791c6f6a084f4185ec9da,2398,DOCUMENTATION
docs_progress_final_functional_screenshots_01_command_centre_png,docs/progress/final_functional_screenshots/01_command_centre.png,ac8dbec2556f49fc22d75cd6b468627eaf107f1aa9ae1598d10c91a51ed40875,205641,DOCUMENTATION
docs_progress_final_functional_screenshots_02_risk_explorer_png,docs/progress/final_functional_screenshots/02_risk_explorer.png,aa8458d47183426e7d334cfa6d0be65e2835d5182639b699a08de42f4f1a653c,163191,DOCUMENTATION
docs_progress_final_functional_screenshots_02b_inspector_active_png,docs/progress/final_functional_screenshots/02b_inspector_active.png,a8ea7aa43b49dbf633b794218617fc508e1461ceb5677dc1f34dc5301470f576,169798,DOCUMENTATION
docs_progress_final_functional_screenshots_03_district_ramban_png,docs/progress/final_functional_screenshots/03_district_ramban.png,b71c05d6874359f6a02a4a64154e5febc170591810e2d933c0831518dff63635,91925,DOCUMENTATION
docs_progress_final_functional_screenshots_03b_district_doda_png,docs/progress/final_functional_screenshots/03b_district_doda.png,0d9d2900e7f767d2c2eee19fbbb704f664d460088034ae5097255b701a149c4a,91490,DOCUMENTATION
docs_progress_final_functional_screenshots_04_rainfall_monitor_png,docs/progress/final_functional_screenshots/04_rainfall_monitor.png,67fddf2bed995bb6a458b26e534301c72f89c7b407873938cf8b71e56f7a27cf,90050,DOCUMENTATION
docs_progress_final_functional_screenshots_05a_location_panthyal_png,docs/progress/final_functional_screenshots/05a_location_panthyal.png,f9d7f5c2155426a831843f7387bdb8028cf0dd5085207254dd7dedc8f68dbe70,87739,DOCUMENTATION
docs_progress_final_functional_screenshots_05b_location_jammu_png,docs/progress/final_functional_screenshots/05b_location_jammu.png,147bd3b9632d75dfd344f380ba0fc996852ed20971670aa4493e7263b297c8b7,87957,DOCUMENTATION
docs_progress_final_functional_screenshots_05c_location_srinagar_png,docs/progress/final_functional_screenshots/05c_location_srinagar.png,0f9b8c49307662651a40df7177c3de63e9872d6615defa3bf97ec8008c1c0449,88727,DOCUMENTATION
docs_progress_final_functional_screenshots_05d_location_outside_png,docs/progress/final_functional_screenshots/05d_location_outside.png,ace1110aa8ecbdb88edb0b0f577a8417a7b8d81e25d25fdf87e66f0c5dd830a0,71577,DOCUMENTATION
docs_progress_final_functional_screenshots_06_model_transparency_png,docs/progress/final_functional_screenshots/06_model_transparency.png,b688b0bab9b6779f2ba9625ec2dd0152f35f60aa82109526cbf8632aa0008694,106299,DOCUMENTATION
docs_progress_final_functional_screenshots_07_data_system_status_png,docs/progress/final_functional_screenshots/07_data_system_status.png,5e621f1ef2315c16d4aa98a7ecbf245de405aa578c83fdc7ba0d67974cfc0126,110940,DOCUMENTATION
docs_progress_final_submission_screenshots_01_command_centre_png,docs/progress/final_submission_screenshots/01_command_centre.png,6c11cd6c16d7381c6dd8a2b53d3a4718ff811615fd25b5f7fffe4dae79c7250f,206291,DOCUMENTATION
docs_progress_final_submission_screenshots_02_risk_explorer_png,docs/progress/final_submission_screenshots/02_risk_explorer.png,25c6e312b21985cf6704100713301986c93eab583a759a6e31f8d917744d5e24,163316,DOCUMENTATION
docs_progress_final_submission_screenshots_03_district_intelligence_png,docs/progress/final_submission_screenshots/03_district_intelligence.png,1b99f0798c364414acbc751a051f2ce56fd0707aedcd9b5ca5a5be3ea757d95c,84384,DOCUMENTATION
docs_progress_final_submission_screenshots_04_rainfall_monitor_png,docs/progress/final_submission_screenshots/04_rainfall_monitor.png,1a312a15d8c8dba4a095b9d7ca6a31c7ec7bddd7d3220ad9a1708755f7eb5167,90065,DOCUMENTATION
docs_progress_final_submission_screenshots_05_location_risk_check_png,docs/progress/final_submission_screenshots/05_location_risk_check.png,4928bc4aa076b5cda05ac171d1f7c94aaa742ad132c02156ac73b51fd61c819b,54423,DOCUMENTATION
docs_progress_final_submission_screenshots_06_model_transparency_png,docs/progress/final_submission_screenshots/06_model_transparency.png,3d9a93b41e672a3bc12f428686a03133189d7698b60691d75e3c50408de120fe,106117,DOCUMENTATION
docs_progress_final_submission_screenshots_07_data_system_status_png,docs/progress/final_submission_screenshots/07_data_system_status.png,c9d411d82df6ca8933a508daf7b87892485f3490165ab7cffe3540361593e959,117299,DOCUMENTATION
docs_progress_final_v1_release_acceptance_01_command_centre_png,docs/progress/final_v1_release_acceptance/01_command_centre.png,49ef52512e58c206f29856e47c84bbca99937f8957b74cce9780718163fb982f,214905,DOCUMENTATION
docs_progress_final_v1_release_acceptance_02_risk_explorer_png,docs/progress/final_v1_release_acceptance/02_risk_explorer.png,05b00b96be72f76b0d2d71614169270e3d140308d904e26056ae8a68f403649f,362878,DOCUMENTATION
docs_progress_final_v1_release_acceptance_03_district_intelligence_png,docs/progress/final_v1_release_acceptance/03_district_intelligence.png,15354341c934661a5e031668630e65df8ad31876ceadc730fdd6ba9a7d00741f,98235,DOCUMENTATION
docs_progress_final_v1_release_acceptance_04_rainfall_monitor_png,docs/progress/final_v1_release_acceptance/04_rainfall_monitor.png,02e34b4ccf8f547ab065fc74003450961246053e342f6bbbc7741cebc1cd0980,95289,DOCUMENTATION
docs_progress_final_v1_release_acceptance_05_location_risk_check_png,docs/progress/final_v1_release_acceptance/05_location_risk_check.png,e5d7f17a06e03db8560e49b845c7bf7a2611373393c231d5e63cbf132293803e,101001,DOCUMENTATION
docs_progress_final_v1_release_acceptance_06_model_transparency_png,docs/progress/final_v1_release_acceptance/06_model_transparency.png,fd2a4b5a160e8377caa9cca45ded284d28438f9793d12bb3784cf520f8083864,84695,DOCUMENTATION
docs_progress_final_v1_release_acceptance_07_data_system_status_png,docs/progress/final_v1_release_acceptance/07_data_system_status.png,ed8451d4a89e681c34851e82876750818ff2fc66f7533f84df367796faeaf837,116235,DOCUMENTATION
docs_progress_maplibre_stress_screenshots_stress_test_completed_png,docs/progress/maplibre_stress_screenshots/stress_test_completed.png,432de729ec761b0a9cae0a411e38967d6d04c4af03f28447cf7a8fe881ddfa8b,411522,DOCUMENTATION
docs_progress_phase_1_screenshots_01_statewide_command_centre_png,docs/progress/phase_1_screenshots/01_statewide_command_centre.png,23989b8aac6b8d7f2c53f9594c3ce094a4b215644f134539e52db3f3d35c3a9f,220055,DOCUMENTATION
docs_progress_phase_1_screenshots_02_interactive_risk_explorer_png,docs/progress/phase_1_screenshots/02_interactive_risk_explorer.png,67d079ffda34f6dc3c61b049644d433db4ad965561c9b488e2706b9b8058af39,190400,DOCUMENTATION
docs_progress_phase_1_screenshots_03_district_intelligence_png,docs/progress/phase_1_screenshots/03_district_intelligence.png,9639bb7205285f1565a0509c89b7b8130014985d555e38e69854af5f8f4779bc,98292,DOCUMENTATION
docs_progress_phase_1_screenshots_04_rainfall_monitor_png,docs/progress/phase_1_screenshots/04_rainfall_monitor.png,0e112f407c9bee5fe2543eca99209f40680787c713a9e496c383360729057a25,90918,DOCUMENTATION
docs_progress_phase_1_screenshots_05_location_risk_check_png,docs/progress/phase_1_screenshots/05_location_risk_check.png,87ed6112d9e72c648a4a479c36b4bde8d6ffe074c25add76d60f6b22f5b8c410,100053,DOCUMENTATION
docs_progress_phase_1_screenshots_06_model_transparency_png,docs/progress/phase_1_screenshots/06_model_transparency.png,0e3bce0d872201c776145106e2e48143f9cd26db179cf208d5507f814c6f06bb,81049,DOCUMENTATION
docs_progress_phase_1_screenshots_07_data_system_status_png,docs/progress/phase_1_screenshots/07_data_system_status.png,b766569840de1544c5c3f0ce16e82f441f7501e0923da24d82016488d6063dfb,100671,DOCUMENTATION
docs_progress_phase_2_final_screenshots_01_statewide_command_centre_png,docs/progress/phase_2_final_screenshots/01_statewide_command_centre.png,836410139ce93f9147d8c4e8e4cfd8b35af3aab0d3a9381dbf5943baca6346ae,236379,DOCUMENTATION
docs_progress_phase_2_final_screenshots_02_interactive_risk_explorer_png,docs/progress/phase_2_final_screenshots/02_interactive_risk_explorer.png,9fe2a306a4e620706b77320e1e5b99c9e170213823c31b543ab5936f7effbd42,363197,DOCUMENTATION
docs_progress_phase_2_final_screenshots_03_district_intelligence_png,docs/progress/phase_2_final_screenshots/03_district_intelligence.png,dfc3d885203967860c5bdce580b4d4a702611738e2eb7b5ff690094ea61ee5c3,97880,DOCUMENTATION
docs_progress_phase_2_final_screenshots_04_rainfall_monitor_png,docs/progress/phase_2_final_screenshots/04_rainfall_monitor.png,bcabd92f7864d5e64fa9275257e1005d3230670cbdf9cea5d1a7834e52548541,91272,DOCUMENTATION
docs_progress_phase_2_final_screenshots_05_location_risk_check_png,docs/progress/phase_2_final_screenshots/05_location_risk_check.png,bdc03ac5c68ceb5c5fa560037e94c875dc2e26edf5798f55d0ad09af970d297d,100437,DOCUMENTATION
docs_progress_phase_2_final_screenshots_06_model_transparency_png,docs/progress/phase_2_final_screenshots/06_model_transparency.png,4f04e85d024ea503e1d3bb29ae8509c158683f99c493eb7537bc5be566746966,81406,DOCUMENTATION
docs_progress_phase_2_final_screenshots_07_data_system_status_png,docs/progress/phase_2_final_screenshots/07_data_system_status.png,2a80515aa9280b78d07fb08642d01e777a472798d8091c487f113754b780a729,115972,DOCUMENTATION
docs_progress_phase_2_final_screenshots_08_terrain_inspector_active_png,docs/progress/phase_2_final_screenshots/08_terrain_inspector_active.png,d4b7a27f94e7dee5162e5ad91abe19cb063d5dad3165a74d12851d77b91ea286,286240,DOCUMENTATION
docs_progress_phase_2_final_screenshots_playwright_01_ramban_success_png,docs/progress/phase_2_final_screenshots/playwright_01_ramban_success.png,c16c7d72de3ec0f378396dba602337f4bf26d28e5f1ebed7709f26e39b5344a5,83558,DOCUMENTATION
docs_progress_phase_2_final_screenshots_playwright_02_outside_study_area_png,docs/progress/phase_2_final_screenshots/playwright_02_outside_study_area.png,a03c4f2496c32c45a2ee298b92d2ed11faa40ac5b0bfb38702fac46ad9bbe755,83562,DOCUMENTATION
docs_progress_phase_2_final_screenshots_playwright_03_nodata_location_png,docs/progress/phase_2_final_screenshots/playwright_03_nodata_location.png,a03c4f2496c32c45a2ee298b92d2ed11faa40ac5b0bfb38702fac46ad9bbe755,83562,DOCUMENTATION
docs_progress_phase_2_final_screenshots_playwright_04_backend_unavailable_png,docs/progress/phase_2_final_screenshots/playwright_04_backend_unavailable.png,c8baf8f38df29593cd45656065772beb81671742407b300c7d751c0e09790391,83558,DOCUMENTATION
docs_progress_phase_2_final_screenshots_playwright_05_backend_recovered_png,docs/progress/phase_2_final_screenshots/playwright_05_backend_recovered.png,a03c4f2496c32c45a2ee298b92d2ed11faa40ac5b0bfb38702fac46ad9bbe755,83562,DOCUMENTATION
docs_progress_phase_2_final_screenshots_styled_terrain_popup_png,docs/progress/phase_2_final_screenshots/styled_terrain_popup.png,ae173f4d0042721578a2ed384fc4a9356690644ff4f4111e713df50262895cd0,243262,DOCUMENTATION
docs_progress_phase_2_screenshots_01_statewide_command_centre_png,docs/progress/phase_2_screenshots/01_statewide_command_centre.png,60079bf1a69a5cdc238b82f22c2b3f1ccba4675b9a50a8be0c832f92bf969170,194064,DOCUMENTATION
docs_progress_phase_2_screenshots_02_interactive_risk_explorer_png,docs/progress/phase_2_screenshots/02_interactive_risk_explorer.png,def5ce6e6d877be2d200c5bfef59a3e83971c4e47913b7ef995605abf637e212,152389,DOCUMENTATION
docs_progress_phase_2_screenshots_03_district_intelligence_png,docs/progress/phase_2_screenshots/03_district_intelligence.png,5e7df9d58ad9919b0bb7e810f5c165877f2b2848a0b495625e60b62b0b4b7439,91076,DOCUMENTATION
docs_progress_phase_2_screenshots_04_rainfall_monitor_png,docs/progress/phase_2_screenshots/04_rainfall_monitor.png,9cf815cc34ac3c4887eccf2a3ffc1c89167249f132848a027ffeffa82f4ee00c,80413,DOCUMENTATION
docs_progress_phase_2_screenshots_05_location_risk_check_png,docs/progress/phase_2_screenshots/05_location_risk_check.png,1f43daa2c5dfa8983ea3c1a075de2975cfb950241f396f556b9754187fd0d90c,86634,DOCUMENTATION
docs_progress_phase_2_screenshots_06_model_transparency_png,docs/progress/phase_2_screenshots/06_model_transparency.png,6af8a369b8efeb1ef279188cb2f3149737116790ea49e1c8db5f0d1bde97c99e,105021,DOCUMENTATION
docs_progress_phase_2_screenshots_07_data_system_status_png,docs/progress/phase_2_screenshots/07_data_system_status.png,9c8dbf4ebbaf34f5c95ff8610b609a50666abbef023a20b8fa23740a284558e7,109483,DOCUMENTATION
docs_progress_phase_2_screenshots_08_terrain_inspector_active_png,docs/progress/phase_2_screenshots/08_terrain_inspector_active.png,d4b7a27f94e7dee5162e5ad91abe19cb063d5dad3165a74d12851d77b91ea286,286240,DOCUMENTATION
docs_progress_phase_2_screenshots_playwright_01_ramban_success_png,docs/progress/phase_2_screenshots/playwright_01_ramban_success.png,c16c7d72de3ec0f378396dba602337f4bf26d28e5f1ebed7709f26e39b5344a5,83558,DOCUMENTATION
docs_progress_phase_2_screenshots_playwright_02_outside_study_area_png,docs/progress/phase_2_screenshots/playwright_02_outside_study_area.png,a03c4f2496c32c45a2ee298b92d2ed11faa40ac5b0bfb38702fac46ad9bbe755,83562,DOCUMENTATION
docs_progress_phase_2_screenshots_playwright_03_nodata_location_png,docs/progress/phase_2_screenshots/playwright_03_nodata_location.png,a03c4f2496c32c45a2ee298b92d2ed11faa40ac5b0bfb38702fac46ad9bbe755,83562,DOCUMENTATION
docs_progress_phase_2_screenshots_playwright_04_backend_unavailable_png,docs/progress/phase_2_screenshots/playwright_04_backend_unavailable.png,c8baf8f38df29593cd45656065772beb81671742407b300c7d751c0e09790391,83558,DOCUMENTATION
docs_progress_phase_2_screenshots_playwright_05_backend_recovered_png,docs/progress/phase_2_screenshots/playwright_05_backend_recovered.png,a03c4f2496c32c45a2ee298b92d2ed11faa40ac5b0bfb38702fac46ad9bbe755,83562,DOCUMENTATION
docs_progress_phase_2_screenshots_styled_terrain_popup_png,docs/progress/phase_2_screenshots/styled_terrain_popup.png,21282d537ce72e1e77a7ced7bf5bbf941de42b0954a05242a2c912e125848176,249235,DOCUMENTATION
docs_progress_phase_3_b3_frontend_runtime_repair_01_statewide_command_centre_png,docs/progress/phase_3_b3_frontend_runtime_repair/01_statewide_command_centre.png,d5ee3286cbc64350ce89aef6f76679ef31f0327e45b18bfc0c939106f93092dc,194061,DOCUMENTATION
docs_progress_phase_3_b3_frontend_runtime_repair_02_interactive_risk_explorer_png,docs/progress/phase_3_b3_frontend_runtime_repair/02_interactive_risk_explorer.png,f40f2dbd808f42e05d621d5f8601ff445d8cbff4e6e88386f47115e7b7bc4259,152389,DOCUMENTATION
docs_progress_phase_3_b3_frontend_runtime_repair_03_district_intelligence_png,docs/progress/phase_3_b3_frontend_runtime_repair/03_district_intelligence.png,5e7df9d58ad9919b0bb7e810f5c165877f2b2848a0b495625e60b62b0b4b7439,91076,DOCUMENTATION
docs_progress_phase_3_b3_frontend_runtime_repair_04_rainfall_monitor_png,docs/progress/phase_3_b3_frontend_runtime_repair/04_rainfall_monitor.png,9cf815cc34ac3c4887eccf2a3ffc1c89167249f132848a027ffeffa82f4ee00c,80413,DOCUMENTATION
docs_progress_phase_3_b3_frontend_runtime_repair_05_location_risk_check_png,docs/progress/phase_3_b3_frontend_runtime_repair/05_location_risk_check.png,5fe640aec91ece5d28c510903d052d94c081f4940e32d0160d0e87301afe5b6a,86632,DOCUMENTATION
docs_progress_phase_3_b3_frontend_runtime_repair_06_model_transparency_png,docs/progress/phase_3_b3_frontend_runtime_repair/06_model_transparency.png,6af8a369b8efeb1ef279188cb2f3149737116790ea49e1c8db5f0d1bde97c99e,105021,DOCUMENTATION
docs_progress_phase_3_b3_frontend_runtime_repair_07_data_system_status_png,docs/progress/phase_3_b3_frontend_runtime_repair/07_data_system_status.png,d0d30975a8928a7639ddb60d2163d18910278f9b13e70387d5841bf3b942033d,109480,DOCUMENTATION
docs_ui_static_map_layers_md,docs/ui/static_map_layers.md,5343e68e323dc78aa154c21dd6b94110329ff8926faa6b9b64c2d1c739846d8f,1697,DOCUMENTATION
docs_v2_ALERT_AND_ADVISORY_FRAMEWORK_md,docs/v2/ALERT_AND_ADVISORY_FRAMEWORK.md,f6690dccfe9e34c461114c669976b3871066ffd74c3c6ae6f6e290dc3cc4e850,3579,DOCUMENTATION
docs_v2_CAPABILITY_GAP_MATRIX_csv,docs/v2/CAPABILITY_GAP_MATRIX.csv,23e7bd4c3c99093bab6be8bdb71d19183c8bdca7d5ab6ecf9ac4336186862190,5343,DOCUMENTATION
docs_v2_COMMERCIALISATION_OPTIONS_md,docs/v2/COMMERCIALISATION_OPTIONS.md,1a053ea3eb375ebab4168c3b67c3078871bd5a177506dcf65d3f5aa20f5976aa,3584,DOCUMENTATION
docs_v2_CURRENT_UI_AUDIT_csv,docs/v2/CURRENT_UI_AUDIT.csv,35141819043de43a81232b44cf93c5e3a246534bdbb54c3e69be7c7743a6d461,5768,DOCUMENTATION
docs_v2_DATA_AND_INTEGRATION_READINESS_md,docs/v2/DATA_AND_INTEGRATION_READINESS.md,78c7585ede07933e7122f258e7618c64262b65be5dea8c8fda5e095c09232849,5621,DOCUMENTATION
docs_v2_DUPLICATE_COMPONENT_AUDIT_md,docs/v2/DUPLICATE_COMPONENT_AUDIT.md,2a0b6e59bf9f758d30ddc5a0fb6cbf267eda9e930c424c461feaeba99c6f29db,4937,DOCUMENTATION
docs_v2_GEOSLIDE_JK_V2_PRODUCT_VISION_md,docs/v2/GEOSLIDE_JK_V2_PRODUCT_VISION.md,fc84b723205e6ac68ff5f48bdb905401ee5296b71731c09c7acd529f7dfe0d6b,7512,DOCUMENTATION
docs_v2_GEOSLIDE_SAATHI_DESIGN_md,docs/v2/GEOSLIDE_SAATHI_DESIGN.md,daf63add78e3515485df53ede44a80cf2d27050a4fb635ccf48d4f509136610d,3374,DOCUMENTATION
docs_v2_JOBS_TO_BE_DONE_md,docs/v2/JOBS_TO_BE_DONE.md,69c704fb3b3589e74f6e8847999ceedc25c4db2b211a844f4f397f3a139c906e,5483,DOCUMENTATION
docs_v2_MANAGE_MY_CORRIDOR_WORKFLOW_md,docs/v2/MANAGE_MY_CORRIDOR_WORKFLOW.md,95723e2d027e09ab401e8c0d4ba2e05e337dfa4f4c2b3dae2c7162a327ad710b,5194,DOCUMENTATION
docs_v2_NH44_ACTIVE_LEGACY_CONTENT_AUDIT_csv,docs/v2/NH44_ACTIVE_LEGACY_CONTENT_AUDIT.csv,427144603d027b7c5586c7e402aa9bd4079a0473f25d958b350b298b3cda01d5,1229,DOCUMENTATION
docs_v2_NH44_LOCAL_SOURCE_FORENSIC_AUDIT_md,docs/v2/NH44_LOCAL_SOURCE_FORENSIC_AUDIT.md,a8c87f238585dd8ab0839d06c504c66218fc507677287758c63e2634b83039b4,1269,DOCUMENTATION
docs_v2_NH44_SOURCE_GATE_COMPLETION_REPORT_md,docs/v2/NH44_SOURCE_GATE_COMPLETION_REPORT.md,ab7d6ae84045d81dab3f0818f8e8c24473f751d75b5015d9c0094872de2bebff,2775,DOCUMENTATION
docs_v2_OUTCOME_MEASUREMENT_FRAMEWORK_md,docs/v2/OUTCOME_MEASUREMENT_FRAMEWORK.md,c4bd45345dab2ecd517fafeef76580084e3e712fc6075dbba48d3a723b7eface,4319,DOCUMENTATION
docs_v2_PLAN_MY_JOURNEY_WORKFLOW_md,docs/v2/PLAN_MY_JOURNEY_WORKFLOW.md,ce563710b7a6517abbc94b91824e4694faf3b680ef4ae3152010aae37cb35fb1,7047,DOCUMENTATION
docs_v2_PRE_MONSOON_PREPAREDNESS_DESIGN_md,docs/v2/PRE_MONSOON_PREPAREDNESS_DESIGN.md,1fde4ebafd6de7525304b58e677d681a188835f8156bb2f215626b0d7525c653,5155,DOCUMENTATION
docs_v2_ROAD_RISK_SCORING_DESIGN_md,docs/v2/ROAD_RISK_SCORING_DESIGN.md,71c308a7f85d6d08ad4c153e875433cd5532b1dd9b97b52b8273fa35c8b6b779,5698,DOCUMENTATION
docs_v2_ROLE_BASED_INFORMATION_ARCHITECTURE_md,docs/v2/ROLE_BASED_INFORMATION_ARCHITECTURE.md,33725526280a7bcec7fd4cd190ae1356759420029d62cc83b57b6461c50c0c7f,7758,DOCUMENTATION
docs_v2_STAKEHOLDER_AND_PERSONA_MATRIX_csv,docs/v2/STAKEHOLDER_AND_PERSONA_MATRIX.csv,7415f57a91bd457c81b0b6379806b5a87ad4f41dc64c5992dfe9ecb6c178cdc8,5181,DOCUMENTATION
docs_v2_V2_2_6_NUMERIC_PROVENANCE_AUDIT_csv,docs/v2/V2_2_6_NUMERIC_PROVENANCE_AUDIT.csv,d5f2b0e39762fca6f39bf077b3755c9b69d92fff063a56dcc3d00612b0c3d843,1820,DOCUMENTATION
docs_v2_V2_2_6_PRODUCT_READINESS_MATRIX_csv,docs/v2/V2_2_6_PRODUCT_READINESS_MATRIX.csv,3d5c96be6419f10e08ea97d6dc4131440bedc2d9928b1f6934d49a54360ce418,2391,DOCUMENTATION
docs_v2_V2_2_6_PRODUCT_REFINEMENT_MAPPING_md,docs/v2/V2_2_6_PRODUCT_REFINEMENT_MAPPING.md,346345905b00b7aa180a9f6cc5feed23a1f47dd1481b5618fb4ad68508a7ef82,4695,DOCUMENTATION
docs_v2_V2_2_6_PRODUCT_REFINEMENT_REPORT_md,docs/v2/V2_2_6_PRODUCT_REFINEMENT_REPORT.md,e80820cf553e82fd149648e0b9c4f335d8368b211255245edb2c79a9758fc6cc,4018,DOCUMENTATION
docs_v2_V2_2_6_ROLE_MAP_CONFIGURATION_md,docs/v2/V2_2_6_ROLE_MAP_CONFIGURATION.md,47483f4e182054f1953e8b0ba376b8c84225764f5ef0300dec60c85927e0d5cb,3141,DOCUMENTATION
docs_v2_V2_2_6_TERMINOLOGY_AUDIT_csv,docs/v2/V2_2_6_TERMINOLOGY_AUDIT.csv,62a4c64a1d93d163c70eb18e468093c710988289477ab82f76b2152abf3a71d4,1788,DOCUMENTATION
docs_v2_V2_2_IMPLEMENTATION_MAPPING_md,docs/v2/V2_2_IMPLEMENTATION_MAPPING.md,63f999540137c961f8f7f94a44b61ef024b124358d3c6a49ddb5cd382bb640b9,4064,DOCUMENTATION
docs_v2_V2_2_UI_IMPLEMENTATION_REPORT_md,docs/v2/V2_2_UI_IMPLEMENTATION_REPORT.md,8a2fcfb142b94d7b883c0c5d3e55226aa8d733f33a147774c31644c4a6622904,7133,DOCUMENTATION
docs_v2_V2_3A_2F_COMPLETION_REPORT_md,docs/v2/V2_3A_2F_COMPLETION_REPORT.md,663ea796147f87c03dc28d0c4677f33cfcd414aa66537b3ac7e4c23cd21dc5a8,1485,DOCUMENTATION
docs_v2_V2_3A_2F_GEOMETRY_FORENSIC_REPORT_md,docs/v2/V2_3A_2F_GEOMETRY_FORENSIC_REPORT.md,85205f38f20cc5c791c77aec0f94b0ac90024cf651da62189bbc86a1ba3e2be8,1551,DOCUMENTATION
docs_v2_V2_3A_2F_REJECTED_TERMINAL_LOCK_md,docs/v2/V2_3A_2F_REJECTED_TERMINAL_LOCK.md,98f2ff358acbc0090ea85a3cc18849cda20b011fa85a9f6fe8a8f6b1e95a1337,1373,DOCUMENTATION
docs_v2_V2_3A_2G_COMPLETION_REPORT_md,docs/v2/V2_3A_2G_COMPLETION_REPORT.md,0c50ea2fbcbd9660629d31670bad3cc845c61f7511a8e136ec040dc5b9e7e3d7,1045,DOCUMENTATION
docs_v2_V2_3A_2G_OSM_RELATION_AUDIT_md,docs/v2/V2_3A_2G_OSM_RELATION_AUDIT.md,66721d860f7d7ed44c00e0cda63921bb3f6a832ddab408d2026e048a5f717b79,440,DOCUMENTATION
docs_v2_V2_3A_2H_COMPLETION_REPORT_md,docs/v2/V2_3A_2H_COMPLETION_REPORT.md,2b8924fd23c2a1864c58711e98d78b1bd2d8819a8b7b389e7439f52c0c34184a,1016,DOCUMENTATION
docs_v2_V2_3A_2H_RELATION_AUDIT_md,docs/v2/V2_3A_2H_RELATION_AUDIT.md,0cfbe3dd2041db8a9a8215e8ea609a4cc8e654c0aa6df971d89b9c01f11d3654,552,DOCUMENTATION
docs_v2_V2_3A_2I_COMPLETION_REPORT_md,docs/v2/V2_3A_2I_COMPLETION_REPORT.md,cf5ffebf47c289cd103c6396410570b5dcaa4469494c01b7b75ca8666078cb5b,1253,DOCUMENTATION
docs_v2_V2_3A_2J_COMPLETION_REPORT_md,docs/v2/V2_3A_2J_COMPLETION_REPORT.md,f7546170962de1bea332df9472838d1af0dbdcf7d07ae62dcbaa010ababb4b94,1104,DOCUMENTATION
docs_v2_V2_3A_2R_FAILURE_DIAGNOSIS_md,docs/v2/V2_3A_2R_FAILURE_DIAGNOSIS.md,063a817d1b98caea9830a24e04f680898d90e4b198f406688822ec4b98cdae3e,626,DOCUMENTATION
docs_v2_V2_3A_2R_MAINLINE_REPAIR_REPORT_md,docs/v2/V2_3A_2R_MAINLINE_REPAIR_REPORT.md,87ffe4139b76959339c3100491a720dd748586365da26fc624d4f82642917214,1140,DOCUMENTATION
docs_v2_V2_3A_FINAL_AUTHORITATIVE_BASELINE_AND_SEGMENTATION_md,docs/v2/V2_3A_FINAL_AUTHORITATIVE_BASELINE_AND_SEGMENTATION.md,fc0f66416551457e506f6dffb91ae8702830ce6a6e54bbae87d1117c0b4ba50e,3991,DOCUMENTATION
docs_v2_V2_3B_1_BUFFER_SELECTION_REVIEW_md,docs/v2/V2_3B_1_BUFFER_SELECTION_REVIEW.md,d749a7e5e4254a7c41aaa24a025eeb2aa917d2270db4fd8bc9a03d299bbb391f,451,DOCUMENTATION
docs_v2_V2_3B_1_SCIENTIFIC_REVIEW_REPORT_md,docs/v2/V2_3B_1_SCIENTIFIC_REVIEW_REPORT.md,dad468b39b333a56ef6c14b258e7de9f63511e707fe131ab647bd4e5c4f32bae,3368,DOCUMENTATION
docs_v2_V2_3B_BASELINE_VERIFICATION_md,docs/v2/V2_3B_BASELINE_VERIFICATION.md,8d60398a0e23a8e30db50e65dff2e37a64ea11e74a45583f7663c2284e961b71,1714,DOCUMENTATION
docs_v2_V2_3B_COMPLETION_REPORT_md,docs/v2/V2_3B_COMPLETION_REPORT.md,113067cf015c7d47a98a980c96dbd4f98e1ae1d018c4cad7b19dd6a903bd3d51,662,DOCUMENTATION
docs_v2_V2_3B_DATA_DICTIONARY_md,docs/v2/V2_3B_DATA_DICTIONARY.md,cb4509bac2bd5179c27792b72dd6dbca880403763cc655b85b7d44c7589a64ce,14446,DOCUMENTATION
docs_v2_V2_3B_DATA_READINESS_AUDIT_md,docs/v2/V2_3B_DATA_READINESS_AUDIT.md,43051e864df978b84ebfc8a87088fe9f59ff31be9b62d21cdc5c300b446d1bb8,469,DOCUMENTATION
docs_v2_V2_3B_PROVENANCE_REPORT_md,docs/v2/V2_3B_PROVENANCE_REPORT.md,a0f5152a4c648dac2dfeb86bced1dd2f95739b1556d37ab2dcd2c6584f07f2e9,6173,DOCUMENTATION
docs_v2_V2_3B_QUALITY_REPORT_md,docs/v2/V2_3B_QUALITY_REPORT.md,a7917186a623c82bde77f6b1b8a3fa33e31f11643027e2f9738173029e47bb70,859,DOCUMENTATION
docs_v2_V2_3B_SEGMENT_FEATURE_EXTRACTION_METHOD_md,docs/v2/V2_3B_SEGMENT_FEATURE_EXTRACTION_METHOD.md,526f7e98f04041b75492be0296f8fce5e60b4fffaf85861fc54e9c960262a17d,1380,DOCUMENTATION
docs_v2_V2_3C_1_SCIENTIFIC_REVIEW_REPORT_md,docs/v2/V2_3C_1_SCIENTIFIC_REVIEW_REPORT.md,0204d88f06c0c29b6ce33931f61a6c0a22e763b6bf2cae9ef3869a7867b977aa,1642,DOCUMENTATION
docs_v2_V2_3C_COMPLETION_REPORT_md,docs/v2/V2_3C_COMPLETION_REPORT.md,b29dcd1e9580a4ba9f9c8378c6834928522150301ef772a9f6c4ec8f8ae6eabe,858,DOCUMENTATION
docs_v2_V2_3C_COMPONENT_PROFILE_METHOD_md,docs/v2/V2_3C_COMPONENT_PROFILE_METHOD.md,38d5ceee049973a978d99c04db3f4c1ebe36893fdacb132ac351779a905c7afb,253,DOCUMENTATION
docs_v2_V2_3C_FEATURE_REDUCTION_METHOD_md,docs/v2/V2_3C_FEATURE_REDUCTION_METHOD.md,23737ace77cc962abeeed834b3886fa6a5e116c76a2c190de9c4813ddc43e013,212,DOCUMENTATION
docs_v2_V2_3C_LANDSLIDE_CONTEXT_VALIDATION_md,docs/v2/V2_3C_LANDSLIDE_CONTEXT_VALIDATION.md,47dc0da66038fa70a360c06aa4a9a67e3929f70c92994111a4acb835cc61e61d,201,DOCUMENTATION
docs_v2_V2_3C_SPATIAL_DEPENDENCE_AND_LIMITATIONS_md,docs/v2/V2_3C_SPATIAL_DEPENDENCE_AND_LIMITATIONS.md,18ed1a36606dc9bfa8a5f5aea1539aa267ebc2f91d1ce087791f8cb3fddb3da2,209,DOCUMENTATION
docs_v2_V2_3D_1_SCIENTIFIC_REVIEW_REPORT_md,docs/v2/V2_3D_1_SCIENTIFIC_REVIEW_REPORT.md,b35f5ba2cca0cd1a8a90e59469b2bd8952fb8995de6a568fe8b2290814582f98,2073,DOCUMENTATION
docs_v2_V2_3D_COMPLETION_REPORT_md,docs/v2/V2_3D_COMPLETION_REPORT.md,13c38881aa6c66549ca7561906ec84fb73d0694b7555032586ccded72d62867b,908,DOCUMENTATION
docs_v2_V2_3D_PRIORITIZATION_METHODS_md,docs/v2/V2_3D_PRIORITIZATION_METHODS.md,0d8132d4a6174ffff07c0b66e374ab5753d95a4700b071e47fed4ed2a0bb6055,199,DOCUMENTATION
docs_v2_V2_3D_RANK_UNCERTAINTY_md,docs/v2/V2_3D_RANK_UNCERTAINTY.md,c33106f347568b9d94bdda35c55d41ba3d4943cb0b6c08a7a8543c0d27865846,154,DOCUMENTATION
docs_v2_V2_3D_STRUCTURE_INTERPRETATION_md,docs/v2/V2_3D_STRUCTURE_INTERPRETATION.md,f8a659d6a21d857fad6ac25d74eed9b36a33397cd2b36b06f87c2ef121212d8f,184,DOCUMENTATION
docs_v2_V2_3D_VALIDATION_AND_LIMITATIONS_md,docs/v2/V2_3D_VALIDATION_AND_LIMITATIONS.md,0d37cf9e313e603d13c9b438355137948add1cd3f0b0442a905845aedaba2c2a,177,DOCUMENTATION
docs_v2_V2_3D_WEIGHT_SENSITIVITY_md,docs/v2/V2_3D_WEIGHT_SENSITIVITY.md,a97497dd4bd6c164b38ddbb54286a63f094c47fc5ab43558827c74f3979f6917,196,DOCUMENTATION
docs_v2_V2_3E_1_SCIENTIFIC_REVIEW_REPORT_md,docs/v2/V2_3E_1_SCIENTIFIC_REVIEW_REPORT.md,11abbb8fde8faf9ec6a1221a8d48aae1e997a23b1615d0b1a89a4dfcbcddb8c0,1237,DOCUMENTATION
docs_v2_V2_3E_2_FINAL_RECONCILIATION_REPORT_md,docs/v2/V2_3E_2_FINAL_RECONCILIATION_REPORT.md,8e4931739fb990887f6c8332ca54c9c23198afef3c0272629e08954b01098f26,1874,DOCUMENTATION
docs_v2_V2_3E_CLIMATOLOGY_AND_TRIGGER_INDICES_md,docs/v2/V2_3E_CLIMATOLOGY_AND_TRIGGER_INDICES.md,5925abf406c4b60724905d972bb77389e27a1326b2959e152c016c0b8bc86340,197,DOCUMENTATION
docs_v2_V2_3E_COMPLETION_REPORT_md,docs/v2/V2_3E_COMPLETION_REPORT.md,b6c467c44a9322ae06a2def42a4fd3a69704732d67ca2ac6b214fcb1716e66aa,882,DOCUMENTATION
docs_v2_V2_3E_DYNAMIC_HAZARD_FORMULATIONS_md,docs/v2/V2_3E_DYNAMIC_HAZARD_FORMULATIONS.md,888ce74e6c993b69a7006eeda5ebeab4c3c415654ddbe193c1ca028a207b02ae,186,DOCUMENTATION
docs_v2_V2_3E_RAINFALL_DATA_READINESS_md,docs/v2/V2_3E_RAINFALL_DATA_READINESS.md,e1fb7b8506d3125fba2aecca55675cd243dd6e78adc7c9c81c1388a08a59b34c,222,DOCUMENTATION
docs_v2_V2_3E_RAINFALL_PROCESSING_METHOD_md,docs/v2/V2_3E_RAINFALL_PROCESSING_METHOD.md,92290e61935ffe49d222cf74e84c5a2e84128b82794ba319d8837ba6fd4a3696,193,DOCUMENTATION
docs_v2_V2_3E_SCENARIO_AND_UNCERTAINTY_ANALYSIS_md,docs/v2/V2_3E_SCENARIO_AND_UNCERTAINTY_ANALYSIS.md,c5ce1df0d00c40b72221f84d8ed16012a4cc63e1e079c2bccde2654c95b1a426,178,DOCUMENTATION
docs_v2_V2_3E_VALIDATION_AND_LIMITATIONS_md,docs/v2/V2_3E_VALIDATION_AND_LIMITATIONS.md,89056df100158491a0e04b98182c75cdbb9459ad3d4523ef4c7a3b37167568f7,178,DOCUMENTATION
docs_v2_V2_3F_COMPLETION_REPORT_md,docs/v2/V2_3F_COMPLETION_REPORT.md,66245f9501d1d63f7141d7403db6bc210e2e9b040b0eb52145057d62d8262e39,1520,DOCUMENTATION
docs_v2_V2_3F_DATA_DICTIONARY_md,docs/v2/V2_3F_DATA_DICTIONARY.md,b7ab19273f312a97733f72089f85bb905e93c7025cd3d1fb12d1d2cb8c7a410f,3633,DOCUMENTATION
docs_v2_V2_3F_METHODOLOGY_AND_LIMITATIONS_md,docs/v2/V2_3F_METHODOLOGY_AND_LIMITATIONS.md,82f736ac86fab9f3e75efe79f1a7d96e38c013c97890d7cb963b007b7fed6715,2078,DOCUMENTATION
docs_v2_V2_3F_R1_RELEASE_INTEGRITY_REPORT_md,docs/v2/V2_3F_R1_RELEASE_INTEGRITY_REPORT.md,32bce14569e18c094282d49830ddbd407dc54d880e26c82aaee153b5897b7bf7,853,DOCUMENTATION
docs_v2_V2_3F_R2_EVIDENCE_COMPLETION_REPORT_md,docs/v2/V2_3F_R2_EVIDENCE_COMPLETION_REPORT.md,ca14d03525cb32c50043041c6657c629af9e59aa640955e751d4af298ef7edef,936,DOCUMENTATION
docs_v2_V2_3F_R3_SCIENTIFIC_INTEGRITY_REPORT_md,docs/v2/V2_3F_R3_SCIENTIFIC_INTEGRITY_REPORT.md,2b2080446b30bff9f1458e8eec434cbcaf4c56188488087e6f92259b304ec5af,869,DOCUMENTATION
docs_v2_V2_3F_R4_RELEASE_INTEGRITY_REPORT_md,docs/v2/V2_3F_R4_RELEASE_INTEGRITY_REPORT.md,af7af3d104f57bd85ce59d50d4a734983a97910cd748785e1b22c239844bb8df,1177,DOCUMENTATION
docs_v2_V2_3F_R5_AUTHORITATIVE_CORRECTION_REPORT_md,docs/v2/V2_3F_R5_AUTHORITATIVE_CORRECTION_REPORT.md,a7bb725b70477fdb1830a55521ef56007b33804a060b34f4ff3143a9bbfbebca,1272,DOCUMENTATION
docs_v2_V2_3F_R6_FORENSIC_EVIDENCE_CORRECTION_REPORT_md,docs/v2/V2_3F_R6_FORENSIC_EVIDENCE_CORRECTION_REPORT.md,d5ba41e33894a123f58bd0362335d668dbdc110db2cbc6107baa445cc536b972,1276,DOCUMENTATION
docs_v2_V2_3F_R7_CRYPTOGRAPHIC_EVIDENCE_CORRECTION_REPORT_md,docs/v2/V2_3F_R7_CRYPTOGRAPHIC_EVIDENCE_CORRECTION_REPORT.md,5dd9476db0ef6e8559c6366be825a78704dd00e08d4cf9b83ea1782c4f1b3d54,997,DOCUMENTATION
docs_v2_V2_3F_R8A1_CANDIDATE_REPORT_md,docs/v2/V2_3F_R8A1_CANDIDATE_REPORT.md,c39dbe31cff2c08ad91dc337a98d3fd68fc8f316af01792fc7f9aa165fe99f3c,987,DOCUMENTATION
docs_v2_V2_3F_R8A2_2_CANDIDATE_REPORT_md,docs/v2/V2_3F_R8A2_2_CANDIDATE_REPORT.md,7cd066adac8ec6a2bbd60676d18ec21be85038ad49fe2c18d612f4f3eee15ea6,1030,DOCUMENTATION
docs_v2_V2_3F_R8_VERIFIABLE_RELEASE_CANDIDATE_REPORT_md,docs/v2/V2_3F_R8_VERIFIABLE_RELEASE_CANDIDATE_REPORT.md,192511cc090023ea5e26c2af7e731e42a68bfb3aff6ad5f07f58577af56c116d,871,DOCUMENTATION
docs_v2_V2_EXECUTIVE_RECOMMENDATION_md,docs/v2/V2_EXECUTIVE_RECOMMENDATION.md,1210ba43443025ec82643488c56fac3589fc350e79c06eb7c4957f3b474cb422,4358,DOCUMENTATION
docs_v2_V2_PRIORITISED_ROADMAP_md,docs/v2/V2_PRIORITISED_ROADMAP.md,64a09a5e97507bb439f54546a62f2e572faf79e3387eedb10e03d16f67c4bee2,5975,DOCUMENTATION
docs_v2_VISUALISATION_STRATEGY_md,docs/v2/VISUALISATION_STRATEGY.md,1418dc9c0be19a02a348aed663ec00d4ae7bb145308ecb38fbf300fa47692a43,3616,DOCUMENTATION
docs_v2_screenshots_v2-2-6_district_admin_screening_page_png,docs/v2/screenshots/v2-2-6/district_admin_screening_page.png,f0ea890616e7c01f8c41774a3267ff30ac09f997e22ce757f9d7d9aa2fdc3ab7,140497,DOCUMENTATION
docs_v2_screenshots_v2-2-6_district_focused_map_png,docs/v2/screenshots/v2-2-6/district_focused_map.png,dd96a515d77de5cafb3e128c227a07829fa0bb63140c738d7880e12dbff7b319,140523,DOCUMENTATION
docs_v2_screenshots_v2-2-6_highway_ops_screening_page_png,docs/v2/screenshots/v2-2-6/highway_ops_screening_page.png,9e7a48422aa5e4624fd5308fe3162985a4375e3a2b30b82b43ca6327f1d66c71,133507,DOCUMENTATION
docs_v2_screenshots_v2-2-6_mobile_navigation_open_png,docs/v2/screenshots/v2-2-6/mobile_navigation_open.png,9585c707276f9499a5c541400c934899a1486186b74596e0f913279f15e35c74,48673,DOCUMENTATION
docs_v2_screenshots_v2-2-6_nh44_map_configuration_png,docs/v2/screenshots/v2-2-6/nh44_map_configuration.png,b32d4ce228d5045c0310e4d89a7a638312c01f46cc32dad98b982efe16a891ab,133530,DOCUMENTATION
docs_v2_screenshots_v2-2-6_product_trust_status_component_png,docs/v2/screenshots/v2-2-6/product_trust_status_component.png,a18e168c72fe7da83bd18bbb419d27f30d315c559ae982ac713465e054ebf983,37290,DOCUMENTATION
docs_v2_screenshots_v2-2-6_refined_landing_role_selection_png,docs/v2/screenshots/v2-2-6/refined_landing_role_selection.png,20d00f93810cea87219b95480f27ec9d28e6b2ff6a876bd8a4d0ef67576c72b1,137878,DOCUMENTATION
docs_v2_screenshots_v2-2-6_research_dashboard_png,docs/v2/screenshots/v2-2-6/research_dashboard.png,f5fd9b5d19a7b7e9f26f664f014d91c326e834352a0cac85f71a6dfdf2f653d7,150273,DOCUMENTATION
docs_v2_screenshots_v2-2-6_risk_explorer_single_drawer_png,docs/v2/screenshots/v2-2-6/risk_explorer_single_drawer.png,1979dcf9c52f184a3fe18965ae855bf236ea196085317da23fa7510e23b80540,470138,DOCUMENTATION
docs_v2_screenshots_v2-2-6_traveller_home_desktop_png,docs/v2/screenshots/v2-2-6/traveller_home_desktop.png,8cef96f6433aee346f3fc6e21a0b4f3fc1d6d9c221a178d3a1617dd37640e704,153678,DOCUMENTATION
docs_v2_screenshots_v2-2-6_traveller_home_mobile_png,docs/v2/screenshots/v2-2-6/traveller_home_mobile.png,73bff1d806df6fe077df208ad4fb6888a66c56514784dfca38ab2a0d21545d78,54192,DOCUMENTATION
docs_v2_screenshots_v2-2-6_traveller_map_susceptibility_classes_png,docs/v2/screenshots/v2-2-6/traveller_map_susceptibility_classes.png,8ee6425caed63b9b2005a081592b469fd1cad050868540324710228f71bc588e,153705,DOCUMENTATION
docs_v2_screenshots_v2-2_district_admin_home_png,docs/v2/screenshots/v2-2/district_admin_home.png,6f59f6f13642783612d6fc104af88b23c7a966ee7db7455184175a7136c206ba,210327,DOCUMENTATION
docs_v2_screenshots_v2-2_highway_ops_home_png,docs/v2/screenshots/v2-2/highway_ops_home.png,84c3e2545039295bf63b524ba5c84d02d7877c5661024d90e61790263d0fb12a,236069,DOCUMENTATION
docs_v2_screenshots_v2-2_mobile_role_selection_png,docs/v2/screenshots/v2-2/mobile_role_selection.png,c6eaa811c74e6e35e393c34fe11d339aef2e899ebc01e1335ac0a54895cec22a,47788,DOCUMENTATION
docs_v2_screenshots_v2-2_mobile_traveller_home_png,docs/v2/screenshots/v2-2/mobile_traveller_home.png,c74ce1ea3757097fe18bc4e92fd59867cbde285ebfae5f233de5eff5f041bb16,58393,DOCUMENTATION
docs_v2_screenshots_v2-2_research_home_png,docs/v2/screenshots/v2-2/research_home.png,acd59916e8c535e5f64d7cd1ac38c7eb44b73993402ba0d1a9d63ad45aef7185,446959,DOCUMENTATION
docs_v2_screenshots_v2-2_risk_explorer_closed_png,docs/v2/screenshots/v2-2/risk_explorer_closed.png,5d083f3985d2f744e7608496acee0d04bfdf9246298628bd8832b1b704308fb9,478536,DOCUMENTATION
docs_v2_screenshots_v2-2_risk_explorer_open_png,docs/v2/screenshots/v2-2/risk_explorer_open.png,69af6316aa7930ac5f05f4f978cf11c25c80db71b5d9772aa1ac2ddb2a9d7bfb,494729,DOCUMENTATION
docs_v2_screenshots_v2-2_role_selection_modal_png,docs/v2/screenshots/v2-2/role_selection_modal.png,8d7f63153318bd855d883675f9de3a1a70474da5d2cb1b21d3aa830c55f08797,123716,DOCUMENTATION
docs_v2_screenshots_v2-2_traveller_home_png,docs/v2/screenshots/v2-2/traveller_home.png,864643014d95a10f51a54ecb9cf3388ada8499fda5b3786aebc2d14cb1f6bee9,267080,DOCUMENTATION
docs_v2_screenshots_v2-3a-2f_banihal_source_alignment_png,docs/v2/screenshots/v2-3a-2f/banihal_source_alignment.png,374d1cd5a3ea5e34fc60b0627e5c31551309b6c03d534b95fc6a28120972b096,287525,DOCUMENTATION
docs_v2_screenshots_v2-3a-2f_chenani_source_alignment_png,docs/v2/screenshots/v2-3a-2f/chenani_source_alignment.png,8ed6207379dc0b14cf0149b00d85e5cf3efbe913338d14521be6b487398a182d,204283,DOCUMENTATION
docs_v2_screenshots_v2-3a-2f_coordinate_axis_validation_png,docs/v2/screenshots/v2-3a-2f/coordinate_axis_validation.png,f693518d4ab6f9c42666f2b47eb51ea59ef3249c8c5cd0c5a4c9d34aff13ed04,414548,DOCUMENTATION
docs_v2_screenshots_v2-3a-2f_ramban_source_alignment_png,docs/v2/screenshots/v2-3a-2f/ramban_source_alignment.png,ad8df501d07f2d655c97fc880d65d92df9656ae55428efba4596264af7e75ae1,204846,DOCUMENTATION
docs_v2_screenshots_v2-3a-2f_ramsoo_source_alignment_png,docs/v2/screenshots/v2-3a-2f/ramsoo_source_alignment.png,b86387622fc8731a844f0dbb5ba63349806d6acc1beb7f553bf39dddf76e5c46,173519,DOCUMENTATION
docs_v2_screenshots_v2-3a-2f_rejected_straight_line_comparison_png,docs/v2/screenshots/v2-3a-2f/rejected_straight_line_comparison.png,26ee0fbe1d91d7194d282cca9007334e10bb514c758fb3b6a5afb2df2185086e,419561,DOCUMENTATION
docs_v2_screenshots_v2-3a-2f_repaired_route_vs_source_edges_png,docs/v2/screenshots/v2-3a-2f/repaired_route_vs_source_edges.png,e60ead136f167019b555e403b742de671e60097789bfc7b5a096581efc1b8d34,52655,DOCUMENTATION
docs_v2_screenshots_v2-3a-2f_repaired_source_route_full_png,docs/v2/screenshots/v2-3a-2f/repaired_source_route_full.png,c3abea70cf95a1eb55362f8f79a042db819c42d9fc23f1cee064d803e8bbe02a,37362,DOCUMENTATION
docs_v2_screenshots_v2-3a-2f_true_geographic_order_png,docs/v2/screenshots/v2-3a-2f/true_geographic_order.png,c2f1e3b58b4c927bbd3f90cd4b6126cde130c0f55122a1efb8baa8de020895e6,415016,DOCUMENTATION
docs_v2_screenshots_v2-3a-2f_udhampur_source_alignment_png,docs/v2/screenshots/v2-3a-2f/udhampur_source_alignment.png,aed9a678ae0903da5eb2d0b2f31afa74d75679e4e97f76b93999e0367d6fca35,226532,DOCUMENTATION
docs_v2_screenshots_v2-3a-2g_banihal_reference_vs_rejected_endpoint_png,docs/v2/screenshots/v2-3a-2g/banihal_reference_vs_rejected_endpoint.png,8f0037c622e6331029135bebe976eca68fb2071dc4b65fe647723cf3524d305a,321664,DOCUMENTATION
docs_v2_screenshots_v2-3a-2g_chenani_reference_projection_png,docs/v2/screenshots/v2-3a-2g/chenani_reference_projection.png,8b19954317b9c2b39a232c1e5b813b2e06dd58c0a9f4c9b5765fe97e98cb3b6b,203648,DOCUMENTATION
docs_v2_screenshots_v2-3a-2g_corrected_banihal_terminal_png,docs/v2/screenshots/v2-3a-2g/corrected_banihal_terminal.png,6677597d23d3e549449e08807b7747850804abfe1c502089b0af9e0b94c070c1,190064,DOCUMENTATION
docs_v2_screenshots_v2-3a-2g_final_place_anchored_route_png,docs/v2/screenshots/v2-3a-2g/final_place_anchored_route.png,2f26e075ad8e3970b872b516aca1d8888a42a80b968a19efb432acd434f2f18d,407944,DOCUMENTATION
docs_v2_screenshots_v2-3a-2g_monotonic_chainage_validation_png,docs/v2/screenshots/v2-3a-2g/monotonic_chainage_validation.png,a22dc1e155b41e84134c7cf409092a04b8a8a76e74469d591653bd7582cb71b5,408072,DOCUMENTATION
docs_v2_screenshots_v2-3a-2g_original_place_references_png,docs/v2/screenshots/v2-3a-2g/original_place_references.png,9b3c42aa32fc856b37408e8a8da379ba4486fcb847f2235550d7298064080502,36262,DOCUMENTATION
docs_v2_screenshots_v2-3a-2g_osm_relation_vs_selected_route_png,docs/v2/screenshots/v2-3a-2g/osm_relation_vs_selected_route.png,7ca2b156dd54f05c702e627022afbe9e80d4d5e8a4d3be3af4dbadbb1c6a6e59,423231,DOCUMENTATION
docs_v2_screenshots_v2-3a-2g_projected_place_points_png,docs/v2/screenshots/v2-3a-2g/projected_place_points.png,bc846ae4acf01740a70c9e087fa164b7ec71f12696605468fe8e774aafb7d52d,36085,DOCUMENTATION
docs_v2_screenshots_v2-3a-2g_ramban_reference_projection_png,docs/v2/screenshots/v2-3a-2g/ramban_reference_projection.png,ba0d2492b761de13409abfc808008833cab16502ee81dd142fa503f4c7d45b50,204910,DOCUMENTATION
docs_v2_screenshots_v2-3a-2g_ramsoo_reference_projection_png,docs/v2/screenshots/v2-3a-2g/ramsoo_reference_projection.png,806605801422f8757da8ea4630206c396be87cae8ade38509d5b3044e4e93f95,174032,DOCUMENTATION
docs_v2_screenshots_v2-3a-2g_removed_northern_section_png,docs/v2/screenshots/v2-3a-2g/removed_northern_section.png,9008a575d7b5e477b36011e8d084d29e6b49dca22b021eb4eea41e284a477090,325430,DOCUMENTATION
docs_v2_screenshots_v2-3a-2g_udhampur_reference_projection_png,docs/v2/screenshots/v2-3a-2g/udhampur_reference_projection.png,7684f5d3282dc4b4dc2fe2b781a423d57a5dc7498c23beb383fe6fb203133a26,225747,DOCUMENTATION
docs_v2_screenshots_v2-3a-2h_banihal_vs_verinag_mapping_correction_png,docs/v2/screenshots/v2-3a-2h/banihal_vs_verinag_mapping_correction.png,5ffb0b7fcc81043aefc44d69f925b4e4a49f60265fba94b441ea2054b929eea0,313544,DOCUMENTATION
docs_v2_screenshots_v2-3a-2h_corrected_full_udhampur_banihal_route_png,docs/v2/screenshots/v2-3a-2h/corrected_full_udhampur_banihal_route.png,23e2059b49f8c4b862fd1d008797deba51026484a64681e415d32b1b8fd0d1e1,407402,DOCUMENTATION
docs_v2_screenshots_v2-3a-2h_final_chainage_order_png,docs/v2/screenshots/v2-3a-2h/final_chainage_order.png,8102c16e321a9692739ea3ce08379cadded3c5cca06639bfc9df7d7c579ef5cc,407197,DOCUMENTATION
docs_v2_screenshots_v2-3a-2h_relation_5794209_supported_edges_png,docs/v2/screenshots/v2-3a-2h/relation_5794209_supported_edges.png,46e4182ba8afb8fd6b8f67c8601042ad326c066086e2edc713048d0bb6c840c8,422076,DOCUMENTATION
docs_v2_screenshots_v2-3a-2h_true_udhampur_to_chenani_section_png,docs/v2/screenshots/v2-3a-2h/true_udhampur_to_chenani_section.png,c0c19e90861d6df57a7c23988a31583e506e5c788813f02bc63ab99fedc82ea0,83036,DOCUMENTATION
docs_v2_screenshots_v2-3a-2h_udhampur_and_chenani_distinct_chainages_png,docs/v2/screenshots/v2-3a-2h/udhampur_and_chenani_distinct_chainages.png,098607b2bc0f636a0e2fba8884a7bde5ce4b7dce672843b004097d5a0d9f58f0,343284,DOCUMENTATION
docs_v2_screenshots_v2-3a-2h_verified_banihal_reference_png,docs/v2/screenshots/v2-3a-2h/verified_banihal_reference.png,d4c126f1cdafb6a3ee46b4fddf0b1c4d033a04c26f1c0488363bf353f3d9b072,189496,DOCUMENTATION
docs_v2_screenshots_v2-3a-2h_verified_osm_place_references_png,docs/v2/screenshots/v2-3a-2h/verified_osm_place_references.png,8a4e7dc587403ed2abbbf969adb191380bf363b5a27ff2e5aaf76a50a291bdac,35623,DOCUMENTATION
docs_v2_screenshots_v2-3a-2i_actual_udhampur_start_on_basemap_png,docs/v2/screenshots/v2-3a-2i/actual_udhampur_start_on_basemap.png,4fa973c64ab3b19cc3092272e1a27cd0477131c31ed33a632469325bdcfe2586,71537,DOCUMENTATION
docs_v2_screenshots_v2-3a-2i_banihal_and_verinag_separate_png,docs/v2/screenshots/v2-3a-2i/banihal_and_verinag_separate.png,84a7741a7b546085d4e1b24624e6f89761a960ffd1d5b773997fd96f1334c1bf,320286,DOCUMENTATION
docs_v2_screenshots_v2-3a-2i_banihal_endpoint_keyed_record_png,docs/v2/screenshots/v2-3a-2i/banihal_endpoint_keyed_record.png,8a780dd8cc17958c821d47757a4e7d2a2f486fc722bd0ca62f912fb266559326,199759,DOCUMENTATION
docs_v2_screenshots_v2-3a-2i_complete_udhampur_to_chenani_alignment_png,docs/v2/screenshots/v2-3a-2i/complete_udhampur_to_chenani_alignment.png,62957b916506d339ba522e0e93b301cf9e1da78a96ea2c773ad184f8e9a5a509,61852,DOCUMENTATION
docs_v2_screenshots_v2-3a-2i_corrected_full_route_with_five_places_png,docs/v2/screenshots/v2-3a-2i/corrected_full_route_with_five_places.png,6696d1e6683eb536a215f2585a4da46ad125e9e252db1a604e2fcf24b6a38687,413127,DOCUMENTATION
docs_v2_screenshots_v2-3a-2i_corrected_udhampur_chenani_chainages_png,docs/v2/screenshots/v2-3a-2i/corrected_udhampur_chenani_chainages.png,df14074c56aef4c352de9be5f506b04ed9afb13fc578f1d5b48b486b48b6b438,368650,DOCUMENTATION
docs_v2_screenshots_v2-3a-2i_final_terminal_and_chainage_validation_png,docs/v2/screenshots/v2-3a-2i/final_terminal_and_chainage_validation.png,c9dd2dcdd86d7d9ff605e9b74155d312b512afdca46ebbeb707d173fd76706f8,412638,DOCUMENTATION
docs_v2_screenshots_v2-3a-2i_relation_member_match_statistics_png,docs/v2/screenshots/v2-3a-2i/relation_member_match_statistics.png,a521d5c8e34f2a179a81d90012b783c94d704fea6e06cf84f6155ca1f4a59819,429372,DOCUMENTATION
docs_v2_screenshots_v2-3a-2j_authoritative_geometry_full_route_png,docs/v2/screenshots/v2-3a-2j/authoritative_geometry_full_route.png,1e456271b69c25bbb2eae99c4a060713aef7c4d3ba53f3b9b7f2db1afdf8eafc,413081,DOCUMENTATION
docs_v2_screenshots_v2-3a-2j_banihal_place_projection_endpoint_png,docs/v2/screenshots/v2-3a-2j/banihal_place_projection_endpoint.png,743fcf2ebb9b8af9065d689f20d298da3db0cebe1327b001f9b20aa5ccc34c03,200376,DOCUMENTATION
docs_v2_screenshots_v2-3a-2j_banihal_verinag_qazigund_separation_png,docs/v2/screenshots/v2-3a-2j/banihal_verinag_qazigund_separation.png,2813d9b52806d2c560a497913a3623ff97c87fbf99f8a95be9f523d331213440,400982,DOCUMENTATION
docs_v2_screenshots_v2-3a-2j_consecutive_anchor_distance_validation_png,docs/v2/screenshots/v2-3a-2j/consecutive_anchor_distance_validation.png,6225c01c0488987a50e26185dc93608ae3e25a8fc13f19fe90ef3d8738bc4a92,413194,DOCUMENTATION
docs_v2_screenshots_v2-3a-2j_final_chainage_invariant_validation_png,docs/v2/screenshots/v2-3a-2j/final_chainage_invariant_validation.png,23a05826eebd57693243b61b69ee037826ff3ef14b4ef7ddefd0f449a075b314,412568,DOCUMENTATION
docs_v2_screenshots_v2-3a-2j_relation_supported_and_unsupported_ways_png,docs/v2/screenshots/v2-3a-2j/relation_supported_and_unsupported_ways.png,c8fcd2b03875d1646440d9de43faa40ad8e50a095fdff737be01f1aab63251b4,428946,DOCUMENTATION
docs_v2_screenshots_v2-3a-2j_udhampur_place_vs_pilot_start_png,docs/v2/screenshots/v2-3a-2j/udhampur_place_vs_pilot_start.png,da87c539356feaeb195963642ea3237f0556214ead5f79f92f7ee6f10766e8f3,401823,DOCUMENTATION
docs_v2_screenshots_v2-3a-2j_udhampur_to_chenani_true_distance_png,docs/v2/screenshots/v2-3a-2j/udhampur_to_chenani_true_distance.png,56479bf1191133a17c311ac11b9ca5debb2fb42346efc213fcc470284c8fd99d,382844,DOCUMENTATION
docs_v2_screenshots_v2-3a-2r_final_mainline_only_png,docs/v2/screenshots/v2-3a-2r/final_mainline_only.png,19ed7fc2f636c406a6f6d43c474d499016f3718197987078ed315aa9468a8682,419329,DOCUMENTATION
docs_v2_screenshots_v2-3a-2r_repaired_mainline_banihal_png,docs/v2/screenshots/v2-3a-2r/repaired_mainline_banihal.png,9a20a5dedc2564d02bfa58a9cb55ee04db00a0864ccb55d2567edb412f9e578f,191527,DOCUMENTATION
docs_v2_screenshots_v2-3a-2r_repaired_mainline_chenani_nashri_png,docs/v2/screenshots/v2-3a-2r/repaired_mainline_chenani_nashri.png,a2dba3395de3f69b1eefdbf6b6423e0a5e90feb748916b4b2c9d75f1e8c7dfc6,202044,DOCUMENTATION
docs_v2_screenshots_v2-3a-2r_repaired_mainline_full_overview_png,docs/v2/screenshots/v2-3a-2r/repaired_mainline_full_overview.png,65f92b76b023c05a2a70e3c4b5eeeb2f93a54778548633d3eac65ebf78e34424,433511,DOCUMENTATION
docs_v2_screenshots_v2-3a-2r_repaired_mainline_ramban_png,docs/v2/screenshots/v2-3a-2r/repaired_mainline_ramban.png,f4d878fdcbb01fed9bacd78ed7f7a8d2d95f701888527862abfc767b847437d9,205684,DOCUMENTATION
docs_v2_screenshots_v2-3a-2r_repaired_mainline_ramsoo_png,docs/v2/screenshots/v2-3a-2r/repaired_mainline_ramsoo.png,8e0001d43c5e2777545d134367b1aa3793e22f915db45bc46ef41cec4ac2c2fa,174388,DOCUMENTATION
docs_v2_screenshots_v2-3a-2r_repaired_mainline_udhampur_png,docs/v2/screenshots/v2-3a-2r/repaired_mainline_udhampur.png,4931c6ac9246fc0d5fc84fccbf207b3ca4e9587718c7f35510dfb8970e863021,341017,DOCUMENTATION
docs_v2_screenshots_v2-3a-2r_repaired_mainline_with_mandatory_sectors_png,docs/v2/screenshots/v2-3a-2r/repaired_mainline_with_mandatory_sectors.png,4e8ff34577a5e5b6b67a0b5248185393f1800b4486aca99c3c626b9a6cbc9d91,420053,DOCUMENTATION
docs_v2_screenshots_v2-3a-2r_route_sequence_direction_png,docs/v2/screenshots/v2-3a-2r/route_sequence_direction.png,25af91d4dd27e7b827170ccbf6139f14ec7052f3e3e86d63590709e6edae5b33,330283,DOCUMENTATION
docs_v2_screenshots_v2-3a-2r_selected_vs_excluded_complete_png,docs/v2/screenshots/v2-3a-2r/selected_vs_excluded_complete.png,144b4b562fef24a78dac6f7b63446dfc5adf67a9e0e64bb7b99d1475c41e4e97,432797,DOCUMENTATION
docs_v2_screenshots_v2-3a-final-segmentation_complete_500m_segmentation_overview_png,docs/v2/screenshots/v2-3a-final-segmentation/complete_500m_segmentation_overview.png,95447739da4d48f44c58a001415b008a5d4521cf250437268c63705f56a9d680,403068,DOCUMENTATION
docs_v2_screenshots_v2-3a-final-segmentation_final_segments_banihal_png,docs/v2/screenshots/v2-3a-final-segmentation/final_segments_banihal.png,656e8c47c64bcfee0eda059e81a6c7220303a98f3c98abadc0a8de7f47cffdfd,179797,DOCUMENTATION
docs_v2_screenshots_v2-3a-final-segmentation_first_five_segments_udhampur_png,docs/v2/screenshots/v2-3a-final-segmentation/first_five_segments_udhampur.png,e23e5fd0e87b8c34f46938752658a157985d3fb8fd06c811171aaae362318227,208630,DOCUMENTATION
docs_v2_screenshots_v2-3a-final-segmentation_segment_continuity_validation_png,docs/v2/screenshots/v2-3a-final-segmentation/segment_continuity_validation.png,a7c8b9c880eece209101db4321c3c23e0488292d01d11b4f5e9b48830cc2d127,63658,DOCUMENTATION
docs_v2_screenshots_v2-3a-final-segmentation_segment_length_distribution_png,docs/v2/screenshots/v2-3a-final-segmentation/segment_length_distribution.png,74e93ebb3ce62c2ed7f1681545160e0ef3cf941763f87d567cef950226a0058a,73465,DOCUMENTATION
docs_v2_screenshots_v2-3a-final-segmentation_segments_near_chenani_png,docs/v2/screenshots/v2-3a-final-segmentation/segments_near_chenani.png,9a4d2ba9d192acfac6c880cd105455ca2a28167f00c2b61f24c291f7ff2a0f97,193970,DOCUMENTATION
docs_v2_screenshots_v2-3a-final-segmentation_segments_near_ramban_png,docs/v2/screenshots/v2-3a-final-segmentation/segments_near_ramban.png,89a5ab815bb598cde816d135ce62d01213bd22c491bb92e0ddd6584f9b35af3e,198128,DOCUMENTATION
docs_v2_screenshots_v2-3a-final-segmentation_segments_near_ramsoo_png,docs/v2/screenshots/v2-3a-final-segmentation/segments_near_ramsoo.png,fb913ccae0bbd658e5189ab49b3797ec33d686a37b89b9b61fa1f6234266e934,169365,DOCUMENTATION
docs_v2_screenshots_v2-3a-final_authoritative_winding_route_only_png,docs/v2/screenshots/v2-3a-final/authoritative_winding_route_only.png,ae1d1e66842e8dd6a0c42a20acca5c5021cc11cec3d527a3cb6e9ae63144d48e,396996,DOCUMENTATION
docs_v2_screenshots_v2-3a-final_banihal_place_projection_and_endpoint_png,docs/v2/screenshots/v2-3a-final/banihal_place_projection_and_endpoint.png,57fc4f008bd8931eac72f7590796d83a5ad2098764e1722fd6366e444768138b,179140,DOCUMENTATION
docs_v2_screenshots_v2-3a-final_banihal_vs_verinag_qazigund_png,docs/v2/screenshots/v2-3a-final/banihal_vs_verinag_qazigund.png,62b63c514311b82829a2530864d3fdf05c576bd87b18de2d9381577ff1257d39,371654,DOCUMENTATION
docs_v2_screenshots_v2-3a-final_chenani_ramban_ramsoo_route_section_png,docs/v2/screenshots/v2-3a-final/chenani_ramban_ramsoo_route_section.png,21fc5e3f05d385d5a0303cc97aed93e7cc216f35718fa85eaad809b1fa79b9b3,396994,DOCUMENTATION
docs_v2_screenshots_v2-3a-final_final_full_route_with_verified_anchors_png,docs/v2/screenshots/v2-3a-final/final_full_route_with_verified_anchors.png,7aab014c957140078cecb6bda8ba4f9c0cf31896f1b2c9c6521caee022c95bc5,396469,DOCUMENTATION
docs_v2_screenshots_v2-3a-final_monotonic_chainage_validation_png,docs/v2/screenshots/v2-3a-final/monotonic_chainage_validation.png,b730025c1c78946427e0e39862fbbb2798fc23439637dec177ce4bd428686766,396895,DOCUMENTATION
docs_v2_screenshots_v2-3a-final_relation_supported_vs_unsupported_edges_png,docs/v2/screenshots/v2-3a-final/relation_supported_vs_unsupported_edges.png,5baed362265ca3ec34a57cef868b6e8442cba382463e81037c11b2c9f4dfbd5a,396588,DOCUMENTATION
docs_v2_screenshots_v2-3a-final_source_edges_vs_authoritative_route_png,docs/v2/screenshots/v2-3a-final/source_edges_vs_authoritative_route.png,f26f2dfb17a366fc8bb596ab6194f8aae45e0be198d59db01f429833e5bebf3e,396529,DOCUMENTATION
docs_v2_screenshots_v2-3a-final_udhampur_place_vs_pilot_start_png,docs/v2/screenshots/v2-3a-final/udhampur_place_vs_pilot_start.png,730a80b24750ad44ac304e41a9bda837f06e772c5ef8e7d45dcce164a1c152d9,371048,DOCUMENTATION
docs_v2_screenshots_v2-3a-final_udhampur_to_chenani_route_section_png,docs/v2/screenshots/v2-3a-final/udhampur_to_chenani_route_section.png,245db832a446040c2c6f79c4d81d1c09f1ba7a0eafe83533f32fef12d115fbfc,350961,DOCUMENTATION
docs_v2_screenshots_v2-3a-reset_nh44_banihal_closeup_png,docs/v2/screenshots/v2-3a-reset/nh44_banihal_closeup.png,3bd1d3d258dc6fcb01c52fcab9f131cf08ab97653b6c673d886302daceeb2f68,188701,DOCUMENTATION
docs_v2_screenshots_v2-3a-reset_nh44_chenani_nashri_closeup_png,docs/v2/screenshots/v2-3a-reset/nh44_chenani_nashri_closeup.png,cc20d2d3a1d7349e71b085c4ebbaff3b32d3f53faaf75a9d2c39de60954f5220,198199,DOCUMENTATION
docs_v2_screenshots_v2-3a-reset_nh44_overview_source_edges_png,docs/v2/screenshots/v2-3a-reset/nh44_overview_source_edges.png,c8d01544cad0ac3f6eaec49d5a6e64efb3b62669ab22d27b79862f45e5f91e6b,422556,DOCUMENTATION
docs_v2_screenshots_v2-3a-reset_nh44_ramban_closeup_png,docs/v2/screenshots/v2-3a-reset/nh44_ramban_closeup.png,2f7761a2da38fff74fe795d642ef50bde17ca75a6b9ad1606c217937fc51713e,201888,DOCUMENTATION
docs_v2_screenshots_v2-3a-reset_nh44_ramsoo_closeup_png,docs/v2/screenshots/v2-3a-reset/nh44_ramsoo_closeup.png,813d0c78170d94f420fb44352640e96b3038aa3fc10d27ffe84442f22aee38b9,171609,DOCUMENTATION
docs_v2_screenshots_v2-3a-reset_nh44_source_vs_processed_overlay_png,docs/v2/screenshots/v2-3a-reset/nh44_source_vs_processed_overlay.png,bf53c8c0f3de764179f66059c00feba59f85e4039e7b870c544aa9acc89be2cf,334130,DOCUMENTATION
docs_v2_screenshots_v2-3a-reset_nh44_udhampur_closeup_png,docs/v2/screenshots/v2-3a-reset/nh44_udhampur_closeup.png,95d703145b5c584639c2ccf816780f94f35d88b98da65e414bbf85158a1f3dd2,339546,DOCUMENTATION
docs_v2_screenshots_v2-3b-1_representative_segment_review_segment_001_udhampur_start_png,docs/v2/screenshots/v2-3b-1/representative_segment_review/segment_001_udhampur_start.png,b3f3207e488981d51c713d40603120b6407308526cd2c7da0a2fa70930c45955,31808,DOCUMENTATION
docs_v2_screenshots_v2-3b-1_representative_segment_review_segment_031_chenani_north_png,docs/v2/screenshots/v2-3b-1/representative_segment_review/segment_031_chenani_north.png,2e0871d38cb87323fecd119e58af75bef6b7755c6d5e24d1a519ccaa4f81d421,141803,DOCUMENTATION
docs_v2_screenshots_v2-3b-1_representative_segment_review_segment_032_chenani_nashri_tunnel_portal_png,docs/v2/screenshots/v2-3b-1/representative_segment_review/segment_032_chenani_nashri_tunnel_portal.png,aed8208c3924755e02571d275f9eac7f505de059a1c75ca688ab797066612918,141314,DOCUMENTATION
docs_v2_screenshots_v2-3b-1_representative_segment_review_segment_041_highest_susceptibility_png,docs/v2/screenshots/v2-3b-1/representative_segment_review/segment_041_highest_susceptibility.png,e9b6f061a84cebb9b38632864b7851a763ac3c98a63619d76558f64c6a8d6763,179159,DOCUMENTATION
docs_v2_screenshots_v2-3b-1_representative_segment_review_segment_057_steepest_terrain_png,docs/v2/screenshots/v2-3b-1/representative_segment_review/segment_057_steepest_terrain.png,d3e1d615db16c410c9b21f83da49d804a28d851a7035e2d9deabbdf542ff9a1a,185247,DOCUMENTATION
docs_v2_screenshots_v2-3b-1_representative_segment_review_segment_086_ramban_south_png,docs/v2/screenshots/v2-3b-1/representative_segment_review/segment_086_ramban_south.png,8fdafe75c9748d6f80afe916a741d712cf6c3bc0658b48e45b8fc18658da3bad,165584,DOCUMENTATION
docs_v2_screenshots_v2-3b-1_representative_segment_review_segment_087_ramban_bridge_crossing_png,docs/v2/screenshots/v2-3b-1/representative_segment_review/segment_087_ramban_bridge_crossing.png,deb1399ad8da8d8ab77a4fa6d5b71cef126eef165e05d6eeb083f6947116f767,158891,DOCUMENTATION
docs_v2_screenshots_v2-3b-1_representative_segment_review_segment_088_ramban_steep_slope_png,docs/v2/screenshots/v2-3b-1/representative_segment_review/segment_088_ramban_steep_slope.png,54c4329d5480214cee9778c4a9552d33b6903ae79be6c6a30b0f019a27f5b2fc,149575,DOCUMENTATION
docs_v2_screenshots_v2-3b-1_representative_segment_review_segment_101_complete_coverage_qa_png,docs/v2/screenshots/v2-3b-1/representative_segment_review/segment_101_complete_coverage_qa.png,a50f41e818a74f01db38645ae299826f889b11085f656a79649438070e8b707d,89994,DOCUMENTATION
docs_v2_screenshots_v2-3b-1_representative_segment_review_segment_127_ramsoo_gorge_png,docs/v2/screenshots/v2-3b-1/representative_segment_review/segment_127_ramsoo_gorge.png,0c09a6827e2f1978d7628ec2ccb0c6086bb33db2f43dd132d6bb082616c4b9b3,126467,DOCUMENTATION
docs_v2_screenshots_v2-3b-1_representative_segment_review_segment_128_ramsoo_active_slide_zone_png,docs/v2/screenshots/v2-3b-1/representative_segment_review/segment_128_ramsoo_active_slide_zone.png,40b48931c05c1acdd9bce03cdcc274a4cabc1350ba6f068b5c8df386b2967514,132215,DOCUMENTATION
docs_v2_screenshots_v2-3b-1_representative_segment_review_segment_158_banihal_residual_png,docs/v2/screenshots/v2-3b-1/representative_segment_review/segment_158_banihal_residual.png,97e00b6b55889aee574151d2ff8c44c12d13b072069da45ffc465861f63c14e8,32179,DOCUMENTATION
docs_v2_screenshots_v2-3b_authoritative_158_segment_overview_png,docs/v2/screenshots/v2-3b/authoritative_158_segment_overview.png,e7b013875f19aa801738e16fc9308aaffd49354a0083c24ba14f8e1d5c95c096,403602,DOCUMENTATION
docs_v2_screenshots_v2-3b_buffer_comparison_50_100_250m_png,docs/v2/screenshots/v2-3b/buffer_comparison_50_100_250m.png,57facf5b936179f70f32cfb56784b0e0dcf16188299300028214242d111d1abf,194700,DOCUMENTATION
docs_v2_screenshots_v2-3b_coverage_and_missing_data_overview_png,docs/v2/screenshots/v2-3b/coverage_and_missing_data_overview.png,d51114bf632ec603413a6c4e59f8ccfc7820ee4dc8c5ffff47c25ac9c321ad84,403329,DOCUMENTATION
docs_v2_screenshots_v2-3b_final_qa_validation_overview_png,docs/v2/screenshots/v2-3b/final_qa_validation_overview.png,37e57cffe512bf5c4c81430dfbf38c74be1ddf81aee63434d0f2c990230cd953,403216,DOCUMENTATION
docs_v2_screenshots_v2-3b_geology_and_fault_distance_example_png,docs/v2/screenshots/v2-3b/geology_and_fault_distance_example.png,9843fee6d59469613d96bb18e5369e47f0bcbe30363a804f2ca6a78e41ad4450,402944,DOCUMENTATION
docs_v2_screenshots_v2-3b_landcover_fraction_ramsoo_example_png,docs/v2/screenshots/v2-3b/landcover_fraction_ramsoo_example.png,9ac4985eca3d0d439e16d36f1d094a2aeaaa4e634089ead6b262b2b1bf91d11d,170348,DOCUMENTATION
docs_v2_screenshots_v2-3b_segment_feature_summary_dashboard_png,docs/v2/screenshots/v2-3b/segment_feature_summary_dashboard.png,7c2da4d1235780300a66f2f1289c695d86b005221f6606f4b6f04b2035190834,403834,DOCUMENTATION
docs_v2_screenshots_v2-3b_structure_attribution_tunnel_bridge_png,docs/v2/screenshots/v2-3b/structure_attribution_tunnel_bridge.png,815c6df1697b45bf6cda72816cc6405ae0ed1b1a319caa75f120b6c01ad0fdaa,324100,DOCUMENTATION
docs_v2_screenshots_v2-3b_susceptibility_profile_ramban_example_png,docs/v2/screenshots/v2-3b/susceptibility_profile_ramban_example.png,0ab56139adc649ff8eba3b1a85c2bf3fca3dd378116443dec4bb5f08ad29a763,198822,DOCUMENTATION
docs_v2_screenshots_v2-3b_terrain_feature_chenani_example_png,docs/v2/screenshots/v2-3b/terrain_feature_chenani_example.png,f75520831c266f2cdc92324f28d02d376dd7c4a5ddd22386c25ede7acc5de21f,194609,DOCUMENTATION
docs_v2_screenshots_v2-3c-1_representative-segments_banihal_residual_segment_157_png,docs/v2/screenshots/v2-3c-1/representative-segments/banihal_residual_segment_157.png,da4a85345cf76089ffee62debfe19bf5ae2fdcfbcdf9a511c81e2cac95cf7f91,175014,DOCUMENTATION
docs_v2_screenshots_v2-3c-1_representative-segments_bridge_viaduct_crossing_png,docs/v2/screenshots/v2-3c-1/representative-segments/bridge_viaduct_crossing.png,a87fee3e15fe9a3bd840f952ca09c59da314665a52255ebeee3df871bbe67921,142991,DOCUMENTATION
docs_v2_screenshots_v2-3c-1_representative-segments_highest_geological_context_segment_png,docs/v2/screenshots/v2-3c-1/representative-segments/highest_geological_context_segment.png,757accb22c1b25e26763d20f2bf815de0108c4c063d2e1653c0fe55221a085d7,159845,DOCUMENTATION
docs_v2_screenshots_v2-3c-1_representative-segments_highest_polygon_count_segment_png,docs/v2/screenshots/v2-3c-1/representative-segments/highest_polygon_count_segment.png,5b37c2e31b945d73948daf00ed58fcfeeb872f1723adcbc33f58e4e47d18788a,203441,DOCUMENTATION
docs_v2_screenshots_v2-3c-1_representative-segments_highest_surface_drainage_segment_png,docs/v2/screenshots/v2-3c-1/representative-segments/highest_surface_drainage_segment.png,ed2e55c67952b8289940d475b0e2d6b0aa6c2970a980b8f4d79e72bfcee457e2,140315,DOCUMENTATION
docs_v2_screenshots_v2-3c-1_representative-segments_highest_susceptibility_segment_png,docs/v2/screenshots/v2-3c-1/representative-segments/highest_susceptibility_segment.png,ea46fef430c898d2254082bade42d3a4dc054941555622797ec753bedea58958,179129,DOCUMENTATION
docs_v2_screenshots_v2-3c-1_representative-segments_highest_terrain_severity_segment_png,docs/v2/screenshots/v2-3c-1/representative-segments/highest_terrain_severity_segment.png,e9bb27329e173c9e821545d9f00e6faf138f66dc4079df132c94d30afefbd75d,203767,DOCUMENTATION
docs_v2_screenshots_v2-3c-1_representative-segments_largest_rank_change_segment_png,docs/v2/screenshots/v2-3c-1/representative-segments/largest_rank_change_segment.png,08cf1857efcf081c7995c8fbfcfca463f0fac7f471d1266c0585cc8cf294279e,122069,DOCUMENTATION
docs_v2_screenshots_v2-3c-1_representative-segments_lowest_susceptibility_segment_png,docs/v2/screenshots/v2-3c-1/representative-segments/lowest_susceptibility_segment.png,8563f0263f70f5b397998780b978d384589893fcc2f1cbcc0d863b2401fa5a70,223591,DOCUMENTATION
docs_v2_screenshots_v2-3c-1_representative-segments_mixed_structure_transition_png,docs/v2/screenshots/v2-3c-1/representative-segments/mixed_structure_transition.png,a57763c3f1a72dfc15cc0a4d45710e63fdde04217ddf687283fbd11befe2ae7e,203354,DOCUMENTATION
docs_v2_screenshots_v2-3c-1_representative-segments_open_surface_road_png,docs/v2/screenshots/v2-3c-1/representative-segments/open_surface_road.png,0d040fbc977a3ca936214fdb08fd16fe6f74ffa8cb041f297b6ec5336c8c318d,132152,DOCUMENTATION
docs_v2_screenshots_v2-3c-1_representative-segments_tunnel_interior_chenani_nashri_png,docs/v2/screenshots/v2-3c-1/representative-segments/tunnel_interior_chenani_nashri.png,ab29600ed4845201e6374fdbce7d5ffae65307f10ec8e9d7bb8e82bae871563e,119194,DOCUMENTATION
docs_v2_screenshots_v2-3c-1_representative-segments_tunnel_portal_banihal_png,docs/v2/screenshots/v2-3c-1/representative-segments/tunnel_portal_banihal.png,fd6705808aeb1e97646abc2f2fdecae87fed4952b9aefe88c5048a6ecdbeeac4,161694,DOCUMENTATION
docs_v2_screenshots_v2-3c-1_representative-segments_udhampur_start_segment_0_png,docs/v2/screenshots/v2-3c-1/representative-segments/udhampur_start_segment_0.png,7bb95757e3a3fd640bbf638a108d7a5b6f93e6cc61469de9b621111055107f03,224749,DOCUMENTATION
docs_v2_screenshots_v2-3c-1_representative-segments_zero_polygon_intersection_segment_png,docs/v2/screenshots/v2-3c-1/representative-segments/zero_polygon_intersection_segment.png,ed898b23e754c2bf0b705b92931c2968cf2605e3b13a18bb89e207c165e53a45,207937,DOCUMENTATION
docs_v2_screenshots_v2-3c_buffer_sensitivity_comparison_png,docs/v2/screenshots/v2-3c/buffer_sensitivity_comparison.png,88529dfe24c4ce1ef639347ed1cc4cc114664f658352187bb7b226e29db53eea,400758,DOCUMENTATION
docs_v2_screenshots_v2-3c_component_rank_stability_png,docs/v2/screenshots/v2-3c/component_rank_stability.png,3e8e6f76304c573f95f0115bec2281e3112963b0b0500e17d4a875b61a5c1a77,400504,DOCUMENTATION
docs_v2_screenshots_v2-3c_feature_reduction_before_after_png,docs/v2/screenshots/v2-3c/feature_reduction_before_after.png,b234a74809933030e2a3098cc0c06eef596636ad4118395b1fcfbeb23b516262,193168,DOCUMENTATION
docs_v2_screenshots_v2-3c_final_scientific_qa_overview_png,docs/v2/screenshots/v2-3c/final_scientific_qa_overview.png,8dfbd4feaee90274f791881ec0594c3878c31e4b482d5723f27e93f0b0c0a41f,400741,DOCUMENTATION
docs_v2_screenshots_v2-3c_geological_component_along_chainage_png,docs/v2/screenshots/v2-3c/geological_component_along_chainage.png,79559a6879de1c98fbd22b628fde1123da012c2c678ded3815f4cbb731ea1181,400787,DOCUMENTATION
docs_v2_screenshots_v2-3c_landslide_context_validation_png,docs/v2/screenshots/v2-3c/landslide_context_validation.png,9b86b4c97ae4613a78615a0fff2b18b48003371ddd343bab5b2c17852a7f85fa,400657,DOCUMENTATION
docs_v2_screenshots_v2-3c_multidimensional_profile_map_png,docs/v2/screenshots/v2-3c/multidimensional_profile_map.png,16caa1b22f0ad6699656a4080c7e59d25b5ec61d2b4472eb239de58de2bddb31,400597,DOCUMENTATION
docs_v2_screenshots_v2-3c_pareto_front_segments_png,docs/v2/screenshots/v2-3c/pareto_front_segments.png,f19f37c187d148c098495f07720a984c4095f5b5d8e4e31498d10265ea774c42,400485,DOCUMENTATION
docs_v2_screenshots_v2-3c_representative_segment_profile_cards_png,docs/v2/screenshots/v2-3c/representative_segment_profile_cards.png,61325ef6ff4c5fb0cfcfd5a21b4beb393003f21616411f0ae3fe2d37624c31c9,400479,DOCUMENTATION
docs_v2_screenshots_v2-3c_selected_feature_correlation_clusters_png,docs/v2/screenshots/v2-3c/selected_feature_correlation_clusters.png,7c75f95ef10e8c791c405398e2cfb646fe71f42a4d09a930146e1651ff0bd9a7,400681,DOCUMENTATION
docs_v2_screenshots_v2-3c_spatial_autocorrelation_plot_png,docs/v2/screenshots/v2-3c/spatial_autocorrelation_plot.png,4971cb9fe6af45919185aed29d7e7ef713b264ea70b5d3396e829ea92fd4dbff,401211,DOCUMENTATION
docs_v2_screenshots_v2-3c_structure_context_map_png,docs/v2/screenshots/v2-3c/structure_context_map.png,de7656a4ce4f3bfe8567e3d7dde93947c25c70554c5f45b6ad5c0fd5ec98a3b2,401144,DOCUMENTATION
docs_v2_screenshots_v2-3c_surface_drainage_component_along_chainage_png,docs/v2/screenshots/v2-3c/surface_drainage_component_along_chainage.png,3d35261ad995b94645fc59bda5e6f8a60e34bd521f5c3ea76d79d2e9b7851fba,323229,DOCUMENTATION
docs_v2_screenshots_v2-3c_susceptibility_component_along_chainage_png,docs/v2/screenshots/v2-3c/susceptibility_component_along_chainage.png,fee9b8a436066320c3702d25523531eea2a26199cb3ba21f29e918cedbe71db0,198265,DOCUMENTATION
docs_v2_screenshots_v2-3c_terrain_component_along_chainage_png,docs/v2/screenshots/v2-3c/terrain_component_along_chainage.png,e6dfe1ac1bd05e0c07d0d0e97b1339075df093fa2d2714dcfb8a95d0426e2640,169078,DOCUMENTATION
docs_v2_screenshots_v2-3d-1_representative-segments_bridge_viaduct_elevated_segment_png,docs/v2/screenshots/v2-3d-1/representative-segments/bridge_viaduct_elevated_segment.png,a341af8a81080f76e7ecd8aa775fccf6137ab4aa9c340523d265e6026cbec9be,108492,DOCUMENTATION
docs_v2_screenshots_v2-3d-1_representative-segments_method_sensitive_segment_1_png,docs/v2/screenshots/v2-3d-1/representative-segments/method_sensitive_segment_1.png,d7513b25a2a065492e4bde612e3944d6c007ddc94318b6a6ae7ff0475614aa8f,121604,DOCUMENTATION
docs_v2_screenshots_v2-3d-1_representative-segments_stable_upper_consensus_segment_1_png,docs/v2/screenshots/v2-3d-1/representative-segments/stable_upper_consensus_segment_1.png,fc9625d2340b457349092fadd77373e7f8cd930197d604c257eaa8822c2c020f,203992,DOCUMENTATION
docs_v2_screenshots_v2-3d-1_representative-segments_stable_upper_consensus_segment_2_png,docs/v2/screenshots/v2-3d-1/representative-segments/stable_upper_consensus_segment_2.png,fc097214cf536c4d888f3c97128538eaad2f59b70774af0591da647f27d09387,203660,DOCUMENTATION
docs_v2_screenshots_v2-3d-1_representative-segments_tunnel_interior_decoupled_segment_png,docs/v2/screenshots/v2-3d-1/representative-segments/tunnel_interior_decoupled_segment.png,07048a20771a9e1431c6a7c5b88f784b19224d8b272a0fb8b03efbcfac5432c5,118877,DOCUMENTATION
docs_v2_screenshots_v2-3d_chainage_block_validation_png,docs/v2/screenshots/v2-3d/chainage_block_validation.png,ef5a587c9c46e0807aa9b652b5a29e334b7bd797becfd7e31807accefce1f5e9,401231,DOCUMENTATION
docs_v2_screenshots_v2-3d_consensus_band_corridor_map_png,docs/v2/screenshots/v2-3d/consensus_band_corridor_map.png,6e349f5e05d5aa08db12dc3881e6f238c34257adc7695d57f349d88ddffa27bd,401048,DOCUMENTATION
docs_v2_screenshots_v2-3d_consensus_prioritization_chainage_png,docs/v2/screenshots/v2-3d/consensus_prioritization_chainage.png,934077cc69e716392614164752a794e75e9615479b2681a7f4d7dc26d5322287,400881,DOCUMENTATION
docs_v2_screenshots_v2-3d_epsilon_dominance_vs_consensus_png,docs/v2/screenshots/v2-3d/epsilon_dominance_vs_consensus.png,b8e90835ae183a13c81f4bcac8ec1aeb928784aa7fdf598d8615cdc7e00ca37e,400904,DOCUMENTATION
docs_v2_screenshots_v2-3d_equal_weight_prioritization_chainage_png,docs/v2/screenshots/v2-3d/equal_weight_prioritization_chainage.png,0786b27b94c31c2bf07f1b5ae4c56123bd6eb2b986502f05b4e44697f0e1c664,401023,DOCUMENTATION
docs_v2_screenshots_v2-3d_final_qa_overview_png,docs/v2/screenshots/v2-3d/final_qa_overview.png,bfa8994797ce35eeb897450ca379b62c61c5e3aceb3963c0bf48333ab832032b,400788,DOCUMENTATION
docs_v2_screenshots_v2-3d_method_rank_disagreement_map_png,docs/v2/screenshots/v2-3d/method_rank_disagreement_map.png,d786ed3238763caaac786fe0ace943ca1876b399674fbbaf5ce363a85ed1c7b2,401334,DOCUMENTATION
docs_v2_screenshots_v2-3d_method_validation_comparison_png,docs/v2/screenshots/v2-3d/method_validation_comparison.png,bbb2414e732df169f5317783b0a8164b5d756c9c5aa886f441e280d9b28e5c35,401087,DOCUMENTATION
docs_v2_screenshots_v2-3d_pairwise_rank_correlation_matrix_png,docs/v2/screenshots/v2-3d/pairwise_rank_correlation_matrix.png,002cf1089c5d80bde18e6920e085889ceb782657bbdd3a86a60ed2313b22df72,400857,DOCUMENTATION
docs_v2_screenshots_v2-3d_prioritization_methods_comparison_png,docs/v2/screenshots/v2-3d/prioritization_methods_comparison.png,73d6f69e7652bce520b10e4db788c4865fc2d2c415a2b12ab3a539bfb780623a,401184,DOCUMENTATION
docs_v2_screenshots_v2-3d_prioritization_spatial_autocorrelation_png,docs/v2/screenshots/v2-3d/prioritization_spatial_autocorrelation.png,c35cfddb7374d9b0b3cf77aa455ced55344d46844f78677ff2502c2d717f9999,400732,DOCUMENTATION
docs_v2_screenshots_v2-3d_rank_uncertainty_intervals_png,docs/v2/screenshots/v2-3d/rank_uncertainty_intervals.png,659d4289fc2621d7173e456f48af413ed2c343f15246650ef0fda2a1c7282f5d,401173,DOCUMENTATION
docs_v2_screenshots_v2-3d_representative_method_sensitive_segments_png,docs/v2/screenshots/v2-3d/representative_method_sensitive_segments.png,467cc00066c610f050c949d7ea42a57ea949071ec6e28af43425b622226f6038,207749,DOCUMENTATION
docs_v2_screenshots_v2-3d_representative_stable_upper_profile_png,docs/v2/screenshots/v2-3d/representative_stable_upper_profile.png,538e655e1917b9a13fe0db3806a5e05c249e6eabd7bc65cf5621e4129c1b943c,208475,DOCUMENTATION
docs_v2_screenshots_v2-3d_structure_aware_interpretation_map_png,docs/v2/screenshots/v2-3d/structure_aware_interpretation_map.png,e836be57f3adc3c03fdd0990cccaf2604095dc13c034821c23683d1f0a259d78,400997,DOCUMENTATION
docs_v2_screenshots_v2-3d_top_set_stability_comparison_png,docs/v2/screenshots/v2-3d/top_set_stability_comparison.png,83bea854e91eb7de9e28173e676764d0f9056ee22586d5b369f67711f1170b12,401129,DOCUMENTATION
docs_v2_screenshots_v2-3d_tunnel_and_bridge_interpretation_examples_png,docs/v2/screenshots/v2-3d/tunnel_and_bridge_interpretation_examples.png,c9f043a40a597e7fac84f3afbd32a76dfe1899cf487cd8ae33e6bc7d49b789e8,194120,DOCUMENTATION
docs_v2_screenshots_v2-3d_weight_perturbation_top10_prob_png,docs/v2/screenshots/v2-3d/weight_perturbation_top10_prob.png,7f12450c3bba2b6f783a3a736b3bbc7d72c54a445c54c58f2b6d61a529173e74,401035,DOCUMENTATION
docs_v2_screenshots_v2-3e-1_representative-cases_bridge_elevated_context_case_png,docs/v2/screenshots/v2-3e-1/representative-cases/bridge_elevated_context_case.png,ac6beae0a692e43bcb7ed72090cfc256fd7470a4102fc7cf982737d64b86e29d,179482,DOCUMENTATION
docs_v2_screenshots_v2-3e-1_representative-cases_climatology_derived_heavy_case_png,docs/v2/screenshots/v2-3e-1/representative-cases/climatology_derived_heavy_case.png,2d2f10c18b19a72b428904604de91d8f7b42b55ffc778510bbaa016671124196,400344,DOCUMENTATION
docs_v2_screenshots_v2-3e-1_representative-cases_dry_control_case_png,docs/v2/screenshots/v2-3e-1/representative-cases/dry_control_case.png,a55fece9982fc022a3802701f664ce025804f8e0c8253394ac315c1f9405e123,400228,DOCUMENTATION
docs_v2_screenshots_v2-3e-1_representative-cases_synthetic_extreme_compound_case_png,docs/v2/screenshots/v2-3e-1/representative-cases/synthetic_extreme_compound_case.png,ab8e32c5d2d12a0e86bdc7dfa5f1e2e4db619a45e9566169fbdbc900327910c9,400256,DOCUMENTATION
docs_v2_screenshots_v2-3e-1_representative-cases_tunnel_interior_decoupled_case_png,docs/v2/screenshots/v2-3e-1/representative-cases/tunnel_interior_decoupled_case.png,3e3bb30861090062f91ed15f92312842f16ca007fa67e3e091bae836b627f646,220460,DOCUMENTATION
docs_v2_screenshots_v2-3e_antecedent_rainfall_profile_png,docs/v2/screenshots/v2-3e/antecedent_rainfall_profile.png,ffb25ed9e8264415441fbd19507ea172820630ec7a3ddfe4edad1886a809a1f0,401181,DOCUMENTATION
docs_v2_screenshots_v2-3e_climatological_percentile_support_png,docs/v2/screenshots/v2-3e/climatological_percentile_support.png,1799dff914f23eeed06cf04c04a5fcd82a669b8d0d9c5a19d8320d848952d80d,401151,DOCUMENTATION
docs_v2_screenshots_v2-3e_compound_extreme_scenario_png,docs/v2/screenshots/v2-3e/compound_extreme_scenario.png,3445980f796fad056966031cf3ebd92e479c92acd074578858530f574291520e,401348,DOCUMENTATION
docs_v2_screenshots_v2-3e_dry_reference_scenario_png,docs/v2/screenshots/v2-3e/dry_reference_scenario.png,e8caa730370e0c4966abdaf78ec2c34b2f029811d4b5cde25e9f88566a229557,400561,DOCUMENTATION
docs_v2_screenshots_v2-3e_dynamic_formulation_comparison_png,docs/v2/screenshots/v2-3e/dynamic_formulation_comparison.png,b5db5d4a72002c09ef46fbbf7c7b6bf1490b095dc41973ee8c06a396ffad3ee7,401126,DOCUMENTATION
docs_v2_screenshots_v2-3e_dynamic_uncertainty_intervals_png,docs/v2/screenshots/v2-3e/dynamic_uncertainty_intervals.png,96160ee5aeff21fc449c1f65035196db9b12772ae684154926d461efefd89f53,401198,DOCUMENTATION
docs_v2_screenshots_v2-3e_final_qa_overview_png,docs/v2/screenshots/v2-3e/final_qa_overview.png,32e0b880c923552630df149f299317c2ac0c60ea6595d50fce4872088e6f0276,401099,DOCUMENTATION
docs_v2_screenshots_v2-3e_formula_rank_agreement_png,docs/v2/screenshots/v2-3e/formula_rank_agreement.png,0059650d70090563877d0897a4bc922a7765a83b7d0a6fe1d08e5cacfc39106f,401072,DOCUMENTATION
docs_v2_screenshots_v2-3e_heavy_24h_scenario_png,docs/v2/screenshots/v2-3e/heavy_24h_scenario.png,64d37f91b6db7a6363658d7c2c3f4693068e569bf7556da99cfb15de03fd116c,401150,DOCUMENTATION
docs_v2_screenshots_v2-3e_prolonged_72h_scenario_png,docs/v2/screenshots/v2-3e/prolonged_72h_scenario.png,0425ef06ba83fcd25d51a8982586aedbdd3366ea0a479d0729a99f5897cf71e0,401100,DOCUMENTATION
docs_v2_screenshots_v2-3e_rainfall_24h_corridor_profile_png,docs/v2/screenshots/v2-3e/rainfall_24h_corridor_profile.png,ba4243eceac361d182c1a112e0c61edde663070b442ab9117b6a8dd97a76ff0a,401066,DOCUMENTATION
docs_v2_screenshots_v2-3e_rainfall_72h_corridor_profile_png,docs/v2/screenshots/v2-3e/rainfall_72h_corridor_profile.png,d3753a80ab321641a80181e06c9efc7fc07b95e438c5b295503e720d72ce98ed,401299,DOCUMENTATION
docs_v2_screenshots_v2-3e_rainfall_data_spatial_coverage_png,docs/v2/screenshots/v2-3e/rainfall_data_spatial_coverage.png,ab9057d4f4a531ffcbd162821b556e2463cc0b3772f68459b81cc59f9fc6017a,401007,DOCUMENTATION
docs_v2_screenshots_v2-3e_rainfall_data_temporal_coverage_png,docs/v2/screenshots/v2-3e/rainfall_data_temporal_coverage.png,d2c15a855f3e677a84a80339bde2fca98fb01bd87813740c8f04a4276ca99999,401569,DOCUMENTATION
docs_v2_screenshots_v2-3e_rainfall_quality_map_png,docs/v2/screenshots/v2-3e/rainfall_quality_map.png,506d2dff90594bcf6664dcd471c31e0e61b016376a2f5b2dc97354e8f25157aa,400609,DOCUMENTATION
docs_v2_screenshots_v2-3e_rainfall_trigger_ratio_chainage_png,docs/v2/screenshots/v2-3e/rainfall_trigger_ratio_chainage.png,c31129495f99e8fd239aa4531b1ed511c2bd581738fd8a8329d22d4aac764efe,401218,DOCUMENTATION
docs_v2_screenshots_v2-3e_saturated_antecedent_scenario_png,docs/v2/screenshots/v2-3e/saturated_antecedent_scenario.png,22e2e23b141b8f663e456fc3509944e6172f142399643cafbdafa4321c0d5565,401384,DOCUMENTATION
docs_v2_screenshots_v2-3e_scenario_rank_sensitivity_png,docs/v2/screenshots/v2-3e/scenario_rank_sensitivity.png,870ca6a579ad32c3ed319484c3ef149164329745a936119a8710bbadbeabb4d8,401264,DOCUMENTATION
docs_v2_screenshots_v2-3e_static_vs_rainfall_separation_png,docs/v2/screenshots/v2-3e/static_vs_rainfall_separation.png,a84112d948f5fe87e7f150126464f8b899b1f28def8f861b20adf60547b96d46,401044,DOCUMENTATION
docs_v2_screenshots_v2-3e_structure_aware_interpretation_png,docs/v2/screenshots/v2-3e/structure_aware_interpretation.png,0d38564f9a74ec6db3aba6f3c47dd1194ca22cf4ba4029963595c571a27aa430,401334,DOCUMENTATION
outputs_figures_page_screenshots_01_statewide_command_centre_png,outputs/figures/page_screenshots/01_statewide_command_centre.png,35612a75ca5c108a4de4a585aba57945e8dbdef9379c9cf0b5ddf030013d8626,182090,DATA_OR_RESOURCE
outputs_figures_page_screenshots_02_interactive_risk_explorer_png,outputs/figures/page_screenshots/02_interactive_risk_explorer.png,01af41952b224304429855d6cc071f5aa14bfb2e6a3723c2243d0aa1bb1bd803,105216,DATA_OR_RESOURCE
outputs_figures_page_screenshots_03_district_intelligence_png,outputs/figures/page_screenshots/03_district_intelligence.png,7d50c016369ee8c1d8d83ee672112c3d8f5b100de5ec34ca26eeb98066b7dd31,98741,DATA_OR_RESOURCE
outputs_figures_page_screenshots_04_rainfall_monitor_png,outputs/figures/page_screenshots/04_rainfall_monitor.png,1bb27b312cae1ba08eac3b4205f65bed410613e6471e3dc26519595a76b5ab77,79588,DATA_OR_RESOURCE
outputs_figures_page_screenshots_05_location_risk_check_png,outputs/figures/page_screenshots/05_location_risk_check.png,4095653cc200fed38ba0ecda6e492872a79864f2839509e1e049bbb3f583781e,80683,DATA_OR_RESOURCE
outputs_figures_page_screenshots_06_model_transparency_png,outputs/figures/page_screenshots/06_model_transparency.png,f50fd3db74723af3d3dc33857d897c93ee81eadcd06e5f873e2053bc75d5a7c1,80808,DATA_OR_RESOURCE
outputs_figures_page_screenshots_07_data_system_status_png,outputs/figures/page_screenshots/07_data_system_status.png,919d74099d042290df63ae19802cbd7c4a128ff849b0f9f26857bf9b2ec452d0,97400,DATA_OR_RESOURCE
outputs_maps_phase_2_aspect_preview_png,outputs/maps/phase_2/aspect_preview.png,05374b65fd03724040aea96f1a2bc4892dd613030f34cddacce13d2de41e6e58,1418844,DATA_OR_RESOURCE
outputs_maps_phase_2_elevation_preview_png,outputs/maps/phase_2/elevation_preview.png,0ebd1d6c96fa2e249be1ff79b63bc8cfc1274c36e4471ea82b12dba1e5451458,824421,DATA_OR_RESOURCE
outputs_maps_phase_2_hillshade_district_overlay_png,outputs/maps/phase_2/hillshade_district_overlay.png,e7f2e0f16392fd9f8d19db80066dd9871e496e217edd389389e5161a4eb9415a,1246174,DATA_OR_RESOURCE
outputs_maps_phase_2_slope_preview_png,outputs/maps/phase_2/slope_preview.png,d986b1842883d7a7231711390aebbd5604510fa05a2364ba0ba132d0ebba8b74,1160096,DATA_OR_RESOURCE
outputs_maps_phase_3_b1_jk_boundary_mask_100m_png,outputs/maps/phase_3/b1/jk_boundary_mask_100m.png,ed6904d182c847da20686b5749c5ab6eb818c38d56f1d427deffd2bd064d047c,630135,DATA_OR_RESOURCE
outputs_maps_phase_3_b1_jk_boundary_mask_100m_preview_png,outputs/maps/phase_3/b1/jk_boundary_mask_100m_preview.png,da9118682a5c666ca51a294cb0e30d53f63165e1eddeadea755c50fbd7a0e3ae,631882,DATA_OR_RESOURCE
outputs_maps_phase_3_b1_jk_district_id_100m_png,outputs/maps/phase_3/b1/jk_district_id_100m.png,9cdd2cffed4230a8c5af93d8e0d31bc47fbc70dc946788024e5cc7928e3a528b,1010478,DATA_OR_RESOURCE
outputs_maps_phase_3_b1_jk_district_id_100m_preview_png,outputs/maps/phase_3/b1/jk_district_id_100m_preview.png,e18da1d88723a7490da7bf55dd8c2dbe820b9e53610fde7f777ae4f15560bc74,1011147,DATA_OR_RESOURCE
outputs_maps_phase_3_b1_jk_district_legend_png,outputs/maps/phase_3/b1/jk_district_legend.png,f931e3e62e6d96093113f5560eb1bc7e778fd3e0ad970014757c2b9171ffc87c,125003,DATA_OR_RESOURCE
outputs_maps_phase_3_b1_jk_district_legend_preview_png,outputs/maps/phase_3/b1/jk_district_legend_preview.png,0236763293b2e608530d291392e82ec4fff91d2dd9a2a3e64a9abb18f757b122,124839,DATA_OR_RESOURCE
outputs_maps_phase_3_b1_jk_grid_extent_vs_valid_preview_png,outputs/maps/phase_3/b1/jk_grid_extent_vs_valid_preview.png,77f2fb845aa91d2624887f0f944a4620243cff396a64112edffd58833e5d6c51,641135,DATA_OR_RESOURCE
outputs_maps_phase_3_b1_master_grid_extent_png,outputs/maps/phase_3/b1/master_grid_extent.png,2391933d7d87f426c34698767ec7649001af28338feb6ed25ad649cf21200cad,640915,DATA_OR_RESOURCE
outputs_maps_phase_3_b1_vector_vs_raster_boundary_comparison_png,outputs/maps/phase_3/b1/vector_vs_raster_boundary_comparison.png,9ce51c23e29562f4300f93fb7a872db71fbba990c13724631f39e2b08bc5d07d,597156,DATA_OR_RESOURCE
outputs_maps_phase_3_b2a_b2a_complete_data_mask_png,outputs/maps/phase_3/b2a/b2a_complete_data_mask.png,3a931558fe098b3ca0f47e8c0ab321e638b4d366cd7770ebb043b4b73db8d484,497411,DATA_OR_RESOURCE
outputs_maps_phase_3_b2a_curvature_png,outputs/maps/phase_3/b2a/curvature.png,21240d42a35d485f82f6c4fb1f6f745cf3b6cdd44a344ebc0046010cbca44e8d,1885471,DATA_OR_RESOURCE
outputs_maps_phase_3_b2a_eastness_png,outputs/maps/phase_3/b2a/eastness.png,db09b38b5bf15bac045fe37d309521e02833fb065f1fe9dc7c85b3de255b183a,1892135,DATA_OR_RESOURCE
outputs_maps_phase_3_b2a_elevation_png,outputs/maps/phase_3/b2a/elevation.png,d9a2ae433bdb2d116a04eb9c219fda152499f01ce525d7de847f6f9e90d743a7,1086976,DATA_OR_RESOURCE
outputs_maps_phase_3_b2a_northness_png,outputs/maps/phase_3/b2a/northness.png,e1a9a6904cbd3ffe20abbf757a4149e97b86a92c08e688139c23214a895c273d,1869829,DATA_OR_RESOURCE
outputs_maps_phase_3_b2a_slope_png,outputs/maps/phase_3/b2a/slope.png,102666d0be63d82d1fe341fccc0d22fa22350ff7afee6ef46cd7496eb4bb7a28,1639126,DATA_OR_RESOURCE
outputs_maps_phase_3_b2a_terrain_eastness_png,outputs/maps/phase_3/b2a/terrain_eastness.png,db09b38b5bf15bac045fe37d309521e02833fb065f1fe9dc7c85b3de255b183a,1892135,DATA_OR_RESOURCE
outputs_maps_phase_3_b2a_terrain_elevation_png,outputs/maps/phase_3/b2a/terrain_elevation.png,d9a2ae433bdb2d116a04eb9c219fda152499f01ce525d7de847f6f9e90d743a7,1086976,DATA_OR_RESOURCE
outputs_maps_phase_3_b2a_terrain_northness_png,outputs/maps/phase_3/b2a/terrain_northness.png,e1a9a6904cbd3ffe20abbf757a4149e97b86a92c08e688139c23214a895c273d,1869829,DATA_OR_RESOURCE
outputs_maps_phase_3_b2a_terrain_profile_curvature_png,outputs/maps/phase_3/b2a/terrain_profile_curvature.png,21240d42a35d485f82f6c4fb1f6f745cf3b6cdd44a344ebc0046010cbca44e8d,1885471,DATA_OR_RESOURCE
outputs_maps_phase_3_b2a_terrain_slope_png,outputs/maps/phase_3/b2a/terrain_slope.png,102666d0be63d82d1fe341fccc0d22fa22350ff7afee6ef46cd7496eb4bb7a28,1639126,DATA_OR_RESOURCE
outputs_maps_phase_3_b2a_terrain_tpi_png,outputs/maps/phase_3/b2a/terrain_tpi.png,6dfbe317060d53098ca073608ddd6e1ed6a7acf431dc1a4e3d6e48968eb2a3d8,1788434,DATA_OR_RESOURCE
outputs_maps_phase_3_b2a_terrain_tri_png,outputs/maps/phase_3/b2a/terrain_tri.png,0eefe7e80cdd078d7d5d0d173ad85d44bb7b32f5088649a515258696c7660ceb,1596645,DATA_OR_RESOURCE
outputs_maps_phase_3_b2a_tpi_png,outputs/maps/phase_3/b2a/tpi.png,6dfbe317060d53098ca073608ddd6e1ed6a7acf431dc1a4e3d6e48968eb2a3d8,1788434,DATA_OR_RESOURCE
outputs_maps_phase_3_b2a_tri_png,outputs/maps/phase_3/b2a/tri.png,0eefe7e80cdd078d7d5d0d173ad85d44bb7b32f5088649a515258696c7660ceb,1596645,DATA_OR_RESOURCE
outputs_maps_phase_3_b2b_availability_count_png,outputs/maps/phase_3/b2b/availability_count.png,96a5521c82cbe03f4cab071ca5fd12935e72ca8df31968359af902cf132539a5,115130,DATA_OR_RESOURCE
outputs_maps_phase_3_b2b_b2b_complete_data_mask_png,outputs/maps/phase_3/b2b/b2b_complete_data_mask.png,d66e667413cec23b42f0e6b628941e7dd5ae1868422d0223117c152331b97880,495529,DATA_OR_RESOURCE
outputs_maps_phase_3_b2b_complete_mask_png,outputs/maps/phase_3/b2b/complete_mask.png,d66e667413cec23b42f0e6b628941e7dd5ae1868422d0223117c152331b97880,495529,DATA_OR_RESOURCE
outputs_maps_phase_3_b2b_distance_to_drainage_png,outputs/maps/phase_3/b2b/distance_to_drainage.png,99b229d77f70eab1d6eb90acab01d781bf735b84784216e88b94bd75bd45a731,1614055,DATA_OR_RESOURCE
outputs_maps_phase_3_b2b_drainage_density_png,outputs/maps/phase_3/b2b/drainage_density.png,91b47378316e59c41077f83e015d37e94dd27825ef1fbfcf59964a30315cf0a7,1171701,DATA_OR_RESOURCE
outputs_maps_phase_3_b2b_drainage_network_png,outputs/maps/phase_3/b2b/drainage_network.png,959589feea0459c7ef852b18287692cdfe8915e26acbde7abb7c455f01563b05,1686378,DATA_OR_RESOURCE
outputs_maps_phase_3_b2b_drainage_network_districts_png,outputs/maps/phase_3/b2b/drainage_network_districts.png,63e0363aa5b873870ec7590636702c7db5a6320b7e2360536804e438c4fbf872,967661,DATA_OR_RESOURCE
outputs_maps_phase_3_b2b_drainage_network_hillshade_png,outputs/maps/phase_3/b2b/drainage_network_hillshade.png,959589feea0459c7ef852b18287692cdfe8915e26acbde7abb7c455f01563b05,1686378,DATA_OR_RESOURCE
outputs_maps_phase_3_b2b_flow_accumulation_png,outputs/maps/phase_3/b2b/flow_accumulation.png,2053744657635bf6678e8667dd8243b5185c43fa888cb2b918a197c738491919,1578973,DATA_OR_RESOURCE
outputs_maps_phase_3_b2b_flow_direction_png,outputs/maps/phase_3/b2b/flow_direction.png,1ff930bc1eb219ecd8d024a56f2a1d39767fb9c23dcf9977a78b7fb323180145,1858605,DATA_OR_RESOURCE
outputs_maps_phase_3_b2b_terrain_availability_count_png,outputs/maps/phase_3/b2b/terrain_availability_count.png,96a5521c82cbe03f4cab071ca5fd12935e72ca8df31968359af902cf132539a5,115130,DATA_OR_RESOURCE
outputs_maps_phase_3_b2b_terrain_distance_to_drainage_png,outputs/maps/phase_3/b2b/terrain_distance_to_drainage.png,99b229d77f70eab1d6eb90acab01d781bf735b84784216e88b94bd75bd45a731,1614055,DATA_OR_RESOURCE
outputs_maps_phase_3_b2b_terrain_drainage_density_png,outputs/maps/phase_3/b2b/terrain_drainage_density.png,91b47378316e59c41077f83e015d37e94dd27825ef1fbfcf59964a30315cf0a7,1171701,DATA_OR_RESOURCE
outputs_maps_phase_3_b2b_terrain_drainage_network_png,outputs/maps/phase_3/b2b/terrain_drainage_network.png,959589feea0459c7ef852b18287692cdfe8915e26acbde7abb7c455f01563b05,1686378,DATA_OR_RESOURCE
outputs_maps_phase_3_b2b_terrain_flow_accumulation_png,outputs/maps/phase_3/b2b/terrain_flow_accumulation.png,2053744657635bf6678e8667dd8243b5185c43fa888cb2b918a197c738491919,1578973,DATA_OR_RESOURCE
outputs_maps_phase_3_b2b_terrain_flow_direction_png,outputs/maps/phase_3/b2b/terrain_flow_direction.png,1ff930bc1eb219ecd8d024a56f2a1d39767fb9c23dcf9977a78b7fb323180145,1858605,DATA_OR_RESOURCE
outputs_maps_phase_3_b2b_terrain_twi_png,outputs/maps/phase_3/b2b/terrain_twi.png,3fe77fcfa8a520d898a23774eeb9670cd56bb80c04e4a8a10bb9926373b24428,1583805,DATA_OR_RESOURCE
outputs_maps_phase_3_b2b_twi_png,outputs/maps/phase_3/b2b/twi.png,3fe77fcfa8a520d898a23774eeb9670cd56bb80c04e4a8a10bb9926373b24428,1583805,DATA_OR_RESOURCE
outputs_maps_phase_3_b2b_zoom_chenab_basin_png,outputs/maps/phase_3/b2b/zoom_chenab_basin.png,b1ceabb65a006f1a447b687f637879f62a4ec0e32de0d80fafca590f56aa850d,1385003,DATA_OR_RESOURCE
outputs_maps_phase_3_b2b_zoom_jammu_plains_png,outputs/maps/phase_3/b2b/zoom_jammu_plains.png,38f2c21d35bd4c9bc957302ad837e669cf1ddb8ee6c9216cad2c647185c0fd94,1364266,DATA_OR_RESOURCE
outputs_maps_phase_3_b2b_zoom_kashmir_valley_png,outputs/maps/phase_3/b2b/zoom_kashmir_valley.png,e815957705a9ba65bb0adf74e7f6b74aa0733734e9a46134a43cfb7803b75b70,1583389,DATA_OR_RESOURCE
outputs_maps_phase_3_b2b_zoom_ramban_nh44_png,outputs/maps/phase_3/b2b/zoom_ramban_nh44.png,dcd6b6f54c08a69279b5365bd9bef23192840c12640c2e5f748a564424ca5d89,1275841,DATA_OR_RESOURCE
outputs_maps_phase_3_b3_distance_to_faults_png,outputs/maps/phase_3/b3/distance_to_faults.png,6541bf0460a4ecf88dc23f933559ab3d59e93fd64e4c0bbc44fbce16da02d3df,366927,DATA_OR_RESOURCE
outputs_maps_phase_3_b3_distance_to_hospitals_png,outputs/maps/phase_3/b3/distance_to_hospitals.png,4890bf05283474847ab0e41e6ea39c9918fccffdba6f9eb1936e2327592d08c2,559972,DATA_OR_RESOURCE
outputs_maps_phase_3_b3_distance_to_major_roads_png,outputs/maps/phase_3/b3/distance_to_major_roads.png,a515263f115b18115ed323a1a670d5aed2050fae280dc738605ed8f7b98b78fa,616281,DATA_OR_RESOURCE
outputs_maps_phase_3_b3_distance_to_nh44_png,outputs/maps/phase_3/b3/distance_to_nh44.png,8162ed96569f9875130fa8c0f67402debe16ab7a06f94c16f95c3b0ccbbd6386,342725,DATA_OR_RESOURCE
outputs_maps_phase_3_b3_distance_to_settlements_png,outputs/maps/phase_3/b3/distance_to_settlements.png,6d0ea1ac9b23aba227376eb491a8818952a48c27a9d1713ba0bb52335345485f,695994,DATA_OR_RESOURCE
outputs_maps_phase_3_b3_distance_to_thrusts_png,outputs/maps/phase_3/b3/distance_to_thrusts.png,e7e50cfbe27e4036710a86eae886d13706864d60b6cbdd206a66adb07745bf76,492618,DATA_OR_RESOURCE
outputs_maps_phase_3_b3_exposure_completeness_mask_png,outputs/maps/phase_3/b3/exposure_completeness_mask.png,7b4af22bdda95dbbd928a1be87bfdebef2e62666dbae0a5f2fe74bb8c5d33fe8,618629,DATA_OR_RESOURCE
outputs_maps_phase_3_b3_hazard_completeness_mask_png,outputs/maps/phase_3/b3/hazard_completeness_mask.png,2a03add72aa16da88762467f25518d40406fad8dc3a58d3964dbb28e00d4b5c7,608180,DATA_OR_RESOURCE
outputs_maps_phase_3_b3_landcover_bare_sparse_fraction_png,outputs/maps/phase_3/b3/landcover_bare_sparse_fraction.png,624908f0ec586563d82decb300842e80d1569c375b20615e9a159c87da97d256,982473,DATA_OR_RESOURCE
outputs_maps_phase_3_b3_landcover_dominant_class_png,outputs/maps/phase_3/b3/landcover_dominant_class.png,1df974c92f00dae72a82caa950c03d520852d919cf180c5b8afbb1583afdb2f3,1599810,DATA_OR_RESOURCE
outputs_maps_phase_3_b3_landcover_shannon_diversity_png,outputs/maps/phase_3/b3/landcover_shannon_diversity.png,c58f6ab1e3f73d0b4212dc5f9a93b1b85cf0ad5c08292d51e4a76ee6cdf8aaef,1718193,DATA_OR_RESOURCE
outputs_maps_phase_3_b3_landcover_snow_ice_fraction_png,outputs/maps/phase_3/b3/landcover_snow_ice_fraction.png,fa6eda54cf71b3670f21396a5f6169dde2dab042d4f6b55457d3cc8438993343,532051,DATA_OR_RESOURCE
outputs_maps_phase_3_b3_landcover_vegetation_fraction_png,outputs/maps/phase_3/b3/landcover_vegetation_fraction.png,100fda6623c6e9e7460c9c24d69d8478d6a5892922ac0527bf02549cedae091f,1149341,DATA_OR_RESOURCE
outputs_maps_phase_3_b3_lineament_density_png,outputs/maps/phase_3/b3/lineament_density.png,ef4c8ce2fbb84182fe568da886e023e0d46ba73a5182b44231d9c7eeea304797,552430,DATA_OR_RESOURCE
outputs_maps_phase_3_b3_zoom_chenab_basin_png,outputs/maps/phase_3/b3/zoom_chenab_basin.png,5bc7ddac18b6534abda8307a39dfb134a658ffb5b1794ad5b8b152f0108af004,1146906,DATA_OR_RESOURCE
outputs_maps_phase_3_b3_zoom_jammu_plains_png,outputs/maps/phase_3/b3/zoom_jammu_plains.png,28db7025b8d5d025aba8c6e2798296450cb8d91279ce22b06002a4140797139e,1262266,DATA_OR_RESOURCE
outputs_maps_phase_3_b3_zoom_kashmir_valley_png,outputs/maps/phase_3/b3/zoom_kashmir_valley.png,2837d639fdc11f601f93abe211da017a4ff4ab1630e9afa1d79ff6a1f2d6c58e,1379030,DATA_OR_RESOURCE
outputs_maps_phase_3_b3_zoom_ramban_nh44_png,outputs/maps/phase_3/b3/zoom_ramban_nh44.png,82a551fb6356b8f5c3695da8cae6865685b91dc766d00e3eeeb2b8d3e3c36396,1178911,DATA_OR_RESOURCE
outputs_maps_phase_3_b4_combined_landslide_presence_png,outputs/maps/phase_3/b4/combined_landslide_presence.png,a5eae9404ed661ff3c4f129982924da718e228b2f699ccc83172b1eea1aac995,457567,DATA_OR_RESOURCE
outputs_maps_phase_3_b4_distance_to_landslide_png,outputs/maps/phase_3/b4/distance_to_landslide.png,7ff1aef2770253237116d8ab566b20021fdd3da168fa2a3abfaeb079dfc5ce52,543057,DATA_OR_RESOURCE
outputs_maps_phase_3_b4_landslide_target_label_png,outputs/maps/phase_3/b4/landslide_target_label.png,be53e9b8d5275757b38d8a56b50aa2cca5d13ead359903011c76e55c0acaa12a,891649,DATA_OR_RESOURCE
outputs_maps_phase_3_b4_modelling_domain_mask_png,outputs/maps/phase_3/b4/modelling_domain_mask.png,d74b429b923364527d748822922535d5fae25de76e77a427ca76b7520adc354d,615623,DATA_OR_RESOURCE
outputs_maps_phase_3_b4_zoom_chenab_basin_png,outputs/maps/phase_3/b4/zoom_chenab_basin.png,04ea93f0b401f63296ba3c990be493ea8b2d09360a48abb8fb7255f518f05d77,459084,DATA_OR_RESOURCE
outputs_maps_phase_3_b4_zoom_kashmir_valley_png,outputs/maps/phase_3/b4/zoom_kashmir_valley.png,0478b514ecafa1b0441fbf08fb5acaecfb71f23d62c1228ae49dad08124c3658,633045,DATA_OR_RESOURCE
outputs_maps_phase_3_b4_zoom_ramban_nh44_png,outputs/maps/phase_3/b4/zoom_ramban_nh44.png,400253566b2c7f186f9262737eb93aaf7387bbad2eb2c201cf726561ad26dbe9,383601,DATA_OR_RESOURCE
outputs_maps_phase_4_jk_statewide_susceptibility_class_png,outputs/maps/phase_4/jk_statewide_susceptibility_class.png,7263098b36e6b444b4f6917ceeaa0227e712ec9648919fd6d4c19de04dafa406,1417841,DATA_OR_RESOURCE
outputs_maps_phase_4_jk_statewide_susceptibility_probability_png,outputs/maps/phase_4/jk_statewide_susceptibility_probability.png,9f67b88c3d03272d4f3f0c8bd7443aa33d15f87036c09be4e20a200bf50ab9a4,1353590,DATA_OR_RESOURCE
outputs_maps_phase_4_shap_feature_importance_bar_png,outputs/maps/phase_4/shap_feature_importance_bar.png,fdff7d00fe946f2c3354d04bf05e324d61da34dec9eb4318409b94226317c6c2,65043,DATA_OR_RESOURCE
outputs_maps_phase_5_jk_dynamic_hazard_class_png,outputs/maps/phase_5/jk_dynamic_hazard_class.png,134c20bf925a97f941d1521a19255c812483845a4898c54bbfb56ea67b7634eb,1487488,DATA_OR_RESOURCE
outputs_maps_phase_5_jk_dynamic_hazard_index_png,outputs/maps/phase_5/jk_dynamic_hazard_index.png,4abdebac9f814885a6311f002024e0adb15a0bfff53f091fcdf0970de4cb7d5f,1124881,DATA_OR_RESOURCE
outputs_maps_phase_5_jk_imd_p90_baseline_png,outputs/maps/phase_5/jk_imd_p90_baseline.png,375594ab118f9fdab9ee3e62aa5b8a7722161a39f6cd1c21f1acca7a156c5c66,1045650,DATA_OR_RESOURCE
outputs_maps_phase_5_jk_rainfall_24h_accumulation_png,outputs/maps/phase_5/jk_rainfall_24h_accumulation.png,feb481047db803c2e4e19b5b5aae9365afb37c756fe383b44d8cff5c78923920,881933,DATA_OR_RESOURCE
outputs_maps_phase_5_zoom_chenab_basin_hazard_png,outputs/maps/phase_5/zoom_chenab_basin_hazard.png,77126cf5884bd7b1efb93beaeee7230c1c89b5356e8478e77c98f5b66d4dda99,1926697,DATA_OR_RESOURCE
outputs_maps_phase_5_zoom_kashmir_valley_hazard_png,outputs/maps/phase_5/zoom_kashmir_valley_hazard.png,83cae67ae9b5bd3b7d32d0e983d3d3f7e7f84461310b824f86ce6571137f622c,872474,DATA_OR_RESOURCE
outputs_maps_phase_5_zoom_ramban_nh44_hazard_png,outputs/maps/phase_5/zoom_ramban_nh44_hazard.png,8864c8b3e216dcbc7c04c8effedd9588e722efd4509f054b3ce002656aa84a43,1513134,DATA_OR_RESOURCE
outputs_reports_FINAL_V1_RELEASE_ACCEPTANCE_REPORT_md,outputs/reports/FINAL_V1_RELEASE_ACCEPTANCE_REPORT.md,91dfd07ab1879a0c280904d2a03785fcbef04601b48b58555c34e80db21f373d,12073,CANONICAL_OUTPUT
outputs_reports_data_discovery_manifest_json,outputs/reports/data_discovery_manifest.json,e07b8ff981e60f38d6288c294a33650eb4b32db9b2b798d74abfb8b2bfd5818f,64429,CANONICAL_OUTPUT
outputs_reports_data_discovery_report_md,outputs/reports/data_discovery_report.md,a3433e382423007d6d5bdc4fdcc122fb3c408e470eeb123a351133f01bafcf58,2681,CANONICAL_OUTPUT
outputs_reports_final_v1_acceptance_matrix_csv,outputs/reports/final_v1_acceptance_matrix.csv,87e3fd6a59f3538debd7b432d58dcb023c39d23508d0eb759841cd77579ffc16,1950,CANONICAL_OUTPUT
outputs_reports_final_v1_api_results_csv,outputs/reports/final_v1_api_results.csv,1b39dcedaea068b5772cedd649f63a8c5b05967c7af6fa6f369c6f162418195d,1082,CANONICAL_OUTPUT
outputs_reports_final_v1_rainfall_provenance_csv,outputs/reports/final_v1_rainfall_provenance.csv,021c149db3ea838560d6cd3da3fea0945faa6e3dfaf2a64955c771d9061161a2,578,CANONICAL_OUTPUT
outputs_reports_final_v1_spatial_cv_district_roles_csv,outputs/reports/final_v1_spatial_cv_district_roles.csv,1d0762851abee464e160f475741521e6206ec8a9a4473ce0dedfbdc8d8cb221d,1376,CANONICAL_OUTPUT
outputs_reports_final_v1_station_provenance_csv,outputs/reports/final_v1_station_provenance.csv,651bcf3282914406601ebcfd7d3f3cad71b91518322dfb19de60e5ef53072ad9,685,CANONICAL_OUTPUT
outputs_reports_final_v1_ui_api_raster_comparison_csv,outputs/reports/final_v1_ui_api_raster_comparison.csv,37bf865850cb60e062c4b789b06a6c5eae7b496c3eb724cb2de019ffc97b30e2,802,CANONICAL_OUTPUT
outputs_reports_nh44_accepted_source_edges_csv,outputs/reports/nh44_accepted_source_edges.csv,4bf66878d6e3acbade00ddf010157562d627613b68b3cedb56b7defce5c2f68b,90496,CANONICAL_OUTPUT
outputs_reports_nh44_corridor_anchor_edge_validation_csv,outputs/reports/nh44_corridor_anchor_edge_validation.csv,f5cbe8d4053ecdd7f19d765d0e288e18610f92d0e01f82be2afba971e2192a8e,778,CANONICAL_OUTPUT
outputs_reports_nh44_geometry_fidelity_metrics_csv,outputs/reports/nh44_geometry_fidelity_metrics.csv,1c37c4556e79b12edf41e84965ed9ee47688cbee68cbf47c9165820a23d01d55,329,CANONICAL_OUTPUT
outputs_reports_nh44_local_source_schema_csv,outputs/reports/nh44_local_source_schema.csv,9d5ee7e1cc144575e51fd1c2c687abb2d00ce85445b21818e97a3c7b7f0cc43e,133087,CANONICAL_OUTPUT
outputs_reports_nh44_reference_value_counts_csv,outputs/reports/nh44_reference_value_counts.csv,32e7db25db3b9b38aebb1b718689e970faaf2eed3186476826b15dd17a6e1469,4538,CANONICAL_OUTPUT
outputs_reports_nh44_rejected_source_edges_csv,outputs/reports/nh44_rejected_source_edges.csv,01ba4719c80b6fe911b091a7c05124b64eeece964e09c058ef8f9805daca546b,1,CANONICAL_OUTPUT
outputs_reports_nh44_runtime_computed_style_audit_json,outputs/reports/nh44_runtime_computed_style_audit.json,3b67ee6952f2917163b835bbba9029a12d8acb205a0dd397fd99ecf57fae61aa,425,CANONICAL_OUTPUT
outputs_reports_nh44_runtime_network_audit_csv,outputs/reports/nh44_runtime_network_audit.csv,9acbec57db0769920f61806251292f33522023ecfd44e2a721997029e50647fa,979,CANONICAL_OUTPUT
outputs_reports_phase_2_approved_dem_sources_csv,outputs/reports/phase_2_approved_dem_sources.csv,95d0660609a5a0da50a58e6958e40cac018ac2f01a1dd14ef04536c6f387451b,1150,CANONICAL_OUTPUT
outputs_reports_phase_2_b1_elevation_stats_json,outputs/reports/phase_2_b1_elevation_stats.json,9d8ad4daf1d89bfd854c935683f1bd2e67b607817c75a42c05f61c0bea8bc6af,432,CANONICAL_OUTPUT
outputs_reports_phase_2_b2_derivatives_stats_json,outputs/reports/phase_2_b2_derivatives_stats.json,dfac40b269f1d25ce6b9446a1fcbaf8b3c76a8138ca469f8a2254266b755aae9,769,CANONICAL_OUTPUT
outputs_reports_phase_2_data_manifest_csv,outputs/reports/phase_2_data_manifest.csv,c9ef05929b85bf500d5e1f75cdfb192ab95006997687600f9e3fbf2f626c186e,2521,CANONICAL_OUTPUT
outputs_reports_phase_2_feature_count_reconciliation_csv,outputs/reports/phase_2_feature_count_reconciliation.csv,5e6a63c8af38c0449bacd20735887de5ada36fc126c1e5d93f053ff3b0c061c7,1325,CANONICAL_OUTPUT
outputs_reports_phase_2_feature_count_reconciliation_md,outputs/reports/phase_2_feature_count_reconciliation.md,4c592168dc06ef06465b1f8e5f5619e64888291438a0f2c2a6381d1506e0620d,2618,CANONICAL_OUTPUT
outputs_reports_phase_2_input_discovery_md,outputs/reports/phase_2_input_discovery.md,d7d07249d6ec382a4a20805a6fd538bcd6ca977be160e5886a7183ad44b0ed40,3569,CANONICAL_OUTPUT
outputs_reports_phase_2_input_manifest_csv,outputs/reports/phase_2_input_manifest.csv,fd30c8c66aa763b82be15471c7afc809de81629d04c0933e14f4561de0e981b1,4271,CANONICAL_OUTPUT
outputs_reports_phase_2_quality_report_md,outputs/reports/phase_2_quality_report.md,d86b02af172d509f04efe2433c250109a19ac093e0767bda9c6078ba1d9600f2,5650,CANONICAL_OUTPUT
outputs_reports_phase_2_vector_counts_csv,outputs/reports/phase_2_vector_counts.csv,afa3710f8c488ca95a8771599c9f8111bd9e4aa2ad1bbe4a2a47592ae128f968,490,CANONICAL_OUTPUT
outputs_reports_phase_3_b1_district_cell_counts_csv,outputs/reports/phase_3_b1_district_cell_counts.csv,263a4943216bbd3dae8ded95e7bb40c59a9a781abe09ba1335d691e84ad0ed0e,2532,CANONICAL_OUTPUT
outputs_reports_phase_3_b1_grid_report_md,outputs/reports/phase_3_b1_grid_report.md,5c5aace5511a7c900b04daca71fcd8f853e71a44d333ef54df5bd09e0d7ad195,4501,CANONICAL_OUTPUT
outputs_reports_phase_3_b1_grid_statistics_csv,outputs/reports/phase_3_b1_grid_statistics.csv,52d41216c3ba4663451d17fd74f00aaba4986f1a7f0ec835c9feb14e8f4cedc1,619,CANONICAL_OUTPUT
outputs_reports_phase_3_b1_quality_report_md,outputs/reports/phase_3_b1_quality_report.md,f7442b945d11979a5919ea8cfa6c418da9fd49ca3fd5e95906155a10c0806050,2312,CANONICAL_OUTPUT
outputs_reports_phase_3_b2a_alignment_report_md,outputs/reports/phase_3_b2a_alignment_report.md,b08c321b0ae9591478c731f864a2837f71eb2876f35b292b1d2254ee277de372,2788,CANONICAL_OUTPUT
outputs_reports_phase_3_b2a_district_statistics_csv,outputs/reports/phase_3_b2a_district_statistics.csv,70d83a9f364e5cf14ec65f3993a7401a49852f7cb73ee285bfb54144a46f62f0,2991,CANONICAL_OUTPUT
outputs_reports_phase_3_b2a_feature_manifest_csv,outputs/reports/phase_3_b2a_feature_manifest.csv,ac3147c43644deb7ff28e79704b3e2755b5e8f4308ed92de716ce5aa4da8a36a,2455,CANONICAL_OUTPUT
outputs_reports_phase_3_b2a_processing_report_md,outputs/reports/phase_3_b2a_processing_report.md,e9abd36baa622ddacde2c9bb76319e8e1973f819a4dd6a2d7e04be51cfa51488,557,CANONICAL_OUTPUT
outputs_reports_phase_3_b2a_quality_report_md,outputs/reports/phase_3_b2a_quality_report.md,4938aef20b8c86977bcfc9b6b034339135aaa69557679ae36d488246f69a92d3,1344,CANONICAL_OUTPUT
outputs_reports_phase_3_b2a_redundancy_report_md,outputs/reports/phase_3_b2a_redundancy_report.md,9ebe75c607186360a9b63feff2c3f181cc4f155c32e2c35adbd7514960471f3a,936,CANONICAL_OUTPUT
outputs_reports_phase_3_b2a_terrain_correlation_csv,outputs/reports/phase_3_b2a_terrain_correlation.csv,b4803d69b06901992079ec86f782949f38f141ca96806ae1bcfbc646e0eb11f1,2181,CANONICAL_OUTPUT
outputs_reports_phase_3_b2a_terrain_statistics_csv,outputs/reports/phase_3_b2a_terrain_statistics.csv,fe419b9074f7fe18b0e1715e49d7e06ce4c5357a3cddbeffb3f1d82be9281358,2433,CANONICAL_OUTPUT
outputs_reports_phase_3_b2b_alignment_report_md,outputs/reports/phase_3_b2b_alignment_report.md,ea5e5ff03fc34d4d86b473a9f0d9f6f2896d17e768bfcc246483990ef7980100,2165,CANONICAL_OUTPUT
outputs_reports_phase_3_b2b_artifact_verification_csv,outputs/reports/phase_3_b2b_artifact_verification.csv,c06d585c73e61af756fc55c9d3317a301970a5d2d41cfd09aa2719278e2dfffb,2643,CANONICAL_OUTPUT
outputs_reports_phase_3_b2b_district_statistics_csv,outputs/reports/phase_3_b2b_district_statistics.csv,6d6dc84b00cbb029a2a555b4bdd36e7182641a39e148371b86f22eb3c1ef18a8,2077,CANONICAL_OUTPUT
outputs_reports_phase_3_b2b_feature_manifest_csv,outputs/reports/phase_3_b2b_feature_manifest.csv,0bd46943a9e230efa668bf153aac3bc10c93b56f328e428577b1b9dfc267ad9f,1538,CANONICAL_OUTPUT
outputs_reports_phase_3_b2b_processing_report_md,outputs/reports/phase_3_b2b_processing_report.md,e43dad562be3fc67d1d9cede0656096b489dc9cea82dffb4effe05e739d443e9,453,CANONICAL_OUTPUT
outputs_reports_phase_3_b2b_quality_report_md,outputs/reports/phase_3_b2b_quality_report.md,a3418f4ed1083d3d6948b0b7185c99b938f688b1f5e0ca079fa0e0c366da6699,5199,CANONICAL_OUTPUT
outputs_reports_phase_3_b2b_redundancy_report_md,outputs/reports/phase_3_b2b_redundancy_report.md,fe029a2f761a9e1a0163344f19fd02c3fb0b0ef4c5c0841aed370d2793af5735,718,CANONICAL_OUTPUT
outputs_reports_phase_3_b2b_resampling_audit_md,outputs/reports/phase_3_b2b_resampling_audit.md,a4d04d945db7b9b9c888a6c53f37ee4f360064fb85552887e491fbfed1fa324f,1220,CANONICAL_OUTPUT
outputs_reports_phase_3_b2b_terrain_correlation_csv,outputs/reports/phase_3_b2b_terrain_correlation.csv,270478f077e57b42d29379b73029e140253dc523b6916c0dfa999d57764e5320,5971,CANONICAL_OUTPUT
outputs_reports_phase_3_b2b_terrain_statistics_csv,outputs/reports/phase_3_b2b_terrain_statistics.csv,4e891bc36c2e9927d74de7860dc02fda136c400bdcc2f66d801e6ee020d51c2a,1211,CANONICAL_OUTPUT
outputs_reports_phase_3_b2b_threshold_audit_md,outputs/reports/phase_3_b2b_threshold_audit.md,ff736adf5d972ab4cae4e56a6a978654c3b5e574b9f096e7bca17c69b2a2b411,975,CANONICAL_OUTPUT
outputs_reports_phase_3_b2b_twi_numerical_audit_md,outputs/reports/phase_3_b2b_twi_numerical_audit.md,f1b01d839b154df4b81bb5180e7de7d92f0720931c386c1217eb3ca23a2de262,779,CANONICAL_OUTPUT
outputs_reports_phase_3_b3_alignment_report_md,outputs/reports/phase_3_b3_alignment_report.md,7c7434e0edbeb8418b0bf217e89956062996b21d63d9097953ed3f6e22ba9848,763,CANONICAL_OUTPUT
outputs_reports_phase_3_b3_checksum_report_csv,outputs/reports/phase_3_b3_checksum_report.csv,c3dcc03dc102091b3d35bf96ae9efc76afc0ae224a5b04f61e475750855ae852,7593,CANONICAL_OUTPUT
outputs_reports_phase_3_b3_district_statistics_csv,outputs/reports/phase_3_b3_district_statistics.csv,04cc29f5def718958d2b5c9b489336ccfb6bdaaeab70da3e70c2e57d8421791d,2105,CANONICAL_OUTPUT
outputs_reports_phase_3_b3_feature_correlation_csv,outputs/reports/phase_3_b3_feature_correlation.csv,b131c35100de35cfcd02ee37e197da7135c1da7d8af8a540ecca6741c3ac7243,53463,CANONICAL_OUTPUT
outputs_reports_phase_3_b3_feature_manifest_csv,outputs/reports/phase_3_b3_feature_manifest.csv,c3dcc03dc102091b3d35bf96ae9efc76afc0ae224a5b04f61e475750855ae852,7593,CANONICAL_OUTPUT
outputs_reports_phase_3_b3_feature_role_audit_csv,outputs/reports/phase_3_b3_feature_role_audit.csv,0b4e330e0c2cc0cc67ca1ca88f36a65139a5cbb8d028458284f7d81518677e88,15402,CANONICAL_OUTPUT
outputs_reports_phase_3_b3_feature_statistics_csv,outputs/reports/phase_3_b3_feature_statistics.csv,ff3e7bfd5a0e5e1feefa6633cb177621b07803715bc7bce55879a37d2419c21b,9880,CANONICAL_OUTPUT
outputs_reports_phase_3_b3_frontend_runtime_css_repair_md,outputs/reports/phase_3_b3_frontend_runtime_css_repair.md,1b1e94e09fdd656422f6715d4b4453e0ca411170e5fac278ed02b5ed0453f106,4790,CANONICAL_OUTPUT
outputs_reports_phase_3_b3_input_manifest_csv,outputs/reports/phase_3_b3_input_manifest.csv,c70cb57d763755b81b7fe9359af0a7bd6e8ca7ade393ef3d9009c64a2b7cb7a8,1656,CANONICAL_OUTPUT
outputs_reports_phase_3_b3_leakage_audit_md,outputs/reports/phase_3_b3_leakage_audit.md,81c16476fba8fc22a637635ba0c7f42a727b2099a3e7abb636334fabe33111f9,841,CANONICAL_OUTPUT
outputs_reports_phase_3_b3_missing_data_report_md,outputs/reports/phase_3_b3_missing_data_report.md,eb230d105c00ace9872e9df379da68b6ad96fef40307e5bde43ef5017447df7c,412,CANONICAL_OUTPUT
outputs_reports_phase_3_b3_processing_report_md,outputs/reports/phase_3_b3_processing_report.md,6d781872960af2510c6a4941041f25d9fd80e29a3a9dda90b9e563012d225cfd,419,CANONICAL_OUTPUT
outputs_reports_phase_3_b3_quality_report_md,outputs/reports/phase_3_b3_quality_report.md,d1ca45116bd1db6bc409e2f48a3d905e8bb7e6ad9168584f5d76d6aa274865b4,631,CANONICAL_OUTPUT
outputs_reports_phase_3_b3_redundancy_report_md,outputs/reports/phase_3_b3_redundancy_report.md,e02198d6d3c51c1adffd50830468a4882f2be26fb99fd1bbbb091bb351265684,541,CANONICAL_OUTPUT
outputs_reports_phase_3_b3_test_inventory_reconciliation_md,outputs/reports/phase_3_b3_test_inventory_reconciliation.md,04fd2065a8e17881c4484af003d23abe50a013184d9855a5de59feb1b56687d0,1114,CANONICAL_OUTPUT
outputs_reports_phase_3_b4_checksum_report_csv,outputs/reports/phase_3_b4_checksum_report.csv,706cb2d76325b53fc94168d6254efcbbe7d1c26a472d7fe84bd7e0c137950d60,1395,CANONICAL_OUTPUT
outputs_reports_phase_3_b4_district_label_distribution_csv,outputs/reports/phase_3_b4_district_label_distribution.csv,a66fd0dcb49c8a21fa0c537495eec911886a828faa0bab4f3dace3f2cee70ba4,937,CANONICAL_OUTPUT
outputs_reports_phase_3_b4_quality_report_md,outputs/reports/phase_3_b4_quality_report.md,0cd89506fb7224e0796cdfb610af3dd9c175c0f379ce6ea81f8f413591bd613f,2155,CANONICAL_OUTPUT
outputs_reports_phase_3_feature_plan_csv,outputs/reports/phase_3_feature_plan.csv,de1b0544353d1fad5cbb0f09bf53a9a21bb55982e22f310bc5406c020974bb19,9546,CANONICAL_OUTPUT
outputs_reports_phase_3_grid_proposal_md,outputs/reports/phase_3_grid_proposal.md,780d62359692bb958f95d2905dfb67af4f49372b0648048e1563648f64cabe3e,1327,CANONICAL_OUTPUT
outputs_reports_phase_3_hydrology_tool_assessment_md,outputs/reports/phase_3_hydrology_tool_assessment.md,4f6d8ebdd827255bb115b6cba3e35e88edf198ba7cc91f26933306f64affa4f8,1565,CANONICAL_OUTPUT
outputs_reports_phase_3_input_discovery_md,outputs/reports/phase_3_input_discovery.md,251afa9d7c774a694429960ee467ab9b4d5fd20a4aca2a69e903e75358e78326,2084,CANONICAL_OUTPUT
outputs_reports_phase_3_input_manifest_csv,outputs/reports/phase_3_input_manifest.csv,028f51ea3947dbf525d375802457e4f8af6d88578cabb022fc87a8be05771390,4013,CANONICAL_OUTPUT
outputs_reports_phase_3_label_preparation_plan_md,outputs/reports/phase_3_label_preparation_plan.md,3d01754405c6bd9f8b482c7e13b4bc2f982959a8affcad7adb126732cc91c74d,2705,CANONICAL_OUTPUT
outputs_reports_phase_3_lithology_lookup_table_csv,outputs/reports/phase_3_lithology_lookup_table.csv,bc5a3629c4b785288550e8e94408fbbd85cf87662862fb0cb492ba8cdf8f84fa,22849,CANONICAL_OUTPUT
outputs_reports_phase_3_master_feature_registry_csv,outputs/reports/phase_3_master_feature_registry.csv,0ceb440119f2f8e2ca5a5e74fad88213e62f60f83f0217ba93b2aaa9108f6304,15414,CANONICAL_OUTPUT
outputs_reports_phase_3_storage_runtime_estimate_md,outputs/reports/phase_3_storage_runtime_estimate.md,efa3b8ad2849d1b90ed13cfcb6e66a2cf2e302b07ad313712c85d2b94287edd8,1653,CANONICAL_OUTPUT
outputs_reports_phase_3_worldcover_audit_csv,outputs/reports/phase_3_worldcover_audit.csv,a47a866b32d2520adba749b637cc2ce2296b80d1feee75dd64f6786ec8231bec,1411,CANONICAL_OUTPUT
outputs_reports_phase_4_feature_importance_shap_csv,outputs/reports/phase_4_feature_importance_shap.csv,df6c5eaf7af164c681d4ace78bb6c8fd0d90f6812952748fb645af12e4d09ed0,1287,CANONICAL_OUTPUT
outputs_reports_phase_4_model_quality_report_md,outputs/reports/phase_4_model_quality_report.md,c9ee35c206782141b9018bfe903475acf0ce8cb9e540b45a08896f9780e9fdc0,2503,CANONICAL_OUTPUT
outputs_reports_phase_4_nlsm_benchmark_comparison_csv,outputs/reports/phase_4_nlsm_benchmark_comparison.csv,7f81b064b62708544bb38ab9ddb386677794e58ad7e3490fb9d57aab83d1dcd2,92,CANONICAL_OUTPUT
outputs_reports_phase_4_spatial_cv_results_csv,outputs/reports/phase_4_spatial_cv_results.csv,1eef7b161cd480e893e6d400a0114b669e6894cb4607d9325802431dc8d61a87,481,CANONICAL_OUTPUT
outputs_reports_phase_5_hazard_quality_report_md,outputs/reports/phase_5_hazard_quality_report.md,0843343cb50b779e5adcc9e88f83158cec4d2e3dd7f2baf9d1e0e46da248089e,1244,CANONICAL_OUTPUT
outputs_reports_phase_5_rainfall_ingestion_manifest_csv,outputs/reports/phase_5_rainfall_ingestion_manifest.csv,01ba4719c80b6fe911b091a7c05124b64eeece964e09c058ef8f9805daca546b,1,CANONICAL_OUTPUT
outputs_reports_phase_5_station_cross_validation_csv,outputs/reports/phase_5_station_cross_validation.csv,2a9238a35ca2e5389d21ce272c05f5b3ca1f8bdccb48861eb66a347bcb48894b,345,CANONICAL_OUTPUT
outputs_reports_playwright_verification_report_json,outputs/reports/playwright_verification_report.json,f32a309f0d3fdfcf6c05fa4dcee81d4f5484b103e4daefee072dc4088582f04e,3870,CANONICAL_OUTPUT
outputs_reports_v2_3a_2f_coordinate_samples_csv,outputs/reports/v2_3a_2f_coordinate_samples.csv,870cd78ec8e077f449f55f53e17fe42b7d114e704f377a9fcfad92038fa042de,707,CANONICAL_OUTPUT
outputs_reports_v2_3a_2f_geometry_inventory_csv,outputs/reports/v2_3a_2f_geometry_inventory.csv,fd7cc6af024e5201ca82df0473fe720bd0e9b1a50749de75d3c54a1f46cb879d,719,CANONICAL_OUTPUT
outputs_reports_v2_3a_2f_source_fidelity_csv,outputs/reports/v2_3a_2f_source_fidelity.csv,c2e7b684ddd7bf967e1132fc1d6766427023c4f2c8e54bc1c2de2e5ccd33845b,229,CANONICAL_OUTPUT
outputs_reports_v2_3a_2g_osm_relation_edge_match_csv,outputs/reports/v2_3a_2g_osm_relation_edge_match.csv,524dbf041f4ebf1da062e436dc492aadc8059df140382710aa087e9cea10ec77,9843,CANONICAL_OUTPUT
outputs_reports_v2_3a_2g_place_projection_csv,outputs/reports/v2_3a_2g_place_projection.csv,7361f324dc4d68ac8240bf7cab80cc7ccee8d9ce136e330dd1bdeea0a02a4991,979,CANONICAL_OUTPUT
outputs_reports_v2_3a_2h_existing_place_reference_audit_csv,outputs/reports/v2_3a_2h_existing_place_reference_audit.csv,19890ff8d04e0d5568f00a9254cb419af147786ce845a6cedd45edf3c9636b9f,1095,CANONICAL_OUTPUT
outputs_reports_v2_3a_2h_osm_place_id_verification_csv,outputs/reports/v2_3a_2h_osm_place_id_verification.csv,489d8677279343ccdc62914b734ccffa1f83ae960c07f08a37607e6ccaf00aee,1074,CANONICAL_OUTPUT
outputs_reports_v2_3a_2h_relation_5794209_audit_csv,outputs/reports/v2_3a_2h_relation_5794209_audit.csv,240e81d523f429943960f12decc9db12b232e258556dbc7e8d86b8307f3f515b,249,CANONICAL_OUTPUT
outputs_reports_v2_3a_2h_route_length_reconciliation_csv,outputs/reports/v2_3a_2h_route_length_reconciliation.csv,b8661e6044c1f4067ca9650b94ed76ffeaf39c7299b3c3ee5cce5f2e2a2e7040,731,CANONICAL_OUTPUT
outputs_reports_v2_3a_2h_verified_place_projections_csv,outputs/reports/v2_3a_2h_verified_place_projections.csv,6a97320880a3126f69ecdef56136eb40a0a015285696718055eda8f524981921,992,CANONICAL_OUTPUT
outputs_reports_v2_3a_2i_geometry_reconciliation_csv,outputs/reports/v2_3a_2i_geometry_reconciliation.csv,40b2e8d9161b0367af15df5eccfcb2262cc3c2d3eb45e73589675f55e0ba1203,1124,CANONICAL_OUTPUT
outputs_reports_v2_3a_2i_pilot_place_projections_csv,outputs/reports/v2_3a_2i_pilot_place_projections.csv,76b9d61f8f3851085c2950ca92c867d70603a2c4d369431c5dad82a3fe974b09,900,CANONICAL_OUTPUT
outputs_reports_v2_3a_2i_raw_osm_verification_csv,outputs/reports/v2_3a_2i_raw_osm_verification.csv,3f519a9faec1aa0ab33729e00f6109fb01885407f36bf5ff5d9bbfe8e494f2f7,2360,CANONICAL_OUTPUT
outputs_reports_v2_3a_2j_anchor_distance_audit_csv,outputs/reports/v2_3a_2j_anchor_distance_audit.csv,ac0ef14a956aff9982861f568fe93fb3ee8f64c99ecae601c418c64ca7b491aa,2381,CANONICAL_OUTPUT
outputs_reports_v2_3a_2j_authoritative_geometry_csv,outputs/reports/v2_3a_2j_authoritative_geometry.csv,06582d7c0b1c0fc7b4483ec055c6c210dce84c09b71bd9cc8d1a6814eefa059b,1587,CANONICAL_OUTPUT
outputs_reports_v2_3a_2j_geodesic_route_invariants_csv,outputs/reports/v2_3a_2j_geodesic_route_invariants.csv,bf70140ce955f7bc1a2dd21a9963f3f9ec218382ae93f5a96af5669cb53d94ce,363,CANONICAL_OUTPUT
outputs_reports_v2_3a_2j_official_osm_object_audit_csv,outputs/reports/v2_3a_2j_official_osm_object_audit.csv,fadaac67484c905c1c8e77176cf3041b8ce551e1f854ed597b5abc62607486d9,2691,CANONICAL_OUTPUT
outputs_reports_v2_3a_2r_edge_adjacency_csv,outputs/reports/v2_3a_2r_edge_adjacency.csv,ac68a865002067bff95978eca6b26ee8519693a7ac38a2c15c7bc25f2f8a0125,7358,CANONICAL_OUTPUT
outputs_reports_v2_3a_2r_edge_classification_reconciliation_csv,outputs/reports/v2_3a_2r_edge_classification_reconciliation.csv,aebb60021c5b19cf06d42110c4b6e99210ba3e88e24afc15070a91bd9f10b83f,21486,CANONICAL_OUTPUT
outputs_reports_v2_3a_2r_length_reconciliation_csv,outputs/reports/v2_3a_2r_length_reconciliation.csv,a1d9b64dc8175284ad55fa80cac9a37b62625453bc4df0574c8e9c6adec2c1dd,243,CANONICAL_OUTPUT
outputs_reports_v2_3a_2r_terminal_nodes_csv,outputs/reports/v2_3a_2r_terminal_nodes.csv,70304a17a9b3fd50b3b6326a0f738c0748ab09db95a0fab8a1b1e1b63d828dec,505,CANONICAL_OUTPUT
outputs_reports_v2_3a_final_authoritative_anchors_csv,outputs/reports/v2_3a_final_authoritative_anchors.csv,44db0c4bd7a9084a024a44f5c91a2f901d5eb5d16396cd52373cf80e50ae2fd8,1319,CANONICAL_OUTPUT
outputs_reports_v2_3a_final_authoritative_geometry_csv,outputs/reports/v2_3a_final_authoritative_geometry.csv,dab07775d6e8a13f2c7e8bf6b1851e99182ca5040704b35733a8ca5892a3e588,708,CANONICAL_OUTPUT
outputs_reports_v2_3a_final_candidate_geometry_inventory_csv,outputs/reports/v2_3a_final_candidate_geometry_inventory.csv,2171b2d9cd9652b7a2775bc19fd46c585703788f6a4fc52038c285608fb62031,2374,CANONICAL_OUTPUT
outputs_reports_v2_3a_final_hash_reconciliation_csv,outputs/reports/v2_3a_final_hash_reconciliation.csv,9f81cf64e5e9e5e330464d5ae8a469368495d949e56c073a99333c0d8018e7c9,3692,CANONICAL_OUTPUT
outputs_reports_v2_3a_final_nextjs_build_log_txt,outputs/reports/v2_3a_final_nextjs_build_log.txt,2d5ee774d9f013ebb1ff50a8c27ade3d5148dfa948dda8365ccd0f02313be84b,2537,CANONICAL_OUTPUT
outputs_reports_v2_3a_final_python_test_log_txt,outputs/reports/v2_3a_final_python_test_log.txt,8cad15f7636dd8ad3c1b4ec8cd4de508d018ac5f958068e7d754b8de0fb87bcf,621,CANONICAL_OUTPUT
outputs_reports_v2_3a_final_screenshot_manifest_csv,outputs/reports/v2_3a_final_screenshot_manifest.csv,780068d670f62803468987db6bfd84b75dbf7c0d1d7443732a1b481ff9afbec2,67021,CANONICAL_OUTPUT
outputs_reports_v2_3a_final_segment_continuity_metrics_csv,outputs/reports/v2_3a_final_segment_continuity_metrics.csv,8c22f6a80e44c2ae6bd18905a10422f91dda281fe20ba4b7ce28321eb77185b7,666,CANONICAL_OUTPUT
outputs_reports_v2_3a_final_segment_inventory_csv,outputs/reports/v2_3a_final_segment_inventory.csv,6713194334c4635b1c41abc80148867d4368fd9f3bb118416e4f2d582149e230,28199,CANONICAL_OUTPUT
outputs_reports_v2_3a_final_source_edge_provenance_csv,outputs/reports/v2_3a_final_source_edge_provenance.csv,7ac6b341712b01ac14755e926c8a78d0c48ffa87877b0482494d6124f4a8dd36,68605,CANONICAL_OUTPUT
outputs_reports_v2_3a_final_stale_value_scan_csv,outputs/reports/v2_3a_final_stale_value_scan.csv,abaa041f32bfc3fb7fb3acb5702632b6e6516c8f7505697f95775710112b28ff,399,CANONICAL_OUTPUT
outputs_reports_v2_3a_final_terminal_reference_audit_csv,outputs/reports/v2_3a_final_terminal_reference_audit.csv,86f0c66a5105cbb872c63dd2ee22002ded439f9099414121e4beba593c30e3ff,2210,CANONICAL_OUTPUT
outputs_reports_v2_3a_post_merge_nextjs_build_log_txt,outputs/reports/v2_3a_post_merge_nextjs_build_log.txt,37356ef2638739dce358dc9fee5ab574020330462573cbd8e90c595ee677ddde,2538,CANONICAL_OUTPUT
outputs_reports_v2_3a_post_merge_python_test_log_txt,outputs/reports/v2_3a_post_merge_python_test_log.txt,7ad04c85a3ddaf86e63633e68839e4d8b80d53bd0d3aa8754c4abfe675032329,622,CANONICAL_OUTPUT
outputs_reports_v2_3b_1_buffer_sensitivity_csv,outputs/reports/v2_3b_1_buffer_sensitivity.csv,84585f86bc4103daae02061fef051e5df138b3fd8b1c2606ddab26080ad66300,404,CANONICAL_OUTPUT
outputs_reports_v2_3b_1_build_log_txt,outputs/reports/v2_3b_1_build_log.txt,ad810f2d25139ff0e1c49e10527ca552c0a209693d9c7113d6d1cd90f064c1b8,2535,CANONICAL_OUTPUT
outputs_reports_v2_3b_1_drainage_road_audit_csv,outputs/reports/v2_3b_1_drainage_road_audit.csv,4cd332d004e55d5d0e4697f2663fb96e96a481b2af14ce37f4198fd94bf78918,6617,CANONICAL_OUTPUT
outputs_reports_v2_3b_1_feature_column_reconciliation_csv,outputs/reports/v2_3b_1_feature_column_reconciliation.csv,e8c1103139d9cb315a949b94f87050782669525b6d45a36aa14b0c9356de32ab,13175,CANONICAL_OUTPUT
outputs_reports_v2_3b_1_feature_correlation_csv,outputs/reports/v2_3b_1_feature_correlation.csv,30d8b28f225f0f7a6633c2b67e14c63adb203b43eb43f85b925ecdde14890f30,14250,CANONICAL_OUTPUT
outputs_reports_v2_3b_1_feature_range_audit_csv,outputs/reports/v2_3b_1_feature_range_audit.csv,e5e9e6a8924b9ce64dcf673fcf490ed5b45fc371a5b790f3847ab03eeca60655,7985,CANONICAL_OUTPUT
outputs_reports_v2_3b_1_feature_redundancy_csv,outputs/reports/v2_3b_1_feature_redundancy.csv,65bfe7ed0eb3e24da9822d221b718e17de71da30bf6ee162841a090a3f5a82d0,5872,CANONICAL_OUTPUT
outputs_reports_v2_3b_1_fraction_validation_csv,outputs/reports/v2_3b_1_fraction_validation.csv,e0ac4c0b2e8b0cbd727b0f101b15153938d5edc0a1a2fe5c575b00b19675a915,6154,CANONICAL_OUTPUT
outputs_reports_v2_3b_1_geology_fault_audit_csv,outputs/reports/v2_3b_1_geology_fault_audit.csv,981b655efd4507e11157bf28f472547f3b4b3010a9dc4000236594ffc9cee05d,11808,CANONICAL_OUTPUT
outputs_reports_v2_3b_1_input_immutability_audit_csv,outputs/reports/v2_3b_1_input_immutability_audit.csv,6d1ead7f59674de52ae4469ce3e808b5c8edd92bfd9566111f671bfa3ea04b3a,627,CANONICAL_OUTPUT
outputs_reports_v2_3b_1_landslide_leakage_audit_csv,outputs/reports/v2_3b_1_landslide_leakage_audit.csv,827439287413260baa222676edc0eedfb40754869f827bc9f9c679ae1b152063,448,CANONICAL_OUTPUT
outputs_reports_v2_3b_1_reproducibility_csv,outputs/reports/v2_3b_1_reproducibility.csv,d8e71060c508101b572d682d8be7469fc076f224dda025a621201055432943ce,357,CANONICAL_OUTPUT
outputs_reports_v2_3b_1_segment_layer_coverage_matrix_csv,outputs/reports/v2_3b_1_segment_layer_coverage_matrix.csv,6568915149d5e64c48be59b9bb0e8782d872ceb8ed5c3e3e4cb00e433a44b6c8,11273,CANONICAL_OUTPUT
outputs_reports_v2_3b_1_structure_scientific_audit_csv,outputs/reports/v2_3b_1_structure_scientific_audit.csv,5aaafb658fc6392ab44c70cc09e5efbc45ab75c428321a1f9b8d99504935197c,12882,CANONICAL_OUTPUT
outputs_reports_v2_3b_1_susceptibility_spot_checks_csv,outputs/reports/v2_3b_1_susceptibility_spot_checks.csv,3ae8f0f63f684ce3f13ccdd5f3fe5bc89f6097f1085772ef3f4687f5844aeff7,586,CANONICAL_OUTPUT
outputs_reports_v2_3b_1_table_integrity_csv,outputs/reports/v2_3b_1_table_integrity.csv,8026adebb5cac2f94826310fc06d3664a50cb8cb9c18cbe5905bcf74a96d15f9,267,CANONICAL_OUTPUT
outputs_reports_v2_3b_1_terrain_spot_checks_csv,outputs/reports/v2_3b_1_terrain_spot_checks.csv,13bdcfaf057bbf08216d7bfc9784cf417b61db421e7a82e93f1c93ab6145368b,536,CANONICAL_OUTPUT
outputs_reports_v2_3b_1_test_log_txt,outputs/reports/v2_3b_1_test_log.txt,51892a62cdf5b898efea27f692ebfd25f8a14e77d88dbf98c5b69774006ecb9f,2727,CANONICAL_OUTPUT
outputs_reports_v2_3b_baseline_verification_csv,outputs/reports/v2_3b_baseline_verification.csv,363bf85c8ac6819cf3d3d5ce597733c18a7ef5f2952fc697fbe53224e12db423,1004,CANONICAL_OUTPUT
outputs_reports_v2_3b_build_log_txt,outputs/reports/v2_3b_build_log.txt,4af378fd8f13db8f26b2dc2e58a6f3df998e795c658f938343218713e1a3240b,2533,CANONICAL_OUTPUT
outputs_reports_v2_3b_data_readiness_audit_csv,outputs/reports/v2_3b_data_readiness_audit.csv,8c3b7e9c5852b8ea9392c8f174a5bfd6ef62071dccba203a3c9cbb3c59875839,15135,CANONICAL_OUTPUT
outputs_reports_v2_3b_landcover_class_lookup_csv,outputs/reports/v2_3b_landcover_class_lookup.csv,e94be4cdc965786c6ce1d4194657cae58d80bdf756ef93ed9489b0fa4fdad005,504,CANONICAL_OUTPUT
outputs_reports_v2_3b_landslide_validation_context_csv,outputs/reports/v2_3b_landslide_validation_context.csv,86a3c315fbd2d47ae2d3da44c4c100cd63d136d0f6676f5bec3654dbfe0aa892,23560,CANONICAL_OUTPUT
outputs_reports_v2_3b_output_hashes_csv,outputs/reports/v2_3b_output_hashes.csv,caca878407f850e5786fec2773f7dee07ad8abe842a6928217e4347502d049ac,1388,CANONICAL_OUTPUT
outputs_reports_v2_3b_post_merge_build_log_txt,outputs/reports/v2_3b_post_merge_build_log.txt,00360fa6f01e7dcc5d188b9dec2add07f8993f827ace6242596c45fb09f088c4,2544,CANONICAL_OUTPUT
outputs_reports_v2_3b_post_merge_test_log_txt,outputs/reports/v2_3b_post_merge_test_log.txt,87535e8242313a709b4a544ee863967cea3ac386d3016a36bb6189cc364a8964,2703,CANONICAL_OUTPUT
outputs_reports_v2_3b_screenshot_manifest_csv,outputs/reports/v2_3b_screenshot_manifest.csv,2aa356782c6ff2961848a7cefde0e5e80c6cb779703627c7ef3922b72687de63,2453,CANONICAL_OUTPUT
outputs_reports_v2_3b_segment_coverage_report_csv,outputs/reports/v2_3b_segment_coverage_report.csv,f355f758c97e82e9b9153dc3189c1936fb2e7247d7397e2b766c500aa2fc8d23,10302,CANONICAL_OUTPUT
outputs_reports_v2_3b_segment_feature_dictionary_csv,outputs/reports/v2_3b_segment_feature_dictionary.csv,ace5521d82aa577e0e152701622be07e6f8d0c63a1350a791e29fb4319e94cad,12735,CANONICAL_OUTPUT
outputs_reports_v2_3b_segment_feature_provenance_csv,outputs/reports/v2_3b_segment_feature_provenance.csv,30e398d6324b17640c2e493cf2dcedc12c662f6a998464752c469db291258fbd,21213,CANONICAL_OUTPUT
outputs_reports_v2_3b_segment_static_features_csv,outputs/reports/v2_3b_segment_static_features.csv,dfa062942f18333ef345aa00ecfdfff54945c1c695c8b32c1fddc0d963ddbe22,63138,CANONICAL_OUTPUT
outputs_reports_v2_3b_test_log_txt,outputs/reports/v2_3b_test_log.txt,622942b095cb48299ac1ac4e5bddc9c901350a6d4bc8e2604870c017b8740127,1409,CANONICAL_OUTPUT
outputs_reports_v2_3c_1_block_validation_evidence_csv,outputs/reports/v2_3c_1_block_validation_evidence.csv,b557c7ed7869496392b5597d13b5a9c5438ba9620e1a51bfc5a47a62832b299f,170,CANONICAL_OUTPUT
outputs_reports_v2_3c_1_build_log_txt,outputs/reports/v2_3c_1_build_log.txt,10a6c5cf65db6ee0c43e6d7f2663d0bab5f7f152b89d242f9d9e7481a2bea154,2535,CANONICAL_OUTPUT
outputs_reports_v2_3c_1_component_construction_audit_csv,outputs/reports/v2_3c_1_component_construction_audit.csv,6ad23ebbfb69ac56bd879548fc0eca88ee55a5c01b087fae2dda49f11a521e6a,901,CANONICAL_OUTPUT
outputs_reports_v2_3c_1_component_validation_evidence_csv,outputs/reports/v2_3c_1_component_validation_evidence.csv,d3c5f31b177323f93c9b88f09563ee064e19b051e597d74b55b397961f125051,467,CANONICAL_OUTPUT
outputs_reports_v2_3c_1_confidence_profile_audit_csv,outputs/reports/v2_3c_1_confidence_profile_audit.csv,eb5e88ce190ce178859f7a3920edea2357e5893c609df71050256cf8d03fd1f7,252,CANONICAL_OUTPUT
outputs_reports_v2_3c_1_directionality_audit_csv,outputs/reports/v2_3c_1_directionality_audit.csv,79659d7c8868357f9ff75f01f84e93951df6f0dac28a9ca76e0651231db9fc6d,1760,CANONICAL_OUTPUT
outputs_reports_v2_3c_1_feature_disposition_csv,outputs/reports/v2_3c_1_feature_disposition.csv,b21dac6e7c396d625c213c02b1b0c653bc400acea8918c8afdf5e9d556e54f84,20961,CANONICAL_OUTPUT
outputs_reports_v2_3c_1_input_verification_csv,outputs/reports/v2_3c_1_input_verification.csv,f07aa274b4fc2818ba5758ec64ebde55cf7cd37d89a7c43bdb710465b6984ab4,609,CANONICAL_OUTPUT
outputs_reports_v2_3c_1_landslide_count_reconciliation_csv,outputs/reports/v2_3c_1_landslide_count_reconciliation.csv,a848faa33585fe6e3f3664a511656309a7d15c2a160454ec5102f974bb040911,855,CANONICAL_OUTPUT
outputs_reports_v2_3c_1_morans_i_audit_csv,outputs/reports/v2_3c_1_morans_i_audit.csv,14031bbd302a17188c168c00097b04f9e42846a1c226566e041d22a0cbe28d60,434,CANONICAL_OUTPUT
outputs_reports_v2_3c_1_normalization_audit_csv,outputs/reports/v2_3c_1_normalization_audit.csv,607903e9ced8618f98abe00532946624790e42239c741e5e9504f84c1e45a0dc,1859,CANONICAL_OUTPUT
outputs_reports_v2_3c_1_pareto_utility_review_csv,outputs/reports/v2_3c_1_pareto_utility_review.csv,7a9d867582abdbc83707666dd87ccfd3f0c97106e5f8c69a45fd404c1c6fdca6,407,CANONICAL_OUTPUT
outputs_reports_v2_3c_1_reproducibility_csv,outputs/reports/v2_3c_1_reproducibility.csv,d8e71060c508101b572d682d8be7469fc076f224dda025a621201055432943ce,357,CANONICAL_OUTPUT
outputs_reports_v2_3c_1_selection_stability_evidence_csv,outputs/reports/v2_3c_1_selection_stability_evidence.csv,af9d446833f2354f59cd4eff3803a1057f99c815223197c4818b727693f50465,1303,CANONICAL_OUTPUT
outputs_reports_v2_3c_1_structure_context_review_csv,outputs/reports/v2_3c_1_structure_context_review.csv,a79b0f5b00962d57c75328799acd3b431b3a6a150f25b39626256b556369e269,372,CANONICAL_OUTPUT
outputs_reports_v2_3c_1_susceptibility_feature_review_csv,outputs/reports/v2_3c_1_susceptibility_feature_review.csv,822073fafe320ab8d935eeda15e00371ec39f994b49c7f9c9e5a43db4c6b8dee,432,CANONICAL_OUTPUT
outputs_reports_v2_3c_1_test_log_txt,outputs/reports/v2_3c_1_test_log.txt,43b29cddad2aa9a56cbf012c9ca4413aa7763cba462ae9094803f610f46dc158,4650,CANONICAL_OUTPUT
outputs_reports_v2_3c_build_log_txt,outputs/reports/v2_3c_build_log.txt,3480a4d579bd03d5bccb9096994d825c40f46cdcc00db79720f7f3f2a4eb5710,2533,CANONICAL_OUTPUT
outputs_reports_v2_3c_component_buffer_sensitivity_csv,outputs/reports/v2_3c_component_buffer_sensitivity.csv,cbe3e06b7f8a20c5eb505103f9591799e4b65df71f7f007cc343d5defe4a3f39,295,CANONICAL_OUTPUT
outputs_reports_v2_3c_component_dictionary_csv,outputs/reports/v2_3c_component_dictionary.csv,23307b748944e75465231ab85a1ce1cf8c7915bc24e53aa116238e2185e64038,681,CANONICAL_OUTPUT
outputs_reports_v2_3c_component_validation_csv,outputs/reports/v2_3c_component_validation.csv,46d4cd93446a20b2e6d511dc5ad569cc00b8deb0abbf8cef7d598f9cdc02fa31,544,CANONICAL_OUTPUT
outputs_reports_v2_3c_feature_correlation_clusters_csv,outputs/reports/v2_3c_feature_correlation_clusters.csv,760b8a64cab80598c102e108317256a139340e5a1a71af4517c0dcb5ab881911,1399,CANONICAL_OUTPUT
outputs_reports_v2_3c_feature_representative_selection_csv,outputs/reports/v2_3c_feature_representative_selection.csv,28d771fa4109685867002855932f1266090d95c5d94558b2233c02027e92a26f,1105,CANONICAL_OUTPUT
outputs_reports_v2_3c_feature_selection_stability_csv,outputs/reports/v2_3c_feature_selection_stability.csv,b58097cb0e919d9fa00cd01c30874091152f571e6dccbfd7bd676f753ddd9769,162,CANONICAL_OUTPUT
outputs_reports_v2_3c_input_release_verification_csv,outputs/reports/v2_3c_input_release_verification.csv,1b9496e34dcf289d39e6cb21552e63913bfb1363b6f32e812eeefa5d3815b4ad,525,CANONICAL_OUTPUT
outputs_reports_v2_3c_mathematical_dependency_audit_csv,outputs/reports/v2_3c_mathematical_dependency_audit.csv,2f5c3024b1cad52ee587ccf66b49cafe0391ca82e104ed9b69234044485ba227,9840,CANONICAL_OUTPUT
outputs_reports_v2_3c_multicollinearity_audit_csv,outputs/reports/v2_3c_multicollinearity_audit.csv,c0611ff6fc8bf6e495bb0ece7302ed10556265e413380fe00e8b370055430441,851,CANONICAL_OUTPUT
outputs_reports_v2_3c_normalization_parameters_csv,outputs/reports/v2_3c_normalization_parameters.csv,64b814763102d8577456feaecbc14b8d6bc164eb50fe515d804c8afcf0b3524d,718,CANONICAL_OUTPUT
outputs_reports_v2_3c_output_hashes_csv,outputs/reports/v2_3c_output_hashes.csv,1775abd23414d17bfdc89a0a4a99b961e9dc4aa82afebb00adb13307e3586e28,2988,CANONICAL_OUTPUT
outputs_reports_v2_3c_pareto_profile_analysis_csv,outputs/reports/v2_3c_pareto_profile_analysis.csv,edf8c8d4b058847e841f6715e7dbc2faae3bd429f33bbfbe29ce0d6067925525,9438,CANONICAL_OUTPUT
outputs_reports_v2_3c_post_merge_build_log_txt,outputs/reports/v2_3c_post_merge_build_log.txt,e0bd9ff2ca631dc4b131dfe80bc546b8f622b1690b37398c364532a38581ab30,2544,CANONICAL_OUTPUT
outputs_reports_v2_3c_post_merge_test_log_txt,outputs/reports/v2_3c_post_merge_test_log.txt,d28347baef4f16351855b1c5d72bd8fc95f566db3f712c7d902d08a814dba2a8,710,CANONICAL_OUTPUT
outputs_reports_v2_3c_scientific_feature_registry_csv,outputs/reports/v2_3c_scientific_feature_registry.csv,f6c0182567ef1f8455b1ba47dcd1bf72bc57a09ea1d6f4cbc0b9775d8842c241,32557,CANONICAL_OUTPUT
outputs_reports_v2_3c_segment_component_profiles_csv,outputs/reports/v2_3c_segment_component_profiles.csv,4fae29a07db11c5bf63e73679823ddc86190d01ed82929a02f11591c9315815a,49435,CANONICAL_OUTPUT
outputs_reports_v2_3c_segment_interpretations_csv,outputs/reports/v2_3c_segment_interpretations.csv,340e299f5c9b3447954332d084451223507f7dd1bf9b78f22ad73b32981cd52d,66075,CANONICAL_OUTPUT
outputs_reports_v2_3c_selected_feature_set_csv,outputs/reports/v2_3c_selected_feature_set.csv,8011010daf8eda15081c0e7a41f0b3c715f38980b3e5add8a095deab5ef9f993,2921,CANONICAL_OUTPUT
outputs_reports_v2_3c_spatial_autocorrelation_csv,outputs/reports/v2_3c_spatial_autocorrelation.csv,c7687d837c315d910d70a3ec207fdb2d38064934c78de99f402d44427626d387,387,CANONICAL_OUTPUT
outputs_reports_v2_3c_spatial_block_validation_csv,outputs/reports/v2_3c_spatial_block_validation.csv,a168b049d6daed28876ec3cd2c0921b3d769f425c0ac823ed3fe52be8b1662e3,172,CANONICAL_OUTPUT
outputs_reports_v2_3c_structure_interpretation_rules_csv,outputs/reports/v2_3c_structure_interpretation_rules.csv,debe3199dd519e2f81a7df798d8e91342fd9ce1a355e4a07b612d17849e0277f,866,CANONICAL_OUTPUT
outputs_reports_v2_3c_test_log_txt,outputs/reports/v2_3c_test_log.txt,b99bcf50ae459051170e236589d82ddc864e8c3fe4ba34d5bcaca95689fdf144,4633,CANONICAL_OUTPUT
outputs_reports_v2_3d_1_block_bootstrap_audit_csv,outputs/reports/v2_3d_1_block_bootstrap_audit.csv,7ed3acae47104c259604d9f55a2b3cb03670b04cff9f5365ee22a4e517657d2c,321,CANONICAL_OUTPUT
outputs_reports_v2_3d_1_block_validation_evidence_csv,outputs/reports/v2_3d_1_block_validation_evidence.csv,1b3b3651e3c8a0300eacb509f6407d7949df4ce6cf91578dde38fead66fc9e87,185,CANONICAL_OUTPUT
outputs_reports_v2_3d_1_build_log_txt,outputs/reports/v2_3d_1_build_log.txt,c6bd111d582b31d93831f19f7526492d7984c34d7a0d3be2edde415ac568c260,2535,CANONICAL_OUTPUT
outputs_reports_v2_3d_1_consensus_construction_audit_csv,outputs/reports/v2_3d_1_consensus_construction_audit.csv,424a8a3948fda2e400f25c44e8c45b39b1b9e67fdf9e98cdeb08cdee1d379601,338,CANONICAL_OUTPUT
outputs_reports_v2_3d_1_epsilon_overlap_audit_csv,outputs/reports/v2_3d_1_epsilon_overlap_audit.csv,21f3d057d0c0e0329d16858d6b9bfc9a9f685f6774ebcef1f196265497f73ea1,356,CANONICAL_OUTPUT
outputs_reports_v2_3d_1_geometric_mean_epsilon_sensitivity_csv,outputs/reports/v2_3d_1_geometric_mean_epsilon_sensitivity.csv,49d2dd9ab03a7a17540d66ccf75a35257e78e77e607d0eb4a027de2792d13cf1,229,CANONICAL_OUTPUT
outputs_reports_v2_3d_1_input_identity_audit_csv,outputs/reports/v2_3d_1_input_identity_audit.csv,b7aa15026cbf7ade55420447dfd6de58f15de6f72977c57e48dc3624eaad96d4,718,CANONICAL_OUTPUT
outputs_reports_v2_3d_1_method_agreement_audit_csv,outputs/reports/v2_3d_1_method_agreement_audit.csv,0daa6403b9ddec304f8a0e7017dc0f86fb10c18659763ff76e740fb0b0671571,443,CANONICAL_OUTPUT
outputs_reports_v2_3d_1_method_count_reconciliation_csv,outputs/reports/v2_3d_1_method_count_reconciliation.csv,b85babee8bbc47e93194e35c8f3135a755ac482b329affc4868c6c201701cee2,1135,CANONICAL_OUTPUT
outputs_reports_v2_3d_1_method_formula_audit_csv,outputs/reports/v2_3d_1_method_formula_audit.csv,3814ad47492fc00584c3e2e0011dd3e20478165f45577d1b60849a17324f8aa2,1107,CANONICAL_OUTPUT
outputs_reports_v2_3d_1_method_validation_evidence_csv,outputs/reports/v2_3d_1_method_validation_evidence.csv,f44f20ca6af31368d38cc4c5933f4d83f1a0c13e89aeddabf52d190412e4bab6,943,CANONICAL_OUTPUT
outputs_reports_v2_3d_1_morans_i_audit_csv,outputs/reports/v2_3d_1_morans_i_audit.csv,dfbec5a1fcd2e325aa158824577adfea0354dd1c60c73e7db20c25522aaf7c4d,256,CANONICAL_OUTPUT
outputs_reports_v2_3d_1_rank_uncertainty_decomposition_csv,outputs/reports/v2_3d_1_rank_uncertainty_decomposition.csv,104988b2e57fb6926282b916ca4b395912e9b4f6697c2341119984e47cab211b,8051,CANONICAL_OUTPUT
outputs_reports_v2_3d_1_reproducibility_csv,outputs/reports/v2_3d_1_reproducibility.csv,b93bc24fa9266756e262c27351a36bf5dfdd69001229ace08b3b2df5c9e16437,177,CANONICAL_OUTPUT
outputs_reports_v2_3d_1_structure_interpretation_audit_csv,outputs/reports/v2_3d_1_structure_interpretation_audit.csv,399e6d8f23b33e9501a06484492a84da79136d443facbe577a299103e218bf2b,489,CANONICAL_OUTPUT
outputs_reports_v2_3d_1_test_log_txt,outputs/reports/v2_3d_1_test_log.txt,ad66f3cc5ecacadbc4077f7308196fe35af73bae5d6347af06d72730e868a667,5408,CANONICAL_OUTPUT
outputs_reports_v2_3d_1_top_set_stability_audit_csv,outputs/reports/v2_3d_1_top_set_stability_audit.csv,f3ddf92f0c2e4023206b16d8c782c9472a95c4b12e65e06e5e9c075cf3bca3e1,279,CANONICAL_OUTPUT
outputs_reports_v2_3d_1_topsis_audit_csv,outputs/reports/v2_3d_1_topsis_audit.csv,613dc7e7ef6c8f65ce5d758dda9ed160146838028691ef923794163af6a84e32,334,CANONICAL_OUTPUT
outputs_reports_v2_3d_1_upper_consensus_stability_audit_csv,outputs/reports/v2_3d_1_upper_consensus_stability_audit.csv,17a3c0f392921905a930746db4f43d67f0248d6e6747d3d59dbf40b87cdb3797,322,CANONICAL_OUTPUT
outputs_reports_v2_3d_1_weight_vector_audit_csv,outputs/reports/v2_3d_1_weight_vector_audit.csv,c8ff6eb878aa9183f752d3fbad1ba22fe75c9a31c05630da860965c9521b7241,271,CANONICAL_OUTPUT
outputs_reports_v2_3d_block_bootstrap_manifest_csv,outputs/reports/v2_3d_block_bootstrap_manifest.csv,b64ddc40f8bec4a2f32c7f667d6af155f49ccf4add552768b7837a5d7dbe6c7e,99,CANONICAL_OUTPUT
outputs_reports_v2_3d_build_log_txt,outputs/reports/v2_3d_build_log.txt,bc7325c0c6f7ceb6a533a7d90fedd6c3eac2bd9ce08d09bd925c2d0c0137a259,2533,CANONICAL_OUTPUT
outputs_reports_v2_3d_consensus_prioritization_csv,outputs/reports/v2_3d_consensus_prioritization.csv,b0e86caff3e99475415e7cc7e5cb525d8b6ab8689c28d11d94dd6ddc964f8b7f,40015,CANONICAL_OUTPUT
outputs_reports_v2_3d_consensus_validation_csv,outputs/reports/v2_3d_consensus_validation.csv,3564c27e6653b96c43007a2cf02e9cd0e2d62b224cd1bb01122203c7650644ef,144,CANONICAL_OUTPUT
outputs_reports_v2_3d_dimension_registry_csv,outputs/reports/v2_3d_dimension_registry.csv,d790ebb9be161ff3d7b31dd95e0f02d379acf2db637e43d6ce1e96f604264ad0,1079,CANONICAL_OUTPUT
outputs_reports_v2_3d_input_release_verification_csv,outputs/reports/v2_3d_input_release_verification.csv,31ebeb85b1b02cc5f5ddb19dc00856290e869a0d3639596b1909525debb43a92,697,CANONICAL_OUTPUT
outputs_reports_v2_3d_method_agreement_csv,outputs/reports/v2_3d_method_agreement.csv,f5674cc277177e44b75ad1e099a4dea8538747402bdbbd590150b427687adc99,1343,CANONICAL_OUTPUT
outputs_reports_v2_3d_method_registry_csv,outputs/reports/v2_3d_method_registry.csv,af8a2956682ebcf68fbc40050bad6fbf1a8800dbb710c3d379a4e7b913572b4d,1291,CANONICAL_OUTPUT
outputs_reports_v2_3d_method_scores_and_ranks_csv,outputs/reports/v2_3d_method_scores_and_ranks.csv,f0336bba526c8d6ed0bb87b434a9556f6ac48fa0293d6b4e95f529e55bea6c81,22772,CANONICAL_OUTPUT
outputs_reports_v2_3d_method_validation_csv,outputs/reports/v2_3d_method_validation.csv,615a2f33daa175dc5cb737708cbc267b9bece801eb22bf6bd9a12e4af637405f,1012,CANONICAL_OUTPUT
outputs_reports_v2_3d_output_hashes_csv,outputs/reports/v2_3d_output_hashes.csv,944670be4b06959c3d17279609cabc26e6e8e99aeff7796cd8051c3d88514379,2880,CANONICAL_OUTPUT
outputs_reports_v2_3d_post_merge_build_log_txt,outputs/reports/v2_3d_post_merge_build_log.txt,b40e4f8038290b783f77e83b15da04dfa39d18839a8c6ea3b22a531174112fef,2544,CANONICAL_OUTPUT
outputs_reports_v2_3d_post_merge_test_log_txt,outputs/reports/v2_3d_post_merge_test_log.txt,f54ebf176dd075bd466ff8c907fd00bd48f50da5541719dc5e94d0202af0028e,762,CANONICAL_OUTPUT
outputs_reports_v2_3d_prioritization_spatial_autocorrelation_csv,outputs/reports/v2_3d_prioritization_spatial_autocorrelation.csv,4af852de7ba471c37873651096dd382f31d398a918592d4be7fb8c2b941d577d,153,CANONICAL_OUTPUT
outputs_reports_v2_3d_rank_uncertainty_csv,outputs/reports/v2_3d_rank_uncertainty.csv,5287b070c6d50bc577f83add63581e3e7acd3085e8d21bf2d3f5c52c7494dbff,7786,CANONICAL_OUTPUT
outputs_reports_v2_3d_reproducibility_csv,outputs/reports/v2_3d_reproducibility.csv,d265c82b234dd4320d25a09cb981e3968a15e10b425446c8a1844488bbc03c8e,142,CANONICAL_OUTPUT
outputs_reports_v2_3d_segment_explanations_csv,outputs/reports/v2_3d_segment_explanations.csv,394927af8756f891b5949e6c6c062027d570606de3ec2e07f313b4c719cbbc2c,81269,CANONICAL_OUTPUT
outputs_reports_v2_3d_segment_method_disagreement_csv,outputs/reports/v2_3d_segment_method_disagreement.csv,53677bdaeeedb8ca4d9489b4000d259b243aa3f25a8f20e5f48252b562727883,7394,CANONICAL_OUTPUT
outputs_reports_v2_3d_spatial_block_validation_csv,outputs/reports/v2_3d_spatial_block_validation.csv,09d9943fbe4eb59afa0287a7b7b2e7846458366cca9db91cf9a8f4639c48f63e,127,CANONICAL_OUTPUT
outputs_reports_v2_3d_structure_aware_prioritization_csv,outputs/reports/v2_3d_structure_aware_prioritization.csv,dc81149d386de27e207e2c7a27065630b34e144335cd2fde03f9e97f453eb3a4,14540,CANONICAL_OUTPUT
outputs_reports_v2_3d_test_log_txt,outputs/reports/v2_3d_test_log.txt,c0810529dd938f52d691c3b8b963c583aa63f635574dd9b09eb9aa1919f8b1eb,5384,CANONICAL_OUTPUT
outputs_reports_v2_3d_top_set_stability_csv,outputs/reports/v2_3d_top_set_stability.csv,3a3f5c581256d4b105aafe4864b29ce5897229e13968d953c740fd0dba2d92ca,304,CANONICAL_OUTPUT
outputs_reports_v2_3d_weight_perturbation_csv,outputs/reports/v2_3d_weight_perturbation.csv,fdd1c7c357d828d052f2121efd6f83e422cdc233f11ba07b9f313c4b758bd8d6,8284,CANONICAL_OUTPUT
outputs_reports_v2_3d_weight_vector_manifest_csv,outputs/reports/v2_3d_weight_vector_manifest.csv,253764a6a3c30ab075d67f0a8d237a4efb97ddc890b4ce6b0fdf89851bac2152,85107,CANONICAL_OUTPUT
outputs_reports_v2_3e_1_api7_audit_csv,outputs/reports/v2_3e_1_api7_audit.csv,2b8af4e3bad05787fddaf125068644d53a32363dda932decfbddd4a1fda13b97,256,CANONICAL_OUTPUT
outputs_reports_v2_3e_1_build_log_txt,outputs/reports/v2_3e_1_build_log.txt,3f75094d1dec1476ce1979cc538bcdc8e6a1c7378da979c207189b9091bc3b8f,2535,CANONICAL_OUTPUT
outputs_reports_v2_3e_1_climatology_quantile_audit_csv,outputs/reports/v2_3e_1_climatology_quantile_audit.csv,e3a493bcdd244a6305434e3dbbb93b9a4f525dc27419014b7b336030f530d246,410,CANONICAL_OUTPUT
outputs_reports_v2_3e_1_dynamic_band_audit_csv,outputs/reports/v2_3e_1_dynamic_band_audit.csv,fbdf8d1923591a049c6365524f611bea7e904981023c5a1adac398f3819c0891,305,CANONICAL_OUTPUT
outputs_reports_v2_3e_1_dynamic_formula_audit_csv,outputs/reports/v2_3e_1_dynamic_formula_audit.csv,f2b48c50a9e9b3dfaec2eac3b0c541ca142f5927cabcc2b4d0aa749759e612e6,402,CANONICAL_OUTPUT
outputs_reports_v2_3e_1_dynamic_uncertainty_decomposition_csv,outputs/reports/v2_3e_1_dynamic_uncertainty_decomposition.csv,e80ccb2ce032ccaf8fff18392d09cbc823acc28a4d645745cd6bb849287e860f,240,CANONICAL_OUTPUT
outputs_reports_v2_3e_1_input_identity_audit_csv,outputs/reports/v2_3e_1_input_identity_audit.csv,141ea67f9730135d1df48f295b2c52af1f2f1b328e91de0a7e1c25f4a17622a5,867,CANONICAL_OUTPUT
outputs_reports_v2_3e_1_rainfall_quality_reconciliation_csv,outputs/reports/v2_3e_1_rainfall_quality_reconciliation.csv,f0315fc501a042c0d2942e0d4a0090de1536af8e34c4e4a5d4e0a47271e9a2d1,273,CANONICAL_OUTPUT
outputs_reports_v2_3e_1_rainfall_source_provenance_csv,outputs/reports/v2_3e_1_rainfall_source_provenance.csv,653bab008c1d8c044ee2ad849e553da95417058d516440f18a69f29948906a84,3686,CANONICAL_OUTPUT
outputs_reports_v2_3e_1_reproducibility_csv,outputs/reports/v2_3e_1_reproducibility.csv,f85091a9d1d9d66b3142b995a7253008afb2ee8239a6f61b20506753489596d6,114,CANONICAL_OUTPUT
outputs_reports_v2_3e_1_row_count_reconciliation_csv,outputs/reports/v2_3e_1_row_count_reconciliation.csv,2c4bcd18b8049ae4c36f5b368aa3cde6e2b369d8ff33e849ab4299d221c19ef2,820,CANONICAL_OUTPUT
outputs_reports_v2_3e_1_scenario_classification_csv,outputs/reports/v2_3e_1_scenario_classification.csv,ff543fe82a5d9779e02bf341f7bfc0204d65d41d6a78da24c08e48cfa435c0ee,1689,CANONICAL_OUTPUT
outputs_reports_v2_3e_1_spatial_support_audit_csv,outputs/reports/v2_3e_1_spatial_support_audit.csv,e3a5d5d16b28f696dba015688fd40aa86d519dd9b79c6727fced53ac1ca895eb,336,CANONICAL_OUTPUT
outputs_reports_v2_3e_1_spatial_validation_limitations_csv,outputs/reports/v2_3e_1_spatial_validation_limitations.csv,2bbae37e5f56840e697d422c0457e846f404a57463867037d1307e4af8d710ab,225,CANONICAL_OUTPUT
outputs_reports_v2_3e_1_static_dynamic_rank_audit_csv,outputs/reports/v2_3e_1_static_dynamic_rank_audit.csv,2329794550f732f852ba9d2fd514ae350f3e302dd3168f973cf537082bb5c895,315,CANONICAL_OUTPUT
outputs_reports_v2_3e_1_structure_interpretation_audit_csv,outputs/reports/v2_3e_1_structure_interpretation_audit.csv,6e2aef5dcff5b9858656963ab9ccab7b38470528206ac718fed927482139a510,134,CANONICAL_OUTPUT
outputs_reports_v2_3e_1_temporal_completeness_csv,outputs/reports/v2_3e_1_temporal_completeness.csv,cf85b487d4083bff62fc101506494b4d334064b015cdd253f05a82f3c74fd82d,473,CANONICAL_OUTPUT
outputs_reports_v2_3e_1_temporal_validation_audit_csv,outputs/reports/v2_3e_1_temporal_validation_audit.csv,b9f9661732b484f8db98024d9369c902041b45f142decb457592e97374d9818f,140,CANONICAL_OUTPUT
outputs_reports_v2_3e_1_test_log_txt,outputs/reports/v2_3e_1_test_log.txt,7b01a5af9646c20ed7fb7ce80db4a42be5ffb08982ad65612b478fe43c503fe4,810,CANONICAL_OUTPUT
outputs_reports_v2_3e_2_build_log_txt,outputs/reports/v2_3e_2_build_log.txt,3f7b5a15b5653ae7620997d2a827b25a48d72dd8fb628852ce3aa8efdbb01482,2535,CANONICAL_OUTPUT
outputs_reports_v2_3e_2_dhi_d_redundancy_proof_csv,outputs/reports/v2_3e_2_dhi_d_redundancy_proof.csv,655eea45c360ed3b7ed1c2670954668492537a3b9ca231f9026350a0a75f2dcc,630,CANONICAL_OUTPUT
outputs_reports_v2_3e_2_dhi_formula_correlation_matrix_csv,outputs/reports/v2_3e_2_dhi_formula_correlation_matrix.csv,03156f9612d8bb9a2e455325ce52bed0f58e3389dfa0e1f3db43c8fb15f1225c,710,CANONICAL_OUTPUT
outputs_reports_v2_3e_2_input_verification_csv,outputs/reports/v2_3e_2_input_verification.csv,141ea67f9730135d1df48f295b2c52af1f2f1b328e91de0a7e1c25f4a17622a5,867,CANONICAL_OUTPUT
outputs_reports_v2_3e_2_quality_count_audit_csv,outputs/reports/v2_3e_2_quality_count_audit.csv,feec59bb853eac14666e7fa12d1e77c8802f34dfba546ed937924ee643bf9215,352,CANONICAL_OUTPUT
outputs_reports_v2_3e_2_rainfall_entity_reconciliation_csv,outputs/reports/v2_3e_2_rainfall_entity_reconciliation.csv,5e93633687e0560f48e9cd8022805092699f77b6b27da52a9b171892436de768,1024,CANONICAL_OUTPUT
outputs_reports_v2_3e_2_scenario_definition_reconciliation_csv,outputs/reports/v2_3e_2_scenario_definition_reconciliation.csv,018762bceb62f4a8a3d5082c129e730717dfaeee1d33729894c9390d2ba194f3,1992,CANONICAL_OUTPUT
outputs_reports_v2_3e_2_spatial_support_terminology_csv,outputs/reports/v2_3e_2_spatial_support_terminology.csv,9229f479798838d63827dccbb2dc49edf9dde1b59696dccc77aa69de9478f886,493,CANONICAL_OUTPUT
outputs_reports_v2_3e_2_static_dynamic_differentiation_csv,outputs/reports/v2_3e_2_static_dynamic_differentiation.csv,da41eb56df9d4bafd1d815505e6d671e2133291cd9a93363c79743e809429de9,333,CANONICAL_OUTPUT
outputs_reports_v2_3e_2_test_log_txt,outputs/reports/v2_3e_2_test_log.txt,25d807e71cb0946ee4920ac5ddfb9c3e366853c4726fbf42d7f258e4f460581e,829,CANONICAL_OUTPUT
outputs_reports_v2_3e_2_validation_statement_audit_csv,outputs/reports/v2_3e_2_validation_statement_audit.csv,a22eeeebeb2e75ecffd4a2c0f5b7a9b6deb2e85a4c8ca96dd0829ce01e62d986,260,CANONICAL_OUTPUT
outputs_reports_v2_3e_2_window_count_reconciliation_csv,outputs/reports/v2_3e_2_window_count_reconciliation.csv,ca88bc26ca4523e911b91416a959651a918f066bedae78871163e07fa5767de7,517,CANONICAL_OUTPUT
outputs_reports_v2_3e_antecedent_rainfall_indices_csv,outputs/reports/v2_3e_antecedent_rainfall_indices.csv,3e3e96869dd6f86fbfd6acab738877abbde3e7518362f11387c06f8e8e820ac0,267,CANONICAL_OUTPUT
outputs_reports_v2_3e_build_log_txt,outputs/reports/v2_3e_build_log.txt,81123f6696a8542670d4bffd42f3f81b53f41d819f090cf87801f5c91b4b16a6,2533,CANONICAL_OUTPUT
outputs_reports_v2_3e_climatology_support_csv,outputs/reports/v2_3e_climatology_support.csv,02387c744cfd8756ee6cfd9fca9ffa30c0c3311339eadc99bee72ef9c55d7036,190,CANONICAL_OUTPUT
outputs_reports_v2_3e_dynamic_formula_registry_csv,outputs/reports/v2_3e_dynamic_formula_registry.csv,21d402c400d29b29140eb9b12f65bf66c2e0450a1c3f445f91b94339a2068c0e,514,CANONICAL_OUTPUT
outputs_reports_v2_3e_dynamic_hazard_indicators_csv,outputs/reports/v2_3e_dynamic_hazard_indicators.csv,e89dd80a19a56768accb37a007b829b6af3473967991b3eb9520bda1bf97e62a,67087,CANONICAL_OUTPUT
outputs_reports_v2_3e_dynamic_uncertainty_csv,outputs/reports/v2_3e_dynamic_uncertainty.csv,dea7dfeb4fc695227d2c634fc32ada0ac19e521398d9908add97d291684566e1,6441,CANONICAL_OUTPUT
outputs_reports_v2_3e_dynamic_validation_csv,outputs/reports/v2_3e_dynamic_validation.csv,70229a878cb052ddf74ed9810e1fe200d4155eb2cf2a00a1e33a0adb9e00fd5a,170,CANONICAL_OUTPUT
outputs_reports_v2_3e_formula_sensitivity_csv,outputs/reports/v2_3e_formula_sensitivity.csv,aa7f1999914d8f7dcc29337fb007ec18ffa75ed8605a958f7160ec78d9136351,181,CANONICAL_OUTPUT
outputs_reports_v2_3e_input_release_verification_csv,outputs/reports/v2_3e_input_release_verification.csv,141ea67f9730135d1df48f295b2c52af1f2f1b328e91de0a7e1c25f4a17622a5,867,CANONICAL_OUTPUT
outputs_reports_v2_3e_output_hashes_csv,outputs/reports/v2_3e_output_hashes.csv,16f195c54c6380d9992a8672c1097a26231a98febca9c8c43cc64420affaae12,3579,CANONICAL_OUTPUT
outputs_reports_v2_3e_post_merge_build_log_txt,outputs/reports/v2_3e_post_merge_build_log.txt,505b7e494e041e93632ed058f0ec454500e8264b836c151fd9f58f574cc6e25d,2544,CANONICAL_OUTPUT
outputs_reports_v2_3e_post_merge_test_log_txt,outputs/reports/v2_3e_post_merge_test_log.txt,8fea19d266a784f9a0a628d3784840417cead2bf7b27069db3c5f2ddd8e0e046,834,CANONICAL_OUTPUT
outputs_reports_v2_3e_rainfall_data_readiness_csv,outputs/reports/v2_3e_rainfall_data_readiness.csv,6f13c63010a6e5754dcaacc12b94a13651c3a0accbb39b9afe531d0f2fabc807,1932,CANONICAL_OUTPUT
outputs_reports_v2_3e_rainfall_quality_csv,outputs/reports/v2_3e_rainfall_quality.csv,d2d82266a57d0d9d0c91461ad7999a626825e5ccced46ca6227a723f4b02441b,212,CANONICAL_OUTPUT
outputs_reports_v2_3e_rainfall_scenario_registry_csv,outputs/reports/v2_3e_rainfall_scenario_registry.csv,175217f263145efe39e0c94983abbfc3682b2803a1a6db2ba2cd9f79cef5d57d,405,CANONICAL_OUTPUT
outputs_reports_v2_3e_rainfall_trigger_indices_csv,outputs/reports/v2_3e_rainfall_trigger_indices.csv,1c128cfce1db874a8622caece5f25345da17ff933090bb731eedaafb8299e7a4,420,CANONICAL_OUTPUT
outputs_reports_v2_3e_reproducibility_csv,outputs/reports/v2_3e_reproducibility.csv,73d9b59d1c9251ddf0da31f64cdcf99bb7459e14a7704a87256830431078bd29,142,CANONICAL_OUTPUT
outputs_reports_v2_3e_scenario_sensitivity_csv,outputs/reports/v2_3e_scenario_sensitivity.csv,836bd30c35e861f1b822ece4a1529be854f7023bed8f85047fcc002775377217,214,CANONICAL_OUTPUT
outputs_reports_v2_3e_segment_dynamic_interpretations_csv,outputs/reports/v2_3e_segment_dynamic_interpretations.csv,1ca40304a2e5d2b636941c818baf7355815da7a51588916f734c4d2b8fc2b3b6,68068,CANONICAL_OUTPUT
outputs_reports_v2_3e_segment_rainfall_profiles_csv,outputs/reports/v2_3e_segment_rainfall_profiles.csv,5bdd5326391dd2f89a2c11a6bd0623de2ef554a4a4d259769697ccc40b89a781,53396,CANONICAL_OUTPUT
outputs_reports_v2_3e_spatial_standardization_csv,outputs/reports/v2_3e_spatial_standardization.csv,848531c25060ead40f8302b1c3792a671eecb153d783442695744874378f0351,278,CANONICAL_OUTPUT
outputs_reports_v2_3e_structure_aware_dynamic_interpretation_csv,outputs/reports/v2_3e_structure_aware_dynamic_interpretation.csv,4fd657e5eaa5a6da51f0ce7d02f775c48d65e2f189629f200ac519a61741e160,12472,CANONICAL_OUTPUT
outputs_reports_v2_3e_temporal_standardization_csv,outputs/reports/v2_3e_temporal_standardization.csv,32b2f196c48e0902b3b0e094c36fc462c0cca55e301b6bee483709db59516cef,340,CANONICAL_OUTPUT
outputs_reports_v2_3e_temporal_validation_eligibility_csv,outputs/reports/v2_3e_temporal_validation_eligibility.csv,d91a05335bc41b079c0e731af6b716a5de6e3fdecd147ab338bcc98b1d54a809,235,CANONICAL_OUTPUT
outputs_reports_v2_3e_test_log_txt,outputs/reports/v2_3e_test_log.txt,096f38994bfb6b745731459986426af08545d5f0874fc9a3bc434f032596cb94,785,CANONICAL_OUTPUT
outputs_reports_v2_3f_authoritative_scenario_definitions_csv,outputs/reports/v2_3f_authoritative_scenario_definitions.csv,d7bc1914dae18b374dbd6a5d21cbd4736700a1feb3b6bda4a54085764346608b,2444,CANONICAL_OUTPUT
outputs_reports_v2_3f_build_log_txt,outputs/reports/v2_3f_build_log.txt,60b8c53c0756b5b49ab5d3fbba31d75ffc3e1da259fa1cefc1f9317434e13e55,2533,CANONICAL_OUTPUT
outputs_reports_v2_3f_formulation_spearman_matrix_csv,outputs/reports/v2_3f_formulation_spearman_matrix.csv,f79184bd5d607863b8cf7441f7402199f2d250727970ba061cbbb5431595069d,660,CANONICAL_OUTPUT
outputs_reports_v2_3f_native_cell_support_summary_csv,outputs/reports/v2_3f_native_cell_support_summary.csv,565df41397c062204f1d9ed2a0d2fc5b89e9d55e30e29f2f18f9ccda04f61da6,380,CANONICAL_OUTPUT
outputs_reports_v2_3f_output_hashes_csv,outputs/reports/v2_3f_output_hashes.csv,d1810546423feafe9fcb846e05b1ceca370a0ccdf4535fb1442c914e69ec3975,1478,CANONICAL_OUTPUT
outputs_reports_v2_3f_r1_build_log_txt,outputs/reports/v2_3f_r1_build_log.txt,9ce412a510edd03f9893811af81430f483c3ebdc64eede01fd5fff204bbfc474,2536,CANONICAL_OUTPUT
outputs_reports_v2_3f_r1_native_cell_reconciliation_csv,outputs/reports/v2_3f_r1_native_cell_reconciliation.csv,369c4e4b979c5a7a8c8c69983da11e18410d7d3eec4267de4d19c4f02d09bdb4,247,CANONICAL_OUTPUT
outputs_reports_v2_3f_r1_output_hashes_csv,outputs/reports/v2_3f_r1_output_hashes.csv,e50acd372486ec5016ca0b50faff7efa67d867fd9af2399e25101a23ebaf0a89,1020,CANONICAL_OUTPUT
outputs_reports_v2_3f_r1_release_integrity_reconciliation_csv,outputs/reports/v2_3f_r1_release_integrity_reconciliation.csv,07bff1e80d1ce7078dfa16846662f87a8a9e126a9f8833c2bb41b96bc1481f6e,1087,CANONICAL_OUTPUT
outputs_reports_v2_3f_r1_scenario_pairwise_spearman_csv,outputs/reports/v2_3f_r1_scenario_pairwise_spearman.csv,154601298c3069f656aec0a41f5d9a633dffefae766ce871a8612e5cbb70a2e5,4141,CANONICAL_OUTPUT
outputs_reports_v2_3f_r1_stability_count_reconciliation_csv,outputs/reports/v2_3f_r1_stability_count_reconciliation.csv,a3a6bf910a90422d64db50cc227e87bc5ea341af82f7b60c1ea47d7cb5caccc2,396,CANONICAL_OUTPUT
outputs_reports_v2_3f_r1_test_log_txt,outputs/reports/v2_3f_r1_test_log.txt,6c86887a9e1973f86de8ea274969ceba0978243f314e7917095d29f8828d1d39,855,CANONICAL_OUTPUT
outputs_reports_v2_3f_r1_uncertainty_reconciliation_csv,outputs/reports/v2_3f_r1_uncertainty_reconciliation.csv,116b96cd18888ccff8d24f892006d978fb8af28963c0a847154752ded9f9db95,402,CANONICAL_OUTPUT
outputs_reports_v2_3f_r1_validation_audit_results_csv,outputs/reports/v2_3f_r1_validation_audit_results.csv,b4806ac5d89735c8338396eb3839c1b2814055e93a7635411dfed14a6ff08d44,770,CANONICAL_OUTPUT
outputs_reports_v2_3f_r2_authoritative_scenario_definitions_csv,outputs/reports/v2_3f_r2_authoritative_scenario_definitions.csv,d73289b54703acbdca8f4ca185219c32e36fd27969d0d6c1d8ebdd0a0731f4fe,1546,CANONICAL_OUTPUT
outputs_reports_v2_3f_r2_build_log_txt,outputs/reports/v2_3f_r2_build_log.txt,349f12b921203cc266c736f1bd99be595aba0dbe399c1cff0ba5c4db6ab45ddc,2536,CANONICAL_OUTPUT
outputs_reports_v2_3f_r2_native_cell_evidence_csv,outputs/reports/v2_3f_r2_native_cell_evidence.csv,d69c437868e98af15388c99397d69dadd5aa1da5a62134f3793f8f19e8b71976,1363,CANONICAL_OUTPUT
outputs_reports_v2_3f_r2_output_hashes_csv,outputs/reports/v2_3f_r2_output_hashes.csv,bf14f77efaffb9b97d168202e0d3e3d19cc6ca73f388f84f5b310820fd2af719,1148,CANONICAL_OUTPUT
outputs_reports_v2_3f_r2_scenario_pairwise_spearman_csv,outputs/reports/v2_3f_r2_scenario_pairwise_spearman.csv,e71fccd5b1b96541af8eeea52057725f335aa9c9f93d5a82bb0405a75f5f5a44,7065,CANONICAL_OUTPUT
outputs_reports_v2_3f_r2_stability_count_reconciliation_csv,outputs/reports/v2_3f_r2_stability_count_reconciliation.csv,a3a6bf910a90422d64db50cc227e87bc5ea341af82f7b60c1ea47d7cb5caccc2,396,CANONICAL_OUTPUT
outputs_reports_v2_3f_r2_test_log_txt,outputs/reports/v2_3f_r2_test_log.txt,832d466d4ffcf6bb28dc2537e85ede79d9860efee80c7d057aa0ddc5536fa340,865,CANONICAL_OUTPUT
outputs_reports_v2_3f_r2_uncertainty_reconciliation_csv,outputs/reports/v2_3f_r2_uncertainty_reconciliation.csv,af9e7b78850cf8714297b7bf03ff079f4a5dfcdcd50b2bd0c26de84e060390ec,490,CANONICAL_OUTPUT
outputs_reports_v2_3f_r3_artifact_supersession_table_csv,outputs/reports/v2_3f_r3_artifact_supersession_table.csv,85ad1142196e6a499ae6157cac4782159d8c5d21bda772aa851af7b7277603bd,933,CANONICAL_OUTPUT
outputs_reports_v2_3f_r3_authoritative_scenario_definitions_csv,outputs/reports/v2_3f_r3_authoritative_scenario_definitions.csv,164fe304010468605bf01de54aeedd028ad84f5e585eece7ceef0d4dcd872fd3,1635,CANONICAL_OUTPUT
outputs_reports_v2_3f_r3_build_log_txt,outputs/reports/v2_3f_r3_build_log.txt,8ff9e78a689ec0bb856853d90848607ef5ce3b4303dc789c8011bfec4a1f2587,2536,CANONICAL_OUTPUT
outputs_reports_v2_3f_r3_derived_support_location_evidence_csv,outputs/reports/v2_3f_r3_derived_support_location_evidence.csv,236d4ff67c964f93679f4e0626c81a111519339d66b1c3e4d01a950f92d3594a,1285,CANONICAL_OUTPUT
outputs_reports_v2_3f_r3_dhi_constant_value_trace_csv,outputs/reports/v2_3f_r3_dhi_constant_value_trace.csv,53ae6e412b7fcf2fc37e1bbf71e3a85de139bd05c48806121ead2492ef814b80,1499,CANONICAL_OUTPUT
outputs_reports_v2_3f_r3_native_gpm_cell_evidence_csv,outputs/reports/v2_3f_r3_native_gpm_cell_evidence.csv,83f0f1f3d292c90d07598136dbf484cbd2a15c7c601fb805e6bd143823765647,478,CANONICAL_OUTPUT
outputs_reports_v2_3f_r3_output_hashes_csv,outputs/reports/v2_3f_r3_output_hashes.csv,415debe6c97d5caa0e3a4e6aaf968717e2fed4105624870a9ba707392e226336,1699,CANONICAL_OUTPUT
outputs_reports_v2_3f_r3_pooled_cross_scenario_severity_association_csv,outputs/reports/v2_3f_r3_pooled_cross_scenario_severity_association.csv,2d3bdc2078c69d4eab55b4bf9c1268dd7fde7c1e3279ad164721e810a52ff717,1143,CANONICAL_OUTPUT
outputs_reports_v2_3f_r3_scenario_pairwise_spearman_csv,outputs/reports/v2_3f_r3_scenario_pairwise_spearman.csv,1e9dcf3d864cedc17516d50d0bc2aefc4d2995448657244a520602d7b3d9d399,3868,CANONICAL_OUTPUT
outputs_reports_v2_3f_r3_segment_native_cell_mapping_csv,outputs/reports/v2_3f_r3_segment_native_cell_mapping.csv,4ec9cffef9505d6b175affd8919b379215334f6de188d8bdc7f49afd1117a1ad,10325,CANONICAL_OUTPUT
outputs_reports_v2_3f_r3_test_log_txt,outputs/reports/v2_3f_r3_test_log.txt,84f330d19a2be86330992ea36ba73cf3d6d8edf3a9b57ecb6ba1b291b81ce7ca,876,CANONICAL_OUTPUT
outputs_reports_v2_3f_r3_uncertainty_reconciliation_csv,outputs/reports/v2_3f_r3_uncertainty_reconciliation.csv,082afc2adbdebe3636873bfa9f896bc954dcab7e941a144ec63a650f8593444f,636,CANONICAL_OUTPUT
outputs_reports_v2_3f_r3_validation_audit_results_csv,outputs/reports/v2_3f_r3_validation_audit_results.csv,564d661b0b7e7bc018c0b078dcb5a827b20377a9564dde2e79b4a4132ea18b31,813,CANONICAL_OUTPUT
outputs_reports_v2_3f_r4_artifact_supersession_table_csv,outputs/reports/v2_3f_r4_artifact_supersession_table.csv,47b2502727a7e9bf98e08dd18752b73f9e8fd3fb642bd20978e2f3bc6e84f559,1095,CANONICAL_OUTPUT
outputs_reports_v2_3f_r4_authoritative_scenario_definitions_csv,outputs/reports/v2_3f_r4_authoritative_scenario_definitions.csv,270ece7c0f16c3834a80a6fad4af15c7b8e174455f528f1f23e5b9746a5f8ad4,2138,CANONICAL_OUTPUT
outputs_reports_v2_3f_r4_build_log_txt,outputs/reports/v2_3f_r4_build_log.txt,c6e7366e68a1e5104b654c1c27590b4c6025c51b7ce2f244147aa5f43e942ca3,2536,CANONICAL_OUTPUT
outputs_reports_v2_3f_r4_derived_support_location_evidence_csv,outputs/reports/v2_3f_r4_derived_support_location_evidence.csv,42ec0e6fc724dc30ab28d3be6a87bab97a410352cfdc8a7010fa54fb9f9e4d12,2524,CANONICAL_OUTPUT
outputs_reports_v2_3f_r4_dhi_constant_value_trace_csv,outputs/reports/v2_3f_r4_dhi_constant_value_trace.csv,4a54af29502f8db734d88728c72ea12ebd2c98d6d836993e4c5eab4a991478be,1594,CANONICAL_OUTPUT
outputs_reports_v2_3f_r4_dhi_d_redundancy_audit_csv,outputs/reports/v2_3f_r4_dhi_d_redundancy_audit.csv,dfc699e99b6938155ad87e3c72d8f2be87f901678bc244125f19046db842e0ae,343,CANONICAL_OUTPUT
outputs_reports_v2_3f_r4_native_gpm_cell_evidence_csv,outputs/reports/v2_3f_r4_native_gpm_cell_evidence.csv,6c716ce7ca20a304acc9e77fd0eb2b7e6b80a3541d89111bd2b1b7f20b817b0a,979,CANONICAL_OUTPUT
outputs_reports_v2_3f_r4_output_hashes_csv,outputs/reports/v2_3f_r4_output_hashes.csv,163751b8a2632f9857732b06cb1131223456add941c61e75402cb2243b7d1fe1,2025,CANONICAL_OUTPUT
outputs_reports_v2_3f_r4_pooled_cross_scenario_severity_association_csv,outputs/reports/v2_3f_r4_pooled_cross_scenario_severity_association.csv,2d3bdc2078c69d4eab55b4bf9c1268dd7fde7c1e3279ad164721e810a52ff717,1143,CANONICAL_OUTPUT
outputs_reports_v2_3f_r4_scenario_pairwise_spearman_csv,outputs/reports/v2_3f_r4_scenario_pairwise_spearman.csv,5c2dad20400fa15989d23910b12a3fbcb150f7a55d254b433d39d260a871df26,5807,CANONICAL_OUTPUT
outputs_reports_v2_3f_r4_segment_native_cell_mapping_csv,outputs/reports/v2_3f_r4_segment_native_cell_mapping.csv,c310f24e6473ec6a8eb48a518fcba62b875aa1c6b046b15f9a6ac210b8ab01b3,12708,CANONICAL_OUTPUT
outputs_reports_v2_3f_r4_segment_support_location_mapping_csv,outputs/reports/v2_3f_r4_segment_support_location_mapping.csv,0d3fd072937458866e03a29dfa9670557bd20e3059bf67be4d9faa1a923a9140,15075,CANONICAL_OUTPUT
outputs_reports_v2_3f_r4_test_log_txt,outputs/reports/v2_3f_r4_test_log.txt,34e884c496bc0bc7f1760bfc4a414dc986cef6f9b1f7a56775e79cbe345dbd92,885,CANONICAL_OUTPUT
outputs_reports_v2_3f_r4_uncertainty_reconciliation_csv,outputs/reports/v2_3f_r4_uncertainty_reconciliation.csv,ac31380f5fc9a3dcde77936448b9b7a87935e757cd9f5ed0e319df4b8ef64f44,1958,CANONICAL_OUTPUT
outputs_reports_v2_3f_r4_validation_audit_results_csv,outputs/reports/v2_3f_r4_validation_audit_results.csv,70afdd7cc993a5485021e1ca3a63277d5925d45ff2aad8771ec6baa6e53d5374,969,CANONICAL_OUTPUT
outputs_reports_v2_3f_r5_artifact_supersession_table_csv,outputs/reports/v2_3f_r5_artifact_supersession_table.csv,d662e4edd9eb0df6425ec0033f27e7c1f535dd9c2a5775763feaac1925ba7f97,874,CANONICAL_OUTPUT
outputs_reports_v2_3f_r5_authoritative_raster_metadata_csv,outputs/reports/v2_3f_r5_authoritative_raster_metadata.csv,ebc18bcadeea48f7957a7306258816ea8d36b044ccae037db78c33cf637b2fd2,540,CANONICAL_OUTPUT
outputs_reports_v2_3f_r5_authoritative_scenario_definitions_csv,outputs/reports/v2_3f_r5_authoritative_scenario_definitions.csv,461a8e63f4b75f337af14520f82e9f2c732df0976b243561f95ee43bd31931a5,2051,CANONICAL_OUTPUT
outputs_reports_v2_3f_r5_build_log_txt,outputs/reports/v2_3f_r5_build_log.txt,d1b55de823d0dace4b65a5cfd71d9f9b13cf7ce311757fd843c87bea15970020,3250,CANONICAL_OUTPUT
outputs_reports_v2_3f_r5_derived_support_location_evidence_csv,outputs/reports/v2_3f_r5_derived_support_location_evidence.csv,7f5fb4c68474414f346dce51a8711832a3dc71aa016442adc7d34b35c9bc5331,2220,CANONICAL_OUTPUT
outputs_reports_v2_3f_r5_dhi_constant_value_trace_csv,outputs/reports/v2_3f_r5_dhi_constant_value_trace.csv,f7d4fec6372c622b3cd6b2096a7abbd7f77a973f34b762fbbf0191201e4d4e26,1951,CANONICAL_OUTPUT
outputs_reports_v2_3f_r5_dhi_d_redundancy_audit_csv,outputs/reports/v2_3f_r5_dhi_d_redundancy_audit.csv,9026ad2ebaeecd8a209dfc5795469796b2f9e33332a23e0763615156de4b3679,755,CANONICAL_OUTPUT
outputs_reports_v2_3f_r5_native_cell_evidence_csv,outputs/reports/v2_3f_r5_native_cell_evidence.csv,0cc3b84f630e24f68bc19d6c321e005dd6f3e6727b46e8f4de5f39d7916a8186,3325,CANONICAL_OUTPUT
outputs_reports_v2_3f_r5_native_mapping_path_reconciliation_csv,outputs/reports/v2_3f_r5_native_mapping_path_reconciliation.csv,1642d5674f5784f6b78558b1d5d6963d8087ba115759c66ac473856aeee600b5,302,CANONICAL_OUTPUT
outputs_reports_v2_3f_r5_output_hashes_csv,outputs/reports/v2_3f_r5_output_hashes.csv,925050cf183be141c06aa8ad137ca936665d495848fd5b6ddfffca35a0e0f1b3,3788,CANONICAL_OUTPUT
outputs_reports_v2_3f_r5_pooled_cross_scenario_severity_association_csv,outputs/reports/v2_3f_r5_pooled_cross_scenario_severity_association.csv,2d3bdc2078c69d4eab55b4bf9c1268dd7fde7c1e3279ad164721e810a52ff717,1143,CANONICAL_OUTPUT
outputs_reports_v2_3f_r5_r4_mapping_defect_audit_csv,outputs/reports/v2_3f_r5_r4_mapping_defect_audit.csv,a1ce715f1796d0142fc68a65505cfbbfe95f1e97482b8dea6613499eb332925d,478,CANONICAL_OUTPUT
outputs_reports_v2_3f_r5_scenario_pairwise_spearman_csv,outputs/reports/v2_3f_r5_scenario_pairwise_spearman.csv,5c2dad20400fa15989d23910b12a3fbcb150f7a55d254b433d39d260a871df26,5807,CANONICAL_OUTPUT
outputs_reports_v2_3f_r5_scenario_provenance_audit_csv,outputs/reports/v2_3f_r5_scenario_provenance_audit.csv,b60b0be1b6669f5edd2ca52c2d05b5cc7405785943571900793c5838f3f9c3a8,479,CANONICAL_OUTPUT
outputs_reports_v2_3f_r5_scenario_variable_provenance_csv,outputs/reports/v2_3f_r5_scenario_variable_provenance.csv,e024deca7f58e28993ca88cdf830cfc25abadf1babe7e27c96ff0252d9b6e900,3498,CANONICAL_OUTPUT
outputs_reports_v2_3f_r5_segment_native_cell_mapping_csv,outputs/reports/v2_3f_r5_segment_native_cell_mapping.csv,4c19affb3f61309b508bca785c39a2837b68074dd38e8f6d904452c115b8ad85,47199,CANONICAL_OUTPUT
outputs_reports_v2_3f_r5_test_log_txt,outputs/reports/v2_3f_r5_test_log.txt,2c86a97b53da8722f958302ccda3b33cc5d54ae8f51582ce25f7f33a395b7801,8667,CANONICAL_OUTPUT
outputs_reports_v2_3f_r5_uncertainty_reconciliation_csv,outputs/reports/v2_3f_r5_uncertainty_reconciliation.csv,ac31380f5fc9a3dcde77936448b9b7a87935e757cd9f5ed0e319df4b8ef64f44,1958,CANONICAL_OUTPUT
outputs_reports_v2_3f_r5_validation_audit_results_csv,outputs/reports/v2_3f_r5_validation_audit_results.csv,ae613fe44b149f4088ff72812f2cdb1dd720b79ea133d1be55e3859ee81112e1,1011,CANONICAL_OUTPUT
outputs_reports_v2_3f_r6_authoritative_raster_metadata_csv,outputs/reports/v2_3f_r6_authoritative_raster_metadata.csv,8d3ea73bc535ab65ac823fd3435967418f0e48e16b68f065595bd83f51ca57fe,680,CANONICAL_OUTPUT
outputs_reports_v2_3f_r6_derived_support_location_evidence_csv,outputs/reports/v2_3f_r6_derived_support_location_evidence.csv,9d7a72faaf296e73cbe28cb8b1f147a6489f27914b7196bb42e8bb3b815201cd,2220,CANONICAL_OUTPUT
outputs_reports_v2_3f_r6_deterministic_audit_summary_csv,outputs/reports/v2_3f_r6_deterministic_audit_summary.csv,4b6e5d75d1c104e27b52e7cd7c649ea501c0d6ebcdb8b5ff765fc468f47a90c1,446,CANONICAL_OUTPUT
outputs_reports_v2_3f_r6_dhi_constant_value_trace_csv,outputs/reports/v2_3f_r6_dhi_constant_value_trace.csv,49170104754915172c68f896f83acca0e0a1a870b5fdc43462bd0ecf072d91ef,1776,CANONICAL_OUTPUT
outputs_reports_v2_3f_r6_dhi_d_redundancy_audit_csv,outputs/reports/v2_3f_r6_dhi_d_redundancy_audit.csv,f405be0aab9f6accccdf8444d632238006ce860f0142ea9a73377ba9ba8fa851,830,CANONICAL_OUTPUT
outputs_reports_v2_3f_r6_native_cell_evidence_csv,outputs/reports/v2_3f_r6_native_cell_evidence.csv,f8e7927d1a62593caf7ead35d7784fd692a148b4294d47a427b02b86bf9474f0,3336,CANONICAL_OUTPUT
outputs_reports_v2_3f_r6_native_mapping_path_reconciliation_csv,outputs/reports/v2_3f_r6_native_mapping_path_reconciliation.csv,a2a0ba5747b004b46130fae1dc8629892f12394f7af0a849c3a13f4502012bb4,397,CANONICAL_OUTPUT
outputs_reports_v2_3f_r6_output_hashes_csv,outputs/reports/v2_3f_r6_output_hashes.csv,d9c75fbd280b77663164432574242c6c020b27a66545b3faf828ca05a04ab0de,3925,CANONICAL_OUTPUT
outputs_reports_v2_3f_r6_r5_candidate_sha_reconciliation_csv,outputs/reports/v2_3f_r6_r5_candidate_sha_reconciliation.csv,0554265b1cdb3d19afe5c4a9a1a427e7394f345392c69c788b0baafa6be738ca,575,CANONICAL_OUTPUT
outputs_reports_v2_3f_r6_r5_comparison_audit_csv,outputs/reports/v2_3f_r6_r5_comparison_audit.csv,4c85b9fafc77adaa22589a1dbcb95162f920eab5270facdcdec3d228bd7c0089,775,CANONICAL_OUTPUT
outputs_reports_v2_3f_r6_scenario_pairwise_spearman_csv,outputs/reports/v2_3f_r6_scenario_pairwise_spearman.csv,608ed7cdaf5176f0f7ab4cf1a9b47a15f6af03aee7cf35a7ffe1f48887c505c8,5807,CANONICAL_OUTPUT
outputs_reports_v2_3f_r6_scenario_variable_provenance_csv,outputs/reports/v2_3f_r6_scenario_variable_provenance.csv,0a351fccac377670b402a754df81bd30267c01d6e2ac38a5591eefeb87cc932d,5323,CANONICAL_OUTPUT
outputs_reports_v2_3f_r6_segment_native_cell_mapping_csv,outputs/reports/v2_3f_r6_segment_native_cell_mapping.csv,9223f2b818a059343c70eae4ad8755cfc39e09a877a77e6ca54f8e2e7d61cb35,46567,CANONICAL_OUTPUT
outputs_reports_v2_3f_r6_uncertainty_reconciliation_csv,outputs/reports/v2_3f_r6_uncertainty_reconciliation.csv,2258807cacb14de5cba38166f7efde9e9bc079b4e1010f191633300bb3fcfa32,1990,CANONICAL_OUTPUT
outputs_reports_v2_3f_r6_validation_audit_results_csv,outputs/reports/v2_3f_r6_validation_audit_results.csv,fcdf6a88f03ef2be96ea854e34a557f0dce566a0cba52d45711391516285ea2f,985,CANONICAL_OUTPUT
outputs_reports_v2_3f_r7_authoritative_raster_metadata_csv,outputs/reports/v2_3f_r7_authoritative_raster_metadata.csv,06ebd97af06038c785e1d976b81ac0b905a1fc00ae67c797ca86fb423a434d24,787,CANONICAL_OUTPUT
outputs_reports_v2_3f_r7_derived_support_location_evidence_csv,outputs/reports/v2_3f_r7_derived_support_location_evidence.csv,67622b314f26a85ca03e2ff4a29042c061e9b10d343b3e82d80cc1123ac34d23,2220,CANONICAL_OUTPUT
outputs_reports_v2_3f_r7_deterministic_audit_summary_csv,outputs/reports/v2_3f_r7_deterministic_audit_summary.csv,cb8604a0218eb7459dd9f42090889e9be457de23ebf41a0e4892ced74766c668,446,CANONICAL_OUTPUT
outputs_reports_v2_3f_r7_dhi_constant_value_trace_csv,outputs/reports/v2_3f_r7_dhi_constant_value_trace.csv,49170104754915172c68f896f83acca0e0a1a870b5fdc43462bd0ecf072d91ef,1776,CANONICAL_OUTPUT
outputs_reports_v2_3f_r7_dhi_d_redundancy_audit_csv,outputs/reports/v2_3f_r7_dhi_d_redundancy_audit.csv,f405be0aab9f6accccdf8444d632238006ce860f0142ea9a73377ba9ba8fa851,830,CANONICAL_OUTPUT
outputs_reports_v2_3f_r7_native_cell_evidence_csv,outputs/reports/v2_3f_r7_native_cell_evidence.csv,6789c3d98a45eb74f9c6fbc757ff5de65379525498a65ddd5537334de78a9f85,5433,CANONICAL_OUTPUT
outputs_reports_v2_3f_r7_native_mapping_path_reconciliation_csv,outputs/reports/v2_3f_r7_native_mapping_path_reconciliation.csv,9c1e3805d24187dea59651c9943ecdd27aa34a413008da9a41f69f88f88e9a18,395,CANONICAL_OUTPUT
outputs_reports_v2_3f_r7_output_hashes_csv,outputs/reports/v2_3f_r7_output_hashes.csv,7dc36e58b5620ab1fbb0cc7584e5b8b660e8670d2bea7724bc3f3a494375d8e1,4395,CANONICAL_OUTPUT
outputs_reports_v2_3f_r7_r6_candidate_sha_reconciliation_csv,outputs/reports/v2_3f_r7_r6_candidate_sha_reconciliation.csv,35673d61fb836cc3b3256d3a6f1873a1306cacfc064b12d11a24f8c7f0a8ea38,518,CANONICAL_OUTPUT
outputs_reports_v2_3f_r7_r6_comparison_audit_csv,outputs/reports/v2_3f_r7_r6_comparison_audit.csv,d5b40df97a481eaccaef40e82d1397204c36102f1d6b199922e4fae99cc689a1,635,CANONICAL_OUTPUT
outputs_reports_v2_3f_r7_scenario_pairwise_spearman_csv,outputs/reports/v2_3f_r7_scenario_pairwise_spearman.csv,608ed7cdaf5176f0f7ab4cf1a9b47a15f6af03aee7cf35a7ffe1f48887c505c8,5807,CANONICAL_OUTPUT
outputs_reports_v2_3f_r7_scenario_variable_provenance_csv,outputs/reports/v2_3f_r7_scenario_variable_provenance.csv,fa7eebbe2971bbee857d321639f9c2d9f65e2f4493622f9c9446a1f4af66597b,5831,CANONICAL_OUTPUT
outputs_reports_v2_3f_r7_segment_native_cell_mapping_csv,outputs/reports/v2_3f_r7_segment_native_cell_mapping.csv,c60f972fe8e0f076e39a9b8c260df258c9d61435fd8a39fd75c1bcb97433e6b4,51339,CANONICAL_OUTPUT
outputs_reports_v2_3f_r7_uncertainty_reconciliation_csv,outputs/reports/v2_3f_r7_uncertainty_reconciliation.csv,712d5b50e9ef7a5e855ac020889957be18cfee89e7919fc71eda46b0ca5909fb,2172,CANONICAL_OUTPUT
outputs_reports_v2_3f_r7_validation_audit_results_csv,outputs/reports/v2_3f_r7_validation_audit_results.csv,635bb0ea3ba030ad54f72721110ce8b6611d18e940aa5a0447296266e8c3e710,985,CANONICAL_OUTPUT
outputs_reports_v2_3f_r8_authoritative_raster_metadata_csv,outputs/reports/v2_3f_r8_authoritative_raster_metadata.csv,baff33e5f547af8b389c63d70cadbdff5f4a0cc66db32964610fa4c76767d205,869,CANONICAL_OUTPUT
outputs_reports_v2_3f_r8_derived_support_location_evidence_csv,outputs/reports/v2_3f_r8_derived_support_location_evidence.csv,162f64eef1d2ec37d0e4c86f025caf19cbee47e2932d7af6c646a9e75a94bb8e,2220,CANONICAL_OUTPUT
outputs_reports_v2_3f_r8_deterministic_audit_summary_csv,outputs/reports/v2_3f_r8_deterministic_audit_summary.csv,377fec83fe9304256944f9a245c4569e83af21e47867941e5f09dee60616514b,442,CANONICAL_OUTPUT
outputs_reports_v2_3f_r8_dhi_constant_value_trace_csv,outputs/reports/v2_3f_r8_dhi_constant_value_trace.csv,b32eb7631b89aecc143c1547ea75147ae62330eee226fe7d30e8adf5ef193f72,1800,CANONICAL_OUTPUT
outputs_reports_v2_3f_r8_dhi_d_redundancy_audit_csv,outputs/reports/v2_3f_r8_dhi_d_redundancy_audit.csv,0edf64f1c0308abf4cb1febdcd82816227a7179c41f30c41495fd7fe58d4124f,868,CANONICAL_OUTPUT
outputs_reports_v2_3f_r8_historical_manifest_audit_csv,outputs/reports/v2_3f_r8_historical_manifest_audit.csv,9c3f5142b9d67f063621cbc6656ba252c29dfa11907456f9a0aee1daf3f277ce,1286,CANONICAL_OUTPUT
outputs_reports_v2_3f_r8_native_cell_evidence_csv,outputs/reports/v2_3f_r8_native_cell_evidence.csv,f8e176bbf213fd328ed8214691d80f1ee3dea280b2bbafc59a6ced908ee0aad8,5444,CANONICAL_OUTPUT
outputs_reports_v2_3f_r8_native_mapping_path_reconciliation_csv,outputs/reports/v2_3f_r8_native_mapping_path_reconciliation.csv,98f96b5b25d01d2e9e1c0d942dea045ce62ed23b9e3d47b9bd5e76c9d4f3528f,387,CANONICAL_OUTPUT
outputs_reports_v2_3f_r8_output_hashes_csv,outputs/reports/v2_3f_r8_output_hashes.csv,0e3c5fbc7e0cb5ddec23cb6e6a4a05da5e5c167e2e3174420f03ef99c5c9578c,5561,CANONICAL_OUTPUT
outputs_reports_v2_3f_r8_r7_comparison_audit_csv,outputs/reports/v2_3f_r8_r7_comparison_audit.csv,607d33ab08853276313745e4e9e7d38b055f799ef7cb5f64096cd1fd6933ba2f,1023,CANONICAL_OUTPUT
outputs_reports_v2_3f_r8_scenario_pairwise_spearman_csv,outputs/reports/v2_3f_r8_scenario_pairwise_spearman.csv,608ed7cdaf5176f0f7ab4cf1a9b47a15f6af03aee7cf35a7ffe1f48887c505c8,5807,CANONICAL_OUTPUT
outputs_reports_v2_3f_r8_scenario_variable_provenance_csv,outputs/reports/v2_3f_r8_scenario_variable_provenance.csv,42bd1d4ba86191ba323b4cfd52794d0545563bfb0d140660e50ef9fb1f73213a,5756,CANONICAL_OUTPUT
outputs_reports_v2_3f_r8_segment_native_cell_mapping_csv,outputs/reports/v2_3f_r8_segment_native_cell_mapping.csv,59b9b86722d066c26324f40702bfaf80d644ee4df6515cf251d3e3ac0cd1136b,49285,CANONICAL_OUTPUT
outputs_reports_v2_3f_r8_uncertainty_reconciliation_csv,outputs/reports/v2_3f_r8_uncertainty_reconciliation.csv,caafc2aea217d4d20c4d3055c4b63eb1a1a584e227d8bdd6a8b9aa37081ae969,2641,CANONICAL_OUTPUT
outputs_reports_v2_3f_r8_validation_audit_results_csv,outputs/reports/v2_3f_r8_validation_audit_results.csv,820604ed6e8654946f4a1c9b98925006806f24114f356a77919d6f431c53166f,985,CANONICAL_OUTPUT
outputs_reports_v2_3f_r8a2_2_authoritative_raster_metadata_csv,outputs/reports/v2_3f_r8a2_2_authoritative_raster_metadata.csv,baff33e5f547af8b389c63d70cadbdff5f4a0cc66db32964610fa4c76767d205,869,CANONICAL_OUTPUT
outputs_reports_v2_3f_r8a2_2_derived_support_location_evidence_csv,outputs/reports/v2_3f_r8a2_2_derived_support_location_evidence.csv,d8a2470611ae92a14f92a8d03eb1d3b80094981cc5c32b4ffc8cd7e9a3e0b093,2252,CANONICAL_OUTPUT
outputs_reports_v2_3f_r8a2_2_deterministic_audit_summary_csv,outputs/reports/v2_3f_r8a2_2_deterministic_audit_summary.csv,821e4a95c304a18e910ef5bfd5c589696bf3f2fb48d1100cdf2871fd9a269417,656,CANONICAL_OUTPUT
outputs_reports_v2_3f_r8a2_2_dhi_constant_value_trace_csv,outputs/reports/v2_3f_r8a2_2_dhi_constant_value_trace.csv,e6c663df22ba9c273fe516f11abadaa69b1cea2120e058285ed49787e854dd4a,1827,CANONICAL_OUTPUT
outputs_reports_v2_3f_r8a2_2_dhi_d_redundancy_audit_csv,outputs/reports/v2_3f_r8a2_2_dhi_d_redundancy_audit.csv,5d2d0c541cad58070385f50474dd7ec494fdd8e55e09617dd29363f047a660f0,877,CANONICAL_OUTPUT
outputs_reports_v2_3f_r8a2_2_historical_manifest_audit_csv,outputs/reports/v2_3f_r8a2_2_historical_manifest_audit.csv,7a04f67f4fc98d86e211f69474d1fca9d0d92af205bf90d89fb84120ad2ef968,1841,CANONICAL_OUTPUT
outputs_reports_v2_3f_r8a2_2_native_cell_evidence_csv,outputs/reports/v2_3f_r8a2_2_native_cell_evidence.csv,67b327e11724f6d14545389b68e8454dc5ff6c8c73ac216e42b62cebce0467e1,5444,CANONICAL_OUTPUT
outputs_reports_v2_3f_r8a2_2_native_mapping_path_reconciliation_csv,outputs/reports/v2_3f_r8a2_2_native_mapping_path_reconciliation.csv,fa6fe7e1b5652972c7bdcccdb720375352ea8cdb9ea249d8fde21f7cde7cb666,339,CANONICAL_OUTPUT
outputs_reports_v2_3f_r8a2_2_r7_comparison_audit_csv,outputs/reports/v2_3f_r8a2_2_r7_comparison_audit.csv,3c517c814a04b1a37e344c5ae634797372b4040c3ff2da0a59f348c1fd38138c,1036,CANONICAL_OUTPUT
outputs_reports_v2_3f_r8a2_2_scenario_pairwise_spearman_csv,outputs/reports/v2_3f_r8a2_2_scenario_pairwise_spearman.csv,6ef60bd0584dc0467acce82aa833750a0d311716bb1ef85cc4d5bfbf479e18e8,5899,CANONICAL_OUTPUT
outputs_reports_v2_3f_r8a2_2_scenario_variable_provenance_csv,outputs/reports/v2_3f_r8a2_2_scenario_variable_provenance.csv,42bd1d4ba86191ba323b4cfd52794d0545563bfb0d140660e50ef9fb1f73213a,5756,CANONICAL_OUTPUT
outputs_reports_v2_3f_r8a2_2_segment_native_cell_mapping_csv,outputs/reports/v2_3f_r8a2_2_segment_native_cell_mapping.csv,a78a868888fc3c53230ff73cb4aa001e9b73b3e9f8fdb7288dac6977036ef03d,55801,CANONICAL_OUTPUT
outputs_reports_v2_3f_r8a2_2_uncertainty_reconciliation_csv,outputs/reports/v2_3f_r8a2_2_uncertainty_reconciliation.csv,53adca40c668b9bcef91d7108e077975fd0b9cefdc86dac2e728b00de6b28e35,2718,CANONICAL_OUTPUT
outputs_reports_v2_3f_r8a2_2_validation_audit_results_csv,outputs/reports/v2_3f_r8a2_2_validation_audit_results.csv,1524078cd053bad85f62719a1bc5d589f1c6f3894b298a4565c78afd4241a956,2202,CANONICAL_OUTPUT
outputs_reports_v2_3f_release_record_reconciliation_csv,outputs/reports/v2_3f_release_record_reconciliation.csv,f4c83b9d8b01970d832bb59944605a39ae8ec2e17ec3b8e16e1a8cb451065d3d,434,CANONICAL_OUTPUT
outputs_reports_v2_3f_reproducibility_csv,outputs/reports/v2_3f_reproducibility.csv,76ad329c249e59415a6c4c897d8b8b6d52e6554d02bc10f8174b4551895bbb71,127,CANONICAL_OUTPUT
outputs_reports_v2_3f_scenario_segment_robustness_csv,outputs/reports/v2_3f_scenario_segment_robustness.csv,426cda9ceda034f818136fffb2727cd61761f8683b5fa5ce95017740e1e1e6fa,176792,CANONICAL_OUTPUT
outputs_reports_v2_3f_scenario_uncertainty_summary_csv,outputs/reports/v2_3f_scenario_uncertainty_summary.csv,f42224e4b1f291990e2647fbbba3d059b4bf389220d52a869b11fb446a1bcba6,360,CANONICAL_OUTPUT
outputs_reports_v2_3f_segment_stability_summary_csv,outputs/reports/v2_3f_segment_stability_summary.csv,f9151df92356984de9ab688e745e4577a60b524a161c6e2ed0eeee7cc1e2de81,9863,CANONICAL_OUTPUT
outputs_reports_v2_3f_test_log_txt,outputs/reports/v2_3f_test_log.txt,00f3b465ee88d6da154ee241902283609913a282c7b6f1911bd4a76aeb09dbf9,843,CANONICAL_OUTPUT
outputs_reports_v2_3f_validation_audit_results_csv,outputs/reports/v2_3f_validation_audit_results.csv,551b6050c17c4cbf864504e25a7ad66c3f3315f31579c8833c1cbf9c3c74a003,999,CANONICAL_OUTPUT
pyproject_toml,pyproject.toml,43aa1856ac7229829de2b5837b5914a35b50e521b0d2d9117453d57d84abef44,1145,DATA_OR_RESOURCE
render_yaml,render.yaml,22d27c3780fcc2c08f16a9ade3e0ac03f7e2dd2c8191856a8fb9e2e66b92c49f,384,DATA_OR_RESOURCE
requirements-api_txt,requirements-api.txt,b2488b2a991ffc90d15d158b39d39ec73382178a90954f34bfefc244bc5002ed,233,DATA_OR_RESOURCE
requirements_txt,requirements.txt,31d438f294c36faaac498ec412059275429a2792e73f2b3205d103738439b6af,457,DATA_OR_RESOURCE
scripts_audit_data_py,scripts/audit_data.py,edc3564d45eb6dd6bc09680f0bf47798102516c709250f572fd7a20da49b1221,1433,BUILD_SCRIPT
scripts_audit_forbidden_phrases_py,scripts/audit_forbidden_phrases.py,186275669e92ec146fa126a1b3ce718cfd7da9321a529defc6349e3774dbe51c,1166,BUILD_SCRIPT
scripts_build_boundary_py,scripts/build_boundary.py,bc3d6a7eab1092ba64b96f43d0d659ff2c7cc2094970319ec22e87a4e7393d57,5301,BUILD_SCRIPT
scripts_build_static_vector_layers_py,scripts/build_static_vector_layers.py,2421716a03ee1ea38f599833a5b6035e28061085f5dee0f7fec8709eed68b451,11561,BUILD_SCRIPT
scripts_build_terrain_derivatives_py,scripts/build_terrain_derivatives.py,16987aa38dc60ea2a9ec564734d0fa8ec8358cb5dcbcd0dc88e340dd38a39cf9,10892,BUILD_SCRIPT
scripts_build_terrain_mosaic_py,scripts/build_terrain_mosaic.py,efc5488d895dd388736660707a4a640dd4bbe41334317027ce7cc1a3a9f44bbf,9523,BUILD_SCRIPT
scripts_capture_final_functional_screenshots_py,scripts/capture_final_functional_screenshots.py,fee693f17ac053b86501474f7d5b85bd39bf30735b3c3edb74bf7e23c7793852,4372,BUILD_SCRIPT
scripts_capture_final_submission_screenshots_py,scripts/capture_final_submission_screenshots.py,12bae12e78089c9d86785e362a1cf41da6f350f868f907530620676f62054959,1795,BUILD_SCRIPT
scripts_capture_final_v1_screenshots_py,scripts/capture_final_v1_screenshots.py,fdebd54061a9e4f0c8d666effcf5abd0b1e2993bc23d8b0244d693b2292d986d,1771,BUILD_SCRIPT
scripts_capture_screenshots_py,scripts/capture_screenshots.py,1d305603930c1a1aa20026966c93f6e91d71408db2a20deee37b014499724653,1740,BUILD_SCRIPT
scripts_create_deployment_terrain_cogs_py,scripts/create_deployment_terrain_cogs.py,37869cca525003506376e69c545bbd6b9a9efe8e6723ddfaad2b3a68bb2cb74d,6872,BUILD_SCRIPT
scripts_discover_phase_2_inputs_py,scripts/discover_phase_2_inputs.py,981e5117074f82b9744c06ff59801c3c4de4b59e77c67660c6d547653322165f,14723,BUILD_SCRIPT
scripts_export_v2_3f_r8a2_2_ui_evidence_py,scripts/export_v2_3f_r8a2_2_ui_evidence.py,757ab10396fecc2e61e5d9c04159bc32709c873e101aa4abc7c1cbdeacbd260a,3657,BUILD_SCRIPT
scripts_generate_v1_acceptance_reports_py,scripts/generate_v1_acceptance_reports.py,9d14bb2f16a79bb662a2ad5a52acef44e885092d8319534dc6d9793e876a654d,10244,BUILD_SCRIPT
scripts_generate_v2_3f_r8a1_manifest_py,scripts/generate_v2_3f_r8a1_manifest.py,e9b49cb4d413836aefe9f5c035dafa3e069892995100da3f478a8ed91f045845,2898,BUILD_SCRIPT
scripts_generate_v2_3f_r8a2_2_manifest_py,scripts/generate_v2_3f_r8a2_2_manifest.py,9ec16b154efcf3718b74a9d35786c48f2817638da825351fc61b440a0d06f10d,3496,BUILD_SCRIPT
scripts_lock_dem_sources_py,scripts/lock_dem_sources.py,572154b96cc732a0bdb6850bbcea18546d44f7191f6f4fa5e83a4898d912c4d4,4467,BUILD_SCRIPT
scripts_maplibre_stress_test_py,scripts/maplibre_stress_test.py,94d29811babc1d5e9625315359ea3be41933d918c601d327d4956b7d2789de77,10475,BUILD_SCRIPT
scripts_phase_3_b1_master_grid_py,scripts/phase_3_b1_master_grid.py,36636c3a2ee4044f2c77673c561228f6bbb531f6e8907d1177e5ac65ade25a3a,29243,BUILD_SCRIPT
scripts_phase_3_b2a_terrain_features_py,scripts/phase_3_b2a_terrain_features.py,65c7ed5a3b4a713c719f48bb1affff5dad88c5593d229dbae4d990d94f07500b,25362,BUILD_SCRIPT
scripts_phase_3_b2b_hydrology_features_py,scripts/phase_3_b2b_hydrology_features.py,d6cecdbb4f487cbf2c201382e4064ef26fd4b94b2e047770a0c8efafb978f985,25261,BUILD_SCRIPT
scripts_phase_3_b3_feature_engineering_py,scripts/phase_3_b3_feature_engineering.py,5e132f12902a54aa733c893e006e530f898441005527f4d77c7d10737b5e02ea,42427,BUILD_SCRIPT
scripts_phase_3_b4_label_preparation_py,scripts/phase_3_b4_label_preparation.py,d011dffaba38ca9b76d624a2f7212124fece27c5c5cd89632a22f7c14367c94b,16134,BUILD_SCRIPT
scripts_phase_4_model_training_py,scripts/phase_4_model_training.py,fec1db21fd3c555b891dfaf62bb1764d308b894f51d974ecf049ffd1acbb5fe7,21052,BUILD_SCRIPT
scripts_phase_5_rainfall_hazard_pipeline_py,scripts/phase_5_rainfall_hazard_pipeline.py,2681136d1c6930f5ed1544e043a95b315b0864c28fa4bd2b9297d3d20d6aa9fd,15084,BUILD_SCRIPT
scripts_reprocess_boundaries_py,scripts/reprocess_boundaries.py,7d08b30786481d123a9cf8a985ad582a19e62b389f34bca10613122fcd50ef36,3995,BUILD_SCRIPT
scripts_reproduce_map_click_error_py,scripts/reproduce_map_click_error.py,c329060a164311d26c623f441f27abbaeedec625c42ba43815a988775ba7e3ee,849,BUILD_SCRIPT
scripts_run_phase_2_acceptance_audit_py,scripts/run_phase_2_acceptance_audit.py,c27da7be1e1e58bf7d769217b8e301185c6f853b81c69e6f837cb805aa2aa750,8751,BUILD_SCRIPT
scripts_run_playwright_verification_py,scripts/run_playwright_verification.py,f84b42800bfa278f3c7d5b171997a501911c54511cdf3cee5c3d6c4509b2d33b,8584,BUILD_SCRIPT
scripts_run_v1_release_audit_py,scripts/run_v1_release_audit.py,9201593317a6c68ff0d3c9a76fbecbb8e1180e6a2b69f8624c35de2a33136b6e,8673,BUILD_SCRIPT
scripts_run_v2_3f_r2_reproducibility_py,scripts/run_v2_3f_r2_reproducibility.py,0108f719f24d76b36dfccc71f4e32b6a9d968c25cd4246bc8835ed5143f33be1,793,BUILD_SCRIPT
scripts_run_v2_3f_r3_reproducibility_py,scripts/run_v2_3f_r3_reproducibility.py,61327b58847dbd008e53f2b94cbe8969ea177e8f1498db573a890ce24537564a,18798,BUILD_SCRIPT
scripts_run_v2_3f_r4_reproducibility_py,scripts/run_v2_3f_r4_reproducibility.py,9ba43d74aaff6c81397398e82c651a3290f055899149cd68787d2163f457540b,24804,BUILD_SCRIPT
scripts_run_v2_3f_r5_reproducibility_py,scripts/run_v2_3f_r5_reproducibility.py,162e6fa38442d66b3dba4a814e50bd86cc8c832761420de1cdb0956881bdd89f,30742,BUILD_SCRIPT
scripts_run_v2_3f_r6_reproducibility_py,scripts/run_v2_3f_r6_reproducibility.py,0ec80b9796ce5a8ef22968e2bf327d082d78504df1de7252b98a212397ef29be,37005,BUILD_SCRIPT
scripts_run_v2_3f_r7_reproducibility_py,scripts/run_v2_3f_r7_reproducibility.py,323a8419546cb476aa1f1f9e3e2540cb97780d7b5e4f9b5a24cd4de480108f24,38534,BUILD_SCRIPT
scripts_run_v2_3f_r8_reproducibility_py,scripts/run_v2_3f_r8_reproducibility.py,2afb9122b1e6974b7049b800fb50f64cd0b82be4eff384e3c727bec6229205dd,39508,BUILD_SCRIPT
scripts_run_v2_3f_r8a1_reproducibility_py,scripts/run_v2_3f_r8a1_reproducibility.py,8172e38124fd58c449f2938bf84408894f63e165c64667e896011829e6c97a95,26472,BUILD_SCRIPT
scripts_run_v2_3f_r8a2_2_pipeline_py,scripts/run_v2_3f_r8a2_2_pipeline.py,68e380bba1784657c1b300fe39a7de3e768f0ebfa774044387becd78b58d6805,20856,BUILD_SCRIPT
scripts_run_v2_3f_r8a2_2_reproducibility_py,scripts/run_v2_3f_r8a2_2_reproducibility.py,8c2e8c839b41e7ccff16c2775f1aa799f3e79fff182beeb324d1f7c92df06ec8,5157,BUILD_SCRIPT
scripts_run_v2_3f_reproducibility_py,scripts/run_v2_3f_reproducibility.py,35499ccb677c259c2373f4f7248d4a41b3ef7f516906fba486c110abfa40f9b3,750,BUILD_SCRIPT
scripts_search_contradictions_py,scripts/search_contradictions.py,89bfb845144b35fd03a71f4ffd370c17d54c4ead5e32eb555e70c92a3a36c9c6,1741,BUILD_SCRIPT
scripts_start_demo_bat,scripts/start_demo.bat,a391d42b2298727959183b72dd3115974e08b8000af9aa031fea7c62180a4911,1848,BUILD_SCRIPT
scripts_stop_demo_bat,scripts/stop_demo.bat,b29da7ff333ecd3660d6ab444dd6e7eae8fe2a76ee192a3dda38f019eabecec4,431,BUILD_SCRIPT
scripts_validate_deployment_terrain_cogs_py,scripts/validate_deployment_terrain_cogs.py,3a0670ee6d8fadb9943ff2d119b727a4c5d893810022464ab40a6f4e6b5351b9,6280,BUILD_SCRIPT
scripts_validate_v2_3f_r8a1_manifest_py,scripts/validate_v2_3f_r8a1_manifest.py,65a078395d9aa8bcddeb4d4296bd14ae494901cbd677844aa272f2cbd8711c63,3531,BUILD_SCRIPT
scripts_validate_v2_3f_r8a2_2_manifest_py,scripts/validate_v2_3f_r8a2_2_manifest.py,6d7d960a466199cad6400f41bf2d8170fe7f299e8fc908d280aac1bae00b0361,4552,BUILD_SCRIPT
scripts_verify_css_py,scripts/verify_css.py,eff93a25fdd0e906c31e5c4b86e8a5dc0472a26042507b10ec1b428ecfd95d2b,839,BUILD_SCRIPT
scripts_verify_css_runtime_py,scripts/verify_css_runtime.py,d2f78f511fc45da250fb241aaa4d12e0843dc7d0e2abbd67670d245d08ab694b,1070,BUILD_SCRIPT
scripts_verify_v2_3f_r8a2_2_repository_references_py,scripts/verify_v2_3f_r8a2_2_repository_references.py,6c2a582ffea07a418de8be08e611d9c0d810052b1e05d34dada6c23300d5adc7,1600,BUILD_SCRIPT
src_geoslide___init___py,src/geoslide/__init__.py,79587b5995ed2577f1a3d98a9e2d5ad9ea30db8ee106c3e948337732b09e7548,78,SOURCE_CODE
src_geoslide_audit___init___py,src/geoslide/audit/__init__.py,94715ab0b5cee93f9bb3ab45767670672ad510b52765b210dceb1f76bd6f76fe,154,SOURCE_CODE
src_geoslide_audit_discovery_py,src/geoslide/audit/discovery.py,cc09f485fa2c53e3d58f16e6e7e2e1447354d93d10e913f4fbe360dba683ce12,8863,SOURCE_CODE
src_geoslide_boundary_mapper_py,src/geoslide/boundary_mapper.py,d329a92b7aab16747b6b24185f25bde8cd05af6af0cace5da4c76a9644059b3a,5239,SOURCE_CODE
src_geoslide_scenario_loader_py,src/geoslide/scenario_loader.py,adb33054a204430796b8fad6cbd3d13b93da99866f5a53cef461f1e707b021f0,5820,SOURCE_CODE
src_geoslide_scientific_audits_py,src/geoslide/scientific_audits.py,f44b864177d62d7cf235b5645c1aa4d5eaf9e1dc201941451c0a74be05140e9c,12818,SOURCE_CODE
streamlit_app_README_STREAMLIT_md,streamlit_app/README_STREAMLIT.md,47f7398624183cbb9e0e2ac126f565273aadbbea734acbd96597532e50c0c0dc,1357,DATA_OR_RESOURCE
streamlit_app_assets_district_summary_csv,streamlit_app/assets/district_summary.csv,2fbc15d97c087ebf9971d1627d376bdeec647e8137694cb20c3364e3c10b23c8,1640,DATA_OR_RESOURCE
streamlit_app_assets_feature_importance_json,streamlit_app/assets/feature_importance.json,87b861a076519de32e3789655cde29d11fe97dc1deeedf4c4009efc54b073480,1257,DATA_OR_RESOURCE
streamlit_app_assets_geoslide-jk-emblem_png,streamlit_app/assets/geoslide-jk-emblem.png,82847ce4ac34b3c413d429f36d19eaada7688a96991ae56c318e4c9774116a10,65227,DATA_OR_RESOURCE
streamlit_app_assets_jk_districts_simplified_geojson,streamlit_app/assets/jk_districts_simplified.geojson,a790a72abe6991c9190511f98837a48d8ead7e0c109cfc1d997a815b8afd02e6,97215,DATA_OR_RESOURCE
streamlit_app_assets_model_metrics_json,streamlit_app/assets/model_metrics.json,817ccc8236c9183572a79b4150a0f9026fe92ed93c9c2e2b2b939ea363e16d41,940,DATA_OR_RESOURCE
streamlit_app_assets_preset_locations_csv,streamlit_app/assets/preset_locations.csv,a14c7654315077d5ee55c19bfbefcbf8aedd585ef82cc7686c816851312e0b6c,869,DATA_OR_RESOURCE
streamlit_app_data_validated_location_scenarios_json,streamlit_app/data/validated_location_scenarios.json,486a8e3b735c43e5b547cbfb09aa914ab44dae2fcca05292a8afd8cc18054cfa,3184,DATA_OR_RESOURCE
streamlit_app_requirements_txt,streamlit_app/requirements.txt,b7f99cd20c4834b38fc5ccff2e7b7a55dc20cbbccb7f4c1af008b297117643e0,18,DATA_OR_RESOURCE
streamlit_app_streamlit_app_py,streamlit_app/streamlit_app.py,02bd22173bab66d63be16c81c03124896c8f77c734e5fb24b43fdba692df87c1,2268,DATA_OR_RESOURCE
tests___init___py,tests/__init__.py,2f91ccecdb00ac848343d7879644e20976bf58e1fcea5c28f2caacf0de2709db,31,TEST_SUITE
tests_api_test_api_py,tests/api/test_api.py,3af4bbb01069076c828eea5087026b3bd46e2cfa69cefe996d478d20720aa757,1790,TEST_SUITE
tests_api_test_hardened_click_handler_py,tests/api/test_hardened_click_handler.py,87d114d69d118d51a5bb8f7646347bd1d87d4b82351a34432be0af44cca70061,2993,TEST_SUITE
tests_api_test_phase_6_full_api_py,tests/api/test_phase_6_full_api.py,30022cb46e2b197ba3b39f780fbd8769bd9c351183d2ed0dd426516e56503a77,3408,TEST_SUITE
tests_frontend_test_css_styling_py,tests/frontend/test_css_styling.py,b8089d8b5cc3fe330d29d013d95e386280896829952a1ae07cbefdb4ca21926b,4286,TEST_SUITE
tests_frontend_test_map_click_safety_py,tests/frontend/test_map_click_safety.py,abc1643bb528f280af36a4b40607c33e2a2497fa9c4cd55fb762c4953eff7347,2471,TEST_SUITE
tests_frontend_test_phase_2_1_synchronization_py,tests/frontend/test_phase_2_1_synchronization.py,71786066e1886eb0cdff8f1aa36f0f2681756457d7e120e062713160a2279a22,4737,TEST_SUITE
tests_frontend_test_ui_truthfulness_py,tests/frontend/test_ui_truthfulness.py,1f64334d17e01b2130707bd550d5bcf112f18611a0951479b1c29e8339ed7423,2327,TEST_SUITE
tests_geospatial_test_boundaries_py,tests/geospatial/test_boundaries.py,8f523cf0d4e440a53d4f83b6f9732a6cd99d4045dfd198d489d5bc1d35edc691,2980,TEST_SUITE
tests_geospatial_test_dem_selection_py,tests/geospatial/test_dem_selection.py,c91af65123faaaa0a24ccefe360ad81f47e2b1f0cd14390dda312428e34d68e6,1406,TEST_SUITE
tests_geospatial_test_phase_3_b1_grid_py,tests/geospatial/test_phase_3_b1_grid.py,6ae1438bf96d25356b8f1913a9ea740cba3f06d403fd49cfda6cdc42259cdc30,9329,TEST_SUITE
tests_geospatial_test_phase_3_b2a_terrain_py,tests/geospatial/test_phase_3_b2a_terrain.py,af623d3fb551c403e8dadd53252361b5a56c8cb56579c1d45927b3f3e9c43ced,11420,TEST_SUITE
tests_geospatial_test_phase_3_b2b_hydrology_py,tests/geospatial/test_phase_3_b2b_hydrology.py,d1bf4efda153dc0d9c7ad63bf2a87263df1a61c47aebe529f0edf9695c3cc214,8918,TEST_SUITE
tests_geospatial_test_phase_3_b3_features_py,tests/geospatial/test_phase_3_b3_features.py,22a1fdbf9a1529e628314161d3ec54cf9baf923498417e3d161f506728247bdd,9465,TEST_SUITE
tests_geospatial_test_phase_3_b4_labels_py,tests/geospatial/test_phase_3_b4_labels.py,8f28efb9946fdd9d47a4971fa7f9b712e4d36a93b9ae7dfecc36888cdb9e43d4,5771,TEST_SUITE
tests_geospatial_test_phase_5_rainfall_hazard_py,tests/geospatial/test_phase_5_rainfall_hazard.py,aee285d20461733bb2f6a00a83c4b6b95fee6304422863cc035375ae6f6f8815,4253,TEST_SUITE
tests_geospatial_test_static_layers_py,tests/geospatial/test_static_layers.py,72a894076e5ce593d35edc63bc860f6153bfae34fec72535fd3cfdb87e7f723f,1724,TEST_SUITE
tests_geospatial_test_terrain_py,tests/geospatial/test_terrain.py,e4043b047fc48b1f615c788a9eefe8c63274ecf96e579f5dc9da6431d1db0159,1902,TEST_SUITE
tests_ml_test_phase_4_susceptibility_model_py,tests/ml/test_phase_4_susceptibility_model.py,519452f886db8fe19cb5531be00042e87da4062ddc1d333686c2b073aad13f06,5367,TEST_SUITE
tests_run_all_tests_py,tests/run_all_tests.py,6b446ed98d22a630c1b6d5e1679f7f1f88e25aa1e8a29f3ab202f8ee189b0542,1803,TEST_SUITE
tests_test_data_discovery_py,tests/test_data_discovery.py,ddf85ca5e21f4daec1bc2400c0911e8a4e799621fb010a895d7e89033e9fbc7f,2715,TEST_SUITE
tests_test_nh44_anchor_numerical_audit_py,tests/test_nh44_anchor_numerical_audit.py,0c4c6dffc2258bf3f30b050096e8d8c641dbdbed870a884c5c6e02ef49aeefa4,3913,TEST_SUITE
tests_test_nh44_component_profile_scientific_review_py,tests/test_nh44_component_profile_scientific_review.py,6354e953c0beb6676aa7cd0d36ce9c2b3ecea5a8361feb22604c89d4ad82f04a,4474,TEST_SUITE
tests_test_nh44_dhi_robustness_uncertainty_py,tests/test_nh44_dhi_robustness_uncertainty.py,1ba227677a9043cb81ed1c916e57be431146c8a71a9821a6aafa942f19088582,3985,TEST_SUITE
tests_test_nh44_final_500m_segmentation_py,tests/test_nh44_final_500m_segmentation.py,f652a7d0fa45ac38b46b42def5d431b247aff59ba661bf6fee357db977a610b3,2411,TEST_SUITE
tests_test_nh44_final_authoritative_baseline_py,tests/test_nh44_final_authoritative_baseline.py,057074aabb1a2e965d519edc6c67d2d0d6a93c00c0063ce90e576039bb83a33c,9031,TEST_SUITE
tests_test_nh44_geometry_forensic_py,tests/test_nh44_geometry_forensic.py,7a988ceed1f2c6d4e8f438a872c485ea775974a6f8e7c98926e3368a92f31cd1,3907,TEST_SUITE
tests_test_nh44_mainline_repair_py,tests/test_nh44_mainline_repair.py,fe299c0e438cc7ebde0ab1ba605317607c39de72524f599edeb95a954794c255,3426,TEST_SUITE
tests_test_nh44_place_anchor_py,tests/test_nh44_place_anchor.py,999ac47233c0944c1fac23da0236e204c27f21af7d24d1ae629d70e596b0f916,3061,TEST_SUITE
tests_test_nh44_place_anchor_final_fix_py,tests/test_nh44_place_anchor_final_fix.py,1b65ea2a995a4e7531ac221aaa13565eede1ff66f2976c37ff46ccb2a2a78657,3509,TEST_SUITE
tests_test_nh44_place_anchor_repair_py,tests/test_nh44_place_anchor_repair.py,7013d86e0df68688dd20dd5be9e49eab7c04b636b7221a206927ac9c62371414,3460,TEST_SUITE
tests_test_nh44_rainfall_dynamic_hazard_py,tests/test_nh44_rainfall_dynamic_hazard.py,e0de26601117ccf414bd95af3426b8ec54c6cf46cda7e508898c93dfe20815f7,6983,TEST_SUITE
tests_test_nh44_rainfall_dynamic_hazard_scientific_review_py,tests/test_nh44_rainfall_dynamic_hazard_scientific_review.py,e383f8e4739cbe1f065a5906f4dd440e47ee5c88197cad8460b3df703ce5b6cc,6053,TEST_SUITE
tests_test_nh44_rainfall_final_reconciliation_py,tests/test_nh44_rainfall_final_reconciliation.py,3130c0bc37f6c29ae4c50d33b8cb0b3270d63bb69004da7bf6c052f5620bcfef,5604,TEST_SUITE
tests_test_nh44_segment_feature_scientific_review_py,tests/test_nh44_segment_feature_scientific_review.py,c816a1699d16539eba3c35636601274c8627ba8bb92cdde2d1ea29ec8bf5f4e2,4266,TEST_SUITE
tests_test_nh44_segment_features_py,tests/test_nh44_segment_features.py,eeedcbb2814026ddaf5bc5333698569dbc5a187fc06a9b6148a35eb7002580ae,4822,TEST_SUITE
tests_test_nh44_static_component_profiles_py,tests/test_nh44_static_component_profiles.py,8711e7dda018ec7a6b419e128cd18a1e9481818b835aab0589ca6739245e4976,7047,TEST_SUITE
tests_test_nh44_static_prioritization_py,tests/test_nh44_static_prioritization.py,5eb15f6e0577b387861341d588a1aa294710b254da034cbb15b27bb733dfd853,7209,TEST_SUITE
tests_test_nh44_static_prioritization_scientific_review_py,tests/test_nh44_static_prioritization_scientific_review.py,7780627195dcab57daaa9967d45e4482f9a62ebdc63238be65a3279243a2d030,5634,TEST_SUITE
tests_test_nh44_v2_3f_r1_integrity_reconciliation_py,tests/test_nh44_v2_3f_r1_integrity_reconciliation.py,0d32b230fd42c871631fc5634aa9e593414bd2113220ba6b457d52b769990885,3451,TEST_SUITE
tests_test_nh44_v2_3f_r2_evidence_completion_py,tests/test_nh44_v2_3f_r2_evidence_completion.py,b5effcf0523780254e485413506557e5dca5e9ce8b01c0ca9e766de6e402fe4f,3874,TEST_SUITE
tests_test_nh44_v2_3f_r3_scientific_integrity_py,tests/test_nh44_v2_3f_r3_scientific_integrity.py,8f49ea73a101ba2d5b21ec59f976a495f9d28555078f72aad6766e4fdfe3b93b,3909,TEST_SUITE
tests_test_nh44_v2_3f_r4_release_integrity_py,tests/test_nh44_v2_3f_r4_release_integrity.py,17ca7fdf7087f07606e24a5d66ab0b926dfd01400fb5b41b029678bd1e34fd46,5366,TEST_SUITE
tests_test_nh44_v2_3f_r5_authoritative_correction_py,tests/test_nh44_v2_3f_r5_authoritative_correction.py,a2cfe549da9f0e40f2cfcfae09fef314d3d6dfda7e3393c8f890ca6a55819347,6126,TEST_SUITE
tests_test_nh44_v2_3f_r6_forensic_evidence_correction_py,tests/test_nh44_v2_3f_r6_forensic_evidence_correction.py,8619a409f7c90162d8d9b80706bf45719c4bb9dfbd7504e8af3bb279ffc04a8b,6212,TEST_SUITE
tests_test_nh44_v2_3f_r7_cryptographic_evidence_correction_py,tests/test_nh44_v2_3f_r7_cryptographic_evidence_correction.py,d2566e28bf4b2d3dbe0a8114e9b3493c6363d1bd5e5a709b2c205423a13b76cb,7445,TEST_SUITE
tests_test_nh44_v2_3f_r8_verifiable_release_candidate_py,tests/test_nh44_v2_3f_r8_verifiable_release_candidate.py,b5d44732ec4150de408a3a849e45138b4c122a373957ee1e2711ea6b238a76ec,7057,TEST_SUITE
tests_test_nh44_v2_3f_r8a1_clean_clone_scientific_correction_py,tests/test_nh44_v2_3f_r8a1_clean_clone_scientific_correction.py,7e0657329759ee3c0ff0c6e6a2e0143a9ae595324668a74bfcd04b1a6fc8bc4e,8064,TEST_SUITE
tests_test_nh44_v2_3f_r8a2_2_serial_recovery_py,tests/test_nh44_v2_3f_r8a2_2_serial_recovery.py,56394fc4a2edeb36db3c2410bcc0b114a738b4ea247ff0e9a609f0b179dc6c93,30195,TEST_SUITE
tests_test_paths_and_safety_py,tests/test_paths_and_safety.py,2e78fe122a680b0bbc12e6ce54fcd564ba0b9c19818e3d33bb9b23e539d69b3b,1460,TEST_SUITE
