{
"type": "FeatureCollection",
"name": "nh44_segments_500m_final",
"crs": { "type": "name", "properties": { "name": "urn:ogc:def:crs:OGC:1.3:CRS84" } },
"features": [
{ "type": "Feature", "properties": { "segment_id": "NH44_SEG_001", "sequence_number": 1, "start_chainage_m": 0.0, "end_chainage_m": 500.0, "nominal_length_m": 500.0, "actual_geometry_length_m": 500.0, "start_longitude": 75.191949, "start_latitude": 32.991498, "end_longitude": 75.194899, "end_latitude": 32.991254, "midpoint_longitude": 75.192389, "midpoint_latitude": 32.99161, "vertex_count": 44, "source_route_sha256": "7141c209c578f8e8f19bc13b85409eeb220b709703c62691fac732594b2e3564", "terminal_segment": false }, "geometry": { "type": "LineString", "coordinates": [ [ 75.1919487, 32.9914983, 0.0 ], [ 75.1918969, 32.991469, 0.0 ], [ 75.1917377, 32.9913767, 0.0 ], [ 75.1915099, 32.991253, 0.0 ], [ 75.1914504, 32.9912258, 0.0 ], [ 75.191396, 32.9912106, 0.0 ], [ 75.1913404, 32.9912074, 0.0 ], [ 75.1912809, 32.9912095, 0.0 ], [ 75.1911928, 32.991215, 0.0 ], [ 75.1911268, 32.9912204, 0.0 ], [ 75.1910647, 32.9912215, 0.0 ], [ 75.1910181, 32.9912215, 0.0 ], [ 75.1909638, 32.991215, 0.0 ], [ 75.19092310000002, 32.9912075, 0.0 ], [ 75.1921627, 32.991590299999984, 0.0 ], [ 75.1922252, 32.9916033, 0.0 ], [ 75.1922756, 32.9916098, 0.0 ], [ 75.1923313, 32.9916109, 0.0 ], [ 75.1924297, 32.9916098, 0.0 ], [ 75.1926199, 32.9915957, 0.0 ], [ 75.1927739, 32.9915816, 0.0 ], [ 75.1929875, 32.9915599, 0.0 ], [ 75.1930819, 32.9915447, 0.0 ], [ 75.1933157, 32.9916452, 0.0 ], [ 75.193387, 32.9916158, 0.0 ], [ 75.1934435, 32.9915888, 0.0 ], [ 75.1935083, 32.9915551, 0.0 ], [ 75.1935752, 32.991516, 0.0 ], [ 75.1936317, 32.9914789, 0.0 ], [ 75.1937121, 32.9914285, 0.0 ], [ 75.1937886, 32.99138270000001, 0.0 ], [ 75.1938391, 32.9913543, 0.0 ], [ 75.1938882, 32.9913296, 0.0 ], [ 75.193945, 32.9913021, 0.0 ], [ 75.1939968, 32.9912818, 0.0 ], [ 75.1940446, 32.991268, 0.0 ], [ 75.1940916, 32.9912589, 0.0 ], [ 75.1941617, 32.9912489, 0.0 ], [ 75.1942603, 32.9912411, 0.0 ], [ 75.194362, 32.9912408, 0.0 ], [ 75.1944887, 32.991242899999989, 0.0 ], [ 75.1946982, 32.9912515, 0.0 ], [ 75.1948391, 32.9912542, 0.0 ], [ 75.194898868641957, 32.991253639804953, 0.0 ] ] } },
{ "type": "Feature", "properties": { "segment_id": "NH44_SEG_002", "sequence_number": 2, "start_chainage_m": 500.0, "end_chainage_m": 1000.0, "nominal_length_m": 500.0, "actual_geometry_length_m": 500.0, "start_longitude": 75.194899, "start_latitude": 32.991254, "end_longitude": 75.198885, "end_latitude": 32.992929, "midpoint_longitude": 75.197494, "midpoint_latitude": 32.991265, "vertex_count": 49, "source_route_sha256": "7141c209c578f8e8f19bc13b85409eeb220b709703c62691fac732594b2e3564", "terminal_segment": false }, "geometry": { "type": "LineString", "coordinates": [ [ 75.194898868641957, 32.991253639804953, 0.0 ], [ 75.1950098, 32.99125260000001, 0.0 ], [ 75.1951793, 32.9912529, 0.0 ], [ 75.1953879, 32.9912512, 0.0 ], [ 75.1955337, 32.9912505, 0.0 ], [ 75.1955897, 32.9912485, 0.0 ], [ 75.1956315, 32.9912456, 0.0 ], [ 75.1956705, 32.9912398, 0.0 ], [ 75.1957184, 32.9912304, 0.0 ], [ 75.1957813, 32.9912149, 0.0 ], [ 75.195848, 32.9911939, 0.0 ], [ 75.195909700000016, 32.9911735, 0.0 ], [ 75.1959779, 32.9911498, 0.0 ], [ 75.1960415, 32.991126199999982, 0.0 ], [ 75.1961031, 32.9911057, 0.0 ], [ 75.1961685, 32.991086199999984, 0.0 ], [ 75.1962262, 32.9910719, 0.0 ], [ 75.1962896, 32.9910587, 0.0 ], [ 75.1963505, 32.9910488, 0.0 ], [ 75.1964095, 32.9910432, 0.0 ], [ 75.1964801, 32.9910399, 0.0 ], [ 75.1965846, 32.9910432, 0.0 ], [ 75.1966942, 32.9910531, 0.0 ], [ 75.1968353, 32.991076, 0.0 ], [ 75.1970486, 32.991132, 0.0 ], [ 75.1972587, 32.9911921, 0.0 ], [ 75.1975051, 32.9912684, 0.0 ], [ 75.1978996, 32.9913933, 0.0 ], [ 75.1980264, 32.9914412, 0.0 ], [ 75.1981297, 32.9914843, 0.0 ], [ 75.1981989, 32.9915167, 0.0 ], [ 75.1982597, 32.991552, 0.0 ], [ 75.1983161, 32.9915875, 0.0 ], [ 75.1983644, 32.99162290000001, 0.0 ], [ 75.1984033, 32.9916579, 0.0 ], [ 75.1984553, 32.9917134, 0.0 ], [ 75.198555, 32.9918394, 0.0 ], [ 75.1986909, 32.9920166, 0.0 ], [ 75.1987746, 32.9921431, 0.0 ], [ 75.1988232, 32.9922228, 0.0 ], [ 75.198854, 32.9922845, 0.0 ], [ 75.1988743, 32.992331799999988, 0.0 ], [ 75.1988913, 32.99238720000001, 0.0 ], [ 75.1989033, 32.9924381, 0.0 ], [ 75.1989102, 32.992493, 0.0 ], [ 75.1989106, 32.9925643, 0.0 ], [ 75.1989005, 32.9927022, 0.0 ], [ 75.1988874, 32.9928889, 0.0 ], [ 75.198884929241018, 32.992929127557126, 0.0 ] ] } },
{ "type": "Feature", "properties": { "segment_id": "NH44_SEG_003", "sequence_number": 3, "start_chainage_m": 1000.0, "end_chainage_m": 1500.0, "nominal_length_m": 500.0, "actual_geometry_length_m": 500.0, "start_longitude": 75.198885, "start_latitude": 32.992929, "end_longitude": 75.200158, "end_latitude": 32.997161, "midpoint_longitude": 75.199061, "midpoint_latitude": 32.995151, "vertex_count": 41, "source_route_sha256": "7141c209c578f8e8f19bc13b85409eeb220b709703c62691fac732594b2e3564", "terminal_segment": false }, "geometry": { "type": "LineString", "coordinates": [ [ 75.198884929241018, 32.992929127557126, 0.0 ], [ 75.1988675, 32.9932129, 0.0 ], [ 75.1988562, 32.9934956, 0.0 ], [ 75.1988503, 32.9937575, 0.0 ], [ 75.1988369, 32.9940127, 0.0 ], [ 75.1988298, 32.9942327, 0.0 ], [ 75.19882920000002, 32.9943829, 0.0 ], [ 75.1988331, 32.9944646, 0.0 ], [ 75.1988389, 32.994541, 0.0 ], [ 75.1988473, 32.9946071, 0.0 ], [ 75.1988598, 32.994673300000017, 0.0 ], [ 75.198877400000015, 32.9947369, 0.0 ], [ 75.1988989, 32.9948094, 0.0 ], [ 75.1989341, 32.9948991, 0.0 ], [ 75.1989661, 32.9949723, 0.0 ], [ 75.1990229, 32.9950837, 0.0 ], [ 75.1991105, 32.9952409, 0.0 ], [ 75.1991965, 32.9953803, 0.0 ], [ 75.1993059, 32.9955535, 0.0 ], [ 75.1993468, 32.995626799999989, 0.0 ], [ 75.1993758, 32.9956839, 0.0 ], [ 75.1994, 32.9957382, 0.0 ], [ 75.1994373, 32.9958151, 0.0 ], [ 75.1994738, 32.9959056, 0.0 ], [ 75.1995003, 32.9959774, 0.0 ], [ 75.1995397, 32.9960903, 0.0 ], [ 75.1995916, 32.9962722, 0.0 ], [ 75.1996228, 32.996384, 0.0 ], [ 75.1996864, 32.996609, 0.0 ], [ 75.1997134, 32.9966845, 0.0 ], [ 75.1997359, 32.996740699999989, 0.0 ], [ 75.1997615, 32.9967918, 0.0 ], [ 75.1997861, 32.9968321, 0.0 ], [ 75.199816, 32.9968741, 0.0 ], [ 75.1998457, 32.9969128, 0.0 ], [ 75.1998834, 32.9969527, 0.0 ], [ 75.1999227, 32.9969885, 0.0 ], [ 75.1999751, 32.9970328, 0.0 ], [ 75.2000295, 32.997075, 0.0 ], [ 75.2001122, 32.997133, 0.0 ], [ 75.200157702307138, 32.997161377797617, 0.0 ] ] } },
{ "type": "Feature", "properties": { "segment_id": "NH44_SEG_004", "sequence_number": 4, "start_chainage_m": 1500.0, "end_chainage_m": 2000.0, "nominal_length_m": 500.0, "actual_geometry_length_m": 500.0, "start_longitude": 75.200158, "start_latitude": 32.997161, "end_longitude": 75.205069, "end_latitude": 32.997836, "midpoint_longitude": 75.202505, "midpoint_latitude": 32.998052, "vertex_count": 19, "source_route_sha256": "7141c209c578f8e8f19bc13b85409eeb220b709703c62691fac732594b2e3564", "terminal_segment": false }, "geometry": { "type": "LineString", "coordinates": [ [ 75.200157702307138, 32.997161377797617, 0.0 ], [ 75.2001959, 32.9971852, 0.0 ], [ 75.2002867, 32.9972346, 0.0 ], [ 75.2004068, 32.9972936, 0.0 ], [ 75.2007164, 32.9974205, 0.0 ], [ 75.2009313, 32.9975174, 0.0 ], [ 75.2011071, 32.9974253, 0.0 ], [ 75.2017048, 32.9977369, 0.0 ], [ 75.202154, 32.9979223, 0.0 ], [ 75.2025694, 32.9980756, 0.0 ], [ 75.202902, 32.998161, 0.0 ], [ 75.2030629, 32.9981892, 0.0 ], [ 75.2032627, 32.9982128, 0.0 ], [ 75.2037066, 32.9981059, 0.0 ], [ 75.2042404, 32.9979653, 0.0 ], [ 75.20464, 32.9978292, 0.0 ], [ 75.2048171, 32.9977966, 0.0 ], [ 75.2050303, 32.997818, 0.0 ], [ 75.205069157225168, 32.997836065231553, 0.0 ] ] } },
{ "type": "Feature", "properties": { "segment_id": "NH44_SEG_005", "sequence_number": 5, "start_chainage_m": 2000.0, "end_chainage_m": 2500.0, "nominal_length_m": 500.0, "actual_geometry_length_m": 500.0, "start_longitude": 75.205069, "start_latitude": 32.997836, "end_longitude": 75.208203, "end_latitude": 33.000936, "midpoint_longitude": 75.206563, "midpoint_latitude": 32.999463, "vertex_count": 25, "source_route_sha256": "7141c209c578f8e8f19bc13b85409eeb220b709703c62691fac732594b2e3564", "terminal_segment": false }, "geometry": { "type": "LineString", "coordinates": [ [ 75.205069157225168, 32.997836065231553, 0.0 ], [ 75.2051899, 32.9978922, 0.0 ], [ 75.2052999, 32.9979687, 0.0 ], [ 75.2053642, 32.9980913, 0.0 ], [ 75.2054031, 32.9982476, 0.0 ], [ 75.2054232, 32.9984928, 0.0 ], [ 75.205446, 32.998670599999983, 0.0 ], [ 75.2055278, 32.9988685, 0.0 ], [ 75.2056392, 32.9989034, 0.0 ], [ 75.2060576, 32.9990181, 0.0 ], [ 75.2064265, 32.9992977, 0.0 ], [ 75.2067972, 32.9997458, 0.0 ], [ 75.2068753, 32.9998532, 0.0 ], [ 75.2069353, 32.999947, 0.0 ], [ 75.2069562, 33.0000606, 0.0 ], [ 75.2069542, 33.0002839, 0.0 ], [ 75.2069765, 33.0004052, 0.0 ], [ 75.207012, 33.0004882, 0.0 ], [ 75.2072297, 33.000651099999985, 0.0 ], [ 75.207305, 33.0007231, 0.0 ], [ 75.207527, 33.0007881, 0.0 ], [ 75.2076273, 33.0008044, 0.0 ], [ 75.2078045, 33.0008284, 0.0 ], [ 75.2080444, 33.0008929, 0.0 ], [ 75.208202703053544, 33.000935525457884, 0.0 ] ] } },
{ "type": "Feature", "properties": { "segment_id": "NH44_SEG_006", "sequence_number": 6, "start_chainage_m": 2500.0, "end_chainage_m": 3000.0, "nominal_length_m": 500.0, "actual_geometry_length_m": 500.0, "start_longitude": 75.208203, "start_latitude": 33.000936, "end_longitude": 75.213131, "end_latitude": 33.002567, "midpoint_longitude": 75.210746, "midpoint_latitude": 33.001616, "vertex_count": 22, "source_route_sha256": "7141c209c578f8e8f19bc13b85409eeb220b709703c62691fac732594b2e3564", "terminal_segment": false }, "geometry": { "type": "LineString", "coordinates": [ [ 75.208202703053544, 33.000935525457884, 0.0 ], [ 75.208645300000015, 33.0010547, 0.0 ], [ 75.2089738, 33.0011783, 0.0 ], [ 75.2091876, 33.001222, 0.0 ], [ 75.2094066, 33.0012603, 0.0 ], [ 75.2096086, 33.0012854, 0.0 ], [ 75.209746800000019, 33.001327, 0.0 ], [ 75.2099254, 33.0013893, 0.0 ], [ 75.2102343, 33.0014745, 0.0 ], [ 75.2107023, 33.0016068, 0.0 ], [ 75.211169, 33.0017052, 0.0 ], [ 75.2113853, 33.00175, 0.0 ], [ 75.2115874, 33.0018069, 0.0 ], [ 75.2118703, 33.0019107, 0.0 ], [ 75.2121153, 33.0020201, 0.0 ], [ 75.2123291, 33.0021195, 0.0 ], [ 75.2126107, 33.0022791, 0.0 ], [ 75.2127436, 33.0023349, 0.0 ], [ 75.2129248, 33.0024038, 0.0 ], [ 75.2130213, 33.0024519, 0.0 ], [ 75.2131034, 33.0025339, 0.0 ], [ 75.213131131688741, 33.002567422200443, 0.0 ] ] } },
{ "type": "Feature", "properties": { "segment_id": "NH44_SEG_007", "sequence_number": 7, "start_chainage_m": 3000.0, "end_chainage_m": 3500.0, "nominal_length_m": 500.0, "actual_geometry_length_m": 500.0, "start_longitude": 75.213131, "start_latitude": 33.002567, "end_longitude": 75.217804, "end_latitude": 33.004639, "midpoint_longitude": 75.215494, "midpoint_latitude": 33.003558, "vertex_count": 21, "source_route_sha256": "7141c209c578f8e8f19bc13b85409eeb220b709703c62691fac732594b2e3564", "terminal_segment": false }, "geometry": { "type": "LineString", "coordinates": [ [ 75.213131131688741, 33.002567422200443, 0.0 ], [ 75.213192, 33.002641, 0.0 ], [ 75.2137176, 33.0028754, 0.0 ], [ 75.2139663, 33.003029099999985, 0.0 ], [ 75.2140654, 33.0030761, 0.0 ], [ 75.2142648, 33.003177799999989, 0.0 ], [ 75.2144304, 33.0032302, 0.0 ], [ 75.2145673, 33.0032597, 0.0 ], [ 75.2147406, 33.0032816, 0.0 ], [ 75.2149609, 33.0033297, 0.0 ], [ 75.2151969, 33.0034128, 0.0 ], [ 75.2154915, 33.0035571, 0.0 ], [ 75.2157287, 33.0036708, 0.0 ], [ 75.2159177, 33.003791, 0.0 ], [ 75.2160533, 33.0038752, 0.0 ], [ 75.2161762, 33.0040231, 0.0 ], [ 75.2164632, 33.0041468, 0.0 ], [ 75.2171686, 33.0043853, 0.0 ], [ 75.2175388, 33.0045225, 0.0 ], [ 75.2177936, 33.0046327, 0.0 ], [ 75.217804325674507, 33.004638945428624, 0.0 ] ] } },
{ "type": "Feature", "properties": { "segment_id": "NH44_SEG_008", "sequence_number": 8, "start_chainage_m": 3500.0, "end_chainage_m": 4000.0, "nominal_length_m": 500.0, "actual_geometry_length_m": 500.0, "start_longitude": 75.217804, "start_latitude": 33.004639, "end_longitude": 75.219418, "end_latitude": 33.008528, "midpoint_longitude": 75.219544, "midpoint_latitude": 33.0063, "vertex_count": 15, "source_route_sha256": "7141c209c578f8e8f19bc13b85409eeb220b709703c62691fac732594b2e3564", "terminal_segment": false }, "geometry": { "type": "LineString", "coordinates": [ [ 75.217804325674507, 33.004638945428624, 0.0 ], [ 75.2182147, 33.0048779, 0.0 ], [ 75.2185151, 33.0050961, 0.0 ], [ 75.218955, 33.005496499999985, 0.0 ], [ 75.2191776, 33.0057304, 0.0 ], [ 75.2194002, 33.0059936, 0.0 ], [ 75.2195397, 33.0062477, 0.0 ], [ 75.219566500000013, 33.0065851, 0.0 ], [ 75.2196228, 33.0070148, 0.0 ], [ 75.219655, 33.0074579, 0.0 ], [ 75.2196363, 33.0077795, 0.0 ], [ 75.2196009, 33.0079234, 0.0 ], [ 75.2195638, 33.0080742, 0.0 ], [ 75.2194619, 33.0084071, 0.0 ], [ 75.219418243345856, 33.008527530900167, 0.0 ] ] } },
{ "type": "Feature", "properties": { "segment_id": "NH44_SEG_009", "sequence_number": 9, "start_chainage_m": 4000.0, "end_chainage_m": 4500.0, "nominal_length_m": 500.0, "actual_geometry_length_m": 500.0, "start_longitude": 75.219418, "start_latitude": 33.008528, "end_longitude": 75.223589, "end_latitude": 33.010588, "midpoint_longitude": 75.221075, "midpoint_latitude": 33.009946, "vertex_count": 18, "source_route_sha256": "7141c209c578f8e8f19bc13b85409eeb220b709703c62691fac732594b2e3564", "terminal_segment": false }, "geometry": { "type": "LineString", "coordinates": [ [ 75.219418243345856, 33.008527530900167, 0.0 ], [ 75.21936, 33.0086882, 0.0 ], [ 75.2194163, 33.008940199999984, 0.0 ], [ 75.2196175, 33.0093, 0.0 ], [ 75.2198079, 33.009525, 0.0 ], [ 75.2199689, 33.0096127, 0.0 ], [ 75.2201834, 33.0097184, 0.0 ], [ 75.2206448, 33.0098219, 0.0 ], [ 75.2209935, 33.00992080000001, 0.0 ], [ 75.2214092, 33.010049, 0.0 ], [ 75.221613, 33.0101368, 0.0 ], [ 75.2218196, 33.0102357, 0.0 ], [ 75.222122700000014, 33.010265, 0.0 ], [ 75.2224338, 33.0102537, 0.0 ], [ 75.2227074, 33.0103347, 0.0 ], [ 75.22293, 33.0104561, 0.0 ], [ 75.2232251, 33.0105529, 0.0 ], [ 75.22358886033004, 33.010587798963321, 0.0 ] ] } },
{ "type": "Feature", "properties": { "segment_id": "NH44_SEG_010", "sequence_number": 10, "start_chainage_m": 4500.0, "end_chainage_m": 5000.0, "nominal_length_m": 500.0, "actual_geometry_length_m": 500.0, "start_longitude": 75.223589, "start_latitude": 33.010588, "end_longitude": 75.227213, "end_latitude": 33.013068, "midpoint_longitude": 75.226206, "midpoint_latitude": 33.01102, "vertex_count": 19, "source_route_sha256": "7141c209c578f8e8f19bc13b85409eeb220b709703c62691fac732594b2e3564", "terminal_segment": false }, "geometry": { "type": "LineString", "coordinates": [ [ 75.22358886033004, 33.010587798963321, 0.0 ], [ 75.2236462, 33.010593299999989, 0.0 ], [ 75.2240807, 33.0106158, 0.0 ], [ 75.2249672, 33.0107463, 0.0 ], [ 75.2253695, 33.0108374, 0.0 ], [ 75.225781200000014, 33.010910499999987, 0.0 ], [ 75.2260709, 33.0109656, 0.0 ], [ 75.2262332, 33.0110308, 0.0 ], [ 75.2263525, 33.0111152, 0.0 ], [ 75.2264598, 33.01124, 0.0 ], [ 75.2265497, 33.0114773, 0.0 ], [ 75.2266113, 33.0118045, 0.0 ], [ 75.2266972, 33.012052, 0.0 ], [ 75.2267696, 33.0121925, 0.0 ], [ 75.2269024, 33.0124276, 0.0 ], [ 75.2270029, 33.0126334, 0.0 ], [ 75.2271116, 33.0128482, 0.0 ], [ 75.2271907, 33.013021299999984, 0.0 ], [ 75.227213015287788, 33.013068339585374, 0.0 ] ] } },
{ "type": "Feature", "properties": { "segment_id": "NH44_SEG_011", "sequence_number": 11, "start_chainage_m": 5000.0, "end_chainage_m": 5500.0, "nominal_length_m": 500.0, "actual_geometry_length_m": 500.0, "start_longitude": 75.227213, "start_latitude": 33.013068, "end_longitude": 75.231953, "end_latitude": 33.014388, "midpoint_longitude": 75.229573, "midpoint_latitude": 33.013755, "vertex_count": 22, "source_route_sha256": "7141c209c578f8e8f19bc13b85409eeb220b709703c62691fac732594b2e3564", "terminal_segment": false }, "geometry": { "type": "LineString", "coordinates": [ [ 75.227213015287788, 33.013068339585374, 0.0 ], [ 75.2272926, 33.0132361, 0.0 ], [ 75.2273986, 33.0133508, 0.0 ], [ 75.2275407, 33.0134521, 0.0 ], [ 75.2277566, 33.0135443, 0.0 ], [ 75.2279659, 33.0135881, 0.0 ], [ 75.228163, 33.0136297, 0.0 ], [ 75.2284379, 33.0136399, 0.0 ], [ 75.2287585, 33.013614, 0.0 ], [ 75.2290656, 33.0136061, 0.0 ], [ 75.229312300000018, 33.0136624, 0.0 ], [ 75.229594, 33.0137624, 0.0 ], [ 75.229838, 33.0138828, 0.0 ], [ 75.2300379, 33.0140065, 0.0 ], [ 75.2302431, 33.0141774, 0.0 ], [ 75.2304281, 33.0143292, 0.0 ], [ 75.2306011, 33.0144147, 0.0 ], [ 75.2307701, 33.014472, 0.0 ], [ 75.2310759, 33.0144934, 0.0 ], [ 75.2313347, 33.0144765, 0.0 ], [ 75.2316137, 33.0144406, 0.0 ], [ 75.231952544043807, 33.014388347194654, 0.0 ] ] } },
{ "type": "Feature", "properties": { "segment_id": "NH44_SEG_012", "sequence_number": 12, "start_chainage_m": 5500.0, "end_chainage_m": 6000.0, "nominal_length_m": 500.0, "actual_geometry_length_m": 500.0, "start_longitude": 75.231953, "start_latitude": 33.014388, "end_longitude": 75.236259, "end_latitude": 33.016266, "midpoint_longitude": 75.2338, "midpoint_latitude": 33.015454, "vertex_count": 25, "source_route_sha256": "7141c209c578f8e8f19bc13b85409eeb220b709703c62691fac732594b2e3564", "terminal_segment": false }, "geometry": { "type": "LineString", "coordinates": [ [ 75.231952544043807, 33.014388347194654, 0.0 ], [ 75.2322265, 33.0143461, 0.0 ], [ 75.2326986, 33.0143, 0.0 ], [ 75.2329092, 33.01430340000001, 0.0 ], [ 75.2330513, 33.014365199999986, 0.0 ], [ 75.2331519, 33.0144417, 0.0 ], [ 75.2332257, 33.014520399999988, 0.0 ], [ 75.2332592, 33.0145777, 0.0 ], [ 75.2332833, 33.0146565, 0.0 ], [ 75.2333061, 33.0147689, 0.0 ], [ 75.2333209, 33.0149331, 0.0 ], [ 75.2334107, 33.0150984, 0.0 ], [ 75.2335328, 33.0152536, 0.0 ], [ 75.23381310000002, 33.0154639, 0.0 ], [ 75.2339834, 33.0155572, 0.0 ], [ 75.2341859, 33.0156405, 0.0 ], [ 75.2344541, 33.0156832, 0.0 ], [ 75.2346472, 33.0156854, 0.0 ], [ 75.2347532, 33.0156967, 0.0 ], [ 75.2349249, 33.0157259, 0.0 ], [ 75.2350831, 33.0157799, 0.0 ], [ 75.2353393, 33.0159002, 0.0 ], [ 75.2357027, 33.0160734, 0.0 ], [ 75.2360138, 33.0161836, 0.0 ], [ 75.236258755618621, 33.016265502120795, 0.0 ] ] } },
{ "type": "Feature", "properties": { "segment_id": "NH44_SEG_013", "sequence_number": 13, "start_chainage_m": 6000.0, "end_chainage_m": 6500.0, "nominal_length_m": 500.0, "actual_geometry_length_m": 500.0, "start_longitude": 75.236259, "start_latitude": 33.016266, "end_longitude": 75.238164, "end_latitude": 33.019738, "midpoint_longitude": 75.236814, "midpoint_latitude": 33.018068, "vertex_count": 22, "source_route_sha256": "7141c209c578f8e8f19bc13b85409eeb220b709703c62691fac732594b2e3564", "terminal_segment": false }, "geometry": { "type": "LineString", "coordinates": [ [ 75.236258755618621, 33.016265502120795, 0.0 ], [ 75.2364711, 33.0163365, 0.0 ], [ 75.2367005, 33.016431, 0.0 ], [ 75.2368279, 33.016476, 0.0 ], [ 75.2369714, 33.0165828, 0.0 ], [ 75.237089400000016, 33.016702, 0.0 ], [ 75.2371256, 33.0168246, 0.0 ], [ 75.237135, 33.01697080000001, 0.0 ], [ 75.2370934, 33.0171113, 0.0 ], [ 75.2369714, 33.0173419, 0.0 ], [ 75.2368695, 33.017570199999987, 0.0 ], [ 75.2368306, 33.017813, 0.0 ], [ 75.2368037, 33.0182145, 0.0 ], [ 75.2367729, 33.0184765, 0.0 ], [ 75.2368359, 33.01871830000001, 0.0 ], [ 75.236962, 33.0189769, 0.0 ], [ 75.2371216, 33.0191906, 0.0 ], [ 75.2374072, 33.0194447, 0.0 ], [ 75.2376486, 33.01960780000001, 0.0 ], [ 75.237868600000013, 33.0196809, 0.0 ], [ 75.238051, 33.0197236, 0.0 ], [ 75.238164090221176, 33.019737713886961, 0.0 ] ] } },
{ "type": "Feature", "properties": { "segment_id": "NH44_SEG_014", "sequence_number": 14, "start_chainage_m": 6500.0, "end_chainage_m": 7000.0, "nominal_length_m": 500.0, "actual_geometry_length_m": 500.0, "start_longitude": 75.238164, "start_latitude": 33.019738, "end_longitude": 75.243077, "end_latitude": 33.018877, "midpoint_longitude": 75.240488, "midpoint_latitude": 33.018726, "vertex_count": 22, "source_route_sha256": "7141c209c578f8e8f19bc13b85409eeb220b709703c62691fac732594b2e3564", "terminal_segment": false }, "geometry": { "type": "LineString", "coordinates": [ [ 75.238164090221176, 33.019737713886961, 0.0 ], [ 75.2382401, 33.0197472, 0.0 ], [ 75.2384748, 33.019718, 0.0 ], [ 75.2386706, 33.0196572, 0.0 ], [ 75.2389508, 33.0195639, 0.0 ], [ 75.2392097, 33.0194548, 0.0 ], [ 75.2395289, 33.0192772, 0.0 ], [ 75.2397555, 33.0191388, 0.0 ], [ 75.2400251, 33.0189128, 0.0 ], [ 75.2402437, 33.0187846, 0.0 ], [ 75.2404864, 33.0187262, 0.0 ], [ 75.2406232, 33.0187306, 0.0 ], [ 75.2408606, 33.0187486, 0.0 ], [ 75.241055, 33.018792499999989, 0.0 ], [ 75.2413367, 33.0189038, 0.0 ], [ 75.2416827, 33.0189848, 0.0 ], [ 75.2419509, 33.0190185, 0.0 ], [ 75.2422057, 33.0190534, 0.0 ], [ 75.2424578, 33.0190331, 0.0 ], [ 75.242781, 33.01895780000001, 0.0 ], [ 75.2429581, 33.0189274, 0.0 ], [ 75.243076704648246, 33.018876524927194, 0.0 ] ] } },
{ "type": "Feature", "properties": { "segment_id": "NH44_SEG_015", "sequence_number": 15, "start_chainage_m": 7000.0, "end_chainage_m": 7500.0, "nominal_length_m": 500.0, "actual_geometry_length_m": 500.0, "start_longitude": 75.243077, "start_latitude": 33.018877, "end_longitude": 75.245809, "end_latitude": 33.021607, "midpoint_longitude": 75.245445, "midpoint_latitude": 33.019586, "vertex_count": 24, "source_route_sha256": "7141c209c578f8e8f19bc13b85409eeb220b709703c62691fac732594b2e3564", "terminal_segment": false }, "geometry": { "type": "LineString", "coordinates": [ [ 75.243076704648246, 33.018876524927194, 0.0 ], [ 75.2431861, 33.0188296, 0.0 ], [ 75.2433148, 33.0187678, 0.0 ], [ 75.2434771, 33.0187385, 0.0 ], [ 75.2436554, 33.0187801, 0.0 ], [ 75.243744, 33.0188274, 0.0 ], [ 75.2438834, 33.0189364, 0.0 ], [ 75.2440497, 33.0190298, 0.0 ], [ 75.2443421, 33.0191152, 0.0 ], [ 75.2447082, 33.0191951, 0.0 ], [ 75.24491470000001, 33.0192839, 0.0 ], [ 75.2452111, 33.0194458, 0.0 ], [ 75.2455236, 33.0196336, 0.0 ], [ 75.2457811, 33.0198034, 0.0 ], [ 75.245934, 33.0199957, 0.0 ], [ 75.2460292, 33.02017, 0.0 ], [ 75.2460761, 33.0203792, 0.0 ], [ 75.2460761, 33.0205366, 0.0 ], [ 75.2460493, 33.020671499999985, 0.0 ], [ 75.2459554, 33.0209065, 0.0 ], [ 75.2458549, 33.021187700000013, 0.0 ], [ 75.2457932, 33.0213912, 0.0 ], [ 75.2458052, 33.0215554, 0.0 ], [ 75.245809249239983, 33.021606851114861, 0.0 ] ] } },
{ "type": "Feature", "properties": { "segment_id": "NH44_SEG_016", "sequence_number": 16, "start_chainage_m": 7500.0, "end_chainage_m": 8000.0, "nominal_length_m": 500.0, "actual_geometry_length_m": 500.0, "start_longitude": 75.245809, "start_latitude": 33.021607, "end_longitude": 75.248523, "end_latitude": 33.024961, "midpoint_longitude": 75.247197, "midpoint_latitude": 33.023286, "vertex_count": 20, "source_route_sha256": "7141c209c578f8e8f19bc13b85409eeb220b709703c62691fac732594b2e3564", "terminal_segment": false }, "geometry": { "type": "LineString", "coordinates": [ [ 75.245809249239983, 33.021606851114861, 0.0 ], [ 75.2458321, 33.0218972, 0.0 ], [ 75.2458911, 33.0221401, 0.0 ], [ 75.245942, 33.0224156, 0.0 ], [ 75.246115, 33.0226922, 0.0 ], [ 75.2461593, 33.0227653, 0.0 ], [ 75.2462572, 33.0228777, 0.0 ], [ 75.2463631, 33.0229722, 0.0 ], [ 75.2465683, 33.0230869, 0.0 ], [ 75.2469814, 33.0232196, 0.0 ], [ 75.247377, 33.023341, 0.0 ], [ 75.2478464, 33.0234939, 0.0 ], [ 75.2480274, 33.0235738, 0.0 ], [ 75.2480985, 33.0236255, 0.0 ], [ 75.2481884, 33.0237222, 0.0 ], [ 75.2483131, 33.0238661, 0.0 ], [ 75.2484164, 33.0240741, 0.0 ], [ 75.2484539, 33.0243024, 0.0 ], [ 75.2485089, 33.0246892, 0.0 ], [ 75.248522797810864, 33.024960941188951, 0.0 ] ] } },
{ "type": "Feature", "properties": { "segment_id": "NH44_SEG_017", "sequence_number": 17, "start_chainage_m": 8000.0, "end_chainage_m": 8500.0, "nominal_length_m": 500.0, "actual_geometry_length_m": 500.0, "start_longitude": 75.248523, "start_latitude": 33.024961, "end_longitude": 75.2527, "end_latitude": 33.025103, "midpoint_longitude": 75.250535, "midpoint_latitude": 33.0257, "vertex_count": 24, "source_route_sha256": "7141c209c578f8e8f19bc13b85409eeb220b709703c62691fac732594b2e3564", "terminal_segment": false }, "geometry": { "type": "LineString", "coordinates": [ [ 75.248522797810864, 33.024960941188951, 0.0 ], [ 75.248525, 33.025004, 0.0 ], [ 75.2486537, 33.0253515, 0.0 ], [ 75.2487262, 33.02551, 0.0 ], [ 75.2488308, 33.0256337, 0.0 ], [ 75.24904, 33.0257821, 0.0 ], [ 75.2492626, 33.025848499999988, 0.0 ], [ 75.2496099, 33.0258833, 0.0 ], [ 75.2498178, 33.0258586, 0.0 ], [ 75.2503382, 33.0257563, 0.0 ], [ 75.2506238, 33.0256753, 0.0 ], [ 75.2510583, 33.0255505, 0.0 ], [ 75.2513038, 33.0254943, 0.0 ], [ 75.2515519, 33.0253774, 0.0 ], [ 75.2516712, 33.0252694, 0.0 ], [ 75.2517705, 33.0251109, 0.0 ], [ 75.2518858, 33.0249816, 0.0 ], [ 75.2520132, 33.0248736, 0.0 ], [ 75.2521111, 33.024839900000011, 0.0 ], [ 75.2521996, 33.024824099999989, 0.0 ], [ 75.2523069, 33.024824099999982, 0.0 ], [ 75.2524035, 33.024859, 0.0 ], [ 75.2525577, 33.0249602, 0.0 ], [ 75.252700264657449, 33.025102676093269, 0.0 ] ] } },
{ "type": "Feature", "properties": { "segment_id": "NH44_SEG_018", "sequence_number": 18, "start_chainage_m": 8500.0, "end_chainage_m": 9000.0, "nominal_length_m": 500.0, "actual_geometry_length_m": 500.0, "start_longitude": 75.2527, "start_latitude": 33.025103, "end_longitude": 75.256812, "end_latitude": 33.026729, "midpoint_longitude": 75.254498, "midpoint_latitude": 33.026164, "vertex_count": 27, "source_route_sha256": "7141c209c578f8e8f19bc13b85409eeb220b709703c62691fac732594b2e3564", "terminal_segment": false }, "geometry": { "type": "LineString", "coordinates": [ [ 75.252700264657449, 33.025102676093269, 0.0 ], [ 75.2527186, 33.025121, 0.0 ], [ 75.2528273, 33.0252762, 0.0 ], [ 75.2529131, 33.0254853, 0.0 ], [ 75.2530284, 33.0258001, 0.0 ], [ 75.2531156, 33.0259519, 0.0 ], [ 75.2532242, 33.026086899999989, 0.0 ], [ 75.2533422, 33.0261712, 0.0 ], [ 75.2535179, 33.0262679, 0.0 ], [ 75.2537794, 33.0263207, 0.0 ], [ 75.2539283, 33.0263252, 0.0 ], [ 75.25409190000002, 33.0263027, 0.0 ], [ 75.254332, 33.0262319, 0.0 ], [ 75.254612300000019, 33.0261172, 0.0 ], [ 75.2548255, 33.0260689, 0.0 ], [ 75.2549127, 33.0260655, 0.0 ], [ 75.2550159, 33.0260756, 0.0 ], [ 75.2551031, 33.026115, 0.0 ], [ 75.2551796, 33.0262128, 0.0 ], [ 75.255324400000021, 33.0264208, 0.0 ], [ 75.2554813, 33.0265546, 0.0 ], [ 75.2558112, 33.0267075, 0.0 ], [ 75.2559614, 33.0267525, 0.0 ], [ 75.2562028, 33.026766, 0.0 ], [ 75.2564469, 33.026766, 0.0 ], [ 75.2566561, 33.026739, 0.0 ], [ 75.256812410142203, 33.026728961745448, 0.0 ] ] } },
{ "type": "Feature", "properties": { "segment_id": "NH44_SEG_019", "sequence_number": 19, "start_chainage_m": 9000.0, "end_chainage_m": 9500.0, "nominal_length_m": 500.0, "actual_geometry_length_m": 500.0, "start_longitude": 75.256812, "start_latitude": 33.026729, "end_longitude": 75.258686, "end_latitude": 33.029495, "midpoint_longitude": 75.257833, "midpoint_latitude": 33.028292, "vertex_count": 28, "source_route_sha256": "7141c209c578f8e8f19bc13b85409eeb220b709703c62691fac732594b2e3564", "terminal_segment": false }, "geometry": { "type": "LineString", "coordinates": [ [ 75.256812410142203, 33.026728961745448, 0.0 ], [ 75.2568305, 33.0267278, 0.0 ], [ 75.2571523, 33.0267593, 0.0 ], [ 75.2574661, 33.0268087, 0.0 ], [ 75.2576834, 33.026912199999984, 0.0 ], [ 75.2578846, 33.0271168, 0.0 ], [ 75.2579945, 33.0274092, 0.0 ], [ 75.2580455, 33.0276588, 0.0 ], [ 75.2579972, 33.0279084, 0.0 ], [ 75.2578926, 33.0281895, 0.0 ], [ 75.2577085, 33.028507, 0.0 ], [ 75.2574199, 33.0287351, 0.0 ], [ 75.257563100000013, 33.0289596, 0.0 ], [ 75.2575577, 33.028998, 0.0 ], [ 75.2575556, 33.0290382, 0.0 ], [ 75.2575545, 33.0290899, 0.0 ], [ 75.2575609, 33.029139, 0.0 ], [ 75.2575748, 33.02918720000001, 0.0 ], [ 75.2575929, 33.0292318, 0.0 ], [ 75.2576152, 33.0292764, 0.0 ], [ 75.257644, 33.0293175, 0.0 ], [ 75.2576801, 33.0293559, 0.0 ], [ 75.2577095, 33.0293816, 0.0 ], [ 75.257927600000016, 33.0296383, 0.0 ], [ 75.2580852, 33.0296058, 0.0 ], [ 75.2582944, 33.0295638, 0.0 ], [ 75.2586198, 33.0295064, 0.0 ], [ 75.258685938555061, 33.029494621583474, 0.0 ] ] } },
{ "type": "Feature", "properties": { "segment_id": "NH44_SEG_020", "sequence_number": 20, "start_chainage_m": 9500.0, "end_chainage_m": 10000.0, "nominal_length_m": 500.0, "actual_geometry_length_m": 500.0, "start_longitude": 75.258686, "start_latitude": 33.029495, "end_longitude": 75.263749, "end_latitude": 33.028967, "midpoint_longitude": 75.261211, "midpoint_latitude": 33.028781, "vertex_count": 42, "source_route_sha256": "7141c209c578f8e8f19bc13b85409eeb220b709703c62691fac732594b2e3564", "terminal_segment": false }, "geometry": { "type": "LineString", "coordinates": [ [ 75.258685938555061, 33.029494621583474, 0.0 ], [ 75.2590488, 33.02943, 0.0 ], [ 75.259328, 33.0293719, 0.0 ], [ 75.2595567, 33.0293223, 0.0 ], [ 75.2598655, 33.0292456, 0.0 ], [ 75.2601269, 33.0291793, 0.0 ], [ 75.2602923, 33.0291281, 0.0 ], [ 75.2604353, 33.0290896, 0.0 ], [ 75.2605622, 33.0290545, 0.0 ], [ 75.2606585, 33.0290273, 0.0 ], [ 75.2607562, 33.0289946, 0.0 ], [ 75.2608352, 33.028964, 0.0 ], [ 75.2609253, 33.0289257, 0.0 ], [ 75.2610185, 33.0288825, 0.0 ], [ 75.2611157, 33.0288336, 0.0 ], [ 75.2612492, 33.0287602, 0.0 ], [ 75.2614019, 33.02868620000001, 0.0 ], [ 75.2614975, 33.0286414, 0.0 ], [ 75.2615551, 33.0286206, 0.0 ], [ 75.2616236, 33.028599, 0.0 ], [ 75.2616729, 33.0285854, 0.0 ], [ 75.2617158, 33.028576, 0.0 ], [ 75.2617715, 33.028568399999983, 0.0 ], [ 75.2618269, 33.0285649, 0.0 ], [ 75.2618881, 33.0285647, 0.0 ], [ 75.2619395, 33.028567, 0.0 ], [ 75.2620107, 33.028574199999987, 0.0 ], [ 75.2620753, 33.0285829, 0.0 ], [ 75.2621433, 33.0285956, 0.0 ], [ 75.2622349, 33.0286238, 0.0 ], [ 75.2623392, 33.0286636, 0.0 ], [ 75.2624773, 33.0287176, 0.0 ], [ 75.2626765, 33.0287854, 0.0 ], [ 75.262808, 33.0288334, 0.0 ], [ 75.2629392, 33.0288732, 0.0 ], [ 75.2630467, 33.0288989, 0.0 ], [ 75.2631704, 33.0289247, 0.0 ], [ 75.2632862, 33.0289394, 0.0 ], [ 75.2634067, 33.0289503, 0.0 ], [ 75.2635053, 33.0289555, 0.0 ], [ 75.2636492, 33.0289637, 0.0 ], [ 75.263748776529695, 33.028966914202492, 0.0 ] ] } },
{ "type": "Feature", "properties": { "segment_id": "NH44_SEG_021", "sequence_number": 21, "start_chainage_m": 10000.0, "end_chainage_m": 10500.0, "nominal_length_m": 500.0, "actual_geometry_length_m": 500.0, "start_longitude": 75.263749, "start_latitude": 33.028967, "end_longitude": 75.268033, "end_latitude": 33.031456, "midpoint_longitude": 75.26613, "midpoint_latitude": 33.029876, "vertex_count": 40, "source_route_sha256": "7141c209c578f8e8f19bc13b85409eeb220b709703c62691fac732594b2e3564", "terminal_segment": false }, "geometry": { "type": "LineString", "coordinates": [ [ 75.263748776529695, 33.028966914202492, 0.0 ], [ 75.2638072, 33.0289688, 0.0 ], [ 75.2639575, 33.0289733, 0.0 ], [ 75.2641095, 33.0289848, 0.0 ], [ 75.2641986, 33.0289922, 0.0 ], [ 75.2642873, 33.0290073, 0.0 ], [ 75.2643659, 33.0290252, 0.0 ], [ 75.2644342, 33.0290492, 0.0 ], [ 75.2645093, 33.0290858, 0.0 ], [ 75.2645836, 33.0291266, 0.0 ], [ 75.2646678, 33.0291798, 0.0 ], [ 75.2647823, 33.0292628, 0.0 ], [ 75.2648968, 33.0293487, 0.0 ], [ 75.2649828, 33.0294081, 0.0 ], [ 75.2650587, 33.029456099999983, 0.0 ], [ 75.2651159, 33.0294843, 0.0 ], [ 75.2651847, 33.0295121, 0.0 ], [ 75.2652619, 33.02954, 0.0 ], [ 75.2653284, 33.0295617, 0.0 ], [ 75.2654615, 33.0296023, 0.0 ], [ 75.2656331, 33.0296523, 0.0 ], [ 75.2657471, 33.0296866, 0.0 ], [ 75.2658226, 33.0297116, 0.0 ], [ 75.2658832, 33.0297371, 0.0 ], [ 75.2659358, 33.0297586, 0.0 ], [ 75.2659937, 33.0297885, 0.0 ], [ 75.2660598, 33.0298286, 0.0 ], [ 75.2661242, 33.0298716, 0.0 ], [ 75.2662057, 33.0299306, 0.0 ], [ 75.2663112, 33.0300104, 0.0 ], [ 75.2665156, 33.0301624, 0.0 ], [ 75.2668568, 33.0304242, 0.0 ], [ 75.2670527, 33.03057050000001, 0.0 ], [ 75.2672306, 33.0307071, 0.0 ], [ 75.2673681, 33.0308191, 0.0 ], [ 75.2675123, 33.0309425, 0.0 ], [ 75.2676723, 33.0310957, 0.0 ], [ 75.2678373, 33.0312517, 0.0 ], [ 75.2679482, 33.03136940000001, 0.0 ], [ 75.268033051104467, 33.031456340013456, 0.0 ] ] } },
{ "type": "Feature", "properties": { "segment_id": "NH44_SEG_022", "sequence_number": 22, "start_chainage_m": 10500.0, "end_chainage_m": 11000.0, "nominal_length_m": 500.0, "actual_geometry_length_m": 500.0, "start_longitude": 75.268033, "start_latitude": 33.031456, "end_longitude": 75.269905, "end_latitude": 33.035421, "midpoint_longitude": 75.268594, "midpoint_latitude": 33.033645, "vertex_count": 35, "source_route_sha256": "7141c209c578f8e8f19bc13b85409eeb220b709703c62691fac732594b2e3564", "terminal_segment": false }, "geometry": { "type": "LineString", "coordinates": [ [ 75.268033051104467, 33.031456340013456, 0.0 ], [ 75.268066, 33.0314901, 0.0 ], [ 75.268113, 33.0315528, 0.0 ], [ 75.2681426, 33.0316004, 0.0 ], [ 75.268162, 33.0316452, 0.0 ], [ 75.2681772, 33.0316951, 0.0 ], [ 75.2681889, 33.0317483, 0.0 ], [ 75.268199, 33.0318087, 0.0 ], [ 75.2682294, 33.032016699999986, 0.0 ], [ 75.2682686, 33.0323242, 0.0 ], [ 75.2683007, 33.0325507, 0.0 ], [ 75.2683242, 33.0326834, 0.0 ], [ 75.2683579, 33.0328247, 0.0 ], [ 75.2684018, 33.0329866, 0.0 ], [ 75.2685058, 33.0333412, 0.0 ], [ 75.2686262, 33.0337578, 0.0 ], [ 75.2687063, 33.0340371, 0.0 ], [ 75.2687823, 33.0343024, 0.0 ], [ 75.2688381, 33.0344671, 0.0 ], [ 75.2688821, 33.0345925, 0.0 ], [ 75.2689142, 33.0346548, 0.0 ], [ 75.2689528, 33.034712, 0.0 ], [ 75.2689948, 33.034762, 0.0 ], [ 75.2690341, 33.0347959, 0.0 ], [ 75.2693569, 33.0348286, 0.0 ], [ 75.2694207, 33.0348732, 0.0 ], [ 75.2695091, 33.0349312, 0.0 ], [ 75.2695612, 33.0349731, 0.0 ], [ 75.2696134, 33.0350186, 0.0 ], [ 75.2696634, 33.0350731, 0.0 ], [ 75.2697103, 33.0351337, 0.0 ], [ 75.2697486, 33.0351846, 0.0 ], [ 75.2697965, 33.0352578, 0.0 ], [ 75.269842200000014, 33.0353283, 0.0 ], [ 75.269904750520567, 33.035421272825531, 0.0 ] ] } },
{ "type": "Feature", "properties": { "segment_id": "NH44_SEG_023", "sequence_number": 23, "start_chainage_m": 11000.0, "end_chainage_m": 11500.0, "nominal_length_m": 500.0, "actual_geometry_length_m": 500.0, "start_longitude": 75.269905, "start_latitude": 33.035421, "end_longitude": 75.274623, "end_latitude": 33.035357, "midpoint_longitude": 75.27232, "midpoint_latitude": 33.035645, "vertex_count": 78, "source_route_sha256": "7141c209c578f8e8f19bc13b85409eeb220b709703c62691fac732594b2e3564", "terminal_segment": false }, "geometry": { "type": "LineString", "coordinates": [ [ 75.269904750520567, 33.035421272825531, 0.0 ], [ 75.2699082, 33.0354264, 0.0 ], [ 75.2699561, 33.0354943, 0.0 ], [ 75.2700051, 33.0355531, 0.0 ], [ 75.2700434, 33.0355915, 0.0 ], [ 75.2700966, 33.0356281, 0.0 ], [ 75.2701435, 33.035654, 0.0 ], [ 75.2701967, 33.035679, 0.0 ], [ 75.2702478, 33.0356995, 0.0 ], [ 75.2702989, 33.03571560000001, 0.0 ], [ 75.270351, 33.0357272, 0.0 ], [ 75.2704139, 33.0357361, 0.0 ], [ 75.2704905, 33.0357423, 0.0 ], [ 75.2705969, 33.0357441, 0.0 ], [ 75.2707087, 33.0357512, 0.0 ], [ 75.2708162, 33.03575750000001, 0.0 ], [ 75.2708918, 33.0357664, 0.0 ], [ 75.2709669, 33.0357821, 0.0 ], [ 75.2710259, 33.0357955, 0.0 ], [ 75.2710876, 33.0358158, 0.0 ], [ 75.2711627, 33.0358461, 0.0 ], [ 75.2712652, 33.0358824, 0.0 ], [ 75.271355600000021, 33.0359065, 0.0 ], [ 75.2714156, 33.0359192, 0.0 ], [ 75.2714671, 33.035927, 0.0 ], [ 75.2715212, 33.0359299, 0.0 ], [ 75.2715728, 33.0359277, 0.0 ], [ 75.2716243, 33.0359214, 0.0 ], [ 75.2716843, 33.0359086, 0.0 ], [ 75.2717358, 33.035893, 0.0 ], [ 75.2717933, 33.0358739, 0.0 ], [ 75.2719135, 33.0358199, 0.0 ], [ 75.2720306, 33.03576730000001, 0.0 ], [ 75.2721285, 33.0357191, 0.0 ], [ 75.2722116, 33.0356825, 0.0 ], [ 75.2722956, 33.0356522, 0.0 ], [ 75.2723499, 33.035637, 0.0 ], [ 75.2724159, 33.0356254, 0.0 ], [ 75.2724809, 33.0356218, 0.0 ], [ 75.2725351, 33.0356236, 0.0 ], [ 75.2725947, 33.0356263, 0.0 ], [ 75.2726469, 33.0356343, 0.0 ], [ 75.2727033, 33.0356486, 0.0 ], [ 75.272741600000018, 33.0356584, 0.0 ], [ 75.2727885, 33.0356763, 0.0 ], [ 75.2728438, 33.0357039, 0.0 ], [ 75.2728928, 33.0357289, 0.0 ], [ 75.2729545, 33.0357601, 0.0 ], [ 75.2730248, 33.0357958, 0.0 ], [ 75.2730908, 33.0358315, 0.0 ], [ 75.2731504, 33.0358636, 0.0 ], [ 75.2731962, 33.0358806, 0.0 ], [ 75.2732377, 33.0358913, 0.0 ], [ 75.2732898, 33.0359002, 0.0 ], [ 75.273348400000017, 33.0359074, 0.0 ], [ 75.2734112, 33.0359065, 0.0 ], [ 75.2734569, 33.0359047, 0.0 ], [ 75.2735123, 33.0358967, 0.0 ], [ 75.2735623, 33.0358833, 0.0 ], [ 75.2736102, 33.03586450000001, 0.0 ], [ 75.2736517, 33.035844, 0.0 ], [ 75.273699600000015, 33.035814599999988, 0.0 ], [ 75.2737316, 33.0357905, 0.0 ], [ 75.2737773, 33.035745, 0.0 ], [ 75.273827400000016, 33.0356914, 0.0 ], [ 75.2739338, 33.0355647, 0.0 ], [ 75.2740136, 33.0354737, 0.0 ], [ 75.2740637, 33.0354291, 0.0 ], [ 75.2741126, 33.0353943, 0.0 ], [ 75.2741627, 33.0353666, 0.0 ], [ 75.2742169, 33.0353443, 0.0 ], [ 75.2742712, 33.0353273, 0.0 ], [ 75.2743191, 33.035317499999984, 0.0 ], [ 75.2743734, 33.0353149, 0.0 ], [ 75.2744256, 33.0353175, 0.0 ], [ 75.2744735, 33.0353229, 0.0 ], [ 75.2745427, 33.0353372, 0.0 ], [ 75.274622899050485, 33.035357169571071, 0.0 ] ] } },
{ "type": "Feature", "properties": { "segment_id": "NH44_SEG_024", "sequence_number": 24, "start_chainage_m": 11500.0, "end_chainage_m": 12000.0, "nominal_length_m": 500.0, "actual_geometry_length_m": 500.0, "start_longitude": 75.274623, "start_latitude": 33.035357, "end_longitude": 75.278172, "end_latitude": 33.037939, "midpoint_longitude": 75.276984, "midpoint_latitude": 33.036283, "vertex_count": 51, "source_route_sha256": "7141c209c578f8e8f19bc13b85409eeb220b709703c62691fac732594b2e3564", "terminal_segment": false }, "geometry": { "type": "LineString", "coordinates": [ [ 75.274622899050485, 33.035357169571071, 0.0 ], [ 75.2746427, 33.0353621, 0.0 ], [ 75.2747524, 33.035390699999986, 0.0 ], [ 75.2748865, 33.0354371, 0.0 ], [ 75.2750068, 33.035471, 0.0 ], [ 75.275126, 33.0354996, 0.0 ], [ 75.2752133, 33.035515599999989, 0.0 ], [ 75.2753697, 33.0355326, 0.0 ], [ 75.2755262, 33.0355486, 0.0 ], [ 75.2756529, 33.0355665, 0.0 ], [ 75.2758306, 33.0356004, 0.0 ], [ 75.2759435, 33.0356272, 0.0 ], [ 75.2760276, 33.0356504, 0.0 ], [ 75.2761159, 33.0356816, 0.0 ], [ 75.2762042, 33.0357209, 0.0 ], [ 75.2762734, 33.0357584, 0.0 ], [ 75.2763479, 33.0358039, 0.0 ], [ 75.2764395, 33.035864499999988, 0.0 ], [ 75.2765119, 33.0359163, 0.0 ], [ 75.276603400000013, 33.0359841, 0.0 ], [ 75.2767546, 33.0361224, 0.0 ], [ 75.2769078, 33.0362375, 0.0 ], [ 75.27701, 33.0362982, 0.0 ], [ 75.2770771, 33.0363295, 0.0 ], [ 75.2771559, 33.036358, 0.0 ], [ 75.2772538, 33.0363883, 0.0 ], [ 75.2773432, 33.0364098, 0.0 ], [ 75.2774741, 33.036433899999984, 0.0 ], [ 75.277600400000011, 33.0364521, 0.0 ], [ 75.2776882, 33.0364719, 0.0 ], [ 75.277750700000013, 33.0364946, 0.0 ], [ 75.27782, 33.0365272, 0.0 ], [ 75.2778876, 33.0365739, 0.0 ], [ 75.277945, 33.0366178, 0.0 ], [ 75.2780059, 33.0366788, 0.0 ], [ 75.278048100000021, 33.0367397, 0.0 ], [ 75.2780819, 33.0368034, 0.0 ], [ 75.2781039, 33.0368558, 0.0 ], [ 75.2781242, 33.0369139, 0.0 ], [ 75.2781292, 33.0369677, 0.0 ], [ 75.2781279, 33.0370293, 0.0 ], [ 75.2781262, 33.0370969, 0.0 ], [ 75.278119600000011, 33.0371758, 0.0 ], [ 75.2781155, 33.0372758, 0.0 ], [ 75.2781159, 33.0373463, 0.0 ], [ 75.27813, 33.0374474, 0.0 ], [ 75.2781481, 33.037547, 0.0 ], [ 75.2781627, 33.0376215, 0.0 ], [ 75.2781612, 33.0377257, 0.0 ], [ 75.2781677, 33.0379054, 0.0 ], [ 75.278172036668991, 33.037938836953131, 0.0 ] ] } },
{ "type": "Feature", "properties": { "segment_id": "NH44_SEG_025", "sequence_number": 25, "start_chainage_m": 12000.0, "end_chainage_m": 12500.0, "nominal_length_m": 500.0, "actual_geometry_length_m": 500.0, "start_longitude": 75.278172, "start_latitude": 33.037939, "end_longitude": 75.279173, "end_latitude": 33.041928, "midpoint_longitude": 75.279274, "midpoint_latitude": 33.039892, "vertex_count": 65, "source_route_sha256": "7141c209c578f8e8f19bc13b85409eeb220b709703c62691fac732594b2e3564", "terminal_segment": false }, "geometry": { "type": "LineString", "coordinates": [ [ 75.278172036668991, 33.037938836953131, 0.0 ], [ 75.2781784, 33.0379879, 0.0 ], [ 75.2781775, 33.0380602, 0.0 ], [ 75.2781838, 33.0381455, 0.0 ], [ 75.2782027, 33.0382555, 0.0 ], [ 75.278236, 33.0383713, 0.0 ], [ 75.2782623, 33.0384447, 0.0 ], [ 75.2782843, 33.0385133, 0.0 ], [ 75.2783216, 33.0385902, 0.0 ], [ 75.2783677, 33.0386638, 0.0 ], [ 75.2784155, 33.0387202, 0.0 ], [ 75.2784874, 33.0387922, 0.0 ], [ 75.2785647, 33.038865800000011, 0.0 ], [ 75.2786215, 33.0389242, 0.0 ], [ 75.2786866, 33.0389804, 0.0 ], [ 75.2787697, 33.0390394, 0.0 ], [ 75.2788568, 33.0390957, 0.0 ], [ 75.2789132, 33.039135, 0.0 ], [ 75.2789568, 33.039172699999988, 0.0 ], [ 75.2789963, 33.0392104, 0.0 ], [ 75.2790392, 33.0392553, 0.0 ], [ 75.2790902, 33.039316, 0.0 ], [ 75.2791297, 33.0393711, 0.0 ], [ 75.2791706, 33.0394374, 0.0 ], [ 75.2792109, 33.0395151, 0.0 ], [ 75.2792277, 33.03955830000001, 0.0 ], [ 75.2792417, 33.0396004, 0.0 ], [ 75.2792552, 33.0396572, 0.0 ], [ 75.2792646, 33.0397039, 0.0 ], [ 75.2792753, 33.039777, 0.0 ], [ 75.2792766, 33.0398512, 0.0 ], [ 75.2792726, 33.0399287, 0.0 ], [ 75.2792672, 33.0399928, 0.0 ], [ 75.2792598, 33.0400361, 0.0 ], [ 75.2792497, 33.0400794, 0.0 ], [ 75.2792283, 33.0401536, 0.0 ], [ 75.2792082, 33.0402109, 0.0 ], [ 75.2791855, 33.040266, 0.0 ], [ 75.2791546, 33.0403239, 0.0 ], [ 75.2791211, 33.0403762, 0.0 ], [ 75.2790875, 33.0404291, 0.0 ], [ 75.2790566, 33.0404796, 0.0 ], [ 75.2789963, 33.0405639, 0.0 ], [ 75.2789427, 33.0406348, 0.0 ], [ 75.2788863, 33.0407055, 0.0 ], [ 75.2788462, 33.0407595, 0.0 ], [ 75.2788133, 33.0408135, 0.0 ], [ 75.2787911, 33.0408573, 0.0 ], [ 75.2787697, 33.0409012, 0.0 ], [ 75.2787536, 33.0409406, 0.0 ], [ 75.2787214, 33.0410181, 0.0 ], [ 75.2787133, 33.0410833, 0.0 ], [ 75.278708, 33.0411598, 0.0 ], [ 75.2787133, 33.04124070000001, 0.0 ], [ 75.2787241, 33.0412924, 0.0 ], [ 75.2787428, 33.0413599, 0.0 ], [ 75.2787777, 33.0414431, 0.0 ], [ 75.2788287, 33.0415128, 0.0 ], [ 75.278877, 33.041569, 0.0 ], [ 75.278938600000018, 33.0416477, 0.0 ], [ 75.2789923, 33.0417084, 0.0 ], [ 75.2790593, 33.0417871, 0.0 ], [ 75.2791103, 33.0418478, 0.0 ], [ 75.279172, 33.04192650000001, 0.0 ], [ 75.279172682523424, 33.041927928580968, 0.0 ] ] } },
{ "type": "Feature", "properties": { "segment_id": "NH44_SEG_026", "sequence_number": 26, "start_chainage_m": 12500.0, "end_chainage_m": 13000.0, "nominal_length_m": 500.0, "actual_geometry_length_m": 500.0, "start_longitude": 75.279173, "start_latitude": 33.041928, "end_longitude": 75.278523, "end_latitude": 33.04633, "midpoint_longitude": 75.279075, "midpoint_latitude": 33.04414, "vertex_count": 28, "source_route_sha256": "7141c209c578f8e8f19bc13b85409eeb220b709703c62691fac732594b2e3564", "terminal_segment": false }, "geometry": { "type": "LineString", "coordinates": [ [ 75.279172682523424, 33.041927928580968, 0.0 ], [ 75.2792096, 33.0420052, 0.0 ], [ 75.2792391, 33.0420614, 0.0 ], [ 75.279260500000021, 33.0421221, 0.0 ], [ 75.2792847, 33.0421963, 0.0 ], [ 75.2793061, 33.0422592, 0.0 ], [ 75.279327600000016, 33.0423312, 0.0 ], [ 75.2793437, 33.0424099, 0.0 ], [ 75.2793517, 33.0424931, 0.0 ], [ 75.2793598, 33.042583, 0.0 ], [ 75.2793517, 33.0426595, 0.0 ], [ 75.2793437, 33.0427382, 0.0 ], [ 75.2792873, 33.0431159, 0.0 ], [ 75.2792069, 33.0436353, 0.0 ], [ 75.2791532, 33.0438421, 0.0 ], [ 75.2790701, 33.0441569, 0.0 ], [ 75.2789977, 33.0444334, 0.0 ], [ 75.2789038, 33.0446897, 0.0 ], [ 75.2787563, 33.0451596, 0.0 ], [ 75.2786758, 33.045389, 0.0 ], [ 75.2785846, 33.0455981, 0.0 ], [ 75.2785444, 33.0457307, 0.0 ], [ 75.2785336, 33.0458125, 0.0 ], [ 75.2785175, 33.0459353, 0.0 ], [ 75.2785091, 33.0461671, 0.0 ], [ 75.2785126, 33.0462437, 0.0 ], [ 75.2785207, 33.0463163, 0.0 ], [ 75.278523439763973, 33.046330048644954, 0.0 ] ] } },
{ "type": "Feature", "properties": { "segment_id": "NH44_SEG_027", "sequence_number": 27, "start_chainage_m": 13000.0, "end_chainage_m": 13500.0, "nominal_length_m": 500.0, "actual_geometry_length_m": 500.0, "start_longitude": 75.278523, "start_latitude": 33.04633, "end_longitude": 75.281183, "end_latitude": 33.050165, "midpoint_longitude": 75.279928, "midpoint_latitude": 33.04822, "vertex_count": 24, "source_route_sha256": "7141c209c578f8e8f19bc13b85409eeb220b709703c62691fac732594b2e3564", "terminal_segment": false }, "geometry": { "type": "LineString", "coordinates": [ [ 75.278523439763973, 33.046330048644954, 0.0 ], [ 75.2785372, 33.0463991, 0.0 ], [ 75.2785566, 33.046476, 0.0 ], [ 75.2785838, 33.0465491, 0.0 ], [ 75.2786363, 33.0466762, 0.0 ], [ 75.278679400000016, 33.0467649, 0.0 ], [ 75.278721, 33.0468382, 0.0 ], [ 75.2787638, 33.04690020000001, 0.0 ], [ 75.278809600000017, 33.046960799999987, 0.0 ], [ 75.2789601, 33.0471472, 0.0 ], [ 75.2790977, 33.0473233, 0.0 ], [ 75.2792953, 33.047571899999987, 0.0 ], [ 75.2796006, 33.0478981, 0.0 ], [ 75.2798402, 33.0481265, 0.0 ], [ 75.2801821, 33.04848710000001, 0.0 ], [ 75.2803912, 33.0487172, 0.0 ], [ 75.2804937, 33.0488223, 0.0 ], [ 75.280595, 33.0489279, 0.0 ], [ 75.2807785, 33.049142, 0.0 ], [ 75.2808804, 33.0492782, 0.0 ], [ 75.280957500000014, 33.0494455, 0.0 ], [ 75.2810639, 33.0496959, 0.0 ], [ 75.2811402, 33.049934399999984, 0.0 ], [ 75.281183002684443, 33.050165360206897, 0.0 ] ] } },
{ "type": "Feature", "properties": { "segment_id": "NH44_SEG_028", "sequence_number": 28, "start_chainage_m": 13500.0, "end_chainage_m": 14000.0, "nominal_length_m": 500.0, "actual_geometry_length_m": 500.0, "start_longitude": 75.281183, "start_latitude": 33.050165, "end_longitude": 75.281843, "end_latitude": 33.054641, "midpoint_longitude": 75.281513, "midpoint_latitude": 33.052403, "vertex_count": 3, "source_route_sha256": "7141c209c578f8e8f19bc13b85409eeb220b709703c62691fac732594b2e3564", "terminal_segment": false }, "geometry": { "type": "LineString", "coordinates": [ [ 75.281183002684443, 33.050165360206897, 0.0 ], [ 75.2811844, 33.050172899999986, 0.0 ], [ 75.28184259449354, 33.054641132513552, 0.0 ] ] } },
{ "type": "Feature", "properties": { "segment_id": "NH44_SEG_029", "sequence_number": 29, "start_chainage_m": 14000.0, "end_chainage_m": 14500.0, "nominal_length_m": 500.0, "actual_geometry_length_m": 500.0, "start_longitude": 75.281843, "start_latitude": 33.054641, "end_longitude": 75.282502, "end_latitude": 33.059117, "midpoint_longitude": 75.282172, "midpoint_latitude": 33.056879, "vertex_count": 2, "source_route_sha256": "7141c209c578f8e8f19bc13b85409eeb220b709703c62691fac732594b2e3564", "terminal_segment": false }, "geometry": { "type": "LineString", "coordinates": [ [ 75.28184259449354, 33.054641132513552, 0.0 ], [ 75.282501972883338, 33.059116930999075, 0.0 ] ] } },
{ "type": "Feature", "properties": { "segment_id": "NH44_SEG_030", "sequence_number": 30, "start_chainage_m": 14500.0, "end_chainage_m": 15000.0, "nominal_length_m": 500.0, "actual_geometry_length_m": 500.0, "start_longitude": 75.282502, "start_latitude": 33.059117, "end_longitude": 75.283161, "end_latitude": 33.063593, "midpoint_longitude": 75.282832, "midpoint_latitude": 33.061355, "vertex_count": 2, "source_route_sha256": "7141c209c578f8e8f19bc13b85409eeb220b709703c62691fac732594b2e3564", "terminal_segment": false }, "geometry": { "type": "LineString", "coordinates": [ [ 75.282501972883338, 33.059116930999075, 0.0 ], [ 75.283161419702978, 33.063592722427138, 0.0 ] ] } },
{ "type": "Feature", "properties": { "segment_id": "NH44_SEG_031", "sequence_number": 31, "start_chainage_m": 15000.0, "end_chainage_m": 15500.0, "nominal_length_m": 500.0, "actual_geometry_length_m": 500.0, "start_longitude": 75.283161, "start_latitude": 33.063593, "end_longitude": 75.283821, "end_latitude": 33.068069, "midpoint_longitude": 75.283491, "midpoint_latitude": 33.065831, "vertex_count": 2, "source_route_sha256": "7141c209c578f8e8f19bc13b85409eeb220b709703c62691fac732594b2e3564", "terminal_segment": false }, "geometry": { "type": "LineString", "coordinates": [ [ 75.283161419702978, 33.063592722427138, 0.0 ], [ 75.283820934974642, 33.068068506795726, 0.0 ] ] } },
{ "type": "Feature", "properties": { "segment_id": "NH44_SEG_032", "sequence_number": 32, "start_chainage_m": 15500.0, "end_chainage_m": 16000.0, "nominal_length_m": 500.0, "actual_geometry_length_m": 500.0, "start_longitude": 75.283821, "start_latitude": 33.068069, "end_longitude": 75.284481, "end_latitude": 33.072544, "midpoint_longitude": 75.284151, "midpoint_latitude": 33.070306, "vertex_count": 2, "source_route_sha256": "7141c209c578f8e8f19bc13b85409eeb220b709703c62691fac732594b2e3564", "terminal_segment": false }, "geometry": { "type": "LineString", "coordinates": [ [ 75.283820934974642, 33.068068506795726, 0.0 ], [ 75.284480518720571, 33.072544284102861, 0.0 ] ] } },
{ "type": "Feature", "properties": { "segment_id": "NH44_SEG_033", "sequence_number": 33, "start_chainage_m": 16000.0, "end_chainage_m": 16500.0, "nominal_length_m": 500.0, "actual_geometry_length_m": 500.0, "start_longitude": 75.284481, "start_latitude": 33.072544, "end_longitude": 75.28514, "end_latitude": 33.07702, "midpoint_longitude": 75.28481, "midpoint_latitude": 33.074782, "vertex_count": 2, "source_route_sha256": "7141c209c578f8e8f19bc13b85409eeb220b709703c62691fac732594b2e3564", "terminal_segment": false }, "geometry": { "type": "LineString", "coordinates": [ [ 75.284480518720571, 33.072544284102861, 0.0 ], [ 75.285140170962947, 33.077020054346562, 0.0 ] ] } },
{ "type": "Feature", "properties": { "segment_id": "NH44_SEG_034", "sequence_number": 34, "start_chainage_m": 16500.0, "end_chainage_m": 17000.0, "nominal_length_m": 500.0, "actual_geometry_length_m": 500.0, "start_longitude": 75.28514, "start_latitude": 33.07702, "end_longitude": 75.2858, "end_latitude": 33.081496, "midpoint_longitude": 75.28547, "midpoint_latitude": 33.079258, "vertex_count": 2, "source_route_sha256": "7141c209c578f8e8f19bc13b85409eeb220b709703c62691fac732594b2e3564", "terminal_segment": false }, "geometry": { "type": "LineString", "coordinates": [ [ 75.285140170962947, 33.077020054346562, 0.0 ], [ 75.285799891723997, 33.081495817524797, 0.0 ] ] } },
{ "type": "Feature", "properties": { "segment_id": "NH44_SEG_035", "sequence_number": 35, "start_chainage_m": 17000.0, "end_chainage_m": 17500.0, "nominal_length_m": 500.0, "actual_geometry_length_m": 500.0, "start_longitude": 75.2858, "start_latitude": 33.081496, "end_longitude": 75.28646, "end_latitude": 33.085972, "midpoint_longitude": 75.28613, "midpoint_latitude": 33.083734, "vertex_count": 2, "source_route_sha256": "7141c209c578f8e8f19bc13b85409eeb220b709703c62691fac732594b2e3564", "terminal_segment": false }, "geometry": { "type": "LineString", "coordinates": [ [ 75.285799891723997, 33.081495817524797, 0.0 ], [ 75.286459681025974, 33.085971573635589, 0.0 ] ] } },
{ "type": "Feature", "properties": { "segment_id": "NH44_SEG_036", "sequence_number": 36, "start_chainage_m": 17500.0, "end_chainage_m": 18000.0, "nominal_length_m": 500.0, "actual_geometry_length_m": 500.0, "start_longitude": 75.28646, "start_latitude": 33.085972, "end_longitude": 75.28712, "end_latitude": 33.090447, "midpoint_longitude": 75.28679, "midpoint_latitude": 33.088209, "vertex_count": 2, "source_route_sha256": "7141c209c578f8e8f19bc13b85409eeb220b709703c62691fac732594b2e3564", "terminal_segment": false }, "geometry": { "type": "LineString", "coordinates": [ [ 75.286459681025974, 33.085971573635589, 0.0 ], [ 75.287119538891062, 33.090447322676944, 0.0 ] ] } },
{ "type": "Feature", "properties": { "segment_id": "NH44_SEG_037", "sequence_number": 37, "start_chainage_m": 18000.0, "end_chainage_m": 18500.0, "nominal_length_m": 500.0, "actual_geometry_length_m": 500.0, "start_longitude": 75.28712, "start_latitude": 33.090447, "end_longitude": 75.287779, "end_latitude": 33.094923, "midpoint_longitude": 75.287449, "midpoint_latitude": 33.092685, "vertex_count": 2, "source_route_sha256": "7141c209c578f8e8f19bc13b85409eeb220b709703c62691fac732594b2e3564", "terminal_segment": false }, "geometry": { "type": "LineString", "coordinates": [ [ 75.287119538891062, 33.090447322676944, 0.0 ], [ 75.287779465341529, 33.094923064646849, 0.0 ] ] } },
{ "type": "Feature", "properties": { "segment_id": "NH44_SEG_038", "sequence_number": 38, "start_chainage_m": 18500.0, "end_chainage_m": 19000.0, "nominal_length_m": 500.0, "actual_geometry_length_m": 500.0, "start_longitude": 75.287779, "start_latitude": 33.094923, "end_longitude": 75.288439, "end_latitude": 33.099399, "midpoint_longitude": 75.288109, "midpoint_latitude": 33.097161, "vertex_count": 2, "source_route_sha256": "7141c209c578f8e8f19bc13b85409eeb220b709703c62691fac732594b2e3564", "terminal_segment": false }, "geometry": { "type": "LineString", "coordinates": [ [ 75.287779465341529, 33.094923064646849, 0.0 ], [ 75.288439460399616, 33.099398799543323, 0.0 ] ] } },
{ "type": "Feature", "properties": { "segment_id": "NH44_SEG_039", "sequence_number": 39, "start_chainage_m": 19000.0, "end_chainage_m": 19500.0, "nominal_length_m": 500.0, "actual_geometry_length_m": 500.0, "start_longitude": 75.288439, "start_latitude": 33.099399, "end_longitude": 75.2891, "end_latitude": 33.103875, "midpoint_longitude": 75.288769, "midpoint_latitude": 33.101637, "vertex_count": 2, "source_route_sha256": "7141c209c578f8e8f19bc13b85409eeb220b709703c62691fac732594b2e3564", "terminal_segment": false }, "geometry": { "type": "LineString", "coordinates": [ [ 75.288439460399616, 33.099398799543323, 0.0 ], [ 75.289099524087561, 33.103874527364361, 0.0 ] ] } },
{ "type": "Feature", "properties": { "segment_id": "NH44_SEG_040", "sequence_number": 40, "start_chainage_m": 19500.0, "end_chainage_m": 20000.0, "nominal_length_m": 500.0, "actual_geometry_length_m": 500.0, "start_longitude": 75.2891, "start_latitude": 33.103875, "end_longitude": 75.28976, "end_latitude": 33.10835, "midpoint_longitude": 75.28943, "midpoint_latitude": 33.106112, "vertex_count": 2, "source_route_sha256": "7141c209c578f8e8f19bc13b85409eeb220b709703c62691fac732594b2e3564", "terminal_segment": false }, "geometry": { "type": "LineString", "coordinates": [ [ 75.289099524087561, 33.103874527364361, 0.0 ], [ 75.28975965642762, 33.108350248107953, 0.0 ] ] } },
{ "type": "Feature", "properties": { "segment_id": "NH44_SEG_041", "sequence_number": 41, "start_chainage_m": 20000.0, "end_chainage_m": 20500.0, "nominal_length_m": 500.0, "actual_geometry_length_m": 500.0, "start_longitude": 75.28976, "start_latitude": 33.10835, "end_longitude": 75.29042, "end_latitude": 33.112826, "midpoint_longitude": 75.29009, "midpoint_latitude": 33.110588, "vertex_count": 2, "source_route_sha256": "7141c209c578f8e8f19bc13b85409eeb220b709703c62691fac732594b2e3564", "terminal_segment": false }, "geometry": { "type": "LineString", "coordinates": [ [ 75.28975965642762, 33.108350248107953, 0.0 ], [ 75.29041985744206, 33.112825961772131, 0.0 ] ] } },
{ "type": "Feature", "properties": { "segment_id": "NH44_SEG_042", "sequence_number": 42, "start_chainage_m": 20500.0, "end_chainage_m": 21000.0, "nominal_length_m": 500.0, "actual_geometry_length_m": 500.0, "start_longitude": 75.29042, "start_latitude": 33.112826, "end_longitude": 75.29108, "end_latitude": 33.117302, "midpoint_longitude": 75.29075, "midpoint_latitude": 33.115064, "vertex_count": 2, "source_route_sha256": "7141c209c578f8e8f19bc13b85409eeb220b709703c62691fac732594b2e3564", "terminal_segment": false }, "geometry": { "type": "LineString", "coordinates": [ [ 75.29041985744206, 33.112825961772131, 0.0 ], [ 75.291080127153151, 33.11730166835487, 0.0 ] ] } },
{ "type": "Feature", "properties": { "segment_id": "NH44_SEG_043", "sequence_number": 43, "start_chainage_m": 21000.0, "end_chainage_m": 21500.0, "nominal_length_m": 500.0, "actual_geometry_length_m": 500.0, "start_longitude": 75.29108, "start_latitude": 33.117302, "end_longitude": 75.29174, "end_latitude": 33.121777, "midpoint_longitude": 75.29141, "midpoint_latitude": 33.11954, "vertex_count": 2, "source_route_sha256": "7141c209c578f8e8f19bc13b85409eeb220b709703c62691fac732594b2e3564", "terminal_segment": false }, "geometry": { "type": "LineString", "coordinates": [ [ 75.291080127153151, 33.11730166835487, 0.0 ], [ 75.291740465583146, 33.121777367854179, 0.0 ] ] } },
{ "type": "Feature", "properties": { "segment_id": "NH44_SEG_044", "sequence_number": 44, "start_chainage_m": 21500.0, "end_chainage_m": 22000.0, "nominal_length_m": 500.0, "actual_geometry_length_m": 500.0, "start_longitude": 75.29174, "start_latitude": 33.121777, "end_longitude": 75.292401, "end_latitude": 33.126253, "midpoint_longitude": 75.292071, "midpoint_latitude": 33.124015, "vertex_count": 2, "source_route_sha256": "7141c209c578f8e8f19bc13b85409eeb220b709703c62691fac732594b2e3564", "terminal_segment": false }, "geometry": { "type": "LineString", "coordinates": [ [ 75.291740465583146, 33.121777367854179, 0.0 ], [ 75.292400872754371, 33.126253060268063, 0.0 ] ] } },
{ "type": "Feature", "properties": { "segment_id": "NH44_SEG_045", "sequence_number": 45, "start_chainage_m": 22000.0, "end_chainage_m": 22500.0, "nominal_length_m": 500.0, "actual_geometry_length_m": 500.0, "start_longitude": 75.292401, "start_latitude": 33.126253, "end_longitude": 75.294083, "end_latitude": 33.130423, "midpoint_longitude": 75.292731, "midpoint_latitude": 33.128491, "vertex_count": 14, "source_route_sha256": "7141c209c578f8e8f19bc13b85409eeb220b709703c62691fac732594b2e3564", "terminal_segment": false }, "geometry": { "type": "LineString", "coordinates": [ [ 75.292400872754371, 33.126253060268063, 0.0 ], [ 75.2927315, 33.1284936, 0.0 ], [ 75.2927562, 33.128582, 0.0 ], [ 75.2927898, 33.1286765, 0.0 ], [ 75.2928207, 33.128750499999988, 0.0 ], [ 75.2928588, 33.1288215, 0.0 ], [ 75.2929578, 33.1289922, 0.0 ], [ 75.2933, 33.1294721, 0.0 ], [ 75.2934016, 33.129609199999983, 0.0 ], [ 75.2934969, 33.129718, 0.0 ], [ 75.2935305, 33.1297571, 0.0 ], [ 75.293826, 33.1301056, 0.0 ], [ 75.294, 33.130321199999983, 0.0 ], [ 75.294083313910221, 33.130422580612198, 0.0 ] ] } },
{ "type": "Feature", "properties": { "segment_id": "NH44_SEG_046", "sequence_number": 46, "start_chainage_m": 22500.0, "end_chainage_m": 23000.0, "nominal_length_m": 500.0, "actual_geometry_length_m": 500.0, "start_longitude": 75.294083, "start_latitude": 33.130423, "end_longitude": 75.297429, "end_latitude": 33.133564, "midpoint_longitude": 75.296248, "midpoint_latitude": 33.131683, "vertex_count": 26, "source_route_sha256": "7141c209c578f8e8f19bc13b85409eeb220b709703c62691fac732594b2e3564", "terminal_segment": false }, "geometry": { "type": "LineString", "coordinates": [ [ 75.294083313910221, 33.130422580612198, 0.0 ], [ 75.2941923, 33.1305552, 0.0 ], [ 75.2943977, 33.130790699999984, 0.0 ], [ 75.2944187, 33.1308086, 0.0 ], [ 75.2944429, 33.1308247, 0.0 ], [ 75.2944657, 33.1308374, 0.0 ], [ 75.2945269, 33.1308694, 0.0 ], [ 75.2947465, 33.13095340000001, 0.0 ], [ 75.2950495, 33.1310783, 0.0 ], [ 75.2954573, 33.1312505, 0.0 ], [ 75.2956515, 33.131364, 0.0 ], [ 75.2958164, 33.1314305, 0.0 ], [ 75.2961079, 33.131617, 0.0 ], [ 75.2963426, 33.1317276, 0.0 ], [ 75.2964542, 33.1318381, 0.0 ], [ 75.296492, 33.1319379, 0.0 ], [ 75.2965583, 33.1321153, 0.0 ], [ 75.2965769, 33.1323153, 0.0 ], [ 75.2965623, 33.1324586, 0.0 ], [ 75.2965503, 33.1325753, 0.0 ], [ 75.2965636, 33.1326808, 0.0 ], [ 75.2965844, 33.1327678, 0.0 ], [ 75.2966581, 33.1328684, 0.0 ], [ 75.296908, 33.1331484, 0.0 ], [ 75.2973221, 33.1334769, 0.0 ], [ 75.297428617850585, 33.133563538609302, 0.0 ] ] } },
{ "type": "Feature", "properties": { "segment_id": "NH44_SEG_047", "sequence_number": 47, "start_chainage_m": 23000.0, "end_chainage_m": 23500.0, "nominal_length_m": 500.0, "actual_geometry_length_m": 500.0, "start_longitude": 75.297429, "start_latitude": 33.133564, "end_longitude": 75.299758, "end_latitude": 33.137346, "midpoint_longitude": 75.298427, "midpoint_latitude": 33.135394, "vertex_count": 19, "source_route_sha256": "7141c209c578f8e8f19bc13b85409eeb220b709703c62691fac732594b2e3564", "terminal_segment": false }, "geometry": { "type": "LineString", "coordinates": [ [ 75.297428617850585, 33.133563538609302, 0.0 ], [ 75.2975375, 33.1336521, 0.0 ], [ 75.2975145, 33.133864, 0.0 ], [ 75.2978508, 33.1341534, 0.0 ], [ 75.2981059, 33.1341608, 0.0 ], [ 75.2982486, 33.1343426, 0.0 ], [ 75.2983122, 33.134497, 0.0 ], [ 75.2983072, 33.1346505, 0.0 ], [ 75.2983069, 33.1348133, 0.0 ], [ 75.2983038, 33.1349347, 0.0 ], [ 75.2983202, 33.1351541, 0.0 ], [ 75.2983943, 33.1353282, 0.0 ], [ 75.2984882, 33.1355168, 0.0 ], [ 75.2986309, 33.1356957, 0.0 ], [ 75.298718, 33.135797199999985, 0.0 ], [ 75.2988446, 33.1359312, 0.0 ], [ 75.2989654, 33.1361413, 0.0 ], [ 75.2991998, 33.1364736, 0.0 ], [ 75.299757719917849, 33.13734574809402, 0.0 ] ] } },
{ "type": "Feature", "properties": { "segment_id": "NH44_SEG_048", "sequence_number": 48, "start_chainage_m": 23500.0, "end_chainage_m": 24000.0, "nominal_length_m": 500.0, "actual_geometry_length_m": 500.0, "start_longitude": 75.299758, "start_latitude": 33.137346, "end_longitude": 75.303076, "end_latitude": 33.14062, "midpoint_longitude": 75.301138, "midpoint_latitude": 33.139248, "vertex_count": 19, "source_route_sha256": "7141c209c578f8e8f19bc13b85409eeb220b709703c62691fac732594b2e3564", "terminal_segment": false }, "geometry": { "type": "LineString", "coordinates": [ [ 75.299757719917849, 33.13734574809402, 0.0 ], [ 75.2999141, 33.1375902, 0.0 ], [ 75.3002711, 33.1381326, 0.0 ], [ 75.3004639, 33.1384389, 0.0 ], [ 75.3005974, 33.1386227, 0.0 ], [ 75.3007062, 33.1387724, 0.0 ], [ 75.3008379, 33.1390159, 0.0 ], [ 75.3009009, 33.1391104, 0.0 ], [ 75.301, 33.1391865, 0.0 ], [ 75.3011203, 33.139241099999985, 0.0 ], [ 75.3012306, 33.1392814, 0.0 ], [ 75.301423, 33.13931980000001, 0.0 ], [ 75.3017965, 33.1393597, 0.0 ], [ 75.3019453, 33.139396499999989, 0.0 ], [ 75.3021262, 33.1395576, 0.0 ], [ 75.3023212, 33.139774, 0.0 ], [ 75.3028313, 33.1402959, 0.0 ], [ 75.3029876, 33.1404559, 0.0 ], [ 75.303075740012716, 33.140620466231546, 0.0 ] ] } },
{ "type": "Feature", "properties": { "segment_id": "NH44_SEG_049", "sequence_number": 49, "start_chainage_m": 24000.0, "end_chainage_m": 24500.0, "nominal_length_m": 500.0, "actual_geometry_length_m": 500.0, "start_longitude": 75.303076, "start_latitude": 33.14062, "end_longitude": 75.3041, "end_latitude": 33.144878, "midpoint_longitude": 75.303952, "midpoint_latitude": 33.142706, "vertex_count": 21, "source_route_sha256": "7141c209c578f8e8f19bc13b85409eeb220b709703c62691fac732594b2e3564", "terminal_segment": false }, "geometry": { "type": "LineString", "coordinates": [ [ 75.303075740012716, 33.140620466231546, 0.0 ], [ 75.3032058, 33.1408633, 0.0 ], [ 75.3032828, 33.1411515, 0.0 ], [ 75.303315, 33.1414364, 0.0 ], [ 75.3033755, 33.1416538, 0.0 ], [ 75.3034096, 33.1417432, 0.0 ], [ 75.3034581, 33.1418829, 0.0 ], [ 75.3035458, 33.1420215, 0.0 ], [ 75.3038782, 33.1423924, 0.0 ], [ 75.3039308, 33.1425403, 0.0 ], [ 75.303958100000017, 33.1426747, 0.0 ], [ 75.3039073, 33.142939, 0.0 ], [ 75.3038083, 33.1433887, 0.0 ], [ 75.303791, 33.1436045, 0.0 ], [ 75.3037829, 33.1437394, 0.0 ], [ 75.3037542, 33.143839599999986, 0.0 ], [ 75.3037613, 33.1440924, 0.0 ], [ 75.3037758, 33.1442443, 0.0 ], [ 75.3037971, 33.144432, 0.0 ], [ 75.3039537, 33.1446365, 0.0 ], [ 75.304099551437901, 33.144877667871249, 0.0 ] ] } },
{ "type": "Feature", "properties": { "segment_id": "NH44_SEG_050", "sequence_number": 50, "start_chainage_m": 24500.0, "end_chainage_m": 25000.0, "nominal_length_m": 500.0, "actual_geometry_length_m": 500.0, "start_longitude": 75.3041, "start_latitude": 33.144878, "end_longitude": 75.304678, "end_latitude": 33.148483, "midpoint_longitude": 75.305225, "midpoint_latitude": 33.146815, "vertex_count": 19, "source_route_sha256": "7141c209c578f8e8f19bc13b85409eeb220b709703c62691fac732594b2e3564", "terminal_segment": false }, "geometry": { "type": "LineString", "coordinates": [ [ 75.304099551437901, 33.144877667871249, 0.0 ], [ 75.3041514, 33.1449634, 0.0 ], [ 75.3043204, 33.1453677, 0.0 ], [ 75.3045114, 33.1455277, 0.0 ], [ 75.3045977, 33.1457495, 0.0 ], [ 75.3046098, 33.1459095, 0.0 ], [ 75.3045829, 33.1460532, 0.0 ], [ 75.3045937, 33.146161, 0.0 ], [ 75.3046258, 33.1462643, 0.0 ], [ 75.3046929, 33.1463496, 0.0 ], [ 75.3047401, 33.1464022, 0.0 ], [ 75.3049922, 33.146593, 0.0 ], [ 75.3053784, 33.1469613, 0.0 ], [ 75.3057316, 33.1476761, 0.0 ], [ 75.3057271, 33.1478417, 0.0 ], [ 75.3055839, 33.1479763, 0.0 ], [ 75.3053539, 33.1480678, 0.0 ], [ 75.3048491, 33.148275, 0.0 ], [ 75.304678144806431, 33.1484830683724, 0.0 ] ] } },
{ "type": "Feature", "properties": { "segment_id": "NH44_SEG_051", "sequence_number": 51, "start_chainage_m": 25000.0, "end_chainage_m": 25500.0, "nominal_length_m": 500.0, "actual_geometry_length_m": 500.0, "start_longitude": 75.304678, "start_latitude": 33.148483, "end_longitude": 75.306112, "end_latitude": 33.152594, "midpoint_longitude": 75.305631, "midpoint_latitude": 33.150417, "vertex_count": 17, "source_route_sha256": "7141c209c578f8e8f19bc13b85409eeb220b709703c62691fac732594b2e3564", "terminal_segment": false }, "geometry": { "type": "LineString", "coordinates": [ [ 75.304678144806431, 33.1484830683724, 0.0 ], [ 75.3046455, 33.1485228, 0.0 ], [ 75.3045807, 33.148837, 0.0 ], [ 75.3046972, 33.149252, 0.0 ], [ 75.3047422, 33.1493831, 0.0 ], [ 75.3049389, 33.1496649, 0.0 ], [ 75.3051585, 33.1499795, 0.0 ], [ 75.3052427, 33.150137, 0.0 ], [ 75.3054973, 33.1502113, 0.0 ], [ 75.3057172, 33.1505492, 0.0 ], [ 75.3058157, 33.1507971, 0.0 ], [ 75.3058309, 33.150889100000015, 0.0 ], [ 75.3058857, 33.1511482, 0.0 ], [ 75.3058425, 33.1513826, 0.0 ], [ 75.3058853, 33.1521068, 0.0 ], [ 75.306006, 33.1523914, 0.0 ], [ 75.306112363417043, 33.152594423138979, 0.0 ] ] } },
{ "type": "Feature", "properties": { "segment_id": "NH44_SEG_052", "sequence_number": 52, "start_chainage_m": 25500.0, "end_chainage_m": 26000.0, "nominal_length_m": 500.0, "actual_geometry_length_m": 500.0, "start_longitude": 75.306112, "start_latitude": 33.152594, "end_longitude": 75.307709, "end_latitude": 33.156764, "midpoint_longitude": 75.307001, "midpoint_latitude": 33.154645, "vertex_count": 18, "source_route_sha256": "7141c209c578f8e8f19bc13b85409eeb220b709703c62691fac732594b2e3564", "terminal_segment": false }, "geometry": { "type": "LineString", "coordinates": [ [ 75.306112363417043, 33.152594423138979, 0.0 ], [ 75.3061463, 33.1526592, 0.0 ], [ 75.306396, 33.1528867, 0.0 ], [ 75.3066026, 33.1530644, 0.0 ], [ 75.306698, 33.1532293, 0.0 ], [ 75.306771, 33.1534922, 0.0 ], [ 75.3068437, 33.1538103, 0.0 ], [ 75.3069774, 33.1542759, 0.0 ], [ 75.3070034, 33.1545675, 0.0 ], [ 75.3069985, 33.1547405, 0.0 ], [ 75.3070401, 33.1550024, 0.0 ], [ 75.3071296, 33.1552088, 0.0 ], [ 75.3072701, 33.1554041, 0.0 ], [ 75.3073874, 33.1555654, 0.0 ], [ 75.3076359, 33.1559993, 0.0 ], [ 75.3077415, 33.1563727, 0.0 ], [ 75.3077297, 33.156667599999984, 0.0 ], [ 75.307709440548606, 33.156763614006394, 0.0 ] ] } },
{ "type": "Feature", "properties": { "segment_id": "NH44_SEG_053", "sequence_number": 53, "start_chainage_m": 26000.0, "end_chainage_m": 26500.0, "nominal_length_m": 500.0, "actual_geometry_length_m": 500.0, "start_longitude": 75.307709, "start_latitude": 33.156764, "end_longitude": 75.308486, "end_latitude": 33.160953, "midpoint_longitude": 75.308226, "midpoint_latitude": 33.15894, "vertex_count": 14, "source_route_sha256": "7141c209c578f8e8f19bc13b85409eeb220b709703c62691fac732594b2e3564", "terminal_segment": false }, "geometry": { "type": "LineString", "coordinates": [ [ 75.307709440548606, 33.156763614006394, 0.0 ], [ 75.3076764, 33.1569202, 0.0 ], [ 75.3076489, 33.1571212, 0.0 ], [ 75.3076505, 33.1573696, 0.0 ], [ 75.3077169, 33.15759, 0.0 ], [ 75.3078273, 33.1579468, 0.0 ], [ 75.307945300000014, 33.1582477, 0.0 ], [ 75.3081744, 33.1588585, 0.0 ], [ 75.3085622, 33.1594692, 0.0 ], [ 75.3088734, 33.1598891, 0.0 ], [ 75.3089297, 33.1600507, 0.0 ], [ 75.308919, 33.1602349, 0.0 ], [ 75.3088438, 33.1604033, 0.0 ], [ 75.308486091741884, 33.16095343868588, 0.0 ] ] } },
{ "type": "Feature", "properties": { "segment_id": "NH44_SEG_054", "sequence_number": 54, "start_chainage_m": 26500.0, "end_chainage_m": 27000.0, "nominal_length_m": 500.0, "actual_geometry_length_m": 500.0, "start_longitude": 75.308486, "start_latitude": 33.160953, "end_longitude": 75.310364, "end_latitude": 33.16497, "midpoint_longitude": 75.30939, "midpoint_latitude": 33.162925, "vertex_count": 15, "source_route_sha256": "7141c209c578f8e8f19bc13b85409eeb220b709703c62691fac732594b2e3564", "terminal_segment": false }, "geometry": { "type": "LineString", "coordinates": [ [ 75.308486091741884, 33.16095343868588, 0.0 ], [ 75.308465700000013, 33.1609848, 0.0 ], [ 75.308353, 33.1613755, 0.0 ], [ 75.3083611, 33.1615709, 0.0 ], [ 75.308412, 33.1617617, 0.0 ], [ 75.3092971, 33.1627744, 0.0 ], [ 75.3094929, 33.163091, 0.0 ], [ 75.3095573, 33.1634165, 0.0 ], [ 75.3096619, 33.1637309, 0.0 ], [ 75.3097478, 33.1639868, 0.0 ], [ 75.3098282, 33.1641889, 0.0 ], [ 75.3100562, 33.1644179, 0.0 ], [ 75.310303, 33.1646919, 0.0 ], [ 75.3103781, 33.164876, 0.0 ], [ 75.310364043209773, 33.164970156778558, 0.0 ] ] } },
{ "type": "Feature", "properties": { "segment_id": "NH44_SEG_055", "sequence_number": 55, "start_chainage_m": 27000.0, "end_chainage_m": 27500.0, "nominal_length_m": 500.0, "actual_geometry_length_m": 500.0, "start_longitude": 75.310364, "start_latitude": 33.16497, "end_longitude": 75.306097, "end_latitude": 33.167425, "midpoint_longitude": 75.308093, "midpoint_latitude": 33.165973, "vertex_count": 16, "source_route_sha256": "7141c209c578f8e8f19bc13b85409eeb220b709703c62691fac732594b2e3564", "terminal_segment": false }, "geometry": { "type": "LineString", "coordinates": [ [ 75.310364043209773, 33.164970156778558, 0.0 ], [ 75.3103486, 33.1650736, 0.0 ], [ 75.310185, 33.1652532, 0.0 ], [ 75.3099838, 33.1653879, 0.0 ], [ 75.3097182, 33.1654912, 0.0 ], [ 75.309487600000011, 33.1655787, 0.0 ], [ 75.3087741, 33.1658684, 0.0 ], [ 75.3082806, 33.1659537, 0.0 ], [ 75.308058, 33.1659762, 0.0 ], [ 75.3078407, 33.166039, 0.0 ], [ 75.3076744, 33.1661558, 0.0 ], [ 75.3074786, 33.1663736, 0.0 ], [ 75.3071594, 33.1666789, 0.0 ], [ 75.3066384, 33.1669657, 0.0 ], [ 75.3064577, 33.16711, 0.0 ], [ 75.306097444620136, 33.167425442324252, 0.0 ] ] } },
{ "type": "Feature", "properties": { "segment_id": "NH44_SEG_056", "sequence_number": 56, "start_chainage_m": 27500.0, "end_chainage_m": 28000.0, "nominal_length_m": 500.0, "actual_geometry_length_m": 500.0, "start_longitude": 75.306097, "start_latitude": 33.167425, "end_longitude": 75.301595, "end_latitude": 33.169364, "midpoint_longitude": 75.303998, "midpoint_latitude": 33.168683, "vertex_count": 22, "source_route_sha256": "7141c209c578f8e8f19bc13b85409eeb220b709703c62691fac732594b2e3564", "terminal_segment": false }, "geometry": { "type": "LineString", "coordinates": [ [ 75.306097444620136, 33.167425442324252, 0.0 ], [ 75.3059625, 33.1675436, 0.0 ], [ 75.305777300000017, 33.1677016, 0.0 ], [ 75.3056692, 33.167781, 0.0 ], [ 75.3055246, 33.167854199999987, 0.0 ], [ 75.3054023, 33.1678847, 0.0 ], [ 75.3047862, 33.1680022, 0.0 ], [ 75.3045751, 33.168109599999987, 0.0 ], [ 75.3043695, 33.1682483, 0.0 ], [ 75.3041892, 33.1684951, 0.0 ], [ 75.3040451, 33.1686567, 0.0 ], [ 75.3038817, 33.1687476, 0.0 ], [ 75.3036792, 33.1687975, 0.0 ], [ 75.3032975, 33.1687928, 0.0 ], [ 75.3031107, 33.1687936, 0.0 ], [ 75.3029049, 33.1688578, 0.0 ], [ 75.3027624, 33.1689253, 0.0 ], [ 75.3023614, 33.1692722, 0.0 ], [ 75.3021353, 33.1693741, 0.0 ], [ 75.3018912, 33.1694046, 0.0 ], [ 75.3016458, 33.1693766, 0.0 ], [ 75.301595263070638, 33.169363904021495, 0.0 ] ] } },
{ "type": "Feature", "properties": { "segment_id": "NH44_SEG_057", "sequence_number": 57, "start_chainage_m": 28000.0, "end_chainage_m": 28500.0, "nominal_length_m": 500.0, "actual_geometry_length_m": 500.0, "start_longitude": 75.301595, "start_latitude": 33.169364, "end_longitude": 75.296413, "end_latitude": 33.169727, "midpoint_longitude": 75.298941, "midpoint_latitude": 33.16913, "vertex_count": 11, "source_route_sha256": "7141c209c578f8e8f19bc13b85409eeb220b709703c62691fac732594b2e3564", "terminal_segment": false }, "geometry": { "type": "LineString", "coordinates": [ [ 75.301595263070638, 33.169363904021495, 0.0 ], [ 75.3013596, 33.1693047, 0.0 ], [ 75.300949, 33.1692246, 0.0 ], [ 75.2994615, 33.169115, 0.0 ], [ 75.2981388, 33.1691533, 0.0 ], [ 75.2976469, 33.1692225, 0.0 ], [ 75.2972108, 33.1693461, 0.0 ], [ 75.2968115, 33.1695191, 0.0 ], [ 75.2965856, 33.1696214, 0.0 ], [ 75.2964145, 33.1697256, 0.0 ], [ 75.29641264675665, 33.169727092478929, 0.0 ] ] } },
{ "type": "Feature", "properties": { "segment_id": "NH44_SEG_058", "sequence_number": 58, "start_chainage_m": 28500.0, "end_chainage_m": 29000.0, "nominal_length_m": 500.0, "actual_geometry_length_m": 500.0, "start_longitude": 75.296413, "start_latitude": 33.169727, "end_longitude": 75.299406, "end_latitude": 33.17192, "midpoint_longitude": 75.297235, "midpoint_latitude": 33.170957, "vertex_count": 23, "source_route_sha256": "7141c209c578f8e8f19bc13b85409eeb220b709703c62691fac732594b2e3564", "terminal_segment": false }, "geometry": { "type": "LineString", "coordinates": [ [ 75.29641264675665, 33.169727092478929, 0.0 ], [ 75.2962532, 33.1698555, 0.0 ], [ 75.2961801, 33.1699525, 0.0 ], [ 75.2964538, 33.1700837, 0.0 ], [ 75.2964702, 33.1702016, 0.0 ], [ 75.2966089, 33.1706081, 0.0 ], [ 75.2963344, 33.1707465, 0.0 ], [ 75.2963839, 33.170831099999987, 0.0 ], [ 75.2965251, 33.1709402, 0.0 ], [ 75.2966543, 33.170999, 0.0 ], [ 75.296835, 33.1710245, 0.0 ], [ 75.29701, 33.1710166, 0.0 ], [ 75.2974101, 33.1709098, 0.0 ], [ 75.2975921, 33.1708783, 0.0 ], [ 75.2977588, 33.1708939, 0.0 ], [ 75.2979013, 33.1709429, 0.0 ], [ 75.2984257, 33.171321, 0.0 ], [ 75.2985626, 33.1713858, 0.0 ], [ 75.2986944, 33.1714319, 0.0 ], [ 75.2991203, 33.1715463, 0.0 ], [ 75.2992479, 33.1716239, 0.0 ], [ 75.299348400000014, 33.1717277, 0.0 ], [ 75.299406289824674, 33.171919670766549, 0.0 ] ] } },
{ "type": "Feature", "properties": { "segment_id": "NH44_SEG_059", "sequence_number": 59, "start_chainage_m": 29000.0, "end_chainage_m": 29500.0, "nominal_length_m": 500.0, "actual_geometry_length_m": 500.0, "start_longitude": 75.299406, "start_latitude": 33.17192, "end_longitude": 75.300206, "end_latitude": 33.176083, "midpoint_longitude": 75.300504, "midpoint_latitude": 33.173949, "vertex_count": 13, "source_route_sha256": "7141c209c578f8e8f19bc13b85409eeb220b709703c62691fac732594b2e3564", "terminal_segment": false }, "geometry": { "type": "LineString", "coordinates": [ [ 75.299406289824674, 33.171919670766549, 0.0 ], [ 75.2994085, 33.171927, 0.0 ], [ 75.2994682, 33.1722068, 0.0 ], [ 75.2995272, 33.1723314, 0.0 ], [ 75.299650200000016, 33.1724785, 0.0 ], [ 75.2998015, 33.1726003, 0.0 ], [ 75.2998966, 33.1727647, 0.0 ], [ 75.3001444, 33.1732869, 0.0 ], [ 75.3005852, 33.1740988, 0.0 ], [ 75.3007414, 33.1745058, 0.0 ], [ 75.3007215, 33.1749681, 0.0 ], [ 75.3006309, 33.175284499999989, 0.0 ], [ 75.300206294327936, 33.176083101105043, 0.0 ] ] } },
{ "type": "Feature", "properties": { "segment_id": "NH44_SEG_060", "sequence_number": 60, "start_chainage_m": 29500.0, "end_chainage_m": 30000.0, "nominal_length_m": 500.0, "actual_geometry_length_m": 500.0, "start_longitude": 75.300206, "start_latitude": 33.176083, "end_longitude": 75.298272, "end_latitude": 33.180261, "midpoint_longitude": 75.299112, "midpoint_latitude": 33.178142, "vertex_count": 5, "source_route_sha256": "7141c209c578f8e8f19bc13b85409eeb220b709703c62691fac732594b2e3564", "terminal_segment": false }, "geometry": { "type": "LineString", "coordinates": [ [ 75.300206294327936, 33.176083101105043, 0.0 ], [ 75.2985222, 33.1792504, 0.0 ], [ 75.2983394, 33.1797034, 0.0 ], [ 75.2982715, 33.1800869, 0.0 ], [ 75.298272015756666, 33.180261320450249, 0.0 ] ] } },
{ "type": "Feature", "properties": { "segment_id": "NH44_SEG_061", "sequence_number": 61, "start_chainage_m": 30000.0, "end_chainage_m": 30500.0, "nominal_length_m": 500.0, "actual_geometry_length_m": 500.0, "start_longitude": 75.298272, "start_latitude": 33.180261, "end_longitude": 75.301346, "end_latitude": 33.18336, "midpoint_longitude": 75.299759, "midpoint_latitude": 33.181786, "vertex_count": 21, "source_route_sha256": "7141c209c578f8e8f19bc13b85409eeb220b709703c62691fac732594b2e3564", "terminal_segment": false }, "geometry": { "type": "LineString", "coordinates": [ [ 75.298272015756666, 33.180261320450249, 0.0 ], [ 75.2982726, 33.1804589, 0.0 ], [ 75.2983668, 33.1807686, 0.0 ], [ 75.298656, 33.1807643, 0.0 ], [ 75.2986623, 33.1808558, 0.0 ], [ 75.2986786, 33.180946399999989, 0.0 ], [ 75.2987046, 33.1810354, 0.0 ], [ 75.2987382, 33.1811179, 0.0 ], [ 75.2987801, 33.1811977, 0.0 ], [ 75.2988301, 33.1812742, 0.0 ], [ 75.2988877, 33.1813467, 0.0 ], [ 75.2989527, 33.1814149, 0.0 ], [ 75.2990244, 33.1814781, 0.0 ], [ 75.2992458, 33.1816153, 0.0 ], [ 75.2994589, 33.1817011, 0.0 ], [ 75.2999222, 33.1818315, 0.0 ], [ 75.3003158, 33.1818933, 0.0 ], [ 75.3006192, 33.1820168, 0.0 ], [ 75.300824, 33.1822505, 0.0 ], [ 75.3009608, 33.1824143, 0.0 ], [ 75.301345912350484, 33.183359965946856, 0.0 ] ] } },
{ "type": "Feature", "properties": { "segment_id": "NH44_SEG_062", "sequence_number": 62, "start_chainage_m": 30500.0, "end_chainage_m": 31000.0, "nominal_length_m": 500.0, "actual_geometry_length_m": 500.0, "start_longitude": 75.301346, "start_latitude": 33.18336, "end_longitude": 75.301066, "end_latitude": 33.187581, "midpoint_longitude": 75.301993, "midpoint_latitude": 33.185487, "vertex_count": 13, "source_route_sha256": "7141c209c578f8e8f19bc13b85409eeb220b709703c62691fac732594b2e3564", "terminal_segment": false }, "geometry": { "type": "LineString", "coordinates": [ [ 75.301345912350484, 33.183359965946856, 0.0 ], [ 75.301449, 33.1836131, 0.0 ], [ 75.3018232, 33.184239499999983, 0.0 ], [ 75.3018862, 33.1843449, 0.0 ], [ 75.3019908, 33.184558099999975, 0.0 ], [ 75.302056, 33.1849183, 0.0 ], [ 75.3020445, 33.1852873, 0.0 ], [ 75.301984, 33.1855219, 0.0 ], [ 75.3018187, 33.18582, 0.0 ], [ 75.3015756, 33.1861233, 0.0 ], [ 75.3013571, 33.1865673, 0.0 ], [ 75.301148, 33.1871798, 0.0 ], [ 75.301065733373221, 33.187580805700087, 0.0 ] ] } },
{ "type": "Feature", "properties": { "segment_id": "NH44_SEG_063", "sequence_number": 63, "start_chainage_m": 31000.0, "end_chainage_m": 31500.0, "nominal_length_m": 500.0, "actual_geometry_length_m": 500.0, "start_longitude": 75.301066, "start_latitude": 33.187581, "end_longitude": 75.300134, "end_latitude": 33.191995, "midpoint_longitude": 75.300667, "midpoint_latitude": 33.189808, "vertex_count": 10, "source_route_sha256": "7141c209c578f8e8f19bc13b85409eeb220b709703c62691fac732594b2e3564", "terminal_segment": false }, "geometry": { "type": "LineString", "coordinates": [ [ 75.301065733373221, 33.187580805700087, 0.0 ], [ 75.3010333, 33.1877389, 0.0 ], [ 75.3009474, 33.188345, 0.0 ], [ 75.3007328, 33.1892069, 0.0 ], [ 75.3006417, 33.1900374, 0.0 ], [ 75.300506, 33.1908966, 0.0 ], [ 75.3004432, 33.1913887, 0.0 ], [ 75.3003833, 33.1915858, 0.0 ], [ 75.3002393, 33.1918376, 0.0 ], [ 75.300134278741709, 33.191994549584003, 0.0 ] ] } },
{ "type": "Feature", "properties": { "segment_id": "NH44_SEG_064", "sequence_number": 64, "start_chainage_m": 31500.0, "end_chainage_m": 32000.0, "nominal_length_m": 500.0, "actual_geometry_length_m": 500.0, "start_longitude": 75.300134, "start_latitude": 33.191995, "end_longitude": 75.298095, "end_latitude": 33.196144, "midpoint_longitude": 75.299255, "midpoint_latitude": 33.194115, "vertex_count": 9, "source_route_sha256": "7141c209c578f8e8f19bc13b85409eeb220b709703c62691fac732594b2e3564", "terminal_segment": false }, "geometry": { "type": "LineString", "coordinates": [ [ 75.300134278741709, 33.191994549584003, 0.0 ], [ 75.300014, 33.1921743, 0.0 ], [ 75.2998424, 33.1925334, 0.0 ], [ 75.299719, 33.1928656, 0.0 ], [ 75.2996063, 33.1933504, 0.0 ], [ 75.299322, 33.1939565, 0.0 ], [ 75.2990806, 33.1945311, 0.0 ], [ 75.2982384, 33.1959406, 0.0 ], [ 75.298095280692721, 33.196144169727695, 0.0 ] ] } },
{ "type": "Feature", "properties": { "segment_id": "NH44_SEG_065", "sequence_number": 65, "start_chainage_m": 32000.0, "end_chainage_m": 32500.0, "nominal_length_m": 500.0, "actual_geometry_length_m": 500.0, "start_longitude": 75.298095, "start_latitude": 33.196144, "end_longitude": 75.294789, "end_latitude": 33.199588, "midpoint_longitude": 75.296317, "midpoint_latitude": 33.197778, "vertex_count": 14, "source_route_sha256": "7141c209c578f8e8f19bc13b85409eeb220b709703c62691fac732594b2e3564", "terminal_segment": false }, "geometry": { "type": "LineString", "coordinates": [ [ 75.298095280692721, 33.196144169727695, 0.0 ], [ 75.2977019, 33.1967037, 0.0 ], [ 75.2974713, 33.196982, 0.0 ], [ 75.297198100000017, 33.1972208, 0.0 ], [ 75.2967913, 33.1974053, 0.0 ], [ 75.29637390000002, 33.1977238, 0.0 ], [ 75.2961533, 33.1979337, 0.0 ], [ 75.2959955, 33.1981599, 0.0 ], [ 75.29587, 33.1984187, 0.0 ], [ 75.2956646, 33.1988294, 0.0 ], [ 75.2954786, 33.1990213, 0.0 ], [ 75.2951607, 33.1992873, 0.0 ], [ 75.2947931, 33.1995786, 0.0 ], [ 75.294788558592302, 33.199588223190865, 0.0 ] ] } },
{ "type": "Feature", "properties": { "segment_id": "NH44_SEG_066", "sequence_number": 66, "start_chainage_m": 32500.0, "end_chainage_m": 33000.0, "nominal_length_m": 500.0, "actual_geometry_length_m": 500.0, "start_longitude": 75.294789, "start_latitude": 33.199588, "end_longitude": 75.291257, "end_latitude": 33.20277, "midpoint_longitude": 75.293423, "midpoint_latitude": 33.201479, "vertex_count": 13, "source_route_sha256": "7141c209c578f8e8f19bc13b85409eeb220b709703c62691fac732594b2e3564", "terminal_segment": false }, "geometry": { "type": "LineString", "coordinates": [ [ 75.294788558592302, 33.199588223190865, 0.0 ], [ 75.294683, 33.1998119, 0.0 ], [ 75.2945054, 33.2002083, 0.0 ], [ 75.2943432, 33.2006046, 0.0 ], [ 75.2941594, 33.2008381, 0.0 ], [ 75.2939064, 33.2010878, 0.0 ], [ 75.2933095, 33.2015709, 0.0 ], [ 75.2928874, 33.2019299, 0.0 ], [ 75.2924564, 33.202241, 0.0 ], [ 75.2921989, 33.20237, 0.0 ], [ 75.2917253, 33.2025518, 0.0 ], [ 75.2913691, 33.2027096, 0.0 ], [ 75.29125739355284, 33.202769835029493, 0.0 ] ] } },
{ "type": "Feature", "properties": { "segment_id": "NH44_SEG_067", "sequence_number": 67, "start_chainage_m": 33000.0, "end_chainage_m": 33500.0, "nominal_length_m": 500.0, "actual_geometry_length_m": 500.0, "start_longitude": 75.291257, "start_latitude": 33.20277, "end_longitude": 75.286581, "end_latitude": 33.204788, "midpoint_longitude": 75.289055, "midpoint_latitude": 33.203922, "vertex_count": 12, "source_route_sha256": "7141c209c578f8e8f19bc13b85409eeb220b709703c62691fac732594b2e3564", "terminal_segment": false }, "geometry": { "type": "LineString", "coordinates": [ [ 75.29125739355284, 33.202769835029493, 0.0 ], [ 75.2911677, 33.2028182, 0.0 ], [ 75.290855, 33.2030312, 0.0 ], [ 75.290486, 33.2034449, 0.0 ], [ 75.2902759, 33.2035912, 0.0 ], [ 75.2900878, 33.2036677, 0.0 ], [ 75.2895837, 33.2037898, 0.0 ], [ 75.2889213, 33.2039547, 0.0 ], [ 75.2884319, 33.2041209, 0.0 ], [ 75.2876615, 33.2044278, 0.0 ], [ 75.2870251, 33.2046344, 0.0 ], [ 75.286580503578278, 33.20478846206462, 0.0 ] ] } },
{ "type": "Feature", "properties": { "segment_id": "NH44_SEG_068", "sequence_number": 68, "start_chainage_m": 33500.0, "end_chainage_m": 34000.0, "nominal_length_m": 500.0, "actual_geometry_length_m": 500.0, "start_longitude": 75.286581, "start_latitude": 33.204788, "end_longitude": 75.281607, "end_latitude": 33.206212, "midpoint_longitude": 75.284026, "midpoint_latitude": 33.205364, "vertex_count": 18, "source_route_sha256": "7141c209c578f8e8f19bc13b85409eeb220b709703c62691fac732594b2e3564", "terminal_segment": false }, "geometry": { "type": "LineString", "coordinates": [ [ 75.286580503578278, 33.20478846206462, 0.0 ], [ 75.2862996, 33.2048858, 0.0 ], [ 75.286058, 33.2049573, 0.0 ], [ 75.2859226, 33.20498030000001, 0.0 ], [ 75.2857557, 33.2049746, 0.0 ], [ 75.2855654, 33.2049637, 0.0 ], [ 75.2853902, 33.2049583, 0.0 ], [ 75.2852064, 33.2049818, 0.0 ], [ 75.2844898, 33.2052155, 0.0 ], [ 75.2839455, 33.20539, 0.0 ], [ 75.2833765, 33.2055691, 0.0 ], [ 75.2828862, 33.205646, 0.0 ], [ 75.2824599, 33.2057038, 0.0 ], [ 75.2822588, 33.2057743, 0.0 ], [ 75.2820923, 33.2058503, 0.0 ], [ 75.2818903, 33.206016, 0.0 ], [ 75.2817334, 33.2061416, 0.0 ], [ 75.281606594130366, 33.206212306340724, 0.0 ] ] } },
{ "type": "Feature", "properties": { "segment_id": "NH44_SEG_069", "sequence_number": 69, "start_chainage_m": 34000.0, "end_chainage_m": 34500.0, "nominal_length_m": 500.0, "actual_geometry_length_m": 500.0, "start_longitude": 75.281607, "start_latitude": 33.206212, "end_longitude": 75.277461, "end_latitude": 33.208854, "midpoint_longitude": 75.279299, "midpoint_latitude": 33.207261, "vertex_count": 19, "source_route_sha256": "7141c209c578f8e8f19bc13b85409eeb220b709703c62691fac732594b2e3564", "terminal_segment": false }, "geometry": { "type": "LineString", "coordinates": [ [ 75.281606594130366, 33.206212306340724, 0.0 ], [ 75.2815754, 33.2062297, 0.0 ], [ 75.28137, 33.2062738, 0.0 ], [ 75.2812121, 33.2063099, 0.0 ], [ 75.28106720000001, 33.2063335, 0.0 ], [ 75.2809591, 33.2063443, 0.0 ], [ 75.2808142, 33.2063877, 0.0 ], [ 75.2805663, 33.2064852, 0.0 ], [ 75.2802801, 33.2066284, 0.0 ], [ 75.2800119, 33.2067569, 0.0 ], [ 75.2798562, 33.2068781, 0.0 ], [ 75.2796486, 33.207078899999985, 0.0 ], [ 75.2794756, 33.2071947, 0.0 ], [ 75.279322, 33.2072508, 0.0 ], [ 75.279106, 33.2073464, 0.0 ], [ 75.2785547, 33.2076456, 0.0 ], [ 75.2782386, 33.2079438, 0.0 ], [ 75.2777781, 33.2084818, 0.0 ], [ 75.277460530643367, 33.208854101258275, 0.0 ] ] } },
{ "type": "Feature", "properties": { "segment_id": "NH44_SEG_070", "sequence_number": 70, "start_chainage_m": 34500.0, "end_chainage_m": 35000.0, "nominal_length_m": 500.0, "actual_geometry_length_m": 500.0, "start_longitude": 75.277461, "start_latitude": 33.208854, "end_longitude": 75.273471, "end_latitude": 33.211759, "midpoint_longitude": 75.27538, "midpoint_latitude": 33.210224, "vertex_count": 16, "source_route_sha256": "7141c209c578f8e8f19bc13b85409eeb220b709703c62691fac732594b2e3564", "terminal_segment": false }, "geometry": { "type": "LineString", "coordinates": [ [ 75.277460530643367, 33.208854101258275, 0.0 ], [ 75.2773789, 33.2089498, 0.0 ], [ 75.2770836, 33.2092214, 0.0 ], [ 75.2768011, 33.2094298, 0.0 ], [ 75.2765325, 33.2095487, 0.0 ], [ 75.2762961, 33.209622, 0.0 ], [ 75.2761068, 33.2096981, 0.0 ], [ 75.2758296, 33.2098537, 0.0 ], [ 75.2755221, 33.2101206, 0.0 ], [ 75.2746937, 33.2107255, 0.0 ], [ 75.2743229, 33.2109054, 0.0 ], [ 75.2741644, 33.2109868, 0.0 ], [ 75.274049, 33.2110833, 0.0 ], [ 75.2739112, 33.2112851, 0.0 ], [ 75.273634, 33.2116362, 0.0 ], [ 75.27347084735834, 33.211758691030795, 0.0 ] ] } },
{ "type": "Feature", "properties": { "segment_id": "NH44_SEG_071", "sequence_number": 71, "start_chainage_m": 35000.0, "end_chainage_m": 35500.0, "nominal_length_m": 500.0, "actual_geometry_length_m": 500.0, "start_longitude": 75.273471, "start_latitude": 33.211759, "end_longitude": 75.272779, "end_latitude": 33.21518, "midpoint_longitude": 75.272775, "midpoint_latitude": 33.21348, "vertex_count": 17, "source_route_sha256": "7141c209c578f8e8f19bc13b85409eeb220b709703c62691fac732594b2e3564", "terminal_segment": false }, "geometry": { "type": "LineString", "coordinates": [ [ 75.27347084735834, 33.211758691030795, 0.0 ], [ 75.273181, 33.2119763, 0.0 ], [ 75.2724679, 33.2126532, 0.0 ], [ 75.2723828, 33.2127694, 0.0 ], [ 75.2723635, 33.2128884, 0.0 ], [ 75.2723911, 33.2129958, 0.0 ], [ 75.2724566, 33.2130625, 0.0 ], [ 75.2723901, 33.2131788, 0.0 ], [ 75.2731831, 33.2137993, 0.0 ], [ 75.2733316, 33.2137021, 0.0 ], [ 75.2734009, 33.21376990000001, 0.0 ], [ 75.273435, 33.2138637, 0.0 ], [ 75.2734172, 33.2139619, 0.0 ], [ 75.2733634, 33.214089, 0.0 ], [ 75.2728865, 33.214822, 0.0 ], [ 75.2728052, 33.2150205, 0.0 ], [ 75.272779363033564, 33.215180244708023, 0.0 ] ] } },
{ "type": "Feature", "properties": { "segment_id": "NH44_SEG_072", "sequence_number": 72, "start_chainage_m": 35500.0, "end_chainage_m": 36000.0, "nominal_length_m": 500.0, "actual_geometry_length_m": 500.0, "start_longitude": 75.272779, "start_latitude": 33.21518, "end_longitude": 75.270725, "end_latitude": 33.218853, "midpoint_longitude": 75.272475, "midpoint_latitude": 33.217418, "vertex_count": 17, "source_route_sha256": "7141c209c578f8e8f19bc13b85409eeb220b709703c62691fac732594b2e3564", "terminal_segment": false }, "geometry": { "type": "LineString", "coordinates": [ [ 75.272779363033564, 33.215180244708023, 0.0 ], [ 75.2727773, 33.215193, 0.0 ], [ 75.2727507, 33.2157975, 0.0 ], [ 75.2726797, 33.2163508, 0.0 ], [ 75.2725644, 33.2169603, 0.0 ], [ 75.2724867, 33.2173721, 0.0 ], [ 75.2724476, 33.2175297, 0.0 ], [ 75.2720975, 33.217569499999989, 0.0 ], [ 75.2721249, 33.2177682, 0.0 ], [ 75.2721046, 33.2178957, 0.0 ], [ 75.27207, 33.2179605, 0.0 ], [ 75.2720026, 33.2180199, 0.0 ], [ 75.27174, 33.2181661, 0.0 ], [ 75.2715722, 33.2182652, 0.0 ], [ 75.271344, 33.2183975, 0.0 ], [ 75.2708243, 33.2187899, 0.0 ], [ 75.27072521148061, 33.218853085847996, 0.0 ] ] } },
{ "type": "Feature", "properties": { "segment_id": "NH44_SEG_073", "sequence_number": 73, "start_chainage_m": 36000.0, "end_chainage_m": 36500.0, "nominal_length_m": 500.0, "actual_geometry_length_m": 500.0, "start_longitude": 75.270725, "start_latitude": 33.218853, "end_longitude": 75.268028, "end_latitude": 33.222603, "midpoint_longitude": 75.26958, "midpoint_latitude": 33.22077, "vertex_count": 17, "source_route_sha256": "7141c209c578f8e8f19bc13b85409eeb220b709703c62691fac732594b2e3564", "terminal_segment": false }, "geometry": { "type": "LineString", "coordinates": [ [ 75.27072521148061, 33.218853085847996, 0.0 ], [ 75.2703082, 33.219119, 0.0 ], [ 75.2701235, 33.2192365, 0.0 ], [ 75.2700019, 33.2193667, 0.0 ], [ 75.2699157, 33.2195265, 0.0 ], [ 75.2698553, 33.2197782, 0.0 ], [ 75.2697813, 33.2202081, 0.0 ], [ 75.2697406, 33.2203909, 0.0 ], [ 75.2696577, 33.2206008, 0.0 ], [ 75.2695441, 33.2208463, 0.0 ], [ 75.2693978, 33.221060799999989, 0.0 ], [ 75.2692476, 33.2212384, 0.0 ], [ 75.2689986, 33.2214987, 0.0 ], [ 75.2687441, 33.221765, 0.0 ], [ 75.2684973, 33.222056, 0.0 ], [ 75.2681751, 33.2224536, 0.0 ], [ 75.268028455538754, 33.222602773065596, 0.0 ] ] } },
{ "type": "Feature", "properties": { "segment_id": "NH44_SEG_074", "sequence_number": 74, "start_chainage_m": 36500.0, "end_chainage_m": 37000.0, "nominal_length_m": 500.0, "actual_geometry_length_m": 500.0, "start_longitude": 75.268028, "start_latitude": 33.222603, "end_longitude": 75.264084, "end_latitude": 33.224487, "midpoint_longitude": 75.266527, "midpoint_latitude": 33.224456, "vertex_count": 19, "source_route_sha256": "7141c209c578f8e8f19bc13b85409eeb220b709703c62691fac732594b2e3564", "terminal_segment": false }, "geometry": { "type": "LineString", "coordinates": [ [ 75.268028455538754, 33.222602773065596, 0.0 ], [ 75.2679199, 33.2227132, 0.0 ], [ 75.2675541, 33.2230808, 0.0 ], [ 75.2673515, 33.223297699999989, 0.0 ], [ 75.26725, 33.2234286, 0.0 ], [ 75.2671176, 33.2235983, 0.0 ], [ 75.2669281, 33.223886, 0.0 ], [ 75.2667107, 33.2242664, 0.0 ], [ 75.2666478, 33.2243549, 0.0 ], [ 75.2665857, 33.2244163, 0.0 ], [ 75.2665145, 33.2244646, 0.0 ], [ 75.2665159, 33.2245974, 0.0 ], [ 75.2663735, 33.2246291, 0.0 ], [ 75.2662244, 33.2246196, 0.0 ], [ 75.2660396, 33.2244835, 0.0 ], [ 75.264861, 33.2244118, 0.0 ], [ 75.2645736, 33.2244176, 0.0 ], [ 75.2643496, 33.22444, 0.0 ], [ 75.264084138393727, 33.224486780878962, 0.0 ] ] } },
{ "type": "Feature", "properties": { "segment_id": "NH44_SEG_075", "sequence_number": 75, "start_chainage_m": 37000.0, "end_chainage_m": 37500.0, "nominal_length_m": 500.0, "actual_geometry_length_m": 500.0, "start_longitude": 75.264084, "start_latitude": 33.224487, "end_longitude": 75.258793, "end_latitude": 33.224966, "midpoint_longitude": 75.261437, "midpoint_latitude": 33.224756, "vertex_count": 18, "source_route_sha256": "7141c209c578f8e8f19bc13b85409eeb220b709703c62691fac732594b2e3564", "terminal_segment": false }, "geometry": { "type": "LineString", "coordinates": [ [ 75.264084138393727, 33.224486780878962, 0.0 ], [ 75.2639677, 33.224507299999985, 0.0 ], [ 75.2633416, 33.2246447, 0.0 ], [ 75.263025, 33.2246886, 0.0 ], [ 75.2627211, 33.2247324, 0.0 ], [ 75.2622081, 33.2247781, 0.0 ], [ 75.2617757, 33.224771, 0.0 ], [ 75.2615786, 33.224771, 0.0 ], [ 75.2613669, 33.2247482, 0.0 ], [ 75.26113, 33.22471310000001, 0.0 ], [ 75.2609309, 33.2246938, 0.0 ], [ 75.2607548, 33.2246938, 0.0 ], [ 75.2604488, 33.2247307, 0.0 ], [ 75.2599331, 33.2248113, 0.0 ], [ 75.2596543, 33.2248219, 0.0 ], [ 75.2594363, 33.2248376, 0.0 ], [ 75.2590757, 33.2248885, 0.0 ], [ 75.258792868859018, 33.224966243442971, 0.0 ] ] } },
{ "type": "Feature", "properties": { "segment_id": "NH44_SEG_076", "sequence_number": 76, "start_chainage_m": 37500.0, "end_chainage_m": 38000.0, "nominal_length_m": 500.0, "actual_geometry_length_m": 500.0, "start_longitude": 75.258793, "start_latitude": 33.224966, "end_longitude": 75.25444, "end_latitude": 33.227556, "midpoint_longitude": 75.256539, "midpoint_latitude": 33.226162, "vertex_count": 15, "source_route_sha256": "7141c209c578f8e8f19bc13b85409eeb220b709703c62691fac732594b2e3564", "terminal_segment": false }, "geometry": { "type": "LineString", "coordinates": [ [ 75.258792868859018, 33.224966243442971, 0.0 ], [ 75.2586355, 33.2250095, 0.0 ], [ 75.2582037, 33.2251708, 0.0 ], [ 75.2578096, 33.2253637, 0.0 ], [ 75.2574407, 33.2255583, 0.0 ], [ 75.2571547, 33.2257422, 0.0 ], [ 75.2566441, 33.2260756, 0.0 ], [ 75.2562437, 33.2264053, 0.0 ], [ 75.2560404, 33.2265035, 0.0 ], [ 75.2558704, 33.2266049, 0.0 ], [ 75.2557265, 33.2266824, 0.0 ], [ 75.2555373, 33.2268279, 0.0 ], [ 75.2553195, 33.2269816, 0.0 ], [ 75.2548917, 33.2272435, 0.0 ], [ 75.254440201010951, 33.227556410231244, 0.0 ] ] } },
{ "type": "Feature", "properties": { "segment_id": "NH44_SEG_077", "sequence_number": 77, "start_chainage_m": 38000.0, "end_chainage_m": 38500.0, "nominal_length_m": 500.0, "actual_geometry_length_m": 500.0, "start_longitude": 75.25444, "start_latitude": 33.227556, "end_longitude": 75.251011, "end_latitude": 33.230974, "midpoint_longitude": 75.252567, "midpoint_latitude": 33.229164, "vertex_count": 14, "source_route_sha256": "7141c209c578f8e8f19bc13b85409eeb220b709703c62691fac732594b2e3564", "terminal_segment": false }, "geometry": { "type": "LineString", "coordinates": [ [ 75.254440201010951, 33.227556410231244, 0.0 ], [ 75.254329400000017, 33.2276332, 0.0 ], [ 75.2539085, 33.2279344, 0.0 ], [ 75.2535794, 33.2282097, 0.0 ], [ 75.2532797, 33.2284867, 0.0 ], [ 75.2528017, 33.2289689, 0.0 ], [ 75.2524941, 33.2292248, 0.0 ], [ 75.252312900000021, 33.229407, 0.0 ], [ 75.2521932, 33.229607899999984, 0.0 ], [ 75.251839500000017, 33.2301192, 0.0 ], [ 75.2517096, 33.2303594, 0.0 ], [ 75.2515587, 33.2305225, 0.0 ], [ 75.2512436, 33.2307929, 0.0 ], [ 75.251011155199038, 33.230973714960896, 0.0 ] ] } },
{ "type": "Feature", "properties": { "segment_id": "NH44_SEG_078", "sequence_number": 78, "start_chainage_m": 38500.0, "end_chainage_m": 39000.0, "nominal_length_m": 500.0, "actual_geometry_length_m": 500.0, "start_longitude": 75.251011, "start_latitude": 33.230974, "end_longitude": 75.247332, "end_latitude": 33.234228, "midpoint_longitude": 75.249029, "midpoint_latitude": 33.232486, "vertex_count": 13, "source_route_sha256": "7141c209c578f8e8f19bc13b85409eeb220b709703c62691fac732594b2e3564", "terminal_segment": false }, "geometry": { "type": "LineString", "coordinates": [ [ 75.251011155199038, 33.230973714960896, 0.0 ], [ 75.2509253, 33.2310405, 0.0 ], [ 75.2506719, 33.2312607, 0.0 ], [ 75.2503477, 33.2315022, 0.0 ], [ 75.2498796, 33.2318218, 0.0 ], [ 75.2496804, 33.231934, 0.0 ], [ 75.249475, 33.2320918, 0.0 ], [ 75.2493031, 33.2322303, 0.0 ], [ 75.2490286, 33.2324864, 0.0 ], [ 75.2489175, 33.2325711, 0.0 ], [ 75.248765, 33.2327782, 0.0 ], [ 75.2483841, 33.2331529, 0.0 ], [ 75.247332188823549, 33.234227845130683, 0.0 ] ] } },
{ "type": "Feature", "properties": { "segment_id": "NH44_SEG_079", "sequence_number": 79, "start_chainage_m": 39000.0, "end_chainage_m": 39500.0, "nominal_length_m": 500.0, "actual_geometry_length_m": 500.0, "start_longitude": 75.247332, "start_latitude": 33.234228, "end_longitude": 75.242614, "end_latitude": 33.236056, "midpoint_longitude": 75.2452, "midpoint_latitude": 33.235571, "vertex_count": 8, "source_route_sha256": "7141c209c578f8e8f19bc13b85409eeb220b709703c62691fac732594b2e3564", "terminal_segment": false }, "geometry": { "type": "LineString", "coordinates": [ [ 75.247332188823549, 33.234227845130683, 0.0 ], [ 75.2472469, 33.234315, 0.0 ], [ 75.2467158, 33.2347548, 0.0 ], [ 75.24614720000001, 33.2351048, 0.0 ], [ 75.2452942, 33.235531, 0.0 ], [ 75.2448222, 33.2357329, 0.0 ], [ 75.2442106, 33.2359348, 0.0 ], [ 75.242614255191995, 33.236056166726279, 0.0 ] ] } },
{ "type": "Feature", "properties": { "segment_id": "NH44_SEG_080", "sequence_number": 80, "start_chainage_m": 39500.0, "end_chainage_m": 40000.0, "nominal_length_m": 500.0, "actual_geometry_length_m": 500.0, "start_longitude": 75.242614, "start_latitude": 33.236056, "end_longitude": 75.238978, "end_latitude": 33.238912, "midpoint_longitude": 75.240308, "midpoint_latitude": 33.236959, "vertex_count": 12, "source_route_sha256": "7141c209c578f8e8f19bc13b85409eeb220b709703c62691fac732594b2e3564", "terminal_segment": false }, "geometry": { "type": "LineString", "coordinates": [ [ 75.242614255191995, 33.236056166726279, 0.0 ], [ 75.2425441, 33.2360615, 0.0 ], [ 75.242136300000013, 33.2361158, 0.0 ], [ 75.241736, 33.2361699, 0.0 ], [ 75.2409721, 33.2363517, 0.0 ], [ 75.2408363, 33.2363987, 0.0 ], [ 75.2407139, 33.2364929, 0.0 ], [ 75.2404775, 33.2367626, 0.0 ], [ 75.2401014, 33.237199, 0.0 ], [ 75.2394227, 33.2383122, 0.0 ], [ 75.2391825, 33.2386756, 0.0 ], [ 75.238977816629699, 33.238912437819607, 0.0 ] ] } },
{ "type": "Feature", "properties": { "segment_id": "NH44_SEG_081", "sequence_number": 81, "start_chainage_m": 40000.0, "end_chainage_m": 40500.0, "nominal_length_m": 500.0, "actual_geometry_length_m": 500.0, "start_longitude": 75.238978, "start_latitude": 33.238912, "end_longitude": 75.234521, "end_latitude": 33.241156, "midpoint_longitude": 75.237062, "midpoint_latitude": 33.240438, "vertex_count": 10, "source_route_sha256": "7141c209c578f8e8f19bc13b85409eeb220b709703c62691fac732594b2e3564", "terminal_segment": false }, "geometry": { "type": "LineString", "coordinates": [ [ 75.238977816629699, 33.238912437819607, 0.0 ], [ 75.2389527, 33.23894150000001, 0.0 ], [ 75.2384041, 33.2395792, 0.0 ], [ 75.2381757, 33.2397635, 0.0 ], [ 75.2377851, 33.2400874, 0.0 ], [ 75.2373809, 33.2403243, 0.0 ], [ 75.2367671, 33.240544099999987, 0.0 ], [ 75.2360878, 33.2407385, 0.0 ], [ 75.2357453, 33.2408499, 0.0 ], [ 75.234520704888212, 33.241155753607003, 0.0 ] ] } },
{ "type": "Feature", "properties": { "segment_id": "NH44_SEG_082", "sequence_number": 82, "start_chainage_m": 40500.0, "end_chainage_m": 41000.0, "nominal_length_m": 500.0, "actual_geometry_length_m": 500.0, "start_longitude": 75.234521, "start_latitude": 33.241156, "end_longitude": 75.229594, "end_latitude": 33.241907, "midpoint_longitude": 75.232141, "midpoint_latitude": 33.242139, "vertex_count": 11, "source_route_sha256": "7141c209c578f8e8f19bc13b85409eeb220b709703c62691fac732594b2e3564", "terminal_segment": false }, "geometry": { "type": "LineString", "coordinates": [ [ 75.234520704888212, 33.241155753607003, 0.0 ], [ 75.2334106, 33.241433, 0.0 ], [ 75.233012200000019, 33.2416192, 0.0 ], [ 75.2325494, 33.2419205, 0.0 ], [ 75.2321958, 33.2421147, 0.0 ], [ 75.2319046, 33.2422419, 0.0 ], [ 75.2315838, 33.2423179, 0.0 ], [ 75.231265, 33.2423512, 0.0 ], [ 75.230941, 33.2423294, 0.0 ], [ 75.230003, 33.2420301, 0.0 ], [ 75.229594438971759, 33.241906853928874, 0.0 ] ] } },
{ "type": "Feature", "properties": { "segment_id": "NH44_SEG_083", "sequence_number": 83, "start_chainage_m": 41000.0, "end_chainage_m": 41500.0, "nominal_length_m": 500.0, "actual_geometry_length_m": 500.0, "start_longitude": 75.229594, "start_latitude": 33.241907, "end_longitude": 75.225808, "end_latitude": 33.243967, "midpoint_longitude": 75.227511, "midpoint_latitude": 33.242312, "vertex_count": 11, "source_route_sha256": "7141c209c578f8e8f19bc13b85409eeb220b709703c62691fac732594b2e3564", "terminal_segment": false }, "geometry": { "type": "LineString", "coordinates": [ [ 75.229594438971759, 33.241906853928874, 0.0 ], [ 75.228501, 33.241577, 0.0 ], [ 75.2282435, 33.2415186, 0.0 ], [ 75.2280664, 33.2415545, 0.0 ], [ 75.2278572, 33.241716, 0.0 ], [ 75.2273798, 33.2425371, 0.0 ], [ 75.2271813, 33.242905, 0.0 ], [ 75.2269506, 33.2432101, 0.0 ], [ 75.2266556, 33.2435107, 0.0 ], [ 75.2263015, 33.243744, 0.0 ], [ 75.225807819251003, 33.243966657487171, 0.0 ] ] } },
{ "type": "Feature", "properties": { "segment_id": "NH44_SEG_084", "sequence_number": 84, "start_chainage_m": 41500.0, "end_chainage_m": 42000.0, "nominal_length_m": 500.0, "actual_geometry_length_m": 500.0, "start_longitude": 75.225808, "start_latitude": 33.243967, "end_longitude": 75.220752, "end_latitude": 33.244884, "midpoint_longitude": 75.223415, "midpoint_latitude": 33.244981, "vertex_count": 9, "source_route_sha256": "7141c209c578f8e8f19bc13b85409eeb220b709703c62691fac732594b2e3564", "terminal_segment": false }, "geometry": { "type": "LineString", "coordinates": [ [ 75.225807819251003, 33.243966657487171, 0.0 ], [ 75.2242523, 33.2446682, 0.0 ], [ 75.2235871, 33.2449374, 0.0 ], [ 75.2232116, 33.2450316, 0.0 ], [ 75.2228951, 33.245054, 0.0 ], [ 75.2226683, 33.2450492, 0.0 ], [ 75.2213068, 33.244921199999986, 0.0 ], [ 75.2208334, 33.24488, 0.0 ], [ 75.220752343900116, 33.244884238633475, 0.0 ] ] } },
{ "type": "Feature", "properties": { "segment_id": "NH44_SEG_085", "sequence_number": 85, "start_chainage_m": 42000.0, "end_chainage_m": 42500.0, "nominal_length_m": 500.0, "actual_geometry_length_m": 500.0, "start_longitude": 75.220752, "start_latitude": 33.244884, "end_longitude": 75.216229, "end_latitude": 33.24693, "midpoint_longitude": 75.218511, "midpoint_latitude": 33.245778, "vertex_count": 24, "source_route_sha256": "7141c209c578f8e8f19bc13b85409eeb220b709703c62691fac732594b2e3564", "terminal_segment": false }, "geometry": { "type": "LineString", "coordinates": [ [ 75.220752343900116, 33.244884238633475, 0.0 ], [ 75.2205083, 33.244897, 0.0 ], [ 75.2204145, 33.2449128, 0.0 ], [ 75.220321, 33.2449444, 0.0 ], [ 75.2202317, 33.2449908, 0.0 ], [ 75.2200788, 33.2451109, 0.0 ], [ 75.2199837, 33.2450455, 0.0 ], [ 75.2198903, 33.2451264, 0.0 ], [ 75.2197903, 33.2452016, 0.0 ], [ 75.2196843, 33.2452708, 0.0 ], [ 75.2195728, 33.24533370000001, 0.0 ], [ 75.2194563, 33.2453899, 0.0 ], [ 75.2193354, 33.2454391, 0.0 ], [ 75.2192106, 33.245481199999986, 0.0 ], [ 75.2190827, 33.2455159, 0.0 ], [ 75.2191033, 33.2455975, 0.0 ], [ 75.2188758, 33.2456564, 0.0 ], [ 75.2186093, 33.2457334, 0.0 ], [ 75.2183005, 33.2458722, 0.0 ], [ 75.2172484, 33.246510699999988, 0.0 ], [ 75.216926, 33.2467004, 0.0 ], [ 75.21661450000002, 33.2468421, 0.0 ], [ 75.2162581, 33.2469247, 0.0 ], [ 75.216228792438798, 33.246930385200379, 0.0 ] ] } },
{ "type": "Feature", "properties": { "segment_id": "NH44_SEG_086", "sequence_number": 86, "start_chainage_m": 42500.0, "end_chainage_m": 43000.0, "nominal_length_m": 500.0, "actual_geometry_length_m": 500.0, "start_longitude": 75.216229, "start_latitude": 33.24693, "end_longitude": 75.211922, "end_latitude": 33.249505, "midpoint_longitude": 75.213889, "midpoint_latitude": 33.247992, "vertex_count": 8, "source_route_sha256": "7141c209c578f8e8f19bc13b85409eeb220b709703c62691fac732594b2e3564", "terminal_segment": false }, "geometry": { "type": "LineString", "coordinates": [ [ 75.216228792438798, 33.246930385200379, 0.0 ], [ 75.2156998, 33.247033, 0.0 ], [ 75.2155762, 33.2470925, 0.0 ], [ 75.2146117, 33.2476116, 0.0 ], [ 75.2135718, 33.2481586, 0.0 ], [ 75.21281, 33.2486655, 0.0 ], [ 75.2124023, 33.249011, 0.0 ], [ 75.211921935744726, 33.249504822908506, 0.0 ] ] } },
{ "type": "Feature", "properties": { "segment_id": "NH44_SEG_087", "sequence_number": 87, "start_chainage_m": 43000.0, "end_chainage_m": 43500.0, "nominal_length_m": 500.0, "actual_geometry_length_m": 500.0, "start_longitude": 75.211922, "start_latitude": 33.249505, "end_longitude": 75.208202, "end_latitude": 33.252675, "midpoint_longitude": 75.209978, "midpoint_latitude": 33.251041, "vertex_count": 11, "source_route_sha256": "7141c209c578f8e8f19bc13b85409eeb220b709703c62691fac732594b2e3564", "terminal_segment": false }, "geometry": { "type": "LineString", "coordinates": [ [ 75.211921935744726, 33.249504822908506, 0.0 ], [ 75.2113026, 33.2501415, 0.0 ], [ 75.2105783, 33.250673699999986, 0.0 ], [ 75.209404, 33.2513924, 0.0 ], [ 75.2092359, 33.2515296, 0.0 ], [ 75.2091305, 33.2516571, 0.0 ], [ 75.2088987, 33.2520834, 0.0 ], [ 75.2087568, 33.2522374, 0.0 ], [ 75.2084636, 33.2524974, 0.0 ], [ 75.2082881, 33.2526346, 0.0 ], [ 75.208201568969315, 33.252675459995352, 0.0 ] ] } },
{ "type": "Feature", "properties": { "segment_id": "NH44_SEG_088", "sequence_number": 88, "start_chainage_m": 43500.0, "end_chainage_m": 44000.0, "nominal_length_m": 500.0, "actual_geometry_length_m": 500.0, "start_longitude": 75.208202, "start_latitude": 33.252675, "end_longitude": 75.205844, "end_latitude": 33.25645, "midpoint_longitude": 75.206387, "midpoint_latitude": 33.254243, "vertex_count": 15, "source_route_sha256": "7141c209c578f8e8f19bc13b85409eeb220b709703c62691fac732594b2e3564", "terminal_segment": false }, "geometry": { "type": "LineString", "coordinates": [ [ 75.208201568969315, 33.252675459995352, 0.0 ], [ 75.2077288, 33.2528987, 0.0 ], [ 75.2075094, 33.2530265, 0.0 ], [ 75.2070105, 33.2533776, 0.0 ], [ 75.2067991, 33.2535729, 0.0 ], [ 75.2065663, 33.2538391, 0.0 ], [ 75.2064951, 33.2539466, 0.0 ], [ 75.2064608, 33.2540173, 0.0 ], [ 75.2064299, 33.2540923, 0.0 ], [ 75.2064017, 33.2541793, 0.0 ], [ 75.205907, 33.2562883, 0.0 ], [ 75.205896, 33.2563309, 0.0 ], [ 75.205878, 33.2563824, 0.0 ], [ 75.2058556, 33.25643, 0.0 ], [ 75.205844232360732, 33.256449804958649, 0.0 ] ] } },
{ "type": "Feature", "properties": { "segment_id": "NH44_SEG_089", "sequence_number": 89, "start_chainage_m": 44000.0, "end_chainage_m": 44500.0, "nominal_length_m": 500.0, "actual_geometry_length_m": 500.0, "start_longitude": 75.205844, "start_latitude": 33.25645, "end_longitude": 75.201324, "end_latitude": 33.25623, "midpoint_longitude": 75.203747, "midpoint_latitude": 33.256666, "vertex_count": 31, "source_route_sha256": "7141c209c578f8e8f19bc13b85409eeb220b709703c62691fac732594b2e3564", "terminal_segment": false }, "geometry": { "type": "LineString", "coordinates": [ [ 75.205844232360732, 33.256449804958649, 0.0 ], [ 75.2058331, 33.2564692, 0.0 ], [ 75.2058083, 33.2565056, 0.0 ], [ 75.2057767, 33.2565446, 0.0 ], [ 75.2057327, 33.2565901, 0.0 ], [ 75.2056873, 33.2566292, 0.0 ], [ 75.2056485, 33.2566579, 0.0 ], [ 75.2056074, 33.2566838, 0.0 ], [ 75.2055712, 33.2567039, 0.0 ], [ 75.2055411, 33.2567186, 0.0 ], [ 75.2055002, 33.2567364, 0.0 ], [ 75.2054684, 33.2567482, 0.0 ], [ 75.2054326, 33.2567599, 0.0 ], [ 75.2051635, 33.2568349, 0.0 ], [ 75.2050071, 33.2567098, 0.0 ], [ 75.2049062, 33.2567532, 0.0 ], [ 75.2044911, 33.2568658, 0.0 ], [ 75.2044791, 33.2570185, 0.0 ], [ 75.2043431, 33.257037, 0.0 ], [ 75.2042403, 33.257001099999989, 0.0 ], [ 75.2040378, 33.2568463, 0.0 ], [ 75.20383, 33.2567001, 0.0 ], [ 75.2034599, 33.2565475, 0.0 ], [ 75.203256, 33.2564578, 0.0 ], [ 75.2027766, 33.256133, 0.0 ], [ 75.2025264, 33.2560451, 0.0 ], [ 75.2023065, 33.256031699999987, 0.0 ], [ 75.2018988, 33.2561483, 0.0 ], [ 75.2017787, 33.2561974, 0.0 ], [ 75.201624, 33.2562369, 0.0 ], [ 75.201324093469196, 33.256230377891889, 0.0 ] ] } },
{ "type": "Feature", "properties": { "segment_id": "NH44_SEG_090", "sequence_number": 90, "start_chainage_m": 44500.0, "end_chainage_m": 45000.0, "nominal_length_m": 500.0, "actual_geometry_length_m": 500.0, "start_longitude": 75.201324, "start_latitude": 33.25623, "end_longitude": 75.197537, "end_latitude": 33.258978, "midpoint_longitude": 75.199364, "midpoint_latitude": 33.257422, "vertex_count": 16, "source_route_sha256": "7141c209c578f8e8f19bc13b85409eeb220b709703c62691fac732594b2e3564", "terminal_segment": false }, "geometry": { "type": "LineString", "coordinates": [ [ 75.201324093469196, 33.256230377891889, 0.0 ], [ 75.2007734, 33.2562184, 0.0 ], [ 75.2005876, 33.256235, 0.0 ], [ 75.2004273, 33.2562597, 0.0 ], [ 75.2002659, 33.256311299999986, 0.0 ], [ 75.2001409, 33.2563983, 0.0 ], [ 75.2000431, 33.2564991, 0.0 ], [ 75.1999455, 33.2566274, 0.0 ], [ 75.1997228, 33.2569902, 0.0 ], [ 75.1995253, 33.2572304, 0.0 ], [ 75.1984637, 33.258489, 0.0 ], [ 75.1982928, 33.2586691, 0.0 ], [ 75.1981401, 33.258779, 0.0 ], [ 75.1979915, 33.25884940000001, 0.0 ], [ 75.1978187, 33.2589117, 0.0 ], [ 75.197536598246998, 33.258978262689546, 0.0 ] ] } },
{ "type": "Feature", "properties": { "segment_id": "NH44_SEG_091", "sequence_number": 91, "start_chainage_m": 45000.0, "end_chainage_m": 45500.0, "nominal_length_m": 500.0, "actual_geometry_length_m": 500.0, "start_longitude": 75.197537, "start_latitude": 33.258978, "end_longitude": 75.193205, "end_latitude": 33.258624, "midpoint_longitude": 75.195262, "midpoint_latitude": 33.258187, "vertex_count": 25, "source_route_sha256": "7141c209c578f8e8f19bc13b85409eeb220b709703c62691fac732594b2e3564", "terminal_segment": false }, "geometry": { "type": "LineString", "coordinates": [ [ 75.197536598246998, 33.258978262689546, 0.0 ], [ 75.197066, 33.2590893, 0.0 ], [ 75.196896, 33.2591079, 0.0 ], [ 75.1967357, 33.2591054, 0.0 ], [ 75.1965791, 33.2590739, 0.0 ], [ 75.1964324, 33.259019, 0.0 ], [ 75.1963119, 33.2589507, 0.0 ], [ 75.1957304, 33.2584527, 0.0 ], [ 75.1955956, 33.258359, 0.0 ], [ 75.1949442, 33.2580222, 0.0 ], [ 75.1948233, 33.2579731, 0.0 ], [ 75.1947118, 33.2579552, 0.0 ], [ 75.1946208, 33.2579835, 0.0 ], [ 75.194544, 33.2580431, 0.0 ], [ 75.1945128, 33.2581118, 0.0 ], [ 75.1944952, 33.2582124, 0.0 ], [ 75.1945056, 33.2583286, 0.0 ], [ 75.1944996, 33.2584359, 0.0 ], [ 75.1944164, 33.2585293, 0.0 ], [ 75.1943011, 33.2585905, 0.0 ], [ 75.1941297, 33.2586065, 0.0 ], [ 75.1938631, 33.258592, 0.0 ], [ 75.193525100000016, 33.2585637, 0.0 ], [ 75.1932589, 33.2585977, 0.0 ], [ 75.193205211464459, 33.258623898505896, 0.0 ] ] } },
{ "type": "Feature", "properties": { "segment_id": "NH44_SEG_092", "sequence_number": 92, "start_chainage_m": 45500.0, "end_chainage_m": 46000.0, "nominal_length_m": 500.0, "actual_geometry_length_m": 500.0, "start_longitude": 75.193205, "start_latitude": 33.258624, "end_longitude": 75.191546, "end_latitude": 33.262582, "midpoint_longitude": 75.191715, "midpoint_latitude": 33.260405, "vertex_count": 17, "source_route_sha256": "7141c209c578f8e8f19bc13b85409eeb220b709703c62691fac732594b2e3564", "terminal_segment": false }, "geometry": { "type": "LineString", "coordinates": [ [ 75.193205211464459, 33.258623898505896, 0.0 ], [ 75.1930386, 33.2587052, 0.0 ], [ 75.1926672, 33.2589587, 0.0 ], [ 75.1923235, 33.2592517, 0.0 ], [ 75.1921147, 33.2594803, 0.0 ], [ 75.1919981, 33.2596676, 0.0 ], [ 75.1917567, 33.2601968, 0.0 ], [ 75.19171, 33.260354, 0.0 ], [ 75.191726, 33.260522, 0.0 ], [ 75.1917634, 33.260653, 0.0 ], [ 75.1918694, 33.2608956, 0.0 ], [ 75.1919141, 33.2611117, 0.0 ], [ 75.191916, 33.2613357, 0.0 ], [ 75.1918677, 33.2616752, 0.0 ], [ 75.1917524, 33.262239, 0.0 ], [ 75.1916247, 33.2624974, 0.0 ], [ 75.191545606119533, 33.2625820914065, 0.0 ] ] } },
{ "type": "Feature", "properties": { "segment_id": "NH44_SEG_093", "sequence_number": 93, "start_chainage_m": 46000.0, "end_chainage_m": 46500.0, "nominal_length_m": 500.0, "actual_geometry_length_m": 500.0, "start_longitude": 75.191546, "start_latitude": 33.262582, "end_longitude": 75.186934, "end_latitude": 33.264208, "midpoint_longitude": 75.189093, "midpoint_latitude": 33.263169, "vertex_count": 15, "source_route_sha256": "7141c209c578f8e8f19bc13b85409eeb220b709703c62691fac732594b2e3564", "terminal_segment": false }, "geometry": { "type": "LineString", "coordinates": [ [ 75.191545606119533, 33.2625820914065, 0.0 ], [ 75.1914622, 33.2626714, 0.0 ], [ 75.1912462, 33.2628142, 0.0 ], [ 75.1908477, 33.2630157, 0.0 ], [ 75.1906418, 33.2631067, 0.0 ], [ 75.19034640000001, 33.2631933, 0.0 ], [ 75.1899458, 33.263246100000011, 0.0 ], [ 75.1894906, 33.2632132, 0.0 ], [ 75.1889726, 33.2631558, 0.0 ], [ 75.1885205, 33.2631447, 0.0 ], [ 75.1879659, 33.263276, 0.0 ], [ 75.1875346, 33.2635284, 0.0 ], [ 75.1872929, 33.263772, 0.0 ], [ 75.1870698, 33.2640448, 0.0 ], [ 75.186933605313854, 33.264208060059737, 0.0 ] ] } },
{ "type": "Feature", "properties": { "segment_id": "NH44_SEG_094", "sequence_number": 94, "start_chainage_m": 46500.0, "end_chainage_m": 47000.0, "nominal_length_m": 500.0, "actual_geometry_length_m": 500.0, "start_longitude": 75.186934, "start_latitude": 33.264208, "end_longitude": 75.18272, "end_latitude": 33.266305, "midpoint_longitude": 75.184709, "midpoint_latitude": 33.265329, "vertex_count": 27, "source_route_sha256": "7141c209c578f8e8f19bc13b85409eeb220b709703c62691fac732594b2e3564", "terminal_segment": false }, "geometry": { "type": "LineString", "coordinates": [ [ 75.186933605313854, 33.264208060059737, 0.0 ], [ 75.186866, 33.2642891, 0.0 ], [ 75.1865968, 33.2645573, 0.0 ], [ 75.1862413, 33.2648508, 0.0 ], [ 75.1860839, 33.2649405, 0.0 ], [ 75.1858878, 33.2650375, 0.0 ], [ 75.1857317, 33.2650885, 0.0 ], [ 75.1848535, 33.2653177, 0.0 ], [ 75.1846772, 33.2653312, 0.0 ], [ 75.1846105, 33.2653269, 0.0 ], [ 75.1844624, 33.2652777, 0.0 ], [ 75.1843131, 33.2652481, 0.0 ], [ 75.1841575, 33.2652399, 0.0 ], [ 75.1839334, 33.2652783, 0.0 ], [ 75.183784, 33.2653216, 0.0 ], [ 75.1836834, 33.2653697, 0.0 ], [ 75.1836029, 33.2654393, 0.0 ], [ 75.1835598, 33.2655571, 0.0 ], [ 75.1835311, 33.265730099999985, 0.0 ], [ 75.1834535, 33.2658502, 0.0 ], [ 75.183373, 33.2658958, 0.0 ], [ 75.1832265, 33.265927099999985, 0.0 ], [ 75.1830943, 33.2659631, 0.0 ], [ 75.1829046, 33.26604, 0.0 ], [ 75.1828098, 33.2661361, 0.0 ], [ 75.182715, 33.2662298, 0.0 ], [ 75.182719820837335, 33.266304623545395, 0.0 ] ] } },
{ "type": "Feature", "properties": { "segment_id": "NH44_SEG_095", "sequence_number": 95, "start_chainage_m": 47000.0, "end_chainage_m": 47500.0, "nominal_length_m": 500.0, "actual_geometry_length_m": 500.0, "start_longitude": 75.18272, "start_latitude": 33.266305, "end_longitude": 75.180309, "end_latitude": 33.267657, "midpoint_longitude": 75.182653, "midpoint_latitude": 33.268399, "vertex_count": 36, "source_route_sha256": "7141c209c578f8e8f19bc13b85409eeb220b709703c62691fac732594b2e3564", "terminal_segment": false }, "geometry": { "type": "LineString", "coordinates": [ [ 75.182719820837335, 33.266304623545395, 0.0 ], [ 75.1827294, 33.2664533, 0.0 ], [ 75.1827322, 33.2666983, 0.0 ], [ 75.1827351, 33.2668257, 0.0 ], [ 75.1827006, 33.2670107, 0.0 ], [ 75.1826949, 33.2671957, 0.0 ], [ 75.1827207, 33.2673326, 0.0 ], [ 75.1827294, 33.2674504, 0.0 ], [ 75.182761, 33.267551299999987, 0.0 ], [ 75.1828386, 33.267681, 0.0 ], [ 75.1828989, 33.267798799999987, 0.0 ], [ 75.1829478, 33.2678877, 0.0 ], [ 75.1829995, 33.2679958, 0.0 ], [ 75.1829794, 33.2680967, 0.0 ], [ 75.1828817, 33.2682096, 0.0 ], [ 75.1827437, 33.268337, 0.0 ], [ 75.1826345, 33.2684114, 0.0 ], [ 75.1825167, 33.2684451, 0.0 ], [ 75.1823903, 33.2684523, 0.0 ], [ 75.1822638, 33.268425899999983, 0.0 ], [ 75.1821546, 33.268385, 0.0 ], [ 75.1820426, 33.2683442, 0.0 ], [ 75.1818989, 33.2683081, 0.0 ], [ 75.1817983, 33.2682721, 0.0 ], [ 75.1816748, 33.2682625, 0.0 ], [ 75.1816058, 33.2682793, 0.0 ], [ 75.1815052, 33.2682961, 0.0 ], [ 75.1814133, 33.2682601, 0.0 ], [ 75.1811029, 33.268164, 0.0 ], [ 75.1809679, 33.2681063, 0.0 ], [ 75.1808385, 33.2680342, 0.0 ], [ 75.1807236, 33.2679213, 0.0 ], [ 75.1806288, 33.267806, 0.0 ], [ 75.1805196, 33.2676834, 0.0 ], [ 75.1803529, 33.2676522, 0.0 ], [ 75.180308913807409, 33.267657135620759, 0.0 ] ] } },
{ "type": "Feature", "properties": { "segment_id": "NH44_SEG_096", "sequence_number": 96, "start_chainage_m": 47500.0, "end_chainage_m": 48000.0, "nominal_length_m": 500.0, "actual_geometry_length_m": 500.0, "start_longitude": 75.180309, "start_latitude": 33.267657, "end_longitude": 75.175608, "end_latitude": 33.268715, "midpoint_longitude": 75.177979, "midpoint_latitude": 33.268503, "vertex_count": 24, "source_route_sha256": "7141c209c578f8e8f19bc13b85409eeb220b709703c62691fac732594b2e3564", "terminal_segment": false }, "geometry": { "type": "LineString", "coordinates": [ [ 75.180308913807409, 33.267657135620759, 0.0 ], [ 75.1801604, 33.2676738, 0.0 ], [ 75.1800109, 33.2677027, 0.0 ], [ 75.1798701, 33.2677723, 0.0 ], [ 75.1797265, 33.2678396, 0.0 ], [ 75.1795684, 33.267861199999984, 0.0 ], [ 75.179427600000011, 33.2678781, 0.0 ], [ 75.1792782, 33.2678732, 0.0 ], [ 75.1790971, 33.267866, 0.0 ], [ 75.1789563, 33.2678516, 0.0 ], [ 75.1788127, 33.2678612, 0.0 ], [ 75.1786316, 33.2679838, 0.0 ], [ 75.1784621, 33.2681496, 0.0 ], [ 75.1781144, 33.2684147, 0.0 ], [ 75.1779066, 33.268550699999984, 0.0 ], [ 75.1778174, 33.2686788, 0.0 ], [ 75.1777557, 33.2688308, 0.0 ], [ 75.1776837, 33.2688721, 0.0 ], [ 75.1775354, 33.2688979, 0.0 ], [ 75.1771254, 33.2689421, 0.0 ], [ 75.1763493, 33.2688272, 0.0 ], [ 75.1759825, 33.2688532, 0.0 ], [ 75.1757837, 33.2688157, 0.0 ], [ 75.175607724663735, 33.26871477930343, 0.0 ] ] } },
{ "type": "Feature", "properties": { "segment_id": "NH44_SEG_097", "sequence_number": 97, "start_chainage_m": 48000.0, "end_chainage_m": 48500.0, "nominal_length_m": 500.0, "actual_geometry_length_m": 500.0, "start_longitude": 75.175608, "start_latitude": 33.268715, "end_longitude": 75.176406, "end_latitude": 33.27199, "midpoint_longitude": 75.175145, "midpoint_latitude": 33.270506, "vertex_count": 21, "source_route_sha256": "7141c209c578f8e8f19bc13b85409eeb220b709703c62691fac732594b2e3564", "terminal_segment": false }, "geometry": { "type": "LineString", "coordinates": [ [ 75.175607724663735, 33.26871477930343, 0.0 ], [ 75.1754449, 33.2686214, 0.0 ], [ 75.1752642, 33.2686315, 0.0 ], [ 75.1751639, 33.2687234, 0.0 ], [ 75.175165, 33.268948499999986, 0.0 ], [ 75.1751888, 33.2691352, 0.0 ], [ 75.1752322, 33.2696457, 0.0 ], [ 75.1752716, 33.2698861, 0.0 ], [ 75.175303, 33.270142, 0.0 ], [ 75.1751928, 33.2704164, 0.0 ], [ 75.1750282, 33.270726899999985, 0.0 ], [ 75.1749335, 33.2708885, 0.0 ], [ 75.1748928, 33.2710437, 0.0 ], [ 75.1749725, 33.2711539, 0.0 ], [ 75.1751619, 33.2712525, 0.0 ], [ 75.1756375, 33.2714081, 0.0 ], [ 75.1759322, 33.2714996, 0.0 ], [ 75.1761223, 33.271565899999985, 0.0 ], [ 75.176276, 33.271720699999989, 0.0 ], [ 75.1763991, 33.2719602, 0.0 ], [ 75.1764056594034, 33.271989987888595, 0.0 ] ] } },
{ "type": "Feature", "properties": { "segment_id": "NH44_SEG_098", "sequence_number": 98, "start_chainage_m": 48500.0, "end_chainage_m": 49000.0, "nominal_length_m": 500.0, "actual_geometry_length_m": 500.0, "start_longitude": 75.176406, "start_latitude": 33.27199, "end_longitude": 75.176871, "end_latitude": 33.27597, "midpoint_longitude": 75.176452, "midpoint_latitude": 33.274019, "vertex_count": 23, "source_route_sha256": "7141c209c578f8e8f19bc13b85409eeb220b709703c62691fac732594b2e3564", "terminal_segment": false }, "geometry": { "type": "LineString", "coordinates": [ [ 75.1764056594034, 33.271989987888595, 0.0 ], [ 75.1764573, 33.2722245, 0.0 ], [ 75.1764927, 33.2726362, 0.0 ], [ 75.1765429, 33.27297320000001, 0.0 ], [ 75.1766495, 33.2732719, 0.0 ], [ 75.1766678, 33.2734054, 0.0 ], [ 75.1765763, 33.2734656, 0.0 ], [ 75.1764092, 33.2735295, 0.0 ], [ 75.1762997, 33.2736045, 0.0 ], [ 75.176289, 33.2737491, 0.0 ], [ 75.1763745, 33.2738877, 0.0 ], [ 75.1764538, 33.2740215, 0.0 ], [ 75.1765413, 33.274251, 0.0 ], [ 75.1765715, 33.274632, 0.0 ], [ 75.1765591, 33.27491, 0.0 ], [ 75.1765046, 33.2751139, 0.0 ], [ 75.1763588, 33.2752248, 0.0 ], [ 75.1762711, 33.275368899999989, 0.0 ], [ 75.1762958, 33.2755014, 0.0 ], [ 75.1763824, 33.2756233, 0.0 ], [ 75.1765433, 33.2757625, 0.0 ], [ 75.1768492, 33.275958, 0.0 ], [ 75.176871011839609, 33.275969960178394, 0.0 ] ] } },
{ "type": "Feature", "properties": { "segment_id": "NH44_SEG_099", "sequence_number": 99, "start_chainage_m": 49000.0, "end_chainage_m": 49500.0, "nominal_length_m": 500.0, "actual_geometry_length_m": 500.0, "start_longitude": 75.176871, "start_latitude": 33.27597, "end_longitude": 75.18006, "end_latitude": 33.278136, "midpoint_longitude": 75.179337, "midpoint_latitude": 33.276421, "vertex_count": 21, "source_route_sha256": "7141c209c578f8e8f19bc13b85409eeb220b709703c62691fac732594b2e3564", "terminal_segment": false }, "geometry": { "type": "LineString", "coordinates": [ [ 75.176871011839609, 33.275969960178394, 0.0 ], [ 75.177143, 33.2761191, 0.0 ], [ 75.1773476, 33.276209800000011, 0.0 ], [ 75.1775236, 33.2763634, 0.0 ], [ 75.1776824, 33.2764631, 0.0 ], [ 75.1779817, 33.276496, 0.0 ], [ 75.1782417, 33.2764861, 0.0 ], [ 75.1785844, 33.276430199999986, 0.0 ], [ 75.1791081, 33.27637150000001, 0.0 ], [ 75.1793802, 33.2764306, 0.0 ], [ 75.179563, 33.276515, 0.0 ], [ 75.1798103, 33.2766354, 0.0 ], [ 75.180055, 33.2767591, 0.0 ], [ 75.1803059, 33.2768484, 0.0 ], [ 75.1803312, 33.276954, 0.0 ], [ 75.1803413, 33.2770614, 0.0 ], [ 75.1802963, 33.2772324, 0.0 ], [ 75.180228500000013, 33.2775059, 0.0 ], [ 75.1800853, 33.2777672, 0.0 ], [ 75.1800301, 33.277984599999989, 0.0 ], [ 75.180060371135127, 33.278136339817237, 0.0 ] ] } },
{ "type": "Feature", "properties": { "segment_id": "NH44_SEG_100", "sequence_number": 100, "start_chainage_m": 49500.0, "end_chainage_m": 50000.0, "nominal_length_m": 500.0, "actual_geometry_length_m": 500.0, "start_longitude": 75.18006, "start_latitude": 33.278136, "end_longitude": 75.178934, "end_latitude": 33.28125, "midpoint_longitude": 75.180496, "midpoint_latitude": 33.279944, "vertex_count": 24, "source_route_sha256": "7141c209c578f8e8f19bc13b85409eeb220b709703c62691fac732594b2e3564", "terminal_segment": false }, "geometry": { "type": "LineString", "coordinates": [ [ 75.180060371135127, 33.278136339817237, 0.0 ], [ 75.1800774, 33.27822170000001, 0.0 ], [ 75.1800225, 33.2783462, 0.0 ], [ 75.1799326, 33.2784884, 0.0 ], [ 75.179722, 33.2787065, 0.0 ], [ 75.1795811, 33.2788507, 0.0 ], [ 75.1796293, 33.2789871, 0.0 ], [ 75.179715, 33.2791603, 0.0 ], [ 75.1798622, 33.2794346, 0.0 ], [ 75.1800341, 33.2796543, 0.0 ], [ 75.1801512, 33.2798266, 0.0 ], [ 75.1803886, 33.2799276, 0.0 ], [ 75.180648, 33.279968, 0.0 ], [ 75.1807077, 33.2800066, 0.0 ], [ 75.1807631, 33.2801091, 0.0 ], [ 75.1807195, 33.2802174, 0.0 ], [ 75.1805318, 33.2803887, 0.0 ], [ 75.180231, 33.2805302, 0.0 ], [ 75.1799446, 33.2806491, 0.0 ], [ 75.1797308, 33.2808135, 0.0 ], [ 75.1794675, 33.2809865, 0.0 ], [ 75.1792003, 33.2811146, 0.0 ], [ 75.1789439, 33.2812442, 0.0 ], [ 75.178934096300196, 33.281250308512391, 0.0 ] ] } },
{ "type": "Feature", "properties": { "segment_id": "NH44_SEG_101", "sequence_number": 101, "start_chainage_m": 50000.0, "end_chainage_m": 50500.0, "nominal_length_m": 500.0, "actual_geometry_length_m": 500.0, "start_longitude": 75.178934, "start_latitude": 33.28125, "end_longitude": 75.17868, "end_latitude": 33.284322, "midpoint_longitude": 75.178823, "midpoint_latitude": 33.283142, "vertex_count": 24, "source_route_sha256": "7141c209c578f8e8f19bc13b85409eeb220b709703c62691fac732594b2e3564", "terminal_segment": false }, "geometry": { "type": "LineString", "coordinates": [ [ 75.178934096300196, 33.281250308512391, 0.0 ], [ 75.178742, 33.28137, 0.0 ], [ 75.1785207, 33.281513, 0.0 ], [ 75.1783914, 33.2816631, 0.0 ], [ 75.1783494, 33.281787899999983, 0.0 ], [ 75.1783828, 33.281939300000019, 0.0 ], [ 75.1784663, 33.2821636, 0.0 ], [ 75.1786527, 33.2823862, 0.0 ], [ 75.1787893, 33.2825335, 0.0 ], [ 75.1789159, 33.282719299999989, 0.0 ], [ 75.1789469, 33.2828321, 0.0 ], [ 75.1788942, 33.2829521, 0.0 ], [ 75.1788226, 33.2831376, 0.0 ], [ 75.1788273, 33.2832546, 0.0 ], [ 75.1788765, 33.2833455, 0.0 ], [ 75.1789266, 33.2834599, 0.0 ], [ 75.1790393, 33.2835852, 0.0 ], [ 75.1795928, 33.2839323, 0.0 ], [ 75.1797124, 33.284050399999984, 0.0 ], [ 75.1797226, 33.2841492, 0.0 ], [ 75.1796464, 33.2842229, 0.0 ], [ 75.1795582, 33.2842671, 0.0 ], [ 75.1787534, 33.2843416, 0.0 ], [ 75.178679688744964, 33.284322238722957, 0.0 ] ] } },
{ "type": "Feature", "properties": { "segment_id": "NH44_SEG_102", "sequence_number": 102, "start_chainage_m": 50500.0, "end_chainage_m": 51000.0, "nominal_length_m": 500.0, "actual_geometry_length_m": 500.0, "start_longitude": 75.17868, "start_latitude": 33.284322, "end_longitude": 75.176837, "end_latitude": 33.286432, "midpoint_longitude": 75.176238, "midpoint_latitude": 33.284546, "vertex_count": 22, "source_route_sha256": "7141c209c578f8e8f19bc13b85409eeb220b709703c62691fac732594b2e3564", "terminal_segment": false }, "geometry": { "type": "LineString", "coordinates": [ [ 75.178679688744964, 33.284322238722957, 0.0 ], [ 75.1784652, 33.2842659, 0.0 ], [ 75.1781434, 33.284216399999984, 0.0 ], [ 75.1778754, 33.284205300000011, 0.0 ], [ 75.1776348, 33.2842576, 0.0 ], [ 75.1774297, 33.2842313, 0.0 ], [ 75.1771939, 33.2841592, 0.0 ], [ 75.1769932, 33.284112900000011, 0.0 ], [ 75.1768354, 33.2842481, 0.0 ], [ 75.1766424, 33.2843996, 0.0 ], [ 75.1764336, 33.284535, 0.0 ], [ 75.1761965, 33.2845483, 0.0 ], [ 75.176024, 33.2845709, 0.0 ], [ 75.1759501, 33.2846131, 0.0 ], [ 75.1759163, 33.2846959, 0.0 ], [ 75.1759412, 33.2848014, 0.0 ], [ 75.1760735, 33.2850021, 0.0 ], [ 75.1762248, 33.285260800000017, 0.0 ], [ 75.1765746, 33.285857, 0.0 ], [ 75.1766424, 33.2860823, 0.0 ], [ 75.1767417, 33.28631, 0.0 ], [ 75.176837266496022, 33.286432228732949, 0.0 ] ] } },
{ "type": "Feature", "properties": { "segment_id": "NH44_SEG_103", "sequence_number": 103, "start_chainage_m": 51000.0, "end_chainage_m": 51500.0, "nominal_length_m": 500.0, "actual_geometry_length_m": 500.0, "start_longitude": 75.176837, "start_latitude": 33.286432, "end_longitude": 75.177512, "end_latitude": 33.290517, "midpoint_longitude": 75.177939, "midpoint_latitude": 33.288416, "vertex_count": 20, "source_route_sha256": "7141c209c578f8e8f19bc13b85409eeb220b709703c62691fac732594b2e3564", "terminal_segment": false }, "geometry": { "type": "LineString", "coordinates": [ [ 75.176837266496022, 33.286432228732949, 0.0 ], [ 75.1769159, 33.28653280000001, 0.0 ], [ 75.1772109, 33.2868491, 0.0 ], [ 75.177513, 33.2871888, 0.0 ], [ 75.177842700000014, 33.2876848, 0.0 ], [ 75.1779266, 33.2879692, 0.0 ], [ 75.1779113, 33.2881754, 0.0 ], [ 75.1779463, 33.2884829, 0.0 ], [ 75.1780475, 33.288718, 0.0 ], [ 75.1780211, 33.2889702, 0.0 ], [ 75.1779789, 33.2891395, 0.0 ], [ 75.1780054, 33.2892797, 0.0 ], [ 75.1780387, 33.2894129, 0.0 ], [ 75.1779675, 33.289543399999985, 0.0 ], [ 75.1778163, 33.2896683, 0.0 ], [ 75.1777791, 33.2897972, 0.0 ], [ 75.177778, 33.290009, 0.0 ], [ 75.1777454, 33.2901918, 0.0 ], [ 75.177637, 33.2903851, 0.0 ], [ 75.177512023173094, 33.290516930715377, 0.0 ] ] } },
{ "type": "Feature", "properties": { "segment_id": "NH44_SEG_104", "sequence_number": 104, "start_chainage_m": 51500.0, "end_chainage_m": 52000.0, "nominal_length_m": 500.0, "actual_geometry_length_m": 500.0, "start_longitude": 75.177512, "start_latitude": 33.290517, "end_longitude": 75.176178, "end_latitude": 33.294431, "midpoint_longitude": 75.176845, "midpoint_latitude": 33.292312, "vertex_count": 19, "source_route_sha256": "7141c209c578f8e8f19bc13b85409eeb220b709703c62691fac732594b2e3564", "terminal_segment": false }, "geometry": { "type": "LineString", "coordinates": [ [ 75.177512023173094, 33.290516930715377, 0.0 ], [ 75.1774893, 33.2905409, 0.0 ], [ 75.1772537, 33.2906486, 0.0 ], [ 75.176949, 33.290726, 0.0 ], [ 75.1769063, 33.2908076, 0.0 ], [ 75.176912800000011, 33.2909546, 0.0 ], [ 75.1769485, 33.291098, 0.0 ], [ 75.1770166, 33.2912817, 0.0 ], [ 75.1771811, 33.2916326, 0.0 ], [ 75.1771877, 33.2919134, 0.0 ], [ 75.1770521, 33.292141099999988, 0.0 ], [ 75.1767729, 33.2923723, 0.0 ], [ 75.1766424, 33.2925198, 0.0 ], [ 75.1766424, 33.29277660000001, 0.0 ], [ 75.1766645, 33.2931407, 0.0 ], [ 75.1766148, 33.2934187, 0.0 ], [ 75.1764196, 33.2939964, 0.0 ], [ 75.1762643, 33.2943341, 0.0 ], [ 75.176177740214953, 33.294430769101965, 0.0 ] ] } },
{ "type": "Feature", "properties": { "segment_id": "NH44_SEG_105", "sequence_number": 105, "start_chainage_m": 52000.0, "end_chainage_m": 52500.0, "nominal_length_m": 500.0, "actual_geometry_length_m": 500.0, "start_longitude": 75.176178, "start_latitude": 33.294431, "end_longitude": 75.17797, "end_latitude": 33.295736, "midpoint_longitude": 75.175883, "midpoint_latitude": 33.296416, "vertex_count": 21, "source_route_sha256": "7141c209c578f8e8f19bc13b85409eeb220b709703c62691fac732594b2e3564", "terminal_segment": false }, "geometry": { "type": "LineString", "coordinates": [ [ 75.176177740214953, 33.294430769101965, 0.0 ], [ 75.1760862, 33.294533, 0.0 ], [ 75.1758388, 33.2947193, 0.0 ], [ 75.1756903, 33.2948458, 0.0 ], [ 75.1756193, 33.294952499999987, 0.0 ], [ 75.175651, 33.2950905, 0.0 ], [ 75.1757719, 33.2952264, 0.0 ], [ 75.1758798, 33.2954358, 0.0 ], [ 75.175807300000017, 33.2956939, 0.0 ], [ 75.175753, 33.29596690000001, 0.0 ], [ 75.1757719, 33.2961911, 0.0 ], [ 75.175875, 33.296403, 0.0 ], [ 75.1760234, 33.2966383, 0.0 ], [ 75.1761224, 33.296665199999985, 0.0 ], [ 75.176313, 33.296637, 0.0 ], [ 75.1764917, 33.296437, 0.0 ], [ 75.176752, 33.296122, 0.0 ], [ 75.1770365, 33.295958599999985, 0.0 ], [ 75.1773579, 33.2958067, 0.0 ], [ 75.1777049, 33.2957469, 0.0 ], [ 75.177969958866342, 33.295735722340673, 0.0 ] ] } },
{ "type": "Feature", "properties": { "segment_id": "NH44_SEG_106", "sequence_number": 106, "start_chainage_m": 52500.0, "end_chainage_m": 53000.0, "nominal_length_m": 500.0, "actual_geometry_length_m": 500.0, "start_longitude": 75.17797, "start_latitude": 33.295736, "end_longitude": 75.182967, "end_latitude": 33.295634, "midpoint_longitude": 75.180405, "midpoint_latitude": 33.296039, "vertex_count": 19, "source_route_sha256": "7141c209c578f8e8f19bc13b85409eeb220b709703c62691fac732594b2e3564", "terminal_segment": false }, "geometry": { "type": "LineString", "coordinates": [ [ 75.177969958866342, 33.295735722340673, 0.0 ], [ 75.1780108, 33.295734, 0.0 ], [ 75.1784872, 33.2957669, 0.0 ], [ 75.178811, 33.295711, 0.0 ], [ 75.179143900000014, 33.2955947, 0.0 ], [ 75.179354, 33.295581899999988, 0.0 ], [ 75.179439, 33.2955894, 0.0 ], [ 75.179551, 33.2957051, 0.0 ], [ 75.179620500000013, 33.2957696, 0.0 ], [ 75.1797754, 33.2958892, 0.0 ], [ 75.1799873, 33.2960277, 0.0 ], [ 75.1802235, 33.2960434, 0.0 ], [ 75.1806047, 33.296034400000011, 0.0 ], [ 75.1808854, 33.295984099999984, 0.0 ], [ 75.1811804, 33.2957795, 0.0 ], [ 75.1814153, 33.2956826, 0.0 ], [ 75.1819649, 33.2956461, 0.0 ], [ 75.1827915, 33.295624799999977, 0.0 ], [ 75.182967359077466, 33.295634473256399, 0.0 ] ] } },
{ "type": "Feature", "properties": { "segment_id": "NH44_SEG_107", "sequence_number": 107, "start_chainage_m": 53000.0, "end_chainage_m": 53500.0, "nominal_length_m": 500.0, "actual_geometry_length_m": 500.0, "start_longitude": 75.182967, "start_latitude": 33.295634, "end_longitude": 75.18075, "end_latitude": 33.298724, "midpoint_longitude": 75.181795, "midpoint_latitude": 33.29682, "vertex_count": 21, "source_route_sha256": "7141c209c578f8e8f19bc13b85409eeb220b709703c62691fac732594b2e3564", "terminal_segment": false }, "geometry": { "type": "LineString", "coordinates": [ [ 75.182967359077466, 33.295634473256399, 0.0 ], [ 75.1832151, 33.2956481, 0.0 ], [ 75.1833198, 33.295716399999989, 0.0 ], [ 75.1834022, 33.2958472, 0.0 ], [ 75.1833945, 33.296032, 0.0 ], [ 75.183278, 33.2961665, 0.0 ], [ 75.1829373, 33.2963261, 0.0 ], [ 75.1825473, 33.2964973, 0.0 ], [ 75.1821769, 33.2965691, 0.0 ], [ 75.1819708, 33.2966423, 0.0 ], [ 75.1817701, 33.2968453, 0.0 ], [ 75.1816505, 33.2969588, 0.0 ], [ 75.1815901, 33.2971624, 0.0 ], [ 75.1815415, 33.2974711, 0.0 ], [ 75.181437700000018, 33.2977221, 0.0 ], [ 75.1811866, 33.2980128, 0.0 ], [ 75.1809211, 33.2982732, 0.0 ], [ 75.1807022, 33.29840380000001, 0.0 ], [ 75.1806604, 33.2985288, 0.0 ], [ 75.1806486, 33.2986243, 0.0 ], [ 75.180750023905119, 33.298723827393644, 0.0 ] ] } },
{ "type": "Feature", "properties": { "segment_id": "NH44_SEG_108", "sequence_number": 108, "start_chainage_m": 53500.0, "end_chainage_m": 54000.0, "nominal_length_m": 500.0, "actual_geometry_length_m": 500.0, "start_longitude": 75.18075, "start_latitude": 33.298724, "end_longitude": 75.182426, "end_latitude": 33.302938, "midpoint_longitude": 75.181484, "midpoint_latitude": 33.300866, "vertex_count": 17, "source_route_sha256": "7141c209c578f8e8f19bc13b85409eeb220b709703c62691fac732594b2e3564", "terminal_segment": false }, "geometry": { "type": "LineString", "coordinates": [ [ 75.180750023905119, 33.298723827393644, 0.0 ], [ 75.1807716, 33.298745, 0.0 ], [ 75.1809046, 33.2989733, 0.0 ], [ 75.1811318, 33.2993343, 0.0 ], [ 75.1812001, 33.2995593, 0.0 ], [ 75.1812277, 33.299961, 0.0 ], [ 75.181338, 33.3003495, 0.0 ], [ 75.1815669, 33.301158399999984, 0.0 ], [ 75.1817911, 33.3017053, 0.0 ], [ 75.1818762, 33.3019842, 0.0 ], [ 75.1819775, 33.3021948, 0.0 ], [ 75.182049, 33.3023272, 0.0 ], [ 75.182162, 33.3024302, 0.0 ], [ 75.1822974, 33.3025303, 0.0 ], [ 75.182346, 33.3026364, 0.0 ], [ 75.1823963, 33.3028791, 0.0 ], [ 75.182425718628892, 33.302937999839415, 0.0 ] ] } },
{ "type": "Feature", "properties": { "segment_id": "NH44_SEG_109", "sequence_number": 109, "start_chainage_m": 54000.0, "end_chainage_m": 54500.0, "nominal_length_m": 500.0, "actual_geometry_length_m": 500.0, "start_longitude": 75.182426, "start_latitude": 33.302938, "end_longitude": 75.181032, "end_latitude": 33.306986, "midpoint_longitude": 75.182362, "midpoint_latitude": 33.305088, "vertex_count": 21, "source_route_sha256": "7141c209c578f8e8f19bc13b85409eeb220b709703c62691fac732594b2e3564", "terminal_segment": false }, "geometry": { "type": "LineString", "coordinates": [ [ 75.182425718628892, 33.302937999839415, 0.0 ], [ 75.1825377, 33.30316220000001, 0.0 ], [ 75.1825748, 33.3032681, 0.0 ], [ 75.1826295, 33.3034239, 0.0 ], [ 75.1827592, 33.30367720000001, 0.0 ], [ 75.1827564, 33.303794, 0.0 ], [ 75.1827375, 33.3039362, 0.0 ], [ 75.1826773, 33.304129, 0.0 ], [ 75.1826457, 33.3044259, 0.0 ], [ 75.1825512, 33.3046944, 0.0 ], [ 75.1823838, 33.3050058, 0.0 ], [ 75.1822984, 33.30533290000001, 0.0 ], [ 75.1821851, 33.3055444, 0.0 ], [ 75.1820667, 33.3058308, 0.0 ], [ 75.1819244, 33.3060654, 0.0 ], [ 75.181771, 33.3063029, 0.0 ], [ 75.1815846, 33.3064274, 0.0 ], [ 75.181417200000013, 33.3065831, 0.0 ], [ 75.18113910000001, 33.306829099999987, 0.0 ], [ 75.1810293, 33.3069532, 0.0 ], [ 75.181032134840763, 33.306985522069148, 0.0 ] ] } },
{ "type": "Feature", "properties": { "segment_id": "NH44_SEG_110", "sequence_number": 110, "start_chainage_m": 54500.0, "end_chainage_m": 55000.0, "nominal_length_m": 500.0, "actual_geometry_length_m": 500.0, "start_longitude": 75.181032, "start_latitude": 33.306986, "end_longitude": 75.184285, "end_latitude": 33.30981, "midpoint_longitude": 75.181956, "midpoint_latitude": 33.308773, "vertex_count": 24, "source_route_sha256": "7141c209c578f8e8f19bc13b85409eeb220b709703c62691fac732594b2e3564", "terminal_segment": false }, "geometry": { "type": "LineString", "coordinates": [ [ 75.181032134840763, 33.306985522069148, 0.0 ], [ 75.181041, 33.307086599999984, 0.0 ], [ 75.1811769, 33.307251, 0.0 ], [ 75.1812363, 33.3074225, 0.0 ], [ 75.1812795, 33.3075963, 0.0 ], [ 75.1813145, 33.3077258, 0.0 ], [ 75.1813848, 33.3078738, 0.0 ], [ 75.1814361, 33.308025, 0.0 ], [ 75.1814321, 33.30816, 0.0 ], [ 75.1814169, 33.3083209, 0.0 ], [ 75.181378200000012, 33.3085165, 0.0 ], [ 75.1813767, 33.3086433, 0.0 ], [ 75.1815282, 33.3087333, 0.0 ], [ 75.1817763, 33.3087967, 0.0 ], [ 75.1820031, 33.3087674, 0.0 ], [ 75.1821302, 33.3087911, 0.0 ], [ 75.1824142, 33.3088488, 0.0 ], [ 75.1826462, 33.3089256, 0.0 ], [ 75.182859, 33.309103599999986, 0.0 ], [ 75.183277, 33.309375, 0.0 ], [ 75.1834138, 33.3094547, 0.0 ], [ 75.1837527, 33.3095978, 0.0 ], [ 75.1841577, 33.3097783, 0.0 ], [ 75.184285407804126, 33.309810440710734, 0.0 ] ] } },
{ "type": "Feature", "properties": { "segment_id": "NH44_SEG_111", "sequence_number": 111, "start_chainage_m": 55000.0, "end_chainage_m": 55500.0, "nominal_length_m": 500.0, "actual_geometry_length_m": 500.0, "start_longitude": 75.184285, "start_latitude": 33.30981, "end_longitude": 75.186466, "end_latitude": 33.313311, "midpoint_longitude": 75.185996, "midpoint_latitude": 33.31141, "vertex_count": 24, "source_route_sha256": "7141c209c578f8e8f19bc13b85409eeb220b709703c62691fac732594b2e3564", "terminal_segment": false }, "geometry": { "type": "LineString", "coordinates": [ [ 75.184285407804126, 33.309810440710734, 0.0 ], [ 75.1843818, 33.3098347, 0.0 ], [ 75.1847679, 33.3099046, 0.0 ], [ 75.1848801, 33.3100083, 0.0 ], [ 75.1849365, 33.3101281, 0.0 ], [ 75.1850432, 33.3102426, 0.0 ], [ 75.1853054, 33.3104525, 0.0 ], [ 75.1855401, 33.3107508, 0.0 ], [ 75.1857708, 33.311055, 0.0 ], [ 75.1861152, 33.3115969, 0.0 ], [ 75.1861574, 33.3117801, 0.0 ], [ 75.1861044, 33.3118858, 0.0 ], [ 75.1859883, 33.3120008, 0.0 ], [ 75.1858587, 33.3120888, 0.0 ], [ 75.185776, 33.3122328, 0.0 ], [ 75.1857974, 33.312394599999983, 0.0 ], [ 75.185806, 33.312582399999989, 0.0 ], [ 75.185861300000013, 33.3126779, 0.0 ], [ 75.1859793, 33.3127934, 0.0 ], [ 75.1860407, 33.3129368, 0.0 ], [ 75.1861284, 33.3130662, 0.0 ], [ 75.1862561, 33.3131567, 0.0 ], [ 75.186444400000013, 33.3132664, 0.0 ], [ 75.186465576141188, 33.313310985309229, 0.0 ] ] } },
{ "type": "Feature", "properties": { "segment_id": "NH44_SEG_112", "sequence_number": 112, "start_chainage_m": 55500.0, "end_chainage_m": 56000.0, "nominal_length_m": 500.0, "actual_geometry_length_m": 500.0, "start_longitude": 75.186466, "start_latitude": 33.313311, "end_longitude": 75.190878, "end_latitude": 33.312438, "midpoint_longitude": 75.188585, "midpoint_latitude": 33.312718, "vertex_count": 22, "source_route_sha256": "7141c209c578f8e8f19bc13b85409eeb220b709703c62691fac732594b2e3564", "terminal_segment": false }, "geometry": { "type": "LineString", "coordinates": [ [ 75.186465576141188, 33.313310985309229, 0.0 ], [ 75.1865013, 33.3133862, 0.0 ], [ 75.1865351, 33.3135115, 0.0 ], [ 75.1866903, 33.3136164, 0.0 ], [ 75.1868955, 33.3136367, 0.0 ], [ 75.1870464, 33.313608799999983, 0.0 ], [ 75.1872717, 33.3135025, 0.0 ], [ 75.1881448, 33.3129274, 0.0 ], [ 75.1883106, 33.3128272, 0.0 ], [ 75.1885236, 33.3127409, 0.0 ], [ 75.1887504, 33.3126574, 0.0 ], [ 75.1891805, 33.3125712, 0.0 ], [ 75.1895506, 33.3124385, 0.0 ], [ 75.1897823, 33.3123128, 0.0 ], [ 75.1899573, 33.3122355, 0.0 ], [ 75.1901371, 33.3122268, 0.0 ], [ 75.1904506, 33.3121973, 0.0 ], [ 75.1906242, 33.3121452, 0.0 ], [ 75.1907592, 33.3121633, 0.0 ], [ 75.1908402, 33.312222, 0.0 ], [ 75.190878, 33.3123145, 0.0 ], [ 75.190878, 33.312437666460582, 0.0 ] ] } },
{ "type": "Feature", "properties": { "segment_id": "NH44_SEG_113", "sequence_number": 113, "start_chainage_m": 56000.0, "end_chainage_m": 56500.0, "nominal_length_m": 500.0, "actual_geometry_length_m": 500.0, "start_longitude": 75.190878, "start_latitude": 33.312438, "end_longitude": 75.193498, "end_latitude": 33.316194, "midpoint_longitude": 75.192016, "midpoint_latitude": 33.314337, "vertex_count": 19, "source_route_sha256": "7141c209c578f8e8f19bc13b85409eeb220b709703c62691fac732594b2e3564", "terminal_segment": false }, "geometry": { "type": "LineString", "coordinates": [ [ 75.190878, 33.312437666460582, 0.0 ], [ 75.190878, 33.3124408, 0.0 ], [ 75.1908564, 33.3126552, 0.0 ], [ 75.1908915, 33.3127838, 0.0 ], [ 75.1910062, 33.3130112, 0.0 ], [ 75.191121, 33.3132418, 0.0 ], [ 75.1912847, 33.3134859, 0.0 ], [ 75.1915503, 33.3136841, 0.0 ], [ 75.1916983, 33.3138023, 0.0 ], [ 75.1917286, 33.3139914, 0.0 ], [ 75.1917651, 33.314189, 0.0 ], [ 75.1918564, 33.3142855, 0.0 ], [ 75.1920822, 33.3143587, 0.0 ], [ 75.1922253, 33.3145234, 0.0 ], [ 75.192346, 33.3147506, 0.0 ], [ 75.1925475, 33.31507950000001, 0.0 ], [ 75.1932232, 33.31581, 0.0 ], [ 75.193391700000021, 33.31603710000001, 0.0 ], [ 75.193497880067412, 33.316194196866967, 0.0 ] ] } },
{ "type": "Feature", "properties": { "segment_id": "NH44_SEG_114", "sequence_number": 114, "start_chainage_m": 56500.0, "end_chainage_m": 57000.0, "nominal_length_m": 500.0, "actual_geometry_length_m": 500.0, "start_longitude": 75.193498, "start_latitude": 33.316194, "end_longitude": 75.196567, "end_latitude": 33.319893, "midpoint_longitude": 75.195018, "midpoint_latitude": 33.318051, "vertex_count": 5, "source_route_sha256": "7141c209c578f8e8f19bc13b85409eeb220b709703c62691fac732594b2e3564", "terminal_segment": false }, "geometry": { "type": "LineString", "coordinates": [ [ 75.193497880067412, 33.316194196866967, 0.0 ], [ 75.1935114, 33.3162142, 0.0 ], [ 75.1935448, 33.3162754, 0.0 ], [ 75.1936064, 33.316372, 0.0 ], [ 75.196567044214873, 33.31989308365528, 0.0 ] ] } },
{ "type": "Feature", "properties": { "segment_id": "NH44_SEG_115", "sequence_number": 115, "start_chainage_m": 57000.0, "end_chainage_m": 57500.0, "nominal_length_m": 500.0, "actual_geometry_length_m": 500.0, "start_longitude": 75.196567, "start_latitude": 33.319893, "end_longitude": 75.199032, "end_latitude": 33.323756, "midpoint_longitude": 75.198164, "midpoint_latitude": 33.321701, "vertex_count": 25, "source_route_sha256": "7141c209c578f8e8f19bc13b85409eeb220b709703c62691fac732594b2e3564", "terminal_segment": false }, "geometry": { "type": "LineString", "coordinates": [ [ 75.196567044214873, 33.31989308365528, 0.0 ], [ 75.1972713, 33.3207306, 0.0 ], [ 75.197342, 33.3207971, 0.0 ], [ 75.1975023, 33.320955499999982, 0.0 ], [ 75.1979842, 33.3215313, 0.0 ], [ 75.1980588, 33.3216249, 0.0 ], [ 75.1981273, 33.3216779, 0.0 ], [ 75.1981938, 33.3217198, 0.0 ], [ 75.1982471, 33.3217559, 0.0 ], [ 75.1982803, 33.321794, 0.0 ], [ 75.1983063, 33.321838099999987, 0.0 ], [ 75.19831640000001, 33.3219056, 0.0 ], [ 75.1983224, 33.3222186, 0.0 ], [ 75.1983299, 33.322395599999986, 0.0 ], [ 75.1983688, 33.322683, 0.0 ], [ 75.1983868, 33.3227549, 0.0 ], [ 75.1984093, 33.322811, 0.0 ], [ 75.1984624, 33.322878599999989, 0.0 ], [ 75.198657600000018, 33.3231057, 0.0 ], [ 75.1987116, 33.3231878, 0.0 ], [ 75.1987639, 33.3233251, 0.0 ], [ 75.1988168, 33.3234107, 0.0 ], [ 75.1989782, 33.3236141, 0.0 ], [ 75.1990136, 33.3236844, 0.0 ], [ 75.199031618857219, 33.323756105816322, 0.0 ] ] } },
{ "type": "Feature", "properties": { "segment_id": "NH44_SEG_116", "sequence_number": 116, "start_chainage_m": 57500.0, "end_chainage_m": 58000.0, "nominal_length_m": 500.0, "actual_geometry_length_m": 500.0, "start_longitude": 75.199032, "start_latitude": 33.323756, "end_longitude": 75.199662, "end_latitude": 33.328146, "midpoint_longitude": 75.199074, "midpoint_latitude": 33.32597, "vertex_count": 22, "source_route_sha256": "7141c209c578f8e8f19bc13b85409eeb220b709703c62691fac732594b2e3564", "terminal_segment": false }, "geometry": { "type": "LineString", "coordinates": [ [ 75.199031618857219, 33.323756105816322, 0.0 ], [ 75.1990331, 33.323762, 0.0 ], [ 75.1990482, 33.3239028, 0.0 ], [ 75.1990693, 33.3240205, 0.0 ], [ 75.1991607, 33.3243642, 0.0 ], [ 75.1991695, 33.3244263, 0.0 ], [ 75.1991668, 33.3244832, 0.0 ], [ 75.1991492, 33.3245491, 0.0 ], [ 75.1990811, 33.3246958, 0.0 ], [ 75.1990432, 33.324808299999987, 0.0 ], [ 75.1990376, 33.3249247, 0.0 ], [ 75.1990602, 33.325124, 0.0 ], [ 75.1990607, 33.3252278, 0.0 ], [ 75.1989942, 33.32562870000001, 0.0 ], [ 75.1989991, 33.3257261, 0.0 ], [ 75.1990342, 33.3258558, 0.0 ], [ 75.1990952, 33.3260293, 0.0 ], [ 75.199285, 33.326636599999986, 0.0 ], [ 75.1995233, 33.3271931, 0.0 ], [ 75.1996352, 33.3274071, 0.0 ], [ 75.1996572, 33.3275793, 0.0 ], [ 75.199661860012213, 33.328146490310331, 0.0 ] ] } },
{ "type": "Feature", "properties": { "segment_id": "NH44_SEG_117", "sequence_number": 117, "start_chainage_m": 58000.0, "end_chainage_m": 58500.0, "nominal_length_m": 500.0, "actual_geometry_length_m": 500.0, "start_longitude": 75.199662, "start_latitude": 33.328146, "end_longitude": 75.199946, "end_latitude": 33.332307, "midpoint_longitude": 75.200053, "midpoint_latitude": 33.330305, "vertex_count": 14, "source_route_sha256": "7141c209c578f8e8f19bc13b85409eeb220b709703c62691fac732594b2e3564", "terminal_segment": false }, "geometry": { "type": "LineString", "coordinates": [ [ 75.199661860012213, 33.328146490310331, 0.0 ], [ 75.1996621, 33.3281757, 0.0 ], [ 75.1996688, 33.3282812, 0.0 ], [ 75.1996878, 33.3297494, 0.0 ], [ 75.1997099, 33.3298673, 0.0 ], [ 75.1997716, 33.3300251, 0.0 ], [ 75.2001758, 33.3304275, 0.0 ], [ 75.2003623, 33.3307305, 0.0 ], [ 75.2004452, 33.3310059, 0.0 ], [ 75.2005303, 33.3312697, 0.0 ], [ 75.200523800000013, 33.331543, 0.0 ], [ 75.200456700000018, 33.331748, 0.0 ], [ 75.200333300000011, 33.3319525, 0.0 ], [ 75.199945543037629, 33.332307165020993, 0.0 ] ] } },
{ "type": "Feature", "properties": { "segment_id": "NH44_SEG_118", "sequence_number": 118, "start_chainage_m": 58500.0, "end_chainage_m": 59000.0, "nominal_length_m": 500.0, "actual_geometry_length_m": 500.0, "start_longitude": 75.199946, "start_latitude": 33.332307, "end_longitude": 75.195987, "end_latitude": 33.335129, "midpoint_longitude": 75.197965, "midpoint_latitude": 33.333695, "vertex_count": 17, "source_route_sha256": "7141c209c578f8e8f19bc13b85409eeb220b709703c62691fac732594b2e3564", "terminal_segment": false }, "geometry": { "type": "LineString", "coordinates": [ [ 75.199945543037629, 33.332307165020993, 0.0 ], [ 75.1999185, 33.3323319, 0.0 ], [ 75.1995281, 33.3327537, 0.0 ], [ 75.1993717, 33.3329174, 0.0 ], [ 75.1992334, 33.3331185, 0.0 ], [ 75.1990872, 33.333297, 0.0 ], [ 75.1988963, 33.3334077, 0.0 ], [ 75.1986951, 33.3334727, 0.0 ], [ 75.1985029, 33.3335186, 0.0 ], [ 75.1982873, 33.3335824, 0.0 ], [ 75.1974362, 33.3338804, 0.0 ], [ 75.1971543, 33.3339943, 0.0 ], [ 75.1968065, 33.3342151, 0.0 ], [ 75.196703, 33.3342976, 0.0 ], [ 75.1966042, 33.334408, 0.0 ], [ 75.1961028, 33.3349999, 0.0 ], [ 75.195987474430339, 33.335128887003336, 0.0 ] ] } },
{ "type": "Feature", "properties": { "segment_id": "NH44_SEG_119", "sequence_number": 119, "start_chainage_m": 59000.0, "end_chainage_m": 59500.0, "nominal_length_m": 500.0, "actual_geometry_length_m": 500.0, "start_longitude": 75.195987, "start_latitude": 33.335129, "end_longitude": 75.191453, "end_latitude": 33.33649, "midpoint_longitude": 75.193649, "midpoint_latitude": 33.335971, "vertex_count": 18, "source_route_sha256": "7141c209c578f8e8f19bc13b85409eeb220b709703c62691fac732594b2e3564", "terminal_segment": false }, "geometry": { "type": "LineString", "coordinates": [ [ 75.195987474430339, 33.335128887003336, 0.0 ], [ 75.1959652, 33.3351538, 0.0 ], [ 75.1957318, 33.3353684, 0.0 ], [ 75.1953999, 33.3356501, 0.0 ], [ 75.1952898, 33.3357138, 0.0 ], [ 75.1950592, 33.3358169, 0.0 ], [ 75.1946515, 33.3359245, 0.0 ], [ 75.1944101, 33.3359648, 0.0 ], [ 75.1941365, 33.3359783, 0.0 ], [ 75.1937342, 33.3359648, 0.0 ], [ 75.1936001, 33.3359738, 0.0 ], [ 75.1929027, 33.3360724, 0.0 ], [ 75.1926988, 33.3360724, 0.0 ], [ 75.1920497, 33.335929, 0.0 ], [ 75.191862, 33.3359021, 0.0 ], [ 75.1917279, 33.3359424, 0.0 ], [ 75.1916152, 33.336036500000013, 0.0 ], [ 75.19145320187846, 33.336489702546352, 0.0 ] ] } },
{ "type": "Feature", "properties": { "segment_id": "NH44_SEG_120", "sequence_number": 120, "start_chainage_m": 59500.0, "end_chainage_m": 60000.0, "nominal_length_m": 500.0, "actual_geometry_length_m": 500.0, "start_longitude": 75.191453, "start_latitude": 33.33649, "end_longitude": 75.190213, "end_latitude": 33.33985, "midpoint_longitude": 75.192114, "midpoint_latitude": 33.338493, "vertex_count": 17, "source_route_sha256": "7141c209c578f8e8f19bc13b85409eeb220b709703c62691fac732594b2e3564", "terminal_segment": false }, "geometry": { "type": "LineString", "coordinates": [ [ 75.19145320187846, 33.336489702546352, 0.0 ], [ 75.1913845, 33.3366819, 0.0 ], [ 75.1913899, 33.3368074, 0.0 ], [ 75.1914275, 33.3369105, 0.0 ], [ 75.1914811, 33.33698660000001, 0.0 ], [ 75.1917332, 33.3371077, 0.0 ], [ 75.1919103, 33.3372287, 0.0 ], [ 75.1920122, 33.337372099999989, 0.0 ], [ 75.1920965, 33.3377309, 0.0 ], [ 75.1921341, 33.338371899999984, 0.0 ], [ 75.1920811, 33.3386883, 0.0 ], [ 75.1919597, 33.338935, 0.0 ], [ 75.1918069, 33.339141299999987, 0.0 ], [ 75.1916081, 33.339323, 0.0 ], [ 75.1907837, 33.3397355, 0.0 ], [ 75.1904756, 33.3398283, 0.0 ], [ 75.190213379888263, 33.339849646859491, 0.0 ] ] } },
{ "type": "Feature", "properties": { "segment_id": "NH44_SEG_121", "sequence_number": 121, "start_chainage_m": 60000.0, "end_chainage_m": 60500.0, "nominal_length_m": 500.0, "actual_geometry_length_m": 500.0, "start_longitude": 75.190213, "start_latitude": 33.33985, "end_longitude": 75.186439, "end_latitude": 33.342869, "midpoint_longitude": 75.188125, "midpoint_latitude": 33.341146, "vertex_count": 13, "source_route_sha256": "7141c209c578f8e8f19bc13b85409eeb220b709703c62691fac732594b2e3564", "terminal_segment": false }, "geometry": { "type": "LineString", "coordinates": [ [ 75.190213379888263, 33.339849646859491, 0.0 ], [ 75.1899867, 33.3398681, 0.0 ], [ 75.1896261, 33.3399438, 0.0 ], [ 75.1893674, 33.3400966, 0.0 ], [ 75.1889859, 33.3404472, 0.0 ], [ 75.1885462, 33.3407677, 0.0 ], [ 75.1882071, 33.3410267, 0.0 ], [ 75.1876588, 33.3418296, 0.0 ], [ 75.1873808, 33.34205140000001, 0.0 ], [ 75.1871265, 33.342205299999989, 0.0 ], [ 75.1869456, 33.3424226, 0.0 ], [ 75.1866512, 33.3426652, 0.0 ], [ 75.186438590863759, 33.342869049014986, 0.0 ] ] } },
{ "type": "Feature", "properties": { "segment_id": "NH44_SEG_122", "sequence_number": 122, "start_chainage_m": 60500.0, "end_chainage_m": 61000.0, "nominal_length_m": 500.0, "actual_geometry_length_m": 500.0, "start_longitude": 75.186439, "start_latitude": 33.342869, "end_longitude": 75.182658, "end_latitude": 33.345767, "midpoint_longitude": 75.184712, "midpoint_latitude": 33.344575, "vertex_count": 20, "source_route_sha256": "7141c209c578f8e8f19bc13b85409eeb220b709703c62691fac732594b2e3564", "terminal_segment": false }, "geometry": { "type": "LineString", "coordinates": [ [ 75.186438590863759, 33.342869049014986, 0.0 ], [ 75.1863357, 33.3429677, 0.0 ], [ 75.1861735, 33.3431682, 0.0 ], [ 75.186076700000015, 33.3432906, 0.0 ], [ 75.1858935, 33.3434634, 0.0 ], [ 75.1856717, 33.3437346, 0.0 ], [ 75.1855244, 33.3439159, 0.0 ], [ 75.185362200000014, 33.344044899999986, 0.0 ], [ 75.1851216, 33.3441865, 0.0 ], [ 75.1848597, 33.3444035, 0.0 ], [ 75.1846725, 33.3446215, 0.0 ], [ 75.1845168, 33.3448648, 0.0 ], [ 75.1844174, 33.3450178, 0.0 ], [ 75.1843022, 33.3451473, 0.0 ], [ 75.1841033, 33.3452758, 0.0 ], [ 75.1837735, 33.3454704, 0.0 ], [ 75.1831899, 33.3457787, 0.0 ], [ 75.1829617, 33.3458217, 0.0 ], [ 75.1827738, 33.3457765, 0.0 ], [ 75.182657702435179, 33.345767274104993, 0.0 ] ] } },
{ "type": "Feature", "properties": { "segment_id": "NH44_SEG_123", "sequence_number": 123, "start_chainage_m": 61000.0, "end_chainage_m": 61500.0, "nominal_length_m": 500.0, "actual_geometry_length_m": 500.0, "start_longitude": 75.182658, "start_latitude": 33.345767, "end_longitude": 75.178976, "end_latitude": 33.3486, "midpoint_longitude": 75.180627, "midpoint_latitude": 33.347137, "vertex_count": 20, "source_route_sha256": "7141c209c578f8e8f19bc13b85409eeb220b709703c62691fac732594b2e3564", "terminal_segment": false }, "geometry": { "type": "LineString", "coordinates": [ [ 75.182657702435179, 33.345767274104993, 0.0 ], [ 75.1825561, 33.3457592, 0.0 ], [ 75.1822765, 33.3458749, 0.0 ], [ 75.1821062, 33.345989199999984, 0.0 ], [ 75.1818578, 33.3462334, 0.0 ], [ 75.1815202, 33.3465536, 0.0 ], [ 75.1811975, 33.3469, 0.0 ], [ 75.181012, 33.3469966, 0.0 ], [ 75.1808205, 33.3470802, 0.0 ], [ 75.1805936, 33.3471463, 0.0 ], [ 75.1804021, 33.3471734, 0.0 ], [ 75.1801313, 33.3472374, 0.0 ], [ 75.179834700000015, 33.3473944, 0.0 ], [ 75.179508400000017, 33.3476488, 0.0 ], [ 75.1791699, 33.3478928, 0.0 ], [ 75.1790214, 33.348084199999988, 0.0 ], [ 75.1789278, 33.3482842, 0.0 ], [ 75.1788794, 33.3483979, 0.0 ], [ 75.1789239, 33.3485225, 0.0 ], [ 75.178976273106244, 33.348600454739149, 0.0 ] ] } },
{ "type": "Feature", "properties": { "segment_id": "NH44_SEG_124", "sequence_number": 124, "start_chainage_m": 61500.0, "end_chainage_m": 62000.0, "nominal_length_m": 500.0, "actual_geometry_length_m": 500.0, "start_longitude": 75.178976, "start_latitude": 33.3486, "end_longitude": 75.177753, "end_latitude": 33.351454, "midpoint_longitude": 75.179889, "midpoint_latitude": 33.350623, "vertex_count": 21, "source_route_sha256": "7141c209c578f8e8f19bc13b85409eeb220b709703c62691fac732594b2e3564", "terminal_segment": false }, "geometry": { "type": "LineString", "coordinates": [ [ 75.178976273106244, 33.348600454739149, 0.0 ], [ 75.1790797, 33.3487544, 0.0 ], [ 75.1791751, 33.3489182, 0.0 ], [ 75.1793767, 33.3492483, 0.0 ], [ 75.1796335, 33.3495135, 0.0 ], [ 75.179863, 33.3498154, 0.0 ], [ 75.1799349, 33.3500687, 0.0 ], [ 75.1799603, 33.3502561, 0.0 ], [ 75.179962900000021, 33.3504114, 0.0 ], [ 75.1799027, 33.3505898, 0.0 ], [ 75.1797404, 33.3509848, 0.0 ], [ 75.1796384, 33.3511284, 0.0 ], [ 75.1795494, 33.3512377, 0.0 ], [ 75.1794526, 33.3513317, 0.0 ], [ 75.1793254, 33.3513693, 0.0 ], [ 75.1791254, 33.3514257, 0.0 ], [ 75.1787302, 33.3514673, 0.0 ], [ 75.1784685, 33.351493499999989, 0.0 ], [ 75.1781379, 33.3514636, 0.0 ], [ 75.1777985, 33.3514498, 0.0 ], [ 75.177752533553786, 33.351453907270489, 0.0 ] ] } },
{ "type": "Feature", "properties": { "segment_id": "NH44_SEG_125", "sequence_number": 125, "start_chainage_m": 62000.0, "end_chainage_m": 62500.0, "nominal_length_m": 500.0, "actual_geometry_length_m": 500.0, "start_longitude": 75.177753, "start_latitude": 33.351454, "end_longitude": 75.173026, "end_latitude": 33.353083, "midpoint_longitude": 75.175277, "midpoint_latitude": 33.352093, "vertex_count": 20, "source_route_sha256": "7141c209c578f8e8f19bc13b85409eeb220b709703c62691fac732594b2e3564", "terminal_segment": false }, "geometry": { "type": "LineString", "coordinates": [ [ 75.177752533553786, 33.351453907270489, 0.0 ], [ 75.1773956, 33.3514858, 0.0 ], [ 75.1770657, 33.351487, 0.0 ], [ 75.1767778, 33.3514804, 0.0 ], [ 75.1765108, 33.3515075, 0.0 ], [ 75.175876, 33.351709, 0.0 ], [ 75.1757126, 33.351793, 0.0 ], [ 75.1754823, 33.3519942, 0.0 ], [ 75.1753201, 33.3520838, 0.0 ], [ 75.1751394, 33.352123099999986, 0.0 ], [ 75.174837, 33.3521499, 0.0 ], [ 75.1745558, 33.3521537, 0.0 ], [ 75.1743519, 33.3521794, 0.0 ], [ 75.1741554, 33.3522303, 0.0 ], [ 75.1738659, 33.3523353, 0.0 ], [ 75.1737262, 33.3524051, 0.0 ], [ 75.1735456, 33.3525844, 0.0 ], [ 75.1733702, 33.3527615, 0.0 ], [ 75.1731217, 33.3529954, 0.0 ], [ 75.173025619548682, 33.35308287139113, 0.0 ] ] } },
{ "type": "Feature", "properties": { "segment_id": "NH44_SEG_126", "sequence_number": 126, "start_chainage_m": 62500.0, "end_chainage_m": 63000.0, "nominal_length_m": 500.0, "actual_geometry_length_m": 500.0, "start_longitude": 75.173026, "start_latitude": 33.353083, "end_longitude": 75.171409, "end_latitude": 33.356938, "midpoint_longitude": 75.171487, "midpoint_latitude": 33.354821, "vertex_count": 24, "source_route_sha256": "7141c209c578f8e8f19bc13b85409eeb220b709703c62691fac732594b2e3564", "terminal_segment": false }, "geometry": { "type": "LineString", "coordinates": [ [ 75.173025619548682, 33.35308287139113, 0.0 ], [ 75.1729476, 33.3531539, 0.0 ], [ 75.1728232, 33.3532862, 0.0 ], [ 75.1727918, 33.353402, 0.0 ], [ 75.172755, 33.3535711, 0.0 ], [ 75.1726871, 33.3537037, 0.0 ], [ 75.1725903, 33.3538108, 0.0 ], [ 75.1723751, 33.35396690000001, 0.0 ], [ 75.1721114, 33.3540863, 0.0 ], [ 75.1719125, 33.3541781, 0.0 ], [ 75.1718587, 33.3542219, 0.0 ], [ 75.1717877, 33.3543657, 0.0 ], [ 75.1715971, 33.3546757, 0.0 ], [ 75.1714309, 33.3548945, 0.0 ], [ 75.171334, 33.3551043, 0.0 ], [ 75.1713484, 33.355302099999989, 0.0 ], [ 75.171441, 33.355468, 0.0 ], [ 75.1715565, 33.3556347, 0.0 ], [ 75.1716593, 33.3558397, 0.0 ], [ 75.1717072, 33.3559703, 0.0 ], [ 75.1717143, 33.3560872, 0.0 ], [ 75.171694, 33.3562336, 0.0 ], [ 75.1714361, 33.3568369, 0.0 ], [ 75.171408547548012, 33.356938490501207, 0.0 ] ] } },
{ "type": "Feature", "properties": { "segment_id": "NH44_SEG_127", "sequence_number": 127, "start_chainage_m": 63000.0, "end_chainage_m": 63500.0, "nominal_length_m": 500.0, "actual_geometry_length_m": 500.0, "start_longitude": 75.171409, "start_latitude": 33.356938, "end_longitude": 75.173599, "end_latitude": 33.360395, "midpoint_longitude": 75.171727, "midpoint_latitude": 33.359024, "vertex_count": 25, "source_route_sha256": "7141c209c578f8e8f19bc13b85409eeb220b709703c62691fac732594b2e3564", "terminal_segment": false }, "geometry": { "type": "LineString", "coordinates": [ [ 75.171408547548012, 33.356938490501207, 0.0 ], [ 75.1713987, 33.356974799999989, 0.0 ], [ 75.1713914, 33.357175, 0.0 ], [ 75.1714235, 33.3573717, 0.0 ], [ 75.1713914, 33.3576215, 0.0 ], [ 75.1712979, 33.3580749, 0.0 ], [ 75.1713376, 33.358220799999977, 0.0 ], [ 75.1714098, 33.3582929, 0.0 ], [ 75.1715637, 33.3583826, 0.0 ], [ 75.1717452, 33.3585551, 0.0 ], [ 75.1717359, 33.3587033, 0.0 ], [ 75.1716897, 33.3588858, 0.0 ], [ 75.1717359, 33.3590569, 0.0 ], [ 75.1718327, 33.3591857, 0.0 ], [ 75.1720476, 33.359487899999984, 0.0 ], [ 75.1721134, 33.3596558, 0.0 ], [ 75.172152, 33.3597851, 0.0 ], [ 75.1723171, 33.3599109, 0.0 ], [ 75.1724787, 33.3600416, 0.0 ], [ 75.1727584, 33.3600667, 0.0 ], [ 75.1729102, 33.3600923, 0.0 ], [ 75.1731334, 33.360243799999985, 0.0 ], [ 75.1733473, 33.3603452, 0.0 ], [ 75.1734826, 33.3603813, 0.0 ], [ 75.173599378978537, 33.360395056573296, 0.0 ] ] } },
{ "type": "Feature", "properties": { "segment_id": "NH44_SEG_128", "sequence_number": 128, "start_chainage_m": 63500.0, "end_chainage_m": 64000.0, "nominal_length_m": 500.0, "actual_geometry_length_m": 500.0, "start_longitude": 75.173599, "start_latitude": 33.360395, "end_longitude": 75.177797, "end_latitude": 33.362549, "midpoint_longitude": 75.175556, "midpoint_latitude": 33.361802, "vertex_count": 20, "source_route_sha256": "7141c209c578f8e8f19bc13b85409eeb220b709703c62691fac732594b2e3564", "terminal_segment": false }, "geometry": { "type": "LineString", "coordinates": [ [ 75.173599378978537, 33.360395056573296, 0.0 ], [ 75.173987700000012, 33.3604408, 0.0 ], [ 75.1742688, 33.360672, 0.0 ], [ 75.1745524, 33.360924, 0.0 ], [ 75.1747711, 33.3611755, 0.0 ], [ 75.1748636, 33.3613574, 0.0 ], [ 75.1750291, 33.3615085, 0.0 ], [ 75.1752231, 33.3616549, 0.0 ], [ 75.1755269, 33.3617932, 0.0 ], [ 75.1757577, 33.3618617, 0.0 ], [ 75.175981, 33.361828, 0.0 ], [ 75.1762384, 33.3617538, 0.0 ], [ 75.1764714, 33.3617394, 0.0 ], [ 75.1767156, 33.361786699999989, 0.0 ], [ 75.1771764, 33.3619764, 0.0 ], [ 75.1773163, 33.3620404, 0.0 ], [ 75.1774719, 33.3621043, 0.0 ], [ 75.1776411, 33.3622096, 0.0 ], [ 75.1777336, 33.3623954, 0.0 ], [ 75.177797074975885, 33.362548579403544, 0.0 ] ] } },
{ "type": "Feature", "properties": { "segment_id": "NH44_SEG_129", "sequence_number": 129, "start_chainage_m": 64000.0, "end_chainage_m": 64500.0, "nominal_length_m": 500.0, "actual_geometry_length_m": 500.0, "start_longitude": 75.177797, "start_latitude": 33.362549, "end_longitude": 75.181072, "end_latitude": 33.36578, "midpoint_longitude": 75.179159, "midpoint_latitude": 33.364341, "vertex_count": 18, "source_route_sha256": "7141c209c578f8e8f19bc13b85409eeb220b709703c62691fac732594b2e3564", "terminal_segment": false }, "geometry": { "type": "LineString", "coordinates": [ [ 75.177797074975885, 33.362548579403544, 0.0 ], [ 75.1778955, 33.3627861, 0.0 ], [ 75.1779426, 33.3630393, 0.0 ], [ 75.1779411, 33.3632665, 0.0 ], [ 75.1781074, 33.3635661, 0.0 ], [ 75.1783838, 33.3637777, 0.0 ], [ 75.1786028, 33.3638813, 0.0 ], [ 75.1788845, 33.3640369, 0.0 ], [ 75.1790902, 33.3642523, 0.0 ], [ 75.1792791, 33.364495, 0.0 ], [ 75.1794459, 33.364747199999989, 0.0 ], [ 75.1795371, 33.364938, 0.0 ], [ 75.1796109, 33.3650948, 0.0 ], [ 75.1796947, 33.3651491, 0.0 ], [ 75.1799984, 33.3653136, 0.0 ], [ 75.1804181, 33.3655203, 0.0 ], [ 75.1808819, 33.3657139, 0.0 ], [ 75.181072074562479, 33.365780386652439, 0.0 ] ] } },
{ "type": "Feature", "properties": { "segment_id": "NH44_SEG_130", "sequence_number": 130, "start_chainage_m": 64500.0, "end_chainage_m": 65000.0, "nominal_length_m": 500.0, "actual_geometry_length_m": 500.0, "start_longitude": 75.181072, "start_latitude": 33.36578, "end_longitude": 75.185863, "end_latitude": 33.3658, "midpoint_longitude": 75.183427, "midpoint_latitude": 33.365573, "vertex_count": 18, "source_route_sha256": "7141c209c578f8e8f19bc13b85409eeb220b709703c62691fac732594b2e3564", "terminal_segment": false }, "geometry": { "type": "LineString", "coordinates": [ [ 75.181072074562479, 33.365780386652439, 0.0 ], [ 75.1813653, 33.3658829, 0.0 ], [ 75.1815765, 33.3659486, 0.0 ], [ 75.1820385, 33.3660816, 0.0 ], [ 75.182316, 33.3661346, 0.0 ], [ 75.1825079, 33.3661589, 0.0 ], [ 75.1826214, 33.3661336, 0.0 ], [ 75.1828111, 33.3659458, 0.0 ], [ 75.1830228, 33.365772, 0.0 ], [ 75.1832237, 33.3656522, 0.0 ], [ 75.1836577, 33.3654836, 0.0 ], [ 75.1839849, 33.3653081, 0.0 ], [ 75.1841529, 33.3652387, 0.0 ], [ 75.1843463, 33.365239, 0.0 ], [ 75.1846086, 33.365292599999989, 0.0 ], [ 75.184967200000017, 33.365451, 0.0 ], [ 75.1854983, 33.3656402, 0.0 ], [ 75.185863224732572, 33.365800234472168, 0.0 ] ] } },
{ "type": "Feature", "properties": { "segment_id": "NH44_SEG_131", "sequence_number": 131, "start_chainage_m": 65000.0, "end_chainage_m": 65500.0, "nominal_length_m": 500.0, "actual_geometry_length_m": 500.0, "start_longitude": 75.185863, "start_latitude": 33.3658, "end_longitude": 75.189521, "end_latitude": 33.368918, "midpoint_longitude": 75.187907, "midpoint_latitude": 33.367217, "vertex_count": 20, "source_route_sha256": "7141c209c578f8e8f19bc13b85409eeb220b709703c62691fac732594b2e3564", "terminal_segment": false }, "geometry": { "type": "LineString", "coordinates": [ [ 75.185863224732572, 33.365800234472168, 0.0 ], [ 75.185997, 33.365858900000013, 0.0 ], [ 75.1865187, 33.3661244, 0.0 ], [ 75.1870782, 33.3665027, 0.0 ], [ 75.1871433, 33.366631699999985, 0.0 ], [ 75.1875, 33.3669685, 0.0 ], [ 75.1876522, 33.3670705, 0.0 ], [ 75.1881005, 33.3673282, 0.0 ], [ 75.1882658, 33.3674417, 0.0 ], [ 75.188370100000014, 33.367546799999985, 0.0 ], [ 75.1885619, 33.3678505, 0.0 ], [ 75.1886737, 33.3680021, 0.0 ], [ 75.1888002, 33.368093, 0.0 ], [ 75.1889875, 33.3681692, 0.0 ], [ 75.1891604, 33.3682621, 0.0 ], [ 75.1892762, 33.3683761, 0.0 ], [ 75.1893506, 33.3685141, 0.0 ], [ 75.189388, 33.3686302, 0.0 ], [ 75.1894572, 33.3688409, 0.0 ], [ 75.189521096745935, 33.368917556616644, 0.0 ] ] } },
{ "type": "Feature", "properties": { "segment_id": "NH44_SEG_132", "sequence_number": 132, "start_chainage_m": 65500.0, "end_chainage_m": 66000.0, "nominal_length_m": 500.0, "actual_geometry_length_m": 500.0, "start_longitude": 75.189521, "start_latitude": 33.368918, "end_longitude": 75.193794, "end_latitude": 33.37079, "midpoint_longitude": 75.192128, "midpoint_latitude": 33.369403, "vertex_count": 16, "source_route_sha256": "7141c209c578f8e8f19bc13b85409eeb220b709703c62691fac732594b2e3564", "terminal_segment": false }, "geometry": { "type": "LineString", "coordinates": [ [ 75.189521096745935, 33.368917556616644, 0.0 ], [ 75.1895228, 33.3689196, 0.0 ], [ 75.1896425, 33.3689961, 0.0 ], [ 75.1898188, 33.3690456, 0.0 ], [ 75.1919398, 33.3693737, 0.0 ], [ 75.1923772, 33.3694413, 0.0 ], [ 75.1928637, 33.3695166, 0.0 ], [ 75.193054, 33.369553, 0.0 ], [ 75.1932187, 33.369606399999988, 0.0 ], [ 75.1933485, 33.369697, 0.0 ], [ 75.1934701, 33.3698242, 0.0 ], [ 75.1935489, 33.3699425, 0.0 ], [ 75.1936157, 33.3701454, 0.0 ], [ 75.1936668, 33.3704444, 0.0 ], [ 75.1937307, 33.3706535, 0.0 ], [ 75.193793940017926, 33.370790195703087, 0.0 ] ] } },
{ "type": "Feature", "properties": { "segment_id": "NH44_SEG_133", "sequence_number": 133, "start_chainage_m": 66000.0, "end_chainage_m": 66500.0, "nominal_length_m": 500.0, "actual_geometry_length_m": 500.0, "start_longitude": 75.193794, "start_latitude": 33.37079, "end_longitude": 75.19669, "end_latitude": 33.374578, "midpoint_longitude": 75.195227, "midpoint_latitude": 33.37269, "vertex_count": 9, "source_route_sha256": "7141c209c578f8e8f19bc13b85409eeb220b709703c62691fac732594b2e3564", "terminal_segment": false }, "geometry": { "type": "LineString", "coordinates": [ [ 75.193793940017926, 33.370790195703087, 0.0 ], [ 75.1938768, 33.3709693, 0.0 ], [ 75.194039, 33.3712314, 0.0 ], [ 75.1942086, 33.3714776, 0.0 ], [ 75.1954636, 33.3729706, 0.0 ], [ 75.1959155, 33.3736353, 0.0 ], [ 75.1960583, 33.3738453, 0.0 ], [ 75.1962062, 33.3740184, 0.0 ], [ 75.196690033423621, 33.374577720498635, 0.0 ] ] } },
{ "type": "Feature", "properties": { "segment_id": "NH44_SEG_134", "sequence_number": 134, "start_chainage_m": 66500.0, "end_chainage_m": 67000.0, "nominal_length_m": 500.0, "actual_geometry_length_m": 500.0, "start_longitude": 75.19669, "start_latitude": 33.374578, "end_longitude": 75.200371, "end_latitude": 33.37752, "midpoint_longitude": 75.198306, "midpoint_latitude": 33.376336, "vertex_count": 26, "source_route_sha256": "7141c209c578f8e8f19bc13b85409eeb220b709703c62691fac732594b2e3564", "terminal_segment": false }, "geometry": { "type": "LineString", "coordinates": [ [ 75.196690033423621, 33.374577720498635, 0.0 ], [ 75.1967055, 33.3745956, 0.0 ], [ 75.1968701, 33.3747672, 0.0 ], [ 75.1970992, 33.3749726, 0.0 ], [ 75.1975824, 33.3753538, 0.0 ], [ 75.1977323, 33.3754721, 0.0 ], [ 75.1978813, 33.3756261, 0.0 ], [ 75.1979624, 33.375759599999988, 0.0 ], [ 75.1980873, 33.3760536, 0.0 ], [ 75.1981421, 33.3761737, 0.0 ], [ 75.1982262, 33.3762719, 0.0 ], [ 75.1983261, 33.3763522, 0.0 ], [ 75.1984379, 33.3764224, 0.0 ], [ 75.1985749, 33.3764742, 0.0 ], [ 75.1987009, 33.3764979, 0.0 ], [ 75.1992276, 33.376572, 0.0 ], [ 75.1994052, 33.3766129, 0.0 ], [ 75.1996014, 33.376682, 0.0 ], [ 75.199789, 33.3767767, 0.0 ], [ 75.1999284, 33.3768649, 0.0 ], [ 75.2000558, 33.376969800000012, 0.0 ], [ 75.200164, 33.3770885, 0.0 ], [ 75.2002524, 33.3772113, 0.0 ], [ 75.2003168, 33.3773387, 0.0 ], [ 75.2003608, 33.3774718, 0.0 ], [ 75.200370624216433, 33.377520250542283, 0.0 ] ] } },
{ "type": "Feature", "properties": { "segment_id": "NH44_SEG_135", "sequence_number": 135, "start_chainage_m": 67000.0, "end_chainage_m": 67500.0, "nominal_length_m": 500.0, "actual_geometry_length_m": 500.0, "start_longitude": 75.200371, "start_latitude": 33.37752, "end_longitude": 75.201047, "end_latitude": 33.381591, "midpoint_longitude": 75.20116, "midpoint_latitude": 33.379435, "vertex_count": 25, "source_route_sha256": "7141c209c578f8e8f19bc13b85409eeb220b709703c62691fac732594b2e3564", "terminal_segment": false }, "geometry": { "type": "LineString", "coordinates": [ [ 75.200370624216433, 33.377520250542283, 0.0 ], [ 75.2003901, 33.3776163, 0.0 ], [ 75.2003999, 33.3777579, 0.0 ], [ 75.2004425, 33.3783916, 0.0 ], [ 75.2004654, 33.3785283, 0.0 ], [ 75.2005972, 33.3784503, 0.0 ], [ 75.2006168, 33.3785449, 0.0 ], [ 75.2006476, 33.3786333, 0.0 ], [ 75.20071350000002, 33.3787474, 0.0 ], [ 75.2009927, 33.3790807, 0.0 ], [ 75.201075, 33.3791991, 0.0 ], [ 75.201132, 33.379313, 0.0 ], [ 75.2011593, 33.3794159, 0.0 ], [ 75.2011651, 33.3795244, 0.0 ], [ 75.2011505, 33.3796355, 0.0 ], [ 75.2007871, 33.3805013, 0.0 ], [ 75.2007594, 33.3805962, 0.0 ], [ 75.20074240000001, 33.3806782, 0.0 ], [ 75.2007393, 33.3807539, 0.0 ], [ 75.2007557, 33.3808536, 0.0 ], [ 75.2007981, 33.380965, 0.0 ], [ 75.2009676, 33.381321, 0.0 ], [ 75.2010117, 33.3814332, 0.0 ], [ 75.2010399, 33.3815423, 0.0 ], [ 75.201046807167756, 33.381590521505949, 0.0 ] ] } },
{ "type": "Feature", "properties": { "segment_id": "NH44_SEG_136", "sequence_number": 136, "start_chainage_m": 67500.0, "end_chainage_m": 68000.0, "nominal_length_m": 500.0, "actual_geometry_length_m": 500.0, "start_longitude": 75.201047, "start_latitude": 33.381591, "end_longitude": 75.201632, "end_latitude": 33.385958, "midpoint_longitude": 75.201282, "midpoint_latitude": 33.383753, "vertex_count": 25, "source_route_sha256": "7141c209c578f8e8f19bc13b85409eeb220b709703c62691fac732594b2e3564", "terminal_segment": false }, "geometry": { "type": "LineString", "coordinates": [ [ 75.201046807167756, 33.381590521505949, 0.0 ], [ 75.201056, 33.3816547, 0.0 ], [ 75.2010575, 33.3817342, 0.0 ], [ 75.2010426, 33.3818217, 0.0 ], [ 75.2009954, 33.3820025, 0.0 ], [ 75.20096, 33.3821775, 0.0 ], [ 75.2008804, 33.3826829, 0.0 ], [ 75.2008717, 33.38279940000001, 0.0 ], [ 75.200876, 33.382916, 0.0 ], [ 75.2008811, 33.3830088, 0.0 ], [ 75.2009086, 33.383121799999984, 0.0 ], [ 75.2009514, 33.3832431, 0.0 ], [ 75.2010047, 33.3833629, 0.0 ], [ 75.2013213, 33.3838074, 0.0 ], [ 75.2013757, 33.3839101, 0.0 ], [ 75.2014142, 33.3840111, 0.0 ], [ 75.2014321, 33.3841166, 0.0 ], [ 75.2014838, 33.3847865, 0.0 ], [ 75.2014726, 33.3849855, 0.0 ], [ 75.2014436, 33.3852645, 0.0 ], [ 75.2014601, 33.3854377, 0.0 ], [ 75.2014868, 33.385597, 0.0 ], [ 75.2015383, 33.38574220000001, 0.0 ], [ 75.2016145, 33.3859196, 0.0 ], [ 75.201632165098346, 33.385957751158145, 0.0 ] ] } },
{ "type": "Feature", "properties": { "segment_id": "NH44_SEG_137", "sequence_number": 137, "start_chainage_m": 68000.0, "end_chainage_m": 68500.0, "nominal_length_m": 500.0, "actual_geometry_length_m": 500.0, "start_longitude": 75.201632, "start_latitude": 33.385958, "end_longitude": 75.201182, "end_latitude": 33.389714, "midpoint_longitude": 75.202601, "midpoint_latitude": 33.388061, "vertex_count": 14, "source_route_sha256": "7141c209c578f8e8f19bc13b85409eeb220b709703c62691fac732594b2e3564", "terminal_segment": false }, "geometry": { "type": "LineString", "coordinates": [ [ 75.201632165098346, 33.385957751158145, 0.0 ], [ 75.2025911, 33.3880287, 0.0 ], [ 75.2026523, 33.388220299999986, 0.0 ], [ 75.2026683, 33.3884056, 0.0 ], [ 75.2026403, 33.3885804, 0.0 ], [ 75.2025648, 33.3887569, 0.0 ], [ 75.2024704, 33.3888983, 0.0 ], [ 75.2023591, 33.3890211, 0.0 ], [ 75.2022699, 33.3890981, 0.0 ], [ 75.201496300000017, 33.389616299999986, 0.0 ], [ 75.2014007, 33.3896693, 0.0 ], [ 75.2013145, 33.3896955, 0.0 ], [ 75.2012332, 33.3897104, 0.0 ], [ 75.201181911942186, 33.389713583413233, 0.0 ] ] } },
{ "type": "Feature", "properties": { "segment_id": "NH44_SEG_138", "sequence_number": 138, "start_chainage_m": 68500.0, "end_chainage_m": 69000.0, "nominal_length_m": 500.0, "actual_geometry_length_m": 500.0, "start_longitude": 75.201182, "start_latitude": 33.389714, "end_longitude": 75.198718, "end_latitude": 33.392466, "midpoint_longitude": 75.19927, "midpoint_latitude": 33.390336, "vertex_count": 28, "source_route_sha256": "7141c209c578f8e8f19bc13b85409eeb220b709703c62691fac732594b2e3564", "terminal_segment": false }, "geometry": { "type": "LineString", "coordinates": [ [ 75.201181911942186, 33.389713583413233, 0.0 ], [ 75.2011027, 33.3897185, 0.0 ], [ 75.2009663, 33.3897125, 0.0 ], [ 75.2008174, 33.389694, 0.0 ], [ 75.2005723, 33.3896132, 0.0 ], [ 75.2004009, 33.3895478, 0.0 ], [ 75.2002444, 33.3895268, 0.0 ], [ 75.20007, 33.3895215, 0.0 ], [ 75.1997318, 33.3895174, 0.0 ], [ 75.1996092, 33.3895413, 0.0 ], [ 75.1995116, 33.3895729, 0.0 ], [ 75.1994275, 33.3896377, 0.0 ], [ 75.1993917, 33.3897028, 0.0 ], [ 75.1993592, 33.389797, 0.0 ], [ 75.1993369, 33.3900937, 0.0 ], [ 75.199304, 33.3902526, 0.0 ], [ 75.1992088, 33.39048970000001, 0.0 ], [ 75.1991532, 33.3906372, 0.0 ], [ 75.1991425, 33.3907428, 0.0 ], [ 75.1991522, 33.3908565, 0.0 ], [ 75.1992318, 33.3911368, 0.0 ], [ 75.199259, 33.391249, 0.0 ], [ 75.1992588, 33.3913377, 0.0 ], [ 75.1992509, 33.3914258, 0.0 ], [ 75.1992388, 33.3915156, 0.0 ], [ 75.1992134, 33.391598, 0.0 ], [ 75.1991616, 33.391706, 0.0 ], [ 75.198717790143661, 33.392466287962115, 0.0 ] ] } },
{ "type": "Feature", "properties": { "segment_id": "NH44_SEG_139", "sequence_number": 139, "start_chainage_m": 69000.0, "end_chainage_m": 69500.0, "nominal_length_m": 500.0, "actual_geometry_length_m": 500.0, "start_longitude": 75.198718, "start_latitude": 33.392466, "end_longitude": 75.19702, "end_latitude": 33.396651, "midpoint_longitude": 75.197508, "midpoint_latitude": 33.39446, "vertex_count": 16, "source_route_sha256": "7141c209c578f8e8f19bc13b85409eeb220b709703c62691fac732594b2e3564", "terminal_segment": false }, "geometry": { "type": "LineString", "coordinates": [ [ 75.198717790143661, 33.392466287962115, 0.0 ], [ 75.1986238, 33.3926273, 0.0 ], [ 75.1985094, 33.3928015, 0.0 ], [ 75.1983865, 33.3929476, 0.0 ], [ 75.1980445, 33.3933369, 0.0 ], [ 75.1979062, 33.3935266, 0.0 ], [ 75.1978087, 33.3937255, 0.0 ], [ 75.1977184, 33.3939426, 0.0 ], [ 75.1973519, 33.3948445, 0.0 ], [ 75.1973382, 33.3948783, 0.0 ], [ 75.1970214, 33.3958586, 0.0 ], [ 75.1969843, 33.3960384, 0.0 ], [ 75.1969761, 33.3962135, 0.0 ], [ 75.19700880000002, 33.3964534, 0.0 ], [ 75.1970274, 33.3965868, 0.0 ], [ 75.197020009709547, 33.396650753132242, 0.0 ] ] } },
{ "type": "Feature", "properties": { "segment_id": "NH44_SEG_140", "sequence_number": 140, "start_chainage_m": 69500.0, "end_chainage_m": 70000.0, "nominal_length_m": 500.0, "actual_geometry_length_m": 500.0, "start_longitude": 75.19702, "start_latitude": 33.396651, "end_longitude": 75.195118, "end_latitude": 33.40069, "midpoint_longitude": 75.196189, "midpoint_latitude": 33.398762, "vertex_count": 21, "source_route_sha256": "7141c209c578f8e8f19bc13b85409eeb220b709703c62691fac732594b2e3564", "terminal_segment": false }, "geometry": { "type": "LineString", "coordinates": [ [ 75.197020009709547, 33.396650753132242, 0.0 ], [ 75.1970069, 33.3967642, 0.0 ], [ 75.1969285, 33.3969479, 0.0 ], [ 75.196777700000013, 33.3971741, 0.0 ], [ 75.1967202, 33.3972969, 0.0 ], [ 75.1966759, 33.3974761, 0.0 ], [ 75.1966119, 33.3979788, 0.0 ], [ 75.1965432, 33.3981932, 0.0 ], [ 75.1964567, 33.3983846, 0.0 ], [ 75.1959926, 33.3990386, 0.0 ], [ 75.1958859, 33.399141, 0.0 ], [ 75.195735700000014, 33.3992435, 0.0 ], [ 75.1954783, 33.3993941, 0.0 ], [ 75.1953936, 33.3994828, 0.0 ], [ 75.195309, 33.3996029, 0.0 ], [ 75.1952343, 33.3997705, 0.0 ], [ 75.195105, 33.400149, 0.0 ], [ 75.1950811, 33.4002839, 0.0 ], [ 75.1950713, 33.4004209, 0.0 ], [ 75.1950965, 33.400606, 0.0 ], [ 75.195117991696648, 33.400690040421466, 0.0 ] ] } },
{ "type": "Feature", "properties": { "segment_id": "NH44_SEG_141", "sequence_number": 141, "start_chainage_m": 70000.0, "end_chainage_m": 70500.0, "nominal_length_m": 500.0, "actual_geometry_length_m": 500.0, "start_longitude": 75.195118, "start_latitude": 33.40069, "end_longitude": 75.1977, "end_latitude": 33.404427, "midpoint_longitude": 75.196392, "midpoint_latitude": 33.402618, "vertex_count": 17, "source_route_sha256": "7141c209c578f8e8f19bc13b85409eeb220b709703c62691fac732594b2e3564", "terminal_segment": false }, "geometry": { "type": "LineString", "coordinates": [ [ 75.195117991696648, 33.400690040421466, 0.0 ], [ 75.1952047, 33.4010291, 0.0 ], [ 75.1952586, 33.4011987, 0.0 ], [ 75.1953285, 33.4013673, 0.0 ], [ 75.1954285, 33.4015485, 0.0 ], [ 75.1957027, 33.4019652, 0.0 ], [ 75.1958181, 33.4021146, 0.0 ], [ 75.1959526, 33.4022663, 0.0 ], [ 75.1961145, 33.4024215, 0.0 ], [ 75.1963066, 33.402567, 0.0 ], [ 75.1970647, 33.4030168, 0.0 ], [ 75.1972434, 33.4031488, 0.0 ], [ 75.1973818, 33.4033008, 0.0 ], [ 75.1974973, 33.4034682, 0.0 ], [ 75.1975773, 33.4036421, 0.0 ], [ 75.1976295, 33.4038265, 0.0 ], [ 75.197700137584931, 33.404427491999257, 0.0 ] ] } },
{ "type": "Feature", "properties": { "segment_id": "NH44_SEG_142", "sequence_number": 142, "start_chainage_m": 70500.0, "end_chainage_m": 71000.0, "nominal_length_m": 500.0, "actual_geometry_length_m": 500.0, "start_longitude": 75.1977, "start_latitude": 33.404427, "end_longitude": 75.200947, "end_latitude": 33.407597, "midpoint_longitude": 75.198734, "midpoint_latitude": 33.406471, "vertex_count": 21, "source_route_sha256": "7141c209c578f8e8f19bc13b85409eeb220b709703c62691fac732594b2e3564", "terminal_segment": false }, "geometry": { "type": "LineString", "coordinates": [ [ 75.197700137584931, 33.404427491999257, 0.0 ], [ 75.1977285, 33.40466880000001, 0.0 ], [ 75.1977509, 33.404816099999984, 0.0 ], [ 75.19783, 33.404984, 0.0 ], [ 75.1979323, 33.4050967, 0.0 ], [ 75.1981513, 33.4053385, 0.0 ], [ 75.19826620000002, 33.405503099999983, 0.0 ], [ 75.19833370000002, 33.4056435, 0.0 ], [ 75.1985673, 33.4062084, 0.0 ], [ 75.198654, 33.4063671, 0.0 ], [ 75.1989094, 33.406699, 0.0 ], [ 75.1990454, 33.4068544, 0.0 ], [ 75.1991471, 33.4069546, 0.0 ], [ 75.1992385, 33.4070217, 0.0 ], [ 75.1993398, 33.407057499999986, 0.0 ], [ 75.1995739, 33.4071312, 0.0 ], [ 75.1999486, 33.4072627, 0.0 ], [ 75.2004711, 33.4075162, 0.0 ], [ 75.2006611, 33.407559, 0.0 ], [ 75.2008508, 33.4075905, 0.0 ], [ 75.200947304555015, 33.407597021642012, 0.0 ] ] } },
{ "type": "Feature", "properties": { "segment_id": "NH44_SEG_143", "sequence_number": 143, "start_chainage_m": 71000.0, "end_chainage_m": 71500.0, "nominal_length_m": 500.0, "actual_geometry_length_m": 500.0, "start_longitude": 75.200947, "start_latitude": 33.407597, "end_longitude": 75.20389, "end_latitude": 33.41103, "midpoint_longitude": 75.20252, "midpoint_latitude": 33.409138, "vertex_count": 21, "source_route_sha256": "7141c209c578f8e8f19bc13b85409eeb220b709703c62691fac732594b2e3564", "terminal_segment": false }, "geometry": { "type": "LineString", "coordinates": [ [ 75.200947304555015, 33.407597021642012, 0.0 ], [ 75.2012681, 33.4076187, 0.0 ], [ 75.2014901, 33.40766940000001, 0.0 ], [ 75.2016803, 33.407746, 0.0 ], [ 75.201853, 33.4078555, 0.0 ], [ 75.2020023, 33.4079793, 0.0 ], [ 75.2021431, 33.4081454, 0.0 ], [ 75.2022424, 33.4083196, 0.0 ], [ 75.2022987, 33.4084846, 0.0 ], [ 75.2023426, 33.4087778, 0.0 ], [ 75.2023799, 33.408904499999984, 0.0 ], [ 75.2024586, 33.4090645, 0.0 ], [ 75.2026036, 33.40923990000001, 0.0 ], [ 75.2031111, 33.4100644, 0.0 ], [ 75.2031999, 33.4102355, 0.0 ], [ 75.2033164, 33.4105282, 0.0 ], [ 75.2033849, 33.4106375, 0.0 ], [ 75.203458, 33.4107349, 0.0 ], [ 75.203549, 33.4108249, 0.0 ], [ 75.2036581, 33.4108928, 0.0 ], [ 75.203889511019796, 33.411030161889151, 0.0 ] ] } },
{ "type": "Feature", "properties": { "segment_id": "NH44_SEG_144", "sequence_number": 144, "start_chainage_m": 71500.0, "end_chainage_m": 72000.0, "nominal_length_m": 500.0, "actual_geometry_length_m": 500.0, "start_longitude": 75.20389, "start_latitude": 33.41103, "end_longitude": 75.204812, "end_latitude": 33.415036, "midpoint_longitude": 75.2047, "midpoint_latitude": 33.413041, "vertex_count": 29, "source_route_sha256": "7141c209c578f8e8f19bc13b85409eeb220b709703c62691fac732594b2e3564", "terminal_segment": false }, "geometry": { "type": "LineString", "coordinates": [ [ 75.203889511019796, 33.411030161889151, 0.0 ], [ 75.2040321, 33.4111148, 0.0 ], [ 75.2041705, 33.4112276, 0.0 ], [ 75.2042592, 33.411338800000017, 0.0 ], [ 75.2042957, 33.411439799999989, 0.0 ], [ 75.2043034, 33.4115572, 0.0 ], [ 75.204291200000014, 33.4116635, 0.0 ], [ 75.2042733, 33.4117894, 0.0 ], [ 75.2042867, 33.4119399, 0.0 ], [ 75.2043438, 33.4120901, 0.0 ], [ 75.2044342, 33.4122221, 0.0 ], [ 75.2046336, 33.4124421, 0.0 ], [ 75.2046968, 33.4125424, 0.0 ], [ 75.2047336, 33.4126566, 0.0 ], [ 75.2047416, 33.4127651, 0.0 ], [ 75.2046995, 33.4130449, 0.0 ], [ 75.2046962, 33.4132058, 0.0 ], [ 75.204765800000018, 33.4136473, 0.0 ], [ 75.2047823, 33.4138216, 0.0 ], [ 75.2047724, 33.4139855, 0.0 ], [ 75.2047614, 33.414235, 0.0 ], [ 75.2048001, 33.414401, 0.0 ], [ 75.2048468, 33.4145581, 0.0 ], [ 75.2046632, 33.4144976, 0.0 ], [ 75.2047136, 33.4146305, 0.0 ], [ 75.2047522, 33.4147661, 0.0 ], [ 75.2047831, 33.4148963, 0.0 ], [ 75.2047904, 33.4150222, 0.0 ], [ 75.204811782536154, 33.415035587475373, 0.0 ] ] } },
{ "type": "Feature", "properties": { "segment_id": "NH44_SEG_145", "sequence_number": 145, "start_chainage_m": 72000.0, "end_chainage_m": 72500.0, "nominal_length_m": 500.0, "actual_geometry_length_m": 500.0, "start_longitude": 75.204812, "start_latitude": 33.415036, "end_longitude": 75.205117, "end_latitude": 33.419247, "midpoint_longitude": 75.204695, "midpoint_latitude": 33.41706, "vertex_count": 23, "source_route_sha256": "7141c209c578f8e8f19bc13b85409eeb220b709703c62691fac732594b2e3564", "terminal_segment": false }, "geometry": { "type": "LineString", "coordinates": [ [ 75.204811782536154, 33.415035587475373, 0.0 ], [ 75.2049391, 33.4151153, 0.0 ], [ 75.2049025, 33.4152604, 0.0 ], [ 75.2047592, 33.4156364, 0.0 ], [ 75.2047096, 33.4158453, 0.0 ], [ 75.2046837, 33.4160164, 0.0 ], [ 75.2046871, 33.4161877, 0.0 ], [ 75.2046959, 33.4163325, 0.0 ], [ 75.2047168, 33.4164856, 0.0 ], [ 75.2047407, 33.416597, 0.0 ], [ 75.2045832, 33.4165919, 0.0 ], [ 75.2047482, 33.4172851, 0.0 ], [ 75.2047604, 33.4173736, 0.0 ], [ 75.2047636, 33.4174463, 0.0 ], [ 75.2047505, 33.417547, 0.0 ], [ 75.2047184, 33.4176702, 0.0 ], [ 75.2046795, 33.4177993, 0.0 ], [ 75.2046681, 33.417905, 0.0 ], [ 75.2046726, 33.4179913, 0.0 ], [ 75.2047021, 33.4181128, 0.0 ], [ 75.2050196, 33.41895370000001, 0.0 ], [ 75.2050735, 33.4191116, 0.0 ], [ 75.205117258361611, 33.419246964700513, 0.0 ] ] } },
{ "type": "Feature", "properties": { "segment_id": "NH44_SEG_146", "sequence_number": 146, "start_chainage_m": 72500.0, "end_chainage_m": 73000.0, "nominal_length_m": 500.0, "actual_geometry_length_m": 500.0, "start_longitude": 75.205117, "start_latitude": 33.419247, "end_longitude": 75.204697, "end_latitude": 33.423655, "midpoint_longitude": 75.204725, "midpoint_latitude": 33.421419, "vertex_count": 24, "source_route_sha256": "7141c209c578f8e8f19bc13b85409eeb220b709703c62691fac732594b2e3564", "terminal_segment": false }, "geometry": { "type": "LineString", "coordinates": [ [ 75.205117258361611, 33.419246964700513, 0.0 ], [ 75.205127, 33.4192771, 0.0 ], [ 75.2051463, 33.419406899999984, 0.0 ], [ 75.2051406, 33.4195505, 0.0 ], [ 75.2050982, 33.419685, 0.0 ], [ 75.2050371, 33.4197954, 0.0 ], [ 75.2049054, 33.4199893, 0.0 ], [ 75.2048421, 33.4200857, 0.0 ], [ 75.2047954, 33.4202066, 0.0 ], [ 75.2047588, 33.420318499999986, 0.0 ], [ 75.204694, 33.4206027, 0.0 ], [ 75.2046771, 33.4207681, 0.0 ], [ 75.2046788, 33.4208818, 0.0 ], [ 75.2046907, 33.4209653, 0.0 ], [ 75.2047313, 33.4211584, 0.0 ], [ 75.2047468, 33.4212864, 0.0 ], [ 75.2047287, 33.4214062, 0.0 ], [ 75.2047034, 33.4214969, 0.0 ], [ 75.2046192, 33.4217551, 0.0 ], [ 75.2045864, 33.4218583, 0.0 ], [ 75.2045844, 33.4219596, 0.0 ], [ 75.2046329, 33.4232269, 0.0 ], [ 75.20466, 33.4234193, 0.0 ], [ 75.204697146869407, 33.423654977927704, 0.0 ] ] } },
{ "type": "Feature", "properties": { "segment_id": "NH44_SEG_147", "sequence_number": 147, "start_chainage_m": 73000.0, "end_chainage_m": 73500.0, "nominal_length_m": 500.0, "actual_geometry_length_m": 500.0, "start_longitude": 75.204697, "start_latitude": 33.423655, "end_longitude": 75.202468, "end_latitude": 33.427141, "midpoint_longitude": 75.204652, "midpoint_latitude": 33.425858, "vertex_count": 26, "source_route_sha256": "7141c209c578f8e8f19bc13b85409eeb220b709703c62691fac732594b2e3564", "terminal_segment": false }, "geometry": { "type": "LineString", "coordinates": [ [ 75.204697146869407, 33.423654977927704, 0.0 ], [ 75.2047709, 33.4241229, 0.0 ], [ 75.2047811, 33.4242193, 0.0 ], [ 75.2047845, 33.4243133, 0.0 ], [ 75.2047859, 33.4244064, 0.0 ], [ 75.2047761, 33.4244975, 0.0 ], [ 75.2047508, 33.4245902, 0.0 ], [ 75.2047189, 33.4246745, 0.0 ], [ 75.2046501, 33.4248514, 0.0 ], [ 75.2046287, 33.4249349, 0.0 ], [ 75.2046142, 33.4250257, 0.0 ], [ 75.204611, 33.4251554, 0.0 ], [ 75.2046197, 33.4252443, 0.0 ], [ 75.20466, 33.4254501, 0.0 ], [ 75.2046552, 33.4255578, 0.0 ], [ 75.2046385, 33.4256398, 0.0 ], [ 75.2046054, 33.4257178, 0.0 ], [ 75.2046739, 33.425826, 0.0 ], [ 75.2046293, 33.4258912, 0.0 ], [ 75.2045514, 33.4259881, 0.0 ], [ 75.2044594, 33.4260749, 0.0 ], [ 75.2043269, 33.4261745, 0.0 ], [ 75.204252200000013, 33.4262191, 0.0 ], [ 75.2041105, 33.4263038, 0.0 ], [ 75.2036011, 33.4265735, 0.0 ], [ 75.202467752419523, 33.427140816489015, 0.0 ] ] } },
{ "type": "Feature", "properties": { "segment_id": "NH44_SEG_148", "sequence_number": 148, "start_chainage_m": 73500.0, "end_chainage_m": 74000.0, "nominal_length_m": 500.0, "actual_geometry_length_m": 500.0, "start_longitude": 75.202468, "start_latitude": 33.427141, "end_longitude": 75.198318, "end_latitude": 33.429872, "midpoint_longitude": 75.200159, "midpoint_latitude": 33.428297, "vertex_count": 10, "source_route_sha256": "7141c209c578f8e8f19bc13b85409eeb220b709703c62691fac732594b2e3564", "terminal_segment": false }, "geometry": { "type": "LineString", "coordinates": [ [ 75.202467752419523, 33.427140816489015, 0.0 ], [ 75.1995801, 33.428586199999984, 0.0 ], [ 75.1993276, 33.4287316, 0.0 ], [ 75.1990758, 33.4289239, 0.0 ], [ 75.198876200000015, 33.4291119, 0.0 ], [ 75.1986925, 33.4293147, 0.0 ], [ 75.1985763, 33.4294601, 0.0 ], [ 75.1984335, 33.4296526, 0.0 ], [ 75.1983186, 33.429871399999989, 0.0 ], [ 75.198318447847953, 33.429871767769974, 0.0 ] ] } },
{ "type": "Feature", "properties": { "segment_id": "NH44_SEG_149", "sequence_number": 149, "start_chainage_m": 74000.0, "end_chainage_m": 74500.0, "nominal_length_m": 500.0, "actual_geometry_length_m": 500.0, "start_longitude": 75.198318, "start_latitude": 33.429872, "end_longitude": 75.195412, "end_latitude": 33.433533, "midpoint_longitude": 75.197099, "midpoint_latitude": 33.431778, "vertex_count": 10, "source_route_sha256": "7141c209c578f8e8f19bc13b85409eeb220b709703c62691fac732594b2e3564", "terminal_segment": false }, "geometry": { "type": "LineString", "coordinates": [ [ 75.198318447847953, 33.429871767769974, 0.0 ], [ 75.1980309, 33.4305668, 0.0 ], [ 75.1979474, 33.4307449, 0.0 ], [ 75.1978533, 33.4309067, 0.0 ], [ 75.1977605, 33.4308723, 0.0 ], [ 75.1975945, 33.4311352, 0.0 ], [ 75.1974082, 33.4313947, 0.0 ], [ 75.197212900000011, 33.4316458, 0.0 ], [ 75.1968825, 33.4320282, 0.0 ], [ 75.195412471250449, 33.43353333521884, 0.0 ] ] } },
{ "type": "Feature", "properties": { "segment_id": "NH44_SEG_150", "sequence_number": 150, "start_chainage_m": 74500.0, "end_chainage_m": 75000.0, "nominal_length_m": 500.0, "actual_geometry_length_m": 500.0, "start_longitude": 75.195412, "start_latitude": 33.433533, "end_longitude": 75.193958, "end_latitude": 33.437687, "midpoint_longitude": 75.194156, "midpoint_latitude": 33.435473, "vertex_count": 15, "source_route_sha256": "7141c209c578f8e8f19bc13b85409eeb220b709703c62691fac732594b2e3564", "terminal_segment": false }, "geometry": { "type": "LineString", "coordinates": [ [ 75.195412471250449, 33.43353333521884, 0.0 ], [ 75.1947418, 33.43422, 0.0 ], [ 75.1946474, 33.4343301, 0.0 ], [ 75.1944831, 33.4345441, 0.0 ], [ 75.1943648, 33.4347453, 0.0 ], [ 75.1942549, 33.4349905, 0.0 ], [ 75.1941759, 33.4352543, 0.0 ], [ 75.1941575, 33.435406, 0.0 ], [ 75.1941525, 33.4356444, 0.0 ], [ 75.1942397, 33.4365794, 0.0 ], [ 75.1942471, 33.4367569, 0.0 ], [ 75.1942309, 33.4369607, 0.0 ], [ 75.1941665, 33.4371996, 0.0 ], [ 75.1940755, 33.4374478, 0.0 ], [ 75.193958418286797, 33.437687211290957, 0.0 ] ] } },
{ "type": "Feature", "properties": { "segment_id": "NH44_SEG_151", "sequence_number": 151, "start_chainage_m": 75000.0, "end_chainage_m": 75500.0, "nominal_length_m": 500.0, "actual_geometry_length_m": 500.0, "start_longitude": 75.193958, "start_latitude": 33.437687, "end_longitude": 75.190553, "end_latitude": 33.440954, "midpoint_longitude": 75.192382, "midpoint_latitude": 33.439437, "vertex_count": 15, "source_route_sha256": "7141c209c578f8e8f19bc13b85409eeb220b709703c62691fac732594b2e3564", "terminal_segment": false }, "geometry": { "type": "LineString", "coordinates": [ [ 75.193958418286797, 33.437687211290957, 0.0 ], [ 75.1937229, 33.4381688, 0.0 ], [ 75.1935576, 33.438485199999988, 0.0 ], [ 75.1933686, 33.438741, 0.0 ], [ 75.1930798, 33.4390175, 0.0 ], [ 75.1928245, 33.43918570000001, 0.0 ], [ 75.1916405, 33.4398591, 0.0 ], [ 75.1913131, 33.4400725, 0.0 ], [ 75.1911118, 33.440214299999987, 0.0 ], [ 75.1908746, 33.4404112, 0.0 ], [ 75.1906981, 33.440592, 0.0 ], [ 75.1907553, 33.4406735, 0.0 ], [ 75.1906777, 33.4407685, 0.0 ], [ 75.190588, 33.4408941, 0.0 ], [ 75.190553450004941, 33.440953500662587, 0.0 ] ] } },
{ "type": "Feature", "properties": { "segment_id": "NH44_SEG_152", "sequence_number": 152, "start_chainage_m": 75500.0, "end_chainage_m": 76000.0, "nominal_length_m": 500.0, "actual_geometry_length_m": 500.0, "start_longitude": 75.190553, "start_latitude": 33.440954, "end_longitude": 75.189134, "end_latitude": 33.445066, "midpoint_longitude": 75.189748, "midpoint_latitude": 33.442962, "vertex_count": 18, "source_route_sha256": "7141c209c578f8e8f19bc13b85409eeb220b709703c62691fac732594b2e3564", "terminal_segment": false }, "geometry": { "type": "LineString", "coordinates": [ [ 75.190553450004941, 33.440953500662587, 0.0 ], [ 75.1904847, 33.4410717, 0.0 ], [ 75.1903997, 33.441248, 0.0 ], [ 75.190338, 33.4414318, 0.0 ], [ 75.1902688, 33.4416547, 0.0 ], [ 75.1901753, 33.4415958, 0.0 ], [ 75.1899698, 33.4423816, 0.0 ], [ 75.1898437, 33.4427415, 0.0 ], [ 75.189711, 33.4430457, 0.0 ], [ 75.189256, 33.443991, 0.0 ], [ 75.1891836, 33.4441543, 0.0 ], [ 75.1891109, 33.4443403, 0.0 ], [ 75.1890705, 33.4444565, 0.0 ], [ 75.1890487, 33.4445284, 0.0 ], [ 75.1890143, 33.4446496, 0.0 ], [ 75.188974, 33.4448146, 0.0 ], [ 75.1891353, 33.4450471, 0.0 ], [ 75.189133507315248, 33.44506594151138, 0.0 ] ] } },
{ "type": "Feature", "properties": { "segment_id": "NH44_SEG_153", "sequence_number": 153, "start_chainage_m": 76000.0, "end_chainage_m": 76500.0, "nominal_length_m": 500.0, "actual_geometry_length_m": 500.0, "start_longitude": 75.189134, "start_latitude": 33.445066, "end_longitude": 75.19036, "end_latitude": 33.449414, "midpoint_longitude": 75.18949, "midpoint_latitude": 33.44728, "vertex_count": 14, "source_route_sha256": "7141c209c578f8e8f19bc13b85409eeb220b709703c62691fac732594b2e3564", "terminal_segment": false }, "geometry": { "type": "LineString", "coordinates": [ [ 75.189133507315248, 33.44506594151138, 0.0 ], [ 75.1891206, 33.4452016, 0.0 ], [ 75.1891144, 33.4453812, 0.0 ], [ 75.1891101, 33.4456143, 0.0 ], [ 75.1891154, 33.4458649, 0.0 ], [ 75.1891365, 33.4460743, 0.0 ], [ 75.1891644, 33.4462624, 0.0 ], [ 75.1892005, 33.4464608, 0.0 ], [ 75.1892726, 33.4467105, 0.0 ], [ 75.1893557, 33.4469352, 0.0 ], [ 75.1894757, 33.4472457, 0.0 ], [ 75.1899997, 33.4484848, 0.0 ], [ 75.190131, 33.4488152, 0.0 ], [ 75.190360278798479, 33.4494135521822, 0.0 ] ] } },
{ "type": "Feature", "properties": { "segment_id": "NH44_SEG_154", "sequence_number": 154, "start_chainage_m": 76500.0, "end_chainage_m": 77000.0, "nominal_length_m": 500.0, "actual_geometry_length_m": 500.0, "start_longitude": 75.19036, "start_latitude": 33.449414, "end_longitude": 75.191912, "end_latitude": 33.453728, "midpoint_longitude": 75.191166, "midpoint_latitude": 33.451565, "vertex_count": 9, "source_route_sha256": "7141c209c578f8e8f19bc13b85409eeb220b709703c62691fac732594b2e3564", "terminal_segment": false }, "geometry": { "type": "LineString", "coordinates": [ [ 75.190360278798479, 33.4494135521822, 0.0 ], [ 75.1904359, 33.4496109, 0.0 ], [ 75.1906471, 33.4501762, 0.0 ], [ 75.1918089, 33.4532865, 0.0 ], [ 75.1918391, 33.453373, 0.0 ], [ 75.1918687, 33.45347550000001, 0.0 ], [ 75.1918899, 33.453578, 0.0 ], [ 75.1919068, 33.453684, 0.0 ], [ 75.191912279564562, 33.453728181716471, 0.0 ] ] } },
{ "type": "Feature", "properties": { "segment_id": "NH44_SEG_155", "sequence_number": 155, "start_chainage_m": 77000.0, "end_chainage_m": 77500.0, "nominal_length_m": 500.0, "actual_geometry_length_m": 500.0, "start_longitude": 75.191912, "start_latitude": 33.453728, "end_longitude": 75.189511, "end_latitude": 33.457422, "midpoint_longitude": 75.191148, "midpoint_latitude": 33.455711, "vertex_count": 23, "source_route_sha256": "7141c209c578f8e8f19bc13b85409eeb220b709703c62691fac732594b2e3564", "terminal_segment": false }, "geometry": { "type": "LineString", "coordinates": [ [ 75.191912279564562, 33.453728181716471, 0.0 ], [ 75.1919195, 33.4537864, 0.0 ], [ 75.191928, 33.4538783, 0.0 ], [ 75.1919322, 33.4539843, 0.0 ], [ 75.1919322, 33.4541186, 0.0 ], [ 75.191928, 33.4542458, 0.0 ], [ 75.1919068, 33.4543836, 0.0 ], [ 75.191891, 33.454518, 0.0 ], [ 75.1918555, 33.4546974, 0.0 ], [ 75.1917928, 33.4548858, 0.0 ], [ 75.1917449, 33.4550203, 0.0 ], [ 75.1916914, 33.4551371, 0.0 ], [ 75.1916348, 33.45524970000001, 0.0 ], [ 75.191538, 33.4552045, 0.0 ], [ 75.1914822, 33.4553024, 0.0 ], [ 75.1914156, 33.455396399999984, 0.0 ], [ 75.1913168, 33.4555233, 0.0 ], [ 75.1912535, 33.4555977, 0.0 ], [ 75.1912036, 33.455652, 0.0 ], [ 75.191161, 33.4556974, 0.0 ], [ 75.19108, 33.4557812, 0.0 ], [ 75.1911337, 33.455876, 0.0 ], [ 75.189510514759959, 33.457422345221246, 0.0 ] ] } },
{ "type": "Feature", "properties": { "segment_id": "NH44_SEG_156", "sequence_number": 156, "start_chainage_m": 77500.0, "end_chainage_m": 78000.0, "nominal_length_m": 500.0, "actual_geometry_length_m": 500.0, "start_longitude": 75.189511, "start_latitude": 33.457422, "end_longitude": 75.187261, "end_latitude": 33.461441, "midpoint_longitude": 75.188053, "midpoint_latitude": 33.4593, "vertex_count": 22, "source_route_sha256": "7141c209c578f8e8f19bc13b85409eeb220b709703c62691fac732594b2e3564", "terminal_segment": false }, "geometry": { "type": "LineString", "coordinates": [ [ 75.189510514759959, 33.457422345221246, 0.0 ], [ 75.1891398, 33.4577755, 0.0 ], [ 75.1889203, 33.4580068, 0.0 ], [ 75.188825400000013, 33.4581113, 0.0 ], [ 75.1887183, 33.4582318, 0.0 ], [ 75.188622, 33.4583495, 0.0 ], [ 75.1885305, 33.4584758, 0.0 ], [ 75.1883998, 33.458661599999985, 0.0 ], [ 75.1883077, 33.4588205, 0.0 ], [ 75.1882109, 33.458992, 0.0 ], [ 75.1876984, 33.459990500000011, 0.0 ], [ 75.1876101, 33.4601797, 0.0 ], [ 75.1875433, 33.4603249, 0.0 ], [ 75.187496, 33.4604437, 0.0 ], [ 75.1874535, 33.4605546, 0.0 ], [ 75.1874168, 33.460675, 0.0 ], [ 75.1873839, 33.4607967, 0.0 ], [ 75.1873603, 33.460889199999983, 0.0 ], [ 75.1873214, 33.4610363, 0.0 ], [ 75.1872962, 33.4611732, 0.0 ], [ 75.1872757, 33.4613083, 0.0 ], [ 75.187261493895136, 33.461440991195232, 0.0 ] ] } },
{ "type": "Feature", "properties": { "segment_id": "NH44_SEG_157", "sequence_number": 157, "start_chainage_m": 78000.0, "end_chainage_m": 78500.0, "nominal_length_m": 500.0, "actual_geometry_length_m": 500.0, "start_longitude": 75.187261, "start_latitude": 33.461441, "end_longitude": 75.187612, "end_latitude": 33.465934, "midpoint_longitude": 75.187429, "midpoint_latitude": 33.463688, "vertex_count": 14, "source_route_sha256": "7141c209c578f8e8f19bc13b85409eeb220b709703c62691fac732594b2e3564", "terminal_segment": false }, "geometry": { "type": "LineString", "coordinates": [ [ 75.187261493895136, 33.461440991195232, 0.0 ], [ 75.1872522, 33.4615278, 0.0 ], [ 75.1872458, 33.4616663, 0.0 ], [ 75.187244, 33.4617638, 0.0 ], [ 75.187244100000015, 33.4618973, 0.0 ], [ 75.1872489, 33.4620431, 0.0 ], [ 75.187256, 33.462189, 0.0 ], [ 75.1872725, 33.4623669, 0.0 ], [ 75.1876195, 33.4652954, 0.0 ], [ 75.1876346, 33.4654726, 0.0 ], [ 75.1876358, 33.4655934, 0.0 ], [ 75.1876334, 33.4657609, 0.0 ], [ 75.1876171, 33.4659031, 0.0 ], [ 75.187612222811168, 33.465933849550218, 0.0 ] ] } },
{ "type": "Feature", "properties": { "segment_id": "NH44_SEG_158", "sequence_number": 158, "start_chainage_m": 78500.0, "end_chainage_m": 78619.37, "nominal_length_m": 119.37, "actual_geometry_length_m": 119.37, "start_longitude": 75.187612, "start_latitude": 33.465934, "end_longitude": 75.187307, "end_latitude": 33.466977, "midpoint_longitude": 75.187496, "midpoint_latitude": 33.466463, "vertex_count": 8, "source_route_sha256": "7141c209c578f8e8f19bc13b85409eeb220b709703c62691fac732594b2e3564", "terminal_segment": true }, "geometry": { "type": "LineString", "coordinates": [ [ 75.187612222811168, 33.465933849550218, 0.0 ], [ 75.1875961, 33.4660355, 0.0 ], [ 75.187569200000013, 33.4661651, 0.0 ], [ 75.187547, 33.4662635, 0.0 ], [ 75.1875074, 33.4664251, 0.0 ], [ 75.187449, 33.4666141, 0.0 ], [ 75.1873766, 33.4668108, 0.0 ], [ 75.187306560115033, 33.46697713340545, 0.0 ] ] } }
]
}
