{"type": "FeatureCollection", "name": "jk_districts_20", "crs": {"type": "name", "properties": {"name": "urn:ogc:def:crs:OGC:1.3:CRS84"}}, "features": [{"type": "Feature", "properties": {"district_id": "poonch", "display_name": "Poonch", "source_name": "PUNCH", "state_ut": "Jammu and Kashmir", "objectid": 6, "dist_lgd": "005"}, "geometry": {"type": "Polygon", "coordinates": [[[73.50217248104781, 34.14435701538366, 0.0], [73.50838417713526, 34.143517440768235, 0.0], [73.51641960556415, 34.14632551001329, 0.0], [73.5287564766742, 34.14401173861788, 0.0], [73.53478937149076, 34.13586903049527, 0.0], [73.53749049285337, 34.13305117414027, 0.0], [73.53880789678368, 34.12947917859306, 0.0], [73.5407518112132, 34.12348972096487, 0.0], [73.54653087483109, 34.116331262646874, 0.0], [73.55214416160496, 34.110790142488405, 0.0], [73.55695181082397, 34.10658079402527, 0.0], [73.56940026150987, 34.097688525068854, 0.0], [73.57978216308926, 34.09207942978841, 0.0], [73.58585262120188, 34.08573660432024, 0.0], [73.59015877348344, 34.080252738386996, 0.0], [73.5926636842365, 34.073554768545556, 0.0], [73.6008072319762, 34.06671951232099, 0.0], [73.6048223583986, 34.06654386253853, 0.0], [73.608562789605, 34.068073345759444, 0.0], [73.61170393897164, 34.071300583418804, 0.0], [73.61211997676291, 34.075004232997955, 0.0], [73.61164823166446, 34.07931781306572, 0.0], [73.61479914827414, 34.08227484049925, 0.0], [73.61820639666705, 34.0840665246705, 0.0], [73.62091207167127, 34.08097647777905, 0.0], [73.62169275525225, 34.0771206731869, 0.0], [73.62443769641692, 34.07286020084778, 0.0], [73.6301815649377, 34.06641740938066, 0.0], [73.63538020221976, 34.06005162774973, 0.0], [73.64208087241472, 34.05732444120381, 0.0], [73.65309325644424, 34.05523720287278, 0.0], [73.6661682415135, 34.05625982583233, 0.0], [73.67746060010978, 34.058771905840246, 0.0], [73.68432673055636, 34.0608213446913, 0.0], [73.6905536982532, 34.065829041305726, 0.0], [73.69477000700466, 34.07268273123576, 0.0], [73.69725607245284, 34.07616308542733, 0.0], [73.70623768276683, 34.076547580850956, 0.0], [73.71501448005878, 34.07656647232637, 0.0], [73.72629961668899, 34.076100846852675, 0.0], [73.74265930141087, 34.0761983800963, 0.0], [73.75288823132671, 34.07822930366302, 0.0], [73.76424969424204, 34.07875289864899, 0.0], [73.77546551145628, 34.08044343233703, 0.0], [73.78181728511538, 34.08175536091642, 0.0], [73.78839056349433, 34.082602334400406, 0.0], [73.79096676827945, 34.08718472380342, 0.0], [73.79364318643957, 34.083007240588735, 0.0], [73.79922102898658, 34.08312990495019, 0.0], [73.80886781233139, 34.0830711752864, 0.0], [73.82726042686033, 34.0805889798735, 0.0], [73.84084633689078, 34.07583786981058, 0.0], [73.84881708179334, 34.07042354051646, 0.0], [73.85722416101589, 34.05790000033172, 0.0], [73.86514549402021, 34.04698731246305, 0.0], [73.87386962396045, 34.03455927595461, 0.0], [73.88282202506444, 34.028713125308094, 0.0], [73.88785292479885, 34.02710804914642, 0.0], [73.89602229629624, 34.02556911361891, 0.0], [73.90503236650483, 34.02485845898075, 0.0], [73.91851752675377, 34.022979539897925, 0.0], [73.92465148231467, 34.02067525832732, 0.0], [73.93593907332766, 34.012621211805744, 0.0], [73.94770848351199, 34.00286408528953, 0.0], [73.95812315720796, 33.99487985987412, 0.0], [73.9785982842399, 33.990705510398726, 0.0], [73.99410301003341, 33.98615618281188, 0.0], [74.00186518971401, 33.979826218063764, 0.0], [74.00522318045178, 33.972325239057724, 0.0], [74.00575809117727, 33.96512746625172, 0.0], [74.00935282354695, 33.96060465869289, 0.0], [74.02039675046595, 33.96037696850611, 0.0], [74.02839809712573, 33.95684336157513, 0.0], [74.03707539267765, 33.95611604918811, 0.0], [74.04371274784546, 33.9585913934769, 0.0], [74.05506784185738, 33.96260188975892, 0.0], [74.0644667469311, 33.96693316929606, 0.0], [74.0787603956213, 33.974243677176, 0.0], [74.08482387854623, 33.977967113735446, 0.0], [74.09061673286733, 33.979792645824254, 0.0], [74.10269151284443, 33.981470145687325, 0.0], [74.110155253615, 33.98548989671314, 0.0], [74.11409737065397, 33.99160379860029, 0.0], [74.12634340906018, 33.998869151948355, 0.0], [74.13007788279668, 34.00083342624814, 0.0], [74.14435266534217, 34.00137770761071, 0.0], [74.15559381953716, 33.99807797380438, 0.0], [74.1648277507536, 33.992936941917456, 0.0], [74.17507615894101, 33.99024734858094, 0.0], [74.18548910093536, 33.98945229904194, 0.0], [74.19125802436724, 33.992263956270826, 0.0], [74.19868796904976, 33.99771975549944, 0.0], [74.20531871027717, 34.0007271747287, 0.0], [74.21826902638112, 34.00222942150911, 0.0], [74.23579801999713, 34.00255308887694, 0.0], [74.25086519786375, 34.00306330363478, 0.0], [74.25312098957316, 34.00313957499886, 0.0], [74.25408166481839, 34.003172047467295, 0.0], [74.25533142343637, 34.00321428323325, 0.0], [74.25533161523802, 34.00321429790278, 0.0], [74.25551849272048, 34.00256288044686, 0.0], [74.25561717258456, 34.00221889829643, 0.0], [74.2556341409108, 34.002159750312465, 0.0], [74.25584907928766, 34.00141050205668, 0.0], [74.25647161710893, 33.999240345440505, 0.0], [74.26218406419248, 33.998794617165316, 0.0], [74.26380944604958, 33.99648709768722, 0.0], [74.26463846903098, 33.99531010456848, 0.0], [74.26497066018837, 33.994923616318175, 0.0], [74.26770293954196, 33.991744602933956, 0.0], [74.27130381007859, 33.98775162722348, 0.0], [74.27151152686076, 33.98769894994824, 0.0], [74.2755517998573, 33.98667426934963, 0.0], [74.2764237578449, 33.98807868155331, 0.0], [74.27699400787608, 33.9889971255545, 0.0], [74.27757352131972, 33.98993046863261, 0.0], [74.28068954949624, 33.99211570604821, 0.0], [74.2843558371057, 33.993480914086476, 0.0], [74.29013214664285, 33.99424450689817, 0.0], [74.29336489206534, 33.994953460626235, 0.0], [74.29372479361224, 33.9950323842995, 0.0], [74.2986005554364, 33.99513793636898, 0.0], [74.2989269014211, 33.99511252666029, 0.0], [74.30227567483236, 33.99485175216027, 0.0], [74.30410828451504, 33.99041848066897, 0.0], [74.30498852951732, 33.986315401632794, 0.0], [74.30769455943465, 33.984053841871905, 0.0], [74.31057699667947, 33.98089673355548, 0.0], [74.3139623519081, 33.97816696400744, 0.0], [74.31649444916093, 33.975176103580125, 0.0], [74.31291068187846, 33.972102684012896, 0.0], [74.3133192626205, 33.96821735863883, 0.0], [74.31569814045164, 33.96559220229719, 0.0], [74.3182431408565, 33.96266185216962, 0.0], [74.31930773216361, 33.95894030707949, 0.0], [74.32266465043108, 33.9565686454021, 0.0], [74.32694802105897, 33.95607851225585, 0.0], [74.33002924090118, 33.95500839919664, 0.0], [74.33258734334495, 33.952376699637085, 0.0], [74.33573012693327, 33.95259483892905, 0.0], [74.33919401688193, 33.954253355831206, 0.0], [74.34246398074346, 33.95483483368551, 0.0], [74.34570409481111, 33.95494886569002, 0.0], [74.34985544550933, 33.95597415592549, 0.0], [74.35460706057967, 33.95614648093609, 0.0], [74.35790885353111, 33.95466206119394, 0.0], [74.36080576468692, 33.953290915612676, 0.0], [74.3640985606083, 33.95153257455457, 0.0], [74.3672834485728, 33.95120855216239, 0.0], [74.37014898049148, 33.949634735119844, 0.0], [74.37362561352634, 33.94811063220892, 0.0], [74.37679313846783, 33.9488376652242, 0.0], [74.37999180432867, 33.94747490719786, 0.0], [74.38195753257213, 33.946963369067014, 0.0], [74.38392324368827, 33.946451807205655, 0.0], [74.38741151344709, 33.945504672562826, 0.0], [74.38884147602138, 33.94170639997318, 0.0], [74.38993300626316, 33.93879951929887, 0.0], [74.39172938559663, 33.936209616371265, 0.0], [74.39433510515792, 33.933981276983296, 0.0], [74.39561060233117, 33.928974857918995, 0.0], [74.39795519415617, 33.92539006772655, 0.0], [74.40162877838743, 33.9230110023566, 0.0], [74.40564788823484, 33.919724954238966, 0.0], [74.40716195061108, 33.91639952617152, 0.0], [74.40945509995352, 33.913022616425444, 0.0], [74.40973510513469, 33.909736015224276, 0.0], [74.41232083481415, 33.90791677921083, 0.0], [74.4168930991527, 33.907924912857105, 0.0], [74.41789501883765, 33.90414178013148, 0.0], [74.41520591834241, 33.90182010037904, 0.0], [74.41402846452567, 33.90080347777471, 0.0], [74.41352546651649, 33.89732047386605, 0.0], [74.40964360059594, 33.895453915622085, 0.0], [74.41089813978665, 33.893953121414356, 0.0], [74.41251868226298, 33.89201439798714, 0.0], [74.41475666823138, 33.888360810598336, 0.0], [74.41208248669153, 33.88642156458673, 0.0], [74.40774386465884, 33.88581275495312, 0.0], [74.40450177372641, 33.88581731208831, 0.0], [74.40305623581737, 33.8819834839903, 0.0], [74.40268279882001, 33.87699534287956, 0.0], [74.40224660613063, 33.87352568876096, 0.0], [74.4055085704873, 33.87001289400774, 0.0], [74.40708587621164, 33.86597577579685, 0.0], [74.40887054944903, 33.8629911880107, 0.0], [74.41180477432147, 33.861221760162984, 0.0], [74.41395424053019, 33.85783892985179, 0.0], [74.4120089232901, 33.85439166463293, 0.0], [74.41050760957458, 33.850334438332304, 0.0], [74.41088869280138, 33.84539057095656, 0.0], [74.41322071345023, 33.84109830793174, 0.0], [74.4160184153224, 33.83877318876529, 0.0], [74.41765538304438, 33.835902053366425, 0.0], [74.41963535232831, 33.834226658750126, 0.0], [74.42136307923649, 33.83276464027323, 0.0], [74.42602215567166, 33.82976226303768, 0.0], [74.4300205942678, 33.82669242720552, 0.0], [74.43495047614726, 33.82404662969276, 0.0], [74.44035757453395, 33.824261719172966, 0.0], [74.44270980247154, 33.822106460133895, 0.0], [74.44065986971736, 33.8182515502819, 0.0], [74.43872372449675, 33.814641588365326, 0.0], [74.44093238096302, 33.811019038973065, 0.0], [74.44505154230747, 33.80789959072366, 0.0], [74.44924680907812, 33.805755939332315, 0.0], [74.45266875559346, 33.80338897681622, 0.0], [74.45470854675295, 33.79965112557827, 0.0], [74.4580892088277, 33.79565570725587, 0.0], [74.46204475023377, 33.791390073233245, 0.0], [74.46459411151486, 33.78847844293708, 0.0], [74.46793222319711, 33.78652001767771, 0.0], [74.4700812673226, 33.78456378277445, 0.0], [74.46750823974699, 33.78152972777152, 0.0], [74.4636903396536, 33.7777177924, 0.0], [74.4639400452867, 33.7734599689756, 0.0], [74.4605381700589, 33.77088054023385, 0.0], [74.4571112991752, 33.768777727249066, 0.0], [74.45302764146196, 33.76601631487766, 0.0], [74.45296883705778, 33.7659765487288, 0.0], [74.45065617861214, 33.76310988064354, 0.0], [74.45241982889114, 33.759777144707314, 0.0], [74.45258730353613, 33.75569671034943, 0.0], [74.45574972397226, 33.75306207731082, 0.0], [74.45929100915326, 33.75145259969682, 0.0], [74.46291109125212, 33.75052485937433, 0.0], [74.46630354775111, 33.74913080872166, 0.0], [74.46857793276426, 33.7460876342226, 0.0], [74.47152553632665, 33.742457272056186, 0.0], [74.4734773246423, 33.73861977106857, 0.0], [74.47399272922053, 33.735760413934784, 0.0], [74.47601867524881, 33.73267912436772, 0.0], [74.4799076683854, 33.73255265338694, 0.0], [74.48306684220391, 33.730586734883765, 0.0], [74.48716906811084, 33.72930583025994, 0.0], [74.48953171158328, 33.72761322018827, 0.0], [74.49188154030253, 33.72456106777452, 0.0], [74.4957773602373, 33.723200774298746, 0.0], [74.49967909310014, 33.72089035934256, 0.0], [74.49979762368164, 33.72082016841915, 0.0], [74.50222317914938, 33.71845257622311, 0.0], [74.5040960099514, 33.714428464422525, 0.0], [74.5078090536742, 33.71051665254651, 0.0], [74.50691795194618, 33.70762143716585, 0.0], [74.50581656329565, 33.704586727580896, 0.0], [74.51079115549773, 33.705454528207596, 0.0], [74.51499132843583, 33.70537741018482, 0.0], [74.51777296395139, 33.702845687080504, 0.0], [74.52133438609687, 33.70186247207653, 0.0], [74.52411045214397, 33.700811890018294, 0.0], [74.52694524904196, 33.69910128220893, 0.0], [74.52825924234801, 33.69591622298238, 0.0], [74.533044742377, 33.69522596697574, 0.0], [74.5375788608358, 33.69475550665458, 0.0], [74.543595784521, 33.692895736033336, 0.0], [74.54274284348809, 33.688520993823936, 0.0], [74.54215673467719, 33.68360277287046, 0.0], [74.54236303056558, 33.68340186529489, 0.0], [74.54367632769126, 33.68212284106166, 0.0], [74.54518413420345, 33.68065433040109, 0.0], [74.54518578005784, 33.680652727944256, 0.0], [74.54518657515129, 33.68065195392426, 0.0], [74.54518756337248, 33.680650991203585, 0.0], [74.54519588252049, 33.680642888432494, 0.0], [74.54519429159426, 33.68063649317646, 0.0], [74.54519163472743, 33.68062580885421, 0.0], [74.54518847400924, 33.68061310063453, 0.0], [74.54518765383628, 33.68060980427519, 0.0], [74.54336844744566, 33.67329461466862, 0.0], [74.54026907342511, 33.669028901264205, 0.0], [74.53925281521477, 33.66628739265911, 0.0], [74.53690582111584, 33.66442922741781, 0.0], [74.53396068282377, 33.66213656831458, 0.0], [74.53231862026671, 33.65788130788897, 0.0], [74.53088081476801, 33.65355897954062, 0.0], [74.53050346154956, 33.64982613065882, 0.0], [74.52991719494919, 33.64583846940419, 0.0], [74.52886244302279, 33.64309684094621, 0.0], [74.524437716623, 33.642315714124976, 0.0], [74.51987901240146, 33.6399475436528, 0.0], [74.51948108585565, 33.6346455212843, 0.0], [74.51961811406565, 33.62965571716972, 0.0], [74.52173356600598, 33.62570628376622, 0.0], [74.52487637791377, 33.624193747289354, 0.0], [74.52562908896054, 33.62060870679288, 0.0], [74.52710771289794, 33.61704261384903, 0.0], [74.52483821549704, 33.61425188496154, 0.0], [74.52128682995973, 33.61056599419214, 0.0], [74.51990016321281, 33.605551431239185, 0.0], [74.51683732176745, 33.603124100766166, 0.0], [74.5142797086494, 33.60030211123203, 0.0], [74.51493992557712, 33.59563278586492, 0.0], [74.51561717546922, 33.59159393985301, 0.0], [74.51805747652071, 33.58811925214546, 0.0], [74.52049480026035, 33.58585046709056, 0.0], [74.52116217351237, 33.5829118231781, 0.0], [74.52347179597857, 33.57977683985619, 0.0], [74.52294405771922, 33.57520313584447, 0.0], [74.5231346418268, 33.57467104003964, 0.0], [74.52432762887922, 33.57134018709267, 0.0], [74.52688927109779, 33.56691841510665, 0.0], [74.5246355874625, 33.56463930276146, 0.0], [74.52161901237169, 33.562504961860846, 0.0], [74.51720275714877, 33.55877599225662, 0.0], [74.51605300943756, 33.554569561602186, 0.0], [74.5171709960554, 33.55341907945665, 0.0], [74.51910516230129, 33.551428614254355, 0.0], [74.52464193784856, 33.5492578540548, 0.0], [74.52880681847411, 33.54689353896498, 0.0], [74.5300838731488, 33.54424270929209, 0.0], [74.53064352558732, 33.54132534107838, 0.0], [74.53067573743925, 33.54115742411833, 0.0], [74.5314578360719, 33.53808581070214, 0.0], [74.53243591237879, 33.535032370455134, 0.0], [74.53328707376448, 33.53225230293206, 0.0], [74.53539032274104, 33.53016209591552, 0.0], [74.53819984048098, 33.527878240247745, 0.0], [74.53951670762011, 33.527812073319666, 0.0], [74.54292216553547, 33.52764091501717, 0.0], [74.54691508207931, 33.5294523306371, 0.0], [74.55123489571349, 33.52836926562877, 0.0], [74.55487572991797, 33.527304463801286, 0.0], [74.55753542622978, 33.52460901458475, 0.0], [74.56258262010083, 33.52417848325043, 0.0], [74.56594909533865, 33.52312975296217, 0.0], [74.56775649329056, 33.51950315409267, 0.0], [74.5706446047336, 33.51772235343648, 0.0], [74.5733307650976, 33.51594794728364, 0.0], [74.57409551018823, 33.51538848393699, 0.0], [74.57577913874574, 33.5141567609916, 0.0], [74.57439970254278, 33.51113726485754, 0.0], [74.57438538519563, 33.50949560018646, 0.0], [74.57437080812915, 33.50782421288887, 0.0], [74.57437062077614, 33.507802736444305, 0.0], [74.57437054233054, 33.50779375109318, 0.0], [74.57437014651687, 33.5077484077838, 0.0], [74.57436876332417, 33.50758983595747, 0.0], [74.57436675286648, 33.507359374808054, 0.0], [74.57436640911754, 33.5073200110868, 0.0], [74.57436624773814, 33.50730147861446, 0.0], [74.57436620272864, 33.507296264015416, 0.0], [74.57375684990298, 33.50622010334832, 0.0], [74.57367985300863, 33.50608411876281, 0.0], [74.57367083622151, 33.50606819545702, 0.0], [74.57359589890697, 33.505935847349186, 0.0], [74.57309793497807, 33.50505638415551, 0.0], [74.57298256760937, 33.50485262964807, 0.0], [74.57293000487542, 33.504759795305674, 0.0], [74.57258064149902, 33.50452278707942, 0.0], [74.5720991172022, 33.504196117788936, 0.0], [74.57029398694128, 33.50297147393496, 0.0], [74.57098950837278, 33.4994224261643, 0.0], [74.57308521557762, 33.49575403564813, 0.0], [74.57190618317631, 33.492014985966584, 0.0], [74.56854851523092, 33.4921262592647, 0.0], [74.56481399587457, 33.49312154118174, 0.0], [74.56118205059046, 33.49354255610371, 0.0], [74.55801555081953, 33.492260870799115, 0.0], [74.55405786449403, 33.49123968442005, 0.0], [74.54956700215283, 33.490537238237415, 0.0], [74.54507907075927, 33.488927822439265, 0.0], [74.53914427971463, 33.48757373663212, 0.0], [74.54046118325765, 33.482709254727546, 0.0], [74.54068022562097, 33.47852919161586, 0.0], [74.5428313788744, 33.475072431182184, 0.0], [74.54153135571718, 33.47129795831188, 0.0], [74.53932266691893, 33.46918373415796, 0.0], [74.53413825581563, 33.47146606024081, 0.0], [74.52862824933862, 33.47100460201394, 0.0], [74.52574050745113, 33.47407603596243, 0.0], [74.52222044257142, 33.478131912367466, 0.0], [74.52129149066327, 33.481831879068125, 0.0], [74.51797113807501, 33.48494837886359, 0.0], [74.51344332647125, 33.485077196343, 0.0], [74.51037508487008, 33.484889717680936, 0.0], [74.50852097490049, 33.48877521172956, 0.0], [74.50795312300652, 33.49330640020027, 0.0], [74.5065010024909, 33.496637115837025, 0.0], [74.50661973919819, 33.49952854598907, 0.0], [74.50276773908593, 33.50302290979536, 0.0], [74.49847997394002, 33.506880714066746, 0.0], [74.49827518618409, 33.51047483678044, 0.0], [74.49625878147056, 33.51315525040459, 0.0], [74.4941325594435, 33.51539030425365, 0.0], [74.49189297977807, 33.51784520177047, 0.0], [74.48882765952806, 33.52067724408763, 0.0], [74.48586449859253, 33.52254022283502, 0.0], [74.48279358684273, 33.52440930494363, 0.0], [74.47951501548033, 33.52675928634928, 0.0], [74.47638343076883, 33.52917517980202, 0.0], [74.47358843666674, 33.53093421884447, 0.0], [74.46748445619151, 33.53368368396826, 0.0], [74.46377801609125, 33.53555969407801, 0.0], [74.45986160526832, 33.537950164150544, 0.0], [74.45531764616804, 33.54126884255339, 0.0], [74.45144192196587, 33.54317258321561, 0.0], [74.44797393047565, 33.5452198433148, 0.0], [74.4443559505498, 33.54824525469882, 0.0], [74.44102795055512, 33.55191649440097, 0.0], [74.44147764674989, 33.55476518655001, 0.0], [74.43898976093631, 33.55751510564289, 0.0], [74.43586895699613, 33.560087689870485, 0.0], [74.4355040754959, 33.56038846059149, 0.0], [74.43157689426711, 33.56343924606364, 0.0], [74.4286029583087, 33.56552628742822, 0.0], [74.42612577249633, 33.56761904745192, 0.0], [74.42442411239239, 33.569908689404286, 0.0], [74.42103602710405, 33.571823265396134, 0.0], [74.41760618805117, 33.57208183507167, 0.0], [74.41473791921831, 33.57187430422706, 0.0], [74.41132937533368, 33.57167024692059, 0.0], [74.40797754870519, 33.572322955640814, 0.0], [74.40440509095042, 33.57412494125742, 0.0], [74.40135265921026, 33.57669056779919, 0.0], [74.39842725410433, 33.577521931234436, 0.0], [74.39383342183245, 33.577932485984626, 0.0], [74.3884567652514, 33.57801780736689, 0.0], [74.38522691990322, 33.58061442236628, 0.0], [74.38152951336096, 33.58178027280853, 0.0], [74.37817737819388, 33.582695493956905, 0.0], [74.37478925795885, 33.58324728318958, 0.0], [74.37143953439764, 33.58154683001286, 0.0], [74.36802703159978, 33.5816074558266, 0.0], [74.36444537597059, 33.582487771438096, 0.0], [74.36098526231504, 33.58342425465022, 0.0], [74.35647642695106, 33.58394533499733, 0.0], [74.35257751411486, 33.581298679794436, 0.0], [74.3498709274876, 33.57793267842783, 0.0], [74.34668962551756, 33.57693132185798, 0.0], [74.3438632033258, 33.57618268056503, 0.0], [74.34004732264039, 33.57485370088182, 0.0], [74.33677088577895, 33.57342601435843, 0.0], [74.33368641909323, 33.57219048755919, 0.0], [74.33030780252987, 33.57450878515992, 0.0], [74.3274219785477, 33.576425832904384, 0.0], [74.32286246986796, 33.57673891570133, 0.0], [74.31630065309562, 33.57344556409754, 0.0], [74.31317435149009, 33.57264585903024, 0.0], [74.30959703158628, 33.57223665227979, 0.0], [74.30671843158206, 33.57160415692801, 0.0], [74.30337484532063, 33.56831283559392, 0.0], [74.30053980815642, 33.56491124247509, 0.0], [74.30036603915165, 33.561743290212966, 0.0], [74.30024834263205, 33.55807268701893, 0.0], [74.29903766622411, 33.55471788964199, 0.0], [74.29623010465816, 33.55296487038765, 0.0], [74.29333705784931, 33.55105686170833, 0.0], [74.289467722492, 33.549131337752065, 0.0], [74.28484388308955, 33.548312402905175, 0.0], [74.28186804621878, 33.55062539228904, 0.0], [74.27895558729682, 33.55069000959489, 0.0], [74.27731594284421, 33.547877598752116, 0.0], [74.27243841153944, 33.54927352801235, 0.0], [74.26716562419391, 33.55086340760707, 0.0], [74.26282523119878, 33.55105749899678, 0.0], [74.25828958902405, 33.54886271046248, 0.0], [74.25492994747587, 33.544038926380345, 0.0], [74.251938720085, 33.54646154769448, 0.0], [74.25032045981891, 33.5499235805598, 0.0], [74.24891604906213, 33.55310928813847, 0.0], [74.2464253021666, 33.55532941736597, 0.0], [74.2426662738069, 33.555222664321015, 0.0], [74.23910812289094, 33.55323366024891, 0.0], [74.23614824528589, 33.55151634930059, 0.0], [74.23164036110671, 33.550539049224334, 0.0], [74.22541922611612, 33.550354045799125, 0.0], [74.22118592076531, 33.551669098277145, 0.0], [74.2185140186433, 33.55031314432226, 0.0], [74.21545383591689, 33.548883362233646, 0.0], [74.21169043546433, 33.54671116927906, 0.0], [74.21075755863106, 33.542699735555686, 0.0], [74.2090219185558, 33.53937269107686, 0.0], [74.20779725060062, 33.53631498816676, 0.0], [74.20925411057121, 33.533128413124246, 0.0], [74.21158810520046, 33.53133168588192, 0.0], [74.21310616199258, 33.527616141946226, 0.0], [74.21448750208627, 33.52324208995067, 0.0], [74.21587473849004, 33.51927038635591, 0.0], [74.21893731961151, 33.516006456890075, 0.0], [74.22185632751531, 33.51463133703936, 0.0], [74.22470144274195, 33.51067926826606, 0.0], [74.22669516455282, 33.507242361274805, 0.0], [74.2277991473086, 33.50376752997753, 0.0], [74.2271059733577, 33.49961683761654, 0.0], [74.2273522619602, 33.49657011830441, 0.0], [74.22760467718992, 33.49308431201746, 0.0], [74.22689287578713, 33.489535740640484, 0.0], [74.22344618638793, 33.485414526790116, 0.0], [74.21884534650107, 33.48256838888523, 0.0], [74.21719049085502, 33.478963308007614, 0.0], [74.21714238966203, 33.47556240863543, 0.0], [74.21699286306016, 33.4725650435764, 0.0], [74.21498740991372, 33.46877672958978, 0.0], [74.21317311906196, 33.46567162229583, 0.0], [74.21270490115447, 33.46487024559359, 0.0], [74.21101640869935, 33.460548929199355, 0.0], [74.20827893813527, 33.45605338009148, 0.0], [74.20591953020816, 33.4524708360479, 0.0], [74.20467975716019, 33.449104612309135, 0.0], [74.20149134469774, 33.447043541225874, 0.0], [74.19856928447246, 33.44538386290144, 0.0], [74.19664069910749, 33.44201942809722, 0.0], [74.19340832123905, 33.43626471707535, 0.0], [74.1917396990119, 33.43366564805476, 0.0], [74.18854363949072, 33.430956065261405, 0.0], [74.18580344002469, 33.42884890115849, 0.0], [74.18303080542272, 33.42727054383801, 0.0], [74.18711327858243, 33.42452319156003, 0.0], [74.18550087493364, 33.42185753825283, 0.0], [74.18283017835815, 33.41909565780354, 0.0], [74.18076505422465, 33.41740091505125, 0.0], [74.18073791746333, 33.41737864450064, 0.0], [74.1806836761709, 33.41733413081866, 0.0], [74.18060817244647, 33.41727216720669, 0.0], [74.18057641812815, 33.417246106993744, 0.0], [74.17762815349396, 33.414721455880596, 0.0], [74.1775254968774, 33.414661893351926, 0.0], [74.17740112217493, 33.41458973028171, 0.0], [74.1771373565274, 33.41443668984058, 0.0], [74.17633027052354, 33.4139684025431, 0.0], [74.1740348511357, 33.41263651043835, 0.0], [74.16999225890275, 33.41237160394593, 0.0], [74.16725200761131, 33.411848694849944, 0.0], [74.16600517305471, 33.41114468954618, 0.0], [74.16532395290896, 33.41093506224133, 0.0], [74.1622661011902, 33.410176087392514, 0.0], [74.16149358726132, 33.41021148931844, 0.0], [74.16071460630153, 33.41004784078483, 0.0], [74.16003011893818, 33.409296470268636, 0.0], [74.15993721272275, 33.40919448502099, 0.0], [74.15969088261824, 33.40875172073587, 0.0], [74.15859521411082, 33.407734589553264, 0.0], [74.1585568370617, 33.407686171340046, 0.0], [74.15772763834825, 33.40716655521638, 0.0], [74.15688728416816, 33.405767530259816, 0.0], [74.15651703692052, 33.40511264009137, 0.0], [74.15404016022939, 33.40351452917367, 0.0], [74.15393883143153, 33.40344887244811, 0.0], [74.15275505669318, 33.40315911143859, 0.0], [74.15171338963502, 33.40274702228613, 0.0], [74.15119887878221, 33.40220062686602, 0.0], [74.15075846975574, 33.4013881357331, 0.0], [74.1505514205063, 33.40125397736181, 0.0], [74.14579772258548, 33.39857900183026, 0.0], [74.14033945358919, 33.397379843643705, 0.0], [74.13968295928208, 33.39733318688098, 0.0], [74.13808787374597, 33.39688837445482, 0.0], [74.13776650067659, 33.396504531177094, 0.0], [74.13727935565089, 33.39579131837527, 0.0], [74.13738354669046, 33.39502963333685, 0.0], [74.13764483198273, 33.393799489458736, 0.0], [74.13791236882241, 33.39224017959697, 0.0], [74.13831309674022, 33.39111842383051, 0.0], [74.1383919209495, 33.390957826198004, 0.0], [74.13727966472905, 33.39084851340544, 0.0], [74.12897030525953, 33.39108935177987, 0.0], [74.12243491367008, 33.3919499479736, 0.0], [74.11898776554843, 33.39311347353984, 0.0], [74.11787940671816, 33.39651049748437, 0.0], [74.11318995461892, 33.39654114452434, 0.0], [74.10894109676276, 33.39493980834487, 0.0], [74.10410653378221, 33.39493805490559, 0.0], [74.0997493393657, 33.39551113271912, 0.0], [74.09383586578181, 33.39404590684644, 0.0], [74.09028846315573, 33.39573661921542, 0.0], [74.09047583330731, 33.3991789003894, 0.0], [74.08902526995527, 33.40367985243022, 0.0], [74.0892126270102, 33.40712208636415, 0.0], [74.09078703631428, 33.41172956158334, 0.0], [74.08893143060789, 33.41420564908063, 0.0], [74.0852381169734, 33.41879549686332, 0.0], [74.08197681985581, 33.42340045540671, 0.0], [74.07875151709611, 33.427280281341766, 0.0], [74.07769632757048, 33.429589031829885, 0.0], [74.07528958741796, 33.43587138322475, 0.0], [74.0742431857771, 33.43946488566074, 0.0], [74.06926113831183, 33.442360858136084, 0.0], [74.06479275534083, 33.445107218702006, 0.0], [74.0602457763095, 33.4496148433079, 0.0], [74.05894466672072, 33.45090459340466, 0.0], [74.05569967106642, 33.45514606794953, 0.0], [74.05373306722775, 33.45979586594, 0.0], [74.05658653022003, 33.46187909697709, 0.0], [74.05951216626305, 33.46544547745493, 0.0], [74.06585178445512, 33.46857355501539, 0.0], [74.06619296340372, 33.470400629838416, 0.0], [74.06469541973361, 33.47434078602985, 0.0], [74.06328888343792, 33.476469080318, 0.0], [74.06050338815321, 33.47871578316412, 0.0], [74.05881911516121, 33.47921515779426, 0.0], [74.05662055975061, 33.47986332836613, 0.0], [74.05566438981116, 33.48164452599562, 0.0], [74.05491303135429, 33.48650384100515, 0.0], [74.05339662567056, 33.49080595406368, 0.0], [74.05166687023991, 33.49074469192518, 0.0], [74.04860324686172, 33.491362223348496, 0.0], [74.04636794441656, 33.49273494915934, 0.0], [74.04617808472824, 33.49327335019116, 0.0], [74.04586225871755, 33.494168955409, 0.0], [74.04524703120263, 33.49777693182688, 0.0], [74.04339763273961, 33.50153713334115, 0.0], [74.04197224580244, 33.50402736578578, 0.0], [74.0400774715574, 33.50722695287016, 0.0], [74.03912093988019, 33.50900791952589, 0.0], [74.03648919942947, 33.50964045391918, 0.0], [74.03428159465751, 33.5090029750694, 0.0], [74.03076659026566, 33.50996703244113, 0.0], [74.02851238288105, 33.51170181056716, 0.0], [74.02746387130567, 33.51529412840171, 0.0], [74.0256502984744, 33.51832950481958, 0.0], [74.02819054984123, 33.51950868830527, 0.0], [74.0324243735615, 33.521473724520256, 0.0], [74.03410937748849, 33.52097431826803, 0.0], [74.03637229596548, 33.5205250068172, 0.0], [74.03719221610005, 33.5199948998607, 0.0], [74.03841656042225, 33.52149003007836, 0.0], [74.03783753145008, 33.52437304709561, 0.0], [74.03607915666908, 33.526321793704646, 0.0], [74.03551837985874, 33.52884244876773, 0.0], [74.0340654819299, 33.5304092070616, 0.0], [74.03144183143355, 33.53232717749852, 0.0], [74.03206007775324, 33.53578205574404, 0.0], [74.03153583019156, 33.53757807989579, 0.0], [74.03499671964799, 33.53770088048102, 0.0], [74.0414492407712, 33.53865552569948, 0.0], [74.04316578313637, 33.53972188095976, 0.0], [74.04488235544818, 33.54078821502821, 0.0], [74.04863904091383, 33.54217647389919, 0.0], [74.04951326483986, 33.54349257703396, 0.0], [74.05290116427658, 33.545064106838055, 0.0], [74.05542404686616, 33.54660495431639, 0.0], [74.0548452733488, 33.549487820422335, 0.0], [74.05513188514475, 33.55240120262417, 0.0], [74.05760916416133, 33.553381035420244, 0.0], [74.05928512604727, 33.554529021450094, 0.0], [74.06235955718586, 33.555196924724584, 0.0], [74.06583923879647, 33.55495683643405, 0.0], [74.06599892792462, 33.5549905550582, 0.0], [74.06679986140612, 33.555159670868406, 0.0], [74.07005666717026, 33.557282925983735, 0.0], [74.07090380634321, 33.55767569611804, 0.0], [74.0717509465574, 33.558068466774394, 0.0], [74.0721742432804, 33.55821864990168, 0.0], [74.07561335554868, 33.55968843656166, 0.0], [74.0758348051717, 33.5597830743825, 0.0], [74.07584232352528, 33.55978628773642, 0.0], [74.07590541547066, 33.55981325048503, 0.0], [74.07592527279863, 33.55982173676324, 0.0], [74.07954659468672, 33.562516422586484, 0.0], [74.07956164309253, 33.56254409670177, 0.0], [74.0795810058958, 33.56257970582979, 0.0], [74.07961696875202, 33.56264584157467, 0.0], [74.07963256781206, 33.56267452756617, 0.0], [74.08141004010625, 33.56594319440628, 0.0], [74.0816264403028, 33.56857739900377, 0.0], [74.08179733875201, 33.56949059389099, 0.0], [74.08158819645355, 33.573313332399486, 0.0], [74.08127117864163, 33.574174500458895, 0.0], [74.08129909258172, 33.575097717847086, 0.0], [74.08342644669521, 33.57589829202979, 0.0], [74.08537222529456, 33.58032129912506, 0.0], [74.08871553230688, 33.58133081369239, 0.0], [74.09359347697621, 33.584964561368494, 0.0], [74.09559029848364, 33.590373145539786, 0.0], [74.09200724507535, 33.59424501494101, 0.0], [74.08729642388293, 33.593815001109974, 0.0], [74.08459879267305, 33.59424919940903, 0.0], [74.0834894574867, 33.594754515275945, 0.0], [74.08238012099382, 33.59525983237079, 0.0], [74.07925940069572, 33.59696423529019, 0.0], [74.07501365665992, 33.59664871647565, 0.0], [74.07200189229634, 33.59617983323038, 0.0], [74.0655982203787, 33.59702722703531, 0.0], [74.06559787665228, 33.59702727206228, 0.0], [74.06450672803022, 33.59717023559677, 0.0], [74.06105348286812, 33.59833367675873, 0.0], [74.0576090200319, 33.59784925280999, 0.0], [74.0562922508854, 33.59816560616197, 0.0], [74.04931203804816, 33.59900752702603, 0.0], [74.04801357266548, 33.59896163074625, 0.0], [74.04404464472195, 33.60027263854004, 0.0], [74.04135609908923, 33.601991665237065, 0.0], [74.03610698063258, 33.60289435305615, 0.0], [74.03230301476103, 33.60094523685634, 0.0], [74.02740915519696, 33.59842600854808, 0.0], [74.02716643178745, 33.59824889291222, 0.0], [74.02045530709123, 33.60376293672054, 0.0], [74.02034807234409, 33.603851039227884, 0.0], [74.02016959743474, 33.603997670730685, 0.0], [74.02015268420045, 33.60401156652628, 0.0], [74.01434411693525, 33.601435492875765, 0.0], [74.00537555348053, 33.598551730728616, 0.0], [73.98933278957507, 33.6018319957369, 0.0], [73.97528524633272, 33.606862731704574, 0.0], [73.96608505098222, 33.61559579674254, 0.0], [73.95204706639548, 33.62017361666751, 0.0], [73.93896850480445, 33.61413664133428, 0.0], [73.93441351162977, 33.60782471849394, 0.0], [73.9276109807809, 33.60101541079449, 0.0], [73.91661267315983, 33.59763255483198, 0.0], [73.90864363706316, 33.59746599304787, 0.0], [73.8932714246235, 33.596242273390125, 0.0], [73.88734881395837, 33.59611747968503, 0.0], [73.88025537595752, 33.60263554569871, 0.0], [73.87391512222617, 33.60205067894522, 0.0], [73.86957529593319, 33.59592135070316, 0.0], [73.85910401272004, 33.58948099340747, 0.0], [73.85175422645243, 33.58671080812104, 0.0], [73.83836101361115, 33.59128956435501, 0.0], [73.83018743419017, 33.59778157446952, 0.0], [73.82296697953255, 33.60825828738291, 0.0], [73.81845270649552, 33.6148285661574, 0.0], [73.8120000503976, 33.61784229279766, 0.0], [73.80028313884915, 33.620290535483186, 0.0], [73.79177370653468, 33.62010458277728, 0.0], [73.78756398578024, 33.61685876148094, 0.0], [73.77974638989461, 33.61182143972655, 0.0], [73.77288180676115, 33.61076934101525, 0.0], [73.76162064373388, 33.61583702743812, 0.0], [73.74920183839404, 33.61997671622585, 0.0], [73.74501260598521, 33.61952316026697, 0.0], [73.74582045049885, 33.61107130622644, 0.0], [73.74703044402114, 33.6035294892908, 0.0], [73.74780921374467, 33.59597790375874, 0.0], [73.74532294318225, 33.588441417495034, 0.0], [73.74397641549947, 33.584359220654875, 0.0], [73.74091840512824, 33.57888485621632, 0.0], [73.73673120531038, 33.578431053375304, 0.0], [73.73177437181313, 33.581834438544085, 0.0], [73.72676618255998, 33.59019226745783, 0.0], [73.72605762802164, 33.59549254533701, 0.0], [73.71733691844086, 33.60196454323037, 0.0], [73.71139410495873, 33.605795437703954, 0.0], [73.71122001790178, 33.6111976696744, 0.0], [73.70021411926497, 33.62158148157459, 0.0], [73.69525878835627, 33.628137018290246, 0.0], [73.68975565132601, 33.631616250541526, 0.0], [73.6707067070016, 33.637219070643376, 0.0], [73.65948797811423, 33.63741262867493, 0.0], [73.648725401411, 33.64338217731391, 0.0], [73.63955925579491, 33.64668452267688, 0.0], [73.63613617825642, 33.652371869326366, 0.0], [73.63371532297107, 33.66033470695374, 0.0], [73.62937812219074, 33.66428874968621, 0.0], [73.61793342949275, 33.67114055729041, 0.0], [73.6134203917501, 33.68031561573456, 0.0], [73.60186627809291, 33.6903168211832, 0.0], [73.59998013103383, 33.69829145583588, 0.0], [73.59818642712992, 33.701488011764745, 0.0], [73.59901998996533, 33.7028770072376, 0.0], [73.59987324156826, 33.70503790683895, 0.0], [73.60003620679248, 33.70762883569862, 0.0], [73.600914606172, 33.71018832655286, 0.0], [73.60313598839915, 33.71508701448186, 0.0], [73.60318601842457, 33.71968141569305, 0.0], [73.60339928845463, 33.723069521617425, 0.0], [73.60347020323874, 33.724196039868254, 0.0], [73.60356238843396, 33.72566042106224, 0.0], [73.60302247501394, 33.72848206757961, 0.0], [73.60302055230602, 33.728485530514426, 0.0], [73.60108896628581, 33.73196448693399, 0.0], [73.5987032929108, 33.73586641872772, 0.0], [73.59870252159102, 33.73586952262874, 0.0], [73.59774873819052, 33.73970546884765, 0.0], [73.59654300320521, 33.74335567628773, 0.0], [73.59678114637532, 33.74714234681099, 0.0], [73.59677873216636, 33.74714697240429, 0.0], [73.59464599355569, 33.751232997663806, 0.0], [73.59171970923354, 33.75415920324881, 0.0], [73.58893168842395, 33.75548049701068, 0.0], [73.58621865870361, 33.7579975172407, 0.0], [73.5839576819937, 33.76009498679229, 0.0], [73.5783184791294, 33.76174067210177, 0.0], [73.57482665225476, 33.763292257893305, 0.0], [73.57260272142621, 33.76598741597064, 0.0], [73.57260189044236, 33.76599125713578, 0.0], [73.57186039290058, 33.76941718829457, 0.0], [73.57185887314216, 33.7694190300257, 0.0], [73.56963622014557, 33.77211228536431, 0.0], [73.56383212940362, 33.774963527677215, 0.0], [73.56119255010472, 33.77867577705886, 0.0], [73.55992250378652, 33.781329071086375, 0.0], [73.55992254675022, 33.7813297536859, 0.0], [73.56012181839168, 33.78451783778887, 0.0], [73.5618529652583, 33.789238552280594, 0.0], [73.56408663844194, 33.7943370044099, 0.0], [73.56683542849797, 33.800012461261886, 0.0], [73.56783855797242, 33.804565001138094, 0.0], [73.56831438545365, 33.808341179994486, 0.0], [73.56880273481465, 33.81231664130295, 0.0], [73.56970623580663, 33.815274788394916, 0.0], [73.57256989850939, 33.81894670652987, 0.0], [73.57470496526362, 33.822450551991295, 0.0], [73.57565875723408, 33.82620580495651, 0.0], [73.57639883208661, 33.830370057973056, 0.0], [73.57658634635038, 33.83335942043567, 0.0], [73.57584360872409, 33.836789086105156, 0.0], [73.57600611500901, 33.83937985778729, 0.0], [73.5769726479344, 33.84333435576727, 0.0], [73.57795177261602, 33.84748812583417, 0.0], [73.58057795754392, 33.85117023138309, 0.0], [73.58324191672891, 33.85545013924799, 0.0], [73.58716316345179, 33.86067415846089, 0.0], [73.58756493067149, 33.8632544274334, 0.0], [73.58712391208168, 33.867670074803534, 0.0], [73.58684658064587, 33.87087954621308, 0.0], [73.58778887214118, 33.87443531984233, 0.0], [73.59105779811411, 33.876890085747476, 0.0], [73.59333355234702, 33.87878877147682, 0.0], [73.59353428309387, 33.88197730887233, 0.0], [73.59352117658061, 33.88557486989678, 0.0], [73.59354571060702, 33.88977027059934, 0.0], [73.59284079574074, 33.893797768659425, 0.0], [73.5928387558173, 33.89380166938923, 0.0], [73.59091583453079, 33.89747899082346, 0.0], [73.58735539882315, 33.901831199103924, 0.0], [73.58443644835428, 33.904956268324376, 0.0], [73.57980667817642, 33.907556499556385, 0.0], [73.57526420101274, 33.91155153120374, 0.0], [73.57116187242723, 33.91492770313883, 0.0], [73.56607810416322, 33.91794682730865, 0.0], [73.56312042512367, 33.92047353582079, 0.0], [73.56134534971562, 33.92274887685167, 0.0], [73.55987162362909, 33.92601019792471, 0.0], [73.5582605214144, 33.92892055093473, 0.0], [73.55771800318311, 33.92990053199923, 0.0], [73.55449568257052, 33.93203885796429, 0.0], [73.55005288417662, 33.93383045435245, 0.0], [73.54861868232032, 33.93565228371888, 0.0], [73.54760974943385, 33.93693385740304, 0.0], [73.54760746434128, 33.936939446101825, 0.0], [73.54636193312051, 33.93998533552849, 0.0], [73.54540292618121, 33.94382354652853, 0.0], [73.54540141710623, 33.9438258360636, 0.0], [73.54255576612898, 33.94814326318174, 0.0], [73.54042572730036, 33.95243181346171, 0.0], [73.53779232919555, 33.956342477735106, 0.0], [73.5377906467804, 33.95634715833741, 0.0], [73.53677062567465, 33.95918418747256, 0.0], [73.53664334120292, 33.96098806216406, 0.0], [73.53642604393929, 33.9651936406103, 0.0], [73.53642369759035, 33.965199116679315, 0.0], [73.53537933831481, 33.96763676708036, 0.0], [73.53381694097071, 33.96950275024737, 0.0], [73.53318901121219, 33.97081066532284, 0.0], [73.53254335010894, 33.972155476779534, 0.0], [73.53254332546177, 33.97215629863865, 0.0], [73.53246564931958, 33.97475644497862, 0.0], [73.5321984316644, 33.97816486918164, 0.0], [73.5315801898566, 33.97979013655602, 0.0], [73.53157987311528, 33.97979045608323, 0.0], [73.52909789906303, 33.98229526695343, 0.0], [73.52909688385468, 33.98229959115002, 0.0], [73.5287580432813, 33.983742970328514, 0.0], [73.5287187918276, 33.983910172726816, 0.0], [73.52778337325007, 33.98814670314643, 0.0], [73.52778147061235, 33.988150331803006, 0.0], [73.52606809202693, 33.991417844536386, 0.0], [73.52332126575132, 33.99353462942672, 0.0], [73.51893673809228, 33.99632146056727, 0.0], [73.5164536267698, 33.99882632033693, 0.0], [73.51645290159578, 33.9988395151499, 0.0], [73.51633847545614, 34.00092133662529, 0.0], [73.51658647454794, 34.00490997660924, 0.0], [73.51755608211498, 34.01034091625918, 0.0], [73.51821494786431, 34.01483803624664, 0.0], [73.51813714730177, 34.01968265222783, 0.0], [73.51788956930376, 34.02179822218512, 0.0], [73.51788746883194, 34.02180171320732, 0.0], [73.51548385062453, 34.02579599279676, 0.0], [73.51212155187852, 34.03067686113583, 0.0], [73.51211943646999, 34.030682188785605, 0.0], [73.51135646237549, 34.03260420184241, 0.0], [73.51138040759405, 34.03502376774572, 0.0], [73.51180654846773, 34.039846596460656, 0.0], [73.51157619192213, 34.044276716073526, 0.0], [73.5113914782284, 34.04944155281906, 0.0], [73.51056970119483, 34.05452856011037, 0.0], [73.51056750476529, 34.05453323829804, 0.0], [73.50900640360092, 34.057858352592966, 0.0], [73.5090062955273, 34.057859242584904, 0.0], [73.50850406728466, 34.06198439056654, 0.0], [73.5077973150722, 34.06485631519124, 0.0], [73.50779569789643, 34.06485898078079, 0.0], [73.50596192930705, 34.06788202072155, 0.0], [73.50358932566594, 34.0704045831794, 0.0], [73.50010094919465, 34.073290755443146, 0.0], [73.5000992391081, 34.07329589488258, 0.0], [73.49967456311406, 34.07457195440937, 0.0], [73.50004164547741, 34.07845006168193, 0.0], [73.5001849229716, 34.08075917837775, 0.0], [73.49964948481524, 34.0843603236592, 0.0], [73.4992271296778, 34.0877461184337, 0.0], [73.50058396301316, 34.09126596356969, 0.0], [73.50125797573445, 34.09397321777506, 0.0], [73.50129469091314, 34.09660260850081, 0.0], [73.50067451037924, 34.09883925858961, 0.0], [73.50067308672713, 34.09884156441422, 0.0], [73.49860537123784, 34.10219050597919, 0.0], [73.49860372674272, 34.1021950233539, 0.0], [73.49763260222485, 34.104863218708914, 0.0], [73.49758861595478, 34.10823271435956, 0.0], [73.49834733324411, 34.11230440618544, 0.0], [73.49772696789088, 34.11454101959015, 0.0], [73.49772500348661, 34.11454527359508, 0.0], [73.4972808136219, 34.11550730350604, 0.0], [73.49728057616912, 34.11550838308669, 0.0], [73.4963925019535, 34.11954442895152, 0.0], [73.49639046885704, 34.11954862317363, 0.0], [73.49493419979213, 34.122553623083704, 0.0], [73.49493383195102, 34.12255518671596, 0.0], [73.4944333718132, 34.12467983428795, 0.0], [73.49537939859796, 34.12769110379849, 0.0], [73.4970957936069, 34.130879780413316, 0.0], [73.49719348704326, 34.132454127567314, 0.0], [73.4971910229604, 34.13245809676068, 0.0], [73.49638812309598, 34.133751513752394, 0.0], [73.49339539717003, 34.13651076562409, 0.0], [73.4917128827584, 34.137950958063705, 0.0], [73.49093341200103, 34.13966813027794, 0.0], [73.49093343759584, 34.13966855149257, 0.0], [73.49102450066816, 34.14113751698321, 0.0], [73.49290628448689, 34.14495054649517, 0.0], [73.49333567042633, 34.14646590436623, 0.0], [73.50217248104781, 34.14435701538366, 0.0]]]}}, {"type": "Feature", "properties": {"district_id": "anantnag", "display_name": "Anantnag", "source_name": "ANANTNAG", "state_ut": "Jammu and Kashmir", "objectid": 7, "dist_lgd": "014"}, "geometry": {"type": "Polygon", "coordinates": [[[75.2727000176215, 34.2507896676493, 0.0], [75.27641807847948, 34.24856384635237, 0.0], [75.28146535309061, 34.248996293406165, 0.0], [75.28717592002043, 34.24641512325195, 0.0], [75.28771732638539, 34.24248949127283, 0.0], [75.29018483043365, 34.23911963086707, 0.0], [75.2924626360822, 34.23739492299148, 0.0], [75.29339558795147, 34.23668848408225, 0.0], [75.29769374049161, 34.23594450988435, 0.0], [75.30203556048227, 34.235930242978014, 0.0], [75.3068667302054, 34.2347351537193, 0.0], [75.31088228450952, 34.23356757328872, 0.0], [75.31537538846544, 34.23240010682817, 0.0], [75.31764609113016, 34.229065622553584, 0.0], [75.31950109134446, 34.226262804393095, 0.0], [75.32481574636283, 34.22288217602298, 0.0], [75.32833780949962, 34.22233588096934, 0.0], [75.33079653320988, 34.2183735844535, 0.0], [75.33322501248111, 34.21496334189771, 0.0], [75.33673865638085, 34.21411704639819, 0.0], [75.34224885052382, 34.21349205572299, 0.0], [75.3452926794387, 34.213423729718315, 0.0], [75.34847394702156, 34.21343794014615, 0.0], [75.35246405405141, 34.21214957511007, 0.0], [75.35714815254839, 34.21238849794482, 0.0], [75.36133139798999, 34.212287577945666, 0.0], [75.3644864238779, 34.212797233421846, 0.0], [75.3694035994079, 34.21025076681748, 0.0], [75.37342350322947, 34.20781679383204, 0.0], [75.3763740128429, 34.20646451892799, 0.0], [75.37982179812391, 34.20666727557993, 0.0], [75.38351849757828, 34.20866611272845, 0.0], [75.38751819631203, 34.21014646911744, 0.0], [75.39259811594746, 34.213407751852614, 0.0], [75.39648247031005, 34.214851019249046, 0.0], [75.39930671810978, 34.2152471053613, 0.0], [75.40096579770689, 34.2158730242321, 0.0], [75.40244735319749, 34.216431947610786, 0.0], [75.40427664032597, 34.22115442617228, 0.0], [75.40388288066329, 34.226600520144224, 0.0], [75.40574617097263, 34.23220619769714, 0.0], [75.40890328252823, 34.23466852633218, 0.0], [75.41036328429497, 34.237461839713454, 0.0], [75.41124004681178, 34.23681594284209, 0.0], [75.41358599287818, 34.235087657661346, 0.0], [75.41645290235311, 34.23353746597898, 0.0], [75.41935894953151, 34.232141166174856, 0.0], [75.42272873819152, 34.23160686061559, 0.0], [75.4256615499391, 34.230839389120426, 0.0], [75.42962493567029, 34.22807719635925, 0.0], [75.43284301558053, 34.22625022842101, 0.0], [75.43592138149768, 34.22384503956123, 0.0], [75.43887795277533, 34.2209853796483, 0.0], [75.44228957543767, 34.21797206689231, 0.0], [75.44649998418097, 34.21614720626965, 0.0], [75.45039038000498, 34.213412375325596, 0.0], [75.45479371449267, 34.21159697914421, 0.0], [75.45978158064763, 34.21112346525895, 0.0], [75.46313661445775, 34.20988662745412, 0.0], [75.46629662148725, 34.20904346601363, 0.0], [75.4678562686698, 34.21210988204504, 0.0], [75.46952815121828, 34.21563124269178, 0.0], [75.47203692614916, 34.2178417146655, 0.0], [75.47520006454903, 34.22016639460242, 0.0], [75.47836046384954, 34.22152054814702, 0.0], [75.4826280280586, 34.22276543497739, 0.0], [75.48684323100115, 34.22397866786065, 0.0], [75.49204326739307, 34.22506682905047, 0.0], [75.49402783146972, 34.22781448792204, 0.0], [75.49546384271098, 34.232320344189596, 0.0], [75.49557075044903, 34.232470029490834, 0.0], [75.49581683632805, 34.23255173330907, 0.0], [75.5004396626723, 34.23408648158382, 0.0], [75.50289639242214, 34.23434698436833, 0.0], [75.50587945040458, 34.23175814319645, 0.0], [75.50605390795532, 34.23162829344791, 0.0], [75.50612027179196, 34.23157889842537, 0.0], [75.5061340799571, 34.23156862116134, 0.0], [75.5062351031862, 34.23149342891796, 0.0], [75.50627621809791, 34.23146282686548, 0.0], [75.50988320001606, 34.22877800805986, 0.0], [75.50993858171033, 34.22875536923099, 0.0], [75.51008503572292, 34.22869550233982, 0.0], [75.51014371668252, 34.22867151474169, 0.0], [75.51014865407933, 34.22866949636544, 0.0], [75.5102493222018, 34.22862834534338, 0.0], [75.51028266425647, 34.22861471555795, 0.0], [75.51282062693062, 34.2275772170941, 0.0], [75.5145909000231, 34.22671331939438, 0.0], [75.5181063262309, 34.22753227320396, 0.0], [75.521507205437, 34.22883337815212, 0.0], [75.52312959065462, 34.22899691652565, 0.0], [75.5270883547231, 34.2266878368229, 0.0], [75.52973098041406, 34.22683409246572, 0.0], [75.53214264471394, 34.22483463371555, 0.0], [75.53427101385032, 34.22365523650599, 0.0], [75.5373101793974, 34.22327427670769, 0.0], [75.53823830523027, 34.22308108980471, 0.0], [75.54142573599783, 34.2209692791737, 0.0], [75.54263673033418, 34.219960444006816, 0.0], [75.54402650940236, 34.21924011649744, 0.0], [75.54564984529733, 34.21827658913838, 0.0], [75.54669258816328, 34.21726756097998, 0.0], [75.54762157670866, 34.21592940708281, 0.0], [75.54846011508486, 34.21507820450294, 0.0], [75.54851039070397, 34.21502716937196, 0.0], [75.54856427166965, 34.21497247345139, 0.0], [75.54863299885295, 34.2149027076008, 0.0], [75.54866438081258, 34.2148708511661, 0.0], [75.5518022515586, 34.212803813415256, 0.0], [75.55188343473672, 34.212765532918645, 0.0], [75.55200379747997, 34.21270877727305, 0.0], [75.55201565428469, 34.21270318640173, 0.0], [75.55219203440058, 34.21262001669474, 0.0], [75.55394082408631, 34.21179538060178, 0.0], [75.55533006357996, 34.211408520194766, 0.0], [75.5592633767029, 34.211748681242725, 0.0], [75.56204165541388, 34.21141203930206, 0.0], [75.56360406992994, 34.21165621464155, 0.0], [75.56481921621922, 34.21180105234749, 0.0], [75.56806403047258, 34.211414958543166, 0.0], [75.57026151694207, 34.21137085201743, 0.0], [75.57165035569697, 34.21151571678861, 0.0], [75.57465558919482, 34.21252670967855, 0.0], [75.57715632684902, 34.213442694944014, 0.0], [75.57860461395592, 34.214114869611315, 0.0], [75.57993399883651, 34.21397105992346, 0.0], [75.58213230931854, 34.21219140950856, 0.0], [75.58479785662702, 34.20901452086369, 0.0], [75.5858406584772, 34.206607844802996, 0.0], [75.58618827748961, 34.205548681325936, 0.0], [75.58745873152331, 34.203565760767596, 0.0], [75.58856053562204, 34.20231295751992, 0.0], [75.5898900044399, 34.201353232473146, 0.0], [75.590931878912, 34.200916324260554, 0.0], [75.59255472613873, 34.198753177352415, 0.0], [75.59295906466345, 34.19822364532821, 0.0], [75.59283443278237, 34.197841969201406, 0.0], [75.59171958510935, 34.1932657518993, 0.0], [75.59025263419842, 34.19003347557737, 0.0], [75.58974706213532, 34.18938285301561, 0.0], [75.58906103545982, 34.18849998453317, 0.0], [75.58830257268887, 34.187523874288196, 0.0], [75.58786946796849, 34.18696647615802, 0.0], [75.5867218104281, 34.183207318271364, 0.0], [75.58679889408978, 34.17929161178929, 0.0], [75.58726874757583, 34.17534535054419, 0.0], [75.58288906527787, 34.17364668493517, 0.0], [75.57946790156129, 34.17192250320452, 0.0], [75.57660931084078, 34.16988326839111, 0.0], [75.5759482458038, 34.16636201258946, 0.0], [75.57557255730117, 34.16290817134215, 0.0], [75.57407252849514, 34.16025339716894, 0.0], [75.5722337947199, 34.15671795920802, 0.0], [75.56931915247648, 34.155758049999676, 0.0], [75.56602161036477, 34.15576180321324, 0.0], [75.56241269258224, 34.15646205901568, 0.0], [75.55753043330381, 34.15600203976108, 0.0], [75.55561376652162, 34.15585857003087, 0.0], [75.55275254389926, 34.15564435585933, 0.0], [75.5492856317012, 34.15249900514401, 0.0], [75.5484654300954, 34.149764818120474, 0.0], [75.54793413456217, 34.14694447056625, 0.0], [75.54752175975483, 34.144837875858165, 0.0], [75.54719809752679, 34.143184396918656, 0.0], [75.54563571912988, 34.139907136455875, 0.0], [75.54272555480493, 34.1375853420201, 0.0], [75.53970063044834, 34.13530999970691, 0.0], [75.54048842765978, 34.131690191842225, 0.0], [75.53925296711797, 34.12764607128886, 0.0], [75.53646954168863, 34.12341749231267, 0.0], [75.53341354348456, 34.119206309766675, 0.0], [75.53521146253748, 34.11470511274785, 0.0], [75.53687997381165, 34.111653765993125, 0.0], [75.5363967711225, 34.10818560359837, 0.0], [75.53387152510564, 34.10473547135875, 0.0], [75.53069684142572, 34.10224977260867, 0.0], [75.52896704416727, 34.09867506899336, 0.0], [75.52756266216778, 34.09545011624221, 0.0], [75.52974819601688, 34.09220275558949, 0.0], [75.53023866013902, 34.08816522426095, 0.0], [75.53125446748021, 34.0847013371141, 0.0], [75.52999593745874, 34.08131106820856, 0.0], [75.53002492761209, 34.078014534016326, 0.0], [75.53150667234708, 34.07531861800256, 0.0], [75.53231866401728, 34.07249520779097, 0.0], [75.53214058761246, 34.06887049082108, 0.0], [75.53194696170978, 34.065598298800076, 0.0], [75.53156493602096, 34.0624614357131, 0.0], [75.52888633148486, 34.059241563863296, 0.0], [75.52693453168754, 34.05439886486232, 0.0], [75.52332059308084, 34.0522767641421, 0.0], [75.52048311112951, 34.04903321499906, 0.0], [75.52033857445616, 34.04886798672537, 0.0], [75.52009046019035, 34.04614967312107, 0.0], [75.51694127646307, 34.043913413437984, 0.0], [75.51322250144719, 34.04127813517969, 0.0], [75.51023806104882, 34.040534591716586, 0.0], [75.50588097692733, 34.03943340642077, 0.0], [75.50204857130836, 34.03940768635881, 0.0], [75.4985453324922, 34.03959751377319, 0.0], [75.4950805880384, 34.04195839226689, 0.0], [75.49263713011433, 34.044022222755295, 0.0], [75.48863150862464, 34.04455457126071, 0.0], [75.48301484429405, 34.04320174490976, 0.0], [75.47951693858403, 34.03892343362729, 0.0], [75.47565296210455, 34.040058689362276, 0.0], [75.4724036013233, 34.04114465796616, 0.0], [75.46871930185206, 34.04155361775846, 0.0], [75.46364345347206, 34.04289428265691, 0.0], [75.46057739511843, 34.04080119862421, 0.0], [75.45945840347072, 34.03724656380719, 0.0], [75.45548235279561, 34.0368007503501, 0.0], [75.45264001509418, 34.0385617216343, 0.0], [75.4494561606664, 34.0415139688613, 0.0], [75.44637001300308, 34.03932236244633, 0.0], [75.44688097822126, 34.03530935718425, 0.0], [75.44440759656864, 34.032576055733735, 0.0], [75.44205648489803, 34.03095346376636, 0.0], [75.44284082429985, 34.02779953501649, 0.0], [75.43972656849165, 34.02495733788763, 0.0], [75.43560696880684, 34.02156855911095, 0.0], [75.43339744479113, 34.01887092704723, 0.0], [75.43412804664877, 34.01496634823915, 0.0], [75.43642854447754, 34.012400325099804, 0.0], [75.43702754786678, 34.00803922060723, 0.0], [75.43757271865663, 34.00200569160588, 0.0], [75.43416501697833, 33.99768095791741, 0.0], [75.43341979332675, 33.9936336709174, 0.0], [75.43091783217105, 33.991526791289644, 0.0], [75.42905747018854, 33.98922718427062, 0.0], [75.42922690017171, 33.98547261361809, 0.0], [75.42481803449131, 33.98309332114919, 0.0], [75.42040453216525, 33.980847213578194, 0.0], [75.4168204887137, 33.980567558672824, 0.0], [75.4140189817407, 33.97873654724345, 0.0], [75.41179242155447, 33.97542213437755, 0.0], [75.40894580010398, 33.973143575249104, 0.0], [75.40590053682348, 33.971173795926475, 0.0], [75.40394479967037, 33.968224422435725, 0.0], [75.39898542601243, 33.96479848869685, 0.0], [75.39464617489595, 33.96303560027771, 0.0], [75.39476389185829, 33.95930308329468, 0.0], [75.39459586398443, 33.95496840405455, 0.0], [75.39462394639642, 33.951007493881896, 0.0], [75.3946305109082, 33.95008146478472, 0.0], [75.39449013383054, 33.94637627866213, 0.0], [75.39445971149112, 33.945573243038204, 0.0], [75.39545470162726, 33.94165177087318, 0.0], [75.39217589677304, 33.93891347700943, 0.0], [75.38987741170632, 33.93643768505473, 0.0], [75.39397110400583, 33.93364965719208, 0.0], [75.39701856347831, 33.92973212896186, 0.0], [75.39593945452972, 33.92589835034981, 0.0], [75.39467938064446, 33.922494852221405, 0.0], [75.39238949702127, 33.919808601209276, 0.0], [75.39191351003474, 33.91558265772476, 0.0], [75.39491415800356, 33.91222572417803, 0.0], [75.39325867602123, 33.90750832688326, 0.0], [75.39380822192783, 33.90309033025374, 0.0], [75.3955005538186, 33.90141965419045, 0.0], [75.39684109243609, 33.90009621786054, 0.0], [75.39843823033235, 33.896608517859896, 0.0], [75.40074849268603, 33.89498593084396, 0.0], [75.40504510729838, 33.89186000383382, 0.0], [75.40997942446864, 33.89226972630001, 0.0], [75.41105112432992, 33.88925436087153, 0.0], [75.4132207751948, 33.886456988943515, 0.0], [75.41425035866477, 33.88221961596369, 0.0], [75.4146847426987, 33.8788238109439, 0.0], [75.41488388097298, 33.87752235722281, 0.0], [75.41540741669941, 33.8741006577371, 0.0], [75.4165726446531, 33.87132982857312, 0.0], [75.418321864443, 33.867722533412575, 0.0], [75.41967917362152, 33.864438123818836, 0.0], [75.42183255013985, 33.861577585798145, 0.0], [75.42396830646837, 33.8593626850346, 0.0], [75.42568787893978, 33.85700516723312, 0.0], [75.42748022646639, 33.854676141005065, 0.0], [75.42775666052584, 33.85065667210347, 0.0], [75.426838373388, 33.84543661015122, 0.0], [75.42887485311128, 33.84299588494567, 0.0], [75.43219491601677, 33.8397741164, 0.0], [75.43622970878548, 33.83759986671929, 0.0], [75.43580368483876, 33.833263431291606, 0.0], [75.4371375426553, 33.83061132661257, 0.0], [75.44015082309258, 33.82963983626554, 0.0], [75.44292387424551, 33.828142476044945, 0.0], [75.4422664632743, 33.82525486287835, 0.0], [75.44283200460939, 33.82226499777118, 0.0], [75.44519644894861, 33.81965453525158, 0.0], [75.44904323825858, 33.8171579430316, 0.0], [75.45347406933361, 33.81527880468267, 0.0], [75.45534643449399, 33.811166841999814, 0.0], [75.4525745948192, 33.80905410363271, 0.0], [75.45383643252, 33.8062117969344, 0.0], [75.456011006208, 33.803983971135686, 0.0], [75.45860395315987, 33.801596472767756, 0.0], [75.45984875729614, 33.797973211118396, 0.0], [75.46059686324803, 33.79520189109763, 0.0], [75.4635579027481, 33.79336358042327, 0.0], [75.46609966967046, 33.791826079074966, 0.0], [75.46929574247406, 33.791410283866284, 0.0], [75.47236355188436, 33.78915111912546, 0.0], [75.47580629216755, 33.78768251238854, 0.0], [75.47874702848854, 33.78637281712571, 0.0], [75.4813980148557, 33.784624028862005, 0.0], [75.48122875249601, 33.78174682025686, 0.0], [75.47963411656383, 33.77896345875711, 0.0], [75.4764358942561, 33.77574192431334, 0.0], [75.47450344381308, 33.774629272139, 0.0], [75.47329892166124, 33.77393571757413, 0.0], [75.46972698476982, 33.77281759534806, 0.0], [75.46673346588291, 33.76991306979671, 0.0], [75.46621121991215, 33.766608772171004, 0.0], [75.46898960342962, 33.764228264815515, 0.0], [75.4669861288519, 33.76102775681584, 0.0], [75.46696508213108, 33.760994134002075, 0.0], [75.46693618102897, 33.760947962331606, 0.0], [75.46688914647103, 33.76087282212672, 0.0], [75.46681701849481, 33.76075759513588, 0.0], [75.46404070357964, 33.75742924926109, 0.0], [75.4639637024163, 33.75740631511751, 0.0], [75.46383292949939, 33.757367366983985, 0.0], [75.46361543006054, 33.757302588095236, 0.0], [75.46361504899478, 33.757302480866315, 0.0], [75.46353669104862, 33.75727914023034, 0.0], [75.46349252542255, 33.75723037424181, 0.0], [75.46353021387289, 33.75709061695852, 0.0], [75.46407536491243, 33.75718489256245, 0.0], [75.46478769769442, 33.757184377171185, 0.0], [75.46572669277037, 33.7571070618564, 0.0], [75.46615062211526, 33.75705428901949, 0.0], [75.46674661748169, 33.756980097639264, 0.0], [75.46733455481959, 33.756844413274536, 0.0], [75.46770696095003, 33.75675846924755, 0.0], [75.4681429404294, 33.75670232742958, 0.0], [75.46830592815552, 33.756681338681325, 0.0], [75.46956298408927, 33.75636035211729, 0.0], [75.47037207770137, 33.75590892979369, 0.0], [75.47122425211982, 33.75549810379883, 0.0], [75.47199548227009, 33.754997118846724, 0.0], [75.47291770343661, 33.754446397098754, 0.0], [75.47323588892691, 33.75425681251617, 0.0], [75.47355407447594, 33.754067227244676, 0.0], [75.47466480150156, 33.75328199228436, 0.0], [75.47541419869503, 33.752686279374295, 0.0], [75.47586719415847, 33.75240196289531, 0.0], [75.47667056050012, 33.751747680247746, 0.0], [75.47721505252657, 33.75127838373594, 0.0], [75.4776679338952, 33.750917398678226, 0.0], [75.47771028194546, 33.75000153403626, 0.0], [75.4778386756136, 33.74932855265072, 0.0], [75.47773552311305, 33.74881467996285, 0.0], [75.47783259463485, 33.748745612822646, 0.0], [75.47892161138667, 33.74797076092267, 0.0], [75.48048547888759, 33.74711291396295, 0.0], [75.48100380455071, 33.74681832863053, 0.0], [75.48328959020904, 33.74551919535986, 0.0], [75.48442156548315, 33.744612120025934, 0.0], [75.48529489320593, 33.743944158161085, 0.0], [75.48688544089622, 33.7429600381464, 0.0], [75.48794201263695, 33.742228740612546, 0.0], [75.48794699160783, 33.74222545231914, 0.0], [75.488632098031, 33.74177288902726, 0.0], [75.4894569848022, 33.741235686385615, 0.0], [75.48999614245271, 33.74091508144559, 0.0], [75.49076729015559, 33.74061231113606, 0.0], [75.49164113466527, 33.74037262256615, 0.0], [75.49241225628559, 33.74002925623177, 0.0], [75.49299978853026, 33.7396004847287, 0.0], [75.49418574933001, 33.73880142572445, 0.0], [75.4945696494037, 33.738551352038044, 0.0], [75.49510758459942, 33.73820093408083, 0.0], [75.49575404100642, 33.73751062829011, 0.0], [75.49690126690851, 33.736012891624576, 0.0], [75.49746675137615, 33.73534518086494, 0.0], [75.49811353082889, 33.73484868320094, 0.0], [75.49878217450376, 33.73456846443781, 0.0], [75.49992690647481, 33.73386930709751, 0.0], [75.49999996200172, 33.733824687744935, 0.0], [75.50021250487924, 33.73361855095665, 0.0], [75.50135251826045, 33.732443147795536, 0.0], [75.50193975157205, 33.73054266617154, 0.0], [75.50195961571352, 33.73047837854516, 0.0], [75.50207781460918, 33.72989219691013, 0.0], [75.50223134332933, 33.72913079965682, 0.0], [75.50297125665527, 33.728513943408686, 0.0], [75.50364076691434, 33.72819004054819, 0.0], [75.5036972629455, 33.72815730342899, 0.0], [75.50452623503064, 33.727676932981566, 0.0], [75.50493183806957, 33.72696961432846, 0.0], [75.50509603227603, 33.726596423339544, 0.0], [75.50553250983234, 33.7256043582698, 0.0], [75.50660727311988, 33.72478037989306, 0.0], [75.5078113179162, 33.724028737100205, 0.0], [75.50901519384267, 33.72341679009269, 0.0], [75.50952759177483, 33.72333457389112, 0.0], [75.51013213496623, 33.72323756960321, 0.0], [75.51086614457421, 33.72299029574291, 0.0], [75.51120671546815, 33.72241355301349, 0.0], [75.5112087741959, 33.72090346093754, 0.0], [75.51130426945504, 33.72067608312945, 0.0], [75.51155509649838, 33.7200788459681, 0.0], [75.51206814648852, 33.71965101410962, 0.0], [75.51370377181165, 33.71878703844377, 0.0], [75.51464852812558, 33.71817927034652, 0.0], [75.51559337871873, 33.71757158372332, 0.0], [75.51671044510364, 33.717211921224184, 0.0], [75.51678528113223, 33.71719990194304, 0.0], [75.51782728923963, 33.71703254209351, 0.0], [75.51877123192112, 33.71703336134625, 0.0], [75.5196780297168, 33.71660140785604, 0.0], [75.52032073908738, 33.7159933336472, 0.0], [75.52059068088347, 33.71574570222265, 0.0], [75.52097962696062, 33.71534929224811, 0.0], [75.52093699734735, 33.71484890590003, 0.0], [75.5207922311307, 33.71412753036524, 0.0], [75.52015157094246, 33.71312170318405, 0.0], [75.51907913387497, 33.71229581701603, 0.0], [75.5184377404801, 33.711862523384006, 0.0], [75.5184035076005, 33.711833851137335, 0.0], [75.51796363045266, 33.71146541223402, 0.0], [75.51793550221805, 33.711013820594474, 0.0], [75.5179212322577, 33.71078473042302, 0.0], [75.51783553454051, 33.710315820725604, 0.0], [75.51676347935329, 33.70923755534839, 0.0], [75.51547539468736, 33.70844753303944, 0.0], [75.51532426233223, 33.70840186203081, 0.0], [75.51487688557692, 33.708266668998036, 0.0], [75.51418667601257, 33.70809024190602, 0.0], [75.51333027608649, 33.70718791405415, 0.0], [75.51313477943138, 33.706928692257044, 0.0], [75.51292373552414, 33.706648853544785, 0.0], [75.5129236508543, 33.70664874160758, 0.0], [75.51222776136075, 33.70574717263966, 0.0], [75.51197581894931, 33.7054207610064, 0.0], [75.5119751232551, 33.705419863199495, 0.0], [75.5119520126088, 33.70538991786067, 0.0], [75.51159667985672, 33.70492955851143, 0.0], [75.51152808709983, 33.70484069002233, 0.0], [75.51149996795401, 33.70472848628687, 0.0], [75.51136009069495, 33.70417031968767, 0.0], [75.51024502476186, 33.70312798015629, 0.0], [75.50921596848836, 33.702338174216194, 0.0], [75.50779833997238, 33.701656203668335, 0.0], [75.50739208036019, 33.701406537717425, 0.0], [75.50701764387809, 33.70117642620211, 0.0], [75.5069900983159, 33.70115949827901, 0.0], [75.50652130304286, 33.70080299703205, 0.0], [75.50501735277298, 33.700224527862716, 0.0], [75.50345976781078, 33.69990403337781, 0.0], [75.50343223749886, 33.69989836834684, 0.0], [75.50252614047045, 33.69989754677906, 0.0], [75.5013669704638, 33.699612379152384, 0.0], [75.50115789310475, 33.69874666038143, 0.0], [75.50114148297507, 33.69870551517298, 0.0], [75.50072800355105, 33.6976688010913, 0.0], [75.50028564454642, 33.69696579742772, 0.0], [75.49999996549353, 33.696511787105116, 0.0], [75.49962901293783, 33.696179214985584, 0.0], [75.49952392551924, 33.69545341114971, 0.0], [75.49958625761847, 33.69483227522608, 0.0], [75.49999992154623, 33.69387753879359, 0.0], [75.49999990708012, 33.693055436017254, 0.0], [75.50000326171966, 33.69301993139373, 0.0], [75.50000661744046, 33.692984426794936, 0.0], [75.5002672276091, 33.69179914617609, 0.0], [75.50056489379129, 33.69105105812345, 0.0], [75.50151042041963, 33.68979436059715, 0.0], [75.50301199801497, 33.68803771272711, 0.0], [75.50359262312004, 33.68739141933496, 0.0], [75.50371961363489, 33.68725006378883, 0.0], [75.50417324297104, 33.686745121707425, 0.0], [75.50424131859664, 33.68669296250039, 0.0], [75.5057656762863, 33.68552498478159, 0.0], [75.50658724054814, 33.68508778016109, 0.0], [75.50683948265026, 33.68495354477509, 0.0], [75.5078326405409, 33.68426472693472, 0.0], [75.5087346012264, 33.68318826788939, 0.0], [75.50872973128979, 33.68276447274788, 0.0], [75.50911942922906, 33.68168750394692, 0.0], [75.50851725958883, 33.68039310516533, 0.0], [75.50727369457823, 33.67892239619289, 0.0], [75.50725944187394, 33.67890682590434, 0.0], [75.50654688705899, 33.678128345400815, 0.0], [75.50637608078021, 33.67683442141761, 0.0], [75.50627940812075, 33.67603390659018, 0.0], [75.50620697857953, 33.67543413478684, 0.0], [75.50617983990225, 33.6752093981037, 0.0], [75.50617055745188, 33.675132531330334, 0.0], [75.50614517301034, 33.674922321771234, 0.0], [75.50612018572033, 33.67471540261013, 0.0], [75.50659477747007, 33.670030988153066, 0.0], [75.50679513472889, 33.668053397798275, 0.0], [75.50682615898738, 33.667807325048095, 0.0], [75.50688548380349, 33.667336770099695, 0.0], [75.50690140090462, 33.66721051726499, 0.0], [75.5069668619701, 33.66671105530657, 0.0], [75.50699206347875, 33.66651877366193, 0.0], [75.50707567596532, 33.66588081343569, 0.0], [75.50742193957363, 33.66498413939582, 0.0], [75.50753460821002, 33.66474618803616, 0.0], [75.50789775047932, 33.66397924076274, 0.0], [75.50797539133555, 33.663128751357014, 0.0], [75.50797963179883, 33.66308229789032, 0.0], [75.50824004059903, 33.6619690611368, 0.0], [75.50843471968534, 33.66150043108928, 0.0], [75.50862939830596, 33.661031800133514, 0.0], [75.50943464112353, 33.66002597216179, 0.0], [75.50950102568969, 33.6599430494395, 0.0], [75.50975837715328, 33.65956717745746, 0.0], [75.50982609631443, 33.659444826275646, 0.0], [75.50992012624941, 33.659274938436326, 0.0], [75.5105628261585, 33.65841446111428, 0.0], [75.51067111352765, 33.65829933915974, 0.0], [75.51150751515766, 33.657410136700655, 0.0], [75.51226004829185, 33.65698027358622, 0.0], [75.51301257813564, 33.656550405663566, 0.0], [75.51446882899984, 33.655938708672764, 0.0], [75.51533178949254, 33.65551120824347, 0.0], [75.51636220945798, 33.65489900906063, 0.0], [75.51670240070676, 33.65439891067086, 0.0], [75.51621244351509, 33.6538936242677, 0.0], [75.51560415566874, 33.653257597110326, 0.0], [75.51473208815965, 33.65235064269683, 0.0], [75.51353079698772, 33.651736464633046, 0.0], [75.51273849680823, 33.65168166780204, 0.0], [75.51194620707797, 33.65162686840066, 0.0], [75.51052855695676, 33.65166159169388, 0.0], [75.50962858997048, 33.651480500103105, 0.0], [75.50847039374402, 33.650979016379914, 0.0], [75.5073994304971, 33.6497563413754, 0.0], [75.50708984729863, 33.649467881239964, 0.0], [75.50624199025746, 33.64867786814191, 0.0], [75.50575359924395, 33.64842955991187, 0.0], [75.50505164678243, 33.648072671342405, 0.0], [75.50398230257842, 33.64770535029458, 0.0], [75.50449268040344, 33.646922557301785, 0.0], [75.50530778626116, 33.64602631813321, 0.0], [75.50577475269515, 33.64534772530925, 0.0], [75.50599909048209, 33.64502171700067, 0.0], [75.50601291124696, 33.64457143019068, 0.0], [75.5060441944739, 33.64355219698373, 0.0], [75.5057011647583, 33.6421498356572, 0.0], [75.50557289578035, 33.64134737076435, 0.0], [75.50506126418809, 33.641058319035345, 0.0], [75.50437346783404, 33.640730510770304, 0.0], [75.50407562659204, 33.640588557402396, 0.0], [75.50317590231964, 33.64037133802696, 0.0], [75.50257301921401, 33.639834255123574, 0.0], [75.50197602346888, 33.638972630236594, 0.0], [75.50163667835328, 33.63822495917648, 0.0], [75.50150318475093, 33.637930832968365, 0.0], [75.50090609241906, 33.63714135744282, 0.0], [75.5007206831551, 33.637032529051005, 0.0], [75.50050717500366, 33.636907207834625, 0.0], [75.4999999972049, 33.63664042484692, 0.0], [75.4995175326644, 33.63582474179602, 0.0], [75.49930170593613, 33.63502857569089, 0.0], [75.49924477593889, 33.63474680983842, 0.0], [75.49905729691957, 33.63381889869956, 0.0], [75.49902409854369, 33.62996940421915, 0.0], [75.4992150624745, 33.62929912879004, 0.0], [75.49955498808937, 33.629089228873475, 0.0], [75.49999992051762, 33.629008692023504, 0.0], [75.50112839393285, 33.628626124778165, 0.0], [75.50220050754157, 33.62880748418882, 0.0], [75.5037460679597, 33.62960238535514, 0.0], [75.50489633566843, 33.63056333851553, 0.0], [75.50520474762601, 33.63082098831009, 0.0], [75.5065286004752, 33.632115978591685, 0.0], [75.5074328984234, 33.632905791747056, 0.0], [75.50803075332055, 33.633158763990984, 0.0], [75.50888811888136, 33.63283947243786, 0.0], [75.50932000585898, 33.63226289342331, 0.0], [75.5100050441642, 33.63179467331157, 0.0], [75.51052297838795, 33.63133083730555, 0.0], [75.51048125960277, 33.63021739426898, 0.0], [75.50992409945115, 33.6277374839932, 0.0], [75.5094145619883, 33.62594284274026, 0.0], [75.50921956436898, 33.625494405359085, 0.0], [75.5088988116576, 33.62475676013155, 0.0], [75.50864171295093, 33.623625079649806, 0.0], [75.50783047112452, 33.62179406096564, 0.0], [75.50765964350907, 33.62064434634565, 0.0], [75.50791921882227, 33.61992335674305, 0.0], [75.50873368868737, 33.61927945628482, 0.0], [75.50984951310126, 33.61899201544758, 0.0], [75.51070590835934, 33.61920918532198, 0.0], [75.51259566315504, 33.62036044330149, 0.0], [75.51327923328537, 33.62095383171515, 0.0], [75.5139628059671, 33.62154721610167, 0.0], [75.51542206724412, 33.62233746013323, 0.0], [75.51597932012395, 33.622696314780946, 0.0], [75.51653657527957, 33.623055168045795, 0.0], [75.51803903603756, 33.623813813567416, 0.0], [75.51880946365556, 33.6239586816247, 0.0], [75.52031256429208, 33.62420788508619, 0.0], [75.52177278216655, 33.6242812836675, 0.0], [75.522500091727, 33.62439005290577, 0.0], [75.52267312937148, 33.62388983095778, 0.0], [75.52250176152947, 33.622952004291264, 0.0], [75.52241710808597, 33.621590534015596, 0.0], [75.5223332858011, 33.61961601543475, 0.0], [75.52218324902817, 33.618914900348486, 0.0], [75.52203321400562, 33.618213784447214, 0.0], [75.52212082355246, 33.61699219564346, 0.0], [75.52203543390007, 33.61627542906777, 0.0], [75.52233768949812, 33.615842849453905, 0.0], [75.5229790982572, 33.615627010948785, 0.0], [75.52396236248016, 33.61552445453393, 0.0], [75.5240083831456, 33.61551965471088, 0.0], [75.52495693584336, 33.615272471005575, 0.0], [75.52619671124631, 33.614768615256615, 0.0], [75.52685281051676, 33.61409585576454, 0.0], [75.52685686209966, 33.614091700842756, 0.0], [75.5269235014982, 33.61402336793846, 0.0], [75.52693034960829, 33.6140163449533, 0.0], [75.52693065414512, 33.61401605926179, 0.0], [75.52754517375863, 33.61343982414127, 0.0], [75.52779175739548, 33.61265667921411, 0.0], [75.52814541177963, 33.61153346058013, 0.0], [75.52875014016581, 33.61038433874856, 0.0], [75.52990948147, 33.609452099997334, 0.0], [75.52999721294479, 33.6093951879633, 0.0], [75.53106861058545, 33.60870014703236, 0.0], [75.53209846451799, 33.607875954199976, 0.0], [75.5328264878876, 33.607227396353835, 0.0], [75.53278423873891, 33.60647455290136, 0.0], [75.53288529465189, 33.60605500169976, 0.0], [75.53290502119984, 33.60597310241654, 0.0], [75.53311562882091, 33.60509870999457, 0.0], [75.53313055694223, 33.60503673075279, 0.0], [75.53316120070794, 33.60498057014333, 0.0], [75.53360016951596, 33.60417606442199, 0.0], [75.53394627744969, 33.60288254912281, 0.0], [75.53429183559503, 33.60216600308682, 0.0], [75.5346267760126, 33.6011790122681, 0.0], [75.53455221768483, 33.600980836141, 0.0], [75.53449665988941, 33.600833163587566, 0.0], [75.53436893392714, 33.60049366268805, 0.0], [75.53424206786379, 33.600362682285144, 0.0], [75.5339746704459, 33.600453120415494, 0.0], [75.53078474676698, 33.59716635014681, 0.0], [75.52739298297625, 33.5930209314257, 0.0], [75.5255117912977, 33.589410813912885, 0.0], [75.5236694394688, 33.58721846582521, 0.0], [75.51942284646252, 33.586855419740566, 0.0], [75.51684535678376, 33.58487534455223, 0.0], [75.51272339748425, 33.5825733810045, 0.0], [75.50978106643414, 33.581075540195855, 0.0], [75.50887551963129, 33.57758778534277, 0.0], [75.50722136490994, 33.57414407137577, 0.0], [75.50590065677576, 33.569826004354645, 0.0], [75.50632825176247, 33.56757241588593, 0.0], [75.50651809550692, 33.56657184290258, 0.0], [75.50675583310377, 33.56531882460405, 0.0], [75.50788844324802, 33.562638468138296, 0.0], [75.50714133719558, 33.55960383359928, 0.0], [75.50507881786397, 33.555906450968756, 0.0], [75.50346387343293, 33.55177895488523, 0.0], [75.50358789091709, 33.54893948715211, 0.0], [75.50596594018681, 33.5463049282806, 0.0], [75.50823070146441, 33.5442483749776, 0.0], [75.51110392804945, 33.54344184337091, 0.0], [75.51333504261974, 33.54161814182854, 0.0], [75.51142375386205, 33.53742323381498, 0.0], [75.51038034600893, 33.532788792815715, 0.0], [75.51024428451115, 33.532102357685844, 0.0], [75.50954954734627, 33.52859727964793, 0.0], [75.50534965553265, 33.52720093466102, 0.0], [75.50241474730204, 33.52759779515854, 0.0], [75.49918778934699, 33.528846571918955, 0.0], [75.49890266126812, 33.52876763026697, 0.0], [75.49868040979327, 33.52870609652718, 0.0], [75.49867948067597, 33.52870583946803, 0.0], [75.4986712226269, 33.528703553208004, 0.0], [75.49865905203136, 33.5287001835776, 0.0], [75.49863544705813, 33.52869364813954, 0.0], [75.49861512664785, 33.52868802235032, 0.0], [75.49858926800987, 33.528680863339694, 0.0], [75.49854333010701, 33.52866814484268, 0.0], [75.49852164979781, 33.52866214251854, 0.0], [75.49851491671221, 33.52866027800651, 0.0], [75.4983516635008, 33.52861507888502, 0.0], [75.49834468499262, 33.52861314702758, 0.0], [75.4983358664716, 33.528610706070275, 0.0], [75.4983357807532, 33.52861068200789, 0.0], [75.49831363002622, 33.52860454915387, 0.0], [75.4983101107574, 33.52860357516498, 0.0], [75.49827870646567, 33.52859487995514, 0.0], [75.49819527206748, 33.528571780217916, 0.0], [75.49801831929535, 33.52852278831232, 0.0], [75.49800744435278, 33.528519777113445, 0.0], [75.49793052240999, 33.52849847963047, 0.0], [75.49789766501388, 33.52848938264689, 0.0], [75.49789048506867, 33.52848739458515, 0.0], [75.49782357760336, 33.52846886935712, 0.0], [75.49780468470789, 33.52846363812899, 0.0], [75.49779887751278, 33.528462030564384, 0.0], [75.49779090562053, 33.52845982357184, 0.0], [75.49777770202506, 33.5284561677254, 0.0], [75.49771791237474, 33.52843961343729, 0.0], [75.49765863499053, 33.52842320072737, 0.0], [75.49763472470511, 33.52841658077871, 0.0], [75.4975459303532, 33.528391993941554, 0.0], [75.49753244815432, 33.528388260777035, 0.0], [75.49752480525355, 33.52838614511569, 0.0], [75.49750667644773, 33.52838112568494, 0.0], [75.49750086817896, 33.528379518080634, 0.0], [75.49744737444718, 33.52836470679492, 0.0], [75.4973085231186, 33.52832626218097, 0.0], [75.49730715571489, 33.52832588363253, 0.0], [75.49728412955744, 33.52831950860963, 0.0], [75.49718500152872, 33.52829206267617, 0.0], [75.49718210062693, 33.528291259408206, 0.0], [75.49699696683149, 33.52824000022549, 0.0], [75.49691608021232, 33.5282176047448, 0.0], [75.49676834966183, 33.528176702483, 0.0], [75.49590407842723, 33.52793740366494, 0.0], [75.49587315315172, 33.5279211637137, 0.0], [75.4931336511868, 33.52648249699161, 0.0], [75.48962098264572, 33.52464350128445, 0.0], [75.4857428105425, 33.52171312322377, 0.0], [75.48373703530625, 33.51687706894062, 0.0], [75.48180885146132, 33.511896497920304, 0.0], [75.47677623483291, 33.50850259535305, 0.0], [75.47315125164194, 33.50521920762191, 0.0], [75.46977557348946, 33.50203693742451, 0.0], [75.46709690953455, 33.49960664177351, 0.0], [75.46714411766973, 33.497753427907426, 0.0], [75.46719304516178, 33.495832629168845, 0.0], [75.46784046212765, 33.491227197783296, 0.0], [75.46817069449509, 33.488120880603546, 0.0], [75.46873264578436, 33.4853435301332, 0.0], [75.47082717908701, 33.48306399610544, 0.0], [75.47228167433116, 33.47903179045952, 0.0], [75.47410718848242, 33.47595361206164, 0.0], [75.47690623498065, 33.47291960609409, 0.0], [75.48045505601628, 33.470879014441074, 0.0], [75.48179715758845, 33.465251781142705, 0.0], [75.48184528058952, 33.464295203480226, 0.0], [75.48197564154331, 33.46170382271255, 0.0], [75.4827355211826, 33.4585474822913, 0.0], [75.48611766274936, 33.45587795305272, 0.0], [75.48925518173726, 33.4526931696603, 0.0], [75.48847990304711, 33.45029666650538, 0.0], [75.48794353814314, 33.44863862742261, 0.0], [75.48758644992685, 33.4469857744974, 0.0], [75.48702337033824, 33.44437933220353, 0.0], [75.48333531056402, 33.44149296259404, 0.0], [75.48298389104819, 33.44116131852273, 0.0], [75.47997879441193, 33.43832520509172, 0.0], [75.48293104556645, 33.434935586335584, 0.0], [75.483419861029, 33.43096352544566, 0.0], [75.4810692364914, 33.428646923178924, 0.0], [75.47858256952938, 33.42635897162592, 0.0], [75.47731727540648, 33.424756814552175, 0.0], [75.47716124116833, 33.42455924431365, 0.0], [75.47710253556032, 33.42448490909605, 0.0], [75.47605199893617, 33.423154651178656, 0.0], [75.47435754346637, 33.41915849564776, 0.0], [75.47591538683538, 33.416668788927, 0.0], [75.47750638908065, 33.41514748431208, 0.0], [75.47848473757668, 33.41421196297325, 0.0], [75.4793110257911, 33.412616048807834, 0.0], [75.47932236019986, 33.41259415783472, 0.0], [75.47937498546679, 33.41249251592888, 0.0], [75.47947790400171, 33.412293733092824, 0.0], [75.48026521260898, 33.4107730613196, 0.0], [75.4828305768993, 33.407296696457074, 0.0], [75.4829498534257, 33.40713505706148, 0.0], [75.48278865550841, 33.40705901437552, 0.0], [75.48259607257299, 33.4069681686238, 0.0], [75.47746001048202, 33.404545213342004, 0.0], [75.47503410173393, 33.403000976608375, 0.0], [75.47108833985084, 33.40120989386806, 0.0], [75.46440130089154, 33.40401852104888, 0.0], [75.46418167761087, 33.40411075812745, 0.0], [75.46163621690971, 33.402582839494954, 0.0], [75.46157688252441, 33.40254722243145, 0.0], [75.46118774669503, 33.402313635617666, 0.0], [75.46092604740929, 33.402156543553176, 0.0], [75.46069846960671, 33.4020199325485, 0.0], [75.45794346485488, 33.40105841971549, 0.0], [75.45702882145622, 33.40073920298732, 0.0], [75.45548052140995, 33.400198836662405, 0.0], [75.45519971163478, 33.40003383107814, 0.0], [75.45499551395083, 33.399913842744894, 0.0], [75.45495304978373, 33.399888890246295, 0.0], [75.45463840015705, 33.39970399801295, 0.0], [75.45365504655629, 33.399126158212695, 0.0], [75.45201476119789, 33.39816226465977, 0.0], [75.45031125107549, 33.395393100024414, 0.0], [75.44927855775761, 33.39130036716199, 0.0], [75.44751525012606, 33.38739290801787, 0.0], [75.44662899411036, 33.38468626537728, 0.0], [75.44575631902951, 33.3809683467348, 0.0], [75.4422019780183, 33.37899502197202, 0.0], [75.4368451667, 33.37952978739508, 0.0], [75.43228850050205, 33.37959967753363, 0.0], [75.42806545725074, 33.38022368618861, 0.0], [75.42411498487037, 33.380862061730845, 0.0], [75.4187833163693, 33.38132278763921, 0.0], [75.41584392730972, 33.381082644575514, 0.0], [75.41263760760044, 33.37879579440388, 0.0], [75.40959523191832, 33.37600172368189, 0.0], [75.40753104727439, 33.373932985088096, 0.0], [75.4045214960914, 33.371864588837155, 0.0], [75.40184314052536, 33.369263991715826, 0.0], [75.40091245159982, 33.36860952028486, 0.0], [75.3993858023423, 33.36753593337263, 0.0], [75.39894353714267, 33.36722491129696, 0.0], [75.39853856221802, 33.36694011156888, 0.0], [75.39796907862981, 33.36653961576033, 0.0], [75.39192907190079, 33.36615772083301, 0.0], [75.38987392107637, 33.36602772899153, 0.0], [75.3894559307238, 33.36597113349996, 0.0], [75.38922710953767, 33.3659401509014, 0.0], [75.38866829816314, 33.36586448653828, 0.0], [75.38414652586256, 33.365252154710724, 0.0], [75.38092480056464, 33.36491199808212, 0.0], [75.37755633368505, 33.367163218946956, 0.0], [75.37668967674487, 33.370853915221595, 0.0], [75.37665214785865, 33.37434314283564, 0.0], [75.37434774382545, 33.37795250686021, 0.0], [75.36984954726988, 33.379045118854535, 0.0], [75.36622775322734, 33.38080532727288, 0.0], [75.36136472032604, 33.381131758018064, 0.0], [75.35760139674159, 33.38129659332915, 0.0], [75.35516596286848, 33.38301308318112, 0.0], [75.35321478684536, 33.38343970587134, 0.0], [75.35095279333075, 33.38393425519663, 0.0], [75.34705350424734, 33.3860928739025, 0.0], [75.34467227709364, 33.3879947400989, 0.0], [75.34076428670085, 33.39104121760087, 0.0], [75.33774849100533, 33.39324937936249, 0.0], [75.33382081951031, 33.39509798685049, 0.0], [75.3308086334703, 33.39654087420623, 0.0], [75.33062669740384, 33.40037435525919, 0.0], [75.32961447239579, 33.404226575762905, 0.0], [75.32525670131236, 33.4082406103241, 0.0], [75.32428914748182, 33.409131784956756, 0.0], [75.3211851055379, 33.410721290227166, 0.0], [75.31817019543857, 33.412187629549905, 0.0], [75.31816967804392, 33.4121878809846, 0.0], [75.31816931901848, 33.412188176758484, 0.0], [75.31816891846071, 33.41218851039132, 0.0], [75.3155654836989, 33.41435226028643, 0.0], [75.31324650842738, 33.417371625819, 0.0], [75.31131482152188, 33.41982299610552, 0.0], [75.31085847768237, 33.42040939939776, 0.0], [75.31057976693312, 33.42076753736184, 0.0], [75.3088126333007, 33.42303823767494, 0.0], [75.30581636651054, 33.42534699715331, 0.0], [75.30358540473715, 33.4263571057834, 0.0], [75.30323252956643, 33.42651687145766, 0.0], [75.30302891121815, 33.42660906037681, 0.0], [75.30297114550692, 33.426635213843234, 0.0], [75.30285293633777, 33.42668873333012, 0.0], [75.29949607438539, 33.429139150254315, 0.0], [75.299462486843, 33.429169960288, 0.0], [75.29941460105536, 33.429213885664396, 0.0], [75.2992781617174, 33.429339039707415, 0.0], [75.29927731598455, 33.429339816297755, 0.0], [75.29620291756181, 33.43215981828932, 0.0], [75.29210295410037, 33.43431838644816, 0.0], [75.288571111532, 33.437280437395415, 0.0], [75.28663336383549, 33.442010349095064, 0.0], [75.28485828652057, 33.445207543453414, 0.0], [75.28116300932291, 33.44982780728132, 0.0], [75.27925652835341, 33.451605689575494, 0.0], [75.27520226965477, 33.455386189725864, 0.0], [75.27260759175151, 33.457475827907224, 0.0], [75.26935650137206, 33.4596595154338, 0.0], [75.26684710784728, 33.462884437964135, 0.0], [75.26348530184549, 33.46513169037592, 0.0], [75.26050649180526, 33.46851299364943, 0.0], [75.25703522741902, 33.471229627750574, 0.0], [75.25393635848249, 33.472832778017064, 0.0], [75.2505463984843, 33.47422396212597, 0.0], [75.2476662621585, 33.47622453407742, 0.0], [75.24681338942794, 33.479006675714885, 0.0], [75.24510314411485, 33.481711436990864, 0.0], [75.24299580140676, 33.48495492182616, 0.0], [75.23911011008823, 33.487079302625226, 0.0], [75.23490270622331, 33.48929551323505, 0.0], [75.23208108011025, 33.49245282609482, 0.0], [75.23032870861701, 33.495948358826354, 0.0], [75.22897049591661, 33.497048383923556, 0.0], [75.22470424173113, 33.50050341991635, 0.0], [75.22207278938565, 33.50230892374141, 0.0], [75.21787374213474, 33.502657292880684, 0.0], [75.2151224347175, 33.50455728165303, 0.0], [75.21257929943992, 33.50633727807995, 0.0], [75.20967032366804, 33.50801922734273, 0.0], [75.20634238972092, 33.50909567981565, 0.0], [75.20387678909786, 33.511685818423246, 0.0], [75.20114007160856, 33.51459771255362, 0.0], [75.19875163819255, 33.51645981314724, 0.0], [75.19564233289321, 33.516761675156076, 0.0], [75.18972834605735, 33.51688008376398, 0.0], [75.18575304762112, 33.51758319060011, 0.0], [75.18190998100332, 33.51977726007828, 0.0], [75.17836538032854, 33.5226678566382, 0.0], [75.17418361055093, 33.524653340385846, 0.0], [75.17129715554192, 33.52507951457393, 0.0], [75.1666494431054, 33.52474344897374, 0.0], [75.16232177148234, 33.52460251391212, 0.0], [75.15826334114328, 33.52388809387863, 0.0], [75.15439097112107, 33.52415254804363, 0.0], [75.15360826145144, 33.52420599017196, 0.0], [75.14952813839773, 33.52500847573835, 0.0], [75.14628630575464, 33.524768543572584, 0.0], [75.14241585846389, 33.525333593359356, 0.0], [75.14276116788444, 33.529987947902015, 0.0], [75.14194008438868, 33.534773577633516, 0.0], [75.14396841872049, 33.538825025041014, 0.0], [75.14504530827034, 33.54262367311214, 0.0], [75.1451097587523, 33.5428510071667, 0.0], [75.14519940780607, 33.5431672205403, 0.0], [75.14525237529426, 33.543354049563455, 0.0], [75.1453266681252, 33.543616097772706, 0.0], [75.14721143580418, 33.548512590764794, 0.0], [75.14783117040231, 33.548909537297575, 0.0], [75.14800816250057, 33.549022901769256, 0.0], [75.15048091593711, 33.55060666685908, 0.0], [75.15198775452284, 33.556157673435, 0.0], [75.15359937012397, 33.55911502480625, 0.0], [75.15654423447971, 33.562011513903784, 0.0], [75.16011751752745, 33.56561165263325, 0.0], [75.16009415463958, 33.5687770215819, 0.0], [75.16252186243794, 33.57269820990411, 0.0], [75.16663293043592, 33.5768149137846, 0.0], [75.16962449780583, 33.5797034729591, 0.0], [75.16946778370192, 33.58254202938963, 0.0], [75.16946627530488, 33.58256934656806, 0.0], [75.16947302154574, 33.58601991426022, 0.0], [75.16951141180543, 33.5906041949257, 0.0], [75.17570801908153, 33.590935381196964, 0.0], [75.1719170073698, 33.59310130685211, 0.0], [75.16892709121517, 33.59466817126699, 0.0], [75.16527809172479, 33.59576711270846, 0.0], [75.1629044752206, 33.59109215172432, 0.0], [75.16017447886765, 33.58916171538906, 0.0], [75.15674416608232, 33.58996745334921, 0.0], [75.15214674300974, 33.58917652318284, 0.0], [75.14908625045275, 33.5924933917086, 0.0], [75.14602081228219, 33.59159541306807, 0.0], [75.14067763405185, 33.590318504297045, 0.0], [75.13515237484597, 33.59096574259417, 0.0], [75.13857653810635, 33.596875062277924, 0.0], [75.14073879774652, 33.60249048828493, 0.0], [75.14018655550545, 33.606761157744316, 0.0], [75.13737015650356, 33.61106550817416, 0.0], [75.12995936432299, 33.61511992944889, 0.0], [75.12699947842032, 33.61832084698657, 0.0], [75.12764774851875, 33.62189495806769, 0.0], [75.13521086732398, 33.6244561193467, 0.0], [75.13570827579682, 33.628260682755965, 0.0], [75.1337200243182, 33.63088221217706, 0.0], [75.13151524255676, 33.63496469561006, 0.0], [75.12589860295385, 33.63491346801323, 0.0], [75.1229007156203, 33.63933867633777, 0.0], [75.12154669534466, 33.64480570808215, 0.0], [75.12008595199373, 33.648470763613496, 0.0], [75.12704828647875, 33.65026612218923, 0.0], [75.13346140254349, 33.65201563678741, 0.0], [75.1375120496324, 33.654168469065304, 0.0], [75.13165218735261, 33.65752909006307, 0.0], [75.12747182047704, 33.6611217698383, 0.0], [75.12406255939526, 33.66495211312371, 0.0], [75.12043989882386, 33.671587750678356, 0.0], [75.11657217504504, 33.67251029289619, 0.0], [75.10221977916417, 33.67391362956677, 0.0], [75.10438599817286, 33.67889275441536, 0.0], [75.10772576279118, 33.68560746185134, 0.0], [75.10329426255932, 33.68447837368094, 0.0], [75.09943810910686, 33.68491861617218, 0.0], [75.09771001311158, 33.688521747315136, 0.0], [75.09941515869309, 33.69078317362774, 0.0], [75.10161627889137, 33.69336575517608, 0.0], [75.10379041574427, 33.697243608842385, 0.0], [75.10449197774358, 33.69903224276631, 0.0], [75.10587659393286, 33.70256212504333, 0.0], [75.10570479771006, 33.70324436820986, 0.0], [75.10568070154869, 33.70331155024981, 0.0], [75.10401039577212, 33.707968356946125, 0.0], [75.10310377584317, 33.71236979889211, 0.0], [75.0976158858318, 33.71344838703792, 0.0], [75.0950669166051, 33.714787732764556, 0.0], [75.0938178631596, 33.71587529060114, 0.0], [75.09266906811183, 33.717213515165916, 0.0], [75.09252109715676, 33.71913607708506, 0.0], [75.09377194175859, 33.71963664197124, 0.0], [75.09532338486939, 33.72059668007052, 0.0], [75.09632485511825, 33.72168250499931, 0.0], [75.09682649113542, 33.72301946883352, 0.0], [75.09742850353085, 33.72464889722807, 0.0], [75.09725697026057, 33.7267826770856, 0.0], [75.09928281750726, 33.72901801896475, 0.0], [75.10322874650328, 33.732719765045125, 0.0], [75.10567697695468, 33.73501705594885, 0.0], [75.10559535937837, 33.736385825185415, 0.0], [75.10564625121305, 33.737096249567166, 0.0], [75.10604900148441, 33.73918551833552, 0.0], [75.10660508512815, 33.740401292879476, 0.0], [75.10274650577983, 33.74150233464408, 0.0], [75.10011830422651, 33.741367272701645, 0.0], [75.09699681386152, 33.74075226795509, 0.0], [75.09484363545101, 33.739517067335505, 0.0], [75.09197787251098, 33.73856151687129, 0.0], [75.09152332033904, 33.73849402472478, 0.0], [75.09132036315098, 33.73846388881806, 0.0], [75.0912615766724, 33.73845516007651, 0.0], [75.09019419137314, 33.738296664461245, 0.0], [75.08997226309042, 33.7382637090919, 0.0], [75.08763850477295, 33.738209658954425, 0.0], [75.0874655886029, 33.73820565156187, 0.0], [75.08569337666461, 33.73874219214433, 0.0], [75.08606123773663, 33.73981446563166, 0.0], [75.08685740276765, 33.741243949409686, 0.0], [75.08808153600906, 33.74267312111838, 0.0], [75.08808294574037, 33.74405208637138, 0.0], [75.08759448423078, 33.74466530818452, 0.0], [75.08661733502666, 33.74568745394478, 0.0], [75.08619009377436, 33.74640277095876, 0.0], [75.08612987431272, 33.74732212432804, 0.0], [75.08631400512314, 33.748037014908874, 0.0], [75.0868538411544, 33.74887616707798, 0.0], [75.08601378638319, 33.75089110984948, 0.0], [75.08509599740225, 33.7517550414212, 0.0], [75.08429236577625, 33.75194743609336, 0.0], [75.08257026157919, 33.75233228619634, 0.0], [75.08188175595156, 33.75284432701174, 0.0], [75.08165309152372, 33.753899615917454, 0.0], [75.08100480053335, 33.756489926099235, 0.0], [75.08039445092355, 33.75876046758744, 0.0], [75.07989761084276, 33.759624083556965, 0.0], [75.07863510961765, 33.760456215110956, 0.0], [75.07741135595406, 33.76183186403592, 0.0], [75.07431358451541, 33.76535088703312, 0.0], [75.07293652900016, 33.766694609056614, 0.0], [75.07274567686693, 33.767366171445914, 0.0], [75.07439283048498, 33.768452297704556, 0.0], [75.07513958848034, 33.76869164914467, 0.0], [75.07702189956385, 33.769156773631295, 0.0], [75.07551296863619, 33.76881132310207, 0.0], [75.07089209425584, 33.769857382057324, 0.0], [75.07053468588339, 33.77074785118852, 0.0], [75.06860308397637, 33.77556006982069, 0.0], [75.06640105249652, 33.7785080127408, 0.0], [75.06068252294112, 33.77859831229757, 0.0], [75.0561123487199, 33.775135398937465, 0.0], [75.05263641674861, 33.772693521722914, 0.0], [75.04889259405995, 33.773769650964205, 0.0], [75.04481576579738, 33.774204343060816, 0.0], [75.04100830453834, 33.773841984797535, 0.0], [75.0376726326633, 33.772062625094726, 0.0], [75.03565383330061, 33.773782272633945, 0.0], [75.03242707391796, 33.77568382738479, 0.0], [75.03000440978448, 33.77968688720593, 0.0], [75.02974730033348, 33.784020014249435, 0.0], [75.02912068413882, 33.78904996521711, 0.0], [75.03031018289543, 33.793851131001404, 0.0], [75.03350965695724, 33.796334866318624, 0.0], [75.0373594584342, 33.79714944660801, 0.0], [75.04114615845432, 33.79843109780557, 0.0], [75.04452164250982, 33.7984970772588, 0.0], [75.04773639322484, 33.79838845671404, 0.0], [75.05083469524942, 33.799221901800074, 0.0], [75.0527278627111, 33.802474686810754, 0.0], [75.05519211772334, 33.8067549034395, 0.0], [75.05541777226448, 33.8096526193249, 0.0], [75.05362076410836, 33.81252876386193, 0.0], [75.05693090686785, 33.81555956415478, 0.0], [75.06039620860518, 33.81803242222609, 0.0], [75.06360333138369, 33.81809489808164, 0.0], [75.062813282465, 33.8232322855803, 0.0], [75.06110385048154, 33.828176860943415, 0.0], [75.05962152814561, 33.83352820476527, 0.0], [75.0641617838283, 33.834692885520376, 0.0], [75.06557527268869, 33.835055448195476, 0.0], [75.06715775408485, 33.83902991044719, 0.0], [75.06631505179806, 33.83997604095433, 0.0], [75.06372039233683, 33.84288901336507, 0.0], [75.06067932145106, 33.846150222365864, 0.0], [75.0559164243627, 33.84742319423635, 0.0], [75.0514528569316, 33.85159640892581, 0.0], [75.04652415560533, 33.852951961807, 0.0], [75.05257522502349, 33.85615493112786, 0.0], [75.0574454158005, 33.857328486596984, 0.0], [75.05828834773601, 33.85380893433924, 0.0], [75.06131836072339, 33.853741080932686, 0.0], [75.06424558596883, 33.851920400148295, 0.0], [75.06535134034222, 33.85255587351916, 0.0], [75.06706774634559, 33.853542256288264, 0.0], [75.06743935987245, 33.85375580998492, 0.0], [75.07037740961675, 33.855461912211155, 0.0], [75.07255334650904, 33.853454658799585, 0.0], [75.07640021487381, 33.853468632427216, 0.0], [75.08075228347825, 33.85339133904162, 0.0], [75.08345578561706, 33.85470516433051, 0.0], [75.08601830758631, 33.85740611704678, 0.0], [75.08923628493542, 33.85983681469706, 0.0], [75.09240206361358, 33.86192636391428, 0.0], [75.09660009093791, 33.86253440778585, 0.0], [75.09668681764421, 33.862656762258325, 0.0], [75.09673985898431, 33.86273159313471, 0.0], [75.09895772334022, 33.86586042178672, 0.0], [75.10118825371963, 33.870155608696905, 0.0], [75.10548831641788, 33.870616125078264, 0.0], [75.10647700335612, 33.87050208581058, 0.0], [75.1103087810502, 33.870060073207, 0.0], [75.11397558801367, 33.868608944917824, 0.0], [75.1198428724535, 33.86634413415261, 0.0], [75.12315669653798, 33.86679728429544, 0.0], [75.12549114624939, 33.86929006525182, 0.0], [75.12839861045032, 33.87217038677671, 0.0], [75.13188446293648, 33.87492750890111, 0.0], [75.13710476137545, 33.87357402910063, 0.0], [75.14173472987405, 33.873195892162286, 0.0], [75.14503305417313, 33.87506947533056, 0.0], [75.14892297963412, 33.8782227338233, 0.0], [75.1509987693959, 33.88189304939592, 0.0], [75.15447726680863, 33.88358040102219, 0.0], [75.1604829764773, 33.89227423682603, 0.0], [75.1622256804357, 33.89714662132256, 0.0], [75.16507855801524, 33.90009377691415, 0.0], [75.16839580072178, 33.901600426828004, 0.0], [75.17285283644567, 33.901317005688135, 0.0], [75.17630176568316, 33.901315640764075, 0.0], [75.1796428930887, 33.9017423754108, 0.0], [75.18293034375284, 33.90264692826154, 0.0], [75.18582520539829, 33.90449814402296, 0.0], [75.1859416836131, 33.90457262697466, 0.0], [75.1859837286498, 33.90459951346108, 0.0], [75.18610353259079, 33.9046761230974, 0.0], [75.18619165882308, 33.90473247606622, 0.0], [75.19136988319126, 33.90428411737161, 0.0], [75.19328542339247, 33.90411825874549, 0.0], [75.1933181958289, 33.90416786071748, 0.0], [75.19333343311924, 33.904190922196165, 0.0], [75.19341274520002, 33.904310962373266, 0.0], [75.19345935334823, 33.90438150579731, 0.0], [75.19350266506699, 33.90444705964758, 0.0], [75.19516266433024, 33.906959414122994, 0.0], [75.1961150422261, 33.908400812964935, 0.0], [75.1962142678931, 33.90853544923495, 0.0], [75.19627091880923, 33.908612317168014, 0.0], [75.1962913194866, 33.90863999744053, 0.0], [75.19631982255318, 33.90867867243108, 0.0], [75.1992300589333, 33.91262727277391, 0.0], [75.1990677321592, 33.915530308046385, 0.0], [75.20182990349802, 33.92070796057176, 0.0], [75.20436328652231, 33.92383473424918, 0.0], [75.20651215185384, 33.926055596974294, 0.0], [75.20877940233187, 33.92899536900111, 0.0], [75.21147927991969, 33.93170708303614, 0.0], [75.21502841113364, 33.93568260120477, 0.0], [75.21875913982089, 33.94230164406534, 0.0], [75.22016880461162, 33.946190670782165, 0.0], [75.22221930279073, 33.94824003589277, 0.0], [75.22458908306083, 33.95117271718864, 0.0], [75.22598041251966, 33.954471157263924, 0.0], [75.22453886323942, 33.95936643024665, 0.0], [75.22267339391739, 33.96448321702207, 0.0], [75.22259340002468, 33.9678482836998, 0.0], [75.2207934627259, 33.9719912219707, 0.0], [75.22070433888435, 33.976576605039654, 0.0], [75.22039898063205, 33.980523292897374, 0.0], [75.22070736026907, 33.98211268196126, 0.0], [75.22095755658722, 33.983402158577725, 0.0], [75.22151615998109, 33.98628099371469, 0.0], [75.22211159102375, 33.98806789217104, 0.0], [75.22383483121857, 33.993238989915454, 0.0], [75.22325437889579, 33.9966832809322, 0.0], [75.22359048795396, 34.000343854633265, 0.0], [75.22378782151598, 34.0051104436373, 0.0], [75.22584432280941, 34.00945074527073, 0.0], [75.22436821071369, 34.01310433138869, 0.0], [75.22307635139082, 34.017023622855284, 0.0], [75.22348680459267, 34.01719362681191, 0.0], [75.22649518346687, 34.01843960294619, 0.0], [75.23038873951322, 34.01958123980035, 0.0], [75.2337881678923, 34.0215300916117, 0.0], [75.2348551033771, 34.02538391537805, 0.0], [75.23423028590906, 34.02993346286303, 0.0], [75.23083014302141, 34.03275894108253, 0.0], [75.22721510151746, 34.034103080725565, 0.0], [75.22285111045915, 34.03523242020408, 0.0], [75.21880528499757, 34.03695340455343, 0.0], [75.21716786197908, 34.04314661481096, 0.0], [75.21651573747485, 34.04565510492813, 0.0], [75.21612705901245, 34.047150148838135, 0.0], [75.21438128892218, 34.05102288685394, 0.0], [75.21007587361589, 34.05316516333169, 0.0], [75.20994595196004, 34.05820623025147, 0.0], [75.20658865513835, 34.060844912639226, 0.0], [75.20408151200377, 34.06553618164413, 0.0], [75.20436378877633, 34.068511917864754, 0.0], [75.20103756508651, 34.06791812287143, 0.0], [75.1970854590001, 34.06703478912733, 0.0], [75.19306139623856, 34.06745629275011, 0.0], [75.18887900762745, 34.06811897219876, 0.0], [75.1836256556224, 34.07097042191774, 0.0], [75.17988285599536, 34.07112543136956, 0.0], [75.17653703862648, 34.07095261006463, 0.0], [75.17241689662329, 34.072780619254964, 0.0], [75.16887277986729, 34.074920833688246, 0.0], [75.16527971046861, 34.07723445730229, 0.0], [75.16063172815672, 34.07895633157025, 0.0], [75.15510394582499, 34.077695724733616, 0.0], [75.15377784098446, 34.080906942355426, 0.0], [75.15265764246456, 34.084229327047034, 0.0], [75.15042561059042, 34.088799393256046, 0.0], [75.14917517608984, 34.09394695474834, 0.0], [75.14563095787597, 34.094647837581924, 0.0], [75.14129328640844, 34.09530977315092, 0.0], [75.14125749227462, 34.09722902403453, 0.0], [75.1412240738246, 34.09902087764895, 0.0], [75.14008393183256, 34.10138712280671, 0.0], [75.13877445379876, 34.10410465799982, 0.0], [75.13891475732251, 34.10858627982357, 0.0], [75.13992592788688, 34.11152059909918, 0.0], [75.1405549185558, 34.11337646635649, 0.0], [75.14118392809729, 34.11523231863842, 0.0], [75.14118395512499, 34.11523240179781, 0.0], [75.14309784795408, 34.11890356420563, 0.0], [75.14391182259406, 34.11954511960259, 0.0], [75.14608834012468, 34.12126054467016, 0.0], [75.14501418827388, 34.12290859703441, 0.0], [75.1444972606989, 34.12370168840014, 0.0], [75.14323776917988, 34.12657996291317, 0.0], [75.14086153705188, 34.12939754450525, 0.0], [75.13803993210888, 34.13314519908106, 0.0], [75.13717141046043, 34.13686249906238, 0.0], [75.13642196224708, 34.139673787219984, 0.0], [75.13348022410246, 34.14096245723346, 0.0], [75.13114661011201, 34.14269574666943, 0.0], [75.12903943671822, 34.14390255474555, 0.0], [75.12834352268229, 34.14430110038473, 0.0], [75.12799421376056, 34.14450114599342, 0.0], [75.12315563036694, 34.14640570581097, 0.0], [75.12307383119798, 34.14644584566888, 0.0], [75.1196767275527, 34.14811279682699, 0.0], [75.11904056899698, 34.14842494386349, 0.0], [75.11367019450013, 34.1506603619007, 0.0], [75.11075313113457, 34.15163145476639, 0.0], [75.10778738262601, 34.151903845125425, 0.0], [75.10329952151153, 34.15159098411696, 0.0], [75.09765595828723, 34.15424254691826, 0.0], [75.10146975308074, 34.15644644084305, 0.0], [75.10504921087255, 34.15867825600664, 0.0], [75.10455304732595, 34.164303631783504, 0.0], [75.10316751675265, 34.168370661552714, 0.0], [75.10510758575175, 34.17060959982238, 0.0], [75.10521359543623, 34.1707319370653, 0.0], [75.10885754262013, 34.17067789193109, 0.0], [75.111753430343, 34.170290553365994, 0.0], [75.1173147938198, 34.16964863971804, 0.0], [75.12114608410236, 34.16935812972511, 0.0], [75.12730248799036, 34.16883298069175, 0.0], [75.13142281365357, 34.17164776625453, 0.0], [75.1331583961788, 34.174095272215396, 0.0], [75.13493774941914, 34.177592925905756, 0.0], [75.13654783819351, 34.18275391392532, 0.0], [75.1342826621345, 34.1873924003738, 0.0], [75.13135651852389, 34.18999568290221, 0.0], [75.12853323313034, 34.191548661797135, 0.0], [75.12629743731875, 34.194737334728615, 0.0], [75.12937441883058, 34.19707033436296, 0.0], [75.13340435419828, 34.1996799373058, 0.0], [75.13769630315879, 34.19967054319703, 0.0], [75.14068543252891, 34.19975129538286, 0.0], [75.14296508155756, 34.19997456806726, 0.0], [75.14531570144777, 34.20020475769494, 0.0], [75.14977863147367, 34.20326333440871, 0.0], [75.15303037402286, 34.20629845154856, 0.0], [75.15596945148754, 34.20538270420786, 0.0], [75.15877904771847, 34.20372995521802, 0.0], [75.16195810399289, 34.20339770272149, 0.0], [75.1655891897993, 34.20321473427347, 0.0], [75.1695532064675, 34.20337711371904, 0.0], [75.17337396573056, 34.20129543838354, 0.0], [75.17713979370285, 34.198379781187306, 0.0], [75.17960402660229, 34.19623986821727, 0.0], [75.18362056207759, 34.19562718859786, 0.0], [75.18833523643666, 34.19650830445963, 0.0], [75.19227437109198, 34.200937082100026, 0.0], [75.1929318486562, 34.205579458926515, 0.0], [75.19323605585906, 34.20940841200434, 0.0], [75.19285509293113, 34.21295717162426, 0.0], [75.19740640406154, 34.216674359673185, 0.0], [75.20114680726537, 34.21877258805721, 0.0], [75.20364065301874, 34.22027346082525, 0.0], [75.2041921609578, 34.22441512104142, 0.0], [75.20619188375044, 34.22873087058639, 0.0], [75.20945923383451, 34.22918165636577, 0.0], [75.21461128199968, 34.22851759569337, 0.0], [75.21800465018535, 34.23000932206815, 0.0], [75.22214792675898, 34.2334666759246, 0.0], [75.22654367777406, 34.23443561518058, 0.0], [75.22997882722832, 34.23425692545634, 0.0], [75.23350032551835, 34.2337286981562, 0.0], [75.23601579652305, 34.23576607097815, 0.0], [75.23879903598936, 34.23916436594441, 0.0], [75.24371827903991, 34.24246588474953, 0.0], [75.24848978947338, 34.2429557231971, 0.0], [75.2525385040316, 34.24502999906732, 0.0], [75.25579625407984, 34.24620852709739, 0.0], [75.25883846335273, 34.24662309129014, 0.0], [75.2602870360568, 34.25010438913315, 0.0], [75.26059121167431, 34.2507576167252, 0.0], [75.26177902896384, 34.253308406391945, 0.0], [75.26564548292927, 34.25426522106294, 0.0], [75.26884182925636, 34.25287219845245, 0.0], [75.2727000176215, 34.2507896676493, 0.0]]]}}, {"type": "Feature", "properties": {"district_id": "baramulla", "display_name": "Baramulla", "source_name": "BARAMULA", "state_ut": "Jammu and Kashmir", "objectid": 8, "dist_lgd": "008"}, "geometry": {"type": "Polygon", "coordinates": [[[74.39999378723546, 34.42914896958253, 0.0], [74.40082535609443, 34.424575661738956, 0.0], [74.40442109853423, 34.41935332014666, 0.0], [74.40749788899285, 34.41557384380622, 0.0], [74.41076689807318, 34.41540894911522, 0.0], [74.41577736651327, 34.41437230786289, 0.0], [74.42056916276026, 34.414515559246716, 0.0], [74.42744180310515, 34.41521813967056, 0.0], [74.42760375805456, 34.41523469266215, 0.0], [74.43029246111632, 34.41550947411183, 0.0], [74.43894790892767, 34.41607857438018, 0.0], [74.45018341610049, 34.415833809622924, 0.0], [74.45457805006737, 34.417003781336305, 0.0], [74.45865256163354, 34.421162841060905, 0.0], [74.46218869613395, 34.4259109641284, 0.0], [74.46786627086301, 34.43052042699051, 0.0], [74.47302705257377, 34.4323174691969, 0.0], [74.47806141881075, 34.43254652314424, 0.0], [74.47832218210918, 34.43255838334853, 0.0], [74.47947794802499, 34.43261094563793, 0.0], [74.47951388413493, 34.43261257961228, 0.0], [74.48178195323302, 34.43049028417092, 0.0], [74.48191366078767, 34.43036703857471, 0.0], [74.48231564034575, 34.429990880955295, 0.0], [74.48806583936653, 34.42291629628294, 0.0], [74.49129721046872, 34.419380378722266, 0.0], [74.49913817428788, 34.41438378060826, 0.0], [74.50202285429629, 34.41142305134066, 0.0], [74.5054523353946, 34.407902859954696, 0.0], [74.50977627315613, 34.400229870251856, 0.0], [74.50979808194403, 34.39380770830463, 0.0], [74.5093518888212, 34.38967854685185, 0.0], [74.51196143979315, 34.385215571698, 0.0], [74.51523089126084, 34.38121489430115, 0.0], [74.5149088497025, 34.377051230693596, 0.0], [74.51535597645227, 34.374003719727924, 0.0], [74.51704067299852, 34.371009715573386, 0.0], [74.51797687681494, 34.36934582925927, 0.0], [74.52176090782777, 34.36653663695445, 0.0], [74.52366677912974, 34.363691051010896, 0.0], [74.52537426953108, 34.36027039306823, 0.0], [74.52857545817648, 34.3585250413234, 0.0], [74.5317884541722, 34.35526071400087, 0.0], [74.53083539107911, 34.35213074011175, 0.0], [74.52993753210066, 34.34827902100227, 0.0], [74.5288810122464, 34.34306843199628, 0.0], [74.52757302610175, 34.340051350090924, 0.0], [74.5273420680859, 34.33693014581705, 0.0], [74.52629831884128, 34.33446580254521, 0.0], [74.52583575644246, 34.33337362940815, 0.0], [74.52549565865037, 34.33257059511969, 0.0], [74.52367030354691, 34.33119572848843, 0.0], [74.52307988419187, 34.330751008109196, 0.0], [74.52184499142764, 34.32982083477024, 0.0], [74.51994634728605, 34.32632151610187, 0.0], [74.5191964131816, 34.32290002813579, 0.0], [74.51913084639729, 34.32260087621244, 0.0], [74.51906630131377, 34.32230638418375, 0.0], [74.51894366360024, 34.317846664180365, 0.0], [74.51996927123498, 34.31436219084783, 0.0], [74.52002046290761, 34.31418901869319, 0.0], [74.52021656789509, 34.31352564138482, 0.0], [74.52100843278104, 34.31084693379125, 0.0], [74.52113192323566, 34.307562603113695, 0.0], [74.52107005257068, 34.306421527647736, 0.0], [74.52095130660425, 34.30423141809407, 0.0], [74.52068637046138, 34.30331168183467, 0.0], [74.52044807826341, 34.30267594715572, 0.0], [74.51979759732278, 34.301697252146596, 0.0], [74.5197017687026, 34.30153203637352, 0.0], [74.51889784843155, 34.30014599118626, 0.0], [74.51816308988843, 34.29850636466886, 0.0], [74.51810167361418, 34.29836931138611, 0.0], [74.51692130490687, 34.29552865670212, 0.0], [74.51675253408693, 34.29518934631307, 0.0], [74.51656916297098, 34.29482067886973, 0.0], [74.51626155565808, 34.294222546738396, 0.0], [74.51582702538856, 34.293377605101746, 0.0], [74.51545813246206, 34.293016674016634, 0.0], [74.51490757589654, 34.29254143130818, 0.0], [74.5144545398749, 34.29215036404352, 0.0], [74.51378211942556, 34.29146013656757, 0.0], [74.51263793579805, 34.29016542343207, 0.0], [74.51045991853017, 34.288219115569255, 0.0], [74.51278655447717, 34.28858797901882, 0.0], [74.51446968518869, 34.28893203818268, 0.0], [74.51533832817742, 34.28907255562293, 0.0], [74.51599536305332, 34.28918580841052, 0.0], [74.51767241653025, 34.289912990388025, 0.0], [74.51806030969801, 34.29012426699076, 0.0], [74.51846031120684, 34.290342133305955, 0.0], [74.51863160616325, 34.29043543098967, 0.0], [74.5186685261595, 34.290455540182066, 0.0], [74.51876853391248, 34.29051000938314, 0.0], [74.51892846882943, 34.290597119263964, 0.0], [74.52077903228421, 34.29130380103135, 0.0], [74.52179127808954, 34.29169036227306, 0.0], [74.52211130355282, 34.291812572054845, 0.0], [74.52417931162302, 34.2926022786827, 0.0], [74.52431930437884, 34.29236049397594, 0.0], [74.52444073856671, 34.29215076023283, 0.0], [74.52449113731963, 34.292063714213214, 0.0], [74.52449866188184, 34.29205071725105, 0.0], [74.52457352608535, 34.29192141667299, 0.0], [74.52466739406667, 34.29175929358936, 0.0], [74.52606681308617, 34.28934221342396, 0.0], [74.5262873633628, 34.288347100382886, 0.0], [74.52653799945303, 34.287635075357855, 0.0], [74.52721748074458, 34.287058718097384, 0.0], [74.52848375658786, 34.28613569573024, 0.0], [74.52922300317154, 34.285572815078766, 0.0], [74.52979434689914, 34.284527522889206, 0.0], [74.5302736962947, 34.283220701995674, 0.0], [74.53066547167903, 34.28245924808592, 0.0], [74.53087779546941, 34.281945560872785, 0.0], [74.53101436488316, 34.28126050614909, 0.0], [74.53112392839049, 34.28039065030344, 0.0], [74.53077225350357, 34.2791779527508, 0.0], [74.53020927646415, 34.27765394102859, 0.0], [74.53005775942272, 34.27714003306235, 0.0], [74.52925040149293, 34.27566991032777, 0.0], [74.52857339087103, 34.274168449941705, 0.0], [74.52822717348121, 34.27305929592087, 0.0], [74.52790943385216, 34.27078281930972, 0.0], [74.52784544746201, 34.269714522153045, 0.0], [74.52759148969515, 34.26862348757685, 0.0], [74.52725068582905, 34.26758199002598, 0.0], [74.52701771599153, 34.26714910983534, 0.0], [74.5267419915074, 34.26610768104637, 0.0], [74.52678067453475, 34.26556230604047, 0.0], [74.52679751208025, 34.265116049918205, 0.0], [74.52696322996432, 34.26498772550593, 0.0], [74.52712894744262, 34.26485940177861, 0.0], [74.52744400808926, 34.264704147219156, 0.0], [74.52775906676882, 34.26454889286018, 0.0], [74.52841615159872, 34.264427690171985, 0.0], [74.52870133730646, 34.26427240698801, 0.0], [74.52898652221477, 34.26411712414515, 0.0], [74.52915775372705, 34.26394372601588, 0.0], [74.52932898464705, 34.26377032941732, 0.0], [74.52961724336652, 34.26330626470779, 0.0], [74.530117732821, 34.262384878437835, 0.0], [74.53061821430688, 34.26146348957047, 0.0], [74.53103145125134, 34.26088680986627, 0.0], [74.53139578731975, 34.260274048811254, 0.0], [74.53153195323655, 34.25990905320571, 0.0], [74.53177115994502, 34.25953065184582, 0.0], [74.53184761720328, 34.25914982449705, 0.0], [74.53192407387925, 34.25876899842099, 0.0], [74.53189198054505, 34.258297932611484, 0.0], [74.53185988847305, 34.257826867873185, 0.0], [74.53199610797276, 34.25736271399237, 0.0], [74.5321323274799, 34.25689855929445, 0.0], [74.53248578163658, 34.256353390887725, 0.0], [74.53283923358732, 34.25580822075518, 0.0], [74.53404043008226, 34.25439834193102, 0.0], [74.53509471757972, 34.253290280948804, 0.0], [74.53604577566323, 34.252285802996404, 0.0], [74.53664908036286, 34.251474801989495, 0.0], [74.53708789089289, 34.25092328904316, 0.0], [74.53710117991005, 34.2509065874482, 0.0], [74.53710455399806, 34.25090234651972, 0.0], [74.53713004717824, 34.25087030485244, 0.0], [74.53714370902037, 34.25085313468536, 0.0], [74.53742098082664, 34.250277091751016, 0.0], [74.5374210667223, 34.25027665285792, 0.0], [74.5374212019465, 34.25027637122076, 0.0], [74.53742242563993, 34.250270077161986, 0.0], [74.53742652091542, 34.250249020259716, 0.0], [74.53742939543334, 34.250234241219495, 0.0], [74.53743220129313, 34.25021981202784, 0.0], [74.53747475548982, 34.25000099615406, 0.0], [74.5374749534541, 34.24999997802358, 0.0], [74.53750313073337, 34.24985209223403, 0.0], [74.53771737353236, 34.249679384657576, 0.0], [74.53793161456845, 34.24950667757644, 0.0], [74.53794167327203, 34.24949454091735, 0.0], [74.53797560441649, 34.24946607959454, 0.0], [74.5388153223316, 34.24844122800221, 0.0], [74.53965502319072, 34.24741637218052, 0.0], [74.5398624349063, 34.246222026214625, 0.0], [74.53993912731454, 34.245559548008806, 0.0], [74.53965753161712, 34.24490122641709, 0.0], [74.53932691038739, 34.24443219732381, 0.0], [74.53901772004454, 34.24421567436313, 0.0], [74.53870862082451, 34.24396298737575, 0.0], [74.53863280563263, 34.24374662014325, 0.0], [74.53891544356314, 34.243395242182665, 0.0], [74.54125070433784, 34.24199044881591, 0.0], [74.5414076756218, 34.24190509036273, 0.0], [74.54144412546346, 34.24188526889246, 0.0], [74.54147642562053, 34.24186770501794, 0.0], [74.54150755280213, 34.24185077855754, 0.0], [74.54156803705744, 34.241817887742435, 0.0], [74.54236637258805, 34.24137940265392, 0.0], [74.54259599534481, 34.24124497705228, 0.0], [74.54261286431752, 34.24123510172836, 0.0], [74.54310144703867, 34.24095258118152, 0.0], [74.54360083516978, 34.240656740183745, 0.0], [74.54360455616391, 34.24065453570112, 0.0], [74.54365406041843, 34.24062449648368, 0.0], [74.54369158535856, 34.24060172595416, 0.0], [74.54376496629294, 34.24055719824094, 0.0], [74.543768687592, 34.24055494036482, 0.0], [74.54381243820416, 34.24052839234925, 0.0], [74.54386904289078, 34.240494044416344, 0.0], [74.54409234680216, 34.24035854158861, 0.0], [74.54410354096912, 34.24035174899752, 0.0], [74.54420058485643, 34.240291442274376, 0.0], [74.54453343698243, 34.24008866974532, 0.0], [74.54455227659501, 34.240077192271016, 0.0], [74.54461197080704, 34.240040826489064, 0.0], [74.54493736598316, 34.23982852528596, 0.0], [74.54508888277952, 34.239732109440006, 0.0], [74.54514425282579, 34.23969603695514, 0.0], [74.54521603694279, 34.23964927048891, 0.0], [74.5452659951153, 34.23961672379564, 0.0], [74.54552705879901, 34.23944664327733, 0.0], [74.54552783541462, 34.23944613788652, 0.0], [74.54557511280963, 34.23941533762347, 0.0], [74.5456142122518, 34.239389564435605, 0.0], [74.54571193545549, 34.23932514870321, 0.0], [74.54590729836143, 34.23919637137085, 0.0], [74.54591106606314, 34.23919388775913, 0.0], [74.54591597047157, 34.239190655106086, 0.0], [74.5459557185328, 34.23916445377098, 0.0], [74.54597671461109, 34.23915061444698, 0.0], [74.5460089351203, 34.23912937514598, 0.0], [74.54600932736092, 34.23912911986052, 0.0], [74.54695895642806, 34.238516685304575, 0.0], [74.54698646028054, 34.23849920311789, 0.0], [74.54703952173358, 34.238465474922556, 0.0], [74.54715380351448, 34.238392834104346, 0.0], [74.54973030995816, 34.23497164420441, 0.0], [74.55070341833137, 34.23367943230626, 0.0], [74.55464779296932, 34.22997308710416, 0.0], [74.5586286908968, 34.22871989121737, 0.0], [74.56323440601531, 34.230049012925775, 0.0], [74.56859390476448, 34.23453965788974, 0.0], [74.5753681411045, 34.23913708700771, 0.0], [74.57657283898, 34.2395873737422, 0.0], [74.5787826411357, 34.24041329956041, 0.0], [74.57887456616233, 34.24036918973457, 0.0], [74.57889372371528, 34.24035150638769, 0.0], [74.58144840348261, 34.237993297885836, 0.0], [74.58247973805612, 34.233548472600624, 0.0], [74.582331989006, 34.22975541784577, 0.0], [74.58057576948927, 34.22582913597553, 0.0], [74.58042209958742, 34.220690224930685, 0.0], [74.58057894731608, 34.21687054879966, 0.0], [74.5805487530873, 34.21336726574628, 0.0], [74.58063844522034, 34.20966093535198, 0.0], [74.58037643519697, 34.20818430203366, 0.0], [74.5800555836553, 34.20637600169753, 0.0], [74.57980380547355, 34.20318080358042, 0.0], [74.57860592950742, 34.19956415957432, 0.0], [74.57854814809517, 34.1993986812624, 0.0], [74.57733357337258, 34.19592015758334, 0.0], [74.57545637639453, 34.19162494840477, 0.0], [74.5727882164657, 34.188681515817265, 0.0], [74.57609854139118, 34.187218989398374, 0.0], [74.58071938926221, 34.18522927109606, 0.0], [74.58415494295078, 34.18446614918984, 0.0], [74.59020650332414, 34.18192997101973, 0.0], [74.59869929481431, 34.17709592016335, 0.0], [74.60995004353259, 34.175324482662916, 0.0], [74.6169968515672, 34.17497266915779, 0.0], [74.62119364953274, 34.17504803010691, 0.0], [74.63023615653523, 34.17692140527941, 0.0], [74.63557773698336, 34.17937643695634, 0.0], [74.63713209144758, 34.17360492914248, 0.0], [74.63738358370689, 34.16622752632637, 0.0], [74.63739503234645, 34.16582156748279, 0.0], [74.63755638013305, 34.1600998960185, 0.0], [74.64181109129584, 34.15935018332661, 0.0], [74.649055769171, 34.16229798310845, 0.0], [74.65290695806573, 34.16437719395014, 0.0], [74.65600971691815, 34.16496532620982, 0.0], [74.65876794848526, 34.16712109713116, 0.0], [74.66197228431007, 34.16677482374234, 0.0], [74.66229157549493, 34.16543656414419, 0.0], [74.66304200269697, 34.1622911237436, 0.0], [74.66322184054002, 34.15946776439431, 0.0], [74.66474732835378, 34.15648822642503, 0.0], [74.66775805453938, 34.15302314271246, 0.0], [74.67035577583, 34.15006748830601, 0.0], [74.67348218742474, 34.14683884565785, 0.0], [74.67237956722232, 34.14318594860165, 0.0], [74.67153511743265, 34.14181710716226, 0.0], [74.6710778867038, 34.141075930555296, 0.0], [74.67069068278084, 34.14044826041634, 0.0], [74.67061617396686, 34.13713594815523, 0.0], [74.67347138364052, 34.13755104238635, 0.0], [74.6786055054174, 34.13622244075481, 0.0], [74.67894300801359, 34.136135096781985, 0.0], [74.67885432724295, 34.135931857441925, 0.0], [74.67882662984218, 34.1358683788052, 0.0], [74.6777759387965, 34.133460317391275, 0.0], [74.67776027727996, 34.13342442258034, 0.0], [74.67703888840013, 34.132207799979795, 0.0], [74.6760095840899, 34.13047182122417, 0.0], [74.67590342800011, 34.13029277888099, 0.0], [74.6757845988988, 34.13009236118717, 0.0], [74.675730045816, 34.130000351658154, 0.0], [74.67490597611588, 34.129248450388545, 0.0], [74.67474546491657, 34.12910199316999, 0.0], [74.6746220703287, 34.12898940354108, 0.0], [74.66899734599922, 34.12385681770452, 0.0], [74.66678301356261, 34.12247451449803, 0.0], [74.6667829849929, 34.12247449639552, 0.0], [74.66568608641303, 34.121789726906094, 0.0], [74.66546372603179, 34.1216509108392, 0.0], [74.66545842263679, 34.121647600186655, 0.0], [74.66456872395644, 34.12109216740478, 0.0], [74.65861576575138, 34.11697109822695, 0.0], [74.65461880030057, 34.118025954609095, 0.0], [74.65429748767497, 34.11805475472427, 0.0], [74.65301590847585, 34.118169618673896, 0.0], [74.65016989763392, 34.11842466207768, 0.0], [74.64858997805612, 34.11672490913574, 0.0], [74.64807321946769, 34.11616895537846, 0.0], [74.6472316705573, 34.115263592022586, 0.0], [74.64595328242582, 34.113888226142, 0.0], [74.64345997954274, 34.1128954364881, 0.0], [74.64163718742147, 34.11216959712851, 0.0], [74.63991541062217, 34.11148395372149, 0.0], [74.63778416755765, 34.11063521567377, 0.0], [74.63644009028643, 34.110099934614475, 0.0], [74.63546513815447, 34.10973937538667, 0.0], [74.6329164703862, 34.10879678189446, 0.0], [74.6220001219088, 34.10441117474932, 0.0], [74.62137623823793, 34.104034238144195, 0.0], [74.62055590545243, 34.10353860461731, 0.0], [74.61763207777585, 34.101771993203776, 0.0], [74.6125252854692, 34.09975083024458, 0.0], [74.60792767463303, 34.098804357984626, 0.0], [74.60755646657266, 34.098639070799166, 0.0], [74.60522219232516, 34.09759966466861, 0.0], [74.60156759565206, 34.09720591781621, 0.0], [74.6000251199502, 34.09703970605463, 0.0], [74.59791302357662, 34.0968120906729, 0.0], [74.59380034752257, 34.09621883267505, 0.0], [74.58688881701998, 34.09800316099456, 0.0], [74.58376962490158, 34.09878378275668, 0.0], [74.57710082448988, 34.09916275867791, 0.0], [74.57712737658501, 34.09525864580344, 0.0], [74.57912827395486, 34.09257130988241, 0.0], [74.58141161982023, 34.09001379073291, 0.0], [74.58044980753264, 34.08694439089389, 0.0], [74.57792991810314, 34.084765054422554, 0.0], [74.57483097010387, 34.08221238498138, 0.0], [74.5716789540432, 34.079000420670134, 0.0], [74.5695405452165, 34.07675694194128, 0.0], [74.56705996087763, 34.07507710674642, 0.0], [74.56373228636669, 34.07313531076424, 0.0], [74.56006823282429, 34.07104755155346, 0.0], [74.56334522394123, 34.06631369992236, 0.0], [74.55830102795011, 34.05944568566076, 0.0], [74.54934108386455, 34.061427864539645, 0.0], [74.5423526168643, 34.05656675756029, 0.0], [74.53870428872116, 34.04583345033049, 0.0], [74.53838644474494, 34.04538758263451, 0.0], [74.53430854216911, 34.03966670840675, 0.0], [74.53326225742397, 34.038198755986535, 0.0], [74.53326220686445, 34.03819876703232, 0.0], [74.52841445764238, 34.03901049324057, 0.0], [74.52583474907237, 34.03587076600358, 0.0], [74.52576753123756, 34.03085119260357, 0.0], [74.52246002825294, 34.02895540635361, 0.0], [74.51963258215002, 34.02722168031383, 0.0], [74.51436404533041, 34.025481366770975, 0.0], [74.50869220950355, 34.02577856623027, 0.0], [74.50520436046943, 34.024262361018515, 0.0], [74.50298580503835, 34.02204517623721, 0.0], [74.50017000105875, 34.02001415625033, 0.0], [74.49611039060224, 34.01819838040622, 0.0], [74.49094895341094, 34.01896922009178, 0.0], [74.48749556865013, 34.01790013902895, 0.0], [74.4869346420135, 34.01772648101704, 0.0], [74.48638631682923, 34.017556721768095, 0.0], [74.48277858582959, 34.01456311698354, 0.0], [74.48098164712862, 34.01149536825117, 0.0], [74.47834352780283, 34.00833024008447, 0.0], [74.47568037274107, 34.00600973671992, 0.0], [74.46937483436378, 33.9994300320965, 0.0], [74.46705727134919, 33.99027310786849, 0.0], [74.46894838352526, 33.987161864658376, 0.0], [74.47223818031395, 33.98483645135029, 0.0], [74.47493272187809, 33.97782931660434, 0.0], [74.47386266241098, 33.97431538692428, 0.0], [74.47279272648098, 33.97080148533268, 0.0], [74.46968686913829, 33.96870852942396, 0.0], [74.47157737374215, 33.9655972440282, 0.0], [74.47392141245874, 33.96206017797321, 0.0], [74.47444484162985, 33.955731352565856, 0.0], [74.47492417697032, 33.955073028446904, 0.0], [74.4751674022105, 33.95473897716041, 0.0], [74.4772750820753, 33.95184412225896, 0.0], [74.47357820498796, 33.94454970366514, 0.0], [74.46643643973869, 33.93983981464891, 0.0], [74.45991567511199, 33.93565214284234, 0.0], [74.45278704733823, 33.9291218516063, 0.0], [74.4459627925124, 33.923892282432995, 0.0], [74.44192254709725, 33.92205438681376, 0.0], [74.43788239179992, 33.92021632417131, 0.0], [74.42521488011306, 33.91652618838503, 0.0], [74.4254243839936, 33.914269700484574, 0.0], [74.425510878278, 33.9133380776451, 0.0], [74.42563387978241, 33.912013196274124, 0.0], [74.4220475627942, 33.91047076691087, 0.0], [74.41875173691236, 33.90884295060761, 0.0], [74.4177238141763, 33.90833523293761, 0.0], [74.4168930991527, 33.907924912857105, 0.0], [74.41232083481415, 33.90791677921083, 0.0], [74.40973510513469, 33.909736015224276, 0.0], [74.40945509995352, 33.913022616425444, 0.0], [74.40716195061108, 33.91639952617152, 0.0], [74.40564788823484, 33.919724954238966, 0.0], [74.40162877838743, 33.9230110023566, 0.0], [74.39795519415617, 33.92539006772655, 0.0], [74.39561060233117, 33.928974857918995, 0.0], [74.39433510515792, 33.933981276983296, 0.0], [74.39172938559663, 33.936209616371265, 0.0], [74.38993300626316, 33.93879951929887, 0.0], [74.38884147602138, 33.94170639997318, 0.0], [74.38741151344709, 33.945504672562826, 0.0], [74.38392324368827, 33.946451807205655, 0.0], [74.38195753257213, 33.946963369067014, 0.0], [74.37999180432867, 33.94747490719786, 0.0], [74.37679313846783, 33.9488376652242, 0.0], [74.37362561352634, 33.94811063220892, 0.0], [74.37014898049148, 33.949634735119844, 0.0], [74.3672834485728, 33.95120855216239, 0.0], [74.3640985606083, 33.95153257455457, 0.0], [74.36080576468692, 33.953290915612676, 0.0], [74.35790885353111, 33.95466206119394, 0.0], [74.35460706057967, 33.95614648093609, 0.0], [74.34985544550933, 33.95597415592549, 0.0], [74.34570409481111, 33.95494886569002, 0.0], [74.34246398074346, 33.95483483368551, 0.0], [74.33919401688193, 33.954253355831206, 0.0], [74.33573012693327, 33.95259483892905, 0.0], [74.33258734334495, 33.952376699637085, 0.0], [74.33002924090118, 33.95500839919664, 0.0], [74.32694802105897, 33.95607851225585, 0.0], [74.32266465043108, 33.9565686454021, 0.0], [74.31930773216361, 33.95894030707949, 0.0], [74.3182431408565, 33.96266185216962, 0.0], [74.31569814045164, 33.96559220229719, 0.0], [74.3133192626205, 33.96821735863883, 0.0], [74.31291068187846, 33.972102684012896, 0.0], [74.31649444916093, 33.975176103580125, 0.0], [74.3139623519081, 33.97816696400744, 0.0], [74.31057699667947, 33.98089673355548, 0.0], [74.30769455943465, 33.984053841871905, 0.0], [74.30498852951732, 33.986315401632794, 0.0], [74.30410828451504, 33.99041848066897, 0.0], [74.30227567483236, 33.99485175216027, 0.0], [74.2989269014211, 33.99511252666029, 0.0], [74.2986005554364, 33.99513793636898, 0.0], [74.29372479361224, 33.9950323842995, 0.0], [74.29336489206534, 33.994953460626235, 0.0], [74.29013214664285, 33.99424450689817, 0.0], [74.2843558371057, 33.993480914086476, 0.0], [74.28068954949624, 33.99211570604821, 0.0], [74.27757352131972, 33.98993046863261, 0.0], [74.27699400787608, 33.9889971255545, 0.0], [74.2764237578449, 33.98807868155331, 0.0], [74.2755517998573, 33.98667426934963, 0.0], [74.27151152686076, 33.98769894994824, 0.0], [74.27130381007859, 33.98775162722348, 0.0], [74.26770293954196, 33.991744602933956, 0.0], [74.26497066018837, 33.994923616318175, 0.0], [74.26463846903098, 33.99531010456848, 0.0], [74.26380944604958, 33.99648709768722, 0.0], [74.26218406419248, 33.998794617165316, 0.0], [74.25647161710893, 33.999240345440505, 0.0], [74.25584907928766, 34.00141050205668, 0.0], [74.2556341409108, 34.002159750312465, 0.0], [74.25561717258456, 34.00221889829643, 0.0], [74.25551849272048, 34.00256288044686, 0.0], [74.25533161523802, 34.00321429790278, 0.0], [74.25303122241301, 34.011232273525444, 0.0], [74.2527088347041, 34.01235584020659, 0.0], [74.25062085552563, 34.01963211823341, 0.0], [74.2506002372369, 34.01970396571085, 0.0], [74.25058915604073, 34.019742578404944, 0.0], [74.24933753849082, 34.02074269200695, 0.0], [74.2477997516178, 34.021971431250584, 0.0], [74.24463618599738, 34.02449907640691, 0.0], [74.23514120627406, 34.02500377638906, 0.0], [74.229956615714, 34.02643278945326, 0.0], [74.22622843673402, 34.02814437947877, 0.0], [74.2239994612233, 34.02981099427123, 0.0], [74.2234643919382, 34.030211055347564, 0.0], [74.22116978541675, 34.03106708361437, 0.0], [74.21887517860165, 34.03192311113582, 0.0], [74.21843255108848, 34.03208880722977, 0.0], [74.2118285323304, 34.03456080149284, 0.0], [74.20395367762933, 34.0343612107986, 0.0], [74.20248132746227, 34.03432385249187, 0.0], [74.19814077545729, 34.03421364523535, 0.0], [74.19364531344229, 34.03229603555998, 0.0], [74.19149864912707, 34.02895256451868, 0.0], [74.18900703959885, 34.027376221531306, 0.0], [74.18561673741976, 34.02574166051272, 0.0], [74.18303054665844, 34.0258433187552, 0.0], [74.18015983432724, 34.025956114886895, 0.0], [74.17504419674623, 34.02674267773999, 0.0], [74.17414597984907, 34.02752513513387, 0.0], [74.17324776156089, 34.028307591497374, 0.0], [74.1679282162991, 34.03300652354071, 0.0], [74.16423064912192, 34.03393185609278, 0.0], [74.16187575090363, 34.03382052018746, 0.0], [74.15750098523827, 34.03361360092713, 0.0], [74.1569374678581, 34.03358693955005, 0.0], [74.1514807210307, 34.036220681912575, 0.0], [74.1513523196732, 34.036532090169956, 0.0], [74.1512543429299, 34.03676970750457, 0.0], [74.15099648884056, 34.03739506193676, 0.0], [74.14201195268824, 34.04148732851226, 0.0], [74.13613712977026, 34.04284035406693, 0.0], [74.12999531563064, 34.04513837972145, 0.0], [74.12929283017687, 34.04540120030551, 0.0], [74.1281178007063, 34.04597144204163, 0.0], [74.12250101391234, 34.047926360600194, 0.0], [74.12049918802032, 34.03659331195169, 0.0], [74.1176675173256, 34.03595309467637, 0.0], [74.1122747710115, 34.035028572390615, 0.0], [74.11127309742807, 34.03531244823511, 0.0], [74.11027142415445, 34.035596323493785, 0.0], [74.10902855667132, 34.03673191436474, 0.0], [74.10660529853259, 34.038264401969606, 0.0], [74.10342721918249, 34.037019767523184, 0.0], [74.10093763511244, 34.03296249591195, 0.0], [74.09817847928551, 34.02627259948299, 0.0], [74.09576051715956, 34.02015069598137, 0.0], [74.09179343282366, 34.01749916375179, 0.0], [74.08253127087724, 34.01763612466489, 0.0], [74.07707382884115, 34.01927046761526, 0.0], [74.07327241522455, 34.02133343765999, 0.0], [74.06687901931329, 34.0213666578438, 0.0], [74.06232291854528, 34.018556177588486, 0.0], [74.06049414692339, 34.017287490994576, 0.0], [74.05513800615526, 34.013571437478504, 0.0], [74.05278890989831, 34.01342584610014, 0.0], [74.05206335323561, 34.01367556623756, 0.0], [74.05133779660449, 34.01392528588112, 0.0], [74.04981439346861, 34.016556826532096, 0.0], [74.04521386293699, 34.01872218519334, 0.0], [74.04151933205024, 34.01861151493725, 0.0], [74.03702783895307, 34.01711643596249, 0.0], [74.0319853609221, 34.01462005238231, 0.0], [74.02881091978955, 34.011917459049556, 0.0], [74.02701827748827, 34.00799894791433, 0.0], [74.02463256422985, 33.99999992238467, 0.0], [74.01665367385316, 34.00317166301971, 0.0], [74.01326408190168, 34.00850569165717, 0.0], [74.00683226004524, 34.014218924980575, 0.0], [74.00421140531827, 34.016716883258596, 0.0], [73.99871642202912, 34.01909189476006, 0.0], [73.99486329820091, 34.017912939567175, 0.0], [73.99412635872308, 34.017324913571116, 0.0], [73.99404420617844, 34.01717150104418, 0.0], [73.99376769236086, 34.01684268343959, 0.0], [73.99349137232366, 34.01665365278017, 0.0], [73.99300926857937, 34.01640170064053, 0.0], [73.9928476388956, 34.01630458295506, 0.0], [73.99203744973458, 34.01565810888328, 0.0], [73.99200311888401, 34.01563478406722, 0.0], [73.9919199557908, 34.01549671046302, 0.0], [73.9915189137071, 34.01518607651356, 0.0], [73.99116673281476, 34.01495646634202, 0.0], [73.99083993092894, 34.01484450625343, 0.0], [73.99048411303696, 34.01460276084321, 0.0], [73.9903270460728, 34.01443886439755, 0.0], [73.9900776972725, 34.014186738661664, 0.0], [73.98977426038235, 34.013966092609465, 0.0], [73.98942762421947, 34.0137996501794, 0.0], [73.98913371629283, 34.013723241206684, 0.0], [73.9883902904104, 34.01329152689886, 0.0], [73.98837677653859, 34.01328228352727, 0.0], [73.98798128744357, 34.0130076683066, 0.0], [73.9875856873993, 34.01270599449623, 0.0], [73.98741770196452, 34.012588996541496, 0.0], [73.98721180675619, 34.012417845241195, 0.0], [73.98680044190289, 34.012422754532054, 0.0], [73.9861833090838, 34.01240080392331, 0.0], [73.98533344709149, 34.01236096821564, 0.0], [73.98452702473091, 34.01245640174825, 0.0], [73.98406180102019, 34.01264609357969, 0.0], [73.98396040270448, 34.01267005303282, 0.0], [73.9832438960632, 34.01270792688071, 0.0], [73.9831631797491, 34.01273379767519, 0.0], [73.98314707692977, 34.01273259506073, 0.0], [73.98267073033544, 34.01270142026365, 0.0], [73.98231345918504, 34.01271072953583, 0.0], [73.98185370387596, 34.01296809536339, 0.0], [73.98172385969046, 34.0130313226757, 0.0], [73.9811769151095, 34.0133704023928, 0.0], [73.97893815622268, 34.014087931762475, 0.0], [73.97488796111749, 34.01337559230591, 0.0], [73.97479022295889, 34.01334374258399, 0.0], [73.97409165432062, 34.01308729684832, 0.0], [73.97380466804796, 34.01300644182735, 0.0], [73.9730575817674, 34.01291236705911, 0.0], [73.97242967524143, 34.01291289485046, 0.0], [73.97166644890596, 34.012972078358786, 0.0], [73.97159659474221, 34.01297681897368, 0.0], [73.96964053096374, 34.01283952765717, 0.0], [73.96805176440613, 34.012041923788466, 0.0], [73.96784366378618, 34.01183909467987, 0.0], [73.96750213728993, 34.011406683966904, 0.0], [73.96714462944212, 34.01112294146168, 0.0], [73.96684136074248, 34.011019478756594, 0.0], [73.9665165376243, 34.010970124739224, 0.0], [73.96601874848679, 34.01108317914166, 0.0], [73.96568343698614, 34.01135388674435, 0.0], [73.96547260576634, 34.011656121512196, 0.0], [73.9652077805918, 34.01200786441457, 0.0], [73.9649194415553, 34.01235035396692, 0.0], [73.96356521743577, 34.01292017977243, 0.0], [73.96180222447914, 34.01349457129795, 0.0], [73.96135533393101, 34.0135793018159, 0.0], [73.96076532409377, 34.01359776530968, 0.0], [73.9604461027177, 34.01367460949395, 0.0], [73.96007823206607, 34.01388676761842, 0.0], [73.95950968057083, 34.01424149373181, 0.0], [73.95829458652359, 34.01463737817515, 0.0], [73.9550110298907, 34.01504592909951, 0.0], [73.9542602292746, 34.01504011843994, 0.0], [73.95258248440203, 34.01533868588083, 0.0], [73.95102387842682, 34.01574989449248, 0.0], [73.94955193043546, 34.016237577666004, 0.0], [73.94880520001952, 34.016571638213776, 0.0], [73.94852473275566, 34.016750667709985, 0.0], [73.948506279298, 34.016756639517766, 0.0], [73.94484145162895, 34.018262079172565, 0.0], [73.94358005253481, 34.01866812677554, 0.0], [73.94234377286098, 34.018982476929985, 0.0], [73.941775462619, 34.01908192863345, 0.0], [73.94105021252815, 34.0193212534715, 0.0], [73.94018978815437, 34.01970938509076, 0.0], [73.93948638576349, 34.02013349573315, 0.0], [73.9384906280463, 34.02062081929128, 0.0], [73.9369541459319, 34.02180716143775, 0.0], [73.93489293760967, 34.023741968450665, 0.0], [73.93462241066449, 34.024012563199925, 0.0], [73.93435188247133, 34.024283157270126, 0.0], [73.93356228552314, 34.02540143547753, 0.0], [73.93349598940783, 34.02566561535715, 0.0], [73.93280958140124, 34.02667293857146, 0.0], [73.93255403545248, 34.026897869409446, 0.0], [73.93042207563823, 34.02877436343038, 0.0], [73.92901950394614, 34.030008815188744, 0.0], [73.9281846179894, 34.03061975220523, 0.0], [73.92810858228847, 34.03067335987877, 0.0], [73.92284261864756, 34.034236541490564, 0.0], [73.92218522589913, 34.03500986738775, 0.0], [73.92152783303048, 34.03578319173979, 0.0], [73.91972057749932, 34.03793405259156, 0.0], [73.91930391664205, 34.038389420626956, 0.0], [73.91917328362172, 34.03863492014391, 0.0], [73.91889919949857, 34.038964797628545, 0.0], [73.91533998413094, 34.0400241876005, 0.0], [73.9150054467894, 34.040058805970595, 0.0], [73.91439902591613, 34.040117572274795, 0.0], [73.91366279085477, 34.04044239945945, 0.0], [73.91336641681855, 34.040598043737326, 0.0], [73.91137627077644, 34.04116881665538, 0.0], [73.91083664395806, 34.04124112019647, 0.0], [73.91038735113457, 34.04136294336167, 0.0], [73.90964028361576, 34.04179586961446, 0.0], [73.90859540606958, 34.042287469940284, 0.0], [73.90810260769618, 34.042346222025664, 0.0], [73.90746385731819, 34.0428377221094, 0.0], [73.90666269971841, 34.04333832605124, 0.0], [73.90638663937706, 34.04350063402125, 0.0], [73.90574780245028, 34.04387948676651, 0.0], [73.90502235515464, 34.04450619884225, 0.0], [73.90466891978834, 34.04493070508967, 0.0], [73.90371002157987, 34.04566176529211, 0.0], [73.90304218846909, 34.04621167460654, 0.0], [73.90271620608954, 34.04633238802779, 0.0], [73.90218016118037, 34.04650823681668, 0.0], [73.90151969505546, 34.04704036392432, 0.0], [73.90111372168464, 34.0475633104693, 0.0], [73.90082149693059, 34.048027661207286, 0.0], [73.90049666002352, 34.04855060799508, 0.0], [73.90015025008243, 34.049023942109656, 0.0], [73.89995002860461, 34.04941667852869, 0.0], [73.89928426579066, 34.05046886701084, 0.0], [73.89893223755146, 34.05092984078183, 0.0], [73.8986346625435, 34.051278094498656, 0.0], [73.89810759720528, 34.052009691961516, 0.0], [73.89790471359169, 34.052275364741185, 0.0], [73.89760608807018, 34.052630624687076, 0.0], [73.89720010487015, 34.05322570138903, 0.0], [73.89705390083601, 34.05338798065641, 0.0], [73.89655047360095, 34.05430313900707, 0.0], [73.89633406790392, 34.0549162379654, 0.0], [73.89625283543133, 34.0551145398196, 0.0], [73.8962475081731, 34.055191146943095, 0.0], [73.89604183642345, 34.05596198034328, 0.0], [73.8958578361325, 34.05649844387029, 0.0], [73.89582546819356, 34.057039336780456, 0.0], [73.89581754440495, 34.05722617244184, 0.0], [73.89543065268117, 34.059099423541795, 0.0], [73.89348141824635, 34.061318604229584, 0.0], [73.89339328286523, 34.061388683708344, 0.0], [73.8931510504993, 34.061488848457216, 0.0], [73.89240378579171, 34.06190813555957, 0.0], [73.8914668880413, 34.0624852416069, 0.0], [73.89089288026264, 34.06289553021049, 0.0], [73.89057338224265, 34.0630578606262, 0.0], [73.89024846673934, 34.063752123075524, 0.0], [73.89032985234148, 34.06411719228017, 0.0], [73.89040982319548, 34.064395133969775, 0.0], [73.89057367043212, 34.064964578444396, 0.0], [73.89078522392012, 34.06621767261343, 0.0], [73.89062830959003, 34.06739871980441, 0.0], [73.89061694125175, 34.06748982264681, 0.0], [73.89048769789504, 34.068525625900996, 0.0], [73.89046607778049, 34.068687847256676, 0.0], [73.89067735677772, 34.06888166220989, 0.0], [73.89120289929505, 34.06939999087066, 0.0], [73.89134572611594, 34.06949506416169, 0.0], [73.89194336177859, 34.07151342448375, 0.0], [73.89193457435306, 34.07153199606676, 0.0], [73.89160427941702, 34.072163085362654, 0.0], [73.89168550217587, 34.07221720665335, 0.0], [73.89170721731855, 34.072338878033435, 0.0], [73.89185348635534, 34.0724245155735, 0.0], [73.89203224938895, 34.07252812325216, 0.0], [73.89228149476243, 34.07264535230716, 0.0], [73.89263903856194, 34.07272640096856, 0.0], [73.89278880293908, 34.07276473269567, 0.0], [73.89596191886972, 34.07589533329973, 0.0], [73.89594951005061, 34.07630493439287, 0.0], [73.89600382683973, 34.07651221045034, 0.0], [73.89620422496375, 34.0767285526354, 0.0], [73.89638789697385, 34.07686626830889, 0.0], [73.89658890574741, 34.077016980602636, 0.0], [73.89704944299086, 34.07725586090352, 0.0], [73.89744500002816, 34.07744960440449, 0.0], [73.89747852351478, 34.07747217173089, 0.0], [73.89970191058822, 34.079848862817094, 0.0], [73.90061516591186, 34.08349644762968, 0.0], [73.90072518717524, 34.08380409054722, 0.0], [73.90072983708669, 34.08416520239131, 0.0], [73.90064320208762, 34.084503331557265, 0.0], [73.90073006231233, 34.08487745992247, 0.0], [73.9011815357008, 34.08536603098966, 0.0], [73.90135646718315, 34.08556927813559, 0.0], [73.9019088242412, 34.08711378255921, 0.0], [73.90189126512983, 34.08807612610888, 0.0], [73.90183626045295, 34.088167713947804, 0.0], [73.9017171440313, 34.088343584654965, 0.0], [73.90151687007358, 34.088852944353455, 0.0], [73.90151156370095, 34.08927215088163, 0.0], [73.90159831868301, 34.08952913381793, 0.0], [73.90164718702405, 34.08979055685809, 0.0], [73.90183683360615, 34.0900204101835, 0.0], [73.90185524635125, 34.09005014674171, 0.0], [73.90185393393165, 34.090122120135995, 0.0], [73.90216252107456, 34.09085389571515, 0.0], [73.90221112887896, 34.09116969348461, 0.0], [73.90255807437103, 34.09193591100273, 0.0], [73.90264983710978, 34.09200950181737, 0.0], [73.90344111768633, 34.09388592251027, 0.0], [73.90344548302176, 34.09390424884068, 0.0], [73.90344194865924, 34.09409490728231, 0.0], [73.90343666623349, 34.09449607747033, 0.0], [73.90345849563779, 34.094761947381706, 0.0], [73.90353432716968, 34.09500088433872, 0.0], [73.90378944043701, 34.095348624015614, 0.0], [73.90430386812427, 34.09750884727468, 0.0], [73.90417202597006, 34.09825472345793, 0.0], [73.9039745310117, 34.09863390028928, 0.0], [73.90383923730583, 34.09913879296684, 0.0], [73.90380142636536, 34.09954896266993, 0.0], [73.9037257836944, 34.10001777279202, 0.0], [73.90361752638672, 34.100468525750316, 0.0], [73.9036014035866, 34.1008697795407, 0.0], [73.90358520173095, 34.10105008731599, 0.0], [73.90361243694845, 34.10139265957327, 0.0], [73.90366127463258, 34.10164055478333, 0.0], [73.90380224884696, 34.101965022118165, 0.0], [73.90389998626105, 34.10233013854254, 0.0], [73.90413311184821, 34.10265461697904, 0.0], [73.90413541773003, 34.10265907347679, 0.0], [73.90445918621363, 34.10405708333977, 0.0], [73.90450215361878, 34.10439444388018, 0.0], [73.90452387769123, 34.10466040221097, 0.0], [73.90467042184652, 34.10513362897047, 0.0], [73.90468678222008, 34.10552128570222, 0.0], [73.9049633442646, 34.10615231683799, 0.0], [73.90505568766942, 34.106499346286924, 0.0], [73.90526172362347, 34.10695010582774, 0.0], [73.90569536106597, 34.10742327461101, 0.0], [73.90637795634579, 34.10683262336739, 0.0], [73.90715460364979, 34.10633131107656, 0.0], [73.90830813249788, 34.106029724995835, 0.0], [73.90968969749562, 34.105797073312274, 0.0], [73.90971017187205, 34.10579494990523, 0.0], [73.90979567116085, 34.10577922830864, 0.0], [73.91189059585652, 34.10542644873497, 0.0], [73.91493656622218, 34.10544512888308, 0.0], [73.91510395929268, 34.10545420828512, 0.0], [73.91537820141502, 34.10551822524187, 0.0], [73.91589852039779, 34.10560822144807, 0.0], [73.91692107217041, 34.10568236748924, 0.0], [73.9181257693058, 34.105769714596164, 0.0], [73.9186459598522, 34.10574246101614, 0.0], [73.91883012835449, 34.105701787879816, 0.0], [73.91925261926154, 34.10538608185945, 0.0], [73.91939312145556, 34.105219039650414, 0.0], [73.922370020393, 34.10333095780127, 0.0], [73.9259896396083, 34.105319182928085, 0.0], [73.92604806206215, 34.10561784346172, 0.0], [73.92607541728137, 34.1060955948348, 0.0], [73.92614074362893, 34.106528317938725, 0.0], [73.92623312926595, 34.10694747747357, 0.0], [73.92631994456505, 34.107258462837216, 0.0], [73.926341786785, 34.107443255330026, 0.0], [73.92639067872516, 34.10771819511027, 0.0], [73.92649407045154, 34.108313215673256, 0.0], [73.92652674888565, 34.10868730467793, 0.0], [73.92659751421229, 34.10918761916735, 0.0], [73.9266302446095, 34.109566217147325, 0.0], [73.9266792723143, 34.10997643184894, 0.0], [73.92678786693392, 34.11022880708594, 0.0], [73.9269556559568, 34.1104379505431, 0.0], [73.9271924803261, 34.11124074022527, 0.0], [73.92726561741482, 34.111589853034474, 0.0], [73.92734188377857, 34.11174718910075, 0.0], [73.92811094619469, 34.11435416243971, 0.0], [73.92766111962878, 34.119275426296284, 0.0], [73.92741703330839, 34.119829625396804, 0.0], [73.92720056559732, 34.12025348132942, 0.0], [73.92702736893601, 34.12065922793162, 0.0], [73.92688669695156, 34.12107400658633, 0.0], [73.92676767457893, 34.12145713886181, 0.0], [73.92679523034533, 34.12223699993057, 0.0], [73.92689301398299, 34.122547987810435, 0.0], [73.92689326116344, 34.12285451765742, 0.0], [73.92691507236037, 34.12318801955521, 0.0], [73.92694238513327, 34.12356665851871, 0.0], [73.92707269380969, 34.12380100652865, 0.0], [73.92714872872536, 34.124039839976916, 0.0], [73.92724395798697, 34.12413627174697, 0.0], [73.92724284284301, 34.12414929220172, 0.0], [73.92730299761404, 34.124462667261476, 0.0], [73.9272846361647, 34.124697908791326, 0.0], [73.92730091249165, 34.12486019658892, 0.0], [73.92741498723986, 34.12513507472216, 0.0], [73.92743658259658, 34.12515857501756, 0.0], [73.92782711271622, 34.127193041955366, 0.0], [73.92764962612416, 34.1276186466535, 0.0], [73.9276119263607, 34.128096460921434, 0.0], [73.92776926492931, 34.12838939140931, 0.0], [73.9278398172681, 34.12846152165208, 0.0], [73.92815981011043, 34.12868670074108, 0.0], [73.92879415975636, 34.12904250234228, 0.0], [73.92898674803217, 34.129140369236275, 0.0], [73.93057524510787, 34.131119624608736, 0.0], [73.93009539470408, 34.134684886926735, 0.0], [73.93002974964949, 34.134879671220695, 0.0], [73.92984969791425, 34.135172406973425, 0.0], [73.92970364959122, 34.135582631066974, 0.0], [73.92956847270368, 34.13603344271789, 0.0], [73.9292436182321, 34.13675025618107, 0.0], [73.92901083825235, 34.13718307959862, 0.0], [73.92878338143855, 34.13759791313976, 0.0], [73.92875658222495, 34.137985549996706, 0.0], [73.928794651065, 34.13826048294563, 0.0], [73.92907683312782, 34.138666056711926, 0.0], [73.92941309123515, 34.138868740657365, 0.0], [73.92986331320316, 34.13930580622273, 0.0], [73.93038182063876, 34.139900713049656, 0.0], [73.93078457908362, 34.14048815427875, 0.0], [73.93083127188733, 34.14052936906125, 0.0], [73.9308616504842, 34.140571992235905, 0.0], [73.9312848544325, 34.141157707680776, 0.0], [73.93152354743297, 34.141495710607614, 0.0], [73.93201188653072, 34.14199126750982, 0.0], [73.93255434389687, 34.14250487768123, 0.0], [73.93304242726087, 34.142788682407854, 0.0], [73.93354132769169, 34.142937127216314, 0.0], [73.93414859391575, 34.143058553398596, 0.0], [73.93490769006434, 34.14332865192667, 0.0], [73.93569943680843, 34.1435987586023, 0.0], [73.93629053173017, 34.14386883419605, 0.0], [73.93679474429534, 34.14393173057713, 0.0], [73.93762975954665, 34.14402147495769, 0.0], [73.9380960210552, 34.144066271055095, 0.0], [73.93920207695805, 34.14418287885585, 0.0], [73.94028105161672, 34.144349112026184, 0.0], [73.9411539474306, 34.14451545328194, 0.0], [73.94226558891674, 34.144785210768276, 0.0], [73.94276167780778, 34.14485256504031, 0.0], [73.9432577650483, 34.14491991867068, 0.0], [73.94336515393898, 34.1449385247389, 0.0], [73.94385422409017, 34.145023259786186, 0.0], [73.94412341602089, 34.14515538598878, 0.0], [73.94459722462568, 34.145387940141205, 0.0], [73.94532392997817, 34.14568502189078, 0.0], [73.94602915038153, 34.14616696446461, 0.0], [73.94655523333809, 34.146391974165205, 0.0], [73.94738490565786, 34.14665295118584, 0.0], [73.94774363845197, 34.146736699671074, 0.0], [73.94830709156834, 34.14691181370803, 0.0], [73.94860454028571, 34.14700425647962, 0.0], [73.94961100737441, 34.147317048991056, 0.0], [73.95004226464297, 34.14753477783801, 0.0], [73.95101838401786, 34.147813666683376, 0.0], [73.95429332911866, 34.14815868605026, 0.0], [73.95732518118675, 34.149301553304916, 0.0], [73.96031429311063, 34.15107101610619, 0.0], [73.96393876734174, 34.153718818289995, 0.0], [73.96473397343574, 34.15450511472138, 0.0], [73.9660570063075, 34.1558132893695, 0.0], [73.96817532107521, 34.15790771809819, 0.0], [73.96910091711818, 34.1589212030146, 0.0], [73.97142882615753, 34.16042484932735, 0.0], [73.97473375141348, 34.16277963492746, 0.0], [73.97571341936894, 34.16344049582816, 0.0], [73.97769695968016, 34.16477851429646, 0.0], [73.98061082615267, 34.166317620859594, 0.0], [73.98167431953149, 34.166805759299585, 0.0], [73.98541950506909, 34.1694551122405, 0.0], [73.98999096040853, 34.1733454634231, 0.0], [73.99117442307951, 34.174343506251645, 0.0], [73.99210975259551, 34.17513227289098, 0.0], [73.99213081862747, 34.175150037247164, 0.0], [73.99226993276619, 34.17526735077262, 0.0], [73.99249262451, 34.175455144657576, 0.0], [73.9925536729702, 34.17550662559393, 0.0], [73.99579540580031, 34.17900662649661, 0.0], [73.99589760336323, 34.17911696181625, 0.0], [73.9959626543336, 34.17918719226095, 0.0], [73.9959881647633, 34.1792147350641, 0.0], [73.99609083953305, 34.17932558596375, 0.0], [73.99622011725347, 34.17946515629885, 0.0], [73.99866480611333, 34.1822123085844, 0.0], [73.9999642843011, 34.185222973412586, 0.0], [73.99999995970343, 34.18534293791285, 0.0], [74.00286362707718, 34.1881348309505, 0.0], [74.00354552897359, 34.188777448582094, 0.0], [74.00470332537645, 34.19316939581103, 0.0], [74.00145860268725, 34.197595746291256, 0.0], [74.00028914803846, 34.19856212260609, 0.0], [73.99855552710669, 34.201666921294695, 0.0], [73.99837479311279, 34.20236574726861, 0.0], [73.9981940601313, 34.20306457329826, 0.0], [73.99809754122566, 34.205138095782566, 0.0], [73.99797333801303, 34.20638005626694, 0.0], [73.99787662182844, 34.20703150063036, 0.0], [73.9978785199817, 34.20834761703858, 0.0], [73.99809701665538, 34.20935708555513, 0.0], [73.99815630501435, 34.21061599405706, 0.0], [73.99879188294362, 34.21120131806332, 0.0], [74.0001131277345, 34.2134685149934, 0.0], [74.00301278451704, 34.214511457508245, 0.0], [74.00377386224565, 34.21475508578047, 0.0], [74.0037739105, 34.21475510106691, 0.0], [74.00747905965558, 34.21664460227928, 0.0], [74.00762241980348, 34.21906832644318, 0.0], [74.00781835144252, 34.22238069204414, 0.0], [74.00670409999344, 34.22787075094656, 0.0], [74.00659454360505, 34.228410512873204, 0.0], [74.00348200163252, 34.23254455902725, 0.0], [74.00108683703492, 34.23362459081336, 0.0], [74.00010874609546, 34.23398655315881, 0.0], [74.00005434200658, 34.23409016334262, 0.0], [73.99781957316061, 34.238346233001934, 0.0], [73.99532562410165, 34.24235301163045, 0.0], [73.99274315726043, 34.246036279265255, 0.0], [73.99129161684809, 34.247850883339055, 0.0], [73.9906277052256, 34.24868082858267, 0.0], [73.99055411092426, 34.24877282620288, 0.0], [73.99035222303807, 34.2490251994806, 0.0], [73.99011731629831, 34.24931884628306, 0.0], [73.98964127750794, 34.24991391480222, 0.0], [73.98952251783277, 34.250062367497016, 0.0], [73.98608178300495, 34.254191019414634, 0.0], [73.9855448514531, 34.254835300365734, 0.0], [73.98413871384382, 34.256522570437504, 0.0], [73.98400813610282, 34.25675045174733, 0.0], [73.9839748860917, 34.256808479960426, 0.0], [73.98387280176333, 34.25698663458228, 0.0], [73.98373524760083, 34.257226689425295, 0.0], [73.98371468693469, 34.257262570261005, 0.0], [73.98357958308735, 34.25750221567232, 0.0], [73.98460037463474, 34.2578792539639, 0.0], [73.98919121182772, 34.25957480791986, 0.0], [73.994415220783, 34.257932547345014, 0.0], [73.99527376043432, 34.25766262987088, 0.0], [73.99562159907629, 34.25755327076777, 0.0], [73.99579434120373, 34.25743839233102, 0.0], [73.99636249347054, 34.25706055145915, 0.0], [73.99708061086717, 34.25658297190228, 0.0], [74.00358317387692, 34.25225808267888, 0.0], [74.00451153108612, 34.25159992961896, 0.0], [74.0048636331113, 34.25135030539688, 0.0], [74.00521783082912, 34.251099193844986, 0.0], [74.00534496130153, 34.25100906365304, 0.0], [74.00534832320753, 34.251006679686625, 0.0], [74.00564535583527, 34.25079609310924, 0.0], [74.00852670423399, 34.2487532382432, 0.0], [74.01026690268861, 34.24771237258184, 0.0], [74.01234424981013, 34.24646979472067, 0.0], [74.01544975414991, 34.24590463638101, 0.0], [74.01931785557858, 34.24598166120821, 0.0], [74.02324091327525, 34.24403469601146, 0.0], [74.0271128105181, 34.24392067094081, 0.0], [74.03089056113174, 34.24634481511793, 0.0], [74.03371679126543, 34.24807659683025, 0.0], [74.03510349312553, 34.24892626288731, 0.0], [74.03587210041626, 34.25383633843693, 0.0], [74.03639854794243, 34.257635464203055, 0.0], [74.0365993105893, 34.259084200823914, 0.0], [74.03846161323212, 34.25698987378419, 0.0], [74.04006774630533, 34.25783502210984, 0.0], [74.04130650948636, 34.25848684008422, 0.0], [74.04449311923021, 34.25855658887814, 0.0], [74.0474790559914, 34.258315056461576, 0.0], [74.05113751659303, 34.25890327746838, 0.0], [74.05369830547882, 34.26071681453378, 0.0], [74.05819823252048, 34.26138864318684, 0.0], [74.06219285893229, 34.262255034902445, 0.0], [74.06340282921597, 34.26251744311131, 0.0], [74.06396278566405, 34.26244775415987, 0.0], [74.06419134421157, 34.26241930887031, 0.0], [74.06870000805671, 34.26185811080365, 0.0], [74.06870013992629, 34.26185809007198, 0.0], [74.07241098494913, 34.26131207405544, 0.0], [74.07428431238512, 34.26078479855804, 0.0], [74.074372227011, 34.260760053024256, 0.0], [74.07520186077035, 34.260526531376314, 0.0], [74.07523209631162, 34.2605382636574, 0.0], [74.0756253425015, 34.26069085979198, 0.0], [74.07813829025925, 34.26166595829108, 0.0], [74.0793640701388, 34.26271899299626, 0.0], [74.07942375096523, 34.26277026250787, 0.0], [74.08056232178352, 34.26374834677613, 0.0], [74.0813959087921, 34.264464420060406, 0.0], [74.08501515009648, 34.26566267068852, 0.0], [74.08636896147841, 34.26611086030439, 0.0], [74.0863691587025, 34.26611092691819, 0.0], [74.09071729432053, 34.267545536222826, 0.0], [74.0934914048319, 34.26814347220218, 0.0], [74.09663068898843, 34.267729410326666, 0.0], [74.09751630750107, 34.26761258911102, 0.0], [74.10039647729168, 34.269809329835496, 0.0], [74.10089367944819, 34.270188537891194, 0.0], [74.1057202199549, 34.271080351134216, 0.0], [74.11033722947334, 34.26995402279332, 0.0], [74.11149301985836, 34.26967204186898, 0.0], [74.11497757768927, 34.27004692029182, 0.0], [74.11889480586258, 34.27102864794597, 0.0], [74.12234974143341, 34.27040293691247, 0.0], [74.12390891986831, 34.2701205342126, 0.0], [74.12753580102932, 34.270538541715624, 0.0], [74.13152659773124, 34.27214528710597, 0.0], [74.13340828840921, 34.273225061831255, 0.0], [74.13482797195763, 34.27403969368101, 0.0], [74.13538569773576, 34.274699543229346, 0.0], [74.13718487104722, 34.27682808586208, 0.0], [74.1396009931999, 34.27831026308781, 0.0], [74.14089656261712, 34.279105001321476, 0.0], [74.14172728807402, 34.27982745527954, 0.0], [74.14341386218521, 34.281294169117984, 0.0], [74.14627882696765, 34.2812193381095, 0.0], [74.14773555920455, 34.28118126994902, 0.0], [74.14816093451152, 34.28102403009262, 0.0], [74.15107029727612, 34.27994854668153, 0.0], [74.15209497069938, 34.27956974459738, 0.0], [74.15420791140129, 34.279539783871584, 0.0], [74.15671700482262, 34.279504172159356, 0.0], [74.15680581974652, 34.27947978138735, 0.0], [74.15833409104894, 34.27906007524007, 0.0], [74.16059173015447, 34.278440031814036, 0.0], [74.16101813447176, 34.278295268915876, 0.0], [74.16507050079767, 34.27691943305433, 0.0], [74.16739049340015, 34.27795070793325, 0.0], [74.1692454541452, 34.27877523013767, 0.0], [74.17349347721905, 34.27935298298133, 0.0], [74.1748723555311, 34.279355702367255, 0.0], [74.17736451730713, 34.27936058922499, 0.0], [74.178840102496, 34.280383399819414, 0.0], [74.18097783465923, 34.28186512061889, 0.0], [74.18609319230964, 34.28166472163425, 0.0], [74.18648226925109, 34.281649472900625, 0.0], [74.19081183343248, 34.28192887078948, 0.0], [74.1908741555468, 34.281932891932136, 0.0], [74.19089046966444, 34.28193394473443, 0.0], [74.19094180957975, 34.28193725672991, 0.0], [74.19102027520668, 34.28194231934191, 0.0], [74.19236713936755, 34.2822007870942, 0.0], [74.19247664849351, 34.28221841742762, 0.0], [74.19257965571627, 34.28223794468441, 0.0], [74.19263573581027, 34.28224857630932, 0.0], [74.19273630631115, 34.2822676417481, 0.0], [74.1929094667063, 34.28230046867155, 0.0], [74.19510984324809, 34.2827175831065, 0.0], [74.19853936005745, 34.28313925199877, 0.0], [74.20151338135936, 34.284092953288926, 0.0], [74.20519566901007, 34.286122721691385, 0.0], [74.2053506437899, 34.28621276971983, 0.0], [74.20980745843009, 34.28880226609984, 0.0], [74.21146408907352, 34.28892808813204, 0.0], [74.2134530735161, 34.28907913257437, 0.0], [74.21540656390448, 34.29251896663082, 0.0], [74.21897319077308, 34.29341566918519, 0.0], [74.2217538854383, 34.297393175188546, 0.0], [74.2350524243939, 34.304482839223816, 0.0], [74.25036578687953, 34.30704417325602, 0.0], [74.25314930964724, 34.30844286938006, 0.0], [74.25703429565343, 34.309517156972845, 0.0], [74.26052161850474, 34.3097784188487, 0.0], [74.26393097093576, 34.30785014134226, 0.0], [74.26734378914593, 34.30768189480892, 0.0], [74.2709841637922, 34.30682839225686, 0.0], [74.27527267547097, 34.308284312189656, 0.0], [74.27868060305079, 34.309545571056624, 0.0], [74.27960946053965, 34.30988931902887, 0.0], [74.2843847554063, 34.31151377588956, 0.0], [74.28747722634282, 34.31257375123347, 0.0], [74.29106993091463, 34.315041406768074, 0.0], [74.2995275686086, 34.315074297098775, 0.0], [74.30310603873033, 34.31629665241386, 0.0], [74.30365176472398, 34.31648305506985, 0.0], [74.3073410894148, 34.31782157929341, 0.0], [74.31086128851393, 34.31788657618032, 0.0], [74.3146765716439, 34.31556036337731, 0.0], [74.31793850138932, 34.314256388573355, 0.0], [74.3219007628564, 34.31168617594278, 0.0], [74.32639136920815, 34.30940613284843, 0.0], [74.33050100200605, 34.31016041404148, 0.0], [74.33464247933512, 34.31101147794532, 0.0], [74.33703795945915, 34.3124423821207, 0.0], [74.33835703659322, 34.313230279734015, 0.0], [74.34153884989192, 34.314911795337565, 0.0], [74.34562056890694, 34.317525935003445, 0.0], [74.34702723976085, 34.32226313208104, 0.0], [74.3502716362769, 34.325615860414764, 0.0], [74.35338970061152, 34.32776574037053, 0.0], [74.35642113102385, 34.32904780631195, 0.0], [74.35918820216324, 34.33020207127356, 0.0], [74.36349920313808, 34.33139946738364, 0.0], [74.36355311943375, 34.331414441970175, 0.0], [74.36517593205907, 34.33239305003366, 0.0], [74.36651197034588, 34.33319869759767, 0.0], [74.36822155353235, 34.3360925831961, 0.0], [74.36960966853441, 34.33875876033967, 0.0], [74.3714299269547, 34.34114099069114, 0.0], [74.3736279493389, 34.34384094617902, 0.0], [74.37596738602872, 34.34658034042442, 0.0], [74.37741538334811, 34.34718914880158, 0.0], [74.37778862883228, 34.34734607624476, 0.0], [74.3808833388053, 34.348647164646245, 0.0], [74.38172593171394, 34.34866591252997, 0.0], [74.38485824477956, 34.34873557318813, 0.0], [74.38697561023903, 34.3501923783239, 0.0], [74.38699666872908, 34.35027508697449, 0.0], [74.38797118482215, 34.354102368940126, 0.0], [74.39014138373524, 34.35817626177903, 0.0], [74.38782739309998, 34.360760997100165, 0.0], [74.38638474628478, 34.36135898208086, 0.0], [74.38356908205002, 34.36252603636512, 0.0], [74.38073513910663, 34.3625899818032, 0.0], [74.37853187217466, 34.3626396639143, 0.0], [74.37828314269458, 34.362880501450604, 0.0], [74.37810797814689, 34.36305010833492, 0.0], [74.37474885572495, 34.36630249092976, 0.0], [74.37798729696954, 34.37029258364757, 0.0], [74.38041557764562, 34.37315247881526, 0.0], [74.38046082658397, 34.37320576892356, 0.0], [74.38184593362463, 34.37655318768591, 0.0], [74.38216705214276, 34.380106097890774, 0.0], [74.3827802687734, 34.38332317696104, 0.0], [74.3804741592083, 34.3844845739091, 0.0], [74.3799791453131, 34.38881921819256, 0.0], [74.3770747377145, 34.39070430315263, 0.0], [74.37347528750092, 34.39170271773364, 0.0], [74.36941909775231, 34.392182662181355, 0.0], [74.36560481632213, 34.392934060112, 0.0], [74.36169779266913, 34.39462283679365, 0.0], [74.357913219636, 34.39539992065312, 0.0], [74.35446556753163, 34.39673585378834, 0.0], [74.35115367344157, 34.398231731447034, 0.0], [74.34870278195717, 34.40172117637398, 0.0], [74.34751265747833, 34.408208025172556, 0.0], [74.34772022066464, 34.41400231567214, 0.0], [74.34790670834211, 34.41706517916466, 0.0], [74.34614791070412, 34.42356427932732, 0.0], [74.35017892037484, 34.42594880324491, 0.0], [74.35322853521053, 34.424618356279886, 0.0], [74.35917723686546, 34.42549287029254, 0.0], [74.36457820080199, 34.42808493284268, 0.0], [74.36916819605857, 34.42970058609538, 0.0], [74.37314476064701, 34.43213017727036, 0.0], [74.3782769874766, 34.43546894929643, 0.0], [74.38274408336915, 34.43728824860933, 0.0], [74.38898981398481, 34.437440073991944, 0.0], [74.39268126945437, 34.437513352240714, 0.0], [74.39581108751632, 34.436625426907774, 0.0], [74.39894989648218, 34.434472663769775, 0.0], [74.39999378723546, 34.42914896958253, 0.0]]]}}, {"type": "Feature", "properties": {"district_id": "kathua", "display_name": "Kathua", "source_name": "KATHUA", "state_ut": "Jammu and Kashmir", "objectid": 9, "dist_lgd": "007"}, "geometry": {"type": "Polygon", "coordinates": [[[75.78382025447047, 32.88993418319337, 0.0], [75.787831731454, 32.889750670790725, 0.0], [75.7909461650721, 32.88789078368003, 0.0], [75.79442373153555, 32.88604233921406, 0.0], [75.79628833081745, 32.884418165111775, 0.0], [75.79629571507073, 32.88441173360924, 0.0], [75.79631780899649, 32.884392488507004, 0.0], [75.79643054215215, 32.88429429071711, 0.0], [75.79625281264866, 32.88425588374585, 0.0], [75.79713314495983, 32.88341130435175, 0.0], [75.79725183180294, 32.88329743624733, 0.0], [75.79737051838666, 32.88318356892793, 0.0], [75.79858936373961, 32.88241340562679, 0.0], [75.8004337137518, 32.88125578160082, 0.0], [75.80129999826194, 32.880467282166485, 0.0], [75.80335842856312, 32.87876883496658, 0.0], [75.80557689868739, 32.87734083213055, 0.0], [75.8059780377388, 32.87680461387053, 0.0], [75.8063205913092, 32.876020265105076, 0.0], [75.80633208778802, 32.87489320875951, 0.0], [75.80674400363245, 32.874262206137836, 0.0], [75.8076531948161, 32.87297330705349, 0.0], [75.80786388234333, 32.8725244544865, 0.0], [75.808300623646, 32.87159399708932, 0.0], [75.8086216372325, 32.87100804481665, 0.0], [75.80946697066793, 32.86930885589846, 0.0], [75.80954856961655, 32.86736122875491, 0.0], [75.8096988557839, 32.866315266228014, 0.0], [75.80998277259809, 32.86535512156057, 0.0], [75.81026722398227, 32.863443703014966, 0.0], [75.81028934961553, 32.86239775777277, 0.0], [75.81041819855953, 32.86158176756162, 0.0], [75.81083038926684, 32.86033313916508, 0.0], [75.81143368022393, 32.86055433528477, 0.0], [75.81143382122355, 32.86055433700591, 0.0], [75.81143390199585, 32.860554367205964, 0.0], [75.81276397222007, 32.86057757417699, 0.0], [75.81365087012763, 32.86028947699225, 0.0], [75.81435612461803, 32.860100425660676, 0.0], [75.81586838200681, 32.85936174034674, 0.0], [75.81692638522105, 32.858785178603, 0.0], [75.8169264982041, 32.85878511963613, 0.0], [75.81717807914306, 32.85796922300504, 0.0], [75.81724810826331, 32.856923324209504, 0.0], [75.81729649667949, 32.85645440779399, 0.0], [75.81781528167532, 32.85544472356793, 0.0], [75.81832839088885, 32.854935515415, 0.0], [75.81868116779435, 32.85457501547521, 0.0], [75.81868200264698, 32.8531998796165, 0.0], [75.8186236232019, 32.85273102991466, 0.0], [75.81992153152626, 32.85284881476842, 0.0], [75.82189304702993, 32.851821647449285, 0.0], [75.82378448002024, 32.850875707976265, 0.0], [75.82465985899876, 32.850357091380424, 0.0], [75.8248263581018, 32.85025844713006, 0.0], [75.8252964234311, 32.8501053417903, 0.0], [75.82636482361919, 32.85001106494212, 0.0], [75.82797324055548, 32.84850587443418, 0.0], [75.82833665774594, 32.848158807061175, 0.0], [75.82967809654353, 32.846644447213244, 0.0], [75.82997740376489, 32.84618468695399, 0.0], [75.82987643062242, 32.84502598917942, 0.0], [75.83177775289153, 32.845256550334184, 0.0], [75.83268575615334, 32.84518024362464, 0.0], [75.83314921987628, 32.84485167896679, 0.0], [75.83314928613706, 32.844851631544046, 0.0], [75.83318797176351, 32.84482421086899, 0.0], [75.83351913455593, 32.84464395304913, 0.0], [75.83473652693263, 32.84491488407551, 0.0], [75.83473655854166, 32.84491487304967, 0.0], [75.83473674868156, 32.84491491596732, 0.0], [75.83538317345028, 32.844703137566526, 0.0], [75.83706565035052, 32.84432946223873, 0.0], [75.8398860289404, 32.84351426132549, 0.0], [75.84046822500237, 32.843428719287, 0.0], [75.84023872375239, 32.84300035750844, 0.0], [75.84044742750426, 32.84195901737177, 0.0], [75.84059181403384, 32.84146310860422, 0.0], [75.84173006790088, 32.83960135475615, 0.0], [75.84242481488022, 32.838267011735965, 0.0], [75.84243571241558, 32.83768991527886, 0.0], [75.84310866835172, 32.83756839193183, 0.0], [75.84428896043212, 32.83741538975232, 0.0], [75.84548555274058, 32.836356187324654, 0.0], [75.84589171709904, 32.83548163944275, 0.0], [75.84608401648991, 32.83507154358499, 0.0], [75.84666577034325, 32.835973205222274, 0.0], [75.84700753323447, 32.83626179457172, 0.0], [75.84700764010005, 32.8362618172267, 0.0], [75.84818761864888, 32.836482911169654, 0.0], [75.8481878391516, 32.83648294755798, 0.0], [75.84972589129416, 32.83628038388549, 0.0], [75.85036146800988, 32.836073112814255, 0.0], [75.85127486818874, 32.83527528999117, 0.0], [75.85265821099769, 32.83438288584753, 0.0], [75.85352368492384, 32.833337047655505, 0.0], [75.85441027295631, 32.832512144121345, 0.0], [75.85517415682213, 32.8317728625924, 0.0], [75.8560714724525, 32.83048802407099, 0.0], [75.85710759747944, 32.829942697600316, 0.0], [75.85731434456608, 32.82903337817471, 0.0], [75.85733208658401, 32.828955342511385, 0.0], [75.8574122400289, 32.82849097405782, 0.0], [75.8588116181224, 32.82706196058524, 0.0], [75.8594471788574, 32.82648490531898, 0.0], [75.86111876454775, 32.82478537548047, 0.0], [75.86209602316383, 32.824172401080425, 0.0], [75.86237909083019, 32.82374857583951, 0.0], [75.86289178841201, 32.822810820084, 0.0], [75.86379973324259, 32.82150799350695, 0.0], [75.86420019274209, 32.82130516117703, 0.0], [75.86502782257391, 32.820845367031936, 0.0], [75.86563123612866, 32.82029980281362, 0.0], [75.86567407397953, 32.81962804204358, 0.0], [75.86548189550756, 32.81885706066025, 0.0], [75.86538067568668, 32.81702214730092, 0.0], [75.86563178846873, 32.815466677905476, 0.0], [75.86563178852967, 32.815466645186106, 0.0], [75.86558370966547, 32.81510151161787, 0.0], [75.86549302761999, 32.81474980885779, 0.0], [75.86535418414897, 32.814267375804825, 0.0], [75.86503937018243, 32.81338367043909, 0.0], [75.86586668815379, 32.813550574142866, 0.0], [75.86586680578837, 32.81355059614568, 0.0], [75.8668491637033, 32.8137219263472, 0.0], [75.86684928010499, 32.81372195286339, 0.0], [75.86854176317449, 32.81370399958359, 0.0], [75.87018088934903, 32.813253242898774, 0.0], [75.87135009382727, 32.812833969045215, 0.0], [75.87185198558934, 32.81259955758206, 0.0], [75.87222570881326, 32.81241023100693, 0.0], [75.87312795276456, 32.81258152732435, 0.0], [75.87312807043104, 32.812581548413974, 0.0], [75.87362442564648, 32.81266718435604, 0.0], [75.87362454204867, 32.81266721086756, 0.0], [75.87541314082964, 32.812725796461, 0.0], [75.87709491663306, 32.81239218518873, 0.0], [75.87856309184603, 32.81166171791521, 0.0], [75.87908632592088, 32.81121082290335, 0.0], [75.8795080342815, 32.81046243100458, 0.0], [75.8797801856076, 32.809236115912064, 0.0], [75.88094931360538, 32.8077797907194, 0.0], [75.88115753576531, 32.80745964161175, 0.0], [75.88134967358637, 32.80681947746723, 0.0], [75.88155779347848, 32.806521878797135, 0.0], [75.88259879389334, 32.80580041474058, 0.0], [75.88261478456627, 32.80546231509278, 0.0], [75.8826360969853, 32.80507907590981, 0.0], [75.8821822601582, 32.80415932570854, 0.0], [75.8825132149563, 32.80358222541656, 0.0], [75.8842052542904, 32.80193203704139, 0.0], [75.88423192972841, 32.80167053329015, 0.0], [75.8839596985062, 32.801143058793585, 0.0], [75.88344708837474, 32.80007904264048, 0.0], [75.8834790292858, 32.79911870530593, 0.0], [75.88401268104185, 32.798122263640714, 0.0], [75.88426351594782, 32.79737388842577, 0.0], [75.88494662153471, 32.79562897208011, 0.0], [75.88562959500162, 32.79388414208729, 0.0], [75.88580031431111, 32.79324394162002, 0.0], [75.88511696674641, 32.79162991285458, 0.0], [75.88493536111034, 32.79124666378161, 0.0], [75.88493535051465, 32.79092211570695, 0.0], [75.88525553861923, 32.7899978052928, 0.0], [75.885319513705, 32.7897182668046, 0.0], [75.88545825609495, 32.788933788197994, 0.0], [75.88480686299447, 32.78768494016989, 0.0], [75.8849188000645, 32.78594017644106, 0.0], [75.88506796390118, 32.78421336969239, 0.0], [75.88544140680658, 32.782878801653, 0.0], [75.88582031414248, 32.78224759203785, 0.0], [75.88667411896292, 32.78120151674049, 0.0], [75.8875600090038, 32.78045296709142, 0.0], [75.88868599685898, 32.77963677044233, 0.0], [75.88957183319668, 32.779406794080025, 0.0], [75.88957188856163, 32.77940677999171, 0.0], [75.89027616593715, 32.7785996058987, 0.0], [75.8905148179328, 32.77836150300689, 0.0], [75.89204778979028, 32.77683202437569, 0.0], [75.89308296274866, 32.77611502573626, 0.0], [75.89383003733714, 32.77574969919908, 0.0], [75.89460365322273, 32.77502824015058, 0.0], [75.89504659897024, 32.77478920300192, 0.0], [75.89555888160314, 32.7750010858275, 0.0], [75.89590197490143, 32.77504862375047, 0.0], [75.89598058695172, 32.77505953259349, 0.0], [75.89621545438962, 32.77507760625812, 0.0], [75.89650358962886, 32.77492418481546, 0.0], [75.89665821918456, 32.77461765302089, 0.0], [75.89661536533526, 32.77366632408663, 0.0], [75.89658316924151, 32.773138779801556, 0.0], [75.89635334785117, 32.77172767367345, 0.0], [75.89644388394561, 32.77114152151913, 0.0], [75.89730813096303, 32.77000978742163, 0.0], [75.89795361002164, 32.76916655020426, 0.0], [75.8991806473489, 32.76789040516022, 0.0], [75.90013565699934, 32.76725447546468, 0.0], [75.90260067685358, 32.76592844401276, 0.0], [75.90367842054276, 32.765535961605764, 0.0], [75.90478278014231, 32.76477822839897, 0.0], [75.90552954328774, 32.76382670004864, 0.0], [75.90699628685847, 32.76210855733729, 0.0], [75.90860729486857, 32.76074655448242, 0.0], [75.90907668989948, 32.7602730146471, 0.0], [75.9103352946201, 32.758622551718446, 0.0], [75.91064456147508, 32.75829783086773, 0.0], [75.91194069656831, 32.757192894961705, 0.0], [75.91239394317523, 32.75655249527832, 0.0], [75.91339118459346, 32.755285281616175, 0.0], [75.9138018617291, 32.75481630127861, 0.0], [75.91488996859471, 32.75397281586331, 0.0], [75.91546071839619, 32.75365708838681, 0.0], [75.91605254157969, 32.75287684068615, 0.0], [75.91633584629741, 32.752319554914294, 0.0], [75.91649495059005, 32.75200657972355, 0.0], [75.91735895026493, 32.75122631989724, 0.0], [75.91784961212048, 32.750878965567416, 0.0], [75.91872963338587, 32.750247413160345, 0.0], [75.91873808158792, 32.750000018861456, 0.0], [75.91880073204428, 32.74999033300502, 0.0], [75.91883646052798, 32.74985428960253, 0.0], [75.91925200854135, 32.74948720104901, 0.0], [75.91954520065642, 32.74916248533455, 0.0], [75.91985987839571, 32.74885123282691, 0.0], [75.92030792715656, 32.748607643330956, 0.0], [75.9208678656571, 32.74813853640643, 0.0], [75.92135313248802, 32.7477055159525, 0.0], [75.9217474996808, 32.74717339736419, 0.0], [75.92190748773928, 32.74679905289315, 0.0], [75.92211521438499, 32.746199391127895, 0.0], [75.92229089004222, 32.74533819781252, 0.0], [75.9221945446563, 32.74489637237846, 0.0], [75.9223918725333, 32.74463477607673, 0.0], [75.92259968997718, 32.74417934727608, 0.0], [75.9228555282075, 32.74386815928474, 0.0], [75.92295145154027, 32.743678748604495, 0.0], [75.92296739506284, 32.74354801801434, 0.0], [75.92291923537748, 32.74331808515107, 0.0], [75.92266298427087, 32.74295744807624, 0.0], [75.92217178232342, 32.74237609927831, 0.0], [75.9221033684175, 32.74231688673866, 0.0], [75.92210325571413, 32.74205448983001, 0.0], [75.92161747385222, 32.7413286241384, 0.0], [75.92159509259513, 32.74117252736308, 0.0], [75.92150939155783, 32.74058187899835, 0.0], [75.92144520019288, 32.740266370968534, 0.0], [75.92134906357305, 32.73993720700692, 0.0], [75.92125807072573, 32.739423269965044, 0.0], [75.92109247181432, 32.738877858352645, 0.0], [75.92096425467315, 32.73852168801984, 0.0], [75.9208252836754, 32.7381159847711, 0.0], [75.92071313389775, 32.73782743906609, 0.0], [75.92063299279019, 32.737579519239624, 0.0], [75.92048347625355, 32.737299996677194, 0.0], [75.92015252659174, 32.73691689986614, 0.0], [75.91972023892639, 32.73643469200474, 0.0], [75.91929320348842, 32.73597499420742, 0.0], [75.91896234498171, 32.73564141520187, 0.0], [75.91862070798759, 32.73527634300083, 0.0], [75.91844457298932, 32.73506448401248, 0.0], [75.91835379392691, 32.73490224306203, 0.0], [75.9183270879929, 32.734816565431366, 0.0], [75.91833241377239, 32.73472190380239, 0.0], [75.91838563428477, 32.734541559669246, 0.0], [75.91847088794457, 32.734383711572995, 0.0], [75.91854553448628, 32.73425291176173, 0.0], [75.91868947571504, 32.734135675659225, 0.0], [75.91875346225795, 32.73399584340366, 0.0], [75.91876938842864, 32.733810991703436, 0.0], [75.91876910626895, 32.73334662954652, 0.0], [75.91871021295181, 32.73296342895635, 0.0], [75.91864606965855, 32.73252614456353, 0.0], [75.9185444098005, 32.73198955142409, 0.0], [75.91847025399069, 32.73165341004283, 0.0], [75.91847096861333, 32.73082241470378, 0.0], [75.91839949066872, 32.73025285646231, 0.0], [75.91840488507871, 32.73022683832733, 0.0], [75.91846344509923, 32.72997429207695, 0.0], [75.9185592674073, 32.72960908117604, 0.0], [75.91865507573152, 32.729252889020785, 0.0], [75.91871894612798, 32.72905000624667, 0.0], [75.9187562424093, 32.72884704708427, 0.0], [75.91879338778631, 32.72863966933742, 0.0], [75.91880398835168, 32.728414265038516, 0.0], [75.91876128322184, 32.72825645220068, 0.0], [75.91866517467143, 32.72809415936671, 0.0], [75.91855847647126, 32.727981465949824, 0.0], [75.91846233355132, 32.72777416332006, 0.0], [75.91840350915763, 32.727553236526155, 0.0], [75.91836078169459, 32.72730982080213, 0.0], [75.91828595592152, 32.72715197240872, 0.0], [75.91816859936904, 32.726998766064355, 0.0], [75.9179070966321, 32.72679592055838, 0.0], [75.91746425045763, 32.72651655598532, 0.0], [75.91722409357314, 32.72631373381494, 0.0], [75.91698929939626, 32.72606134971985, 0.0], [75.91672777373381, 32.725709757060216, 0.0], [75.91625278050917, 32.7250201096431, 0.0], [75.91594321381966, 32.7245197608449, 0.0], [75.91574570245969, 32.724280903528175, 0.0], [75.91556959398302, 32.724037469174135, 0.0], [75.91546283262973, 32.72377151820143, 0.0], [75.91535066288118, 32.72355061911783, 0.0], [75.91522794596084, 32.72335225638583, 0.0], [75.9149931028998, 32.723072807690215, 0.0], [75.91464627497919, 32.72275737337487, 0.0], [75.91456515166796, 32.7226934175273, 0.0], [75.91443669700212, 32.722422895343776, 0.0], [75.91286921090102, 32.721199560909504, 0.0], [75.91286917653028, 32.721199528245954, 0.0], [75.9126453583191, 32.72094552377772, 0.0], [75.91237857706967, 32.720630040390176, 0.0], [75.9121171319422, 32.72031451896743, 0.0], [75.9117595905507, 32.71994034116094, 0.0], [75.91131139793607, 32.71957079007902, 0.0], [75.91094322410513, 32.71921021795856, 0.0], [75.91059111894232, 32.718876679259964, 0.0], [75.91020699043872, 32.71852063986303, 0.0], [75.90992414346807, 32.71821861863032, 0.0], [75.90950273368895, 32.717826496040196, 0.0], [75.90916117394822, 32.71747943686663, 0.0], [75.90889446114765, 32.717326220607994, 0.0], [75.90836634163875, 32.71703778928791, 0.0], [75.90800358463005, 32.716798943830405, 0.0], [75.90764619354698, 32.71660515852825, 0.0], [75.90726744973111, 32.71635731587343, 0.0], [75.90695274601174, 32.71606886704416, 0.0], [75.90672860367286, 32.71573529338585, 0.0], [75.90658976323431, 32.71537458302661, 0.0], [75.90647226660043, 32.71498241724236, 0.0], [75.90642957735109, 32.71473890609754, 0.0], [75.90641348888767, 32.71444586273352, 0.0], [75.90642931727825, 32.71420689011467, 0.0], [75.90649860145074, 32.71399946353467, 0.0], [75.9065998651534, 32.71377854476217, 0.0], [75.90665852217546, 32.71367032811351, 0.0], [75.90667442549248, 32.71348096700924, 0.0], [75.90663166197787, 32.713187935496876, 0.0], [75.90651424014597, 32.71290843278588, 0.0], [75.90630077945026, 32.71254330004166, 0.0], [75.90601267602956, 32.71221424537415, 0.0], [75.9054898384973, 32.7115786617654, 0.0], [75.90511640420114, 32.711145946974796, 0.0], [75.90470556639971, 32.71074922065977, 0.0], [75.90452421043598, 32.71051933823514, 0.0], [75.90446112591862, 32.710418385226106, 0.0], [75.90448106385065, 32.71016508211322, 0.0], [75.90452403411616, 32.71010007500953, 0.0], [75.90472129733028, 32.70977085279447, 0.0], [75.90481183036596, 32.709554433680694, 0.0], [75.90485972968206, 32.709374132317585, 0.0], [75.90488100328155, 32.70913512097825, 0.0], [75.90482765288135, 32.70889168675743, 0.0], [75.90461419215178, 32.70853557008368, 0.0], [75.90375530916295, 32.70759345617555, 0.0], [75.90306709352261, 32.70680462475998, 0.0], [75.90263496744592, 32.70633579129951, 0.0], [75.90226160098285, 32.7058850259838, 0.0], [75.90188814769186, 32.70542523958227, 0.0], [75.90168546480507, 32.705109722484266, 0.0], [75.90158942877996, 32.70493839575079, 0.0], [75.90139733009192, 32.70455063926646, 0.0], [75.90130110679947, 32.70427566916336, 0.0], [75.90123715883202, 32.70405928005735, 0.0], [75.90123176938992, 32.703820279409314, 0.0], [75.90119430509074, 32.70350023659003, 0.0], [75.90114080079111, 32.703261310997476, 0.0], [75.90108751627757, 32.70310798791184, 0.0], [75.90093287843614, 32.70298633169, 0.0], [75.90067691670774, 32.7028781222851, 0.0], [75.90035692642822, 32.70281060223251, 0.0], [75.9000636353347, 32.70275651117704, 0.0], [75.89982899739903, 32.70265743717298, 0.0], [75.8997916255676, 32.70262992758191, 0.0], [75.8993574274265, 32.701762665955066, 0.0], [75.89933808566435, 32.70158898062305, 0.0], [75.89928466779715, 32.70130495275143, 0.0], [75.89916189597494, 32.70096675854576, 0.0], [75.89898054243933, 32.700488897606334, 0.0], [75.8989004073592, 32.70023194109604, 0.0], [75.89879910744615, 32.69993887386788, 0.0], [75.89879898129762, 32.69971345702933, 0.0], [75.89879889580553, 32.6994068561505, 0.0], [75.89878281608588, 32.699154401575065, 0.0], [75.8986548481156, 32.69886134503596, 0.0], [75.89846805090923, 32.69859541009822, 0.0], [75.89831342227414, 32.69835648687312, 0.0], [75.89808941587732, 32.698049955600666, 0.0], [75.89783867054622, 32.69781099781002, 0.0], [75.89755605822972, 32.6977028818295, 0.0], [75.89741311134803, 32.69762113470159, 0.0], [75.89737570713268, 32.697536845113454, 0.0], [75.89836634276735, 32.696534823590156, 0.0], [75.89873943879144, 32.696359126051355, 0.0], [75.89909124495973, 32.69613362165193, 0.0], [75.89930454780229, 32.695926157398326, 0.0], [75.8994963999138, 32.69566463492053, 0.0], [75.89967217903278, 32.69547069934654, 0.0], [75.8999281682337, 32.695105433424935, 0.0], [75.90014134803518, 32.694726672149315, 0.0], [75.90029053355576, 32.69437047075581, 0.0], [75.90038636952316, 32.69396016867522, 0.0], [75.90045552374038, 32.693527326009146, 0.0], [75.9004448012316, 32.69317118929888, 0.0], [75.90041271118277, 32.69298181176388, 0.0], [75.90036990818489, 32.692787911602366, 0.0], [75.90024727195697, 32.69255805108513, 0.0], [75.89990057951653, 32.692143256867766, 0.0], [75.89961259509981, 32.691827715914464, 0.0], [75.89943129252575, 32.691597823803335, 0.0], [75.89931927113716, 32.69145809032315, 0.0], [75.8992658835622, 32.6913679088958, 0.0], [75.8992339058123, 32.691295794627166, 0.0], [75.8992552256954, 32.69115600668666, 0.0], [75.89930843869851, 32.69089899548119, 0.0], [75.89937768489646, 32.690624010305115, 0.0], [75.8994416101329, 32.69037152308719, 0.0], [75.8994522111629, 32.69014151781157, 0.0], [75.89942015193022, 32.68984849550785, 0.0], [75.8993560741067, 32.68956445270105, 0.0], [75.89918535701953, 32.68929398335073, 0.0], [75.8990254066076, 32.6890866692963, 0.0], [75.89872140279714, 32.68878910155623, 0.0], [75.89851331316595, 32.68848254645472, 0.0], [75.89833204077756, 32.68832932642249, 0.0], [75.89821050002118, 32.68821461613319, 0.0], [75.89803952088214, 32.687976238965646, 0.0], [75.89802802906118, 32.68789203058454, 0.0], [75.89805468420494, 32.687752294586545, 0.0], [75.8981239394279, 32.68753134153239, 0.0], [75.89817716240536, 32.6873284530816, 0.0], [75.8981877427326, 32.68717061152543, 0.0], [75.89816112508811, 32.68702638548944, 0.0], [75.89803844838974, 32.68685506488429, 0.0], [75.89778242245443, 32.68657555236662, 0.0], [75.89750509464136, 32.68619236713757, 0.0], [75.89731843462435, 32.68592642937361, 0.0], [75.89722235806711, 32.68570548558469, 0.0], [75.89719009121414, 32.68551860286511, 0.0], [75.89729376728212, 32.68475749321261, 0.0], [75.89731813218516, 32.684691092092585, 0.0], [75.89750457906801, 32.68437088802547, 0.0], [75.89768573424912, 32.68396962917167, 0.0], [75.89774969707116, 32.68366753037683, 0.0], [75.89776022853661, 32.68341957470004, 0.0], [75.89774959890826, 32.683252683751824, 0.0], [75.89764816879347, 32.68298676731323, 0.0], [75.89756257364864, 32.68278405422696, 0.0], [75.89758159878424, 32.68264437926185, 0.0], [75.89695090548351, 32.67989163245139, 0.0], [75.8971347670623, 32.67820002531741, 0.0], [75.8971777465614, 32.678054363691864, 0.0], [75.8972203347478, 32.677716246209776, 0.0], [75.89722602331682, 32.67747169039755, 0.0], [75.89862825370733, 32.67584661929962, 0.0], [75.89891305261412, 32.67514694267939, 0.0], [75.89875984342049, 32.67426819273249, 0.0], [75.89868995407399, 32.67419995204719, 0.0], [75.89872266153877, 32.67409102785305, 0.0], [75.89883458613916, 32.67371227193583, 0.0], [75.89885581263636, 32.67344628944939, 0.0], [75.89883440613566, 32.673193781823805, 0.0], [75.8987863874328, 32.67303148824925, 0.0], [75.89867436283791, 32.672878222424885, 0.0], [75.89857840995481, 32.67274297243778, 0.0], [75.89843447267386, 32.672661827087786, 0.0], [75.89817862604468, 32.672598712522905, 0.0], [75.89783206593513, 32.67254021458472, 0.0], [75.89742161133546, 32.67245917097269, 0.0], [75.89719233863894, 32.6723870237259, 0.0], [75.89702176133673, 32.67226529565633, 0.0], [75.89692575495526, 32.672103073567314, 0.0], [75.89686704650937, 32.67192723529411, 0.0], [75.89681896845401, 32.671683757534964, 0.0], [75.89681893144186, 32.67141323611923, 0.0], [75.89688810962598, 32.671142671279874, 0.0], [75.89703207785132, 32.670885734208824, 0.0], [75.8972398304255, 32.67065116198497, 0.0], [75.89741576986722, 32.670434767148095, 0.0], [75.89755427409827, 32.670218279995936, 0.0], [75.89759151639232, 32.6700605173121, 0.0], [75.89759154961125, 32.66992521136901, 0.0], [75.89753817035519, 32.66978099604907, 0.0], [75.89737822253167, 32.66962320099358, 0.0], [75.89705824262175, 32.669267108911285, 0.0], [75.89673839949049, 32.66892445495899, 0.0], [75.89650382805057, 32.66869457746747, 0.0], [75.89613594450822, 32.66841062803936, 0.0], [75.89576275863362, 32.668140154521915, 0.0], [75.8954534572466, 32.66795536943659, 0.0], [75.89511234876153, 32.66775700937994, 0.0], [75.89440326793199, 32.66741450903764, 0.0], [75.89396618339315, 32.66721619873618, 0.0], [75.89358764830034, 32.66701782967371, 0.0], [75.89336372597201, 32.6668601239069, 0.0], [75.89320909972304, 32.6666571829528, 0.0], [75.89307052952492, 32.66639576563279, 0.0], [75.89298520090813, 32.66614777123701, 0.0], [75.89294774964114, 32.66593136738472, 0.0], [75.89296908691055, 32.665728527109316, 0.0], [75.89296894556138, 32.66534976144949, 0.0], [75.8929476164758, 32.665038710100276, 0.0], [75.89293688324894, 32.66476366386312, 0.0], [75.8929474548893, 32.66452914798283, 0.0], [75.89292616374289, 32.664339871771325, 0.0], [75.89283543783557, 32.664127905978134, 0.0], [75.89274484687324, 32.66392956027482, 0.0], [75.89260085832139, 32.66374476456019, 0.0], [75.89256520636718, 32.66371743780211, 0.0], [75.89294824104061, 32.663096251988634, 0.0], [75.8930811155182, 32.661788340086126, 0.0], [75.8921832002549, 32.65880193519941, 0.0], [75.89068039654988, 32.65733748203409, 0.0], [75.89039291848528, 32.656747621458095, 0.0], [75.89005172990127, 32.65620214208605, 0.0], [75.88978510097219, 32.65589562415105, 0.0], [75.88948132391474, 32.65563862101786, 0.0], [75.88902829355716, 32.65539521222389, 0.0], [75.88853254694425, 32.65524194813734, 0.0], [75.88852795567757, 32.655239868781365, 0.0], [75.88835082712063, 32.65506724585283, 0.0], [75.88620013789755, 32.653157761884174, 0.0], [75.88583346693407, 32.65217604121667, 0.0], [75.88603687742798, 32.65115647022432, 0.0], [75.88677441233992, 32.6504012128499, 0.0], [75.88961002316387, 32.649242770328534, 0.0], [75.89160578334484, 32.64861882945762, 0.0], [75.89205810246224, 32.64861742860681, 0.0], [75.89311390613501, 32.648614151823764, 0.0], [75.89379181888067, 32.64923693999416, 0.0], [75.89446973766766, 32.64985972334514, 0.0], [75.89470087130364, 32.650072056660505, 0.0], [75.89471919930767, 32.65010128217696, 0.0], [75.89496968114491, 32.65040330446594, 0.0], [75.89539085547581, 32.65079999602696, 0.0], [75.89573194690489, 32.65117416434583, 0.0], [75.89620103199375, 32.65158440185591, 0.0], [75.8966222672167, 32.651954027284546, 0.0], [75.8970273710838, 32.65234162692165, 0.0], [75.89722462190839, 32.65260767230044, 0.0], [75.89730990198483, 32.65285106456169, 0.0], [75.8973740199393, 32.653238844798395, 0.0], [75.89757129387512, 32.65378434199891, 0.0], [75.89767796720936, 32.654108944891384, 0.0], [75.89783800180956, 32.65432077218851, 0.0], [75.89805111862076, 32.65445599683258, 0.0], [75.89826967021887, 32.65450557919068, 0.0], [75.89864807123377, 32.65446038401476, 0.0], [75.89890921388205, 32.65439726489133, 0.0], [75.89910637284656, 32.65436554473061, 0.0], [75.89918249706152, 32.65437628928884, 0.0], [75.89926632965786, 32.6543881220829, 0.0], [75.8994422112324, 32.65447832867411, 0.0], [75.89970346990647, 32.654703680602104, 0.0], [75.90003392950163, 32.65496064760723, 0.0], [75.9004071095045, 32.65529867238439, 0.0], [75.90080693445505, 32.6556457950693, 0.0], [75.90099873918481, 32.65584963256423, 0.0], [75.9011801754777, 32.65604244889148, 0.0], [75.90166528243415, 32.65652480392073, 0.0], [75.9022463185771, 32.657002588528066, 0.0], [75.90284340538712, 32.65742171265337, 0.0], [75.90315792600934, 32.65759751247732, 0.0], [75.90355778357174, 32.65778676855584, 0.0], [75.90406942548786, 32.65795798978835, 0.0], [75.90460783757511, 32.658066053125964, 0.0], [75.90508197691564, 32.658129903971606, 0.0], [75.90510884122827, 32.658133521759844, 0.0], [75.90549253683535, 32.65814699112012, 0.0], [75.90591891865289, 32.65811080883049, 0.0], [75.90615480446405, 32.658068635280216, 0.0], [75.90625512472252, 32.658142129120705, 0.0], [75.90800905082028, 32.6577490152886, 0.0], [75.9095765980506, 32.65688428041098, 0.0], [75.91088970531007, 32.656163138223384, 0.0], [75.91309134558095, 32.65418924602049, 0.0], [75.91366133303599, 32.65390656635195, 0.0], [75.91440196895964, 32.653550189257714, 0.0], [75.91470569556047, 32.65335620304318, 0.0], [75.91499331702529, 32.65309909957733, 0.0], [75.9151637504106, 32.65277889595633, 0.0], [75.91531275792356, 32.65229197102086, 0.0], [75.91533001900878, 32.65212519708134, 0.0], [75.91553708124707, 32.651526487870136, 0.0], [75.9155345219376, 32.65097193239365, 0.0], [75.91532502503556, 32.65039676862098, 0.0], [75.91530644731343, 32.650217956874165, 0.0], [75.9152209666528, 32.649645424055024, 0.0], [75.91509819263074, 32.649253210798626, 0.0], [75.91466088715111, 32.64853647976965, 0.0], [75.91434746958139, 32.64796173949728, 0.0], [75.91417041122355, 32.647549883416985, 0.0], [75.91408288615116, 32.64526825324325, 0.0], [75.91406129466999, 32.644705370831716, 0.0], [75.91477921659913, 32.64379616559727, 0.0], [75.91502874280697, 32.643596156171654, 0.0], [75.91586709571928, 32.643312111198654, 0.0], [75.91610274707082, 32.643351049182684, 0.0], [75.91658780165713, 32.64360783820154, 0.0], [75.91714748792101, 32.64403149747082, 0.0], [75.91774458471858, 32.6444325109872, 0.0], [75.91809627677175, 32.644554150236345, 0.0], [75.91844799313833, 32.64459460450533, 0.0], [75.91847281750742, 32.644592366808624, 0.0], [75.91879971865018, 32.6445628952125, 0.0], [75.91910348876017, 32.64445008072183, 0.0], [75.91928812171972, 32.64431562454049, 0.0], [75.91936975287742, 32.644256177279466, 0.0], [75.91966268210987, 32.64388636011925, 0.0], [75.91996619339656, 32.643363207615565, 0.0], [75.92030686990188, 32.64288796225838, 0.0], [75.9212566180099, 32.642661518906486, 0.0], [75.9234099143317, 32.642744471024606, 0.0], [75.9249674752736, 32.64365422837993, 0.0], [75.92515194104587, 32.643761971229736, 0.0], [75.92561526871407, 32.6440823720361, 0.0], [75.92632430539403, 32.64458255445333, 0.0], [75.92669218987324, 32.64489807884721, 0.0], [75.92704938919805, 32.64508721493435, 0.0], [75.92751312884192, 32.64533049669537, 0.0], [75.92803550910266, 32.645573794428536, 0.0], [75.92948011737586, 32.64615475422581, 0.0], [75.93064733792042, 32.64654201068236, 0.0], [75.93086919316121, 32.64659704371617, 0.0], [75.93159078555718, 32.64677603727485, 0.0], [75.93258753068287, 32.64713170635824, 0.0], [75.93277940679148, 32.647158694734784, 0.0], [75.93299801936485, 32.647203705475356, 0.0], [75.9331086917705, 32.64715679759655, 0.0], [75.93322954169722, 32.64710557603868, 0.0], [75.93316672539831, 32.64707923005281, 0.0], [75.93374928120932, 32.64630056416588, 0.0], [75.9339077650881, 32.645694008856516, 0.0], [75.93415215188023, 32.64475866799475, 0.0], [75.93398375002587, 32.643716245791225, 0.0], [75.93381147256828, 32.642649804808244, 0.0], [75.93311830364338, 32.641988234941614, 0.0], [75.93235705013399, 32.64126167179877, 0.0], [75.93183314677054, 32.64076163412138, 0.0], [75.93170750448803, 32.64064171479175, 0.0], [75.93081576714158, 32.640209452298144, 0.0], [75.92993421777247, 32.63978212029701, 0.0], [75.9293701368832, 32.63888574653452, 0.0], [75.92913558195082, 32.63851301491183, 0.0], [75.92899999111222, 32.638297544356945, 0.0], [75.92884528686201, 32.637363440354115, 0.0], [75.92881341281276, 32.63717098628179, 0.0], [75.92883800011484, 32.63712494932609, 0.0], [75.9289058292912, 32.63699794503056, 0.0], [75.92898387947415, 32.63685180179719, 0.0], [75.9289979180397, 32.63679997416072, 0.0], [75.92899912203822, 32.636795529470035, 0.0], [75.9297987601534, 32.63529828074456, 0.0], [75.92981150120157, 32.635274423657144, 0.0], [75.9298134919648, 32.63526409084124, 0.0], [75.929821922216, 32.63522031385054, 0.0], [75.93091996674345, 32.6331878637842, 0.0], [75.9309469020852, 32.633138006709224, 0.0], [75.9308668447657, 32.63290174905652, 0.0], [75.93099560873372, 32.63256051984669, 0.0], [75.9309953779907, 32.63220881562044, 0.0], [75.93087253411792, 32.63176249461935, 0.0], [75.93070716008447, 32.63138838103806, 0.0], [75.93044055659135, 32.63113147164255, 0.0], [75.93019004502413, 32.63098728769888, 0.0], [75.92978511145206, 32.63088835555571, 0.0], [75.9292788274022, 32.63084348448105, 0.0], [75.9286714337849, 32.630834718064015, 0.0], [75.92820259030933, 32.630916030999714, 0.0], [75.9277285090018, 32.63107856506959, 0.0], [75.9273396297445, 32.63132670270327, 0.0], [75.92711339153772, 32.6315399723517, 0.0], [75.92708162038119, 32.63155069059647, 0.0], [75.92706743687314, 32.63158329261185, 0.0], [75.92696156654459, 32.631683094109945, 0.0], [75.92666342767096, 32.632088958473204, 0.0], [75.92634935376668, 32.63256250238153, 0.0], [75.92612580153873, 32.633058559827745, 0.0], [75.92591837804933, 32.63367185439671, 0.0], [75.9255993174204, 32.63471795817741, 0.0], [75.92539185429244, 32.6353177212621, 0.0], [75.92511509117882, 32.63598961657866, 0.0], [75.92490863815483, 32.636276396302, 0.0], [75.92419692120558, 32.6367498529795, 0.0], [75.92258940714102, 32.636267269650794, 0.0], [75.92251497712594, 32.63622054778465, 0.0], [75.92215445213152, 32.63596976159765, 0.0], [75.92057354022917, 32.63448068880173, 0.0], [75.91862750609683, 32.63310760186936, 0.0], [75.91857483519203, 32.63208425988848, 0.0], [75.91888789666409, 32.63066305711733, 0.0], [75.91887695434983, 32.63064528571621, 0.0], [75.91908565200131, 32.63015312843438, 0.0], [75.9191760996463, 32.62988708568451, 0.0], [75.91912806761019, 32.629693227787804, 0.0], [75.91898398116777, 32.62957160454469, 0.0], [75.91879226158387, 32.629472429413205, 0.0], [75.91846719115406, 32.6294049897604, 0.0], [75.9179770456303, 32.62934200333824, 0.0], [75.91755074082812, 32.62931959168035, 0.0], [75.9173998118051, 32.62929061868611, 0.0], [75.91616098547196, 32.62861622368454, 0.0], [75.91611367432611, 32.62864343714771, 0.0], [75.91604860047242, 32.62854391628821, 0.0], [75.91555612826744, 32.627791017424876, 0.0], [75.91554003153351, 32.62776640867221, 0.0], [75.91550124236822, 32.62770710680857, 0.0], [75.91551384538619, 32.62764612955214, 0.0], [75.91576700312673, 32.626421260736926, 0.0], [75.91577602719933, 32.62641297557245, 0.0], [75.91578819705175, 32.62635409363137, 0.0], [75.91772020913612, 32.62458024645403, 0.0], [75.91772997191127, 32.624571281745396, 0.0], [75.91797978749062, 32.62330644505652, 0.0], [75.91826151534714, 32.62267806577245, 0.0], [75.91853294329798, 32.62215046047202, 0.0], [75.91857536117604, 32.62172212986328, 0.0], [75.91853254740343, 32.62140203764335, 0.0], [75.9184044500118, 32.62092417005081, 0.0], [75.91814850472038, 32.62037868101027, 0.0], [75.91767390035525, 32.61953576245328, 0.0], [75.91728462121634, 32.61872884136998, 0.0], [75.91679934171431, 32.617840804724096, 0.0], [75.9165699779264, 32.61718263330799, 0.0], [75.9164951051311, 32.61656040839698, 0.0], [75.9164360477465, 32.61555505997255, 0.0], [75.91641435049033, 32.61474346877231, 0.0], [75.91635560650992, 32.61442791034175, 0.0], [75.91619569720373, 32.6142881783257, 0.0], [75.91583832380658, 32.61407923848864, 0.0], [75.9157845201663, 32.61404778204108, 0.0], [75.91578284286405, 32.61368492447135, 0.0], [75.91282423003405, 32.612094146954185, 0.0], [75.91109334893324, 32.61117551142431, 0.0], [75.91006341117428, 32.61062887355145, 0.0], [75.90722701304638, 32.60892035051896, 0.0], [75.90591048320141, 32.607585533132, 0.0], [75.90540383930097, 32.606426265817426, 0.0], [75.90538402122166, 32.60610356686895, 0.0], [75.90538372613099, 32.60530101758281, 0.0], [75.90537280942517, 32.60466082397161, 0.0], [75.90537257913323, 32.60382219161591, 0.0], [75.90538289827242, 32.60298357398411, 0.0], [75.9053293394159, 32.602140455828795, 0.0], [75.90531300918114, 32.60121615430446, 0.0], [75.90524363313699, 32.60082390296743, 0.0], [75.90502517873638, 32.600368590052405, 0.0], [75.90459888347455, 32.599877247846095, 0.0], [75.90407670701595, 32.5993137992954, 0.0], [75.90362366475779, 32.598768342477435, 0.0], [75.90333605884804, 32.59837621633455, 0.0], [75.90310689256442, 32.59802002114886, 0.0], [75.90269126338939, 32.597357386749884, 0.0], [75.90223822343583, 32.596672107344254, 0.0], [75.90189187594147, 32.59609511834306, 0.0], [75.90146564512246, 32.59550002920503, 0.0], [75.90114062714935, 32.59497709733217, 0.0], [75.90076231742864, 32.59446320655452, 0.0], [75.90044795529387, 32.594003340211394, 0.0], [75.9001868172103, 32.5935164814519, 0.0], [75.89988303497435, 32.592984554680676, 0.0], [75.89947285273465, 32.59245708658669, 0.0], [75.89914247447696, 32.59210999742445, 0.0], [75.89889653451188, 32.5919100629363, 0.0], [75.8988410637018, 32.591814477776694, 0.0], [75.89769079677511, 32.59065941785349, 0.0], [75.896909148069, 32.59018308039225, 0.0], [75.89554802115589, 32.589868020937466, 0.0], [75.89524322631486, 32.58979746833757, 0.0], [75.89439038418918, 32.589400258155294, 0.0], [75.89431657898172, 32.58932674313443, 0.0], [75.8941485338411, 32.58928761478085, 0.0], [75.89272898193292, 32.588957070959, 0.0], [75.8922767386768, 32.58894160148942, 0.0], [75.89174953963627, 32.58893262565209, 0.0], [75.89089741497564, 32.588950758075484, 0.0], [75.89035949403582, 32.58903196650026, 0.0], [75.89001864802886, 32.58910871087027, 0.0], [75.8895234367273, 32.58925302833752, 0.0], [75.88919171925, 32.58937452061855, 0.0], [75.88901143989274, 32.589136080496054, 0.0], [75.88865713424514, 32.5891953834625, 0.0], [75.88624759731606, 32.58990165978448, 0.0], [75.88449140554248, 32.58983522742191, 0.0], [75.88404241853542, 32.58981824003783, 0.0], [75.88299434924797, 32.589476964340484, 0.0], [75.8825093916481, 32.58907336840059, 0.0], [75.88178511722866, 32.58856843379289, 0.0], [75.88107142562068, 32.588207748617485, 0.0], [75.88028848491483, 32.587923767194994, 0.0], [75.88004832642929, 32.587827189998926, 0.0], [75.87894958620426, 32.586975251249974, 0.0], [75.87821775847124, 32.58598480265741, 0.0], [75.87822733938495, 32.585876910824126, 0.0], [75.87831779859941, 32.585592853909304, 0.0], [75.87849892659568, 32.585232119121024, 0.0], [75.87869599001658, 32.58479026892408, 0.0], [75.87891958442776, 32.58401023364467, 0.0], [75.87918579515645, 32.58330684455267, 0.0], [75.87939349788245, 32.58263507592919, 0.0], [75.87956923515159, 32.58196325901788, 0.0], [75.87964907792905, 32.58155298808477, 0.0], [75.87984067168127, 32.580497958600624, 0.0], [75.87988854098343, 32.57985770658275, 0.0], [75.8799524786846, 32.578888363127305, 0.0], [75.87993103585573, 32.57799106001033, 0.0], [75.87988838049345, 32.57738698320846, 0.0], [75.87982453532868, 32.576958593643866, 0.0], [75.87968599688278, 32.576147083253936, 0.0], [75.87957411081722, 32.575664636561214, 0.0], [75.8793025698363, 32.57461862004873, 0.0], [75.87909578761243, 32.573907714858734, 0.0], [75.8786243198077, 32.571696377869145, 0.0], [75.87831733365762, 32.57096737025163, 0.0], [75.87825861363697, 32.57071416014308, 0.0], [75.87798173474755, 32.56989342058531, 0.0], [75.87771014816273, 32.56914507910531, 0.0], [75.87743319636483, 32.56862210659505, 0.0], [75.87710303491062, 32.56827946530057, 0.0], [75.87675700343054, 32.5680134280842, 0.0], [75.87628845023931, 32.56775645250507, 0.0], [75.87619219345045, 32.5677252337866, 0.0], [75.87580847044394, 32.56765575698315, 0.0], [75.87547500856407, 32.56752711382154, 0.0], [75.87486154100019, 32.5673957383413, 0.0], [75.87308314898571, 32.56711619867275, 0.0], [75.8726971281819, 32.567051734691596, 0.0], [75.87205162471125, 32.56659881332603, 0.0], [75.871900074275, 32.56649247529864, 0.0], [75.86973557363919, 32.56610059951638, 0.0], [75.86670958173701, 32.563960566232964, 0.0], [75.86645193645742, 32.5636065666878, 0.0], [75.86613743750483, 32.56245912611201, 0.0], [75.86775692545321, 32.55987749095842, 0.0], [75.86823843729829, 32.55950536767645, 0.0], [75.86931398532934, 32.5587479636096, 0.0], [75.87011252963758, 32.55808520039698, 0.0], [75.87065564000315, 32.557521622884295, 0.0], [75.8710548977938, 32.557007661268976, 0.0], [75.8714542511583, 32.556371918817895, 0.0], [75.87189075876077, 32.55576776099173, 0.0], [75.87225164245307, 32.555309378886435, 0.0], [75.87333314176877, 32.55412845300112, 0.0], [75.87407514267389, 32.552056771932364, 0.0], [75.87372155561556, 32.550980955160924, 0.0], [75.87368496653433, 32.55054673239513, 0.0], [75.87350932082705, 32.550028187675, 0.0], [75.87326379847606, 32.54963249813407, 0.0], [75.87320741789235, 32.54947136960895, 0.0], [75.87309444286274, 32.549373281101786, 0.0], [75.87258835126867, 32.54863954944938, 0.0], [75.87220512704457, 32.5481525715488, 0.0], [75.87178460177347, 32.5478279503041, 0.0], [75.87117773539292, 32.54736353703204, 0.0], [75.86986819084042, 32.54654740055989, 0.0], [75.86985521514195, 32.54653915638217, 0.0], [75.86985518686247, 32.546539135668105, 0.0], [75.86829220096301, 32.54516659703926, 0.0], [75.86520753523695, 32.54322335571539, 0.0], [75.86172823054352, 32.541002722793266, 0.0], [75.86084748204004, 32.5404405661328, 0.0], [75.85696444220088, 32.53844078945282, 0.0], [75.85489848687114, 32.53690014827407, 0.0], [75.85498302335982, 32.53403236963649, 0.0], [75.85564646055238, 32.53087893762976, 0.0], [75.85564319528983, 32.530040311493856, 0.0], [75.85506766284719, 32.529225829882996, 0.0], [75.8549137578826, 32.528934923069976, 0.0], [75.85464239128596, 32.52850206273955, 0.0], [75.85441892570785, 32.528190926805806, 0.0], [75.85392830917706, 32.52778257219083, 0.0], [75.85382831551534, 32.52769934395836, 0.0], [75.85373260874675, 32.52763387846514, 0.0], [75.85308336126135, 32.52718977224339, 0.0], [75.85266291688059, 32.526946179018864, 0.0], [75.85230644786586, 32.52680183003244, 0.0], [75.85200837261687, 32.52672969920002, 0.0], [75.8516517752679, 32.52672958884341, 0.0], [75.8514777582881, 32.52674021933192, 0.0], [75.85121003804943, 32.52675657394973, 0.0], [75.85108846835892, 32.526769984617694, 0.0], [75.85074951563769, 32.526677061368126, 0.0], [75.84860144542411, 32.526308956120076, 0.0], [75.84738375034668, 32.526100271096, 0.0], [75.84554839882102, 32.52517581605872, 0.0], [75.84495188792377, 32.52472185982103, 0.0], [75.84405555999962, 32.524108648752126, 0.0], [75.84393395282503, 32.52402545264215, 0.0], [75.8438772735659, 32.5239866757937, 0.0], [75.84298334863824, 32.52338675253037, 0.0], [75.84238748793183, 32.52307547285349, 0.0], [75.84221698595312, 32.523022565960424, 0.0], [75.84200958236507, 32.522958209039906, 0.0], [75.84140295058387, 32.52282731984278, 0.0], [75.84068455841779, 32.52274588601068, 0.0], [75.84051824071724, 32.52274017764415, 0.0], [75.8404869560778, 32.522739103836635, 0.0], [75.84002463610611, 32.52272323358599, 0.0], [75.83948715812744, 32.5227004815667, 0.0], [75.83892313975558, 32.522583096847114, 0.0], [75.838577201856, 32.52247932071894, 0.0], [75.83825967572405, 32.52231531922851, 0.0], [75.83723360244971, 32.521182016914345, 0.0], [75.83720476100547, 32.521090261393255, 0.0], [75.83702949082948, 32.52021552176152, 0.0], [75.83683841415782, 32.519151363307124, 0.0], [75.83668918958134, 32.51847218831236, 0.0], [75.83733279326906, 32.51676761071058, 0.0], [75.83800909178294, 32.515486699971895, 0.0], [75.83811895640578, 32.5152786111952, 0.0], [75.83819806071818, 32.51512878338426, 0.0], [75.83831676849483, 32.5149039449769, 0.0], [75.838416435044, 32.51471517195392, 0.0], [75.83847939833167, 32.514595914554086, 0.0], [75.83851500724458, 32.514447726622755, 0.0], [75.83857108853668, 32.514214343273764, 0.0], [75.83876614682414, 32.51406824887533, 0.0], [75.83882171676493, 32.51369656107386, 0.0], [75.83823635474177, 32.51341779324384, 0.0], [75.83823490891348, 32.51341710478051, 0.0], [75.83723984654219, 32.513440329766645, 0.0], [75.83704230700803, 32.5135049545366, 0.0], [75.83597549672271, 32.51385395226771, 0.0], [75.83500419538086, 32.514010141895255, 0.0], [75.83394522652664, 32.51423633751648, 0.0], [75.83336649596902, 32.514335343744534, 0.0], [75.83324771981172, 32.51435566266237, 0.0], [75.83290212416834, 32.51441478468403, 0.0], [75.83152556582203, 32.51438027285802, 0.0], [75.83129098169627, 32.51430606443014, 0.0], [75.83113588846882, 32.514280122715824, 0.0], [75.83102713848594, 32.51422259966442, 0.0], [75.83082314173154, 32.51415806645467, 0.0], [75.83041210623225, 32.51372653847737, 0.0], [75.83032957199225, 32.513243075584064, 0.0], [75.83044361294797, 32.512824716036036, 0.0], [75.83057849549154, 32.512660156657574, 0.0], [75.83092488081566, 32.51223755926798, 0.0], [75.83108155268685, 32.51204641416793, 0.0], [75.83145471617061, 32.511651518988735, 0.0], [75.83193696766281, 32.51114117748439, 0.0], [75.8320665249874, 32.51093152411333, 0.0], [75.8321418521759, 32.51080962747911, 0.0], [75.83217837439777, 32.510750525005754, 0.0], [75.83219627529247, 32.51072155787178, 0.0], [75.83220794142488, 32.51070267973621, 0.0], [75.83224817565853, 32.51071775010749, 0.0], [75.83225513872345, 32.51070955612622, 0.0], [75.83311765934256, 32.5095420731304, 0.0], [75.83359678961885, 32.50883429470299, 0.0], [75.83407597874658, 32.50822583042179, 0.0], [75.83425172815896, 32.50767133673697, 0.0], [75.83436481259648, 32.50706536182901, 0.0], [75.8343745663656, 32.50701309550737, 0.0], [75.8344759545733, 32.50639540821423, 0.0], [75.83447611771976, 32.50591749148022, 0.0], [75.83440188782538, 32.50534931962439, 0.0], [75.83425310529393, 32.50475412956224, 0.0], [75.83404591553868, 32.5042085782868, 0.0], [75.8337640906563, 32.503730545787334, 0.0], [75.83346623282803, 32.50346442436699, 0.0], [75.8334161816778, 32.50343223391977, 0.0], [75.8331365138761, 32.50325236739997, 0.0], [75.83281198042965, 32.50309448845902, 0.0], [75.83238104294577, 32.502918459793435, 0.0], [75.8321523790536, 32.50285980457838, 0.0], [75.83184376482761, 32.50282359721747, 0.0], [75.83153510584239, 32.50280552210972, 0.0], [75.83115742465226, 32.502863945237536, 0.0], [75.83081674820346, 32.50299907018854, 0.0], [75.83053997774832, 32.50316137584484, 0.0], [75.83028989697351, 32.50335516719729, 0.0], [75.83003967741817, 32.503580440837645, 0.0], [75.82975222253043, 32.50387794497204, 0.0], [75.8294328779575, 32.50415734678137, 0.0], [75.82938934288735, 32.5041886085257, 0.0], [75.82742456867611, 32.50444394787363, 0.0], [75.82740021684089, 32.50444071924657, 0.0], [75.82699717845026, 32.50437472678866, 0.0], [75.82615595657454, 32.503883683177015, 0.0], [75.8260916072924, 32.503754905140234, 0.0], [75.82607506848277, 32.5035710226134, 0.0], [75.8260599686222, 32.5034031257701, 0.0], [75.82614529902212, 32.502839584089706, 0.0], [75.8262255010955, 32.50212272386942, 0.0], [75.82632700789694, 32.501279614341186, 0.0], [75.82642321355955, 32.50064843564358, 0.0], [75.82632308383597, 32.499989138902315, 0.0], [75.82615767937092, 32.499655204050015, 0.0], [75.82585739455536, 32.499048951189295, 0.0], [75.8256036111919, 32.49853657616744, 0.0], [75.82538707805887, 32.498099401917976, 0.0], [75.82439864053951, 32.49593026749851, 0.0], [75.82427306346165, 32.49577237426403, 0.0], [75.82405947818059, 32.49550382101227, 0.0], [75.82336204558204, 32.49462688651077, 0.0], [75.82202191649591, 32.49349912888181, 0.0], [75.82118908464572, 32.493002208864, 0.0], [75.82105403144692, 32.49292162704962, 0.0], [75.82104139016846, 32.49291653743278, 0.0], [75.82072995158242, 32.49252015641551, 0.0], [75.8201714907273, 32.492014379736126, 0.0], [75.81994297298469, 32.49180741814829, 0.0], [75.8196843359533, 32.491662094643296, 0.0], [75.8184140162814, 32.49094831180517, 0.0], [75.81792744171354, 32.490674903648156, 0.0], [75.81717217411558, 32.49027303555486, 0.0], [75.81698207816103, 32.490171887036404, 0.0], [75.81583949854753, 32.48956392117113, 0.0], [75.81533220344693, 32.48929398269175, 0.0], [75.81359849029234, 32.4884545482844, 0.0], [75.81171035237804, 32.48784945224125, 0.0], [75.8091624007254, 32.487582158815634, 0.0], [75.80649236984793, 32.48689540867834, 0.0], [75.80509897670436, 32.48653844974405, 0.0], [75.80234924662265, 32.48577490383159, 0.0], [75.80108343116073, 32.48542249841677, 0.0], [75.80068352110689, 32.48521816831399, 0.0], [75.80050919572355, 32.48512909835896, 0.0], [75.7990945856289, 32.48357937287119, 0.0], [75.79880848201918, 32.48326593447909, 0.0], [75.79853387956341, 32.48305277068922, 0.0], [75.79731023222807, 32.482102882867956, 0.0], [75.79729973690905, 32.48209473488099, 0.0], [75.7966927002129, 32.48162349575553, 0.0], [75.79458291054334, 32.47991951830017, 0.0], [75.79406685665857, 32.47950271094208, 0.0], [75.79253334745601, 32.47847294328805, 0.0], [75.79241352675174, 32.4783924812879, 0.0], [75.79007976986496, 32.47716230852835, 0.0], [75.78924481203856, 32.47672216923008, 0.0], [75.78843165870352, 32.476063336788776, 0.0], [75.78588593856026, 32.47388838138543, 0.0], [75.78361694105206, 32.47170452413104, 0.0], [75.78281160813022, 32.47078666622341, 0.0], [75.7812592740467, 32.46901736716646, 0.0], [75.78117850774962, 32.468925311150386, 0.0], [75.78092456923332, 32.46868181805181, 0.0], [75.77973857140132, 32.467544585519825, 0.0], [75.77917392833344, 32.46699794435251, 0.0], [75.77821905422037, 32.466073495285166, 0.0], [75.7779471392066, 32.46587036542868, 0.0], [75.77693830756445, 32.46511672240308, 0.0], [75.77458437858802, 32.46392268067263, 0.0], [75.77439222283637, 32.463825204695965, 0.0], [75.77201086691662, 32.46271412408894, 0.0], [75.77083084420472, 32.46217658780704, 0.0], [75.76986840809887, 32.46197846573839, 0.0], [75.76986311393735, 32.46197737558582, 0.0], [75.76980239086168, 32.46197952079691, 0.0], [75.7673687107082, 32.462065491051604, 0.0], [75.76626789959232, 32.46201951388159, 0.0], [75.7655821946671, 32.46177543336837, 0.0], [75.76450855485896, 32.461179276241445, 0.0], [75.76340877585108, 32.460371280323734, 0.0], [75.76272851038433, 32.45998741733929, 0.0], [75.76202117623804, 32.45996427734712, 0.0], [75.76131902241143, 32.46007632301495, 0.0], [75.76052634691003, 32.460305551657, 0.0], [75.7597124420287, 32.46050323993492, 0.0], [75.75934313089984, 32.46051834460087, 0.0], [75.75933622932642, 32.46051181209372, 0.0], [75.75914692355744, 32.46033263717852, 0.0], [75.75892113370737, 32.46020916179103, 0.0], [75.75758632214816, 32.459479196013646, 0.0], [75.75728194544419, 32.459360050280964, 0.0], [75.75716249838078, 32.45931329318915, 0.0], [75.75701947404096, 32.45925730735206, 0.0], [75.75688476746033, 32.459179593147894, 0.0], [75.75393071799013, 32.45701256249977, 0.0], [75.75157181910733, 32.45527436885726, 0.0], [75.75093387228723, 32.45497479794402, 0.0], [75.74999870782419, 32.45453565091927, 0.0], [75.74902433439682, 32.45408292995601, 0.0], [75.74899880695531, 32.4540866241711, 0.0], [75.74618450836458, 32.45449434899141, 0.0], [75.74562913253008, 32.454631813369694, 0.0], [75.74435587762447, 32.45494695615388, 0.0], [75.74319685467603, 32.45511034471141, 0.0], [75.7423418820775, 32.45512946605892, 0.0], [75.74195948159677, 32.45513801653909, 0.0], [75.74151105513775, 32.45514804277203, 0.0], [75.74098465959177, 32.45507682144512, 0.0], [75.740666486241, 32.45503377080627, 0.0], [75.74041061590685, 32.45499915030407, 0.0], [75.74018675045868, 32.45496885951002, 0.0], [75.73859090744797, 32.45460968238019, 0.0], [75.73660175848761, 32.45434089237445, 0.0], [75.73434599131285, 32.45389438209234, 0.0], [75.73358582274088, 32.45374390497164, 0.0], [75.73222835872893, 32.45359570425119, 0.0], [75.73079888907431, 32.45343963016879, 0.0], [75.72979366550159, 32.453201527547485, 0.0], [75.72978953591956, 32.4531974797373, 0.0], [75.72925588059478, 32.45267442327562, 0.0], [75.72869599704129, 32.45137193051335, 0.0], [75.72863111189753, 32.45033499463713, 0.0], [75.72879883702147, 32.44834192606976, 0.0], [75.728840694523, 32.44767007605344, 0.0], [75.7287609643149, 32.447472565868914, 0.0], [75.72872500975285, 32.44738349943378, 0.0], [75.72868602603484, 32.447286928400324, 0.0], [75.72854230345465, 32.44720605878053, 0.0], [75.72760589560845, 32.44667915516093, 0.0], [75.7273152271429, 32.44636409611218, 0.0], [75.72730251477029, 32.44635031699011, 0.0], [75.72670615397121, 32.445678963819034, 0.0], [75.72660951159473, 32.44480884673542, 0.0], [75.7266563296165, 32.44401080312536, 0.0], [75.7271449046423, 32.44342872928479, 0.0], [75.72759084091, 32.442756559834876, 0.0], [75.72798420103298, 32.44223213204327, 0.0], [75.72809511474816, 32.44208425965074, 0.0], [75.72847670978706, 32.44094324538345, 0.0], [75.72851755675896, 32.439473345801694, 0.0], [75.7286437370543, 32.43921769943475, 0.0], [75.72869786973513, 32.43910802274823, 0.0], [75.7287768841182, 32.43906811961972, 0.0], [75.72923451924831, 32.43883700504382, 0.0], [75.72923455202665, 32.43883698859796, 0.0], [75.72983859027869, 32.43885816235058, 0.0], [75.7302395346975, 32.43887221504777, 0.0], [75.73201573360018, 32.43921332884204, 0.0], [75.73340793527744, 32.43923644151979, 0.0], [75.73382876241574, 32.439243419256876, 0.0], [75.73382885763164, 32.43924342716205, 0.0], [75.73409014990753, 32.43917854686359, 0.0], [75.73433898752658, 32.43911675852406, 0.0], [75.7343390969054, 32.43911673039551, 0.0], [75.73449955891859, 32.43900617385116, 0.0], [75.73523684063267, 32.438498187932495, 0.0], [75.73553371323673, 32.43777206011121, 0.0], [75.7358571952389, 32.43704585281, 0.0], [75.7363028436353, 32.43622937292395, 0.0], [75.7363943992378, 32.43606323307964, 0.0], [75.73662105156276, 32.43565194162293, 0.0], [75.73713597501954, 32.434979732158375, 0.0], [75.73799153256691, 32.43459566126005, 0.0], [75.73984104628637, 32.43406639167135, 0.0], [75.74050303940642, 32.43399613185544, 0.0], [75.74069685729383, 32.43397556040094, 0.0], [75.7417440331492, 32.43381222252779, 0.0], [75.74185691904016, 32.433783463538774, 0.0], [75.74226690655507, 32.433679014201644, 0.0], [75.74247215016658, 32.43362672548839, 0.0], [75.74323175915549, 32.433138970687345, 0.0], [75.7437201557193, 32.43257940363883, 0.0], [75.7438472339067, 32.43216004570916, 0.0], [75.74380395620949, 32.431601004406325, 0.0], [75.74333516717513, 32.43085743696652, 0.0], [75.743087017996, 32.43072575676791, 0.0], [75.74260845512654, 32.43047180634454, 0.0], [75.74247853281871, 32.43040286205962, 0.0], [75.74233517295711, 32.43035927288124, 0.0], [75.74147336124567, 32.43009723132533, 0.0], [75.74119047736146, 32.430069920383694, 0.0], [75.7396229917937, 32.42991858070963, 0.0], [75.73815028090762, 32.42981167248492, 0.0], [75.73709972663899, 32.42985637535971, 0.0], [75.73641717762035, 32.42988541386986, 0.0], [75.73549771172517, 32.430102644707496, 0.0], [75.734706146949, 32.4304505520513, 0.0], [75.73266626104024, 32.4318455004735, 0.0], [75.73166207160502, 32.43235138712671, 0.0], [75.7308828543436, 32.43263204765136, 0.0], [75.73044509247411, 32.43278971971366, 0.0], [75.72988686208035, 32.43289843388095, 0.0], [75.72944600061591, 32.432849582369165, 0.0], [75.7290787648703, 32.43280888889098, 0.0], [75.7286476856171, 32.43251613081859, 0.0], [75.72805212831715, 32.43196429794443, 0.0], [75.7277482327227, 32.431682710052876, 0.0], [75.72740737589814, 32.431029231888886, 0.0], [75.72733175713692, 32.430073520060596, 0.0], [75.72750115129112, 32.42940153801772, 0.0], [75.7275936311968, 32.42930115950939, 0.0], [75.72841984543352, 32.428404365308545, 0.0], [75.73013955006333, 32.42672822830013, 0.0], [75.73015611221984, 32.42671208554508, 0.0], [75.73131142926869, 32.42576468683911, 0.0], [75.73137239539214, 32.42571469261916, 0.0], [75.73199361527591, 32.42498819885109, 0.0], [75.73210976818808, 32.42437036210305, 0.0], [75.73208789409941, 32.42382485110854, 0.0], [75.73203422618835, 32.423507439600655, 0.0], [75.73187370086274, 32.42255801641122, 0.0], [75.73106913621395, 32.420958084007125, 0.0], [75.72998255258342, 32.41921413375246, 0.0], [75.7292070944149, 32.41800308930845, 0.0], [75.72836377394275, 32.41668602827151, 0.0], [75.7282887663831, 32.41658559346324, 0.0], [75.72748539044265, 32.41550986477622, 0.0], [75.72727118286593, 32.41511425250047, 0.0], [75.72649467085763, 32.41368011753501, 0.0], [75.72549944058694, 32.412648489710364, 0.0], [75.72549938186779, 32.412648451798844, 0.0], [75.72534672626477, 32.41254831688225, 0.0], [75.72490901068275, 32.41226119249571, 0.0], [75.7245335915, 32.41186042825305, 0.0], [75.72441937183918, 32.41173849728339, 0.0], [75.72323267231391, 32.41038232264478, 0.0], [75.72269479488217, 32.409381807888714, 0.0], [75.72279302391536, 32.40883473702034, 0.0], [75.72291665301829, 32.408146196864514, 0.0], [75.72289107843974, 32.407478554227716, 0.0], [75.72287278234448, 32.407000913967416, 0.0], [75.72275976173684, 32.4055988446728, 0.0], [75.72275966976147, 32.40559886687384, 0.0], [75.72252490663666, 32.40565450168919, 0.0], [75.72130905383001, 32.40594263141308, 0.0], [75.7179510383777, 32.40683788804673, 0.0], [75.71607009309741, 32.40747053661506, 0.0], [75.71495972258704, 32.40796277305271, 0.0], [75.71383397600712, 32.40897806030365, 0.0], [75.71289426505179, 32.41002929780957, 0.0], [75.71195425801136, 32.410976791786176, 0.0], [75.71134367734787, 32.41155885024043, 0.0], [75.71114940013737, 32.411262999340714, 0.0], [75.71072467239996, 32.41061620620061, 0.0], [75.7104972849103, 32.41026992750572, 0.0], [75.7091675020165, 32.40911203378707, 0.0], [75.70807632621676, 32.408053338213875, 0.0], [75.70752358628702, 32.40751703959989, 0.0], [75.70609767763376, 32.40583171652193, 0.0], [75.70519870963889, 32.4050161899503, 0.0], [75.7039320470284, 32.40281468865931, 0.0], [75.70388388281665, 32.402730976531814, 0.0], [75.70211199888425, 32.40037850611038, 0.0], [75.70128224760677, 32.399441161944374, 0.0], [75.69997422155346, 32.39875212654954, 0.0], [75.69995193513114, 32.39874130045389, 0.0], [75.69926021783847, 32.39840528130833, 0.0], [75.69918989691837, 32.39837112043553, 0.0], [75.69908645341835, 32.398320869197605, 0.0], [75.69888961866175, 32.39822524993457, 0.0], [75.69885647045317, 32.398205014560936, 0.0], [75.69853079324727, 32.39800620250769, 0.0], [75.6973104533656, 32.39726122169913, 0.0], [75.6950667970026, 32.39608575895306, 0.0], [75.69301963071361, 32.39450884160233, 0.0], [75.69162103284113, 32.393332780013, 0.0], [75.69033965385297, 32.39244520931309, 0.0], [75.68963263947784, 32.392044250414095, 0.0], [75.68890443163426, 32.39168391683605, 0.0], [75.6885917459564, 32.3915249438624, 0.0], [75.68837277729732, 32.39141361611603, 0.0], [75.68823246755802, 32.39127369391158, 0.0], [75.68768141442781, 32.39072415660646, 0.0], [75.68725066939446, 32.39025094672233, 0.0], [75.68725055977632, 32.39025092294299, 0.0], [75.68616100975113, 32.38996293085075, 0.0], [75.68577794247251, 32.389902431781756, 0.0], [75.6851377006356, 32.38980131923191, 0.0], [75.68479522339018, 32.38974722315304, 0.0], [75.68479513159588, 32.38974721075615, 0.0], [75.68366023750124, 32.38961768303043, 0.0], [75.6833391239446, 32.38958104658535, 0.0], [75.68254141673013, 32.38961369321973, 0.0], [75.68188840282002, 32.389640415879384, 0.0], [75.68089483985415, 32.38973097374743, 0.0], [75.68089469531036, 32.38973099637858, 0.0], [75.68051548580674, 32.389812793265094, 0.0], [75.67980550111726, 32.38996593692528, 0.0], [75.67869515373094, 32.39034959125896, 0.0], [75.67725855944316, 32.39139543229818, 0.0], [75.67698470098807, 32.391594797689194, 0.0], [75.67674420823828, 32.39222633036933, 0.0], [75.67668761034307, 32.39237495448764, 0.0], [75.6764328769505, 32.3930107449262, 0.0], [75.67615677906434, 32.39339417914386, 0.0], [75.67549280738972, 32.39386333527211, 0.0], [75.67537934718021, 32.393898001381906, 0.0], [75.67501988126884, 32.39400783055184, 0.0], [75.67501975053224, 32.39400782714581, 0.0], [75.67463512634, 32.39399865085114, 0.0], [75.67427582208778, 32.393990077911, 0.0], [75.67361404537384, 32.39394988294058, 0.0], [75.67309610551038, 32.393918422367236, 0.0], [75.67309588078336, 32.39391837828755, 0.0], [75.67158131763739, 32.39361236171033, 0.0], [75.67070792957887, 32.393427094596206, 0.0], [75.66630135256406, 32.39249227046495, 0.0], [75.66602204128368, 32.392433012335, 0.0], [75.66521405852423, 32.39224180829897, 0.0], [75.6652117784092, 32.39224126915747, 0.0], [75.66434802865413, 32.392036859255306, 0.0], [75.66434789576078, 32.39203682666245, 0.0], [75.66392567905662, 32.3919226068379, 0.0], [75.65966744431434, 32.390770540203825, 0.0], [75.65957006562626, 32.39074419312256, 0.0], [75.6550367364776, 32.389406206137664, 0.0], [75.65367890126177, 32.38893915013174, 0.0], [75.65354338771652, 32.38889253639627, 0.0], [75.65337027454713, 32.3888627144945, 0.0], [75.65308253448855, 32.388813144540485, 0.0], [75.65294282603837, 32.38878907036484, 0.0], [75.65294275477304, 32.388789053937465, 0.0], [75.65262404494267, 32.3887138143909, 0.0], [75.65252291533942, 32.38868994294846, 0.0], [75.65252282923775, 32.38868992158194, 0.0], [75.65156554607069, 32.38848817060711, 0.0], [75.64978857320068, 32.388113635757186, 0.0], [75.64978845518502, 32.38811360718229, 0.0], [75.64849586261715, 32.38784114693532, 0.0], [75.64651793143278, 32.3874241948031, 0.0], [75.6457260825165, 32.387081648070776, 0.0], [75.64382258974287, 32.38586481417366, 0.0], [75.6435683916197, 32.38570231129622, 0.0], [75.64201058211778, 32.384723426938855, 0.0], [75.64109618726927, 32.38414883118445, 0.0], [75.6403903566095, 32.38370528678223, 0.0], [75.63915278544917, 32.38272236839469, 0.0], [75.63855699521905, 32.38224916274016, 0.0], [75.63730068660243, 32.38122205512637, 0.0], [75.63709029598064, 32.38105004572455, 0.0], [75.63623467040996, 32.38056313697104, 0.0], [75.63457149868697, 32.37990949940997, 0.0], [75.63457127554571, 32.379909471698824, 0.0], [75.63255766838576, 32.37961661275662, 0.0], [75.63255746051193, 32.37961657816368, 0.0], [75.632121733778, 32.37953499552511, 0.0], [75.62906683184514, 32.37896294183121, 0.0], [75.62764277581769, 32.37875558935677, 0.0], [75.6262187215488, 32.3785482235537, 0.0], [75.62621851153573, 32.37854818889625, 0.0], [75.62556972898808, 32.378429909555635, 0.0], [75.6241412458462, 32.37816948792504, 0.0], [75.61876260194887, 32.37756701240039, 0.0], [75.61794067442511, 32.37747492749247, 0.0], [75.61462523771334, 32.377064469470795, 0.0], [75.6146250913257, 32.37706445468164, 0.0], [75.61367912740656, 32.37699168647983, 0.0], [75.6119260926034, 32.376856799157856, 0.0], [75.60999858363441, 32.37683759460582, 0.0], [75.60970552994044, 32.376834673227265, 0.0], [75.60825994534034, 32.37682025267256, 0.0], [75.6073194097296, 32.376978016992894, 0.0], [75.60536287402559, 32.37703357267261, 0.0], [75.60337168321917, 32.37709010132077, 0.0], [75.60040236253086, 32.377071638231726, 0.0], [75.60016381674778, 32.37707015214513, 0.0], [75.59984333997015, 32.37706815465997, 0.0], [75.59927212608235, 32.377064592606054, 0.0], [75.59878204553142, 32.377061533615965, 0.0], [75.5966610528848, 32.37704827073859, 0.0], [75.59666083303854, 32.377048270366835, 0.0], [75.59531158010783, 32.3770389548254, 0.0], [75.5939037858747, 32.37628113215682, 0.0], [75.59384482836813, 32.37624837273163, 0.0], [75.58958499781356, 32.373881295135185, 0.0], [75.58683880174952, 32.37237450100403, 0.0], [75.58183535366942, 32.36956843646971, 0.0], [75.57862732343997, 32.36765110755682, 0.0], [75.5786271007526, 32.367650981485276, 0.0], [75.57635552863395, 32.36643643527489, 0.0], [75.57564076946277, 32.36605425922649, 0.0], [75.57511669004901, 32.365774033632135, 0.0], [75.5742152660818, 32.36523089003929, 0.0], [75.57179210766962, 32.363770787796305, 0.0], [75.57031859994837, 32.362980050890684, 0.0], [75.5693704454496, 32.36247122449885, 0.0], [75.5682776085201, 32.3618369743478, 0.0], [75.5664549051514, 32.36077909817699, 0.0], [75.5638774071855, 32.35938252018229, 0.0], [75.56371476655394, 32.35929439320423, 0.0], [75.56180853101401, 32.358035473751045, 0.0], [75.55978013857342, 32.3569793890826, 0.0], [75.55916954687449, 32.35638389621383, 0.0], [75.55846949856972, 32.35481453087292, 0.0], [75.55777444611593, 32.35384478662667, 0.0], [75.55682943690954, 32.353122828570456, 0.0], [75.55529603138888, 32.35247095942467, 0.0], [75.55473734034084, 32.35223344694291, 0.0], [75.55370731164828, 32.35150686378279, 0.0], [75.55357705314044, 32.35140852789554, 0.0], [75.55290093887274, 32.35089810569564, 0.0], [75.55261368916076, 32.35068124841663, 0.0], [75.55137698103661, 32.34962986012526, 0.0], [75.55127778432215, 32.349546822152, 0.0], [75.55032591796224, 32.34875000733987, 0.0], [75.54926993516318, 32.34760421679369, 0.0], [75.54812417816653, 32.346011772443546, 0.0], [75.54777377388118, 32.34552474726557, 0.0], [75.54697281581842, 32.34426175666207, 0.0], [75.54602298643194, 32.34317005137358, 0.0], [75.54502152695399, 32.342237192935414, 0.0], [75.54469098987389, 32.341929293298655, 0.0], [75.54321059769944, 32.34032765527207, 0.0], [75.54201149053017, 32.339032779538925, 0.0], [75.54108301273622, 32.33793212323115, 0.0], [75.54057537524679, 32.337326270425656, 0.0], [75.53979390992743, 32.33639359439752, 0.0], [75.53928516803367, 32.33521646368888, 0.0], [75.53908305989175, 32.334531041163444, 0.0], [75.53899398151559, 32.33422894248068, 0.0], [75.53897078351936, 32.33407497568372, 0.0], [75.53856118799114, 32.331356434907235, 0.0], [75.53855668351773, 32.33133788770113, 0.0], [75.53812747046724, 32.329570623067205, 0.0], [75.53796985870318, 32.328646217005904, 0.0], [75.53784221715014, 32.3278975778652, 0.0], [75.53766366670067, 32.32589556752093, 0.0], [75.5386184340714, 32.325854203731105, 0.0], [75.53909726150576, 32.32583346348451, 0.0], [75.53909742794679, 32.325833456127114, 0.0], [75.54008396271502, 32.32479999150368, 0.0], [75.54096836851214, 32.32387335053034, 0.0], [75.54283957289545, 32.321602171708044, 0.0], [75.54279051423424, 32.321356250802, 0.0], [75.54279057116973, 32.32135616130506, 0.0], [75.54203093410993, 32.317547993602204, 0.0], [75.5418946409171, 32.31558656897343, 0.0], [75.54202023051363, 32.31486509727251, 0.0], [75.54205473825627, 32.31466685983523, 0.0], [75.54352763317046, 32.31227368999622, 0.0], [75.54348219666677, 32.311623695837355, 0.0], [75.54341294722231, 32.310633040882024, 0.0], [75.54331266569018, 32.309198415062944, 0.0], [75.54271016275231, 32.306086922814636, 0.0], [75.54261522752677, 32.305651892339654, 0.0], [75.54221318568614, 32.303809531306705, 0.0], [75.54146003229138, 32.303051560005024, 0.0], [75.53990620887593, 32.301129779417884, 0.0], [75.53988018469818, 32.30106703389733, 0.0], [75.53953021332664, 32.30022323773834, 0.0], [75.53953029759644, 32.300169063976455, 0.0], [75.53953005931652, 32.3001615992937, 0.0], [75.53945808431425, 32.297910126022494, 0.0], [75.53962919600698, 32.296485413706385, 0.0], [75.53946986217574, 32.2950187785119, 0.0], [75.53938720023787, 32.29425787397815, 0.0], [75.53933067831501, 32.29217472386582, 0.0], [75.53857988147459, 32.28909915199663, 0.0], [75.53807219501604, 32.28693003941698, 0.0], [75.5370343752011, 32.284309576030445, 0.0], [75.53682858477471, 32.28311458029309, 0.0], [75.53554078018321, 32.281111755724915, 0.0], [75.53491100673361, 32.28033114582742, 0.0], [75.53389199104285, 32.27906803665175, 0.0], [75.53254484492739, 32.27817882403022, 0.0], [75.53224267824477, 32.277831456603614, 0.0], [75.53037394605657, 32.278326090550536, 0.0], [75.52955750346761, 32.27828365911588, 0.0], [75.52953501528697, 32.278282490128646, 0.0], [75.52861190377183, 32.27823450760274, 0.0], [75.52603862770452, 32.27749303587475, 0.0], [75.52616474002102, 32.2767320935952, 0.0], [75.52618281902403, 32.27662301026849, 0.0], [75.52618351158563, 32.2760052648628, 0.0], [75.52618334184791, 32.27600530489139, 0.0], [75.52599590001856, 32.276049867279035, 0.0], [75.52461494101192, 32.27637821593337, 0.0], [75.52446348399214, 32.27641422623244, 0.0], [75.52324757780832, 32.27682804322501, 0.0], [75.52095733027703, 32.27723036300952, 0.0], [75.52092248812014, 32.277236483555654, 0.0], [75.52096333158718, 32.27809265367913, 0.0], [75.52102101265577, 32.27930173011653, 0.0], [75.5190155394982, 32.27965297804133, 0.0], [75.51877838887437, 32.27969450343991, 0.0], [75.5186639269388, 32.27971455148015, 0.0], [75.51838568415491, 32.28164858920151, 0.0], [75.51607622744497, 32.282268838566225, 0.0], [75.51391501657525, 32.283011051561985, 0.0], [75.51237002391485, 32.28343798254529, 0.0], [75.51187648200332, 32.28352305461212, 0.0], [75.51184969448698, 32.28352768429463, 0.0], [75.50957748675879, 32.28391345857188, 0.0], [75.50918986524296, 32.28399423936586, 0.0], [75.50879004177885, 32.28473686919526, 0.0], [75.50816832081965, 32.28589162459805, 0.0], [75.50769021000457, 32.28681786055544, 0.0], [75.5073673900538, 32.28744324409869, 0.0], [75.50724246014845, 32.2876852614856, 0.0], [75.50613752992474, 32.28836507574169, 0.0], [75.50581767173549, 32.28941989329917, 0.0], [75.50501484923535, 32.29038853416665, 0.0], [75.50475372912273, 32.29056654591305, 0.0], [75.50430822758669, 32.290870253136966, 0.0], [75.50424476052525, 32.2909452287296, 0.0], [75.50393065187467, 32.29131629093569, 0.0], [75.5039335553096, 32.2914279378812, 0.0], [75.5039458949252, 32.291902523722264, 0.0], [75.50403045223628, 32.292191114380614, 0.0], [75.50447012291761, 32.292885859654525, 0.0], [75.50477659546998, 32.2939592339323, 0.0], [75.50488180034866, 32.29468981078089, 0.0], [75.50513506184527, 32.2958533503165, 0.0], [75.50548436808788, 32.29668788264368, 0.0], [75.50622646088074, 32.297536298457466, 0.0], [75.50762078980509, 32.298984854858446, 0.0], [75.50869090176491, 32.30069466014954, 0.0], [75.50910383011856, 32.301637437364306, 0.0], [75.50963891523718, 32.30256681869957, 0.0], [75.51028011664754, 32.303570895560874, 0.0], [75.51039662321374, 32.303753334419156, 0.0], [75.51101675666327, 32.304528746264786, 0.0], [75.51124463951096, 32.30481368628732, 0.0], [75.51217752100341, 32.30607702090436, 0.0], [75.51264824503747, 32.30651198675464, 0.0], [75.5132911844444, 32.30710607765648, 0.0], [75.51153197492201, 32.3085924108875, 0.0], [75.5107221958149, 32.30910704079356, 0.0], [75.51002296747376, 32.309551406881916, 0.0], [75.50765318610439, 32.31101012025484, 0.0], [75.50656615903364, 32.311611293409086, 0.0], [75.50548002520017, 32.312211959513974, 0.0], [75.50546611234843, 32.31221849985119, 0.0], [75.50467621783675, 32.31258979086728, 0.0], [75.50446526617554, 32.3126889476942, 0.0], [75.50416747470572, 32.31225700973084, 0.0], [75.50332059514551, 32.311028612378955, 0.0], [75.50272532357654, 32.31131364375356, 0.0], [75.50108398531641, 32.31209954066858, 0.0], [75.50052491272213, 32.31230595070451, 0.0], [75.50000005578366, 32.31249972549192, 0.0], [75.4992724018993, 32.31237806854017, 0.0], [75.49902363033641, 32.312336475836446, 0.0], [75.49902356609613, 32.31233650231242, 0.0], [75.49829874007712, 32.312635640208974, 0.0], [75.49439101566463, 32.31424826134172, 0.0], [75.49030503287567, 32.31612771454684, 0.0], [75.48941372167724, 32.31666062931974, 0.0], [75.48941351161452, 32.31666062815863, 0.0], [75.4863923442295, 32.316631805954664, 0.0], [75.48592488631306, 32.31701403622308, 0.0], [75.481915324546, 32.320292379105666, 0.0], [75.48215765457972, 32.32042275729139, 0.0], [75.48337114185959, 32.32107562686704, 0.0], [75.48451414368199, 32.322165787651876, 0.0], [75.4856629371629, 32.323639227102454, 0.0], [75.48551499163752, 32.323781005644825, 0.0], [75.48469754554048, 32.32456436589294, 0.0], [75.48435105480047, 32.325436133522, 0.0], [75.48422114663444, 32.325762975729305, 0.0], [75.48379758400658, 32.326828624493984, 0.0], [75.48370903277376, 32.327071845318976, 0.0], [75.48320476765257, 32.32845687851102, 0.0], [75.48307616057302, 32.328759744514244, 0.0], [75.48275469062878, 32.32951678873412, 0.0], [75.48209028741337, 32.3309989589178, 0.0], [75.4817800969245, 32.3316909250088, 0.0], [75.48167990230542, 32.33231322910944, 0.0], [75.48174390545084, 32.33249752350986, 0.0], [75.48187714346778, 32.332881172535274, 0.0], [75.48229755810515, 32.333656382253956, 0.0], [75.48221842445412, 32.33406218716107, 0.0], [75.48150800764752, 32.33516747127823, 0.0], [75.48277893763124, 32.3365415114559, 0.0], [75.4827790149028, 32.33654159457144, 0.0], [75.48329087459345, 32.3362236484914, 0.0], [75.48364397028409, 32.336004317077936, 0.0], [75.48410075135355, 32.336872005021874, 0.0], [75.48447433366727, 32.33758163847387, 0.0], [75.48447438472013, 32.33758173452831, 0.0], [75.48463164362529, 32.33748639908529, 0.0], [75.4846607335863, 32.33746876394621, 0.0], [75.48613547207866, 32.336574714170006, 0.0], [75.48644081743441, 32.337373899462506, 0.0], [75.48672466570245, 32.338116809177414, 0.0], [75.48692940502202, 32.33865266076607, 0.0], [75.48806720310932, 32.33963455099909, 0.0], [75.48832201778494, 32.33970190468329, 0.0], [75.48832216957695, 32.33970194522045, 0.0], [75.48863884872632, 32.33948175331288, 0.0], [75.48887405063931, 32.33931821190327, 0.0], [75.48927232611545, 32.33929979787047, 0.0], [75.48976649813572, 32.3394481732683, 0.0], [75.49012251443894, 32.33963271805876, 0.0], [75.49083449888951, 32.33983491085255, 0.0], [75.49326213156509, 32.34022039033516, 0.0], [75.4940166409653, 32.340404537323245, 0.0], [75.4949416505442, 32.34112513252167, 0.0], [75.4948232483744, 32.34125973861519, 0.0], [75.49429467752523, 32.34186063977496, 0.0], [75.49284244149139, 32.34275648438476, 0.0], [75.4926548633153, 32.342872194360304, 0.0], [75.49166778623409, 32.34354496564443, 0.0], [75.49118558139118, 32.344043939185084, 0.0], [75.49106239858813, 32.34417140489307, 0.0], [75.49095342808027, 32.3442841634413, 0.0], [75.4903681725991, 32.344889759682715, 0.0], [75.48910497066584, 32.34556277154689, 0.0], [75.48910481410132, 32.3455627436246, 0.0], [75.48868397740593, 32.34548871126242, 0.0], [75.48824516773956, 32.34541151575494, 0.0], [75.48795745768582, 32.34536090153324, 0.0], [75.48649074225457, 32.344726423506486, 0.0], [75.48644450192587, 32.34459220511606, 0.0], [75.4862935275976, 32.34415397786577, 0.0], [75.48658732279878, 32.343940953850215, 0.0], [75.48708416747405, 32.34358069876017, 0.0], [75.48647728141763, 32.34228025120517, 0.0], [75.48633328740581, 32.341971690857356, 0.0], [75.48593490331706, 32.34187281944909, 0.0], [75.485934692036, 32.34187282098241, 0.0], [75.4852128776152, 32.341873512054086, 0.0], [75.4851859537293, 32.341873537609835, 0.0], [75.48517770033534, 32.34186265151402, 0.0], [75.48475668999282, 32.341307324322784, 0.0], [75.48464722378976, 32.34116293367188, 0.0], [75.48411675452174, 32.34046321279415, 0.0], [75.48233702010916, 32.34009501889742, 0.0], [75.48144410091795, 32.33995417856256, 0.0], [75.48074606078106, 32.339844073852284, 0.0], [75.48036395208744, 32.3397838003596, 0.0], [75.48000505746711, 32.33972718768212, 0.0], [75.479884717701, 32.33958770699617, 0.0], [75.47976071941378, 32.339443985820935, 0.0], [75.4789361225821, 32.33848822022998, 0.0], [75.4789359111694, 32.3384882253916, 0.0], [75.47822445085836, 32.33852032512748, 0.0], [75.47767234771914, 32.338687598814275, 0.0], [75.47704070282748, 32.33902629891501, 0.0], [75.4770405846561, 32.33902624836103, 0.0], [75.47579200881499, 32.33849524543619, 0.0], [75.47504810791541, 32.338135125129604, 0.0], [75.47504818512257, 32.338135266502015, 0.0], [75.47546308276003, 32.338892335164225, 0.0], [75.47543193302413, 32.33896826872479, 0.0], [75.47515376401631, 32.33964635430698, 0.0], [75.47503939553559, 32.3399251440119, 0.0], [75.47503924100322, 32.339925005992605, 0.0], [75.47384326731577, 32.338857473294986, 0.0], [75.47384305486553, 32.33885747751154, 0.0], [75.47213317422262, 32.33891295693134, 0.0], [75.47121446034598, 32.33899928660793, 0.0], [75.47120406461175, 32.33849383485712, 0.0], [75.47120323945104, 32.33845373903815, 0.0], [75.46912686281063, 32.33863116539043, 0.0], [75.47001174547862, 32.33668723108996, 0.0], [75.47002680488822, 32.33526132306756, 0.0], [75.47003107976029, 32.33485657677068, 0.0], [75.47060827355234, 32.33442374027708, 0.0], [75.47154242117864, 32.33372321286848, 0.0], [75.471587943584, 32.3336890749326, 0.0], [75.47182461909577, 32.33351158707129, 0.0], [75.47185092632617, 32.33310081002199, 0.0], [75.47186649205723, 32.33285775305324, 0.0], [75.47099501313129, 32.33238947142065, 0.0], [75.46878464698206, 32.33128195916972, 0.0], [75.46789427810486, 32.33067435161334, 0.0], [75.46755716296369, 32.33044429383632, 0.0], [75.4665972294763, 32.32967166690327, 0.0], [75.46597322357476, 32.32916941121794, 0.0], [75.46880304934918, 32.32810446478417, 0.0], [75.46964658503148, 32.3277870035604, 0.0], [75.46944895103077, 32.32671403406365, 0.0], [75.46870117365278, 32.32639560838416, 0.0], [75.46842364952617, 32.32627742829289, 0.0], [75.46778466625983, 32.32460058915307, 0.0], [75.46778449201736, 32.324600689074, 0.0], [75.46486578348127, 32.32628002999226, 0.0], [75.46209977758829, 32.327057534930276, 0.0], [75.4620996671746, 32.327057506422165, 0.0], [75.44950631865049, 32.32382371711466, 0.0], [75.4495063101835, 32.32382377058899, 0.0], [75.4493109129532, 32.325131408384664, 0.0], [75.44812747361418, 32.32604297240839, 0.0], [75.44571425147545, 32.32301885076353, 0.0], [75.44525481654529, 32.321916759476856, 0.0], [75.44495882091616, 32.32120671465252, 0.0], [75.44377422017173, 32.320571641327675, 0.0], [75.44377414869571, 32.320571660300985, 0.0], [75.44290355737843, 32.320806545907075, 0.0], [75.44290352815557, 32.32080652507781, 0.0], [75.44214355254357, 32.3202567809793, 0.0], [75.44199251013374, 32.32014751994444, 0.0], [75.4416018990796, 32.31986495949422, 0.0], [75.44116425218496, 32.31913877667898, 0.0], [75.44071467929037, 32.31839279293227, 0.0], [75.44062942096897, 32.31825132043841, 0.0], [75.44049084929962, 32.31802138149868, 0.0], [75.43764424295442, 32.317251849542835, 0.0], [75.43764419831597, 32.31725189565059, 0.0], [75.43709241973674, 32.31782020560929, 0.0], [75.43709225876833, 32.317820153845474, 0.0], [75.43524946973194, 32.317230450621054, 0.0], [75.43344926046949, 32.31684359080087, 0.0], [75.4320335116287, 32.3167017754658, 0.0], [75.4317261506318, 32.316670985020984, 0.0], [75.43161188958142, 32.31665953869082, 0.0], [75.43156013478304, 32.31653825262649, 0.0], [75.43134837216981, 32.31604199155222, 0.0], [75.43113866868049, 32.315550549826355, 0.0], [75.43074011093884, 32.31506377036323, 0.0], [75.42999148278753, 32.31499649862749, 0.0], [75.42999142751432, 32.31499651440033, 0.0], [75.42880230483838, 32.31533514275033, 0.0], [75.42724454709382, 32.316311706362605, 0.0], [75.42625453778922, 32.31693232638916, 0.0], [75.4262549421961, 32.317653754260085, 0.0], [75.42535301840341, 32.317821477089815, 0.0], [75.42499134233093, 32.317888733189115, 0.0], [75.42372773860802, 32.31812370146126, 0.0], [75.41993175099148, 32.31906296245937, 0.0], [75.41842955867186, 32.32003746616153, 0.0], [75.41776077592834, 32.32077716872134, 0.0], [75.41677344296444, 32.32141778536153, 0.0], [75.41641799265241, 32.32212126292976, 0.0], [75.41609965416995, 32.3226939894336, 0.0], [75.41433755027785, 32.32461535913889, 0.0], [75.41155261089403, 32.32788082527696, 0.0], [75.4112219606937, 32.328268511118736, 0.0], [75.41051050990079, 32.32862040057752, 0.0], [75.41051040463245, 32.32862040585752, 0.0], [75.40974050592598, 32.328688217607294, 0.0], [75.40974037108951, 32.32868821114526, 0.0], [75.4097402938406, 32.32868821264878, 0.0], [75.40831730680992, 32.32862102754997, 0.0], [75.40715424806267, 32.328301187210926, 0.0], [75.40715420440947, 32.32830123515731, 0.0], [75.40701675276254, 32.328452702932516, 0.0], [75.40661809833304, 32.328892003534605, 0.0], [75.40661793864348, 32.32889194631667, 0.0], [75.40635377739133, 32.328797767227535, 0.0], [75.40535354534748, 32.32844115577971, 0.0], [75.40530984487557, 32.32825335453282, 0.0], [75.40540345589604, 32.3280022779615, 0.0], [75.4054526326439, 32.32787037960407, 0.0], [75.4054919244562, 32.327764994222925, 0.0], [75.40547051494087, 32.32739528230362, 0.0], [75.40527393052551, 32.32724652248882, 0.0], [75.40505617519271, 32.3271631886784, 0.0], [75.40483842123417, 32.32707985459251, 0.0], [75.40369142564796, 32.32687721315162, 0.0], [75.4036914050429, 32.326877247171396, 0.0], [75.40331979431855, 32.32748147157237, 0.0], [75.40311830462065, 32.328238998216776, 0.0], [75.40246523238288, 32.32860887939921, 0.0], [75.40218951973152, 32.33005180533452, 0.0], [75.40218930750419, 32.33005180400366, 0.0], [75.39938560186596, 32.33001632836705, 0.0], [75.39529544555234, 32.32744019126659, 0.0], [75.39448326806166, 32.32692861733532, 0.0], [75.39448313737736, 32.32692867014462, 0.0], [75.39198231772596, 32.327943453890356, 0.0], [75.38801043562984, 32.32984225458555, 0.0], [75.38627399801894, 32.330699098108624, 0.0], [75.38535037612473, 32.33114115748986, 0.0], [75.38472871283122, 32.331438690011446, 0.0], [75.38415882631404, 32.3317431050943, 0.0], [75.38209476482446, 32.332845620015156, 0.0], [75.3802945851186, 32.33398647307056, 0.0], [75.3798378496057, 32.33415329871684, 0.0], [75.37977500976656, 32.334159062871116, 0.0], [75.37944485205915, 32.33418939314916, 0.0], [75.37944477851126, 32.334189381997966, 0.0], [75.37857383698815, 32.334054165191915, 0.0], [75.37857362478914, 32.33405416292155, 0.0], [75.37782508061022, 32.334036204779984, 0.0], [75.37721431380437, 32.33408575151065, 0.0], [75.37653986391041, 32.334306711887756, 0.0], [75.37593444940781, 32.33464943071021, 0.0], [75.37541930433585, 32.335032653584435, 0.0], [75.37502633018276, 32.33548804218109, 0.0], [75.37490950881994, 32.33617346374565, 0.0], [75.37496787870911, 32.336980511310465, 0.0], [75.37453243764251, 32.33731865771936, 0.0], [75.37453235461743, 32.33731855891672, 0.0], [75.37324721906815, 32.33579011741783, 0.0], [75.37249838150218, 32.33495145880722, 0.0], [75.37209773052129, 32.334795770771514, 0.0], [75.37067679703246, 32.334243603596896, 0.0], [75.37034158146767, 32.334168465375484, 0.0], [75.36858440756922, 32.33377458352918, 0.0], [75.36616274964449, 32.33327842919493, 0.0], [75.36493598789882, 32.332976252408066, 0.0], [75.36355526628844, 32.332858903183045, 0.0], [75.3635552003941, 32.33285891590584, 0.0], [75.36311975070736, 32.3329445960442, 0.0], [75.36252591489297, 32.333354946697725, 0.0], [75.36229122438789, 32.333517120743416, 0.0], [75.3619937039197, 32.33410327392071, 0.0], [75.36199373346209, 32.33410331388846, 0.0], [75.3620136597294, 32.33413053744868, 0.0], [75.36343272690826, 32.33606928951016, 0.0], [75.36347521598873, 32.33611887415809, 0.0], [75.36347491955924, 32.33611877666711, 0.0], [75.36245951178374, 32.33578616811181, 0.0], [75.36229090463348, 32.33573093836711, 0.0], [75.36086777354633, 32.33492373570094, 0.0], [75.3608676158037, 32.33492376679037, 0.0], [75.3597577266814, 32.33514458863734, 0.0], [75.35865300479938, 32.3353427735349, 0.0], [75.3574474050061, 32.33588368126624, 0.0], [75.35536537692086, 32.33669949102946, 0.0], [75.35557247734802, 32.3375894653324, 0.0], [75.35573683456413, 32.33829574805398, 0.0], [75.35547766422772, 32.33846698530356, 0.0], [75.35517279379943, 32.33866841677496, 0.0], [75.35271432840054, 32.340292698981756, 0.0], [75.3498295309336, 32.34364671406666, 0.0], [75.34937598987757, 32.34497105808859, 0.0], [75.34927676442217, 32.34526079408095, 0.0], [75.349276552027, 32.345260796319494, 0.0], [75.34519221595708, 32.34532309656775, 0.0], [75.34207294580989, 32.34579064868548, 0.0], [75.34206901552298, 32.34579123741516, 0.0], [75.34206882429235, 32.34579121930298, 0.0], [75.34172509513117, 32.34575869437917, 0.0], [75.34159094869116, 32.34574598384942, 0.0], [75.3411980093507, 32.34547541690289, 0.0], [75.34076270695283, 32.344902661206525, 0.0], [75.34032836674866, 32.34154792675189, 0.0], [75.34060547328451, 32.3392980893355, 0.0], [75.34062399851081, 32.33903843761007, 0.0], [75.34071511259648, 32.33776139393131, 0.0], [75.34072288997992, 32.33765238372836, 0.0], [75.34013864865345, 32.33699012481357, 0.0], [75.33983737212353, 32.33664861372849, 0.0], [75.33924352241213, 32.335975447622836, 0.0], [75.33919304324374, 32.335918225999414, 0.0], [75.33894443709845, 32.335636411235036, 0.0], [75.33894434114856, 32.335636452232364, 0.0], [75.33625215190177, 32.33679224574412, 0.0], [75.33590082075699, 32.33694307168341, 0.0], [75.33503076847883, 32.33489584312566, 0.0], [75.33519075690066, 32.33321403390042, 0.0], [75.33543109527693, 32.330157078197836, 0.0], [75.33277413710397, 32.32750310683526, 0.0], [75.33277395666762, 32.32750317003068, 0.0], [75.33277288346125, 32.32750209936561, 0.0], [75.33216718091727, 32.32718760731843, 0.0], [75.33168234820164, 32.32693586948352, 0.0], [75.33147630899796, 32.326720047596005, 0.0], [75.33168835231916, 32.3267041216936, 0.0], [75.33195409054434, 32.32668416195573, 0.0], [75.33195429258812, 32.326684149435586, 0.0], [75.33223218095367, 32.32668297383079, 0.0], [75.32779448480113, 32.32611961108605, 0.0], [75.32777143752772, 32.32611668525342, 0.0], [75.32777012732593, 32.326122313153284, 0.0], [75.32700469140194, 32.32940859842171, 0.0], [75.32724542802337, 32.332378354719175, 0.0], [75.32683349168158, 32.33494745088127, 0.0], [75.32581130808461, 32.337639956087095, 0.0], [75.32581071508962, 32.337641356673345, 0.0], [75.3242496074318, 32.34132931258145, 0.0], [75.32267035712293, 32.34352776015121, 0.0], [75.31683067285745, 32.342903264614236, 0.0], [75.31595562022382, 32.34287047121827, 0.0], [75.315115239863, 32.34283897177386, 0.0], [75.31133506828458, 32.34269723542983, 0.0], [75.30680787593647, 32.3429610949596, 0.0], [75.3021595605999, 32.34428493886682, 0.0], [75.29964660811855, 32.3464496650211, 0.0], [75.29964593955043, 32.34645404261448, 0.0], [75.29903800496724, 32.35043418764185, 0.0], [75.29887332054358, 32.353515293435564, 0.0], [75.29887137906002, 32.353515470538895, 0.0], [75.2962048749434, 32.35375831127292, 0.0], [75.29147127605349, 32.35403359067594, 0.0], [75.2883023604502, 32.354481047626855, 0.0], [75.28830313800864, 32.35448635090428, 0.0], [75.28853207698874, 32.35604732628196, 0.0], [75.28760438203356, 32.35864618612305, 0.0], [75.28735476051439, 32.360679100252355, 0.0], [75.28848101674117, 32.3643872148029, 0.0], [75.28966095701797, 32.367477903128005, 0.0], [75.28974831277569, 32.369842267689684, 0.0], [75.28974590048833, 32.369843335150044, 0.0], [75.28495590416713, 32.371963559832864, 0.0], [75.2807315683739, 32.37343739279747, 0.0], [75.27538190328717, 32.37506409755661, 0.0], [75.27290455757316, 32.37511998593115, 0.0], [75.27062352722064, 32.373760352548516, 0.0], [75.26786059207355, 32.371551044026326, 0.0], [75.26639152444885, 32.371285123159176, 0.0], [75.26578226019353, 32.37179333203373, 0.0], [75.2650348448475, 32.372416767772975, 0.0], [75.26481747413756, 32.37228211798772, 0.0], [75.26231421381287, 32.37073143022604, 0.0], [75.2601106590509, 32.37033244516948, 0.0], [75.25812933852544, 32.37141240338954, 0.0], [75.2581287863301, 32.37141721167618, 0.0], [75.2577035518431, 32.3751227564419, 0.0], [75.25770137859674, 32.37512789881804, 0.0], [75.25709529610593, 32.37656202538294, 0.0], [75.25535947116435, 32.37683793447334, 0.0], [75.25535989767631, 32.376843239406924, 0.0], [75.25547872472174, 32.3783228718651, 0.0], [75.25622721911638, 32.38249182528369, 0.0], [75.25703662519894, 32.386130722047106, 0.0], [75.25718398729794, 32.38796505456703, 0.0], [75.25718149587311, 32.387967666527196, 0.0], [75.25594392229786, 32.38926534164301, 0.0], [75.2543318416013, 32.38979732913464, 0.0], [75.25203893672094, 32.38957885465582, 0.0], [75.2497999178717, 32.388742942143224, 0.0], [75.24757495605833, 32.38808168936244, 0.0], [75.24580169770095, 32.38660452625937, 0.0], [75.24482402060052, 32.384730385505684, 0.0], [75.24155085598531, 32.38518260611616, 0.0], [75.23830565425992, 32.38598414170761, 0.0], [75.23552814913423, 32.38746065082613, 0.0], [75.23378003382004, 32.38887775113792, 0.0], [75.23081937526268, 32.39194426777633, 0.0], [75.22861734484677, 32.39286092231207, 0.0], [75.22739400300684, 32.39179059794141, 0.0], [75.2260085789326, 32.39257241416308, 0.0], [75.22482204989174, 32.3932550087253, 0.0], [75.22293577520993, 32.39424113153326, 0.0], [75.22293612498042, 32.39424550394822, 0.0], [75.22308944564134, 32.396162852456, 0.0], [75.22308693995605, 32.396165287802276, 0.0], [75.2209780150226, 32.398214934843594, 0.0], [75.21798694855856, 32.399615552584805, 0.0], [75.21501672214839, 32.40127815238946, 0.0], [75.21186504060381, 32.40066954277258, 0.0], [75.20955477168292, 32.397643208345, 0.0], [75.20756049601398, 32.394686443516115, 0.0], [75.20483640794383, 32.395544896221764, 0.0], [75.20274226041265, 32.39630842830882, 0.0], [75.20121937488057, 32.396863653187275, 0.0], [75.19940896287034, 32.397523681286025, 0.0], [75.19395484778225, 32.40046901174483, 0.0], [75.19241176213914, 32.40187372931907, 0.0], [75.19241123412851, 32.401877893378675, 0.0], [75.19233461559851, 32.40248180816836, 0.0], [75.19220230369926, 32.4035246838085, 0.0], [75.19203045822613, 32.40487912301658, 0.0], [75.19199282796217, 32.40830357447323, 0.0], [75.1924478316475, 32.410120273939405, 0.0], [75.19450037001546, 32.40991488032867, 0.0], [75.19749358973064, 32.40983101222067, 0.0], [75.19915657428135, 32.41122740844865, 0.0], [75.20039526468103, 32.413788896800426, 0.0], [75.20039287802818, 32.41379433030353, 0.0], [75.19916942788845, 32.41657951092713, 0.0], [75.1991691383902, 32.41658078761513, 0.0], [75.19878682041951, 32.41826873289151, 0.0], [75.19957882646173, 32.420417091886016, 0.0], [75.19957609469239, 32.42042149691484, 0.0], [75.19884546403425, 32.421599921790715, 0.0], [75.19767798636474, 32.42137437440035, 0.0], [75.19847660526364, 32.42514150889813, 0.0], [75.19885335627475, 32.42691856971173, 0.0], [75.2007745204143, 32.429681281299594, 0.0], [75.19890516465341, 32.433963557895794, 0.0], [75.19909475168437, 32.43789154521606, 0.0], [75.1986633159848, 32.44163570580607, 0.0], [75.19572344814961, 32.44377889509252, 0.0], [75.20136010642109, 32.4461074331069, 0.0], [75.2045586732181, 32.4480110828085, 0.0], [75.20496691547208, 32.44825404171602, 0.0], [75.20632574791205, 32.4521931379197, 0.0], [75.20636924211908, 32.452319218446526, 0.0], [75.20751807649053, 32.45514510257107, 0.0], [75.21106287017625, 32.45503172941051, 0.0], [75.21435981784482, 32.45499584576856, 0.0], [75.21669180663153, 32.4571312193996, 0.0], [75.21551374290082, 32.46045478027497, 0.0], [75.21854306949717, 32.46148910194836, 0.0], [75.2223585922123, 32.46140684517673, 0.0], [75.2261361204952, 32.46264880072028, 0.0], [75.22542120180833, 32.46740058257274, 0.0], [75.22368380149764, 32.471298750971854, 0.0], [75.22149184605861, 32.474114507886185, 0.0], [75.22143970142893, 32.474181490618584, 0.0], [75.2202553221702, 32.476452421568965, 0.0], [75.21998497358862, 32.47697077244226, 0.0], [75.21775972283446, 32.480275617344084, 0.0], [75.2183905318263, 32.483537330597564, 0.0], [75.22017971138824, 32.486461154174364, 0.0], [75.22294543904214, 32.49141017467259, 0.0], [75.22609818865192, 32.49377031395045, 0.0], [75.22830111148645, 32.496493233986456, 0.0], [75.23003879624389, 32.498738699677716, 0.0], [75.23317199988753, 32.49863771663847, 0.0], [75.23670890671085, 32.49878543178119, 0.0], [75.23713461547479, 32.49994364864027, 0.0], [75.23805689288304, 32.50245277915087, 0.0], [75.23581587513856, 32.503851295964544, 0.0], [75.2345818327167, 32.505726687705994, 0.0], [75.23534137982507, 32.50727960044209, 0.0], [75.23663834439768, 32.50993116120912, 0.0], [75.23811943202132, 32.51302213566796, 0.0], [75.23832041060157, 32.51668258640117, 0.0], [75.24102761021656, 32.51959866607726, 0.0], [75.24246449396163, 32.522218498726446, 0.0], [75.24431699879635, 32.52493633372408, 0.0], [75.24471724993934, 32.52606545133369, 0.0], [75.24556076503838, 32.52844493921516, 0.0], [75.24915510566534, 32.53145284627063, 0.0], [75.24992488272599, 32.532792435583396, 0.0], [75.25091518056861, 32.53451572706079, 0.0], [75.25403689661199, 32.536593048160064, 0.0], [75.25674199726967, 32.53954094082982, 0.0], [75.25774441091961, 32.54312170967828, 0.0], [75.26127436204995, 32.54365815881015, 0.0], [75.26455334161602, 32.54600735967613, 0.0], [75.2682304649299, 32.547187072900435, 0.0], [75.26980046777308, 32.54964751725636, 0.0], [75.27198385252032, 32.553198861171474, 0.0], [75.2750153150911, 32.55576804030334, 0.0], [75.27713262446665, 32.55779894680336, 0.0], [75.27948939187506, 32.560374323723856, 0.0], [75.28147534888518, 32.562397724741885, 0.0], [75.28177411473622, 32.565835972757355, 0.0], [75.28211905356106, 32.56939272922709, 0.0], [75.28567864216974, 32.5726324509787, 0.0], [75.28844668446581, 32.57403792644781, 0.0], [75.29352868346483, 32.57414902926291, 0.0], [75.2947615209913, 32.57721159765764, 0.0], [75.29477541413898, 32.57724610929124, 0.0], [75.29857859415719, 32.57766102837306, 0.0], [75.29994215255589, 32.57739137627233, 0.0], [75.3040547194101, 32.5765780130888, 0.0], [75.30782679801796, 32.575868447663176, 0.0], [75.31119121242057, 32.5751173787327, 0.0], [75.31407677559375, 32.574455869061424, 0.0], [75.3162048064175, 32.57410453711457, 0.0], [75.31789957097226, 32.57382471472971, 0.0], [75.32134896562061, 32.57654246737228, 0.0], [75.32454892452859, 32.57994181600526, 0.0], [75.3285371836566, 32.58039413092072, 0.0], [75.3334610953817, 32.580004315293316, 0.0], [75.33694994711972, 32.57912584689907, 0.0], [75.3394606377256, 32.58064497776718, 0.0], [75.34208049611362, 32.58369889376185, 0.0], [75.3443691502999, 32.588288007017916, 0.0], [75.34365028621906, 32.59098259652218, 0.0], [75.3432120726854, 32.59262512696871, 0.0], [75.34549825951284, 32.594662343672, 0.0], [75.34428384660686, 32.59805587944132, 0.0], [75.34327796319138, 32.60166405603665, 0.0], [75.34034625777952, 32.60616953206148, 0.0], [75.33708314557632, 32.60920463399283, 0.0], [75.33409700566686, 32.61242947105565, 0.0], [75.33353188843566, 32.61302948494723, 0.0], [75.33207654489303, 32.61457465617133, 0.0], [75.32951793804536, 32.61709302913333, 0.0], [75.32669546476579, 32.618845000191975, 0.0], [75.32662841651043, 32.6188866172777, 0.0], [75.32416614150877, 32.620664209861594, 0.0], [75.32092991904473, 32.623846918760066, 0.0], [75.3157320880191, 32.62536931330468, 0.0], [75.31027451597424, 32.62609396313685, 0.0], [75.30635824276553, 32.626611346068074, 0.0], [75.30314993503852, 32.626992069392415, 0.0], [75.3001847661353, 32.628086485055725, 0.0], [75.297624427375, 32.63007845375476, 0.0], [75.29447192062065, 32.630972070276805, 0.0], [75.29012276875311, 32.63178976483389, 0.0], [75.28687999216639, 32.63585263578205, 0.0], [75.28543462537769, 32.63829771958538, 0.0], [75.28467225747443, 32.63958734195317, 0.0], [75.28395695202298, 32.643051999364154, 0.0], [75.28444915730682, 32.64327521842546, 0.0], [75.28734176726725, 32.64458698894458, 0.0], [75.2904688840697, 32.64784717777988, 0.0], [75.29332980894334, 32.64813026139013, 0.0], [75.2964991107635, 32.65014887742189, 0.0], [75.29891127047028, 32.652875976283156, 0.0], [75.3025996734296, 32.65402086870704, 0.0], [75.30623763507022, 32.65261510391542, 0.0], [75.30960625476483, 32.65272423734831, 0.0], [75.31311091594007, 32.65584063405341, 0.0], [75.31734904194819, 32.65797323458445, 0.0], [75.32125305651144, 32.659451580648955, 0.0], [75.32460002652144, 32.66147150238764, 0.0], [75.32795920692402, 32.663295307302434, 0.0], [75.33079497786285, 32.66384376594955, 0.0], [75.33306705154683, 32.665916929671006, 0.0], [75.33708412742439, 32.66632125162017, 0.0], [75.34118431761783, 32.666438776726075, 0.0], [75.34496098853255, 32.66659154877137, 0.0], [75.34581119970473, 32.662800430824355, 0.0], [75.34646370002469, 32.65957644856571, 0.0], [75.34862601807049, 32.66199738160371, 0.0], [75.35239784737759, 32.66436016992017, 0.0], [75.35529079734211, 32.66736776899905, 0.0], [75.35789596536013, 32.669408142641714, 0.0], [75.3577696390658, 32.66573248709458, 0.0], [75.35881532525471, 32.66186786941615, 0.0], [75.36348762498142, 32.66135535134187, 0.0], [75.36732292493055, 32.66364189606507, 0.0], [75.36922418758958, 32.66662478070525, 0.0], [75.37145876734571, 32.6687019330906, 0.0], [75.3718741974706, 32.66876896724855, 0.0], [75.37277897380696, 32.66891495978446, 0.0], [75.37315298176392, 32.66897530771835, 0.0], [75.37338815695199, 32.66889307623373, 0.0], [75.37363308487915, 32.668676480032524, 0.0], [75.37387799272732, 32.668455283036344, 0.0], [75.37412291913462, 32.66823859581572, 0.0], [75.37437307023491, 32.66802198323579, 0.0], [75.3746716305167, 32.66800810173741, 0.0], [75.37497543688629, 32.667998805132385, 0.0], [75.37517320361005, 32.668390887685185, 0.0], [75.37537632373959, 32.66878737511345, 0.0], [75.37531298308298, 32.66927441598514, 0.0], [75.37524976708393, 32.669765875667366, 0.0], [75.37506882452858, 32.67003207874903, 0.0], [75.37488798763407, 32.67029828074772, 0.0], [75.37469648499216, 32.670564515314645, 0.0], [75.37451564649321, 32.670830715588714, 0.0], [75.3741534711466, 32.67106552474867, 0.0], [75.37411214760667, 32.67109193426004, 0.0], [75.37378596079583, 32.671300349387145, 0.0], [75.37342378265473, 32.67153515482322, 0.0], [75.37305626948834, 32.67176997571433, 0.0], [75.3724117642257, 32.67213127780556, 0.0], [75.37176723460114, 32.67248806677141, 0.0], [75.3709893278508, 32.67273410896027, 0.0], [75.3709688964251, 32.67273896190296, 0.0], [75.37068334965099, 32.67283191849056, 0.0], [75.37060036063883, 32.67285893387517, 0.0], [75.37052794601676, 32.672881666216746, 0.0], [75.37021135913014, 32.67298105055266, 0.0], [75.36972141465209, 32.67335117359945, 0.0], [75.36922090810555, 32.67372141677187, 0.0], [75.36887486741634, 32.67407334283659, 0.0], [75.36853540719525, 32.674424050435995, 0.0], [75.36853415705214, 32.67442534155657, 0.0], [75.36818811090663, 32.67477735637459, 0.0], [75.36784206275192, 32.675129369204896, 0.0], [75.36746411546567, 32.675558060686186, 0.0], [75.3670915151935, 32.675991245559686, 0.0], [75.36672424380063, 32.67642441461132, 0.0], [75.36635172535883, 32.676853087714456, 0.0], [75.36610156410501, 32.67718244405271, 0.0], [75.36585673417947, 32.67751178531481, 0.0], [75.36561200830265, 32.677841125197105, 0.0], [75.3653671745966, 32.67817046507867, 0.0], [75.36547390149376, 32.678265051637084, 0.0], [75.36579412136994, 32.678557834666414, 0.0], [75.36612479134743, 32.67869281395581, 0.0], [75.36645021660135, 32.678823296125145, 0.0], [75.36677555555853, 32.67895819840176, 0.0], [75.36710631721495, 32.67908866392556, 0.0], [75.36757012728029, 32.679124291426156, 0.0], [75.36803397398937, 32.679168936933976, 0.0], [75.36850311753713, 32.67920454464882, 0.0], [75.36896703390963, 32.67924016663375, 0.0], [75.36935069439329, 32.679109048641344, 0.0], [75.36973433476405, 32.67897341866947, 0.0], [75.37009675463605, 32.678849557176264, 0.0], [75.37011799354462, 32.67884229880824, 0.0], [75.37050163218312, 32.678706666964175, 0.0], [75.37084904160004, 32.67868928203824, 0.0], [75.37086943480912, 32.67868826112996, 0.0], [75.37123190348505, 32.678669869009994, 0.0], [75.37160512662078, 32.678647024406686, 0.0], [75.37196757785281, 32.6786241196934, 0.0], [75.37197202026069, 32.67799743412983, 0.0], [75.37198190176625, 32.677370733072244, 0.0], [75.37198632489977, 32.67673944594342, 0.0], [75.3719911801492, 32.67642839004781, 0.0], [75.37199603426389, 32.67611733474913, 0.0], [75.37226095015463, 32.67564361860269, 0.0], [75.37283326508596, 32.6746036476583, 0.0], [75.37299102240551, 32.67431697769453, 0.0], [75.37316615811027, 32.67408726601656, 0.0], [75.37336569940986, 32.67382782118115, 0.0], [75.37356524091473, 32.673568375940825, 0.0], [75.37394417748071, 32.673064653402314, 0.0], [75.3739589692386, 32.67304499131093, 0.0], [75.37427819026298, 32.67258479162044, 0.0], [75.37459209355032, 32.67212911916813, 0.0], [75.37523742762481, 32.67237643386449, 0.0], [75.37587743285484, 32.67262376334412, 0.0], [75.37652275489903, 32.67286656163981, 0.0], [75.37716287304536, 32.673113883359896, 0.0], [75.37714674196584, 32.67329507725662, 0.0], [75.37709463394981, 32.673880401692564, 0.0], [75.37705232899029, 32.67439591350396, 0.0], [75.3770317272583, 32.674646996322636, 0.0], [75.37712866591092, 32.67535474436065, 0.0], [75.37722038051285, 32.67606250770731, 0.0], [75.37731198854938, 32.67677027292353, 0.0], [75.37740893256583, 32.67747802102863, 0.0], [75.37790301748082, 32.67806954225006, 0.0], [75.37798375820803, 32.678247689495365, 0.0], [75.37816000216205, 32.67863655518236, 0.0], [75.37822564107384, 32.67878137984423, 0.0], [75.3782796262771, 32.678900493058116, 0.0], [75.37848680563113, 32.67935760712123, 0.0], [75.37881046134883, 32.68007170278122, 0.0], [75.37776335716067, 32.682173578978905, 0.0], [75.37671621603027, 32.68427543573451, 0.0], [75.37358033613366, 32.68881311721194, 0.0], [75.37193974672236, 32.69259272938985, 0.0], [75.37314595883996, 32.695519731622625, 0.0], [75.37504930591543, 32.6986765201144, 0.0], [75.37917280460242, 32.69662330009087, 0.0], [75.38136966851674, 32.69150516431821, 0.0], [75.3820698279572, 32.687200031341895, 0.0], [75.38386872306532, 32.68320851884621, 0.0], [75.38550781749724, 32.680595416060605, 0.0], [75.38682317051077, 32.678014482696064, 0.0], [75.38763888826865, 32.674778876433116, 0.0], [75.39067615267727, 32.67211844917052, 0.0], [75.39384088092123, 32.67064748288469, 0.0], [75.39753483082968, 32.6733124068885, 0.0], [75.40136488522246, 32.6741276088484, 0.0], [75.40649949411278, 32.675436124017786, 0.0], [75.40995119353673, 32.67844696094294, 0.0], [75.4131090512039, 32.68132686682244, 0.0], [75.41886308625129, 32.680362472823504, 0.0], [75.41967274113712, 32.676272888769894, 0.0], [75.42139812947558, 32.67300913696204, 0.0], [75.42358863724765, 32.670679716032524, 0.0], [75.42549691466105, 32.66845731068221, 0.0], [75.42944416744437, 32.66503188398932, 0.0], [75.42949859256694, 32.66498465125778, 0.0], [75.42951348369924, 32.66503378663322, 0.0], [75.43084553549848, 32.66942897336157, 0.0], [75.43300347683817, 32.671998611929574, 0.0], [75.43621116001563, 32.67261711922818, 0.0], [75.43912331719149, 32.671474553717836, 0.0], [75.44130172502975, 32.6735181210566, 0.0], [75.44430509482486, 32.674263942081915, 0.0], [75.44651539150729, 32.67205148730268, 0.0], [75.44886600620544, 32.66999392774708, 0.0], [75.45122883747422, 32.66835665520632, 0.0], [75.45618302047157, 32.666251366241305, 0.0], [75.4598728449765, 32.66610041314004, 0.0], [75.46256580544127, 32.66715368655764, 0.0], [75.46537887744354, 32.66984284227766, 0.0], [75.46642810733384, 32.67319720345077, 0.0], [75.46931493587361, 32.67534166776725, 0.0], [75.47319224560789, 32.67771334586342, 0.0], [75.47534041448942, 32.680694189994405, 0.0], [75.4769368054754, 32.68320714260452, 0.0], [75.47693345725042, 32.68626808783948, 0.0], [75.47526339566097, 32.69076768996526, 0.0], [75.4794427948521, 32.69429370223192, 0.0], [75.48102690757621, 32.697108160678596, 0.0], [75.48050354725343, 32.70082020929577, 0.0], [75.47882462805855, 32.703838618638315, 0.0], [75.47706127033139, 32.70618811638527, 0.0], [75.4766691059201, 32.71003457969953, 0.0], [75.48062825345691, 32.71224981185177, 0.0], [75.4835992864201, 32.71404844244313, 0.0], [75.48414861443449, 32.71793401831206, 0.0], [75.48337676478951, 32.72253816321125, 0.0], [75.48248393347171, 32.72707689777567, 0.0], [75.48290162988611, 32.730547263905976, 0.0], [75.48335498746862, 32.73399354825171, 0.0], [75.48373517571508, 32.734313672722344, 0.0], [75.4856340303187, 32.73591249636445, 0.0], [75.48900492896396, 32.73937587869888, 0.0], [75.4896448115272, 32.74350424169585, 0.0], [75.49045970671635, 32.74805557958364, 0.0], [75.49111486675068, 32.75104773338923, 0.0], [75.49094343868231, 32.75487109508455, 0.0], [75.4919175923643, 32.75862782293008, 0.0], [75.49330024204181, 32.76213733438652, 0.0], [75.4943819134692, 32.76610609270869, 0.0], [75.49889958165267, 32.7669880137645, 0.0], [75.50465903509382, 32.76625478733372, 0.0], [75.50901707832463, 32.76755302560785, 0.0], [75.51343581782999, 32.76889389856761, 0.0], [75.51748366860365, 32.76989647798515, 0.0], [75.52123753674287, 32.76832691971652, 0.0], [75.52583547944171, 32.7707189471114, 0.0], [75.53129499693577, 32.771397349128186, 0.0], [75.53551892216669, 32.7715584990072, 0.0], [75.53962342852935, 32.77195278572839, 0.0], [75.54305917388618, 32.77260170083072, 0.0], [75.54589937206282, 32.7731285559916, 0.0], [75.54922153688024, 32.77331210429168, 0.0], [75.55242887054463, 32.77208818674806, 0.0], [75.5528866335188, 32.767652371971806, 0.0], [75.55564977346856, 32.76558715060987, 0.0], [75.55690416232956, 32.76268158643459, 0.0], [75.5587641361026, 32.759204744277966, 0.0], [75.56256414099072, 32.75896889268469, 0.0], [75.56578447906817, 32.75908606825913, 0.0], [75.56989647160708, 32.75807362657256, 0.0], [75.57456986519881, 32.75630898670521, 0.0], [75.57677600308442, 32.75307552011307, 0.0], [75.57874095623326, 32.750186060108796, 0.0], [75.57914864722652, 32.749313350963874, 0.0], [75.58063752816646, 32.74612609059784, 0.0], [75.58336798958403, 32.74491896034149, 0.0], [75.58388201549946, 32.748801707094785, 0.0], [75.58672739446442, 32.75112876941928, 0.0], [75.58683436956603, 32.75434708063356, 0.0], [75.58772404087354, 32.75722987012287, 0.0], [75.58651122461977, 32.76060354735352, 0.0], [75.59037527153335, 32.76188083639334, 0.0], [75.59293960084844, 32.76383208426535, 0.0], [75.59661811150288, 32.76490286369646, 0.0], [75.59887154049594, 32.76746084000685, 0.0], [75.6008040149017, 32.7682310269798, 0.0], [75.60370312171045, 32.769386401819865, 0.0], [75.60849039336, 32.77046587315971, 0.0], [75.61196529336122, 32.77150825632318, 0.0], [75.61517354447734, 32.77418423571493, 0.0], [75.61880531012095, 32.774160051355935, 0.0], [75.62257011320557, 32.77329938137028, 0.0], [75.62580758572267, 32.77285694974698, 0.0], [75.62870919895668, 32.77177196365113, 0.0], [75.63308403396215, 32.77154298431727, 0.0], [75.63849146772841, 32.77200376799838, 0.0], [75.64262780470524, 32.772311355961065, 0.0], [75.64643188705803, 32.77253463171637, 0.0], [75.64926616230281, 32.774448509439154, 0.0], [75.65372495793088, 32.77363718315502, 0.0], [75.65703693993267, 32.774322852546675, 0.0], [75.65949822691405, 32.77652140221955, 0.0], [75.66236478642814, 32.777571203967504, 0.0], [75.66643829253755, 32.77860505115777, 0.0], [75.66953903336058, 32.780686128977955, 0.0], [75.67022385073122, 32.78505169631637, 0.0], [75.67273209201072, 32.78786758964685, 0.0], [75.67697487190773, 32.788710017863956, 0.0], [75.68288462826936, 32.78998258595799, 0.0], [75.68549847491526, 32.79170090696087, 0.0], [75.68723021698895, 32.794416019278465, 0.0], [75.69016265704508, 32.79601186722517, 0.0], [75.69018610736245, 32.800714421423876, 0.0], [75.69053942367535, 32.804453272698886, 0.0], [75.68818461909935, 32.80793097407237, 0.0], [75.6891880376816, 32.81237614795401, 0.0], [75.6901479409944, 32.81539457700216, 0.0], [75.69022264281058, 32.81562946943614, 0.0], [75.68801890713155, 32.818200179994285, 0.0], [75.68542617416682, 32.82001909687752, 0.0], [75.68363143075473, 32.822210145052175, 0.0], [75.68568521578842, 32.82490903979246, 0.0], [75.68763994265477, 32.828254029665345, 0.0], [75.68939653149282, 32.83068148382323, 0.0], [75.69086717361758, 32.833517857957254, 0.0], [75.6936273119226, 32.83595413535314, 0.0], [75.69490354539943, 32.839171363806265, 0.0], [75.69435625122101, 32.84274466019718, 0.0], [75.69255891753329, 32.84599563173927, 0.0], [75.68989365605162, 32.847692906555636, 0.0], [75.68626447647644, 32.84979773921394, 0.0], [75.68516728239895, 32.854366767019066, 0.0], [75.68401253481348, 32.85888933398619, 0.0], [75.68358172579478, 32.86071370532807, 0.0], [75.68289362043335, 32.86362753088223, 0.0], [75.68306419086063, 32.86365450991756, 0.0], [75.68735548446651, 32.864333198004914, 0.0], [75.69094223808166, 32.865717643617344, 0.0], [75.69298865627798, 32.86997878239698, 0.0], [75.69285081901167, 32.873712466639354, 0.0], [75.69315401196539, 32.87731408678849, 0.0], [75.69842482734819, 32.8782883891827, 0.0], [75.70289179921802, 32.87858437623181, 0.0], [75.70639022284094, 32.878641860734916, 0.0], [75.71029892784495, 32.87898414091373, 0.0], [75.71454249629535, 32.87891802004498, 0.0], [75.72082057508904, 32.876727627742035, 0.0], [75.72476737504097, 32.87630203678428, 0.0], [75.72941102555545, 32.87690824024741, 0.0], [75.73277108549777, 32.87641263097192, 0.0], [75.7358802650657, 32.876096527872285, 0.0], [75.73880304552375, 32.876292239666, 0.0], [75.74211754562168, 32.876778340718026, 0.0], [75.74524876033988, 32.87793855605849, 0.0], [75.74925086901926, 32.88016311243204, 0.0], [75.75300159554604, 32.88207538736164, 0.0], [75.75576165740682, 32.8854728929759, 0.0], [75.75880323491135, 32.88701464097853, 0.0], [75.76163752729977, 32.88865404545734, 0.0], [75.76327784978271, 32.889602790836776, 0.0], [75.76650660869562, 32.889734105216334, 0.0], [75.7724027576915, 32.8895091059522, 0.0], [75.77625656736976, 32.88984119721658, 0.0], [75.78046061108705, 32.890184157611664, 0.0], [75.78382025447047, 32.88993418319337, 0.0]]]}}, {"type": "Feature", "properties": {"district_id": "udhampur", "display_name": "Udhampur", "source_name": "UDHAMPUR", "state_ut": "Jammu and Kashmir", "objectid": 10, "dist_lgd": "019"}, "geometry": {"type": "Polygon", "coordinates": [[[75.14604572337863, 33.15562669311056, 0.0], [75.15060163949973, 33.15050285411286, 0.0], [75.1527066423028, 33.146767122403055, 0.0], [75.15379831489804, 33.14330109130388, 0.0], [75.15642631021345, 33.14132840396267, 0.0], [75.16062649259737, 33.14249008723602, 0.0], [75.1661173368754, 33.1450230199659, 0.0], [75.1686989056613, 33.14623297274808, 0.0], [75.17741665051112, 33.14820845114955, 0.0], [75.18323018424024, 33.1487424049648, 0.0], [75.19263583695363, 33.149848256354176, 0.0], [75.2032770604336, 33.148917772436846, 0.0], [75.2099180638637, 33.1477698710621, 0.0], [75.21856143703748, 33.14312650000745, 0.0], [75.22332689677796, 33.138641890292156, 0.0], [75.22647903088873, 33.133543602060705, 0.0], [75.22959930441432, 33.126105457988615, 0.0], [75.23007189888716, 33.12265777987441, 0.0], [75.23460502369136, 33.117472670189734, 0.0], [75.23693886108012, 33.11390454376026, 0.0], [75.243576865987, 33.104492918804254, 0.0], [75.24830945554504, 33.10242928560692, 0.0], [75.25062214075196, 33.10186537607068, 0.0], [75.25137871470842, 33.101680889375295, 0.0], [75.25416132540629, 33.10100231712253, 0.0], [75.25694390190988, 33.100323728932814, 0.0], [75.26824451058206, 33.094339916882795, 0.0], [75.27556376655063, 33.09339940895108, 0.0], [75.28183070792684, 33.09349557262415, 0.0], [75.28739739427151, 33.09413711991745, 0.0], [75.29381332606968, 33.094795213728084, 0.0], [75.29888403863193, 33.09459334607955, 0.0], [75.30886833786879, 33.09236156766957, 0.0], [75.31378897366423, 33.090456572548, 0.0], [75.3210741579004, 33.08789235919082, 0.0], [75.32810096022041, 33.085980621559344, 0.0], [75.33062276649675, 33.08413267281987, 0.0], [75.33301276347458, 33.08082708182889, 0.0], [75.33495417887221, 33.078636556143934, 0.0], [75.33778132087527, 33.078291935069046, 0.0], [75.34064609312156, 33.078154610973684, 0.0], [75.34213353771177, 33.07441604030173, 0.0], [75.34422747083956, 33.072169342546346, 0.0], [75.34785692174513, 33.071282868013625, 0.0], [75.34955973235927, 33.07099949562265, 0.0], [75.35237539264013, 33.07053088613029, 0.0], [75.35796179354662, 33.06839550511571, 0.0], [75.36390900551426, 33.066373093593455, 0.0], [75.36697734681417, 33.06657761161967, 0.0], [75.36927899371399, 33.06876169699276, 0.0], [75.36932580478648, 33.06880611639482, 0.0], [75.36992706939445, 33.06937664827668, 0.0], [75.37010998080841, 33.06762240735581, 0.0], [75.37032327173226, 33.06557672506532, 0.0], [75.36977476653573, 33.058245005896104, 0.0], [75.37265523818988, 33.05353270136754, 0.0], [75.37596091188826, 33.048677264030225, 0.0], [75.38020043510181, 33.04523725274359, 0.0], [75.38484939250047, 33.04412339191976, 0.0], [75.38785761330762, 33.04306808959347, 0.0], [75.39071822279041, 33.04051830017299, 0.0], [75.39268470045764, 33.0373396173021, 0.0], [75.39825603947654, 33.034904128338255, 0.0], [75.40137643472005, 33.0346848622987, 0.0], [75.406266573278, 33.03507558173892, 0.0], [75.40764013025236, 33.03867774701908, 0.0], [75.40941905616003, 33.04322393311051, 0.0], [75.41009270095874, 33.0479484946066, 0.0], [75.4132817720519, 33.050645791310565, 0.0], [75.4149350381334, 33.05463066417918, 0.0], [75.418710239126, 33.05629868562562, 0.0], [75.42826216754843, 33.03716155227378, 0.0], [75.43470405857359, 33.01292418087924, 0.0], [75.43645949901133, 33.00545568606615, 0.0], [75.42956746274115, 33.00264352960064, 0.0], [75.4262276068593, 33.00115357965256, 0.0], [75.4222135313361, 32.99919781397859, 0.0], [75.41968154475427, 32.99692375891416, 0.0], [75.41759871750992, 32.99372733107067, 0.0], [75.41955504059545, 32.99059880340656, 0.0], [75.42238092343872, 32.988479325108365, 0.0], [75.42579344119117, 32.98629122563094, 0.0], [75.42867367508099, 32.9838640168268, 0.0], [75.42956290014793, 32.98311462006269, 0.0], [75.43292047230491, 32.98113363068638, 0.0], [75.43608297684858, 32.97914636817479, 0.0], [75.43975238695296, 32.97727437173206, 0.0], [75.44268717284423, 32.97583505438176, 0.0], [75.44605593883026, 32.974901964059086, 0.0], [75.44961377091443, 32.974065464231515, 0.0], [75.45224620050998, 32.970242664785744, 0.0], [75.45222675137427, 32.96571576575935, 0.0], [75.45263547442998, 32.96237270707509, 0.0], [75.45632228302254, 32.96166747463828, 0.0], [75.45994927914145, 32.96070956890792, 0.0], [75.46305683354392, 32.958961401574534, 0.0], [75.4675912184178, 32.96118227981468, 0.0], [75.47170617395048, 32.960823358998496, 0.0], [75.4753941266225, 32.958055323347395, 0.0], [75.47975889904971, 32.95673015991291, 0.0], [75.48378858213543, 32.9559547319276, 0.0], [75.48793111735465, 32.95525332584079, 0.0], [75.49305543316453, 32.9557318687925, 0.0], [75.49949531484823, 32.95570555170501, 0.0], [75.5029597955322, 32.95733871272291, 0.0], [75.50581951866661, 32.95848752088126, 0.0], [75.50840546002404, 32.95708241387808, 0.0], [75.51164927536823, 32.95671906763038, 0.0], [75.5144544860783, 32.95785883057302, 0.0], [75.51771595085945, 32.95916006064601, 0.0], [75.5221436540065, 32.959751144146146, 0.0], [75.52568295677256, 32.95786255371666, 0.0], [75.52929421044207, 32.9564291813775, 0.0], [75.53136880752896, 32.95287944056864, 0.0], [75.5349187365239, 32.95008908628557, 0.0], [75.538303743826, 32.95226228278474, 0.0], [75.54142689851868, 32.95326236987275, 0.0], [75.54358460987505, 32.95627941888289, 0.0], [75.54519971178684, 32.959156812782595, 0.0], [75.54931845217251, 32.961273797843525, 0.0], [75.55126702509784, 32.96509923158921, 0.0], [75.5557937283595, 32.96669176107325, 0.0], [75.56130077038864, 32.96782214239668, 0.0], [75.56581709049796, 32.96526261363008, 0.0], [75.57014494506178, 32.96227191061865, 0.0], [75.5743079235489, 32.96158495573198, 0.0], [75.57718866151865, 32.96040942934352, 0.0], [75.57888616663284, 32.95726615616221, 0.0], [75.57852334788818, 32.9528591928515, 0.0], [75.580118238978, 32.94944599616134, 0.0], [75.58334449825296, 32.947232288664964, 0.0], [75.58889705676746, 32.94840433056449, 0.0], [75.5951694893595, 32.94940171037434, 0.0], [75.59923535154437, 32.94674920131405, 0.0], [75.60252134297271, 32.9452725912404, 0.0], [75.60614945909191, 32.942960350231566, 0.0], [75.60895225628842, 32.939453155668076, 0.0], [75.61254081539374, 32.9387411940414, 0.0], [75.61491990693195, 32.9404005095875, 0.0], [75.61876143656072, 32.94052248810996, 0.0], [75.62154175894281, 32.93985983120239, 0.0], [75.62453231061271, 32.939100930276574, 0.0], [75.6280618571028, 32.936153877110385, 0.0], [75.63231079469443, 32.9343897361015, 0.0], [75.63528698462702, 32.93153229741552, 0.0], [75.6390517149173, 32.92954702076606, 0.0], [75.64410361745678, 32.92928038374902, 0.0], [75.64854730250755, 32.928562753963845, 0.0], [75.65255409298031, 32.92845478901847, 0.0], [75.65562374000783, 32.92768311681283, 0.0], [75.6590263244505, 32.92401580977949, 0.0], [75.6623161125242, 32.92158069381113, 0.0], [75.66472788191396, 32.91890858629529, 0.0], [75.6666370399218, 32.91508557733781, 0.0], [75.66783818795088, 32.91207573774238, 0.0], [75.66851283211928, 32.90896916387724, 0.0], [75.66887211836574, 32.905973193964854, 0.0], [75.66996531285072, 32.90122423666204, 0.0], [75.67158467537776, 32.89634886713427, 0.0], [75.67250676146251, 32.89177616306502, 0.0], [75.67337830238434, 32.88781136005508, 0.0], [75.67533564077343, 32.88370002635086, 0.0], [75.67601875618442, 32.88189315847998, 0.0], [75.6760358035625, 32.881848065175184, 0.0], [75.67670184975496, 32.88008627806267, 0.0], [75.67544282879871, 32.87724039097032, 0.0], [75.67504502211123, 32.87290003970579, 0.0], [75.67650103213553, 32.868679854071786, 0.0], [75.68065843106388, 32.86751188770854, 0.0], [75.68198560722041, 32.8652055344303, 0.0], [75.68254346846122, 32.86423605322287, 0.0], [75.68289362043335, 32.86362753088223, 0.0], [75.68358172579478, 32.86071370532807, 0.0], [75.68401253481348, 32.85888933398619, 0.0], [75.68516728239895, 32.854366767019066, 0.0], [75.68626447647644, 32.84979773921394, 0.0], [75.68989365605162, 32.847692906555636, 0.0], [75.69255891753329, 32.84599563173927, 0.0], [75.69435625122101, 32.84274466019718, 0.0], [75.69490354539943, 32.839171363806265, 0.0], [75.6936273119226, 32.83595413535314, 0.0], [75.69086717361758, 32.833517857957254, 0.0], [75.68939653149282, 32.83068148382323, 0.0], [75.68763994265477, 32.828254029665345, 0.0], [75.68568521578842, 32.82490903979246, 0.0], [75.68363143075473, 32.822210145052175, 0.0], [75.68542617416682, 32.82001909687752, 0.0], [75.68801890713155, 32.818200179994285, 0.0], [75.69022264281058, 32.81562946943614, 0.0], [75.6901479409944, 32.81539457700216, 0.0], [75.6891880376816, 32.81237614795401, 0.0], [75.68818461909935, 32.80793097407237, 0.0], [75.69053942367535, 32.804453272698886, 0.0], [75.69018610736245, 32.800714421423876, 0.0], [75.69016265704508, 32.79601186722517, 0.0], [75.68723021698895, 32.794416019278465, 0.0], [75.68549847491526, 32.79170090696087, 0.0], [75.68288462826936, 32.78998258595799, 0.0], [75.67697487190773, 32.788710017863956, 0.0], [75.67273209201072, 32.78786758964685, 0.0], [75.67022385073122, 32.78505169631637, 0.0], [75.66953903336058, 32.780686128977955, 0.0], [75.66643829253755, 32.77860505115777, 0.0], [75.66236478642814, 32.777571203967504, 0.0], [75.65949822691405, 32.77652140221955, 0.0], [75.65703693993267, 32.774322852546675, 0.0], [75.65372495793088, 32.77363718315502, 0.0], [75.64926616230281, 32.774448509439154, 0.0], [75.64643188705803, 32.77253463171637, 0.0], [75.64262780470524, 32.772311355961065, 0.0], [75.63849146772841, 32.77200376799838, 0.0], [75.63308403396215, 32.77154298431727, 0.0], [75.62870919895668, 32.77177196365113, 0.0], [75.62580758572267, 32.77285694974698, 0.0], [75.62257011320557, 32.77329938137028, 0.0], [75.61880531012095, 32.774160051355935, 0.0], [75.61517354447734, 32.77418423571493, 0.0], [75.61196529336122, 32.77150825632318, 0.0], [75.60849039336, 32.77046587315971, 0.0], [75.60370312171045, 32.769386401819865, 0.0], [75.6008040149017, 32.7682310269798, 0.0], [75.59887154049594, 32.76746084000685, 0.0], [75.59661811150288, 32.76490286369646, 0.0], [75.59293960084844, 32.76383208426535, 0.0], [75.59037527153335, 32.76188083639334, 0.0], [75.58651122461977, 32.76060354735352, 0.0], [75.58772404087354, 32.75722987012287, 0.0], [75.58683436956603, 32.75434708063356, 0.0], [75.58672739446442, 32.75112876941928, 0.0], [75.58388201549946, 32.748801707094785, 0.0], [75.58336798958403, 32.74491896034149, 0.0], [75.58063752816646, 32.74612609059784, 0.0], [75.57914864722652, 32.749313350963874, 0.0], [75.57874095623326, 32.750186060108796, 0.0], [75.57677600308442, 32.75307552011307, 0.0], [75.57456986519881, 32.75630898670521, 0.0], [75.56989647160708, 32.75807362657256, 0.0], [75.56578447906817, 32.75908606825913, 0.0], [75.56256414099072, 32.75896889268469, 0.0], [75.5587641361026, 32.759204744277966, 0.0], [75.55690416232956, 32.76268158643459, 0.0], [75.55564977346856, 32.76558715060987, 0.0], [75.5528866335188, 32.767652371971806, 0.0], [75.55242887054463, 32.77208818674806, 0.0], [75.54922153688024, 32.77331210429168, 0.0], [75.54589937206282, 32.7731285559916, 0.0], [75.54305917388618, 32.77260170083072, 0.0], [75.53962342852935, 32.77195278572839, 0.0], [75.53551892216669, 32.7715584990072, 0.0], [75.53129499693577, 32.771397349128186, 0.0], [75.52583547944171, 32.7707189471114, 0.0], [75.52123753674287, 32.76832691971652, 0.0], [75.51748366860365, 32.76989647798515, 0.0], [75.51343581782999, 32.76889389856761, 0.0], [75.50901707832463, 32.76755302560785, 0.0], [75.50465903509382, 32.76625478733372, 0.0], [75.49889958165267, 32.7669880137645, 0.0], [75.4943819134692, 32.76610609270869, 0.0], [75.49330024204181, 32.76213733438652, 0.0], [75.4919175923643, 32.75862782293008, 0.0], [75.49094343868231, 32.75487109508455, 0.0], [75.49111486675068, 32.75104773338923, 0.0], [75.49045970671635, 32.74805557958364, 0.0], [75.4896448115272, 32.74350424169585, 0.0], [75.48900492896396, 32.73937587869888, 0.0], [75.4856340303187, 32.73591249636445, 0.0], [75.48373517571508, 32.734313672722344, 0.0], [75.48335498746862, 32.73399354825171, 0.0], [75.48290162988611, 32.730547263905976, 0.0], [75.48248393347171, 32.72707689777567, 0.0], [75.48337676478951, 32.72253816321125, 0.0], [75.48414861443449, 32.71793401831206, 0.0], [75.4835992864201, 32.71404844244313, 0.0], [75.48062825345691, 32.71224981185177, 0.0], [75.4766691059201, 32.71003457969953, 0.0], [75.47706127033139, 32.70618811638527, 0.0], [75.47882462805855, 32.703838618638315, 0.0], [75.48050354725343, 32.70082020929577, 0.0], [75.48102690757621, 32.697108160678596, 0.0], [75.4794427948521, 32.69429370223192, 0.0], [75.47526339566097, 32.69076768996526, 0.0], [75.47693345725042, 32.68626808783948, 0.0], [75.4769368054754, 32.68320714260452, 0.0], [75.47534041448942, 32.680694189994405, 0.0], [75.47319224560789, 32.67771334586342, 0.0], [75.46931493587361, 32.67534166776725, 0.0], [75.46642810733384, 32.67319720345077, 0.0], [75.46537887744354, 32.66984284227766, 0.0], [75.46256580544127, 32.66715368655764, 0.0], [75.4598728449765, 32.66610041314004, 0.0], [75.45618302047157, 32.666251366241305, 0.0], [75.45122883747422, 32.66835665520632, 0.0], [75.44886600620544, 32.66999392774708, 0.0], [75.44651539150729, 32.67205148730268, 0.0], [75.44430509482486, 32.674263942081915, 0.0], [75.44130172502975, 32.6735181210566, 0.0], [75.43912331719149, 32.671474553717836, 0.0], [75.43621116001563, 32.67261711922818, 0.0], [75.43300347683817, 32.671998611929574, 0.0], [75.43084553549848, 32.66942897336157, 0.0], [75.42951348369924, 32.66503378663322, 0.0], [75.42949859256694, 32.66498465125778, 0.0], [75.42944416744437, 32.66503188398932, 0.0], [75.42549691466105, 32.66845731068221, 0.0], [75.42358863724765, 32.670679716032524, 0.0], [75.42139812947558, 32.67300913696204, 0.0], [75.41967274113712, 32.676272888769894, 0.0], [75.41886308625129, 32.680362472823504, 0.0], [75.4131090512039, 32.68132686682244, 0.0], [75.40995119353673, 32.67844696094294, 0.0], [75.40649949411278, 32.675436124017786, 0.0], [75.40136488522246, 32.6741276088484, 0.0], [75.39753483082968, 32.6733124068885, 0.0], [75.39384088092123, 32.67064748288469, 0.0], [75.39067615267727, 32.67211844917052, 0.0], [75.38763888826865, 32.674778876433116, 0.0], [75.38682317051077, 32.678014482696064, 0.0], [75.38550781749724, 32.680595416060605, 0.0], [75.38386872306532, 32.68320851884621, 0.0], [75.3820698279572, 32.687200031341895, 0.0], [75.38136966851674, 32.69150516431821, 0.0], [75.37917280460242, 32.69662330009087, 0.0], [75.37504930591543, 32.6986765201144, 0.0], [75.37314595883996, 32.695519731622625, 0.0], [75.37193974672236, 32.69259272938985, 0.0], [75.37358033613366, 32.68881311721194, 0.0], [75.37671621603027, 32.68427543573451, 0.0], [75.37776335716067, 32.682173578978905, 0.0], [75.37881046134883, 32.68007170278122, 0.0], [75.37848680563113, 32.67935760712123, 0.0], [75.3782796262771, 32.678900493058116, 0.0], [75.37822564107384, 32.67878137984423, 0.0], [75.37816000216205, 32.67863655518236, 0.0], [75.37798375820803, 32.678247689495365, 0.0], [75.37790301748082, 32.67806954225006, 0.0], [75.37740893256583, 32.67747802102863, 0.0], [75.37731198854938, 32.67677027292353, 0.0], [75.37722038051285, 32.67606250770731, 0.0], [75.37712866591092, 32.67535474436065, 0.0], [75.3770317272583, 32.674646996322636, 0.0], [75.37705232899029, 32.67439591350396, 0.0], [75.37709463394981, 32.673880401692564, 0.0], [75.37714674196584, 32.67329507725662, 0.0], [75.37716287304536, 32.673113883359896, 0.0], [75.37652275489903, 32.67286656163981, 0.0], [75.37587743285484, 32.67262376334412, 0.0], [75.37523742762481, 32.67237643386449, 0.0], [75.37459209355032, 32.67212911916813, 0.0], [75.37427819026298, 32.67258479162044, 0.0], [75.3739589692386, 32.67304499131093, 0.0], [75.37394417748071, 32.673064653402314, 0.0], [75.37356524091473, 32.673568375940825, 0.0], [75.37336569940986, 32.67382782118115, 0.0], [75.37316615811027, 32.67408726601656, 0.0], [75.37299102240551, 32.67431697769453, 0.0], [75.37283326508596, 32.6746036476583, 0.0], [75.37226095015463, 32.67564361860269, 0.0], [75.37199603426389, 32.67611733474913, 0.0], [75.3719911801492, 32.67642839004781, 0.0], [75.37198632489977, 32.67673944594342, 0.0], [75.37198190176625, 32.677370733072244, 0.0], [75.37197202026069, 32.67799743412983, 0.0], [75.37196757785281, 32.6786241196934, 0.0], [75.37160512662078, 32.678647024406686, 0.0], [75.37123190348505, 32.678669869009994, 0.0], [75.37086943480912, 32.67868826112996, 0.0], [75.37084904160004, 32.67868928203824, 0.0], [75.37050163218312, 32.678706666964175, 0.0], [75.37011799354462, 32.67884229880824, 0.0], [75.37009675463605, 32.678849557176264, 0.0], [75.36973433476405, 32.67897341866947, 0.0], [75.36935069439329, 32.679109048641344, 0.0], [75.36896703390963, 32.67924016663375, 0.0], [75.36850311753713, 32.67920454464882, 0.0], [75.36803397398937, 32.679168936933976, 0.0], [75.36757012728029, 32.679124291426156, 0.0], [75.36710631721495, 32.67908866392556, 0.0], [75.36677555555853, 32.67895819840176, 0.0], [75.36645021660135, 32.678823296125145, 0.0], [75.36612479134743, 32.67869281395581, 0.0], [75.36579412136994, 32.678557834666414, 0.0], [75.36547390149376, 32.678265051637084, 0.0], [75.3653671745966, 32.67817046507867, 0.0], [75.36561200830265, 32.677841125197105, 0.0], [75.36585673417947, 32.67751178531481, 0.0], [75.36610156410501, 32.67718244405271, 0.0], [75.36635172535883, 32.676853087714456, 0.0], [75.36672424380063, 32.67642441461132, 0.0], [75.3670915151935, 32.675991245559686, 0.0], [75.36746411546567, 32.675558060686186, 0.0], [75.36784206275192, 32.675129369204896, 0.0], [75.36818811090663, 32.67477735637459, 0.0], [75.36853415705214, 32.67442534155657, 0.0], [75.36853540719525, 32.674424050435995, 0.0], [75.36887486741634, 32.67407334283659, 0.0], [75.36922090810555, 32.67372141677187, 0.0], [75.36972141465209, 32.67335117359945, 0.0], [75.37021135913014, 32.67298105055266, 0.0], [75.37052794601676, 32.672881666216746, 0.0], [75.37060036063883, 32.67285893387517, 0.0], [75.37068334965099, 32.67283191849056, 0.0], [75.3709688964251, 32.67273896190296, 0.0], [75.3709893278508, 32.67273410896027, 0.0], [75.37176723460114, 32.67248806677141, 0.0], [75.3724117642257, 32.67213127780556, 0.0], [75.37305626948834, 32.67176997571433, 0.0], [75.37342378265473, 32.67153515482322, 0.0], [75.37378596079583, 32.671300349387145, 0.0], [75.37411214760667, 32.67109193426004, 0.0], [75.3741534711466, 32.67106552474867, 0.0], [75.37451564649321, 32.670830715588714, 0.0], [75.37469648499216, 32.670564515314645, 0.0], [75.37488798763407, 32.67029828074772, 0.0], [75.37506882452858, 32.67003207874903, 0.0], [75.37524976708393, 32.669765875667366, 0.0], [75.37531298308298, 32.66927441598514, 0.0], [75.37537632373959, 32.66878737511345, 0.0], [75.37517320361005, 32.668390887685185, 0.0], [75.37497543688629, 32.667998805132385, 0.0], [75.3746716305167, 32.66800810173741, 0.0], [75.37437307023491, 32.66802198323579, 0.0], [75.37412291913462, 32.66823859581572, 0.0], [75.37387799272732, 32.668455283036344, 0.0], [75.37363308487915, 32.668676480032524, 0.0], [75.37338815695199, 32.66889307623373, 0.0], [75.37315298176392, 32.66897530771835, 0.0], [75.37277897380696, 32.66891495978446, 0.0], [75.3718741974706, 32.66876896724855, 0.0], [75.37145876734571, 32.6687019330906, 0.0], [75.36922418758958, 32.66662478070525, 0.0], [75.36732292493055, 32.66364189606507, 0.0], [75.36348762498142, 32.66135535134187, 0.0], [75.35881532525471, 32.66186786941615, 0.0], [75.3577696390658, 32.66573248709458, 0.0], [75.35789596536013, 32.669408142641714, 0.0], [75.35529079734211, 32.66736776899905, 0.0], [75.35239784737759, 32.66436016992017, 0.0], [75.34862601807049, 32.66199738160371, 0.0], [75.34646370002469, 32.65957644856571, 0.0], [75.34581119970473, 32.662800430824355, 0.0], [75.34496098853255, 32.66659154877137, 0.0], [75.34118431761783, 32.666438776726075, 0.0], [75.33708412742439, 32.66632125162017, 0.0], [75.33306705154683, 32.665916929671006, 0.0], [75.33079497786285, 32.66384376594955, 0.0], [75.32795920692402, 32.663295307302434, 0.0], [75.32460002652144, 32.66147150238764, 0.0], [75.32125305651144, 32.659451580648955, 0.0], [75.31734904194819, 32.65797323458445, 0.0], [75.31311091594007, 32.65584063405341, 0.0], [75.30960625476483, 32.65272423734831, 0.0], [75.30623763507022, 32.65261510391542, 0.0], [75.3025996734296, 32.65402086870704, 0.0], [75.29891127047028, 32.652875976283156, 0.0], [75.2964991107635, 32.65014887742189, 0.0], [75.29332980894334, 32.64813026139013, 0.0], [75.2904688840697, 32.64784717777988, 0.0], [75.28734176726725, 32.64458698894458, 0.0], [75.28444915730682, 32.64327521842546, 0.0], [75.28395695202298, 32.643051999364154, 0.0], [75.28035830111006, 32.645669930637794, 0.0], [75.2800959804909, 32.645860753569046, 0.0], [75.27782814275999, 32.64839152268286, 0.0], [75.27412652557236, 32.6493239457518, 0.0], [75.27127711861078, 32.650604616994, 0.0], [75.26783202661373, 32.65051478242189, 0.0], [75.26441497350477, 32.65046766354761, 0.0], [75.26133135299548, 32.65017763059895, 0.0], [75.25750302881355, 32.65146948300245, 0.0], [75.25399972569447, 32.654058707818386, 0.0], [75.25038763895638, 32.6554292709768, 0.0], [75.24629253293696, 32.653599503621436, 0.0], [75.24608450847032, 32.64860210403645, 0.0], [75.2424233272138, 32.64599438959526, 0.0], [75.2383503592399, 32.64425509615598, 0.0], [75.23565898977155, 32.643168916135366, 0.0], [75.23176053282545, 32.643899695999615, 0.0], [75.22896595291368, 32.643241314128815, 0.0], [75.22425100536063, 32.64068715684287, 0.0], [75.21498544448048, 32.642579744790496, 0.0], [75.211923094889, 32.643298110859725, 0.0], [75.20854457485221, 32.64510207938834, 0.0], [75.20833011464303, 32.64980786172201, 0.0], [75.20713443067663, 32.65302746958731, 0.0], [75.20325689320272, 32.65251377099466, 0.0], [75.19981553144642, 32.65344831741223, 0.0], [75.20278794052655, 32.65660973612485, 0.0], [75.20292963823205, 32.65906929502581, 0.0], [75.207194706526, 32.659725719864, 0.0], [75.20498221949092, 32.662544755968284, 0.0], [75.204867816185, 32.66660888595547, 0.0], [75.2038814495514, 32.67043179270955, 0.0], [75.20240070859045, 32.673237908160694, 0.0], [75.2023864870389, 32.67756952592338, 0.0], [75.2051771700195, 32.68041212093802, 0.0], [75.20686313650582, 32.68326815364846, 0.0], [75.20262763729662, 32.68578379032016, 0.0], [75.19867216906077, 32.6892634542126, 0.0], [75.19370718100139, 32.68899797195506, 0.0], [75.19079251138925, 32.690512329660386, 0.0], [75.18798725488872, 32.69153970221038, 0.0], [75.18490368275313, 32.69619365328571, 0.0], [75.1820199195502, 32.69937681640156, 0.0], [75.17936934083671, 32.70059146200585, 0.0], [75.17711527004342, 32.70336238593797, 0.0], [75.17423554861709, 32.706548885877574, 0.0], [75.17146188150353, 32.70780473209842, 0.0], [75.16828320006427, 32.709722258116145, 0.0], [75.16462168225111, 32.710764015983365, 0.0], [75.16050313504233, 32.71040677607267, 0.0], [75.15724779651475, 32.71302321190612, 0.0], [75.15716597808391, 32.71616634799024, 0.0], [75.15403333930483, 32.718088306854916, 0.0], [75.15106362847523, 32.72094029385223, 0.0], [75.1502188084677, 32.724257004022654, 0.0], [75.1462034961362, 32.72596001899434, 0.0], [75.14287334004457, 32.72350481873153, 0.0], [75.13838043012449, 32.725356799895046, 0.0], [75.13550038132435, 32.724357830215624, 0.0], [75.13357918044865, 32.7212370326038, 0.0], [75.13089253289603, 32.71913348971194, 0.0], [75.13016818238563, 32.71873289355398, 0.0], [75.12657808357754, 32.71674732756911, 0.0], [75.12185764031969, 32.715576316569674, 0.0], [75.12372694910958, 32.71092993320742, 0.0], [75.12259415364758, 32.707479722696576, 0.0], [75.11932521179007, 32.70985577214526, 0.0], [75.1150188766975, 32.710198374082886, 0.0], [75.11066636925591, 32.71085057115666, 0.0], [75.10714109709129, 32.71392545573744, 0.0], [75.10413057141463, 32.71587797586497, 0.0], [75.10082161120505, 32.716915404609544, 0.0], [75.09813136331618, 32.71795879461794, 0.0], [75.09459354417713, 32.71681096076284, 0.0], [75.09161499122858, 32.720722800439916, 0.0], [75.09107702245082, 32.72142929571885, 0.0], [75.09103669835672, 32.72148225156595, 0.0], [75.09090061793962, 32.72166095906525, 0.0], [75.09092140478117, 32.72167967165318, 0.0], [75.09162328646093, 32.72231150552125, 0.0], [75.09310391265745, 32.7236443298098, 0.0], [75.09468718131313, 32.726377718372625, 0.0], [75.09640052054866, 32.728834751072974, 0.0], [75.09812177855471, 32.73118110506931, 0.0], [75.10234663890867, 32.732710567978245, 0.0], [75.1048834595629, 32.73469804501468, 0.0], [75.1073382233266, 32.7370847720934, 0.0], [75.10944711141032, 32.7393684918766, 0.0], [75.1127520831558, 32.74187755668113, 0.0], [75.11676434428338, 32.74265243121671, 0.0], [75.11586437995051, 32.744049500001104, 0.0], [75.11406604719714, 32.74684103309711, 0.0], [75.11143676210439, 32.74988341796599, 0.0], [75.10915133904874, 32.75185408131934, 0.0], [75.10758003843945, 32.75475307540819, 0.0], [75.11065794099393, 32.75800792876653, 0.0], [75.11369457210463, 32.757546179384605, 0.0], [75.11767779124762, 32.754653029138616, 0.0], [75.11864013796573, 32.7503831073081, 0.0], [75.12289139462578, 32.748451290604, 0.0], [75.1239998024726, 32.74831560986423, 0.0], [75.12625096452307, 32.74804002077458, 0.0], [75.13006891827874, 32.74799626355451, 0.0], [75.13221631973448, 32.749164513422045, 0.0], [75.13285534209128, 32.74951215008644, 0.0], [75.13618146271303, 32.75006950764152, 0.0], [75.13963103754804, 32.75148462410338, 0.0], [75.14136266859313, 32.755130876178434, 0.0], [75.14513799420298, 32.75750586206203, 0.0], [75.14940354537718, 32.75825398877596, 0.0], [75.15103232970752, 32.75868322467267, 0.0], [75.15266112581966, 32.75911244321004, 0.0], [75.15587340089716, 32.76085908918124, 0.0], [75.16146945647388, 32.76277600577368, 0.0], [75.1648759077353, 32.76431962813357, 0.0], [75.1670217927184, 32.767839892880744, 0.0], [75.16545762604098, 32.772141451028354, 0.0], [75.16169676086504, 32.77468213837062, 0.0], [75.1603427403834, 32.777485398897106, 0.0], [75.15863538378748, 32.78092324981334, 0.0], [75.15759340265812, 32.78444837500454, 0.0], [75.15684503941458, 32.78831781683314, 0.0], [75.15277559050504, 32.78735144943648, 0.0], [75.14712113087893, 32.7901329236195, 0.0], [75.1432820162293, 32.791218596579576, 0.0], [75.14030774170172, 32.79218988131322, 0.0], [75.1350814680201, 32.79266086231252, 0.0], [75.13089434744688, 32.79432732641555, 0.0], [75.13078793439904, 32.79551764024935, 0.0], [75.13070694892629, 32.79642351277782, 0.0], [75.12824636386645, 32.79854782619128, 0.0], [75.12891741335008, 32.8031920130444, 0.0], [75.13057770972037, 32.80760509125529, 0.0], [75.13152939254411, 32.81204821373476, 0.0], [75.12939577859325, 32.815164375641515, 0.0], [75.12598633146904, 32.817142729966875, 0.0], [75.12282242288266, 32.818643656731965, 0.0], [75.11958057365547, 32.820080141112626, 0.0], [75.1162267452277, 32.82231061320223, 0.0], [75.114014863244, 32.826744306759515, 0.0], [75.10924824144337, 32.82989791022695, 0.0], [75.10518985915337, 32.83206758299346, 0.0], [75.10209618975512, 32.833182832275135, 0.0], [75.09912651035954, 32.83427409875497, 0.0], [75.09561125516862, 32.83686184535315, 0.0], [75.09241227352469, 32.83893887198146, 0.0], [75.08881651326325, 32.84084869900881, 0.0], [75.0860383776694, 32.84232415528299, 0.0], [75.08312020497334, 32.843820036030095, 0.0], [75.08012485664372, 32.84555701187024, 0.0], [75.07631620964969, 32.84798931863421, 0.0], [75.07379310493842, 32.850699055188706, 0.0], [75.0703135603634, 32.85230403434964, 0.0], [75.06765677940557, 32.85419906434409, 0.0], [75.06539462387607, 32.85636807692591, 0.0], [75.06201162209157, 32.85891339544489, 0.0], [75.05850635768934, 32.86244598480806, 0.0], [75.05482693485936, 32.865708151988976, 0.0], [75.05036341172513, 32.86651210880533, 0.0], [75.04547028348246, 32.86929194623543, 0.0], [75.04190955750464, 32.87127476678978, 0.0], [75.03796205200362, 32.87235236002373, 0.0], [75.03409844617836, 32.874211928423094, 0.0], [75.03199100719094, 32.87654234667148, 0.0], [75.02921252450975, 32.88015651067196, 0.0], [75.02619102642727, 32.88389018899265, 0.0], [75.02267692703427, 32.88666180379193, 0.0], [75.01903131146004, 32.88893565342052, 0.0], [75.0151839796483, 32.890928044031405, 0.0], [75.01202835551821, 32.89298917876484, 0.0], [75.01092674046244, 32.8959549390046, 0.0], [75.00836898254447, 32.89848254859871, 0.0], [75.00441616229766, 32.9026609222454, 0.0], [75.00054863627444, 32.90614777036146, 0.0], [74.99620461604476, 32.90947563127001, 0.0], [74.99233652052067, 32.911710674292074, 0.0], [74.98927176576217, 32.915313720846115, 0.0], [74.98506985141888, 32.91860037738131, 0.0], [74.98250177593026, 32.92150116562825, 0.0], [74.97952057040548, 32.924115742621396, 0.0], [74.97863460498328, 32.92702960788965, 0.0], [74.97773201443655, 32.929839801222165, 0.0], [74.9746849999035, 32.93391519617643, 0.0], [74.97308388052215, 32.937254246338206, 0.0], [74.97139380453532, 32.94027635465389, 0.0], [74.97084846105021, 32.94308614215426, 0.0], [74.97251710275701, 32.94542147621759, 0.0], [74.97450873463961, 32.94779304398221, 0.0], [74.97722922900118, 32.94875353932879, 0.0], [74.97810042022108, 32.95176737157455, 0.0], [74.97819289326611, 32.95506584935351, 0.0], [74.97998868992549, 32.958691404607556, 0.0], [74.98207672947743, 32.96052658237805, 0.0], [74.98392235397534, 32.9621610185262, 0.0], [74.9846252052113, 32.962783425164, 0.0], [74.98471175470213, 32.96286006875509, 0.0], [74.98469470928123, 32.963290139149336, 0.0], [74.98454503387732, 32.96706652902017, 0.0], [74.9845990664354, 32.96750853789856, 0.0], [74.98495146672697, 32.970391250504775, 0.0], [74.98500208524463, 32.97080530767718, 0.0], [74.98523783986965, 32.97273372573056, 0.0], [74.98533056875226, 32.972930358436926, 0.0], [74.98665388336444, 32.97573635739739, 0.0], [74.9868822984091, 32.976126088340195, 0.0], [74.98717236411947, 32.97662100549504, 0.0], [74.98944729643327, 32.980502366419124, 0.0], [74.99149043054946, 32.98523842165794, 0.0], [74.99395410341698, 32.98993779463944, 0.0], [74.99519516529305, 32.994874962999475, 0.0], [74.99480154175747, 32.99828604781292, 0.0], [74.99314196792966, 33.00234072001945, 0.0], [74.99613566204077, 33.00697914677379, 0.0], [74.9978955893855, 33.01136597365824, 0.0], [74.99812509067617, 33.01452325886913, 0.0], [74.99678008924103, 33.01789181745341, 0.0], [74.9931310196851, 33.01954798772258, 0.0], [74.99052993362368, 33.021454176355235, 0.0], [74.98792348818445, 33.023360311636594, 0.0], [74.98568910717877, 33.026069603601464, 0.0], [74.98219217162726, 33.026801517934906, 0.0], [74.97722888332737, 33.02629041225507, 0.0], [74.97519983476998, 33.02977856073997, 0.0], [74.97193315416698, 33.03000266255599, 0.0], [74.96767908334694, 33.02960619702397, 0.0], [74.96452447682343, 33.031688954544045, 0.0], [74.96298822725767, 33.03848101994606, 0.0], [74.96510907457413, 33.04172249391042, 0.0], [74.9676148634625, 33.043184370761786, 0.0], [74.97170709247379, 33.04577230242199, 0.0], [74.97810360348241, 33.0485274397393, 0.0], [74.98409735118807, 33.050046154454485, 0.0], [74.98898607878664, 33.0519330266266, 0.0], [74.99115660337905, 33.05754141260615, 0.0], [74.99571545287951, 33.060750579776666, 0.0], [74.99677605096775, 33.061329192089836, 0.0], [74.99724164702135, 33.06158319435327, 0.0], [74.99876786258457, 33.06241579290197, 0.0], [74.98731629452853, 33.069762037429214, 0.0], [74.98361295204363, 33.0722982444231, 0.0], [74.9810646005823, 33.073897717677816, 0.0], [74.96962944393916, 33.0730701032485, 0.0], [74.97088338892114, 33.077892367106436, 0.0], [74.9720662244141, 33.07940461378418, 0.0], [74.97492109192852, 33.08305432173746, 0.0], [74.97648890186363, 33.084568824338604, 0.0], [74.98054370059258, 33.08848547360998, 0.0], [74.98371567956848, 33.091571484988606, 0.0], [74.9879917602539, 33.09626466101814, 0.0], [74.99741013233579, 33.10114688472946, 0.0], [75.00034188068375, 33.102551217776764, 0.0], [75.01481953973239, 33.1067592168496, 0.0], [75.02196254289225, 33.109982350753064, 0.0], [75.03293729699743, 33.11793258692665, 0.0], [75.03779065653013, 33.123182234046716, 0.0], [75.04031610499061, 33.125541049628204, 0.0], [75.04536730189977, 33.12836175768283, 0.0], [75.04825167331286, 33.12997228479034, 0.0], [75.05191100693014, 33.13011333329427, 0.0], [75.05564813237567, 33.12898085943905, 0.0], [75.05938516048829, 33.127848272967164, 0.0], [75.06479031071302, 33.12839292490165, 0.0], [75.06891913802406, 33.12946744941756, 0.0], [75.0735250116218, 33.133224879906464, 0.0], [75.0746927037481, 33.13612912187449, 0.0], [75.07575868177464, 33.140747595214364, 0.0], [75.07295971808847, 33.140248322235635, 0.0], [75.06954048873723, 33.13915256858841, 0.0], [75.07053228647088, 33.1438110750039, 0.0], [75.06845741411244, 33.14591333320041, 0.0], [75.06582621906914, 33.148572530866424, 0.0], [75.063652837492, 33.14800853489373, 0.0], [75.0612457301543, 33.148745567762596, 0.0], [75.06145404943412, 33.152024686238356, 0.0], [75.06075238637608, 33.155171123623035, 0.0], [75.06440311651562, 33.15593444843643, 0.0], [75.06759677371436, 33.159122196924926, 0.0], [75.0695096250329, 33.161602568667, 0.0], [75.07224446085293, 33.162613584933595, 0.0], [75.07281609180357, 33.16284984679744, 0.0], [75.07751713986812, 33.164792726809935, 0.0], [75.07644722043908, 33.16841595360498, 0.0], [75.07602735698973, 33.17167677660866, 0.0], [75.0798902106663, 33.17426814870045, 0.0], [75.08617879131445, 33.17766801678266, 0.0], [75.08888161400344, 33.18219886039456, 0.0], [75.09106112049777, 33.18421914410804, 0.0], [75.09204916619605, 33.18513884294945, 0.0], [75.09238987956773, 33.18545598194256, 0.0], [75.09467811791139, 33.187585827053546, 0.0], [75.09803339390774, 33.186764192677636, 0.0], [75.1035351979154, 33.18302884319056, 0.0], [75.10781644620063, 33.18126655802424, 0.0], [75.11161922700224, 33.180184312079916, 0.0], [75.11597856740612, 33.17971119112755, 0.0], [75.12058393508276, 33.17885954007998, 0.0], [75.12797473757985, 33.173556200256435, 0.0], [75.13258433157465, 33.17002613407961, 0.0], [75.13669840905686, 33.165946391188314, 0.0], [75.14604572337863, 33.15562669311056, 0.0]]]}}, {"type": "Feature", "properties": {"district_id": "budgam", "display_name": "Budgam", "source_name": "BADGAM", "state_ut": "Jammu and Kashmir", "objectid": 11, "dist_lgd": "002"}, "geometry": {"type": "Polygon", "coordinates": [[[74.68605178721394, 34.1190312264428, 0.0], [74.68649510249917, 34.114283314959394, 0.0], [74.68565405621197, 34.11144591387375, 0.0], [74.68246408794127, 34.11058713281041, 0.0], [74.67714760364478, 34.109155647808464, 0.0], [74.67562466833888, 34.10659990774014, 0.0], [74.67971995192127, 34.104413333077325, 0.0], [74.68280171077546, 34.105679467722126, 0.0], [74.68261960030092, 34.10314499406479, 0.0], [74.68292816953158, 34.10031053102688, 0.0], [74.68620552368263, 34.100460713068344, 0.0], [74.68545054345915, 34.09741088046028, 0.0], [74.68706466776563, 34.09505820184612, 0.0], [74.69209390447476, 34.09668345384573, 0.0], [74.69710985451198, 34.09868060165059, 0.0], [74.7010627949737, 34.100391442998266, 0.0], [74.7031367152434, 34.103834221604856, 0.0], [74.70756026296884, 34.104978935335566, 0.0], [74.70703999005254, 34.10770662356609, 0.0], [74.71103020834099, 34.10517738808154, 0.0], [74.70869644914814, 34.101401659249355, 0.0], [74.70861701137055, 34.09848528688478, 0.0], [74.71083263447248, 34.095304783722455, 0.0], [74.71450805251584, 34.094215702719744, 0.0], [74.71853577253943, 34.094683925215705, 0.0], [74.72443901705218, 34.09421674270744, 0.0], [74.72722871240491, 34.09399589316089, 0.0], [74.73469824497997, 34.092394735965286, 0.0], [74.73912743107246, 34.09165995572565, 0.0], [74.74355646825472, 34.09092502865719, 0.0], [74.74999995634704, 34.0865879627156, 0.0], [74.75310988088782, 34.08449438362093, 0.0], [74.76029131410391, 34.078606703876, 0.0], [74.76582208019634, 34.07409963685837, 0.0], [74.77155748942978, 34.071867838307696, 0.0], [74.76562608323955, 34.069556903080084, 0.0], [74.76235047042496, 34.06778470857484, 0.0], [74.76113847003978, 34.064866951943465, 0.0], [74.7597452554025, 34.06098840614282, 0.0], [74.76358705642065, 34.05827452515427, 0.0], [74.7666248395115, 34.0554815361029, 0.0], [74.76753357131462, 34.0522846306663, 0.0], [74.76838096077165, 34.049268340663666, 0.0], [74.77144544174675, 34.04752482663867, 0.0], [74.77321037216326, 34.04311331771378, 0.0], [74.7760198194025, 34.03975187740436, 0.0], [74.77967915357674, 34.039758489035385, 0.0], [74.78215122952619, 34.03486498100153, 0.0], [74.780047958757, 34.03263254830752, 0.0], [74.77759760507014, 34.029179605149444, 0.0], [74.78276316602953, 34.02639002979135, 0.0], [74.78617500583414, 34.025509559257294, 0.0], [74.79002760851999, 34.02360383490136, 0.0], [74.79549325976201, 34.02041439996339, 0.0], [74.79826952155334, 34.02145018590929, 0.0], [74.80113415424579, 34.02467340003351, 0.0], [74.80425793058426, 34.028466273220126, 0.0], [74.80432041973641, 34.03232325013467, 0.0], [74.80417528276755, 34.03554723612355, 0.0], [74.80624666583735, 34.038545388293464, 0.0], [74.81030389944964, 34.03947243958884, 0.0], [74.81326467664974, 34.039783881095495, 0.0], [74.81668149159185, 34.040922216113046, 0.0], [74.82108780806256, 34.041643697748725, 0.0], [74.82530881333005, 34.041885853283794, 0.0], [74.82903664439532, 34.042153617165106, 0.0], [74.82823546033156, 34.0383197906775, 0.0], [74.83026158548512, 34.03539749397503, 0.0], [74.8337079204817, 34.035252539707514, 0.0], [74.83703231491586, 34.0395525158742, 0.0], [74.83705115305152, 34.04297026762126, 0.0], [74.8391714660638, 34.045503661037436, 0.0], [74.84772061088279, 34.05177793787512, 0.0], [74.85215513831783, 34.049974777078226, 0.0], [74.85613913650468, 34.04799400262842, 0.0], [74.85936822922305, 34.045152327397034, 0.0], [74.86139394218073, 34.041481743281466, 0.0], [74.864765550451, 34.038493827287475, 0.0], [74.86759539632286, 34.03702333989649, 0.0], [74.87119558271372, 34.03533565396496, 0.0], [74.8758481199504, 34.035527374858134, 0.0], [74.87983111808286, 34.03725070223831, 0.0], [74.88465279118529, 34.03845247691938, 0.0], [74.88976765574448, 34.03677831393875, 0.0], [74.89328601189494, 34.03602856683771, 0.0], [74.89756318035501, 34.035072907444075, 0.0], [74.90219875375239, 34.0342307434014, 0.0], [74.90242020424876, 34.03419050755779, 0.0], [74.90181853349756, 34.03080716029662, 0.0], [74.89951556302042, 34.0274155491652, 0.0], [74.896321663624, 34.02342576705268, 0.0], [74.89595408768099, 34.02009467062305, 0.0], [74.89706952737384, 34.01879807211329, 0.0], [74.89786712652719, 34.017870909197555, 0.0], [74.90135464649315, 34.017899498669244, 0.0], [74.90429796109724, 34.020003921870725, 0.0], [74.90728690524557, 34.02306607719824, 0.0], [74.90997123561473, 34.024390557089355, 0.0], [74.91304617778141, 34.02438890320899, 0.0], [74.91595479872402, 34.02172242221137, 0.0], [74.91280414736744, 34.01978516319398, 0.0], [74.91004174136725, 34.01819025962062, 0.0], [74.90815628852383, 34.015368992177365, 0.0], [74.90427096434807, 34.013215192620756, 0.0], [74.89965555250365, 34.01056712881617, 0.0], [74.89963678391257, 34.00655973063858, 0.0], [74.90124485558425, 34.00323612856393, 0.0], [74.90175125018843, 33.99946824519688, 0.0], [74.90219799209267, 33.9961953756947, 0.0], [74.89757690244564, 33.99556417014477, 0.0], [74.89496203124943, 33.992638415574525, 0.0], [74.89184343055364, 33.99144587768118, 0.0], [74.88986008407379, 33.98819385663787, 0.0], [74.88812485991447, 33.98529396597337, 0.0], [74.88698598550044, 33.98235315291286, 0.0], [74.88534989552029, 33.97978454829281, 0.0], [74.8839379968351, 33.97682278708089, 0.0], [74.88183082585158, 33.973763734113795, 0.0], [74.87793374122299, 33.971931214369796, 0.0], [74.87359167033743, 33.968780070630366, 0.0], [74.87299563188407, 33.96791752917964, 0.0], [74.8700908181031, 33.96371365175669, 0.0], [74.86854041250913, 33.963488672445784, 0.0], [74.86771827441669, 33.963369366439075, 0.0], [74.86639824250696, 33.961169339763465, 0.0], [74.86617773840325, 33.96080182720769, 0.0], [74.86384827914517, 33.95763180183537, 0.0], [74.86216425052834, 33.95471088695253, 0.0], [74.86193724612961, 33.95322327367981, 0.0], [74.86150074335193, 33.95036263379644, 0.0], [74.85885036790202, 33.9463226454145, 0.0], [74.85599692998169, 33.945056491033, 0.0], [74.85339330355376, 33.9429624689005, 0.0], [74.84955190494637, 33.938838041815465, 0.0], [74.84841535777306, 33.93721723447665, 0.0], [74.84737250542, 33.935729989431465, 0.0], [74.84531909332452, 33.93169042884903, 0.0], [74.84317121429771, 33.93413749612377, 0.0], [74.84050185028694, 33.93213972961567, 0.0], [74.83929521359846, 33.92687972507051, 0.0], [74.83937785020709, 33.922532303392295, 0.0], [74.8382701037921, 33.91758293392861, 0.0], [74.83658926515025, 33.91385424367294, 0.0], [74.83431089221845, 33.911159866878336, 0.0], [74.83213056258664, 33.909169468304256, 0.0], [74.8293670540109, 33.90594434806987, 0.0], [74.82863074126246, 33.90503161465722, 0.0], [74.82731794744441, 33.90340422580523, 0.0], [74.82648500202089, 33.90291428746995, 0.0], [74.82400993269114, 33.901458397425294, 0.0], [74.82198765724783, 33.89713873856381, 0.0], [74.8217571770582, 33.896334686584495, 0.0], [74.82151880130236, 33.89550307769672, 0.0], [74.82104995736572, 33.893867405698956, 0.0], [74.82037143561423, 33.889780274405915, 0.0], [74.8218354914172, 33.88467417109816, 0.0], [74.82233385481533, 33.87954664816103, 0.0], [74.821146546317, 33.875401999000715, 0.0], [74.8198814002984, 33.87190417766821, 0.0], [74.8190888958715, 33.86902939897779, 0.0], [74.81785841852012, 33.86492045809367, 0.0], [74.81461907508329, 33.8624121612841, 0.0], [74.81102720548404, 33.85957158126812, 0.0], [74.80794082867662, 33.85659369876971, 0.0], [74.80535242757875, 33.85398095516765, 0.0], [74.80216730733446, 33.85055907679968, 0.0], [74.7995506073159, 33.847931723092586, 0.0], [74.79765102545316, 33.845250930096014, 0.0], [74.7995280569487, 33.84192028763764, 0.0], [74.79620230084305, 33.840089498766375, 0.0], [74.79341157517757, 33.839167200779784, 0.0], [74.791288805954, 33.83608084138921, 0.0], [74.79272839850007, 33.83246123037804, 0.0], [74.79389339275133, 33.82950784892296, 0.0], [74.7950977596647, 33.82693170614123, 0.0], [74.79186205287658, 33.82619597088478, 0.0], [74.78827166152341, 33.82252005893577, 0.0], [74.78378124639187, 33.82166784502321, 0.0], [74.77930397390138, 33.82162392390548, 0.0], [74.7757347211952, 33.820977625928315, 0.0], [74.77407678815722, 33.818531942289276, 0.0], [74.77191970308539, 33.815854784322966, 0.0], [74.77411343344373, 33.81117839929393, 0.0], [74.77065706203454, 33.810051712938545, 0.0], [74.7656934510802, 33.8104540940434, 0.0], [74.7616435025891, 33.81217820535253, 0.0], [74.75802326391774, 33.81227453158892, 0.0], [74.7570990155875, 33.81504659892128, 0.0], [74.7563062295542, 33.81820428633821, 0.0], [74.75416259749575, 33.820989969276994, 0.0], [74.75064855966099, 33.82125293491883, 0.0], [74.74820574693146, 33.82123433862376, 0.0], [74.74148092852224, 33.82118296241318, 0.0], [74.74148072506063, 33.82118275306082, 0.0], [74.74068029313739, 33.82036265004858, 0.0], [74.74057168400572, 33.82025137005309, 0.0], [74.74035540592656, 33.82002977341881, 0.0], [74.74014496256159, 33.81981415312733, 0.0], [74.7400866352824, 33.81975439109631, 0.0], [74.73980986199942, 33.81951899948365, 0.0], [74.73980980029225, 33.81951894680669, 0.0], [74.73916553453596, 33.818810616333764, 0.0], [74.73884708778496, 33.818460499148976, 0.0], [74.73777631877802, 33.817375117486584, 0.0], [74.7361814118359, 33.81576866185624, 0.0], [74.73617561826569, 33.815762763140455, 0.0], [74.73617533067406, 33.815762590124265, 0.0], [74.735859738775, 33.81557267268053, 0.0], [74.73571801166622, 33.815487383383, 0.0], [74.73559968618206, 33.81541617602504, 0.0], [74.73545857795035, 33.81533125922917, 0.0], [74.73301361513019, 33.813859865213644, 0.0], [74.73078630711437, 33.81168581494652, 0.0], [74.7307862228599, 33.81168573255786, 0.0], [74.72806139091023, 33.80997310418778, 0.0], [74.72780689047637, 33.80981313826171, 0.0], [74.72207711935509, 33.80706682026024, 0.0], [74.72068840839704, 33.807474869499416, 0.0], [74.71742130178862, 33.80843479618665, 0.0], [74.7162949599472, 33.80600415761059, 0.0], [74.7158374287425, 33.80501677065698, 0.0], [74.71575140418464, 33.80483112178289, 0.0], [74.71151054159712, 33.804287832330786, 0.0], [74.70827378118831, 33.80470253684616, 0.0], [74.70529514522963, 33.80571099611685, 0.0], [74.70497340266118, 33.80581992217413, 0.0], [74.70037954428393, 33.80691601601276, 0.0], [74.69594627153563, 33.80836384493095, 0.0], [74.69313496873086, 33.80875916468873, 0.0], [74.69024872667646, 33.807772036663735, 0.0], [74.68799004818077, 33.80483508732164, 0.0], [74.68475457174111, 33.80057284128685, 0.0], [74.68154946790338, 33.79850905393115, 0.0], [74.6789215052927, 33.79588073926046, 0.0], [74.67854999073035, 33.79550916139511, 0.0], [74.67530226049342, 33.793119699752225, 0.0], [74.6718201811156, 33.79130446427045, 0.0], [74.66832024361653, 33.788596112316355, 0.0], [74.66435694590288, 33.786593891158404, 0.0], [74.66113003559451, 33.78466582590277, 0.0], [74.65812359827389, 33.78265800699173, 0.0], [74.65726742283105, 33.78173055862999, 0.0], [74.65508354711089, 33.77936478263126, 0.0], [74.65233901566813, 33.775926519561814, 0.0], [74.64926324216616, 33.77287768304268, 0.0], [74.64770490458898, 33.770309428781395, 0.0], [74.64602407452666, 33.76672870810269, 0.0], [74.64363490914172, 33.76393906902272, 0.0], [74.64061149202293, 33.76159950827422, 0.0], [74.6377636469861, 33.758613072587, 0.0], [74.63475120538338, 33.756339718879936, 0.0], [74.63129370183398, 33.75399644520763, 0.0], [74.62852107431829, 33.75279184942967, 0.0], [74.62550394048537, 33.75016303729241, 0.0], [74.62530014260976, 33.74639436971736, 0.0], [74.62587658286601, 33.742803086734426, 0.0], [74.62466949035806, 33.73969087897459, 0.0], [74.62041336926012, 33.738583697205364, 0.0], [74.61574890398343, 33.73755341173107, 0.0], [74.61167882862904, 33.73587554764358, 0.0], [74.60755493518808, 33.73197258121438, 0.0], [74.60452674153991, 33.72858486409424, 0.0], [74.60035521751934, 33.72458075570887, 0.0], [74.59564970583382, 33.722871651057346, 0.0], [74.59071311247114, 33.72164540458839, 0.0], [74.58685823638129, 33.72054060030293, 0.0], [74.58329832226413, 33.719549243306204, 0.0], [74.58039657973166, 33.718476892892575, 0.0], [74.57851609505029, 33.715318055297644, 0.0], [74.57753425735376, 33.711294793417146, 0.0], [74.57561895348624, 33.708907896591235, 0.0], [74.57299639551917, 33.70636099871785, 0.0], [74.5703839587232, 33.70220701512218, 0.0], [74.56882951447749, 33.69840465696698, 0.0], [74.56785398063559, 33.69464016985674, 0.0], [74.56777158659253, 33.69422549328392, 0.0], [74.56721022472524, 33.69140015883276, 0.0], [74.56717715748702, 33.691233728616496, 0.0], [74.56354949492336, 33.69085749503429, 0.0], [74.56042932753525, 33.6902713810954, 0.0], [74.55910685449132, 33.68723462885385, 0.0], [74.55530075285817, 33.68481484314088, 0.0], [74.55186435021834, 33.683422164570395, 0.0], [74.54900995962711, 33.682521171028604, 0.0], [74.5452989278739, 33.68069363470666, 0.0], [74.54529769990346, 33.680693030026454, 0.0], [74.54529377210571, 33.68069109564919, 0.0], [74.54529316447163, 33.68069079668843, 0.0], [74.54528793128141, 33.680688219759716, 0.0], [74.54528299711878, 33.680685790342565, 0.0], [74.54520539238057, 33.68064757153959, 0.0], [74.54520325246109, 33.68064651749403, 0.0], [74.54519588252049, 33.680642888432494, 0.0], [74.54518756337248, 33.680650991203585, 0.0], [74.54518657515129, 33.68065195392426, 0.0], [74.54518578005784, 33.680652727944256, 0.0], [74.54518413420345, 33.68065433040109, 0.0], [74.54367632769126, 33.68212284106166, 0.0], [74.54236303056558, 33.68340186529489, 0.0], [74.54215673467719, 33.68360277287046, 0.0], [74.54274284348809, 33.688520993823936, 0.0], [74.543595784521, 33.692895736033336, 0.0], [74.5375788608358, 33.69475550665458, 0.0], [74.533044742377, 33.69522596697574, 0.0], [74.52825924234801, 33.69591622298238, 0.0], [74.52694524904196, 33.69910128220893, 0.0], [74.52411045214397, 33.700811890018294, 0.0], [74.52133438609687, 33.70186247207653, 0.0], [74.51777296395139, 33.702845687080504, 0.0], [74.51499132843583, 33.70537741018482, 0.0], [74.51079115549773, 33.705454528207596, 0.0], [74.50581656329565, 33.704586727580896, 0.0], [74.50691795194618, 33.70762143716585, 0.0], [74.5078090536742, 33.71051665254651, 0.0], [74.5040960099514, 33.714428464422525, 0.0], [74.50222317914938, 33.71845257622311, 0.0], [74.49979762368164, 33.72082016841915, 0.0], [74.49967909310014, 33.72089035934256, 0.0], [74.4957773602373, 33.723200774298746, 0.0], [74.49188154030253, 33.72456106777452, 0.0], [74.48953171158328, 33.72761322018827, 0.0], [74.48716906811084, 33.72930583025994, 0.0], [74.48306684220391, 33.730586734883765, 0.0], [74.4799076683854, 33.73255265338694, 0.0], [74.47601867524881, 33.73267912436772, 0.0], [74.47399272922053, 33.735760413934784, 0.0], [74.4734773246423, 33.73861977106857, 0.0], [74.47152553632665, 33.742457272056186, 0.0], [74.46857793276426, 33.7460876342226, 0.0], [74.46630354775111, 33.74913080872166, 0.0], [74.46291109125212, 33.75052485937433, 0.0], [74.45929100915326, 33.75145259969682, 0.0], [74.45574972397226, 33.75306207731082, 0.0], [74.45258730353613, 33.75569671034943, 0.0], [74.45241982889114, 33.759777144707314, 0.0], [74.45065617861214, 33.76310988064354, 0.0], [74.45296883705778, 33.7659765487288, 0.0], [74.45302764146196, 33.76601631487766, 0.0], [74.4571112991752, 33.768777727249066, 0.0], [74.4605381700589, 33.77088054023385, 0.0], [74.4639400452867, 33.7734599689756, 0.0], [74.4636903396536, 33.7777177924, 0.0], [74.46750823974699, 33.78152972777152, 0.0], [74.4700812673226, 33.78456378277445, 0.0], [74.46793222319711, 33.78652001767771, 0.0], [74.46459411151486, 33.78847844293708, 0.0], [74.46204475023377, 33.791390073233245, 0.0], [74.4580892088277, 33.79565570725587, 0.0], [74.45470854675295, 33.79965112557827, 0.0], [74.45266875559346, 33.80338897681622, 0.0], [74.44924680907812, 33.805755939332315, 0.0], [74.44505154230747, 33.80789959072366, 0.0], [74.44093238096302, 33.811019038973065, 0.0], [74.43872372449675, 33.814641588365326, 0.0], [74.44065986971736, 33.8182515502819, 0.0], [74.44270980247154, 33.822106460133895, 0.0], [74.44035757453395, 33.824261719172966, 0.0], [74.43495047614726, 33.82404662969276, 0.0], [74.4300205942678, 33.82669242720552, 0.0], [74.42602215567166, 33.82976226303768, 0.0], [74.42136307923649, 33.83276464027323, 0.0], [74.41963535232831, 33.834226658750126, 0.0], [74.41765538304438, 33.835902053366425, 0.0], [74.4160184153224, 33.83877318876529, 0.0], [74.41322071345023, 33.84109830793174, 0.0], [74.41088869280138, 33.84539057095656, 0.0], [74.41050760957458, 33.850334438332304, 0.0], [74.4120089232901, 33.85439166463293, 0.0], [74.41395424053019, 33.85783892985179, 0.0], [74.41180477432147, 33.861221760162984, 0.0], [74.40887054944903, 33.8629911880107, 0.0], [74.40708587621164, 33.86597577579685, 0.0], [74.4055085704873, 33.87001289400774, 0.0], [74.40224660613063, 33.87352568876096, 0.0], [74.40268279882001, 33.87699534287956, 0.0], [74.40305623581737, 33.8819834839903, 0.0], [74.40450177372641, 33.88581731208831, 0.0], [74.40774386465884, 33.88581275495312, 0.0], [74.41208248669153, 33.88642156458673, 0.0], [74.41475666823138, 33.888360810598336, 0.0], [74.41251868226298, 33.89201439798714, 0.0], [74.41089813978665, 33.893953121414356, 0.0], [74.40964360059594, 33.895453915622085, 0.0], [74.41352546651649, 33.89732047386605, 0.0], [74.41402846452567, 33.90080347777471, 0.0], [74.41520591834241, 33.90182010037904, 0.0], [74.41789501883765, 33.90414178013148, 0.0], [74.4168930991527, 33.907924912857105, 0.0], [74.4177238141763, 33.90833523293761, 0.0], [74.41875173691236, 33.90884295060761, 0.0], [74.4220475627942, 33.91047076691087, 0.0], [74.42563387978241, 33.912013196274124, 0.0], [74.425510878278, 33.9133380776451, 0.0], [74.4254243839936, 33.914269700484574, 0.0], [74.42521488011306, 33.91652618838503, 0.0], [74.43788239179992, 33.92021632417131, 0.0], [74.44192254709725, 33.92205438681376, 0.0], [74.4459627925124, 33.923892282432995, 0.0], [74.45278704733823, 33.9291218516063, 0.0], [74.45991567511199, 33.93565214284234, 0.0], [74.46643643973869, 33.93983981464891, 0.0], [74.47357820498796, 33.94454970366514, 0.0], [74.4772750820753, 33.95184412225896, 0.0], [74.4751674022105, 33.95473897716041, 0.0], [74.47492417697032, 33.955073028446904, 0.0], [74.47444484162985, 33.955731352565856, 0.0], [74.47392141245874, 33.96206017797321, 0.0], [74.47157737374215, 33.9655972440282, 0.0], [74.46968686913829, 33.96870852942396, 0.0], [74.47279272648098, 33.97080148533268, 0.0], [74.47386266241098, 33.97431538692428, 0.0], [74.47493272187809, 33.97782931660434, 0.0], [74.47223818031395, 33.98483645135029, 0.0], [74.46894838352526, 33.987161864658376, 0.0], [74.46705727134919, 33.99027310786849, 0.0], [74.46937483436378, 33.9994300320965, 0.0], [74.47568037274107, 34.00600973671992, 0.0], [74.47834352780283, 34.00833024008447, 0.0], [74.48098164712862, 34.01149536825117, 0.0], [74.48277858582959, 34.01456311698354, 0.0], [74.48638631682923, 34.017556721768095, 0.0], [74.4869346420135, 34.01772648101704, 0.0], [74.48749556865013, 34.01790013902895, 0.0], [74.49094895341094, 34.01896922009178, 0.0], [74.49611039060224, 34.01819838040622, 0.0], [74.50017000105875, 34.02001415625033, 0.0], [74.50298580503835, 34.02204517623721, 0.0], [74.50520436046943, 34.024262361018515, 0.0], [74.50869220950355, 34.02577856623027, 0.0], [74.51436404533041, 34.025481366770975, 0.0], [74.51963258215002, 34.02722168031383, 0.0], [74.52246002825294, 34.02895540635361, 0.0], [74.52576753123756, 34.03085119260357, 0.0], [74.52583474907237, 34.03587076600358, 0.0], [74.52841445764238, 34.03901049324057, 0.0], [74.53326220686445, 34.03819876703232, 0.0], [74.53326225742397, 34.038198755986535, 0.0], [74.53430854216911, 34.03966670840675, 0.0], [74.53838644474494, 34.04538758263451, 0.0], [74.53870428872116, 34.04583345033049, 0.0], [74.5423526168643, 34.05656675756029, 0.0], [74.54934108386455, 34.061427864539645, 0.0], [74.55830102795011, 34.05944568566076, 0.0], [74.56334522394123, 34.06631369992236, 0.0], [74.56006823282429, 34.07104755155346, 0.0], [74.56373228636669, 34.07313531076424, 0.0], [74.56705996087763, 34.07507710674642, 0.0], [74.5695405452165, 34.07675694194128, 0.0], [74.5716789540432, 34.079000420670134, 0.0], [74.57483097010387, 34.08221238498138, 0.0], [74.57792991810314, 34.084765054422554, 0.0], [74.58044980753264, 34.08694439089389, 0.0], [74.58141161982023, 34.09001379073291, 0.0], [74.57912827395486, 34.09257130988241, 0.0], [74.57712737658501, 34.09525864580344, 0.0], [74.57710082448988, 34.09916275867791, 0.0], [74.58376962490158, 34.09878378275668, 0.0], [74.58688881701998, 34.09800316099456, 0.0], [74.59380034752257, 34.09621883267505, 0.0], [74.59791302357662, 34.0968120906729, 0.0], [74.6000251199502, 34.09703970605463, 0.0], [74.60156759565206, 34.09720591781621, 0.0], [74.60522219232516, 34.09759966466861, 0.0], [74.60755646657266, 34.098639070799166, 0.0], [74.60792767463303, 34.098804357984626, 0.0], [74.6125252854692, 34.09975083024458, 0.0], [74.61763207777585, 34.101771993203776, 0.0], [74.62055590545243, 34.10353860461731, 0.0], [74.62137623823793, 34.104034238144195, 0.0], [74.6220001219088, 34.10441117474932, 0.0], [74.6329164703862, 34.10879678189446, 0.0], [74.63546513815447, 34.10973937538667, 0.0], [74.63644009028643, 34.110099934614475, 0.0], [74.63778416755765, 34.11063521567377, 0.0], [74.63991541062217, 34.11148395372149, 0.0], [74.64163718742147, 34.11216959712851, 0.0], [74.64345997954274, 34.1128954364881, 0.0], [74.64595328242582, 34.113888226142, 0.0], [74.6472316705573, 34.115263592022586, 0.0], [74.64807321946769, 34.11616895537846, 0.0], [74.64858997805612, 34.11672490913574, 0.0], [74.65016989763392, 34.11842466207768, 0.0], [74.65301590847585, 34.118169618673896, 0.0], [74.65429748767497, 34.11805475472427, 0.0], [74.65461880030057, 34.118025954609095, 0.0], [74.65861576575138, 34.11697109822695, 0.0], [74.66456872395644, 34.12109216740478, 0.0], [74.66545842263679, 34.121647600186655, 0.0], [74.66546372603179, 34.1216509108392, 0.0], [74.66568608641303, 34.121789726906094, 0.0], [74.6667829849929, 34.12247449639552, 0.0], [74.66678301356261, 34.12247451449803, 0.0], [74.66899734599922, 34.12385681770452, 0.0], [74.6746220703287, 34.12898940354108, 0.0], [74.67474546491657, 34.12910199316999, 0.0], [74.67490597611588, 34.129248450388545, 0.0], [74.675730045816, 34.130000351658154, 0.0], [74.67620564854354, 34.12992883560859, 0.0], [74.6816618407496, 34.129108291791276, 0.0], [74.68532141907174, 34.12774337665296, 0.0], [74.69174016548072, 34.12379467462542, 0.0], [74.68605178721394, 34.1190312264428, 0.0]]]}}, {"type": "Feature", "properties": {"district_id": "bandipora", "display_name": "Bandipora", "source_name": "BANDIPURA", "state_ut": "Jammu and Kashmir", "objectid": 12, "dist_lgd": "009"}, "geometry": {"type": "Polygon", "coordinates": [[[74.63433615084311, 34.909856090197465, 0.0], [74.64640332866286, 34.90364287097506, 0.0], [74.66252747416145, 34.90677110458488, 0.0], [74.66409180010481, 34.90039692354704, 0.0], [74.66437609689474, 34.9000982935052, 0.0], [74.67271730336925, 34.89133552089499, 0.0], [74.68415196480296, 34.87880110198795, 0.0], [74.69822062727829, 34.88072237738627, 0.0], [74.70167073900824, 34.8830262150158, 0.0], [74.71145207096826, 34.880917715506364, 0.0], [74.71150281165069, 34.87857552243787, 0.0], [74.71668612017875, 34.86648650305383, 0.0], [74.72022160477029, 34.864826138873774, 0.0], [74.72944215189345, 34.86324859873195, 0.0], [74.73947933273878, 34.8541126894167, 0.0], [74.74025795862742, 34.848356700072706, 0.0], [74.7501702154443, 34.8449853692726, 0.0], [74.76276298090826, 34.8440843058873, 0.0], [74.77693641743478, 34.84077137687497, 0.0], [74.78038530427109, 34.84316313762707, 0.0], [74.78784624761197, 34.85245986863116, 0.0], [74.79846098651376, 34.85206808452152, 0.0], [74.80756918196114, 34.85048298924181, 0.0], [74.81328567434142, 34.84362362003142, 0.0], [74.82325282436817, 34.837363208292075, 0.0], [74.83096553114571, 34.83981222881809, 0.0], [74.8396931899805, 34.8407426759889, 0.0], [74.85322351670393, 34.83110396778347, 0.0], [74.86104010720375, 34.82832585496811, 0.0], [74.8721534266751, 34.830187123997284, 0.0], [74.88706535711893, 34.82227526722242, 0.0], [74.89856677440008, 34.80972083215107, 0.0], [74.90145489003345, 34.80164835585547, 0.0], [74.90731259820193, 34.792533302019464, 0.0], [74.91859934973907, 34.78511064724025, 0.0], [74.92981753302021, 34.786968061734854, 0.0], [74.94158140770163, 34.794688908600136, 0.0], [74.95062789207645, 34.801743263327936, 0.0], [74.95673777607446, 34.80812903730206, 0.0], [74.96647437734512, 34.81347881335908, 0.0], [74.97962463544353, 34.82346648927658, 0.0], [75.00251973666171, 34.83879981108978, 0.0], [75.01634377351188, 34.84825117413229, 0.0], [75.03110122287966, 34.848430187596925, 0.0], [75.04376438453085, 34.843355596550275, 0.0], [75.05712037806752, 34.842343079688774, 0.0], [75.06403469021507, 34.84711096830378, 0.0], [75.06527592443075, 34.8574890623396, 0.0], [75.06362283535468, 34.870806975915734, 0.0], [75.06441095413618, 34.8883890404178, 0.0], [75.064117815232, 34.905237445332794, 0.0], [75.06787809328542, 34.912215830703595, 0.0], [75.07164427708706, 34.91920407269665, 0.0], [75.08564867174918, 34.9193677365384, 0.0], [75.1013017753924, 34.91909822296337, 0.0], [75.1064184345389, 34.913323272691166, 0.0], [75.11702900640753, 34.90134487146486, 0.0], [75.13161262056448, 34.88618976807658, 0.0], [75.14197032591, 34.874950999076994, 0.0], [75.14284543241118, 34.86162322286935, 0.0], [75.14423432810638, 34.85028375994292, 0.0], [75.15808895622013, 34.84548088461131, 0.0], [75.17256596979625, 34.84266566217586, 0.0], [75.19061810603432, 34.83493081306883, 0.0], [75.21056270765116, 34.82477997399272, 0.0], [75.22324459427988, 34.817523677485056, 0.0], [75.23965898378381, 34.8018335830657, 0.0], [75.24774195284462, 34.7875878455484, 0.0], [75.25625087559845, 34.773886583521865, 0.0], [75.25405644669819, 34.75998549585374, 0.0], [75.25093239208304, 34.74985999417532, 0.0], [75.26356953490992, 34.74458151277804, 0.0], [75.26256053438796, 34.73168396832936, 0.0], [75.25430361754367, 34.72168641342155, 0.0], [75.25565947457936, 34.711336261321335, 0.0], [75.25819240392033, 34.702530169247154, 0.0], [75.25826644643715, 34.69757423823967, 0.0], [75.2481631863878, 34.6944968995277, 0.0], [75.23206782608968, 34.69081581172369, 0.0], [75.22499492888423, 34.682360791137825, 0.0], [75.21619348200477, 34.67289569414816, 0.0], [75.20790867300654, 34.66541823838562, 0.0], [75.2056013211892, 34.65944569985935, 0.0], [75.20445853826473, 34.65350159236213, 0.0], [75.2103982158399, 34.6535532300092, 0.0], [75.21639697257487, 34.652692430567726, 0.0], [75.21817934241378, 34.651604848351894, 0.0], [75.21617630091137, 34.65041651471447, 0.0], [75.21353571697209, 34.64965671649274, 0.0], [75.21213878791539, 34.64899967275736, 0.0], [75.21036649061534, 34.64811119414301, 0.0], [75.20948135004302, 34.64766744705974, 0.0], [75.20896797771908, 34.64690162211232, 0.0], [75.2085031094247, 34.645630887477736, 0.0], [75.2069092684663, 34.644333936171094, 0.0], [75.20602526409675, 34.643784616224984, 0.0], [75.20611228147642, 34.643541164359945, 0.0], [75.20620159727329, 34.64337508925353, 0.0], [75.20669039861394, 34.64246619747793, 0.0], [75.20717919123207, 34.64155730131183, 0.0], [75.20753834812746, 34.64079530501974, 0.0], [75.2080652085671, 34.63868113934289, 0.0], [75.20827782048616, 34.63857725043906, 0.0], [75.21038833786854, 34.63867048041097, 0.0], [75.21150064906149, 34.63856151338461, 0.0], [75.21272176000643, 34.6381189533921, 0.0], [75.2136315263973, 34.63727544666047, 0.0], [75.21475458085523, 34.63694107248371, 0.0], [75.21670037088599, 34.63609228679472, 0.0], [75.21810092479546, 34.635243815655144, 0.0], [75.21967576675686, 34.63430059642183, 0.0], [75.22061859694837, 34.63383113325337, 0.0], [75.22294241492669, 34.63453689168155, 0.0], [75.22533096136796, 34.6346340443806, 0.0], [75.22629030312972, 34.63434928448744, 0.0], [75.22801758999253, 34.63325714958839, 0.0], [75.22875896071562, 34.6330266143087, 0.0], [75.22993126996063, 34.63303009181515, 0.0], [75.23064581463503, 34.63320080565601, 0.0], [75.23142650815194, 34.6338536700009, 0.0], [75.23213730924094, 34.63534037218831, 0.0], [75.23240518897015, 34.63585848487112, 0.0], [75.23287997355553, 34.636155532542666, 0.0], [75.2344944795083, 34.636410984005416, 0.0], [75.23706910457199, 34.63696304550545, 0.0], [75.23943698036533, 34.63784876253638, 0.0], [75.2409641788984, 34.63804108274052, 0.0], [75.24150361470849, 34.63777912657494, 0.0], [75.24326308743642, 34.636357647870625, 0.0], [75.24430869444654, 34.635441677675466, 0.0], [75.24525154401537, 34.635021623363315, 0.0], [75.24629717838401, 34.63412809128402, 0.0], [75.24692952112494, 34.633974228873335, 0.0], [75.24753407182384, 34.63350037268786, 0.0], [75.248552362843, 34.63256187743447, 0.0], [75.24900917158595, 34.631393931433564, 0.0], [75.25000000367072, 34.6305538657061, 0.0], [75.25036314105733, 34.63024596896932, 0.0], [75.25207643831264, 34.62945896020311, 0.0], [75.2533859814575, 34.62886530021637, 0.0], [75.25406844985733, 34.62828005758085, 0.0], [75.25503713375913, 34.62572090173984, 0.0], [75.25581488680264, 34.62331481305423, 0.0], [75.2566407068288, 34.621512730530384, 0.0], [75.2568925188031, 34.620746755441516, 0.0], [75.25758795652695, 34.6186335501936, 0.0], [75.25783606594928, 34.61660551428424, 0.0], [75.2583350721386, 34.61458677605365, 0.0], [75.25751510766915, 34.612246718926954, 0.0], [75.25656904992954, 34.61045647761923, 0.0], [75.25558369241139, 34.609531586959534, 0.0], [75.25384112896607, 34.608191183704484, 0.0], [75.25325889348356, 34.607500984314974, 0.0], [75.25314644385774, 34.60609919029659, 0.0], [75.2533673064317, 34.60412523313463, 0.0], [75.25378168246839, 34.60410308981274, 0.0], [75.25454488543245, 34.60405875437948, 0.0], [75.25560805103827, 34.603884017743425, 0.0], [75.25631711711073, 34.60361424459382, 0.0], [75.25714564442555, 34.6035700267669, 0.0], [75.25764161413593, 34.6036245311951, 0.0], [75.25857336969044, 34.60395000346478, 0.0], [75.25890555729903, 34.60418917774, 0.0], [75.25945612473788, 34.60415815884094, 0.0], [75.25997461246585, 34.60366737838571, 0.0], [75.26082588326523, 34.60301455209475, 0.0], [75.26185627880648, 34.60286679510518, 0.0], [75.26303383315627, 34.60280032406726, 0.0], [75.26407511090076, 34.60271556059849, 0.0], [75.26553104763317, 34.60225717285765, 0.0], [75.2664804549671, 34.60151427415981, 0.0], [75.26796612274036, 34.59918536868925, 0.0], [75.26911773783881, 34.59792437240197, 0.0], [75.2704642100342, 34.59784438182535, 0.0], [75.27357210786379, 34.59695459083276, 0.0], [75.27473437703158, 34.59585124222809, 0.0], [75.27629444900043, 34.59488342435547, 0.0], [75.2779900859262, 34.59438899417946, 0.0], [75.28313482721954, 34.594816613507994, 0.0], [75.28637174040149, 34.595432023236, 0.0], [75.2877270009424, 34.59200298612264, 0.0], [75.28817013187032, 34.590380683182715, 0.0], [75.28970828896489, 34.58917376806715, 0.0], [75.29213457979223, 34.58816130419988, 0.0], [75.29517102410362, 34.58730693618787, 0.0], [75.29656623787355, 34.58734395442453, 0.0], [75.29751977094368, 34.58754733417464, 0.0], [75.29856069856694, 34.58748942153733, 0.0], [75.29955853444767, 34.58694012462264, 0.0], [75.30106918405865, 34.585818714561434, 0.0], [75.30201846241337, 34.58469705334923, 0.0], [75.30303953537428, 34.582304297619544, 0.0], [75.30416888888065, 34.58085815494237, 0.0], [75.30569041307464, 34.57944817361475, 0.0], [75.30636133910505, 34.57874993961544, 0.0], [75.30770203196354, 34.57855691847567, 0.0], [75.30984406319375, 34.57794503809254, 0.0], [75.31125049397261, 34.577287742947505, 0.0], [75.31180666991231, 34.57685535246176, 0.0], [75.31186674333952, 34.576738144971976, 0.0], [75.31208556178824, 34.57557092370611, 0.0], [75.312653079289, 34.57444438334801, 0.0], [75.31379829322569, 34.573200924414024, 0.0], [75.31438746096906, 34.572304279097615, 0.0], [75.31503777921802, 34.56964534959579, 0.0], [75.31563223973048, 34.56886140983683, 0.0], [75.3166462029784, 34.568082060538316, 0.0], [75.31753503622109, 34.56705485284905, 0.0], [75.31821108197303, 34.56637908466005, 0.0], [75.31989579692141, 34.56484287777818, 0.0], [75.32060955113711, 34.56468544401111, 0.0], [75.32143211499871, 34.564929202834556, 0.0], [75.32269043708858, 34.56543459037915, 0.0], [75.3236547006173, 34.56575497388645, 0.0], [75.3257026464597, 34.566905187769414, 0.0], [75.32761977152377, 34.56823553794122, 0.0], [75.32853485993577, 34.56879030308947, 0.0], [75.32929770064146, 34.56871844746825, 0.0], [75.33033327583487, 34.5682545578488, 0.0], [75.33132507309399, 34.568025067143424, 0.0], [75.33220227201004, 34.56811998735447, 0.0], [75.33307398952681, 34.56809777275686, 0.0], [75.33365708685307, 34.56800780341613, 0.0], [75.3348452772225, 34.56727805786976, 0.0], [75.33600632251957, 34.56617412638764, 0.0], [75.33694922157777, 34.56539913375258, 0.0], [75.33790304234522, 34.56474142711522, 0.0], [75.33924363957401, 34.56411528474065, 0.0], [75.34125431074074, 34.563570492478, 0.0], [75.34416398086043, 34.56303035090669, 0.0], [75.3450633266687, 34.56205702119252, 0.0], [75.34709070713839, 34.56012384981361, 0.0], [75.34801197058327, 34.558199483907465, 0.0], [75.34868237159203, 34.55750101737381, 0.0], [75.34963035804374, 34.557185650554544, 0.0], [75.34990317193086, 34.55590566034753, 0.0], [75.35060071455742, 34.555085452934456, 0.0], [75.35179953265919, 34.553981442366, 0.0], [75.35266594857207, 34.55315225881247, 0.0], [75.35353296765409, 34.54978998868089, 0.0], [75.35466635482588, 34.54837041736075, 0.0], [75.35561998080624, 34.54687416390002, 0.0], [75.35654634433064, 34.5458421422361, 0.0], [75.35848043357522, 34.544061997406374, 0.0], [75.35980421627683, 34.543237370658524, 0.0], [75.36157467017726, 34.5423315985615, 0.0], [75.36175986883366, 34.5420881935511, 0.0], [75.36111195685278, 34.54016800200324, 0.0], [75.36140073703315, 34.539861526275686, 0.0], [75.36240298535623, 34.53937491755147, 0.0], [75.36371032738032, 34.53878007667465, 0.0], [75.36556772093836, 34.53809961908448, 0.0], [75.36524659374707, 34.536359733236246, 0.0], [75.3652304702564, 34.53448925437461, 0.0], [75.36562806892313, 34.53383118889669, 0.0], [75.36538848947463, 34.53306942841463, 0.0], [75.36466984605313, 34.531149284334084, 0.0], [75.36429420091984, 34.52999095233191, 0.0], [75.3641798773113, 34.52898577774416, 0.0], [75.36459948415278, 34.52738120165891, 0.0], [75.36582507165299, 34.52538012339424, 0.0], [75.36637509132261, 34.52445610525433, 0.0], [75.36611948264888, 34.5214452829521, 0.0], [75.363968336976, 34.52191388850694, 0.0], [75.36185005392723, 34.52194967118728, 0.0], [75.3590835930707, 34.52173301481752, 0.0], [75.35720493664014, 34.5212910452922, 0.0], [75.35553340043977, 34.520407369057786, 0.0], [75.35445537789184, 34.51957786167962, 0.0], [75.35387834821817, 34.518518556195474, 0.0], [75.35293112624235, 34.5175899079805, 0.0], [75.3521094500057, 34.51521447734879, 0.0], [75.35173398782298, 34.514430082443, 0.0], [75.35131515121124, 34.51275779837385, 0.0], [75.35114691958053, 34.51077907871272, 0.0], [75.35078774574276, 34.509818961143004, 0.0], [75.35073356489363, 34.509133830361755, 0.0], [75.35019492010807, 34.507664341545784, 0.0], [75.34925892582291, 34.506019051117654, 0.0], [75.34814871201796, 34.5043826355887, 0.0], [75.34738157885008, 34.50269671767871, 0.0], [75.3472184095586, 34.50201613342119, 0.0], [75.3472566187431, 34.50164204315577, 0.0], [75.34772526211309, 34.50054681251678, 0.0], [75.34763857285564, 34.499999928880804, 0.0], [75.34757856943705, 34.49963630874587, 0.0], [75.34727918623142, 34.499518932296695, 0.0], [75.3475084927219, 34.49739604524239, 0.0], [75.34732943727018, 34.49556154536801, 0.0], [75.34662228954271, 34.49402884799449, 0.0], [75.34533258606005, 34.49252764318039, 0.0], [75.34469042344581, 34.49189647427385, 0.0], [75.3440482667256, 34.491265300605235, 0.0], [75.34318315603784, 34.49015173805201, 0.0], [75.34291664724445, 34.48943500295342, 0.0], [75.34291696159924, 34.48868685734284, 0.0], [75.34360897829018, 34.48671733527833, 0.0], [75.34458939496315, 34.485049825019175, 0.0], [75.34610311912397, 34.48367992934182, 0.0], [75.34789421819671, 34.48266174451666, 0.0], [75.35024092737162, 34.480138076368036, 0.0], [75.35027377509945, 34.479633326370745, 0.0], [75.34980647583605, 34.47689278475602, 0.0], [75.3496491055049, 34.475297111892985, 0.0], [75.35010110155504, 34.47424700599669, 0.0], [75.35178389700437, 34.47047023720409, 0.0], [75.35318297953799, 34.469091202316314, 0.0], [75.35323747670515, 34.468793716125376, 0.0], [75.35274233391635, 34.468113012074646, 0.0], [75.35120277354551, 34.46623769716143, 0.0], [75.34970130488512, 34.4643939077988, 0.0], [75.34905402035376, 34.46345624403465, 0.0], [75.34884724235695, 34.46334807574514, 0.0], [75.34748137507223, 34.463199016948565, 0.0], [75.34540286539139, 34.462355666191215, 0.0], [75.34272596900131, 34.46094427907492, 0.0], [75.34182257275948, 34.46120094130505, 0.0], [75.34115323169333, 34.461236809186616, 0.0], [75.34070158250029, 34.46106987988077, 0.0], [75.34016305868587, 34.46055590023577, 0.0], [75.33919528926782, 34.458572423684004, 0.0], [75.33906509508809, 34.45752667506932, 0.0], [75.3386791659087, 34.456589041700965, 0.0], [75.33848910510616, 34.45586784275183, 0.0], [75.33834828659332, 34.45418201087455, 0.0], [75.33808227878814, 34.45284778314404, 0.0], [75.33767448227492, 34.45212195322274, 0.0], [75.3372284977425, 34.451671101441974, 0.0], [75.33675520613512, 34.45160332692654, 0.0], [75.33523709645543, 34.4516884825039, 0.0], [75.33419781771377, 34.45162062450664, 0.0], [75.33326722450887, 34.45186368002677, 0.0], [75.33260341207863, 34.45193105044489, 0.0], [75.33182002253042, 34.45157470590154, 0.0], [75.33128586038437, 34.45101011030778, 0.0], [75.3310478884614, 34.450758577296746, 0.0], [75.33049315647841, 34.450298616732994, 0.0], [75.33052594100238, 34.449888470224955, 0.0], [75.33152764649178, 34.44888374616622, 0.0], [75.33203383133386, 34.448410629477436, 0.0], [75.33290512266952, 34.447085740433245, 0.0], [75.33293790950621, 34.44673421185554, 0.0], [75.33257913635654, 34.4460264476809, 0.0], [75.33264492365278, 34.44512949829178, 0.0], [75.33316804372849, 34.44333579451953, 0.0], [75.33316826446878, 34.442952610152915, 0.0], [75.33276041066134, 34.44257387334477, 0.0], [75.33132442628019, 34.44196940416085, 0.0], [75.3301930727522, 34.44148674374478, 0.0], [75.32894742996929, 34.44108509281585, 0.0], [75.32832188689265, 34.4408414784546, 0.0], [75.32771830762677, 34.44022823495221, 0.0], [75.3275390878774, 34.439768425937714, 0.0], [75.32778448796574, 34.43872282674785, 0.0], [75.32811679447035, 34.438155741446415, 0.0], [75.32857402488955, 34.43737545984069, 0.0], [75.32970077241757, 34.43623099109546, 0.0], [75.3310610563623, 34.435690550911126, 0.0], [75.33335754453128, 34.43409575185446, 0.0], [75.33419570623106, 34.43323961904378, 0.0], [75.33435948684962, 34.43211288537677, 0.0], [75.33460486261461, 34.43084190645329, 0.0], [75.33476864101408, 34.42952578790092, 0.0], [75.33510054672412, 34.42926894181126, 0.0], [75.3370970787488, 34.42892707526361, 0.0], [75.33905567611563, 34.42811633288257, 0.0], [75.34104138812725, 34.42772023210533, 0.0], [75.34214032185469, 34.427355441734534, 0.0], [75.3431522048632, 34.42681024946242, 0.0], [75.34407143704405, 34.426950245431186, 0.0], [75.34593164914563, 34.42732926482832, 0.0], [75.34661161607421, 34.427086011710536, 0.0], [75.34781382665606, 34.42693758558509, 0.0], [75.34903799518933, 34.42594624074204, 0.0], [75.35049041619963, 34.4256219404687, 0.0], [75.35249234258981, 34.42514904287923, 0.0], [75.35380335220391, 34.424563310390305, 0.0], [75.3546520815216, 34.42365298688044, 0.0], [75.35552813941433, 34.42210715274405, 0.0], [75.35669812812027, 34.41946600235927, 0.0], [75.35737833419725, 34.41799665876011, 0.0], [75.35784613216431, 34.41788860561081, 0.0], [75.36151740572464, 34.417907029037, 0.0], [75.36277376824675, 34.41803786126887, 0.0], [75.36511794171994, 34.41847530589269, 0.0], [75.36600449107047, 34.41797052031145, 0.0], [75.36898518971921, 34.415387940566006, 0.0], [75.37118797767435, 34.413833024250685, 0.0], [75.37205045048373, 34.412904807053856, 0.0], [75.37213231999885, 34.412816695893085, 0.0], [75.37233551779377, 34.412598004879555, 0.0], [75.37273804744875, 34.41164697749079, 0.0], [75.37276523251866, 34.410858159525475, 0.0], [75.3715525305558, 34.408694583710044, 0.0], [75.37004631055841, 34.40361023869764, 0.0], [75.36963320067709, 34.401757694463335, 0.0], [75.36913297295526, 34.40047761907481, 0.0], [75.36778989298057, 34.39894504183222, 0.0], [75.36660461588747, 34.39773699525769, 0.0], [75.36652863173417, 34.396578556428544, 0.0], [75.36657216322108, 34.39538413586339, 0.0], [75.36700200400328, 34.39226955929796, 0.0], [75.36698847460292, 34.39164981852544, 0.0], [75.36697742496807, 34.391143630926734, 0.0], [75.36334233568446, 34.38846162360135, 0.0], [75.35822063677085, 34.385439070594245, 0.0], [75.35503385194119, 34.385042339369065, 0.0], [75.35265675790887, 34.38271912894926, 0.0], [75.35066385586475, 34.379173719355286, 0.0], [75.34737694589217, 34.37672551338598, 0.0], [75.3438778405822, 34.37533981187505, 0.0], [75.33991144132234, 34.37432216975394, 0.0], [75.3367949545848, 34.37126429481766, 0.0], [75.33597950240518, 34.36769081196937, 0.0], [75.33485275344887, 34.36306436190951, 0.0], [75.33254176614848, 34.35947382119313, 0.0], [75.33014415165395, 34.357360518700986, 0.0], [75.32685060170273, 34.35801586436188, 0.0], [75.32106996681703, 34.358738062722075, 0.0], [75.3174629902091, 34.3629035431933, 0.0], [75.31520991726165, 34.36595281376177, 0.0], [75.31016584593333, 34.36578124790391, 0.0], [75.30518903585426, 34.363974465058305, 0.0], [75.30112698467926, 34.36521802823526, 0.0], [75.29732527905293, 34.36469770723325, 0.0], [75.29422141859871, 34.36350466183871, 0.0], [75.29099085613201, 34.361325459440906, 0.0], [75.28726795340854, 34.36303789362149, 0.0], [75.28366994832143, 34.362598072409746, 0.0], [75.28020688186723, 34.36328735290082, 0.0], [75.27664766448206, 34.36322601096802, 0.0], [75.27253044787457, 34.36305924398313, 0.0], [75.27249168653239, 34.363057673902, 0.0], [75.27243924575639, 34.36305554937018, 0.0], [75.27235603987451, 34.363052177693554, 0.0], [75.27229417400191, 34.36312544902936, 0.0], [75.27227987607915, 34.36314238336536, 0.0], [75.27227006804821, 34.363153999304316, 0.0], [75.26975384327764, 34.366134008487286, 0.0], [75.2695396599683, 34.36638765937309, 0.0], [75.26700383869832, 34.369285167255185, 0.0], [75.26467862846366, 34.37178669332024, 0.0], [75.26317052025634, 34.37510327888762, 0.0], [75.25827575486993, 34.37621486716041, 0.0], [75.25392356977996, 34.37557176764431, 0.0], [75.24963847819177, 34.375062413390495, 0.0], [75.24483910421391, 34.37358376303809, 0.0], [75.24015484555046, 34.37181519158538, 0.0], [75.23625898256567, 34.370210048298745, 0.0], [75.23312459238056, 34.373084096819966, 0.0], [75.23016450080189, 34.37475966628428, 0.0], [75.225617155309, 34.375881361440385, 0.0], [75.2218855510261, 34.376998444117575, 0.0], [75.21751783738783, 34.38005659099858, 0.0], [75.21733982740332, 34.38018122216976, 0.0], [75.2138611551919, 34.383352473976224, 0.0], [75.2099716596883, 34.38495025827967, 0.0], [75.20649323654068, 34.3853287011033, 0.0], [75.20225883230535, 34.384900013431405, 0.0], [75.19847134128622, 34.38331837773653, 0.0], [75.20011218115563, 34.378565369019505, 0.0], [75.19608753714688, 34.374499121977806, 0.0], [75.19771983475283, 34.37124287932706, 0.0], [75.19782021751693, 34.367901356357535, 0.0], [75.19582993514179, 34.36371890827319, 0.0], [75.19107770013159, 34.3599105816553, 0.0], [75.18650069484951, 34.359153081206934, 0.0], [75.18311400227094, 34.3563313033072, 0.0], [75.17874816029914, 34.35387231340255, 0.0], [75.17606809652207, 34.352742045427505, 0.0], [75.17300519783174, 34.352029479582924, 0.0], [75.16972289168575, 34.35247979836, 0.0], [75.16686867053036, 34.35317608683041, 0.0], [75.16411968024296, 34.35238934063196, 0.0], [75.16176979059358, 34.34971830479602, 0.0], [75.15745391527734, 34.3475184470767, 0.0], [75.15288516421714, 34.3454341710648, 0.0], [75.14718895367349, 34.34557755888008, 0.0], [75.14365797205673, 34.34828840723842, 0.0], [75.13886557694464, 34.35038952826481, 0.0], [75.1341343349034, 34.35100247587792, 0.0], [75.12881701450642, 34.351140968907536, 0.0], [75.12607950616871, 34.35413827029981, 0.0], [75.12222886219978, 34.35747603433713, 0.0], [75.12042966705555, 34.361381282344624, 0.0], [75.11740612906807, 34.363819653611394, 0.0], [75.11388185606849, 34.36485091971444, 0.0], [75.11210123189987, 34.36867032536116, 0.0], [75.10787864498126, 34.36926974915158, 0.0], [75.1037371757861, 34.37223181170942, 0.0], [75.09994290067084, 34.37123365224603, 0.0], [75.09465067085162, 34.37336779566023, 0.0], [75.08987748387011, 34.37589200293267, 0.0], [75.08590784257858, 34.37913782033549, 0.0], [75.08364224939739, 34.38130333629139, 0.0], [75.08043202737727, 34.38437975896832, 0.0], [75.07684006454808, 34.38713075528454, 0.0], [75.07451108686543, 34.39055737384382, 0.0], [75.07182189225674, 34.392000055694645, 0.0], [75.07071477104793, 34.39470602473611, 0.0], [75.07261440398776, 34.39776285018577, 0.0], [75.06974570472401, 34.401863881591076, 0.0], [75.06713502403491, 34.403933463452425, 0.0], [75.06200217827679, 34.40668311479576, 0.0], [75.05894109640317, 34.40763781138087, 0.0], [75.05599644259509, 34.40911159016688, 0.0], [75.05175731738626, 34.409619234306845, 0.0], [75.04881967389323, 34.41037771702381, 0.0], [75.04661594772226, 34.41254716667044, 0.0], [75.04321126577629, 34.41429402441306, 0.0], [75.03945258697665, 34.41483087961179, 0.0], [75.03642294303829, 34.41511269498448, 0.0], [75.03321672164705, 34.41512614218437, 0.0], [75.03052153097737, 34.416406431911454, 0.0], [75.02828585219882, 34.418553796381126, 0.0], [75.02537702382013, 34.419518084679716, 0.0], [75.0219993477147, 34.422215869414416, 0.0], [75.02071450547996, 34.42500754632692, 0.0], [75.01927863251127, 34.42795414520989, 0.0], [75.01814532400256, 34.43122381016069, 0.0], [75.01769838481223, 34.43495718871337, 0.0], [75.01768837626516, 34.43536731864997, 0.0], [75.01761251774928, 34.4384756303572, 0.0], [75.01412686816258, 34.439189433269625, 0.0], [75.01128504057316, 34.439334081254465, 0.0], [75.00859471652895, 34.440855224878874, 0.0], [75.0074651494372, 34.4434516743186, 0.0], [75.00323587469467, 34.4428622221734, 0.0], [74.99829845376269, 34.442240654262854, 0.0], [74.99436309528114, 34.44350052258947, 0.0], [74.99152789336422, 34.44432212976848, 0.0], [74.98695076556687, 34.44488123562116, 0.0], [74.98296637216743, 34.444534374816854, 0.0], [74.97884892066331, 34.44432951442463, 0.0], [74.97431568523189, 34.4445011901067, 0.0], [74.97093721501918, 34.44465261688123, 0.0], [74.96676179138004, 34.44494432963153, 0.0], [74.96176390554692, 34.445659065747954, 0.0], [74.95876217691395, 34.44854471300528, 0.0], [74.95445878562691, 34.450352829870994, 0.0], [74.95054637363594, 34.452996619180986, 0.0], [74.95039329733268, 34.456695723062495, 0.0], [74.95034589960815, 34.4571344446546, 0.0], [74.95029121440842, 34.45764060349914, 0.0], [74.95026132648893, 34.45791724642826, 0.0], [74.95008388403703, 34.45955961123208, 0.0], [74.95003784172349, 34.459638313443016, 0.0], [74.94994397894281, 34.45979875850264, 0.0], [74.94914295537038, 34.461167965093836, 0.0], [74.94794784246477, 34.4632107163581, 0.0], [74.94414263247923, 34.4629811733412, 0.0], [74.9406737151912, 34.46385943260728, 0.0], [74.93749228547479, 34.46192228868286, 0.0], [74.93374564678324, 34.461222776736605, 0.0], [74.93096434713283, 34.46040720809881, 0.0], [74.92819922702432, 34.45755462800808, 0.0], [74.92491783535371, 34.45607790620549, 0.0], [74.92177319601096, 34.45692957098715, 0.0], [74.91888893874857, 34.45644683662775, 0.0], [74.91445207696297, 34.45581062812398, 0.0], [74.91037406835464, 34.45333846369119, 0.0], [74.90638990047485, 34.45162643061862, 0.0], [74.90285130974156, 34.44999490402079, 0.0], [74.89939500623385, 34.44658473563651, 0.0], [74.89885038148032, 34.44237612898512, 0.0], [74.89692368341505, 34.43961799731726, 0.0], [74.89454103828108, 34.43677880184028, 0.0], [74.89147124315639, 34.43365493584627, 0.0], [74.8906400047966, 34.4287337493022, 0.0], [74.89121081379217, 34.42372514057757, 0.0], [74.89082129556573, 34.42034555033118, 0.0], [74.89111161337186, 34.4171062257835, 0.0], [74.89149888701682, 34.41383533082094, 0.0], [74.89292005598422, 34.41115249966966, 0.0], [74.8951287442869, 34.408301223706346, 0.0], [74.8972988116998, 34.40504923355816, 0.0], [74.90188886478079, 34.40365954508654, 0.0], [74.90579273006493, 34.40192252412304, 0.0], [74.90861217407432, 34.399487027213, 0.0], [74.90698090543744, 34.39501843083447, 0.0], [74.90444600898658, 34.39198863015112, 0.0], [74.90003357466114, 34.38872326005477, 0.0], [74.89834483750059, 34.38369790134504, 0.0], [74.89596306451537, 34.38004999546447, 0.0], [74.89284840319036, 34.37588454658613, 0.0], [74.88987453774648, 34.37469199537798, 0.0], [74.88679479923172, 34.373400602247756, 0.0], [74.88279236705948, 34.37237440011003, 0.0], [74.8788104475422, 34.37095815617388, 0.0], [74.87444403984156, 34.36855015584207, 0.0], [74.87079938208934, 34.36799794910424, 0.0], [74.86688972251874, 34.368383204208925, 0.0], [74.86441290440709, 34.36426280564102, 0.0], [74.86179159608702, 34.361216725879046, 0.0], [74.85860030625783, 34.36066121498527, 0.0], [74.85393987547506, 34.35933761599272, 0.0], [74.85110332476165, 34.35732830259536, 0.0], [74.84971000800557, 34.35237740699236, 0.0], [74.8473896039376, 34.34955867772581, 0.0], [74.84401110495315, 34.34845015962965, 0.0], [74.84085150347472, 34.347088130425874, 0.0], [74.83760490626935, 34.346069654211746, 0.0], [74.833170920991, 34.34529518923113, 0.0], [74.82859151180176, 34.34493509928566, 0.0], [74.82636958147383, 34.34440895726387, 0.0], [74.82511603473407, 34.344112107681916, 0.0], [74.8214360788063, 34.34462476375821, 0.0], [74.81756747750678, 34.34383874366211, 0.0], [74.8147298825091, 34.343249141545236, 0.0], [74.81185944732789, 34.343020073325654, 0.0], [74.80859582747037, 34.34366180976513, 0.0], [74.80483712129106, 34.3437930941262, 0.0], [74.80037082481647, 34.34349328125695, 0.0], [74.79702392212901, 34.34254736721697, 0.0], [74.79415909482181, 34.341780768740215, 0.0], [74.78959798267874, 34.341572468792144, 0.0], [74.78714417671479, 34.339634996291615, 0.0], [74.78702685439733, 34.338268057356665, 0.0], [74.78699521139596, 34.33789937290627, 0.0], [74.78688019135855, 34.33655921772251, 0.0], [74.78639578228487, 34.333470200919194, 0.0], [74.7833215123553, 34.33201615663613, 0.0], [74.77907270564504, 34.33031361488032, 0.0], [74.77614483197098, 34.32819074004089, 0.0], [74.77372693925898, 34.32374954085588, 0.0], [74.76957000545976, 34.323310711786434, 0.0], [74.76878629931606, 34.319008847141184, 0.0], [74.76727638127426, 34.31445504018926, 0.0], [74.76372588479254, 34.31378702999956, 0.0], [74.75959190836453, 34.314828961405915, 0.0], [74.75545792816027, 34.31578847164465, 0.0], [74.75047259319193, 34.31570401170954, 0.0], [74.74659760730476, 34.31406140359429, 0.0], [74.74585199282333, 34.31364592527536, 0.0], [74.72903699199632, 34.30427429002488, 0.0], [74.71987461244473, 34.298464074373086, 0.0], [74.71206487419771, 34.29519813675913, 0.0], [74.70356679738187, 34.2944718223086, 0.0], [74.69221990372094, 34.292490709696786, 0.0], [74.69243327834099, 34.28830075686317, 0.0], [74.6926698394586, 34.28474646419038, 0.0], [74.69056063990897, 34.281306764685674, 0.0], [74.68777936074257, 34.27726237216768, 0.0], [74.68490918971376, 34.27624279233248, 0.0], [74.68178488826544, 34.27612710864266, 0.0], [74.6766775141495, 34.27810357279081, 0.0], [74.67217191759515, 34.28098159525658, 0.0], [74.66692919579171, 34.281126926843534, 0.0], [74.66446185083035, 34.284795227025285, 0.0], [74.66168398245624, 34.28697004780762, 0.0], [74.65887304340053, 34.290525041345646, 0.0], [74.65607438421544, 34.28321216921101, 0.0], [74.65285224290962, 34.276703255609554, 0.0], [74.65529910602825, 34.26306188379913, 0.0], [74.655027627065, 34.26114672267755, 0.0], [74.6544091548547, 34.25678339235591, 0.0], [74.65420958163014, 34.25537531273104, 0.0], [74.65296977824978, 34.25000002834756, 0.0], [74.66659821309783, 34.250000732045095, 0.0], [74.68022665859786, 34.249999916054534, 0.0], [74.68026191474247, 34.24955133748021, 0.0], [74.68016369828784, 34.2488436699556, 0.0], [74.67871350999343, 34.247474115655486, 0.0], [74.67795345954328, 34.24711832612359, 0.0], [74.67695995544784, 34.246924970782075, 0.0], [74.67592323527884, 34.2468442251144, 0.0], [74.67511976038759, 34.24668679958244, 0.0], [74.6729914334838, 34.24566899480958, 0.0], [74.67043998457486, 34.24492174320297, 0.0], [74.66925663807935, 34.24488158137876, 0.0], [74.66807354856057, 34.24508039848164, 0.0], [74.66571282919455, 34.24590603129118, 0.0], [74.66377531976083, 34.2463393929323, 0.0], [74.66183771486948, 34.24657440739805, 0.0], [74.65857498972908, 34.24524117748594, 0.0], [74.65772247723741, 34.24449315148257, 0.0], [74.65767886040689, 34.24386660432393, 0.0], [74.65871485460794, 34.24225716441308, 0.0], [74.6589513089643, 34.24197706672236, 0.0], [74.65935387385979, 34.24138269006299, 0.0], [74.65935355718227, 34.24065246068358, 0.0], [74.65903296913444, 34.2397961635632, 0.0], [74.65839749571576, 34.23880019489853, 0.0], [74.65798328175168, 34.23847591481608, 0.0], [74.65945855703744, 34.23670034916421, 0.0], [74.66009060138495, 34.23593962939309, 0.0], [74.6642671309902, 34.23481736829431, 0.0], [74.6653389880372, 34.234529332633315, 0.0], [74.66258322035529, 34.23280042531825, 0.0], [74.65841409369565, 34.231523617690804, 0.0], [74.65324494860573, 34.23142570412981, 0.0], [74.65224475907729, 34.226943750050694, 0.0], [74.65141110899502, 34.22265110431519, 0.0], [74.65060127456265, 34.21841422315335, 0.0], [74.65225593253767, 34.214693680652665, 0.0], [74.65593533547307, 34.21174639274576, 0.0], [74.65881567463983, 34.210204063257066, 0.0], [74.66259628661535, 34.20792321582743, 0.0], [74.66454514228582, 34.20457239957952, 0.0], [74.66527079747479, 34.20182033689814, 0.0], [74.66674807186997, 34.1986491755784, 0.0], [74.66698962813498, 34.19813062367129, 0.0], [74.66705135836573, 34.19799810649336, 0.0], [74.66731107397408, 34.19744056205483, 0.0], [74.66855628627171, 34.19601807424575, 0.0], [74.67003445694796, 34.19432939719881, 0.0], [74.6721711095807, 34.19166236375267, 0.0], [74.67223229644925, 34.19152307767313, 0.0], [74.67407522566518, 34.18732764777243, 0.0], [74.6747851778684, 34.1861705009536, 0.0], [74.67606537350942, 34.18408383893543, 0.0], [74.67611744875603, 34.18399895660623, 0.0], [74.67652992430091, 34.183390273216304, 0.0], [74.67851043745247, 34.18046753837562, 0.0], [74.68101443457931, 34.17782950174827, 0.0], [74.68150224400596, 34.17739168310659, 0.0], [74.68401171900142, 34.17513929085444, 0.0], [74.68875333827776, 34.17373062025302, 0.0], [74.6916732043468, 34.17303034315498, 0.0], [74.69466249291251, 34.17112422400405, 0.0], [74.695341568054, 34.167734166886774, 0.0], [74.69697206591849, 34.164082831345794, 0.0], [74.69996204887268, 34.160408918968585, 0.0], [74.70150278148485, 34.15623232616235, 0.0], [74.69806221073223, 34.155006638141224, 0.0], [74.69806202317692, 34.15500657161614, 0.0], [74.69275226617475, 34.15250521236786, 0.0], [74.6927522331212, 34.152505196847336, 0.0], [74.68834174241708, 34.146596181875005, 0.0], [74.68834169518829, 34.14659611883185, 0.0], [74.68414996919215, 34.14160906141393, 0.0], [74.68414991753646, 34.14160900004012, 0.0], [74.68371481148394, 34.14115161322005, 0.0], [74.67894300801359, 34.136135096781985, 0.0], [74.6786055054174, 34.13622244075481, 0.0], [74.67347138364052, 34.13755104238635, 0.0], [74.67061617396686, 34.13713594815523, 0.0], [74.67069068278084, 34.14044826041634, 0.0], [74.6710778867038, 34.141075930555296, 0.0], [74.67153511743265, 34.14181710716226, 0.0], [74.67237956722232, 34.14318594860165, 0.0], [74.67348218742474, 34.14683884565785, 0.0], [74.67035577583, 34.15006748830601, 0.0], [74.66775805453938, 34.15302314271246, 0.0], [74.66474732835378, 34.15648822642503, 0.0], [74.66322184054002, 34.15946776439431, 0.0], [74.66304200269697, 34.1622911237436, 0.0], [74.66229157549493, 34.16543656414419, 0.0], [74.66197228431007, 34.16677482374234, 0.0], [74.65876794848526, 34.16712109713116, 0.0], [74.65600971691815, 34.16496532620982, 0.0], [74.65290695806573, 34.16437719395014, 0.0], [74.649055769171, 34.16229798310845, 0.0], [74.64181109129584, 34.15935018332661, 0.0], [74.63755638013305, 34.1600998960185, 0.0], [74.63739503234645, 34.16582156748279, 0.0], [74.63738358370689, 34.16622752632637, 0.0], [74.63713209144758, 34.17360492914248, 0.0], [74.63557773698336, 34.17937643695634, 0.0], [74.63023615653523, 34.17692140527941, 0.0], [74.62119364953274, 34.17504803010691, 0.0], [74.6169968515672, 34.17497266915779, 0.0], [74.60995004353259, 34.175324482662916, 0.0], [74.59869929481431, 34.17709592016335, 0.0], [74.59020650332414, 34.18192997101973, 0.0], [74.58415494295078, 34.18446614918984, 0.0], [74.58071938926221, 34.18522927109606, 0.0], [74.57609854139118, 34.187218989398374, 0.0], [74.5727882164657, 34.188681515817265, 0.0], [74.57545637639453, 34.19162494840477, 0.0], [74.57733357337258, 34.19592015758334, 0.0], [74.57854814809517, 34.1993986812624, 0.0], [74.57860592950742, 34.19956415957432, 0.0], [74.57980380547355, 34.20318080358042, 0.0], [74.5800555836553, 34.20637600169753, 0.0], [74.58037643519697, 34.20818430203366, 0.0], [74.58063844522034, 34.20966093535198, 0.0], [74.5805487530873, 34.21336726574628, 0.0], [74.58057894731608, 34.21687054879966, 0.0], [74.58042209958742, 34.220690224930685, 0.0], [74.58057576948927, 34.22582913597553, 0.0], [74.582331989006, 34.22975541784577, 0.0], [74.58247973805612, 34.233548472600624, 0.0], [74.58144840348261, 34.237993297885836, 0.0], [74.57889372371528, 34.24035150638769, 0.0], [74.57887456616233, 34.24036918973457, 0.0], [74.5787826411357, 34.24041329956041, 0.0], [74.57657283898, 34.2395873737422, 0.0], [74.5753681411045, 34.23913708700771, 0.0], [74.56859390476448, 34.23453965788974, 0.0], [74.56323440601531, 34.230049012925775, 0.0], [74.5586286908968, 34.22871989121737, 0.0], [74.55464779296932, 34.22997308710416, 0.0], [74.55070341833137, 34.23367943230626, 0.0], [74.54973030995816, 34.23497164420441, 0.0], [74.54715380351448, 34.238392834104346, 0.0], [74.54703952173358, 34.238465474922556, 0.0], [74.54698646028054, 34.23849920311789, 0.0], [74.54695895642806, 34.238516685304575, 0.0], [74.54600932736092, 34.23912911986052, 0.0], [74.5460089351203, 34.23912937514598, 0.0], [74.54597671461109, 34.23915061444698, 0.0], [74.5459557185328, 34.23916445377098, 0.0], [74.54591597047157, 34.239190655106086, 0.0], [74.54591106606314, 34.23919388775913, 0.0], [74.54590729836143, 34.23919637137085, 0.0], [74.54571193545549, 34.23932514870321, 0.0], [74.5456142122518, 34.239389564435605, 0.0], [74.54557511280963, 34.23941533762347, 0.0], [74.54552783541462, 34.23944613788652, 0.0], [74.54552705879901, 34.23944664327733, 0.0], [74.5452659951153, 34.23961672379564, 0.0], [74.54521603694279, 34.23964927048891, 0.0], [74.54514425282579, 34.23969603695514, 0.0], [74.54508888277952, 34.239732109440006, 0.0], [74.54493736598316, 34.23982852528596, 0.0], [74.54461197080704, 34.240040826489064, 0.0], [74.54455227659501, 34.240077192271016, 0.0], [74.54453343698243, 34.24008866974532, 0.0], [74.54420058485643, 34.240291442274376, 0.0], [74.54410354096912, 34.24035174899752, 0.0], [74.54409234680216, 34.24035854158861, 0.0], [74.54386904289078, 34.240494044416344, 0.0], [74.54381243820416, 34.24052839234925, 0.0], [74.543768687592, 34.24055494036482, 0.0], [74.54376496629294, 34.24055719824094, 0.0], [74.54369158535856, 34.24060172595416, 0.0], [74.54365406041843, 34.24062449648368, 0.0], [74.54360455616391, 34.24065453570112, 0.0], [74.54360083516978, 34.240656740183745, 0.0], [74.54310144703867, 34.24095258118152, 0.0], [74.54261286431752, 34.24123510172836, 0.0], [74.54259599534481, 34.24124497705228, 0.0], [74.54236637258805, 34.24137940265392, 0.0], [74.54156803705744, 34.241817887742435, 0.0], [74.54150755280213, 34.24185077855754, 0.0], [74.54147642562053, 34.24186770501794, 0.0], [74.54144412546346, 34.24188526889246, 0.0], [74.5414076756218, 34.24190509036273, 0.0], [74.54125070433784, 34.24199044881591, 0.0], [74.53891544356314, 34.243395242182665, 0.0], [74.53863280563263, 34.24374662014325, 0.0], [74.53870862082451, 34.24396298737575, 0.0], [74.53901772004454, 34.24421567436313, 0.0], [74.53932691038739, 34.24443219732381, 0.0], [74.53965753161712, 34.24490122641709, 0.0], [74.53993912731454, 34.245559548008806, 0.0], [74.5398624349063, 34.246222026214625, 0.0], [74.53965502319072, 34.24741637218052, 0.0], [74.5388153223316, 34.24844122800221, 0.0], [74.53797560441649, 34.24946607959454, 0.0], [74.53794167327203, 34.24949454091735, 0.0], [74.53793161456845, 34.24950667757644, 0.0], [74.53771737353236, 34.249679384657576, 0.0], [74.53750313073337, 34.24985209223403, 0.0], [74.5374749534541, 34.24999997802358, 0.0], [74.53747475548982, 34.25000099615406, 0.0], [74.53743220129313, 34.25021981202784, 0.0], [74.53742939543334, 34.250234241219495, 0.0], [74.53742652091542, 34.250249020259716, 0.0], [74.53742242563993, 34.250270077161986, 0.0], [74.5374212019465, 34.25027637122076, 0.0], [74.5374210667223, 34.25027665285792, 0.0], [74.53742098082664, 34.250277091751016, 0.0], [74.53714370902037, 34.25085313468536, 0.0], [74.53713004717824, 34.25087030485244, 0.0], [74.53710455399806, 34.25090234651972, 0.0], [74.53710117991005, 34.2509065874482, 0.0], [74.53708789089289, 34.25092328904316, 0.0], [74.53664908036286, 34.251474801989495, 0.0], [74.53604577566323, 34.252285802996404, 0.0], [74.53509471757972, 34.253290280948804, 0.0], [74.53404043008226, 34.25439834193102, 0.0], [74.53283923358732, 34.25580822075518, 0.0], [74.53248578163658, 34.256353390887725, 0.0], [74.5321323274799, 34.25689855929445, 0.0], [74.53199610797276, 34.25736271399237, 0.0], [74.53185988847305, 34.257826867873185, 0.0], [74.53189198054505, 34.258297932611484, 0.0], [74.53192407387925, 34.25876899842099, 0.0], [74.53184761720328, 34.25914982449705, 0.0], [74.53177115994502, 34.25953065184582, 0.0], [74.53153195323655, 34.25990905320571, 0.0], [74.53139578731975, 34.260274048811254, 0.0], [74.53103145125134, 34.26088680986627, 0.0], [74.53061821430688, 34.26146348957047, 0.0], [74.530117732821, 34.262384878437835, 0.0], [74.52961724336652, 34.26330626470779, 0.0], [74.52932898464705, 34.26377032941732, 0.0], [74.52915775372705, 34.26394372601588, 0.0], [74.52898652221477, 34.26411712414515, 0.0], [74.52870133730646, 34.26427240698801, 0.0], [74.52841615159872, 34.264427690171985, 0.0], [74.52775906676882, 34.26454889286018, 0.0], [74.52744400808926, 34.264704147219156, 0.0], [74.52712894744262, 34.26485940177861, 0.0], [74.52696322996432, 34.26498772550593, 0.0], [74.52679751208025, 34.265116049918205, 0.0], [74.52678067453475, 34.26556230604047, 0.0], [74.5267419915074, 34.26610768104637, 0.0], [74.52701771599153, 34.26714910983534, 0.0], [74.52725068582905, 34.26758199002598, 0.0], [74.52759148969515, 34.26862348757685, 0.0], [74.52784544746201, 34.269714522153045, 0.0], [74.52790943385216, 34.27078281930972, 0.0], [74.52822717348121, 34.27305929592087, 0.0], [74.52857339087103, 34.274168449941705, 0.0], [74.52925040149293, 34.27566991032777, 0.0], [74.53005775942272, 34.27714003306235, 0.0], [74.53020927646415, 34.27765394102859, 0.0], [74.53077225350357, 34.2791779527508, 0.0], [74.53112392839049, 34.28039065030344, 0.0], [74.53101436488316, 34.28126050614909, 0.0], [74.53087779546941, 34.281945560872785, 0.0], [74.53066547167903, 34.28245924808592, 0.0], [74.5302736962947, 34.283220701995674, 0.0], [74.52979434689914, 34.284527522889206, 0.0], [74.52922300317154, 34.285572815078766, 0.0], [74.52848375658786, 34.28613569573024, 0.0], [74.52721748074458, 34.287058718097384, 0.0], [74.52653799945303, 34.287635075357855, 0.0], [74.5262873633628, 34.288347100382886, 0.0], [74.52606681308617, 34.28934221342396, 0.0], [74.52466739406667, 34.29175929358936, 0.0], [74.52457352608535, 34.29192141667299, 0.0], [74.52449866188184, 34.29205071725105, 0.0], [74.52449113731963, 34.292063714213214, 0.0], [74.52444073856671, 34.29215076023283, 0.0], [74.52431930437884, 34.29236049397594, 0.0], [74.52417931162302, 34.2926022786827, 0.0], [74.52211130355282, 34.291812572054845, 0.0], [74.52179127808954, 34.29169036227306, 0.0], [74.52077903228421, 34.29130380103135, 0.0], [74.51892846882943, 34.290597119263964, 0.0], [74.51876853391248, 34.29051000938314, 0.0], [74.5186685261595, 34.290455540182066, 0.0], [74.51863160616325, 34.29043543098967, 0.0], [74.51846031120684, 34.290342133305955, 0.0], [74.51806030969801, 34.29012426699076, 0.0], [74.51767241653025, 34.289912990388025, 0.0], [74.51599536305332, 34.28918580841052, 0.0], [74.51533832817742, 34.28907255562293, 0.0], [74.51446968518869, 34.28893203818268, 0.0], [74.51278655447717, 34.28858797901882, 0.0], [74.51045991853017, 34.288219115569255, 0.0], [74.51263793579805, 34.29016542343207, 0.0], [74.51378211942556, 34.29146013656757, 0.0], [74.5144545398749, 34.29215036404352, 0.0], [74.51490757589654, 34.29254143130818, 0.0], [74.51545813246206, 34.293016674016634, 0.0], [74.51582702538856, 34.293377605101746, 0.0], [74.51626155565808, 34.294222546738396, 0.0], [74.51656916297098, 34.29482067886973, 0.0], [74.51675253408693, 34.29518934631307, 0.0], [74.51692130490687, 34.29552865670212, 0.0], [74.51810167361418, 34.29836931138611, 0.0], [74.51816308988843, 34.29850636466886, 0.0], [74.51889784843155, 34.30014599118626, 0.0], [74.5197017687026, 34.30153203637352, 0.0], [74.51979759732278, 34.301697252146596, 0.0], [74.52044807826341, 34.30267594715572, 0.0], [74.52068637046138, 34.30331168183467, 0.0], [74.52095130660425, 34.30423141809407, 0.0], [74.52107005257068, 34.306421527647736, 0.0], [74.52113192323566, 34.307562603113695, 0.0], [74.52100843278104, 34.31084693379125, 0.0], [74.52021656789509, 34.31352564138482, 0.0], [74.52002046290761, 34.31418901869319, 0.0], [74.51996927123498, 34.31436219084783, 0.0], [74.51894366360024, 34.317846664180365, 0.0], [74.51906630131377, 34.32230638418375, 0.0], [74.51913084639729, 34.32260087621244, 0.0], [74.5191964131816, 34.32290002813579, 0.0], [74.51994634728605, 34.32632151610187, 0.0], [74.52184499142764, 34.32982083477024, 0.0], [74.52307988419187, 34.330751008109196, 0.0], [74.52367030354691, 34.33119572848843, 0.0], [74.52549565865037, 34.33257059511969, 0.0], [74.52583575644246, 34.33337362940815, 0.0], [74.52629831884128, 34.33446580254521, 0.0], [74.5273420680859, 34.33693014581705, 0.0], [74.52757302610175, 34.340051350090924, 0.0], [74.5288810122464, 34.34306843199628, 0.0], [74.52993753210066, 34.34827902100227, 0.0], [74.53083539107911, 34.35213074011175, 0.0], [74.5317884541722, 34.35526071400087, 0.0], [74.52857545817648, 34.3585250413234, 0.0], [74.52537426953108, 34.36027039306823, 0.0], [74.52366677912974, 34.363691051010896, 0.0], [74.52176090782777, 34.36653663695445, 0.0], [74.51797687681494, 34.36934582925927, 0.0], [74.51704067299852, 34.371009715573386, 0.0], [74.51535597645227, 34.374003719727924, 0.0], [74.5149088497025, 34.377051230693596, 0.0], [74.51523089126084, 34.38121489430115, 0.0], [74.51196143979315, 34.385215571698, 0.0], [74.5093518888212, 34.38967854685185, 0.0], [74.50979808194403, 34.39380770830463, 0.0], [74.50977627315613, 34.400229870251856, 0.0], [74.5054523353946, 34.407902859954696, 0.0], [74.50202285429629, 34.41142305134066, 0.0], [74.49913817428788, 34.41438378060826, 0.0], [74.49129721046872, 34.419380378722266, 0.0], [74.48806583936653, 34.42291629628294, 0.0], [74.48231564034575, 34.429990880955295, 0.0], [74.48191366078767, 34.43036703857471, 0.0], [74.48178195323302, 34.43049028417092, 0.0], [74.47951388413493, 34.43261257961228, 0.0], [74.47720939767954, 34.43735935124627, 0.0], [74.47916167789205, 34.44454246697751, 0.0], [74.48295171038944, 34.458842802346545, 0.0], [74.4851169789786, 34.46247874443517, 0.0], [74.4900403916194, 34.46620502924007, 0.0], [74.49301179817164, 34.46796080190019, 0.0], [74.49376684983869, 34.468406935003124, 0.0], [74.49667519524, 34.47012530531722, 0.0], [74.50032826376753, 34.472283530979965, 0.0], [74.5006565923829, 34.47247749600855, 0.0], [74.50889975474215, 34.47810878184299, 0.0], [74.51373046608902, 34.48175489656893, 0.0], [74.51780727850203, 34.48421519540705, 0.0], [74.51907873995042, 34.491577777309864, 0.0], [74.52010549204044, 34.49781944495424, 0.0], [74.52057043363111, 34.50064584408313, 0.0], [74.52057043751397, 34.50064587766563, 0.0], [74.52082701305811, 34.501991955299296, 0.0], [74.53157906424376, 34.50938172755474, 0.0], [74.53395525263053, 34.511267342587544, 0.0], [74.53395530840503, 34.51126738778204, 0.0], [74.533058562341, 34.51555827670529, 0.0], [74.53301787263088, 34.51575296709104, 0.0], [74.53234181973498, 34.51898784498041, 0.0], [74.53344389751442, 34.52389543613044, 0.0], [74.53407945716319, 34.52941686713997, 0.0], [74.53136551778125, 34.53807919422631, 0.0], [74.5281015496155, 34.54287603184258, 0.0], [74.52235345522547, 34.548683630486785, 0.0], [74.52235341743882, 34.54868366724291, 0.0], [74.52235340316348, 34.54868376171399, 0.0], [74.52180101090842, 34.55227699763391, 0.0], [74.52173519580565, 34.552705097059786, 0.0], [74.52303209245281, 34.55585537206828, 0.0], [74.5238360136891, 34.55780806023455, 0.0], [74.52571153082238, 34.560950591052325, 0.0], [74.52779950294041, 34.56840485124296, 0.0], [74.52896529369919, 34.57154458080888, 0.0], [74.53178705558688, 34.57488661277343, 0.0], [74.53247525231986, 34.57880827898781, 0.0], [74.53316351155327, 34.582729938829466, 0.0], [74.53716845146701, 34.58627231426413, 0.0], [74.54164508975478, 34.590208231642606, 0.0], [74.54468443781202, 34.597273844606825, 0.0], [74.54748643439325, 34.60453444723226, 0.0], [74.54768710454809, 34.61119751043056, 0.0], [74.54644710401325, 34.618157804029934, 0.0], [74.5464311136761, 34.62109699671429, 0.0], [74.54736146709425, 34.624235654099266, 0.0], [74.55019524684903, 34.625813736863044, 0.0], [74.55374077110278, 34.627198409987976, 0.0], [74.55893721515721, 34.62996061098203, 0.0], [74.56080945357772, 34.634278264861976, 0.0], [74.563857125527, 34.64036364391059, 0.0], [74.56524579828451, 34.646638989535006, 0.0], [74.565190797652, 34.65402104706914, 0.0], [74.56373323161236, 34.660874060839966, 0.0], [74.5629863510749, 34.66772959780494, 0.0], [74.56295341887152, 34.673999837676135, 0.0], [74.5650464235433, 34.68164931453123, 0.0], [74.56667389593994, 34.68772950814331, 0.0], [74.56949497813933, 34.69224631277455, 0.0], [74.57374475562301, 34.69559236732409, 0.0], [74.57822995318782, 34.69933098400274, 0.0], [74.58645631348953, 34.70674313396132, 0.0], [74.59093882643731, 34.7112650626391, 0.0], [74.59399721810969, 34.71617398228371, 0.0], [74.59799690441852, 34.72265351039843, 0.0], [74.60610493169409, 34.73776792337741, 0.0], [74.59978949184752, 34.74998171029998, 0.0], [74.59811972885161, 34.756301067836226, 0.0], [74.59180410212491, 34.765291735635195, 0.0], [74.58168076031741, 34.772482628640205, 0.0], [74.57248616435825, 34.77607633974107, 0.0], [74.56821376731493, 34.77768372452865, 0.0], [74.56570600380985, 34.77834526738326, 0.0], [74.54480877361733, 34.78221550646297, 0.0], [74.5314343399229, 34.78381598484547, 0.0], [74.52019812879321, 34.78305044125316, 0.0], [74.51323161298639, 34.78418055939662, 0.0], [74.50630540597112, 34.786022562393214, 0.0], [74.49976321612661, 34.788255764012405, 0.0], [74.49240806364297, 34.78561772578391, 0.0], [74.48552478561906, 34.78326241935966, 0.0], [74.48180909462569, 34.782544635886836, 0.0], [74.47737381480641, 34.78290901358464, 0.0], [74.4698219421183, 34.785687060644214, 0.0], [74.46214896510868, 34.78798237975256, 0.0], [74.45627701839149, 34.78895102402754, 0.0], [74.45015730626423, 34.7878687446749, 0.0], [74.44368107532104, 34.78498362161902, 0.0], [74.43768728606777, 34.783661782250554, 0.0], [74.43156892732111, 34.78378197554541, 0.0], [74.42737400986425, 34.784626741371774, 0.0], [74.42269917777611, 34.78703995343397, 0.0], [74.41672336589959, 34.788610645445445, 0.0], [74.41168637363648, 34.78861237416025, 0.0], [74.40137632182434, 34.78523930608672, 0.0], [74.39657959876584, 34.78427571852106, 0.0], [74.3929796577497, 34.78500195156485, 0.0], [74.38578552998473, 34.78873475835185, 0.0], [74.37763457628986, 34.790785971599206, 0.0], [74.37271765271126, 34.79030372051901, 0.0], [74.36841235876638, 34.78898727026742, 0.0], [74.35971576048011, 34.78632762890482, 0.0], [74.35228084588667, 34.78524027266824, 0.0], [74.34149119973155, 34.78608070897774, 0.0], [74.335016807075, 34.787764435606064, 0.0], [74.33019248076539, 34.79113474820852, 0.0], [74.34687507663001, 34.796169142272525, 0.0], [74.3771031248436, 34.80210622540522, 0.0], [74.39136329943585, 34.80433630243187, 0.0], [74.41351964394983, 34.80985404699232, 0.0], [74.41820431275033, 34.81480010568949, 0.0], [74.42524515550672, 34.81735312098792, 0.0], [74.42992871577346, 34.82238880447081, 0.0], [74.4319779151944, 34.83224515710654, 0.0], [74.43402642462539, 34.846516921825206, 0.0], [74.4464372314456, 34.85312453590203, 0.0], [74.45631093496526, 34.86067953942124, 0.0], [74.46227685321595, 34.86267189849398, 0.0], [74.4782987637812, 34.864921494234345, 0.0], [74.49020218519435, 34.865659329241396, 0.0], [74.50143041105257, 34.87170131488586, 0.0], [74.50908384317368, 34.87182687249038, 0.0], [74.52359445602443, 34.86422407859522, 0.0], [74.53908459119414, 34.86591644152403, 0.0], [74.54486027106968, 34.87141594911762, 0.0], [74.5548545637926, 34.87896500682149, 0.0], [74.56788325981658, 34.88313751410305, 0.0], [74.57136559576514, 34.88859919362204, 0.0], [74.57283985935705, 34.90042693840102, 0.0], [74.5770112387755, 34.91391907350994, 0.0], [74.59031744424153, 34.9158408757504, 0.0], [74.59652723957993, 34.921795330230346, 0.0], [74.60422865623299, 34.92479921239703, 0.0], [74.62008409596238, 34.92062998603579, 0.0], [74.63433615084311, 34.909856090197465, 0.0]]]}}, {"type": "Feature", "properties": {"district_id": "ganderbal", "display_name": "Ganderbal", "source_name": "GANDERBAL", "state_ut": "Jammu and Kashmir", "objectid": 13, "dist_lgd": "011"}, "geometry": {"type": "Polygon", "coordinates": [[[74.9406737151912, 34.46385943260728, 0.0], [74.94414263247923, 34.4629811733412, 0.0], [74.94794784246477, 34.4632107163581, 0.0], [74.94914295537038, 34.461167965093836, 0.0], [74.94994397894281, 34.45979875850264, 0.0], [74.95003784172349, 34.459638313443016, 0.0], [74.95008388403703, 34.45955961123208, 0.0], [74.95026132648893, 34.45791724642826, 0.0], [74.95029121440842, 34.45764060349914, 0.0], [74.95034589960815, 34.4571344446546, 0.0], [74.95039329733268, 34.456695723062495, 0.0], [74.95054637363594, 34.452996619180986, 0.0], [74.95445878562691, 34.450352829870994, 0.0], [74.95876217691395, 34.44854471300528, 0.0], [74.96176390554692, 34.445659065747954, 0.0], [74.96676179138004, 34.44494432963153, 0.0], [74.97093721501918, 34.44465261688123, 0.0], [74.97431568523189, 34.4445011901067, 0.0], [74.97884892066331, 34.44432951442463, 0.0], [74.98296637216743, 34.444534374816854, 0.0], [74.98695076556687, 34.44488123562116, 0.0], [74.99152789336422, 34.44432212976848, 0.0], [74.99436309528114, 34.44350052258947, 0.0], [74.99829845376269, 34.442240654262854, 0.0], [75.00323587469467, 34.4428622221734, 0.0], [75.0074651494372, 34.4434516743186, 0.0], [75.00859471652895, 34.440855224878874, 0.0], [75.01128504057316, 34.439334081254465, 0.0], [75.01412686816258, 34.439189433269625, 0.0], [75.01761251774928, 34.4384756303572, 0.0], [75.01768837626516, 34.43536731864997, 0.0], [75.01769838481223, 34.43495718871337, 0.0], [75.01814532400256, 34.43122381016069, 0.0], [75.01927863251127, 34.42795414520989, 0.0], [75.02071450547996, 34.42500754632692, 0.0], [75.0219993477147, 34.422215869414416, 0.0], [75.02537702382013, 34.419518084679716, 0.0], [75.02828585219882, 34.418553796381126, 0.0], [75.03052153097737, 34.416406431911454, 0.0], [75.03321672164705, 34.41512614218437, 0.0], [75.03642294303829, 34.41511269498448, 0.0], [75.03945258697665, 34.41483087961179, 0.0], [75.04321126577629, 34.41429402441306, 0.0], [75.04661594772226, 34.41254716667044, 0.0], [75.04881967389323, 34.41037771702381, 0.0], [75.05175731738626, 34.409619234306845, 0.0], [75.05599644259509, 34.40911159016688, 0.0], [75.05894109640317, 34.40763781138087, 0.0], [75.06200217827679, 34.40668311479576, 0.0], [75.06713502403491, 34.403933463452425, 0.0], [75.06974570472401, 34.401863881591076, 0.0], [75.07261440398776, 34.39776285018577, 0.0], [75.07071477104793, 34.39470602473611, 0.0], [75.07182189225674, 34.392000055694645, 0.0], [75.07451108686543, 34.39055737384382, 0.0], [75.07684006454808, 34.38713075528454, 0.0], [75.08043202737727, 34.38437975896832, 0.0], [75.08364224939739, 34.38130333629139, 0.0], [75.08590784257858, 34.37913782033549, 0.0], [75.08987748387011, 34.37589200293267, 0.0], [75.09465067085162, 34.37336779566023, 0.0], [75.09994290067084, 34.37123365224603, 0.0], [75.1037371757861, 34.37223181170942, 0.0], [75.10787864498126, 34.36926974915158, 0.0], [75.11210123189987, 34.36867032536116, 0.0], [75.11388185606849, 34.36485091971444, 0.0], [75.11740612906807, 34.363819653611394, 0.0], [75.12042966705555, 34.361381282344624, 0.0], [75.12222886219978, 34.35747603433713, 0.0], [75.12607950616871, 34.35413827029981, 0.0], [75.12881701450642, 34.351140968907536, 0.0], [75.1341343349034, 34.35100247587792, 0.0], [75.13886557694464, 34.35038952826481, 0.0], [75.14365797205673, 34.34828840723842, 0.0], [75.14718895367349, 34.34557755888008, 0.0], [75.15288516421714, 34.3454341710648, 0.0], [75.15745391527734, 34.3475184470767, 0.0], [75.16176979059358, 34.34971830479602, 0.0], [75.16411968024296, 34.35238934063196, 0.0], [75.16686867053036, 34.35317608683041, 0.0], [75.16972289168575, 34.35247979836, 0.0], [75.17300519783174, 34.352029479582924, 0.0], [75.17606809652207, 34.352742045427505, 0.0], [75.17874816029914, 34.35387231340255, 0.0], [75.18311400227094, 34.3563313033072, 0.0], [75.18650069484951, 34.359153081206934, 0.0], [75.19107770013159, 34.3599105816553, 0.0], [75.19582993514179, 34.36371890827319, 0.0], [75.19782021751693, 34.367901356357535, 0.0], [75.19771983475283, 34.37124287932706, 0.0], [75.19608753714688, 34.374499121977806, 0.0], [75.20011218115563, 34.378565369019505, 0.0], [75.19847134128622, 34.38331837773653, 0.0], [75.20225883230535, 34.384900013431405, 0.0], [75.20649323654068, 34.3853287011033, 0.0], [75.2099716596883, 34.38495025827967, 0.0], [75.2138611551919, 34.383352473976224, 0.0], [75.21733982740332, 34.38018122216976, 0.0], [75.21751783738783, 34.38005659099858, 0.0], [75.2218855510261, 34.376998444117575, 0.0], [75.225617155309, 34.375881361440385, 0.0], [75.23016450080189, 34.37475966628428, 0.0], [75.23312459238056, 34.373084096819966, 0.0], [75.23625898256567, 34.370210048298745, 0.0], [75.24015484555046, 34.37181519158538, 0.0], [75.24483910421391, 34.37358376303809, 0.0], [75.24963847819177, 34.375062413390495, 0.0], [75.25392356977996, 34.37557176764431, 0.0], [75.25827575486993, 34.37621486716041, 0.0], [75.26317052025634, 34.37510327888762, 0.0], [75.26467862846366, 34.37178669332024, 0.0], [75.26700383869832, 34.369285167255185, 0.0], [75.2695396599683, 34.36638765937309, 0.0], [75.26975384327764, 34.366134008487286, 0.0], [75.27227006804821, 34.363153999304316, 0.0], [75.27227987607915, 34.36314238336536, 0.0], [75.27229417400191, 34.36312544902936, 0.0], [75.27235603987451, 34.363052177693554, 0.0], [75.27243924575639, 34.36305554937018, 0.0], [75.27249168653239, 34.363057673902, 0.0], [75.27253044787457, 34.36305924398313, 0.0], [75.27664766448206, 34.36322601096802, 0.0], [75.28020688186723, 34.36328735290082, 0.0], [75.28366994832143, 34.362598072409746, 0.0], [75.28726795340854, 34.36303789362149, 0.0], [75.29099085613201, 34.361325459440906, 0.0], [75.29422141859871, 34.36350466183871, 0.0], [75.29732527905293, 34.36469770723325, 0.0], [75.30112698467926, 34.36521802823526, 0.0], [75.30518903585426, 34.363974465058305, 0.0], [75.31016584593333, 34.36578124790391, 0.0], [75.31520991726165, 34.36595281376177, 0.0], [75.3174629902091, 34.3629035431933, 0.0], [75.32106996681703, 34.358738062722075, 0.0], [75.32685060170273, 34.35801586436188, 0.0], [75.33014415165395, 34.357360518700986, 0.0], [75.33254176614848, 34.35947382119313, 0.0], [75.33485275344887, 34.36306436190951, 0.0], [75.33597950240518, 34.36769081196937, 0.0], [75.3367949545848, 34.37126429481766, 0.0], [75.33991144132234, 34.37432216975394, 0.0], [75.3438778405822, 34.37533981187505, 0.0], [75.34737694589217, 34.37672551338598, 0.0], [75.35066385586475, 34.379173719355286, 0.0], [75.35265675790887, 34.38271912894926, 0.0], [75.35503385194119, 34.385042339369065, 0.0], [75.35822063677085, 34.385439070594245, 0.0], [75.36334233568446, 34.38846162360135, 0.0], [75.36697742496807, 34.391143630926734, 0.0], [75.36697494636434, 34.39103007824639, 0.0], [75.36710528009849, 34.390999719729756, 0.0], [75.36714802136726, 34.39098976461841, 0.0], [75.3673909027314, 34.390933191003846, 0.0], [75.36780685837255, 34.390836303613874, 0.0], [75.37001980628574, 34.38992590993322, 0.0], [75.37212944066147, 34.38876300789645, 0.0], [75.37327672561334, 34.3880643848479, 0.0], [75.37595176516798, 34.38754603124479, 0.0], [75.37713697410314, 34.38714034959594, 0.0], [75.37771554179291, 34.38570126409526, 0.0], [75.37795242097586, 34.38511205745241, 0.0], [75.37853944983299, 34.38326392996327, 0.0], [75.37878408734936, 34.38205598525345, 0.0], [75.37795764566829, 34.38007731268296, 0.0], [75.37738132210936, 34.37817515011724, 0.0], [75.3772344310514, 34.37743592284753, 0.0], [75.37664190997884, 34.37679140720329, 0.0], [75.37675600499553, 34.37567359811949, 0.0], [75.37507080966044, 34.37487578464083, 0.0], [75.37372735453982, 34.3726060194414, 0.0], [75.37348343689156, 34.372193907773436, 0.0], [75.37338018729588, 34.37149972259518, 0.0], [75.37505442106352, 34.37071100324998, 0.0], [75.37706577489818, 34.370431478700276, 0.0], [75.37845186057379, 34.37027370901201, 0.0], [75.38153922531744, 34.368236178679574, 0.0], [75.38228937031258, 34.36752851577093, 0.0], [75.38333024138312, 34.367043863134036, 0.0], [75.38369550056149, 34.366873786548055, 0.0], [75.38437110058513, 34.366559202309794, 0.0], [75.38570816721743, 34.36613997405112, 0.0], [75.38364779131614, 34.36389087992705, 0.0], [75.38302806866385, 34.36275507038282, 0.0], [75.38223976428719, 34.36122712624461, 0.0], [75.3812722697112, 34.36015443913589, 0.0], [75.38056561842947, 34.35914036409352, 0.0], [75.3805056966652, 34.358297427773664, 0.0], [75.38197847080801, 34.35622394788395, 0.0], [75.38223175728136, 34.35585788548428, 0.0], [75.38269580211482, 34.35518721544776, 0.0], [75.38360873005762, 34.354817492404194, 0.0], [75.38445117472847, 34.35432614707832, 0.0], [75.38475541890261, 34.354015141668555, 0.0], [75.38467924986521, 34.35286121516971, 0.0], [75.38493995062596, 34.3522076491599, 0.0], [75.38538019396053, 34.35205881503655, 0.0], [75.38552681310875, 34.35109429336014, 0.0], [75.3859016460093, 34.350363981264046, 0.0], [75.3857711514319, 34.3498862404095, 0.0], [75.38531463519334, 34.349494118020154, 0.0], [75.38357550396667, 34.34859729542058, 0.0], [75.38277385166732, 34.34715358654441, 0.0], [75.38199380618326, 34.34574874863984, 0.0], [75.38131986812574, 34.3452349100581, 0.0], [75.3800645549883, 34.344933001527906, 0.0], [75.37835816203848, 34.34451388302611, 0.0], [75.37696702779212, 34.34327887407345, 0.0], [75.37596171062161, 34.342269205049185, 0.0], [75.37601596945099, 34.34195375637426, 0.0], [75.37760812483494, 34.34069611818828, 0.0], [75.37904265580073, 34.34010558386558, 0.0], [75.38163447344425, 34.338311539366345, 0.0], [75.38291141113423, 34.337770510537986, 0.0], [75.38397629642695, 34.33672023556599, 0.0], [75.38366636073201, 34.33538604001254, 0.0], [75.38373146969913, 34.33397527557645, 0.0], [75.38395947467934, 34.332384083185275, 0.0], [75.38405163999097, 34.3309957788808, 0.0], [75.38452421461292, 34.329593925166826, 0.0], [75.38467075597451, 34.328237193477406, 0.0], [75.38557786657218, 34.32706520010811, 0.0], [75.3871912319835, 34.32505027754677, 0.0], [75.38826131609466, 34.323806052046436, 0.0], [75.3897006183445, 34.32190374559217, 0.0], [75.39163437037492, 34.32024929040099, 0.0], [75.39336700458236, 34.31848659768093, 0.0], [75.39520290574639, 34.31722875728589, 0.0], [75.39605015054596, 34.316719278524424, 0.0], [75.39608254874089, 34.315957481274374, 0.0], [75.39540107128268, 34.31477370141342, 0.0], [75.39539240282619, 34.314758643704344, 0.0], [75.39356688250272, 34.313780798120284, 0.0], [75.39138281470586, 34.31230273911523, 0.0], [75.39027443595678, 34.31103179782229, 0.0], [75.38933450921216, 34.30951735503855, 0.0], [75.38926872720208, 34.306731783280725, 0.0], [75.38891552879093, 34.30548322623945, 0.0], [75.38930649428414, 34.304883704161156, 0.0], [75.39064771483761, 34.30308964387366, 0.0], [75.39195633502385, 34.30121432638826, 0.0], [75.39245026455404, 34.29942024780045, 0.0], [75.39284077249908, 34.29707637581666, 0.0], [75.39378550891757, 34.29579606645458, 0.0], [75.39738546981387, 34.292807015727114, 0.0], [75.3994862530944, 34.289791101006585, 0.0], [75.40197247883994, 34.28661281686811, 0.0], [75.4034977640245, 34.28468778210552, 0.0], [75.40457817036629, 34.28387166069267, 0.0], [75.4056533051493, 34.28392997258625, 0.0], [75.406082672867, 34.284831383882945, 0.0], [75.4073860273891, 34.28496630272156, 0.0], [75.41088851861984, 34.284690368430375, 0.0], [75.412728954372, 34.2838964249238, 0.0], [75.41323942077766, 34.28383770813477, 0.0], [75.41491681625052, 34.28272827585947, 0.0], [75.4166217784505, 34.28232658215246, 0.0], [75.41922254322549, 34.28188843627132, 0.0], [75.4194888884767, 34.282271438171996, 0.0], [75.42010836593226, 34.283118670058606, 0.0], [75.42262844173537, 34.283902001694116, 0.0], [75.4238120770076, 34.28371213417964, 0.0], [75.42498986110418, 34.282598339720984, 0.0], [75.42612444565948, 34.28218766917436, 0.0], [75.4276397423601, 34.28261978330948, 0.0], [75.42926962290525, 34.283098720744064, 0.0], [75.43087138216782, 34.2835693748542, 0.0], [75.43157182157024, 34.28346085291235, 0.0], [75.432684573664, 34.28277973709595, 0.0], [75.43366709648424, 34.28234202682908, 0.0], [75.43500818935898, 34.28212498027063, 0.0], [75.43684388698712, 34.28250723416336, 0.0], [75.43736513895497, 34.2824799429954, 0.0], [75.43769593072489, 34.281907264736304, 0.0], [75.43767880584625, 34.280762439204, 0.0], [75.43847650934009, 34.28005885711942, 0.0], [75.4394915347933, 34.27949039727355, 0.0], [75.44155503368556, 34.27964702449925, 0.0], [75.44423805279168, 34.28032615379833, 0.0], [75.44643291719257, 34.28171314433041, 0.0], [75.44787343171605, 34.28345213724697, 0.0], [75.44888943667887, 34.28407357580994, 0.0], [75.45361554225063, 34.28591865084552, 0.0], [75.45388123151298, 34.28548126625481, 0.0], [75.454303393191, 34.28395748665401, 0.0], [75.45560601708434, 34.28336167504955, 0.0], [75.45710840621071, 34.28145851798645, 0.0], [75.4580951367123, 34.279880220930245, 0.0], [75.45917523143139, 34.27941515797181, 0.0], [75.46084226639174, 34.279441095860335, 0.0], [75.46441004593314, 34.27971342004688, 0.0], [75.46739612907156, 34.27931003776643, 0.0], [75.47011120146134, 34.27938911423913, 0.0], [75.47243410846674, 34.27846328078206, 0.0], [75.4744110665753, 34.277751164590335, 0.0], [75.47449867628075, 34.27771960613375, 0.0], [75.47452226565554, 34.277711109188246, 0.0], [75.47467028453237, 34.27765778968519, 0.0], [75.47485482571409, 34.277591314757764, 0.0], [75.47864708983175, 34.27492425119534, 0.0], [75.47890628599528, 34.27462221330702, 0.0], [75.47897484993825, 34.27454231603728, 0.0], [75.47899630951707, 34.27451730966268, 0.0], [75.47907893392205, 34.27442102829001, 0.0], [75.48033864181956, 34.272953064063216, 0.0], [75.48216677697354, 34.27164876858146, 0.0], [75.4829507293966, 34.269038280887244, 0.0], [75.48189955994853, 34.266510500130394, 0.0], [75.48104743083942, 34.26239594989641, 0.0], [75.48112860127007, 34.262134457668715, 0.0], [75.48232094361748, 34.260578333273585, 0.0], [75.48339954440812, 34.25921609111466, 0.0], [75.48378968160297, 34.25870194508847, 0.0], [75.48237941172458, 34.25540820258526, 0.0], [75.4823844650533, 34.25505664466685, 0.0], [75.48274750369052, 34.254592029079575, 0.0], [75.48395591051059, 34.252887109609624, 0.0], [75.48654181926825, 34.25035153291807, 0.0], [75.48680783028205, 34.24999993048137, 0.0], [75.48719201241164, 34.24949977536635, 0.0], [75.48787942750961, 34.24804318030146, 0.0], [75.48858320971114, 34.246622679581996, 0.0], [75.49005775861492, 34.24534564523226, 0.0], [75.49200479669571, 34.24416734438566, 0.0], [75.49472122627446, 34.242199502614866, 0.0], [75.49589726889305, 34.24097230218897, 0.0], [75.49672521011773, 34.23925860321202, 0.0], [75.49695622776837, 34.23764020867325, 0.0], [75.4966007957285, 34.23582398145089, 0.0], [75.49565321470828, 34.233571218945215, 0.0], [75.49535850036156, 34.23239955961935, 0.0], [75.49557075044903, 34.232470029490834, 0.0], [75.49546384271098, 34.232320344189596, 0.0], [75.49402783146972, 34.22781448792204, 0.0], [75.49204326739307, 34.22506682905047, 0.0], [75.48684323100115, 34.22397866786065, 0.0], [75.4826280280586, 34.22276543497739, 0.0], [75.47836046384954, 34.22152054814702, 0.0], [75.47520006454903, 34.22016639460242, 0.0], [75.47203692614916, 34.2178417146655, 0.0], [75.46952815121828, 34.21563124269178, 0.0], [75.4678562686698, 34.21210988204504, 0.0], [75.46629662148725, 34.20904346601363, 0.0], [75.46313661445775, 34.20988662745412, 0.0], [75.45978158064763, 34.21112346525895, 0.0], [75.45479371449267, 34.21159697914421, 0.0], [75.45039038000498, 34.213412375325596, 0.0], [75.44649998418097, 34.21614720626965, 0.0], [75.44228957543767, 34.21797206689231, 0.0], [75.43887795277533, 34.2209853796483, 0.0], [75.43592138149768, 34.22384503956123, 0.0], [75.43284301558053, 34.22625022842101, 0.0], [75.42962493567029, 34.22807719635925, 0.0], [75.4256615499391, 34.230839389120426, 0.0], [75.42272873819152, 34.23160686061559, 0.0], [75.41935894953151, 34.232141166174856, 0.0], [75.41645290235311, 34.23353746597898, 0.0], [75.41358599287818, 34.235087657661346, 0.0], [75.41124004681178, 34.23681594284209, 0.0], [75.41036328429497, 34.237461839713454, 0.0], [75.40890328252823, 34.23466852633218, 0.0], [75.40574617097263, 34.23220619769714, 0.0], [75.40388288066329, 34.226600520144224, 0.0], [75.40427664032597, 34.22115442617228, 0.0], [75.40244735319749, 34.216431947610786, 0.0], [75.40096579770689, 34.2158730242321, 0.0], [75.39930671810978, 34.2152471053613, 0.0], [75.39648247031005, 34.214851019249046, 0.0], [75.39259811594746, 34.213407751852614, 0.0], [75.38751819631203, 34.21014646911744, 0.0], [75.38351849757828, 34.20866611272845, 0.0], [75.37982179812391, 34.20666727557993, 0.0], [75.3763740128429, 34.20646451892799, 0.0], [75.37342350322947, 34.20781679383204, 0.0], [75.3694035994079, 34.21025076681748, 0.0], [75.3644864238779, 34.212797233421846, 0.0], [75.36133139798999, 34.212287577945666, 0.0], [75.35714815254839, 34.21238849794482, 0.0], [75.35246405405141, 34.21214957511007, 0.0], [75.34847394702156, 34.21343794014615, 0.0], [75.3452926794387, 34.213423729718315, 0.0], [75.34224885052382, 34.21349205572299, 0.0], [75.33673865638085, 34.21411704639819, 0.0], [75.33322501248111, 34.21496334189771, 0.0], [75.33079653320988, 34.2183735844535, 0.0], [75.32833780949962, 34.22233588096934, 0.0], [75.32481574636283, 34.22288217602298, 0.0], [75.31950109134446, 34.226262804393095, 0.0], [75.31764609113016, 34.229065622553584, 0.0], [75.31537538846544, 34.23240010682817, 0.0], [75.31088228450952, 34.23356757328872, 0.0], [75.3068667302054, 34.2347351537193, 0.0], [75.30203556048227, 34.235930242978014, 0.0], [75.29769374049161, 34.23594450988435, 0.0], [75.29339558795147, 34.23668848408225, 0.0], [75.2924626360822, 34.23739492299148, 0.0], [75.29018483043365, 34.23911963086707, 0.0], [75.28771732638539, 34.24248949127283, 0.0], [75.28717592002043, 34.24641512325195, 0.0], [75.28146535309061, 34.248996293406165, 0.0], [75.27641807847948, 34.24856384635237, 0.0], [75.2727000176215, 34.2507896676493, 0.0], [75.26884182925636, 34.25287219845245, 0.0], [75.26564548292927, 34.25426522106294, 0.0], [75.26177902896384, 34.253308406391945, 0.0], [75.26059121167431, 34.2507576167252, 0.0], [75.2602870360568, 34.25010438913315, 0.0], [75.25883846335273, 34.24662309129014, 0.0], [75.25579625407984, 34.24620852709739, 0.0], [75.2525385040316, 34.24502999906732, 0.0], [75.24848978947338, 34.2429557231971, 0.0], [75.24371827903991, 34.24246588474953, 0.0], [75.23879903598936, 34.23916436594441, 0.0], [75.23601579652305, 34.23576607097815, 0.0], [75.23350032551835, 34.2337286981562, 0.0], [75.22997882722832, 34.23425692545634, 0.0], [75.22654367777406, 34.23443561518058, 0.0], [75.22214792675898, 34.2334666759246, 0.0], [75.21800465018535, 34.23000932206815, 0.0], [75.21461128199968, 34.22851759569337, 0.0], [75.20945923383451, 34.22918165636577, 0.0], [75.20619188375044, 34.22873087058639, 0.0], [75.2041921609578, 34.22441512104142, 0.0], [75.20364065301874, 34.22027346082525, 0.0], [75.20114680726537, 34.21877258805721, 0.0], [75.19740640406154, 34.216674359673185, 0.0], [75.19285509293113, 34.21295717162426, 0.0], [75.19323605585906, 34.20940841200434, 0.0], [75.1929318486562, 34.205579458926515, 0.0], [75.19227437109198, 34.200937082100026, 0.0], [75.18833523643666, 34.19650830445963, 0.0], [75.18362056207759, 34.19562718859786, 0.0], [75.17960402660229, 34.19623986821727, 0.0], [75.17713979370285, 34.198379781187306, 0.0], [75.17337396573056, 34.20129543838354, 0.0], [75.1695532064675, 34.20337711371904, 0.0], [75.1655891897993, 34.20321473427347, 0.0], [75.16195810399289, 34.20339770272149, 0.0], [75.15877904771847, 34.20372995521802, 0.0], [75.15596945148754, 34.20538270420786, 0.0], [75.15303037402286, 34.20629845154856, 0.0], [75.14977863147367, 34.20326333440871, 0.0], [75.14531570144777, 34.20020475769494, 0.0], [75.14296508155756, 34.19997456806726, 0.0], [75.14068543252891, 34.19975129538286, 0.0], [75.13769630315879, 34.19967054319703, 0.0], [75.13340435419828, 34.1996799373058, 0.0], [75.12937441883058, 34.19707033436296, 0.0], [75.12629743731875, 34.194737334728615, 0.0], [75.12853323313034, 34.191548661797135, 0.0], [75.13135651852389, 34.18999568290221, 0.0], [75.1342826621345, 34.1873924003738, 0.0], [75.13654783819351, 34.18275391392532, 0.0], [75.13493774941914, 34.177592925905756, 0.0], [75.1331583961788, 34.174095272215396, 0.0], [75.13142281365357, 34.17164776625453, 0.0], [75.12730248799036, 34.16883298069175, 0.0], [75.12114608410236, 34.16935812972511, 0.0], [75.1173147938198, 34.16964863971804, 0.0], [75.111753430343, 34.170290553365994, 0.0], [75.10885754262013, 34.17067789193109, 0.0], [75.10521359543623, 34.1707319370653, 0.0], [75.10510758575175, 34.17060959982238, 0.0], [75.10316751675265, 34.168370661552714, 0.0], [75.10455304732595, 34.164303631783504, 0.0], [75.10504921087255, 34.15867825600664, 0.0], [75.10146975308074, 34.15644644084305, 0.0], [75.09765595828723, 34.15424254691826, 0.0], [75.10329952151153, 34.15159098411696, 0.0], [75.10778738262601, 34.151903845125425, 0.0], [75.11075313113457, 34.15163145476639, 0.0], [75.11367019450013, 34.1506603619007, 0.0], [75.11904056899698, 34.14842494386349, 0.0], [75.1196767275527, 34.14811279682699, 0.0], [75.12307383119798, 34.14644584566888, 0.0], [75.12315563036694, 34.14640570581097, 0.0], [75.12799421376056, 34.14450114599342, 0.0], [75.12834352268229, 34.14430110038473, 0.0], [75.12903943671822, 34.14390255474555, 0.0], [75.13114661011201, 34.14269574666943, 0.0], [75.13348022410246, 34.14096245723346, 0.0], [75.13642196224708, 34.139673787219984, 0.0], [75.13717141046043, 34.13686249906238, 0.0], [75.13803993210888, 34.13314519908106, 0.0], [75.14086153705188, 34.12939754450525, 0.0], [75.14323776917988, 34.12657996291317, 0.0], [75.1444972606989, 34.12370168840014, 0.0], [75.14501418827388, 34.12290859703441, 0.0], [75.14608834012468, 34.12126054467016, 0.0], [75.14391182259406, 34.11954511960259, 0.0], [75.14309784795408, 34.11890356420563, 0.0], [75.14118395512499, 34.11523240179781, 0.0], [75.14118392809729, 34.11523231863842, 0.0], [75.1405549185558, 34.11337646635649, 0.0], [75.13992592788688, 34.11152059909918, 0.0], [75.13891475732251, 34.10858627982357, 0.0], [75.13877445379876, 34.10410465799982, 0.0], [75.14008393183256, 34.10138712280671, 0.0], [75.1412240738246, 34.09902087764895, 0.0], [75.14125749227462, 34.09722902403453, 0.0], [75.14129328640844, 34.09530977315092, 0.0], [75.14114011902397, 34.0952972386841, 0.0], [75.13655279639889, 34.09492175912572, 0.0], [75.13655263717693, 34.09492171471477, 0.0], [75.13180909020639, 34.0937096327388, 0.0], [75.12768588187994, 34.09359489386856, 0.0], [75.12419750351788, 34.093189254933016, 0.0], [75.12349323170562, 34.092830154203966, 0.0], [75.1233696558498, 34.09276714376991, 0.0], [75.1229561199953, 34.092556283615174, 0.0], [75.12289847292314, 34.092526888883285, 0.0], [75.11977284177961, 34.09093307859007, 0.0], [75.11977280538856, 34.09093306395999, 0.0], [75.11566649161662, 34.08948062607095, 0.0], [75.11269438738793, 34.09210737471917, 0.0], [75.1117864826966, 34.09449580017781, 0.0], [75.11135810750979, 34.09562268693964, 0.0], [75.10962203111676, 34.0980761214101, 0.0], [75.10747938803357, 34.0976291378931, 0.0], [75.10519856757428, 34.097153294647896, 0.0], [75.10047247986316, 34.097072459386794, 0.0], [75.09757859920266, 34.09854137558412, 0.0], [75.09367496871569, 34.10124837477981, 0.0], [75.09098468457599, 34.10131728689934, 0.0], [75.08910305198673, 34.1013654587917, 0.0], [75.08910301705012, 34.101365461399766, 0.0], [75.08444579800477, 34.10122431550147, 0.0], [75.08043854990898, 34.1016173817686, 0.0], [75.07558520529514, 34.10324050117712, 0.0], [75.07481466423425, 34.103356614257486, 0.0], [75.07151269411642, 34.10385414608428, 0.0], [75.07056976363332, 34.1041902450654, 0.0], [75.06807093766541, 34.105080892259544, 0.0], [75.06625533052983, 34.10639537204455, 0.0], [75.06541712409897, 34.107002206927014, 0.0], [75.06171804905911, 34.108775186038464, 0.0], [75.05882347423243, 34.10543469494759, 0.0], [75.05722942149285, 34.103096616087775, 0.0], [75.0546464524028, 34.101019459953264, 0.0], [75.05112565540865, 34.10001869738563, 0.0], [75.05011762061129, 34.09973215288061, 0.0], [75.04735105271315, 34.09720849624071, 0.0], [75.04450680386392, 34.09487018512208, 0.0], [75.04041562643543, 34.095437654372915, 0.0], [75.03916758145051, 34.09561074437538, 0.0], [75.03700896538099, 34.093092895662906, 0.0], [75.03731887217221, 34.08895553357626, 0.0], [75.037322238244, 34.08891059028042, 0.0], [75.03733713370248, 34.088711721994294, 0.0], [75.03732315079264, 34.088677778853885, 0.0], [75.03731426965602, 34.08865621933935, 0.0], [75.03554704374595, 34.08436622629294, 0.0], [75.03087717501498, 34.08433008512635, 0.0], [75.02599446774853, 34.0856785780529, 0.0], [75.02061027480633, 34.08552442648359, 0.0], [75.01991605849071, 34.0855045382622, 0.0], [75.01943368513503, 34.08544861397999, 0.0], [75.0158521669427, 34.085033342077104, 0.0], [75.01267493980598, 34.08178617995131, 0.0], [75.011500661127, 34.07884388373819, 0.0], [75.01150028832896, 34.07884302976933, 0.0], [75.01032620855815, 34.076154361285035, 0.0], [75.01032618870934, 34.076154316332044, 0.0], [75.01032565856083, 34.07615363156299, 0.0], [75.01032558300822, 34.07615356595288, 0.0], [75.00816581464488, 34.074301419869315, 0.0], [75.00630465060006, 34.07270526813897, 0.0], [75.00461173250453, 34.06991223988006, 0.0], [75.00461126283, 34.06991123541397, 0.0], [75.00377222459767, 34.068117256096784, 0.0], [75.00375165482232, 34.06807327481795, 0.0], [75.00318068576514, 34.06685242526887, 0.0], [75.00318047739687, 34.06685215742789, 0.0], [75.00104235067066, 34.06410524273414, 0.0], [74.99977734196455, 34.063583483749674, 0.0], [74.99669379530496, 34.06231159823532, 0.0], [74.99345275059744, 34.05879359299445, 0.0], [74.9932284654674, 34.056744193977835, 0.0], [74.99315420816532, 34.05606565039149, 0.0], [74.99300841478727, 34.05473339534953, 0.0], [74.99288333758362, 34.053580807651706, 0.0], [74.99267017201014, 34.051616422221564, 0.0], [74.99266672547961, 34.05158466235104, 0.0], [74.99257018244214, 34.05069496770617, 0.0], [74.99029009328922, 34.0490341998242, 0.0], [74.9902797442804, 34.04902666164249, 0.0], [74.99017185470238, 34.04894807515237, 0.0], [74.99012198465824, 34.048928065415, 0.0], [74.9892085180209, 34.04848935758807, 0.0], [74.98904395387375, 34.048416117023166, 0.0], [74.98896604198396, 34.04838144219829, 0.0], [74.98684114426001, 34.047435716796805, 0.0], [74.98611839097934, 34.047270580212306, 0.0], [74.9855645699954, 34.04714403906637, 0.0], [74.98314693724579, 34.04659161585257, 0.0], [74.97840937269793, 34.04824890065925, 0.0], [74.97565409024814, 34.05092729707368, 0.0], [74.97500397554285, 34.05155924265252, 0.0], [74.976072137091, 34.0524447104872, 0.0], [74.97671755375116, 34.052979726333675, 0.0], [74.976999678917, 34.05321358973664, 0.0], [74.97700146917487, 34.05321507364296, 0.0], [74.97694672984574, 34.05442855425715, 0.0], [74.97683062929082, 34.0570021787481, 0.0], [74.97682807986835, 34.05705870066233, 0.0], [74.97679354711133, 34.057824169747, 0.0], [74.97696907776793, 34.05941511154862, 0.0], [74.97706309248541, 34.060267203138366, 0.0], [74.9772192736531, 34.0616827096023, 0.0], [74.97737060513394, 34.06510007615201, 0.0], [74.97939610936585, 34.068049838497465, 0.0], [74.97939615854419, 34.06804990967979, 0.0], [74.97939659092837, 34.068050382500466, 0.0], [74.97939670399099, 34.06805048636502, 0.0], [74.9814889944512, 34.069974888300116, 0.0], [74.98148908764455, 34.06997497346346, 0.0], [74.98148979215514, 34.06997552044577, 0.0], [74.98148992264514, 34.06997559856568, 0.0], [74.9846237972161, 34.07184995064343, 0.0], [74.98516638095221, 34.07204070986844, 0.0], [74.9881918485559, 34.07310434297148, 0.0], [74.98865321308708, 34.073410912291614, 0.0], [74.9924347568369, 34.07592356922969, 0.0], [74.99458959581611, 34.076485074956125, 0.0], [74.99587456993099, 34.07681989641057, 0.0], [74.99619465073317, 34.0769032966316, 0.0], [74.99722311309118, 34.07739924776802, 0.0], [74.99868182087587, 34.07810265453788, 0.0], [74.99876276505586, 34.078141685935144, 0.0], [75.00161352741692, 34.08058919060256, 0.0], [74.99833032387632, 34.082576014625154, 0.0], [74.99807893221539, 34.082630075791414, 0.0], [74.99449148162766, 34.08340150216156, 0.0], [74.99447420083692, 34.08341773013829, 0.0], [74.99394659527677, 34.08391319000893, 0.0], [74.99237852086277, 34.08538568661724, 0.0], [74.9911279265067, 34.08656001167734, 0.0], [74.99084672854434, 34.0877038845771, 0.0], [74.98996767708775, 34.09127955596878, 0.0], [74.98888869623175, 34.092003055323346, 0.0], [74.9863925520098, 34.093676750780716, 0.0], [74.9860214879014, 34.09392554587972, 0.0], [74.98584888986767, 34.094041270637334, 0.0], [74.98344605767569, 34.096264190257614, 0.0], [74.98295909992495, 34.09650707351333, 0.0], [74.98002390119163, 34.097971026607354, 0.0], [74.97669297688623, 34.09734280503747, 0.0], [74.97772608335428, 34.09318817740021, 0.0], [74.97936595998006, 34.08955366433464, 0.0], [74.979747020853, 34.08910740008955, 0.0], [74.98181661432562, 34.08668359793894, 0.0], [74.98076511052656, 34.08388680730702, 0.0], [74.98040609197311, 34.08293185333686, 0.0], [74.97859733707048, 34.08213498773928, 0.0], [74.97696993741039, 34.08141799220159, 0.0], [74.9768864849838, 34.08138122408656, 0.0], [74.97312765655583, 34.0805233611999, 0.0], [74.97237563663973, 34.07929885799568, 0.0], [74.97164073706065, 34.078102198809006, 0.0], [74.97158642785641, 34.07801376347118, 0.0], [74.97090585252252, 34.0769055306795, 0.0], [74.96605053215613, 34.076504692499675, 0.0], [74.96579914818463, 34.076483934788136, 0.0], [74.9625436034661, 34.07655344377732, 0.0], [74.96171667413003, 34.07542066359659, 0.0], [74.96067013218727, 34.073986999002564, 0.0], [74.96063776176443, 34.07394265338776, 0.0], [74.960624023642, 34.07393565420561, 0.0], [74.95767506278403, 34.07243315328328, 0.0], [74.95631896809779, 34.07345066838618, 0.0], [74.95609235744242, 34.07362069758095, 0.0], [74.95536110714784, 34.0741693578107, 0.0], [74.9540048521309, 34.07444120372344, 0.0], [74.95004985124905, 34.07523386848475, 0.0], [74.95001929004044, 34.075239993102436, 0.0], [74.94854033496807, 34.077827047241776, 0.0], [74.94700216418285, 34.07663942508563, 0.0], [74.94622677351607, 34.076040729314755, 0.0], [74.94545139076827, 34.07544202877955, 0.0], [74.94504492287355, 34.075128176345856, 0.0], [74.94453835878694, 34.07473703117545, 0.0], [74.94289990423692, 34.072244053091666, 0.0], [74.94178441745098, 34.07054671113902, 0.0], [74.93946080137803, 34.068330222906134, 0.0], [74.93946077285757, 34.06833020303764, 0.0], [74.93676022908139, 34.066474454673646, 0.0], [74.93289117474465, 34.06662361954881, 0.0], [74.93224666948109, 34.06722856420992, 0.0], [74.9307666107036, 34.06861773560413, 0.0], [74.93013404810458, 34.0668782601636, 0.0], [74.92939062251186, 34.06483384392624, 0.0], [74.92531994744583, 34.06227336923522, 0.0], [74.92501890446295, 34.06208400313781, 0.0], [74.92083240038424, 34.06004678568227, 0.0], [74.9220441774111, 34.056658357207155, 0.0], [74.9222232133882, 34.05615770944318, 0.0], [74.91919457194513, 34.052812180655636, 0.0], [74.91917141200928, 34.052786595910554, 0.0], [74.91858443141165, 34.05239557107565, 0.0], [74.91854645998238, 34.052375317041566, 0.0], [74.91553075268683, 34.05076666837899, 0.0], [74.91552673438179, 34.050764524590846, 0.0], [74.91548669008695, 34.05075385895708, 0.0], [74.91548442501201, 34.050753633320305, 0.0], [74.91285151945465, 34.050491199381035, 0.0], [74.91234452431199, 34.050440660343035, 0.0], [74.90964600226842, 34.04957716006343, 0.0], [74.90891336618887, 34.049261642224025, 0.0], [74.90697348538859, 34.04842618770427, 0.0], [74.90697337908338, 34.04842615552587, 0.0], [74.9036924709363, 34.047460129595365, 0.0], [74.89993825532616, 34.046897521329505, 0.0], [74.89727911492298, 34.04767514861911, 0.0], [74.8971818286021, 34.047703597290194, 0.0], [74.89389675265394, 34.048969900339586, 0.0], [74.89304629398715, 34.04865425232611, 0.0], [74.8924753310914, 34.04844233582899, 0.0], [74.89117132028167, 34.04795833461482, 0.0], [74.8902530358246, 34.04692311009087, 0.0], [74.88844607364062, 34.04488596200917, 0.0], [74.88323351977364, 34.04360479410243, 0.0], [74.881614150165, 34.043905450419025, 0.0], [74.8786674346552, 34.0444525001102, 0.0], [74.87483910007029, 34.04515348055257, 0.0], [74.87240450127946, 34.04755782398006, 0.0], [74.8719487205006, 34.048007922170235, 0.0], [74.86937456099626, 34.04946793328278, 0.0], [74.86770436044141, 34.05041519319548, 0.0], [74.86853069615269, 34.053659755460124, 0.0], [74.86894416703916, 34.05528314606923, 0.0], [74.8672239869117, 34.059196834475586, 0.0], [74.86720067420457, 34.05924987359239, 0.0], [74.86711360222951, 34.059427216933315, 0.0], [74.86709794741361, 34.05944884020749, 0.0], [74.86556332883515, 34.061568495873914, 0.0], [74.8646622495562, 34.062813040649644, 0.0], [74.86422460901252, 34.06348290627474, 0.0], [74.863928719502, 34.0639357983382, 0.0], [74.86323405563783, 34.06499903988975, 0.0], [74.86293006891947, 34.06546430817619, 0.0], [74.86235384169399, 34.06643200624327, 0.0], [74.86168759843152, 34.067550847076845, 0.0], [74.8613170243848, 34.06817314981369, 0.0], [74.8613129344569, 34.06818001808726, 0.0], [74.85993272649789, 34.070787498751216, 0.0], [74.86025234316783, 34.071883558769514, 0.0], [74.86029490910771, 34.07202952636548, 0.0], [74.86078020114795, 34.07369368575704, 0.0], [74.86084078050426, 34.073901419768575, 0.0], [74.8609013781452, 34.07410921301905, 0.0], [74.86185136064975, 34.07411467793869, 0.0], [74.86404979445781, 34.074127304226955, 0.0], [74.86411818257335, 34.07412582910133, 0.0], [74.86527060969702, 34.07410096073598, 0.0], [74.8657154601707, 34.07409135920023, 0.0], [74.86738112486212, 34.07405539778287, 0.0], [74.86756676217836, 34.07629782563882, 0.0], [74.86767654921867, 34.07762395268948, 0.0], [74.86766522693063, 34.078044876917545, 0.0], [74.86761270941268, 34.07999732475254, 0.0], [74.86758316791614, 34.08109552667836, 0.0], [74.86920669189571, 34.08142853753377, 0.0], [74.86987746896163, 34.08156611919017, 0.0], [74.87083022409102, 34.081761530605775, 0.0], [74.87103557747264, 34.081803648639934, 0.0], [74.87169756609461, 34.081979512732865, 0.0], [74.8723164587404, 34.08214392438331, 0.0], [74.87494310753121, 34.08284167603087, 0.0], [74.87900506890428, 34.08308272067576, 0.0], [74.87902153589043, 34.083083697886515, 0.0], [74.8791444154787, 34.08296252698012, 0.0], [74.87915749642274, 34.08294817616034, 0.0], [74.87989077119268, 34.082143694449044, 0.0], [74.88045249509622, 34.08152741213426, 0.0], [74.88158560972096, 34.080284212608234, 0.0], [74.88504266846009, 34.07998008361378, 0.0], [74.8886782706306, 34.08318607813133, 0.0], [74.88919280711403, 34.08363978958969, 0.0], [74.89343473688763, 34.083670484008906, 0.0], [74.89814373532312, 34.084394800798165, 0.0], [74.90266791124124, 34.087055078136196, 0.0], [74.90815659046858, 34.090499017878656, 0.0], [74.91234145622118, 34.092363680440236, 0.0], [74.9156364184557, 34.09305195027121, 0.0], [74.91960008144123, 34.09520566140926, 0.0], [74.9216500354714, 34.09861223707891, 0.0], [74.91757172764721, 34.1000912848099, 0.0], [74.91484218525565, 34.10088243882855, 0.0], [74.91174620597528, 34.102591844316834, 0.0], [74.90895611146539, 34.10416923295365, 0.0], [74.90590720540673, 34.10441227045204, 0.0], [74.90201804807594, 34.10438295343625, 0.0], [74.9022620434375, 34.10828435799659, 0.0], [74.90176118969895, 34.11283987332531, 0.0], [74.90334130506625, 34.11659438684414, 0.0], [74.89934521993972, 34.116209045563735, 0.0], [74.89559744477195, 34.115778276798544, 0.0], [74.89313461781538, 34.119289971678526, 0.0], [74.89341341004702, 34.12053562839393, 0.0], [74.89409069874928, 34.123561652368174, 0.0], [74.89176195051313, 34.12638568888423, 0.0], [74.89122053513798, 34.12704222672508, 0.0], [74.89102188079815, 34.12728311825522, 0.0], [74.89014756709462, 34.12832085330199, 0.0], [74.88904159254076, 34.129633512008034, 0.0], [74.88903480937178, 34.12964156209493, 0.0], [74.88903462912688, 34.129641775745114, 0.0], [74.8890235346462, 34.12965494391616, 0.0], [74.88903630259746, 34.12969114047036, 0.0], [74.88904872866453, 34.12972636524106, 0.0], [74.88905222267977, 34.129728799195476, 0.0], [74.89069605757022, 34.130873801687216, 0.0], [74.89206076740504, 34.13182434881048, 0.0], [74.89172755009895, 34.136884169765054, 0.0], [74.89103963371063, 34.137602775550754, 0.0], [74.88853070175851, 34.14022352391192, 0.0], [74.88853553164564, 34.14114137544743, 0.0], [74.88854933608933, 34.14376460514623, 0.0], [74.88851355646638, 34.14402526806428, 0.0], [74.88815231152667, 34.14665698230215, 0.0], [74.89054368608637, 34.14915161873563, 0.0], [74.89297334387658, 34.149589726331776, 0.0], [74.89400961486764, 34.14977656914649, 0.0], [74.89559962018075, 34.15050316679215, 0.0], [74.89676465408077, 34.151035545040045, 0.0], [74.89693436856815, 34.15108767344855, 0.0], [74.9006415877274, 34.152226295398286, 0.0], [74.9032340595152, 34.15474842970382, 0.0], [74.90355193846858, 34.15538229393866, 0.0], [74.90455257149566, 34.15737753813842, 0.0], [74.90872521673727, 34.157764428375394, 0.0], [74.91098389692684, 34.157616956816376, 0.0], [74.91170112653337, 34.15757012156602, 0.0], [74.91333877953547, 34.15746317104464, 0.0], [74.91378813147345, 34.15735717470119, 0.0], [74.91534291671128, 34.15699040816136, 0.0], [74.91581828884199, 34.15687826678604, 0.0], [74.91679346867787, 34.15664821538043, 0.0], [74.91704814960711, 34.15625138827008, 0.0], [74.91816366521452, 34.153478799961455, 0.0], [74.91909096786819, 34.15359116006051, 0.0], [74.91909101963509, 34.1535911715709, 0.0], [74.92057674480698, 34.15392870737909, 0.0], [74.92057679633885, 34.15392872431342, 0.0], [74.92079038736709, 34.15400594694998, 0.0], [74.92259351854005, 34.15430847339167, 0.0], [74.92265765895962, 34.15431923462768, 0.0], [74.92439665797858, 34.154610979400175, 0.0], [74.92500910949842, 34.1541304403078, 0.0], [74.92662884980396, 34.15285953214779, 0.0], [74.93091414803003, 34.15487714032514, 0.0], [74.9309605430257, 34.15489898344094, 0.0], [74.93160363557705, 34.15584324798614, 0.0], [74.93352234665629, 34.15866040242685, 0.0], [74.93186341902886, 34.161725033207055, 0.0], [74.93088968855405, 34.16157069128178, 0.0], [74.92987817955628, 34.16141035560357, 0.0], [74.92847340580195, 34.16118767152054, 0.0], [74.92762434629361, 34.161047836158076, 0.0], [74.92593262372934, 34.161066578324395, 0.0], [74.9257161252057, 34.161751777022154, 0.0], [74.92559699413553, 34.162130489446106, 0.0], [74.9252993727386, 34.16314481984579, 0.0], [74.92526040668135, 34.16339597125908, 0.0], [74.92505615812584, 34.16410270200421, 0.0], [74.9249134387191, 34.16459652749352, 0.0], [74.92484467739745, 34.164834447948, 0.0], [74.92456646368261, 34.1657970771902, 0.0], [74.92456626115488, 34.16579777990264, 0.0], [74.92344071076705, 34.16894315577351, 0.0], [74.92371980137344, 34.17051247556258, 0.0], [74.92387353229108, 34.17137687818717, 0.0], [74.92390031231929, 34.17152745456249, 0.0], [74.92408082639413, 34.17254242984872, 0.0], [74.92162386272511, 34.174043132292745, 0.0], [74.92162372509945, 34.174043216876186, 0.0], [74.92162340595237, 34.17404329330363, 0.0], [74.92162317772951, 34.17404330728286, 0.0], [74.91812756493016, 34.174251146902805, 0.0], [74.91787192443404, 34.17421814807967, 0.0], [74.91773802478434, 34.17420086377582, 0.0], [74.91654974010156, 34.1740474701042, 0.0], [74.91585862315937, 34.173958250931875, 0.0], [74.91495918685368, 34.17384213449933, 0.0], [74.91468585950754, 34.173806847540696, 0.0], [74.91122035632245, 34.174533363148434, 0.0], [74.91121875272245, 34.174533699693015, 0.0], [74.9112030718884, 34.17453698709666, 0.0], [74.9112092091976, 34.17454444458354, 0.0], [74.91120946573236, 34.174544756430336, 0.0], [74.91319170225911, 34.176953567238655, 0.0], [74.91376044271077, 34.17721184501674, 0.0], [74.91550318484707, 34.17800324301459, 0.0], [74.91667981039531, 34.17853754357075, 0.0], [74.91913865618172, 34.17831508856984, 0.0], [74.92072694888849, 34.17817137360812, 0.0], [74.92429502865443, 34.17944223916135, 0.0], [74.9247212774961, 34.18109275588783, 0.0], [74.9250354153562, 34.18230913696863, 0.0], [74.9254498774249, 34.18304493971218, 0.0], [74.92645194375247, 34.184823877410714, 0.0], [74.92406317861595, 34.18478812346973, 0.0], [74.92267777852837, 34.18476737212524, 0.0], [74.9218638429914, 34.185212517705615, 0.0], [74.91966702714457, 34.186413927466326, 0.0], [74.91949094471023, 34.186510221695684, 0.0], [74.91939660652623, 34.18656181185564, 0.0], [74.91880077634453, 34.18779685826659, 0.0], [74.91876878632927, 34.18786316755127, 0.0], [74.91824561888089, 34.18894756533651, 0.0], [74.91769045046578, 34.19009826695842, 0.0], [74.91861823959866, 34.19064333582804, 0.0], [74.9211278276418, 34.19211764468304, 0.0], [74.92120702779927, 34.192164171185674, 0.0], [74.92141246098186, 34.19228485319417, 0.0], [74.92150254083029, 34.19246819980356, 0.0], [74.92152952559401, 34.192523124194544, 0.0], [74.92286013308158, 34.195231324863634, 0.0], [74.92356959775175, 34.196675241400456, 0.0], [74.92443961203617, 34.19772966543526, 0.0], [74.92607456158315, 34.19971108809293, 0.0], [74.92627217546611, 34.20101805956863, 0.0], [74.92646889660679, 34.20231908510888, 0.0], [74.92659841017317, 34.2031756055875, 0.0], [74.92659840891903, 34.20317563451298, 0.0], [74.92572114601144, 34.20373329753545, 0.0], [74.92463422748955, 34.204424214690455, 0.0], [74.92360266250648, 34.20507992977907, 0.0], [74.92047643914991, 34.20368740606405, 0.0], [74.92036655488647, 34.202822806662304, 0.0], [74.92006372141263, 34.200439937789945, 0.0], [74.91703499008025, 34.201067998339155, 0.0], [74.91665169043557, 34.20114747799833, 0.0], [74.91467752521883, 34.19967570612858, 0.0], [74.91446880626185, 34.19952009930181, 0.0], [74.91231117782617, 34.19872322845567, 0.0], [74.91080438252241, 34.19816670442221, 0.0], [74.91015357981239, 34.19792632891555, 0.0], [74.90871743243412, 34.19685117219399, 0.0], [74.90857601625335, 34.19674530025156, 0.0], [74.90806185094908, 34.196360366558096, 0.0], [74.90611329210124, 34.19490151971668, 0.0], [74.90609180602542, 34.19488543343889, 0.0], [74.9028682139451, 34.192856717534, 0.0], [74.9018699926533, 34.19261532412832, 0.0], [74.9018324258016, 34.19260623978029, 0.0], [74.8993719421515, 34.192011206563855, 0.0], [74.89895203453781, 34.191978813121054, 0.0], [74.89470647645481, 34.19165123300843, 0.0], [74.89470505977405, 34.19165112335294, 0.0], [74.89467674823817, 34.19165831174516, 0.0], [74.89467629723931, 34.19165851267688, 0.0], [74.89455816562202, 34.19171108976382, 0.0], [74.89254677265102, 34.19260628416369, 0.0], [74.89241123796441, 34.1926666035865, 0.0], [74.89158091097799, 34.19303613793244, 0.0], [74.89007018383846, 34.19276962530953, 0.0], [74.88992268884195, 34.192743604322914, 0.0], [74.88850323605902, 34.19249317821372, 0.0], [74.88843841045188, 34.1924635204877, 0.0], [74.88606558097253, 34.191377914334126, 0.0], [74.88504056788025, 34.19090893808502, 0.0], [74.8808854543088, 34.19023200722085, 0.0], [74.87739841995058, 34.1918109154117, 0.0], [74.87691692500437, 34.19285581916848, 0.0], [74.87658819714055, 34.193569186421435, 0.0], [74.87532660456596, 34.196306846435355, 0.0], [74.87532843610612, 34.19634509274026, 0.0], [74.87537430470542, 34.19730271200771, 0.0], [74.87544435837836, 34.1987652673589, 0.0], [74.87546496237678, 34.19919543157532, 0.0], [74.87554925595143, 34.20095517991863, 0.0], [74.87846148501171, 34.203078523647314, 0.0], [74.87979560737251, 34.2032065420348, 0.0], [74.88002297532661, 34.20322835876859, 0.0], [74.88175596969793, 34.203394633865855, 0.0], [74.88240849229526, 34.2034572360648, 0.0], [74.88187420186081, 34.205558348442516, 0.0], [74.88177398939806, 34.20595242718796, 0.0], [74.88139557147538, 34.20744049768843, 0.0], [74.88136380835249, 34.20756539958234, 0.0], [74.88128293378871, 34.2078834218078, 0.0], [74.8792122545105, 34.20821996955413, 0.0], [74.87895663909015, 34.20826151238758, 0.0], [74.87732296238062, 34.20852701184552, 0.0], [74.87675520561214, 34.20861927758192, 0.0], [74.87580135958204, 34.2093181686179, 0.0], [74.87302629276915, 34.21135139391095, 0.0], [74.87260108402107, 34.21012975251552, 0.0], [74.87209291758067, 34.20866972895266, 0.0], [74.87209285757422, 34.20866955698058, 0.0], [74.8720922973626, 34.20866794707639, 0.0], [74.87209211602169, 34.20866770988778, 0.0], [74.87209190580234, 34.20866743562202, 0.0], [74.87014682771418, 34.20612653524377, 0.0], [74.86871362293834, 34.205561031250184, 0.0], [74.86545466208976, 34.20427506271508, 0.0], [74.86545441338575, 34.204274921225945, 0.0], [74.86084639245057, 34.20164672295993, 0.0], [74.86048620255886, 34.20148693575243, 0.0], [74.85947238806631, 34.20103717953726, 0.0], [74.85685946414529, 34.19987796657828, 0.0], [74.85657357326032, 34.193864510897015, 0.0], [74.85537762774213, 34.186937181015324, 0.0], [74.85490585881595, 34.18182724184823, 0.0], [74.85168471272011, 34.1789404423014, 0.0], [74.84825496785255, 34.177680311243066, 0.0], [74.84427391684838, 34.17767532258325, 0.0], [74.84015623440106, 34.17732750136235, 0.0], [74.83720319030921, 34.17680387363187, 0.0], [74.83390749195989, 34.17621939810937, 0.0], [74.83519287001427, 34.1718716148176, 0.0], [74.83201098906346, 34.17014736682085, 0.0], [74.82731048886794, 34.17024682542399, 0.0], [74.82374617533074, 34.17019489388596, 0.0], [74.81997907694148, 34.172747431449466, 0.0], [74.8173670448106, 34.1749932748235, 0.0], [74.82160483557627, 34.17578963971747, 0.0], [74.81836505724884, 34.18257570686365, 0.0], [74.8138374968474, 34.18378119718561, 0.0], [74.809993452371, 34.18377530500754, 0.0], [74.80711249934163, 34.18285740244951, 0.0], [74.8072567942325, 34.17977487369456, 0.0], [74.80946227003443, 34.1757821526529, 0.0], [74.81359129449285, 34.17087891602007, 0.0], [74.81871018082688, 34.16645441633754, 0.0], [74.81758921396116, 34.16289257721004, 0.0], [74.80413679367601, 34.163556905612985, 0.0], [74.80233918028406, 34.169262841556595, 0.0], [74.79903294395712, 34.17428122705363, 0.0], [74.79518630093328, 34.17553080460682, 0.0], [74.79188976809466, 34.176324491715725, 0.0], [74.77638958276778, 34.176891034755734, 0.0], [74.77102521247555, 34.17583063276387, 0.0], [74.76615482531633, 34.17479386057321, 0.0], [74.76269861184383, 34.171247764802416, 0.0], [74.75917335932168, 34.167944065348905, 0.0], [74.75623113822304, 34.164841228296076, 0.0], [74.75363056926724, 34.16232415791781, 0.0], [74.75001712131841, 34.16046915939824, 0.0], [74.7464762765427, 34.16123353663936, 0.0], [74.74340040623505, 34.16161501701756, 0.0], [74.74005517568482, 34.163413193843496, 0.0], [74.7366253876643, 34.16524426997841, 0.0], [74.73367881729403, 34.16583969417373, 0.0], [74.73021668353654, 34.16595371963863, 0.0], [74.72738701152413, 34.16591273389088, 0.0], [74.72370282768853, 34.16599683465601, 0.0], [74.72132969623777, 34.16809708172974, 0.0], [74.71804191765649, 34.16981457340341, 0.0], [74.71471343796017, 34.171514997839814, 0.0], [74.71232289779333, 34.173086656730206, 0.0], [74.70923082048506, 34.175394568612155, 0.0], [74.7064932141564, 34.177384085925574, 0.0], [74.70301173142624, 34.17939707267757, 0.0], [74.70041071687096, 34.18060660976656, 0.0], [74.69775934005126, 34.18224151426932, 0.0], [74.69394899215334, 34.18405382523607, 0.0], [74.69046433898765, 34.18455372116806, 0.0], [74.68709317512777, 34.18512472717665, 0.0], [74.68593304759041, 34.18457836495696, 0.0], [74.68420465520713, 34.1837643516752, 0.0], [74.68060770174691, 34.18384707384501, 0.0], [74.68014477897742, 34.18386273773909, 0.0], [74.68011496982238, 34.18386374631607, 0.0], [74.67997060947879, 34.18386863116325, 0.0], [74.67937152653334, 34.183888900143145, 0.0], [74.67930425655469, 34.18389117554149, 0.0], [74.67925093279483, 34.183892979070755, 0.0], [74.67611744875603, 34.18399895660623, 0.0], [74.67606537350942, 34.18408383893543, 0.0], [74.6747851778684, 34.1861705009536, 0.0], [74.67407522566518, 34.18732764777243, 0.0], [74.67223229644925, 34.19152307767313, 0.0], [74.6721711095807, 34.19166236375267, 0.0], [74.67003445694796, 34.19432939719881, 0.0], [74.66855628627171, 34.19601807424575, 0.0], [74.66731107397408, 34.19744056205483, 0.0], [74.66705135836573, 34.19799810649336, 0.0], [74.66698962813498, 34.19813062367129, 0.0], [74.66674807186997, 34.1986491755784, 0.0], [74.66527079747479, 34.20182033689814, 0.0], [74.66454514228582, 34.20457239957952, 0.0], [74.66259628661535, 34.20792321582743, 0.0], [74.65881567463983, 34.210204063257066, 0.0], [74.65593533547307, 34.21174639274576, 0.0], [74.65225593253767, 34.214693680652665, 0.0], [74.65060127456265, 34.21841422315335, 0.0], [74.65141110899502, 34.22265110431519, 0.0], [74.65224475907729, 34.226943750050694, 0.0], [74.65324494860573, 34.23142570412981, 0.0], [74.65841409369565, 34.231523617690804, 0.0], [74.66258322035529, 34.23280042531825, 0.0], [74.6653389880372, 34.234529332633315, 0.0], [74.6642671309902, 34.23481736829431, 0.0], [74.66009060138495, 34.23593962939309, 0.0], [74.65945855703744, 34.23670034916421, 0.0], [74.65798328175168, 34.23847591481608, 0.0], [74.65839749571576, 34.23880019489853, 0.0], [74.65903296913444, 34.2397961635632, 0.0], [74.65935355718227, 34.24065246068358, 0.0], [74.65935387385979, 34.24138269006299, 0.0], [74.6589513089643, 34.24197706672236, 0.0], [74.65871485460794, 34.24225716441308, 0.0], [74.65767886040689, 34.24386660432393, 0.0], [74.65772247723741, 34.24449315148257, 0.0], [74.65857498972908, 34.24524117748594, 0.0], [74.66183771486948, 34.24657440739805, 0.0], [74.66377531976083, 34.2463393929323, 0.0], [74.66571282919455, 34.24590603129118, 0.0], [74.66807354856057, 34.24508039848164, 0.0], [74.66925663807935, 34.24488158137876, 0.0], [74.67043998457486, 34.24492174320297, 0.0], [74.6729914334838, 34.24566899480958, 0.0], [74.67511976038759, 34.24668679958244, 0.0], [74.67592323527884, 34.2468442251144, 0.0], [74.67695995544784, 34.246924970782075, 0.0], [74.67795345954328, 34.24711832612359, 0.0], [74.67871350999343, 34.247474115655486, 0.0], [74.68016369828784, 34.2488436699556, 0.0], [74.68026191474247, 34.24955133748021, 0.0], [74.68022665859786, 34.249999916054534, 0.0], [74.66659821309783, 34.250000732045095, 0.0], [74.65296977824978, 34.25000002834756, 0.0], [74.65420958163014, 34.25537531273104, 0.0], [74.6544091548547, 34.25678339235591, 0.0], [74.655027627065, 34.26114672267755, 0.0], [74.65529910602825, 34.26306188379913, 0.0], [74.65285224290962, 34.276703255609554, 0.0], [74.65607438421544, 34.28321216921101, 0.0], [74.65887304340053, 34.290525041345646, 0.0], [74.66168398245624, 34.28697004780762, 0.0], [74.66446185083035, 34.284795227025285, 0.0], [74.66692919579171, 34.281126926843534, 0.0], [74.67217191759515, 34.28098159525658, 0.0], [74.6766775141495, 34.27810357279081, 0.0], [74.68178488826544, 34.27612710864266, 0.0], [74.68490918971376, 34.27624279233248, 0.0], [74.68777936074257, 34.27726237216768, 0.0], [74.69056063990897, 34.281306764685674, 0.0], [74.6926698394586, 34.28474646419038, 0.0], [74.69243327834099, 34.28830075686317, 0.0], [74.69221990372094, 34.292490709696786, 0.0], [74.70356679738187, 34.2944718223086, 0.0], [74.71206487419771, 34.29519813675913, 0.0], [74.71987461244473, 34.298464074373086, 0.0], [74.72903699199632, 34.30427429002488, 0.0], [74.74585199282333, 34.31364592527536, 0.0], [74.74659760730476, 34.31406140359429, 0.0], [74.75047259319193, 34.31570401170954, 0.0], [74.75545792816027, 34.31578847164465, 0.0], [74.75959190836453, 34.314828961405915, 0.0], [74.76372588479254, 34.31378702999956, 0.0], [74.76727638127426, 34.31445504018926, 0.0], [74.76878629931606, 34.319008847141184, 0.0], [74.76957000545976, 34.323310711786434, 0.0], [74.77372693925898, 34.32374954085588, 0.0], [74.77614483197098, 34.32819074004089, 0.0], [74.77907270564504, 34.33031361488032, 0.0], [74.7833215123553, 34.33201615663613, 0.0], [74.78639578228487, 34.333470200919194, 0.0], [74.78688019135855, 34.33655921772251, 0.0], [74.78699521139596, 34.33789937290627, 0.0], [74.78702685439733, 34.338268057356665, 0.0], [74.78714417671479, 34.339634996291615, 0.0], [74.78959798267874, 34.341572468792144, 0.0], [74.79415909482181, 34.341780768740215, 0.0], [74.79702392212901, 34.34254736721697, 0.0], [74.80037082481647, 34.34349328125695, 0.0], [74.80483712129106, 34.3437930941262, 0.0], [74.80859582747037, 34.34366180976513, 0.0], [74.81185944732789, 34.343020073325654, 0.0], [74.8147298825091, 34.343249141545236, 0.0], [74.81756747750678, 34.34383874366211, 0.0], [74.8214360788063, 34.34462476375821, 0.0], [74.82511603473407, 34.344112107681916, 0.0], [74.82636958147383, 34.34440895726387, 0.0], [74.82859151180176, 34.34493509928566, 0.0], [74.833170920991, 34.34529518923113, 0.0], [74.83760490626935, 34.346069654211746, 0.0], [74.84085150347472, 34.347088130425874, 0.0], [74.84401110495315, 34.34845015962965, 0.0], [74.8473896039376, 34.34955867772581, 0.0], [74.84971000800557, 34.35237740699236, 0.0], [74.85110332476165, 34.35732830259536, 0.0], [74.85393987547506, 34.35933761599272, 0.0], [74.85860030625783, 34.36066121498527, 0.0], [74.86179159608702, 34.361216725879046, 0.0], [74.86441290440709, 34.36426280564102, 0.0], [74.86688972251874, 34.368383204208925, 0.0], [74.87079938208934, 34.36799794910424, 0.0], [74.87444403984156, 34.36855015584207, 0.0], [74.8788104475422, 34.37095815617388, 0.0], [74.88279236705948, 34.37237440011003, 0.0], [74.88679479923172, 34.373400602247756, 0.0], [74.88987453774648, 34.37469199537798, 0.0], [74.89284840319036, 34.37588454658613, 0.0], [74.89596306451537, 34.38004999546447, 0.0], [74.89834483750059, 34.38369790134504, 0.0], [74.90003357466114, 34.38872326005477, 0.0], [74.90444600898658, 34.39198863015112, 0.0], [74.90698090543744, 34.39501843083447, 0.0], [74.90861217407432, 34.399487027213, 0.0], [74.90579273006493, 34.40192252412304, 0.0], [74.90188886478079, 34.40365954508654, 0.0], [74.8972988116998, 34.40504923355816, 0.0], [74.8951287442869, 34.408301223706346, 0.0], [74.89292005598422, 34.41115249966966, 0.0], [74.89149888701682, 34.41383533082094, 0.0], [74.89111161337186, 34.4171062257835, 0.0], [74.89082129556573, 34.42034555033118, 0.0], [74.89121081379217, 34.42372514057757, 0.0], [74.8906400047966, 34.4287337493022, 0.0], [74.89147124315639, 34.43365493584627, 0.0], [74.89454103828108, 34.43677880184028, 0.0], [74.89692368341505, 34.43961799731726, 0.0], [74.89885038148032, 34.44237612898512, 0.0], [74.89939500623385, 34.44658473563651, 0.0], [74.90285130974156, 34.44999490402079, 0.0], [74.90638990047485, 34.45162643061862, 0.0], [74.91037406835464, 34.45333846369119, 0.0], [74.91445207696297, 34.45581062812398, 0.0], [74.91888893874857, 34.45644683662775, 0.0], [74.92177319601096, 34.45692957098715, 0.0], [74.92491783535371, 34.45607790620549, 0.0], [74.92819922702432, 34.45755462800808, 0.0], [74.93096434713283, 34.46040720809881, 0.0], [74.93374564678324, 34.461222776736605, 0.0], [74.93749228547479, 34.46192228868286, 0.0], [74.9406737151912, 34.46385943260728, 0.0]]]}}, {"type": "Feature", "properties": {"district_id": "kulgam", "display_name": "Kulgam", "source_name": "KULGAM", "state_ut": "Jammu and Kashmir", "objectid": 14, "dist_lgd": "015"}, "geometry": {"type": "Polygon", "coordinates": [[[75.06860308397637, 33.77556006982069, 0.0], [75.07053468588339, 33.77074785118852, 0.0], [75.07089209425584, 33.769857382057324, 0.0], [75.07551296863619, 33.76881132310207, 0.0], [75.07702189956385, 33.769156773631295, 0.0], [75.07513958848034, 33.76869164914467, 0.0], [75.07439283048498, 33.768452297704556, 0.0], [75.07274567686693, 33.767366171445914, 0.0], [75.07293652900016, 33.766694609056614, 0.0], [75.07431358451541, 33.76535088703312, 0.0], [75.07741135595406, 33.76183186403592, 0.0], [75.07863510961765, 33.760456215110956, 0.0], [75.07989761084276, 33.759624083556965, 0.0], [75.08039445092355, 33.75876046758744, 0.0], [75.08100480053335, 33.756489926099235, 0.0], [75.08165309152372, 33.753899615917454, 0.0], [75.08188175595156, 33.75284432701174, 0.0], [75.08257026157919, 33.75233228619634, 0.0], [75.08429236577625, 33.75194743609336, 0.0], [75.08509599740225, 33.7517550414212, 0.0], [75.08601378638319, 33.75089110984948, 0.0], [75.0868538411544, 33.74887616707798, 0.0], [75.08631400512314, 33.748037014908874, 0.0], [75.08612987431272, 33.74732212432804, 0.0], [75.08619009377436, 33.74640277095876, 0.0], [75.08661733502666, 33.74568745394478, 0.0], [75.08759448423078, 33.74466530818452, 0.0], [75.08808294574037, 33.74405208637138, 0.0], [75.08808153600906, 33.74267312111838, 0.0], [75.08685740276765, 33.741243949409686, 0.0], [75.08606123773663, 33.73981446563166, 0.0], [75.08569337666461, 33.73874219214433, 0.0], [75.0874655886029, 33.73820565156187, 0.0], [75.08763850477295, 33.738209658954425, 0.0], [75.08997226309042, 33.7382637090919, 0.0], [75.09019419137314, 33.738296664461245, 0.0], [75.0912615766724, 33.73845516007651, 0.0], [75.09132036315098, 33.73846388881806, 0.0], [75.09152332033904, 33.73849402472478, 0.0], [75.09197787251098, 33.73856151687129, 0.0], [75.09484363545101, 33.739517067335505, 0.0], [75.09699681386152, 33.74075226795509, 0.0], [75.10011830422651, 33.741367272701645, 0.0], [75.10274650577983, 33.74150233464408, 0.0], [75.10660508512815, 33.740401292879476, 0.0], [75.10604900148441, 33.73918551833552, 0.0], [75.10564625121305, 33.737096249567166, 0.0], [75.10559535937837, 33.736385825185415, 0.0], [75.10567697695468, 33.73501705594885, 0.0], [75.10322874650328, 33.732719765045125, 0.0], [75.09928281750726, 33.72901801896475, 0.0], [75.09725697026057, 33.7267826770856, 0.0], [75.09742850353085, 33.72464889722807, 0.0], [75.09682649113542, 33.72301946883352, 0.0], [75.09632485511825, 33.72168250499931, 0.0], [75.09532338486939, 33.72059668007052, 0.0], [75.09377194175859, 33.71963664197124, 0.0], [75.09252109715676, 33.71913607708506, 0.0], [75.09266906811183, 33.717213515165916, 0.0], [75.0938178631596, 33.71587529060114, 0.0], [75.0950669166051, 33.714787732764556, 0.0], [75.0976158858318, 33.71344838703792, 0.0], [75.10310377584317, 33.71236979889211, 0.0], [75.10401039577212, 33.707968356946125, 0.0], [75.10568070154869, 33.70331155024981, 0.0], [75.10570479771006, 33.70324436820986, 0.0], [75.10587659393286, 33.70256212504333, 0.0], [75.10449197774358, 33.69903224276631, 0.0], [75.10379041574427, 33.697243608842385, 0.0], [75.10161627889137, 33.69336575517608, 0.0], [75.09941515869309, 33.69078317362774, 0.0], [75.09771001311158, 33.688521747315136, 0.0], [75.09943810910686, 33.68491861617218, 0.0], [75.10329426255932, 33.68447837368094, 0.0], [75.10772576279118, 33.68560746185134, 0.0], [75.10438599817286, 33.67889275441536, 0.0], [75.10221977916417, 33.67391362956677, 0.0], [75.11657217504504, 33.67251029289619, 0.0], [75.12043989882386, 33.671587750678356, 0.0], [75.12406255939526, 33.66495211312371, 0.0], [75.12747182047704, 33.6611217698383, 0.0], [75.13165218735261, 33.65752909006307, 0.0], [75.1375120496324, 33.654168469065304, 0.0], [75.13346140254349, 33.65201563678741, 0.0], [75.12704828647875, 33.65026612218923, 0.0], [75.12008595199373, 33.648470763613496, 0.0], [75.12154669534466, 33.64480570808215, 0.0], [75.1229007156203, 33.63933867633777, 0.0], [75.12589860295385, 33.63491346801323, 0.0], [75.13151524255676, 33.63496469561006, 0.0], [75.1337200243182, 33.63088221217706, 0.0], [75.13570827579682, 33.628260682755965, 0.0], [75.13521086732398, 33.6244561193467, 0.0], [75.12764774851875, 33.62189495806769, 0.0], [75.12699947842032, 33.61832084698657, 0.0], [75.12995936432299, 33.61511992944889, 0.0], [75.13737015650356, 33.61106550817416, 0.0], [75.14018655550545, 33.606761157744316, 0.0], [75.14073879774652, 33.60249048828493, 0.0], [75.13857653810635, 33.596875062277924, 0.0], [75.13515237484597, 33.59096574259417, 0.0], [75.14067763405185, 33.590318504297045, 0.0], [75.14602081228219, 33.59159541306807, 0.0], [75.14908625045275, 33.5924933917086, 0.0], [75.15214674300974, 33.58917652318284, 0.0], [75.15674416608232, 33.58996745334921, 0.0], [75.16017447886765, 33.58916171538906, 0.0], [75.1629044752206, 33.59109215172432, 0.0], [75.16527809172479, 33.59576711270846, 0.0], [75.16892709121517, 33.59466817126699, 0.0], [75.1719170073698, 33.59310130685211, 0.0], [75.17570801908153, 33.590935381196964, 0.0], [75.16951141180543, 33.5906041949257, 0.0], [75.16947302154574, 33.58601991426022, 0.0], [75.16946627530488, 33.58256934656806, 0.0], [75.16946778370192, 33.58254202938963, 0.0], [75.16962449780583, 33.5797034729591, 0.0], [75.16663293043592, 33.5768149137846, 0.0], [75.16252186243794, 33.57269820990411, 0.0], [75.16009415463958, 33.5687770215819, 0.0], [75.16011751752745, 33.56561165263325, 0.0], [75.15654423447971, 33.562011513903784, 0.0], [75.15359937012397, 33.55911502480625, 0.0], [75.15198775452284, 33.556157673435, 0.0], [75.15048091593711, 33.55060666685908, 0.0], [75.14800816250057, 33.549022901769256, 0.0], [75.14783117040231, 33.548909537297575, 0.0], [75.14721143580418, 33.548512590764794, 0.0], [75.1453266681252, 33.543616097772706, 0.0], [75.14525237529426, 33.543354049563455, 0.0], [75.14519940780607, 33.5431672205403, 0.0], [75.1451097587523, 33.5428510071667, 0.0], [75.14504530827034, 33.54262367311214, 0.0], [75.14396841872049, 33.538825025041014, 0.0], [75.14194008438868, 33.534773577633516, 0.0], [75.14276116788444, 33.529987947902015, 0.0], [75.14241585846389, 33.525333593359356, 0.0], [75.14628630575464, 33.524768543572584, 0.0], [75.14952813839773, 33.52500847573835, 0.0], [75.15360826145144, 33.52420599017196, 0.0], [75.15166156951348, 33.52233113536117, 0.0], [75.14906955093447, 33.520390646169346, 0.0], [75.14885939672591, 33.52023060969518, 0.0], [75.14384294704504, 33.51641024698808, 0.0], [75.14008929594166, 33.514112380979896, 0.0], [75.13664034458895, 33.51359764465078, 0.0], [75.13208214647752, 33.51352578789982, 0.0], [75.1288620695208, 33.510937393643054, 0.0], [75.12624028473866, 33.507860340241756, 0.0], [75.12190423752557, 33.50333438987501, 0.0], [75.11859096686122, 33.500928121968684, 0.0], [75.11415291631543, 33.49802469430804, 0.0], [75.10985539374725, 33.49703271938991, 0.0], [75.10596001978867, 33.496893059934195, 0.0], [75.10312323593499, 33.497570394010836, 0.0], [75.09922909345782, 33.4998422852906, 0.0], [75.09650880939024, 33.50153850382721, 0.0], [75.09328196015605, 33.50165817668829, 0.0], [75.09042589936904, 33.49984543307291, 0.0], [75.08766651128819, 33.49735542429957, 0.0], [75.08460129933952, 33.49645119414697, 0.0], [75.08101622523671, 33.49507575986889, 0.0], [75.07598146552206, 33.496585622883416, 0.0], [75.0721450078994, 33.496714776709645, 0.0], [75.06785188313476, 33.49766032540328, 0.0], [75.06186361696983, 33.49900012678862, 0.0], [75.05819370045344, 33.49939743836991, 0.0], [75.05597400696612, 33.50120405794267, 0.0], [75.05252344022729, 33.50285356006027, 0.0], [75.04939034386356, 33.50316034944732, 0.0], [75.04524821852505, 33.50295806720205, 0.0], [75.04087752596519, 33.503937158665835, 0.0], [75.03713705650806, 33.50490233499287, 0.0], [75.03301670264015, 33.50471231574563, 0.0], [75.0297288898721, 33.503421306847486, 0.0], [75.02614838850089, 33.50269122894177, 0.0], [75.02282120774717, 33.50463901898044, 0.0], [75.02273262397956, 33.50469087529165, 0.0], [75.02269566827526, 33.50471250838487, 0.0], [75.02263117195098, 33.504750264672616, 0.0], [75.02240348970163, 33.50490440751828, 0.0], [75.02238650048592, 33.50491590992071, 0.0], [75.02221928591472, 33.50502911532509, 0.0], [75.02105260741554, 33.50581895116314, 0.0], [75.01867149225826, 33.50743089076346, 0.0], [75.01252228251838, 33.51159331371396, 0.0], [75.00831036110141, 33.510580717074106, 0.0], [75.00520304213552, 33.50595021822078, 0.0], [74.99952915627557, 33.506758038247206, 0.0], [74.9950537365071, 33.508728623036006, 0.0], [74.99242965585923, 33.5134749297004, 0.0], [74.98759629645618, 33.513590305761866, 0.0], [74.98414373626564, 33.51451604562665, 0.0], [74.98027704235766, 33.51439972417391, 0.0], [74.97489122654201, 33.514514516348555, 0.0], [74.96681234667484, 33.51503356092017, 0.0], [74.96260087891254, 33.51381680997903, 0.0], [74.95818169746181, 33.51404693598449, 0.0], [74.95491406272563, 33.51281094435939, 0.0], [74.95266017549717, 33.509761584898264, 0.0], [74.95252398347832, 33.5062885322631, 0.0], [74.9520259996837, 33.49897448735648, 0.0], [74.94877643693656, 33.49762912538562, 0.0], [74.94584590540289, 33.49603163101601, 0.0], [74.94255965039187, 33.494280980710215, 0.0], [74.93960486512148, 33.49306537256599, 0.0], [74.93957290921111, 33.493075291691405, 0.0], [74.93607697339493, 33.494160415274216, 0.0], [74.93278660393462, 33.49514565884746, 0.0], [74.92903112214637, 33.49711107481482, 0.0], [74.9245517655775, 33.49808940587612, 0.0], [74.92156382139275, 33.49903005401436, 0.0], [74.91761800624637, 33.498817141312145, 0.0], [74.91374260051441, 33.496040356611545, 0.0], [74.91184986936207, 33.49265014959379, 0.0], [74.90677828172414, 33.49293803533458, 0.0], [74.90227148735433, 33.4898655498646, 0.0], [74.89888479547562, 33.48765601620155, 0.0], [74.89759379716595, 33.484850989142075, 0.0], [74.89467502706643, 33.48415613712577, 0.0], [74.89160031633673, 33.482664735397805, 0.0], [74.88785339342844, 33.48315936622591, 0.0], [74.88476067246242, 33.48347867642363, 0.0], [74.88193411492193, 33.48325618697251, 0.0], [74.8791240930099, 33.48388688861684, 0.0], [74.8764131449771, 33.485278060410955, 0.0], [74.87324636230083, 33.48582803901185, 0.0], [74.86982105468634, 33.48443061035506, 0.0], [74.86551756373701, 33.48414420474084, 0.0], [74.86394981337322, 33.480092275685394, 0.0], [74.86134119434767, 33.47683285242583, 0.0], [74.85784974110801, 33.47491902924761, 0.0], [74.8529854780425, 33.4756293922359, 0.0], [74.84972315818146, 33.47641463988951, 0.0], [74.84434105547597, 33.47646072435021, 0.0], [74.84039350623756, 33.477542494656994, 0.0], [74.83822892084571, 33.47764380821142, 0.0], [74.83680992909646, 33.47461514334869, 0.0], [74.8347886979947, 33.4723085220368, 0.0], [74.83197766053907, 33.468678873088905, 0.0], [74.82722312052638, 33.46786242218753, 0.0], [74.82380846922078, 33.46866806199566, 0.0], [74.81939216826257, 33.46897044974705, 0.0], [74.8140415134513, 33.47081400769938, 0.0], [74.81054863899321, 33.46980699366246, 0.0], [74.80337620719484, 33.469284266995516, 0.0], [74.79904268981021, 33.468143816599465, 0.0], [74.79500547215423, 33.46714396066349, 0.0], [74.79255387687519, 33.47056763813929, 0.0], [74.78984576308011, 33.47330218264881, 0.0], [74.79170874516954, 33.47721337541057, 0.0], [74.79478594535601, 33.480056625037996, 0.0], [74.79261471761188, 33.48456029537183, 0.0], [74.78969931567723, 33.48681908957496, 0.0], [74.78677378531557, 33.48884615873676, 0.0], [74.78293632329121, 33.48966678796395, 0.0], [74.77927804915653, 33.49004609440597, 0.0], [74.77564102974951, 33.48868182374298, 0.0], [74.77112948567736, 33.4878459536917, 0.0], [74.76568958104043, 33.48922708558521, 0.0], [74.76182773961358, 33.49055594095201, 0.0], [74.75862380982956, 33.49098562986704, 0.0], [74.75732152486695, 33.49219170856931, 0.0], [74.75623768750833, 33.493195448449164, 0.0], [74.75281084383536, 33.49477218186812, 0.0], [74.7499583604906, 33.49667546478841, 0.0], [74.74734647089674, 33.4993143112046, 0.0], [74.74391943167791, 33.50228770300144, 0.0], [74.74000594443851, 33.50538646988322, 0.0], [74.73540929645911, 33.50661835943325, 0.0], [74.73277228517821, 33.50995540673702, 0.0], [74.73053392253189, 33.51353916679071, 0.0], [74.72757135280244, 33.51433334662894, 0.0], [74.7239660699308, 33.51612926585573, 0.0], [74.71973458620563, 33.517632964755016, 0.0], [74.7164170322132, 33.52005090163533, 0.0], [74.71380178131935, 33.52287034901638, 0.0], [74.71041734848991, 33.52505839424926, 0.0], [74.70677558322402, 33.52541437601338, 0.0], [74.70373802117365, 33.52521916571701, 0.0], [74.70128348741005, 33.52378795087531, 0.0], [74.69685936459025, 33.52160342957184, 0.0], [74.69248855741813, 33.51972048216681, 0.0], [74.69034509976483, 33.51740221899169, 0.0], [74.68672292128555, 33.51539171478702, 0.0], [74.68342504957049, 33.513519086762415, 0.0], [74.68292417284583, 33.509622349266685, 0.0], [74.68038542106973, 33.50559194969153, 0.0], [74.67653832985424, 33.50490506093304, 0.0], [74.67311045538764, 33.50524849321367, 0.0], [74.66986796550452, 33.505950044954325, 0.0], [74.66520292630148, 33.50622091433751, 0.0], [74.66015408022889, 33.50633162235413, 0.0], [74.6556823615472, 33.50655070818285, 0.0], [74.65249646971732, 33.51037035588221, 0.0], [74.65039789328522, 33.514226941064116, 0.0], [74.6475589988083, 33.51289945105703, 0.0], [74.64514592524782, 33.509607906729805, 0.0], [74.64244464588343, 33.50751361077838, 0.0], [74.64039682175849, 33.50255016538918, 0.0], [74.63567348605659, 33.50166368638756, 0.0], [74.63143965352536, 33.501014191596504, 0.0], [74.63035676679516, 33.50010271925886, 0.0], [74.62923839649773, 33.49916135508856, 0.0], [74.62767655441417, 33.49720933309294, 0.0], [74.62759846779709, 33.49722358843275, 0.0], [74.62388055683577, 33.4979022805938, 0.0], [74.62020804952338, 33.497542322340216, 0.0], [74.61671540259914, 33.497870692096704, 0.0], [74.61354244241967, 33.49882686141469, 0.0], [74.6099416290852, 33.49747142735733, 0.0], [74.60715098049874, 33.49642495742536, 0.0], [74.6050645194182, 33.49854583105028, 0.0], [74.6039357818758, 33.50230274067237, 0.0], [74.60619658429155, 33.50611817490652, 0.0], [74.6076238839514, 33.509459845368916, 0.0], [74.60856371299212, 33.51273950764958, 0.0], [74.60750703492802, 33.517557290703216, 0.0], [74.60659743121076, 33.52240726933215, 0.0], [74.60490777160155, 33.52681754438387, 0.0], [74.60366695288936, 33.531396714027544, 0.0], [74.6041296626573, 33.535036136981745, 0.0], [74.60608346258402, 33.539001041726145, 0.0], [74.60787614666117, 33.541599683561564, 0.0], [74.6099313477761, 33.54366914684403, 0.0], [74.61290910905534, 33.54565351384226, 0.0], [74.61436903858568, 33.548818831673216, 0.0], [74.61239187545482, 33.552555544998505, 0.0], [74.61243489594138, 33.55688547728867, 0.0], [74.61357882972031, 33.5626371898903, 0.0], [74.61329941957504, 33.56686539624027, 0.0], [74.6127456654236, 33.5702293943114, 0.0], [74.61198172952051, 33.57424975012231, 0.0], [74.61111504845069, 33.57794800018321, 0.0], [74.61322007094988, 33.58100911674528, 0.0], [74.61575654870396, 33.58502310090206, 0.0], [74.61805163361731, 33.58861697219179, 0.0], [74.61922810534399, 33.59274936884455, 0.0], [74.62267951867543, 33.59608843292666, 0.0], [74.62336764646263, 33.599869805269144, 0.0], [74.6261681522702, 33.603172088798004, 0.0], [74.62791318492536, 33.60611889496788, 0.0], [74.63084478488976, 33.608150181848984, 0.0], [74.6339043949433, 33.60955547183761, 0.0], [74.63781173095481, 33.61097238532958, 0.0], [74.64192691685233, 33.612923586792014, 0.0], [74.64406868324512, 33.61566672571563, 0.0], [74.64679257457631, 33.61836202615619, 0.0], [74.64763551299866, 33.62382866627206, 0.0], [74.65283228798089, 33.625441802016695, 0.0], [74.65698582373928, 33.62355287409641, 0.0], [74.66115653366505, 33.62189895174156, 0.0], [74.66577557451839, 33.623298092580676, 0.0], [74.66991705062277, 33.625623180336675, 0.0], [74.67251889846413, 33.62811884734517, 0.0], [74.67458221594504, 33.630106035588376, 0.0], [74.67761743820702, 33.6321979499161, 0.0], [74.68017539866051, 33.63347629686096, 0.0], [74.6834553762602, 33.63454428683078, 0.0], [74.68706118424963, 33.63524235415546, 0.0], [74.69124280884436, 33.6357788876989, 0.0], [74.6949103261293, 33.637010483779385, 0.0], [74.69793334252793, 33.637588744232715, 0.0], [74.70171280499932, 33.63931298539526, 0.0], [74.70650833022506, 33.63906090286956, 0.0], [74.71106594004755, 33.63964392313257, 0.0], [74.7160684967627, 33.64066492474844, 0.0], [74.71557320981408, 33.63628161401658, 0.0], [74.71229609554415, 33.633679619858, 0.0], [74.70955409516634, 33.63206096693318, 0.0], [74.70753548861288, 33.629296281929236, 0.0], [74.71226843335792, 33.629322815710964, 0.0], [74.71556377692113, 33.63034562118023, 0.0], [74.7185189421641, 33.63181036943111, 0.0], [74.72142095259383, 33.6327546779657, 0.0], [74.7245488778064, 33.633046257977504, 0.0], [74.72812809248313, 33.63351843797896, 0.0], [74.73123791011687, 33.63355284257529, 0.0], [74.73419887466983, 33.63370238801441, 0.0], [74.73762750250351, 33.633732883183214, 0.0], [74.74049715478316, 33.63382848435068, 0.0], [74.74372047845051, 33.63470597970602, 0.0], [74.7469717111498, 33.63733715239752, 0.0], [74.75144794294077, 33.63784030921348, 0.0], [74.75430120946943, 33.637705663600514, 0.0], [74.75738623422265, 33.63632811905992, 0.0], [74.76061405341504, 33.63544804429895, 0.0], [74.76395551545654, 33.63533478411999, 0.0], [74.76882405801148, 33.63428344617271, 0.0], [74.77324646777977, 33.63412037957273, 0.0], [74.77666418752727, 33.637922595194155, 0.0], [74.77841133520828, 33.641358315249754, 0.0], [74.78055955388676, 33.64679097785896, 0.0], [74.78106306625938, 33.64739002706809, 0.0], [74.78198274761034, 33.64848418947238, 0.0], [74.78235125097943, 33.64892259605697, 0.0], [74.78332557985965, 33.650081729097494, 0.0], [74.78414301185286, 33.65105417954264, 0.0], [74.7858280541822, 33.65506719221348, 0.0], [74.78998816045275, 33.65829367456871, 0.0], [74.7935692173561, 33.65616431801948, 0.0], [74.79740861346413, 33.65442922156992, 0.0], [74.80062022885052, 33.65439612680793, 0.0], [74.80484072382359, 33.65434466099937, 0.0], [74.80804918555326, 33.654770499539495, 0.0], [74.81305121102245, 33.655048646374695, 0.0], [74.8174700166382, 33.65512334891818, 0.0], [74.82093322236608, 33.65656544477751, 0.0], [74.82598656916208, 33.65736503599832, 0.0], [74.83141927100012, 33.65700911665284, 0.0], [74.83579142614691, 33.654597296787415, 0.0], [74.83961681045359, 33.65182819901286, 0.0], [74.84222177281292, 33.648856761671034, 0.0], [74.84545078152351, 33.64675901738637, 0.0], [74.84830796926794, 33.644322524022655, 0.0], [74.85016608375594, 33.641356716118615, 0.0], [74.85593629272239, 33.63924767834874, 0.0], [74.86042137054575, 33.63522076007522, 0.0], [74.86452863001146, 33.631783106217114, 0.0], [74.86799761805275, 33.62957288489626, 0.0], [74.87275662916721, 33.62726855081317, 0.0], [74.87838621639983, 33.629307723230134, 0.0], [74.88258848867315, 33.62976159799407, 0.0], [74.88657479863829, 33.6319947422649, 0.0], [74.88958540466582, 33.63628170908232, 0.0], [74.89309801801707, 33.63955959663198, 0.0], [74.89451385827238, 33.64088857694289, 0.0], [74.89579041498628, 33.64208677784171, 0.0], [74.89838689289307, 33.644452657094334, 0.0], [74.90217103799084, 33.64669854577559, 0.0], [74.90611240604468, 33.64832013680518, 0.0], [74.90493299117715, 33.65280306091511, 0.0], [74.90861104136397, 33.6539819362133, 0.0], [74.91192029905324, 33.655041781326545, 0.0], [74.91548515955216, 33.65738769188462, 0.0], [74.91384463654236, 33.66105299892688, 0.0], [74.91188904571622, 33.66448600453997, 0.0], [74.90912455952919, 33.66835189082021, 0.0], [74.91262311635857, 33.668623016001696, 0.0], [74.91702008915237, 33.669310979383134, 0.0], [74.91937470010676, 33.67028628905913, 0.0], [74.92172935109201, 33.6712615636834, 0.0], [74.9270182058837, 33.67137237966044, 0.0], [74.93147398452155, 33.670458997916235, 0.0], [74.9333258518892, 33.66637426732699, 0.0], [74.9346934248631, 33.66190274887857, 0.0], [74.93848208478774, 33.6601990588425, 0.0], [74.93994988692685, 33.66591940133059, 0.0], [74.94051136624901, 33.66965246594174, 0.0], [74.94345835207004, 33.672271906308936, 0.0], [74.94730690718043, 33.67353805458378, 0.0], [74.95045711029631, 33.67542853175421, 0.0], [74.95488405350712, 33.678696306931194, 0.0], [74.95850415600086, 33.68076313402098, 0.0], [74.96291225915192, 33.682040160717, 0.0], [74.9669612866195, 33.68460594270884, 0.0], [74.95992222391871, 33.68659919909188, 0.0], [74.96020720092248, 33.69205409079083, 0.0], [74.96184376502055, 33.69634979869584, 0.0], [74.9669448548457, 33.693768215667774, 0.0], [74.96746952678805, 33.69669611764942, 0.0], [74.9649834899952, 33.70048272724835, 0.0], [74.96288205302723, 33.70330677490074, 0.0], [74.96024983553623, 33.70710406100745, 0.0], [74.96188145385412, 33.70985082555445, 0.0], [74.9608738728165, 33.71299227164785, 0.0], [74.95953419172146, 33.715664238346235, 0.0], [74.95729659495748, 33.720806431811326, 0.0], [74.95694891373992, 33.724619496336, 0.0], [74.95592730317517, 33.72868619198536, 0.0], [74.95664027957986, 33.732726638729694, 0.0], [74.95466293229859, 33.73605657183444, 0.0], [74.95240287181427, 33.74060228163851, 0.0], [74.9568925778798, 33.74359487401222, 0.0], [74.96152519317313, 33.741789779048986, 0.0], [74.96502815773131, 33.7411266203407, 0.0], [74.96931724748227, 33.7394677051118, 0.0], [74.97432079218254, 33.73969715529652, 0.0], [74.9770505628244, 33.74315592690823, 0.0], [74.98022154216268, 33.745191016238465, 0.0], [74.98462149673831, 33.74508562773112, 0.0], [74.98937617353815, 33.744062197567075, 0.0], [74.99260942043621, 33.74296237606116, 0.0], [74.99702970152187, 33.741778158032695, 0.0], [75.00167411678284, 33.744155559417116, 0.0], [74.99905171745321, 33.745975843858915, 0.0], [74.99564803794054, 33.74603543300413, 0.0], [74.99609983125701, 33.74954480012142, 0.0], [75.00000548259008, 33.75269024289016, 0.0], [75.00326253746393, 33.751885613317654, 0.0], [75.0070090265236, 33.75033563890562, 0.0], [75.010427192502, 33.74824569090854, 0.0], [75.0112183699749, 33.745181501415914, 0.0], [75.01496119250952, 33.740071319988964, 0.0], [75.0196629995187, 33.74188475094912, 0.0], [75.02265623703519, 33.74559599297433, 0.0], [75.0252842461379, 33.749677368643, 0.0], [75.02599635582857, 33.75317285598227, 0.0], [75.027459230786, 33.75605998354898, 0.0], [75.02760017509254, 33.75624938049593, 0.0], [75.02934624472886, 33.758595627232204, 0.0], [75.03072783965932, 33.763236712818966, 0.0], [75.0314984673682, 33.76841404131281, 0.0], [75.03378261158625, 33.77064515941037, 0.0], [75.0376726326633, 33.772062625094726, 0.0], [75.04100830453834, 33.773841984797535, 0.0], [75.04481576579738, 33.774204343060816, 0.0], [75.04889259405995, 33.773769650964205, 0.0], [75.05263641674861, 33.772693521722914, 0.0], [75.0561123487199, 33.775135398937465, 0.0], [75.06068252294112, 33.77859831229757, 0.0], [75.06640105249652, 33.7785080127408, 0.0], [75.06860308397637, 33.77556006982069, 0.0]]]}}, {"type": "Feature", "properties": {"district_id": "kupwara", "display_name": "Kupwara", "source_name": "KUPWARA", "state_ut": "Jammu and Kashmir", "objectid": 15, "dist_lgd": "001"}, "geometry": {"type": "Polygon", "coordinates": [[[74.34149119973155, 34.78608070897774, 0.0], [74.35228084588667, 34.78524027266824, 0.0], [74.35971576048011, 34.78632762890482, 0.0], [74.36841235876638, 34.78898727026742, 0.0], [74.37271765271126, 34.79030372051901, 0.0], [74.37763457628986, 34.790785971599206, 0.0], [74.38578552998473, 34.78873475835185, 0.0], [74.3929796577497, 34.78500195156485, 0.0], [74.39657959876584, 34.78427571852106, 0.0], [74.40137632182434, 34.78523930608672, 0.0], [74.41168637363648, 34.78861237416025, 0.0], [74.41672336589959, 34.788610645445445, 0.0], [74.42269917777611, 34.78703995343397, 0.0], [74.42737400986425, 34.784626741371774, 0.0], [74.43156892732111, 34.78378197554541, 0.0], [74.43768728606777, 34.783661782250554, 0.0], [74.44368107532104, 34.78498362161902, 0.0], [74.45015730626423, 34.7878687446749, 0.0], [74.45627701839149, 34.78895102402754, 0.0], [74.46214896510868, 34.78798237975256, 0.0], [74.4698219421183, 34.785687060644214, 0.0], [74.47737381480641, 34.78290901358464, 0.0], [74.48180909462569, 34.782544635886836, 0.0], [74.48552478561906, 34.78326241935966, 0.0], [74.49240806364297, 34.78561772578391, 0.0], [74.49976321612661, 34.788255764012405, 0.0], [74.50630540597112, 34.786022562393214, 0.0], [74.51323161298639, 34.78418055939662, 0.0], [74.52019812879321, 34.78305044125316, 0.0], [74.5314343399229, 34.78381598484547, 0.0], [74.54480877361733, 34.78221550646297, 0.0], [74.56570600380985, 34.77834526738326, 0.0], [74.56821376731493, 34.77768372452865, 0.0], [74.57248616435825, 34.77607633974107, 0.0], [74.58168076031741, 34.772482628640205, 0.0], [74.59180410212491, 34.765291735635195, 0.0], [74.59811972885161, 34.756301067836226, 0.0], [74.59978949184752, 34.74998171029998, 0.0], [74.60610493169409, 34.73776792337741, 0.0], [74.59799690441852, 34.72265351039843, 0.0], [74.59399721810969, 34.71617398228371, 0.0], [74.59093882643731, 34.7112650626391, 0.0], [74.58645631348953, 34.70674313396132, 0.0], [74.57822995318782, 34.69933098400274, 0.0], [74.57374475562301, 34.69559236732409, 0.0], [74.56949497813933, 34.69224631277455, 0.0], [74.56667389593994, 34.68772950814331, 0.0], [74.5650464235433, 34.68164931453123, 0.0], [74.56295341887152, 34.673999837676135, 0.0], [74.5629863510749, 34.66772959780494, 0.0], [74.56373323161236, 34.660874060839966, 0.0], [74.565190797652, 34.65402104706914, 0.0], [74.56524579828451, 34.646638989535006, 0.0], [74.563857125527, 34.64036364391059, 0.0], [74.56080945357772, 34.634278264861976, 0.0], [74.55893721515721, 34.62996061098203, 0.0], [74.55374077110278, 34.627198409987976, 0.0], [74.55019524684903, 34.625813736863044, 0.0], [74.54736146709425, 34.624235654099266, 0.0], [74.5464311136761, 34.62109699671429, 0.0], [74.54644710401325, 34.618157804029934, 0.0], [74.54768710454809, 34.61119751043056, 0.0], [74.54748643439325, 34.60453444723226, 0.0], [74.54468443781202, 34.597273844606825, 0.0], [74.54164508975478, 34.590208231642606, 0.0], [74.53716845146701, 34.58627231426413, 0.0], [74.53316351155327, 34.582729938829466, 0.0], [74.53247525231986, 34.57880827898781, 0.0], [74.53178705558688, 34.57488661277343, 0.0], [74.52896529369919, 34.57154458080888, 0.0], [74.52779950294041, 34.56840485124296, 0.0], [74.52571153082238, 34.560950591052325, 0.0], [74.5238360136891, 34.55780806023455, 0.0], [74.52303209245281, 34.55585537206828, 0.0], [74.52173519580565, 34.552705097059786, 0.0], [74.52180101090842, 34.55227699763391, 0.0], [74.52235340316348, 34.54868376171399, 0.0], [74.52235341743882, 34.54868366724291, 0.0], [74.52235345522547, 34.548683630486785, 0.0], [74.5281015496155, 34.54287603184258, 0.0], [74.53136551778125, 34.53807919422631, 0.0], [74.53407945716319, 34.52941686713997, 0.0], [74.53344389751442, 34.52389543613044, 0.0], [74.53234181973498, 34.51898784498041, 0.0], [74.53301787263088, 34.51575296709104, 0.0], [74.533058562341, 34.51555827670529, 0.0], [74.53395530840503, 34.51126738778204, 0.0], [74.53395525263053, 34.511267342587544, 0.0], [74.53157906424376, 34.50938172755474, 0.0], [74.52082701305811, 34.501991955299296, 0.0], [74.52057043751397, 34.50064587766563, 0.0], [74.52057043363111, 34.50064584408313, 0.0], [74.52010549204044, 34.49781944495424, 0.0], [74.51907873995042, 34.491577777309864, 0.0], [74.51780727850203, 34.48421519540705, 0.0], [74.51373046608902, 34.48175489656893, 0.0], [74.50889975474215, 34.47810878184299, 0.0], [74.5006565923829, 34.47247749600855, 0.0], [74.50032826376753, 34.472283530979965, 0.0], [74.49667519524, 34.47012530531722, 0.0], [74.49376684983869, 34.468406935003124, 0.0], [74.49301179817164, 34.46796080190019, 0.0], [74.4900403916194, 34.46620502924007, 0.0], [74.4851169789786, 34.46247874443517, 0.0], [74.48295171038944, 34.458842802346545, 0.0], [74.47916167789205, 34.44454246697751, 0.0], [74.47720939767954, 34.43735935124627, 0.0], [74.47951388413493, 34.43261257961228, 0.0], [74.47947794802499, 34.43261094563793, 0.0], [74.47832218210918, 34.43255838334853, 0.0], [74.47806141881075, 34.43254652314424, 0.0], [74.47302705257377, 34.4323174691969, 0.0], [74.46786627086301, 34.43052042699051, 0.0], [74.46218869613395, 34.4259109641284, 0.0], [74.45865256163354, 34.421162841060905, 0.0], [74.45457805006737, 34.417003781336305, 0.0], [74.45018341610049, 34.415833809622924, 0.0], [74.43894790892767, 34.41607857438018, 0.0], [74.43029246111632, 34.41550947411183, 0.0], [74.42760375805456, 34.41523469266215, 0.0], [74.42744180310515, 34.41521813967056, 0.0], [74.42056916276026, 34.414515559246716, 0.0], [74.41577736651327, 34.41437230786289, 0.0], [74.41076689807318, 34.41540894911522, 0.0], [74.40749788899285, 34.41557384380622, 0.0], [74.40442109853423, 34.41935332014666, 0.0], [74.40082535609443, 34.424575661738956, 0.0], [74.39999378723546, 34.42914896958253, 0.0], [74.39894989648218, 34.434472663769775, 0.0], [74.39581108751632, 34.436625426907774, 0.0], [74.39268126945437, 34.437513352240714, 0.0], [74.38898981398481, 34.437440073991944, 0.0], [74.38274408336915, 34.43728824860933, 0.0], [74.3782769874766, 34.43546894929643, 0.0], [74.37314476064701, 34.43213017727036, 0.0], [74.36916819605857, 34.42970058609538, 0.0], [74.36457820080199, 34.42808493284268, 0.0], [74.35917723686546, 34.42549287029254, 0.0], [74.35322853521053, 34.424618356279886, 0.0], [74.35017892037484, 34.42594880324491, 0.0], [74.34614791070412, 34.42356427932732, 0.0], [74.34790670834211, 34.41706517916466, 0.0], [74.34772022066464, 34.41400231567214, 0.0], [74.34751265747833, 34.408208025172556, 0.0], [74.34870278195717, 34.40172117637398, 0.0], [74.35115367344157, 34.398231731447034, 0.0], [74.35446556753163, 34.39673585378834, 0.0], [74.357913219636, 34.39539992065312, 0.0], [74.36169779266913, 34.39462283679365, 0.0], [74.36560481632213, 34.392934060112, 0.0], [74.36941909775231, 34.392182662181355, 0.0], [74.37347528750092, 34.39170271773364, 0.0], [74.3770747377145, 34.39070430315263, 0.0], [74.3799791453131, 34.38881921819256, 0.0], [74.3804741592083, 34.3844845739091, 0.0], [74.3827802687734, 34.38332317696104, 0.0], [74.38216705214276, 34.380106097890774, 0.0], [74.38184593362463, 34.37655318768591, 0.0], [74.38046082658397, 34.37320576892356, 0.0], [74.38041557764562, 34.37315247881526, 0.0], [74.37798729696954, 34.37029258364757, 0.0], [74.37474885572495, 34.36630249092976, 0.0], [74.37810797814689, 34.36305010833492, 0.0], [74.37828314269458, 34.362880501450604, 0.0], [74.37853187217466, 34.3626396639143, 0.0], [74.38073513910663, 34.3625899818032, 0.0], [74.38356908205002, 34.36252603636512, 0.0], [74.38638474628478, 34.36135898208086, 0.0], [74.38782739309998, 34.360760997100165, 0.0], [74.39014138373524, 34.35817626177903, 0.0], [74.38797118482215, 34.354102368940126, 0.0], [74.38699666872908, 34.35027508697449, 0.0], [74.38697561023903, 34.3501923783239, 0.0], [74.38485824477956, 34.34873557318813, 0.0], [74.38172593171394, 34.34866591252997, 0.0], [74.3808833388053, 34.348647164646245, 0.0], [74.37778862883228, 34.34734607624476, 0.0], [74.37741538334811, 34.34718914880158, 0.0], [74.37596738602872, 34.34658034042442, 0.0], [74.3736279493389, 34.34384094617902, 0.0], [74.3714299269547, 34.34114099069114, 0.0], [74.36960966853441, 34.33875876033967, 0.0], [74.36822155353235, 34.3360925831961, 0.0], [74.36651197034588, 34.33319869759767, 0.0], [74.36517593205907, 34.33239305003366, 0.0], [74.36355311943375, 34.331414441970175, 0.0], [74.36349920313808, 34.33139946738364, 0.0], [74.35918820216324, 34.33020207127356, 0.0], [74.35642113102385, 34.32904780631195, 0.0], [74.35338970061152, 34.32776574037053, 0.0], [74.3502716362769, 34.325615860414764, 0.0], [74.34702723976085, 34.32226313208104, 0.0], [74.34562056890694, 34.317525935003445, 0.0], [74.34153884989192, 34.314911795337565, 0.0], [74.33835703659322, 34.313230279734015, 0.0], [74.33703795945915, 34.3124423821207, 0.0], [74.33464247933512, 34.31101147794532, 0.0], [74.33050100200605, 34.31016041404148, 0.0], [74.32639136920815, 34.30940613284843, 0.0], [74.3219007628564, 34.31168617594278, 0.0], [74.31793850138932, 34.314256388573355, 0.0], [74.3146765716439, 34.31556036337731, 0.0], [74.31086128851393, 34.31788657618032, 0.0], [74.3073410894148, 34.31782157929341, 0.0], [74.30365176472398, 34.31648305506985, 0.0], [74.30310603873033, 34.31629665241386, 0.0], [74.2995275686086, 34.315074297098775, 0.0], [74.29106993091463, 34.315041406768074, 0.0], [74.28747722634282, 34.31257375123347, 0.0], [74.2843847554063, 34.31151377588956, 0.0], [74.27960946053965, 34.30988931902887, 0.0], [74.27868060305079, 34.309545571056624, 0.0], [74.27527267547097, 34.308284312189656, 0.0], [74.2709841637922, 34.30682839225686, 0.0], [74.26734378914593, 34.30768189480892, 0.0], [74.26393097093576, 34.30785014134226, 0.0], [74.26052161850474, 34.3097784188487, 0.0], [74.25703429565343, 34.309517156972845, 0.0], [74.25314930964724, 34.30844286938006, 0.0], [74.25036578687953, 34.30704417325602, 0.0], [74.2350524243939, 34.304482839223816, 0.0], [74.2217538854383, 34.297393175188546, 0.0], [74.21897319077308, 34.29341566918519, 0.0], [74.21540656390448, 34.29251896663082, 0.0], [74.2134530735161, 34.28907913257437, 0.0], [74.21146408907352, 34.28892808813204, 0.0], [74.20980745843009, 34.28880226609984, 0.0], [74.2053506437899, 34.28621276971983, 0.0], [74.20519566901007, 34.286122721691385, 0.0], [74.20151338135936, 34.284092953288926, 0.0], [74.19853936005745, 34.28313925199877, 0.0], [74.19510984324809, 34.2827175831065, 0.0], [74.1929094667063, 34.28230046867155, 0.0], [74.19273630631115, 34.2822676417481, 0.0], [74.19263573581027, 34.28224857630932, 0.0], [74.19257965571627, 34.28223794468441, 0.0], [74.19247664849351, 34.28221841742762, 0.0], [74.19236713936755, 34.2822007870942, 0.0], [74.19102027520668, 34.28194231934191, 0.0], [74.19094180957975, 34.28193725672991, 0.0], [74.19089046966444, 34.28193394473443, 0.0], [74.1908741555468, 34.281932891932136, 0.0], [74.19081183343248, 34.28192887078948, 0.0], [74.18648226925109, 34.281649472900625, 0.0], [74.18609319230964, 34.28166472163425, 0.0], [74.18097783465923, 34.28186512061889, 0.0], [74.178840102496, 34.280383399819414, 0.0], [74.17736451730713, 34.27936058922499, 0.0], [74.1748723555311, 34.279355702367255, 0.0], [74.17349347721905, 34.27935298298133, 0.0], [74.1692454541452, 34.27877523013767, 0.0], [74.16739049340015, 34.27795070793325, 0.0], [74.16507050079767, 34.27691943305433, 0.0], [74.16101813447176, 34.278295268915876, 0.0], [74.16059173015447, 34.278440031814036, 0.0], [74.15833409104894, 34.27906007524007, 0.0], [74.15680581974652, 34.27947978138735, 0.0], [74.15671700482262, 34.279504172159356, 0.0], [74.15420791140129, 34.279539783871584, 0.0], [74.15209497069938, 34.27956974459738, 0.0], [74.15107029727612, 34.27994854668153, 0.0], [74.14816093451152, 34.28102403009262, 0.0], [74.14773555920455, 34.28118126994902, 0.0], [74.14627882696765, 34.2812193381095, 0.0], [74.14341386218521, 34.281294169117984, 0.0], [74.14172728807402, 34.27982745527954, 0.0], [74.14089656261712, 34.279105001321476, 0.0], [74.1396009931999, 34.27831026308781, 0.0], [74.13718487104722, 34.27682808586208, 0.0], [74.13538569773576, 34.274699543229346, 0.0], [74.13482797195763, 34.27403969368101, 0.0], [74.13340828840921, 34.273225061831255, 0.0], [74.13152659773124, 34.27214528710597, 0.0], [74.12753580102932, 34.270538541715624, 0.0], [74.12390891986831, 34.2701205342126, 0.0], [74.12234974143341, 34.27040293691247, 0.0], [74.11889480586258, 34.27102864794597, 0.0], [74.11497757768927, 34.27004692029182, 0.0], [74.11149301985836, 34.26967204186898, 0.0], [74.11033722947334, 34.26995402279332, 0.0], [74.1057202199549, 34.271080351134216, 0.0], [74.10089367944819, 34.270188537891194, 0.0], [74.10039647729168, 34.269809329835496, 0.0], [74.09751630750107, 34.26761258911102, 0.0], [74.09663068898843, 34.267729410326666, 0.0], [74.0934914048319, 34.26814347220218, 0.0], [74.09071729432053, 34.267545536222826, 0.0], [74.0863691587025, 34.26611092691819, 0.0], [74.08636896147841, 34.26611086030439, 0.0], [74.08501515009648, 34.26566267068852, 0.0], [74.0813959087921, 34.264464420060406, 0.0], [74.08056232178352, 34.26374834677613, 0.0], [74.07942375096523, 34.26277026250787, 0.0], [74.0793640701388, 34.26271899299626, 0.0], [74.07813829025925, 34.26166595829108, 0.0], [74.0756253425015, 34.26069085979198, 0.0], [74.07523209631162, 34.2605382636574, 0.0], [74.07520186077035, 34.260526531376314, 0.0], [74.074372227011, 34.260760053024256, 0.0], [74.07428431238512, 34.26078479855804, 0.0], [74.07241098494913, 34.26131207405544, 0.0], [74.06870013992629, 34.26185809007198, 0.0], [74.06870000805671, 34.26185811080365, 0.0], [74.06419134421157, 34.26241930887031, 0.0], [74.06396278566405, 34.26244775415987, 0.0], [74.06340282921597, 34.26251744311131, 0.0], [74.06219285893229, 34.262255034902445, 0.0], [74.05819823252048, 34.26138864318684, 0.0], [74.05369830547882, 34.26071681453378, 0.0], [74.05113751659303, 34.25890327746838, 0.0], [74.0474790559914, 34.258315056461576, 0.0], [74.04449311923021, 34.25855658887814, 0.0], [74.04130650948636, 34.25848684008422, 0.0], [74.04006774630533, 34.25783502210984, 0.0], [74.03846161323212, 34.25698987378419, 0.0], [74.0365993105893, 34.259084200823914, 0.0], [74.03639854794243, 34.257635464203055, 0.0], [74.03587210041626, 34.25383633843693, 0.0], [74.03510349312553, 34.24892626288731, 0.0], [74.03371679126543, 34.24807659683025, 0.0], [74.03089056113174, 34.24634481511793, 0.0], [74.0271128105181, 34.24392067094081, 0.0], [74.02324091327525, 34.24403469601146, 0.0], [74.01931785557858, 34.24598166120821, 0.0], [74.01544975414991, 34.24590463638101, 0.0], [74.01234424981013, 34.24646979472067, 0.0], [74.01026690268861, 34.24771237258184, 0.0], [74.00852670423399, 34.2487532382432, 0.0], [74.00564535583527, 34.25079609310924, 0.0], [74.00534832320753, 34.251006679686625, 0.0], [74.00534496130153, 34.25100906365304, 0.0], [74.00521783082912, 34.251099193844986, 0.0], [74.0048636331113, 34.25135030539688, 0.0], [74.00451153108612, 34.25159992961896, 0.0], [74.00358317387692, 34.25225808267888, 0.0], [73.99708061086717, 34.25658297190228, 0.0], [73.99636249347054, 34.25706055145915, 0.0], [73.99579434120373, 34.25743839233102, 0.0], [73.99562159907629, 34.25755327076777, 0.0], [73.99527376043432, 34.25766262987088, 0.0], [73.994415220783, 34.257932547345014, 0.0], [73.98919121182772, 34.25957480791986, 0.0], [73.98460037463474, 34.2578792539639, 0.0], [73.98357958308735, 34.25750221567232, 0.0], [73.98356083991412, 34.25807456553402, 0.0], [73.98342407884456, 34.26225043787216, 0.0], [73.98296823813776, 34.26657083099637, 0.0], [73.98071075628089, 34.27066554187004, 0.0], [73.97691082128362, 34.27226893433865, 0.0], [73.97264979747882, 34.273286586850716, 0.0], [73.96820924125156, 34.27414205919714, 0.0], [73.9644196160807, 34.27430713537388, 0.0], [73.96081425746114, 34.27431872770711, 0.0], [73.95773595071633, 34.2746048770875, 0.0], [73.9424026342713, 34.27481827299932, 0.0], [73.93921556267999, 34.27853532185869, 0.0], [73.93805376674354, 34.28249116710005, 0.0], [73.93379129156975, 34.28277284387912, 0.0], [73.93376759637471, 34.287663458573434, 0.0], [73.93376658401475, 34.287872417654036, 0.0], [73.93374389915085, 34.29255399145249, 0.0], [73.93850084096321, 34.29907165081633, 0.0], [73.93872052089257, 34.30218838518073, 0.0], [73.93855206144389, 34.309323782112436, 0.0], [73.92698795730487, 34.31005952000462, 0.0], [73.9270707899957, 34.30349666736452, 0.0], [73.9202106623354, 34.30340924207129, 0.0], [73.91467613648744, 34.30378985237811, 0.0], [73.91452317112646, 34.307645982586195, 0.0], [73.91612954878221, 34.31009972282689, 0.0], [73.91841405690897, 34.31215672327905, 0.0], [73.9185940642401, 34.31231879901494, 0.0], [73.92184655982287, 34.31473130389579, 0.0], [73.92533917045776, 34.31717141119548, 0.0], [73.92503365836434, 34.3210359214368, 0.0], [73.92695301151687, 34.32368549117447, 0.0], [73.93030184868157, 34.32689782389635, 0.0], [73.93151521633565, 34.32957463789513, 0.0], [73.93341635882179, 34.33403758793367, 0.0], [73.92974250157482, 34.3355072426457, 0.0], [73.92560775948103, 34.33604537828821, 0.0], [73.92176112954475, 34.33676364986217, 0.0], [73.91769322718912, 34.34036654605925, 0.0], [73.91263527624844, 34.34264900340969, 0.0], [73.91179260460693, 34.34711654958345, 0.0], [73.91162687604061, 34.34799513661491, 0.0], [73.90441552954196, 34.34835320567437, 0.0], [73.89963035630754, 34.34775708901571, 0.0], [73.89939381744308, 34.346671440422575, 0.0], [73.89868616023999, 34.34342334691498, 0.0], [73.89868246372392, 34.33980618120549, 0.0], [73.89375662967952, 34.33963354025842, 0.0], [73.89143027727137, 34.33685728828211, 0.0], [73.88403446162803, 34.33136355038508, 0.0], [73.88080157865286, 34.3314178601397, 0.0], [73.87560460015783, 34.331655814084186, 0.0], [73.87062496813834, 34.32998911295211, 0.0], [73.87058675963635, 34.33378885661722, 0.0], [73.86565849773214, 34.334401686825345, 0.0], [73.86280041649256, 34.33457717290292, 0.0], [73.86172122251241, 34.329854453815415, 0.0], [73.85972382044841, 34.326012779655834, 0.0], [73.85873014360041, 34.32275603941334, 0.0], [73.85594057234412, 34.321960070661255, 0.0], [73.85134453942092, 34.321979581939, 0.0], [73.84663848644699, 34.3258843211962, 0.0], [73.84259272917822, 34.32837595075663, 0.0], [73.83866722186283, 34.328457136810975, 0.0], [73.83501359148487, 34.330938475114436, 0.0], [73.83084483767695, 34.33106101563388, 0.0], [73.82716971259569, 34.33013789509544, 0.0], [73.82347548155643, 34.32943324937695, 0.0], [73.82027827859476, 34.33047309781732, 0.0], [73.81656814590579, 34.33188227087792, 0.0], [73.81393193960314, 34.33337742218868, 0.0], [73.81004877504682, 34.334585693042, 0.0], [73.80856255523068, 34.33824715801725, 0.0], [73.81059211946167, 34.341820409033936, 0.0], [73.80872490057634, 34.34338884742635, 0.0], [73.80709117088065, 34.34476110131634, 0.0], [73.8034763283542, 34.344973901723684, 0.0], [73.80000384628104, 34.3449966801627, 0.0], [73.7976462760621, 34.342988649602006, 0.0], [73.79764526862749, 34.3429843848795, 0.0], [73.79661603485783, 34.338626320088686, 0.0], [73.79152727256597, 34.335897505580704, 0.0], [73.78698074469061, 34.33445647241992, 0.0], [73.78268393036967, 34.333479778943286, 0.0], [73.7796790818907, 34.33358116461542, 0.0], [73.77686402871238, 34.3340228948531, 0.0], [73.7734015958906, 34.33505905890019, 0.0], [73.77021015625114, 34.336615915374786, 0.0], [73.76759759121329, 34.33793440291091, 0.0], [73.76540143591234, 34.34074959017188, 0.0], [73.76434839692155, 34.34176451103031, 0.0], [73.76146489151432, 34.34454349674257, 0.0], [73.7574503480651, 34.345553912905, 0.0], [73.75342857884995, 34.345849744914254, 0.0], [73.75402125246906, 34.34942924110974, 0.0], [73.75497758132533, 34.35336964114613, 0.0], [73.75577005211133, 34.35793639756845, 0.0], [73.7561305619914, 34.36181309584432, 0.0], [73.7527319768456, 34.36348877119882, 0.0], [73.7504067280879, 34.365815605128454, 0.0], [73.75077584885555, 34.370819972887396, 0.0], [73.75236944734316, 34.37424681032881, 0.0], [73.75592854436657, 34.37759666489653, 0.0], [73.75403727750425, 34.381267563247526, 0.0], [73.75707362995671, 34.382180430768614, 0.0], [73.76121544853417, 34.384865326869686, 0.0], [73.76444116732488, 34.3847138910072, 0.0], [73.76810678314517, 34.3869978136666, 0.0], [73.7709768279426, 34.39144710887628, 0.0], [73.77181278049294, 34.39435130446496, 0.0], [73.77439929342557, 34.39808845602724, 0.0], [73.77652733375292, 34.400116509220766, 0.0], [73.77944492464944, 34.40146863891433, 0.0], [73.7823432490729, 34.403410124446374, 0.0], [73.78490339829625, 34.406889921366464, 0.0], [73.78835503421851, 34.40960279736157, 0.0], [73.7915074950486, 34.41114638229818, 0.0], [73.7947805160205, 34.414768029009956, 0.0], [73.79839766606227, 34.41731576767918, 0.0], [73.80119901517466, 34.41890835393641, 0.0], [73.80296391602805, 34.422364299222345, 0.0], [73.81032623813921, 34.42353682281073, 0.0], [73.81564632744256, 34.42293098937717, 0.0], [73.82558440745862, 34.421952744282386, 0.0], [73.83307436436048, 34.42151828180197, 0.0], [73.83890496061667, 34.42200698481379, 0.0], [73.83677404747147, 34.427386604432755, 0.0], [73.83959748773601, 34.43097224577806, 0.0], [73.84699489076226, 34.428910903404066, 0.0], [73.85768388779277, 34.435447333565854, 0.0], [73.86545712244167, 34.44170435924957, 0.0], [73.86920540636838, 34.44458928605534, 0.0], [73.87609891855598, 34.45015586134972, 0.0], [73.88475549957899, 34.44953347516189, 0.0], [73.88494120536963, 34.45579863666071, 0.0], [73.88517605064236, 34.462266596747654, 0.0], [73.88290665090278, 34.460089764220946, 0.0], [73.88316308049912, 34.466916097705116, 0.0], [73.87892936619566, 34.471511575184834, 0.0], [73.87895684655733, 34.475660508793794, 0.0], [73.87959566118454, 34.4794593912882, 0.0], [73.88301511471161, 34.48301737968035, 0.0], [73.88611970083169, 34.48753792441682, 0.0], [73.88758216802813, 34.49292514060772, 0.0], [73.88820666887855, 34.49639042660899, 0.0], [73.88823931733914, 34.49657158429412, 0.0], [73.88833336735209, 34.49709343632467, 0.0], [73.88845087137207, 34.49774541405798, 0.0], [73.8884575475206, 34.49778245526156, 0.0], [73.88886245490177, 34.500029043680776, 0.0], [73.8899166122922, 34.50218668268302, 0.0], [73.89223181987592, 34.50692583630114, 0.0], [73.8947300291457, 34.51203903126629, 0.0], [73.8947354405517, 34.512050106130474, 0.0], [73.89605957540715, 34.514760036320325, 0.0], [73.89662133923294, 34.51477756405511, 0.0], [73.89747913955198, 34.514804325741785, 0.0], [73.89757698533826, 34.514807378265715, 0.0], [73.89806008311099, 34.514822447238544, 0.0], [73.89944040325514, 34.51486549700488, 0.0], [73.90460834487997, 34.515348018596924, 0.0], [73.91024841065921, 34.51896923969331, 0.0], [73.91044075790707, 34.51893781295041, 0.0], [73.91065852773896, 34.5191273829938, 0.0], [73.91149334741543, 34.51970798223622, 0.0], [73.91155121178039, 34.51988289876782, 0.0], [73.91093172971337, 34.52124786501343, 0.0], [73.9102789122225, 34.52286177784006, 0.0], [73.90944620696425, 34.524424122219735, 0.0], [73.90847060527226, 34.525412116662125, 0.0], [73.90701115403954, 34.52658000217403, 0.0], [73.90603908168123, 34.52729396576771, 0.0], [73.90552106940291, 34.52778763441386, 0.0], [73.90518531218244, 34.52815840138836, 0.0], [73.90500055022042, 34.52848065518341, 0.0], [73.90499761478021, 34.5287048956573, 0.0], [73.90505514307999, 34.52890478985535, 0.0], [73.9051435028376, 34.52905509274728, 0.0], [73.90544071809298, 34.529331889969555, 0.0], [73.90943537266446, 34.5321833595789, 0.0], [73.91628661549478, 34.537526922696635, 0.0], [73.92723921237791, 34.546030789699074, 0.0], [73.93153066435056, 34.54933268082304, 0.0], [73.93878983709621, 34.554788127474836, 0.0], [73.94041163003664, 34.55268417351046, 0.0], [73.9443845020179, 34.554405322102674, 0.0], [73.94546819790342, 34.55438970982835, 0.0], [73.94874914088852, 34.55676031646453, 0.0], [73.95336477605201, 34.56071215023517, 0.0], [73.95509632875047, 34.56184831840733, 0.0], [73.95572058239098, 34.56247659143721, 0.0], [73.95628187898596, 34.56332859163576, 0.0], [73.9569219230975, 34.56510330648976, 0.0], [73.95694037438946, 34.56572946214459, 0.0], [73.95687429760876, 34.566202318756915, 0.0], [73.95671630464861, 34.56679901248564, 0.0], [73.95556168841433, 34.56766131588746, 0.0], [73.95213674267151, 34.56952573405183, 0.0], [73.95863998272245, 34.57910003339386, 0.0], [73.9609046846698, 34.58233011851167, 0.0], [73.9527395734672, 34.58280850052168, 0.0], [73.95466190576272, 34.59279222096333, 0.0], [73.95476136670506, 34.598283334275294, 0.0], [73.94700402875446, 34.599594725575784, 0.0], [73.94682938034477, 34.599627330767035, 0.0], [73.94572394117858, 34.59956961177915, 0.0], [73.94261157712202, 34.60041475913316, 0.0], [73.93964994677279, 34.601236248145646, 0.0], [73.93663156128221, 34.60178312981226, 0.0], [73.93314894723588, 34.60331004197118, 0.0], [73.93195260143766, 34.60373700620444, 0.0], [73.92991178128372, 34.604465326333056, 0.0], [73.92997424459996, 34.6049391334283, 0.0], [73.93057025180622, 34.609459831493425, 0.0], [73.93079656170717, 34.610608025145694, 0.0], [73.93117837775583, 34.6113589177253, 0.0], [73.93271697923294, 34.6135152969933, 0.0], [73.93275107092389, 34.6135539824223, 0.0], [73.93337370549897, 34.61456136056305, 0.0], [73.93386499513174, 34.62154969401805, 0.0], [73.93313486821428, 34.623732974495915, 0.0], [73.9326027054042, 34.62492831287811, 0.0], [73.9321310271711, 34.62646905143172, 0.0], [73.93208208665557, 34.62793873470806, 0.0], [73.93210348262974, 34.62841663882042, 0.0], [73.93187589838287, 34.63054662166186, 0.0], [73.93186749584785, 34.63057815100742, 0.0], [73.93161535581856, 34.63144810940339, 0.0], [73.93169524336184, 34.63227110829736, 0.0], [73.93225024964795, 34.633621457908966, 0.0], [73.93233429312342, 34.63383754701035, 0.0], [73.93241248810108, 34.63428737227552, 0.0], [73.93193605204436, 34.63863814266366, 0.0], [73.93162985248027, 34.63979521311162, 0.0], [73.93164749900686, 34.640767174655366, 0.0], [73.93192027263339, 34.64298721707607, 0.0], [73.9321706131794, 34.64460911843077, 0.0], [73.93293829790365, 34.64583679581751, 0.0], [73.9340712856408, 34.646768644429564, 0.0], [73.93455096113655, 34.647004373053335, 0.0], [73.93556841355479, 34.64750437969483, 0.0], [73.93680398777119, 34.647490179147354, 0.0], [73.93797619953308, 34.64738743734102, 0.0], [73.9413269181974, 34.647230560584795, 0.0], [73.94242130724514, 34.64732110177375, 0.0], [73.94352335525295, 34.64747382940376, 0.0], [73.94418631043963, 34.64746712628821, 0.0], [73.94727952893282, 34.64767370282955, 0.0], [73.947850865841, 34.6477118525067, 0.0], [73.94791110978417, 34.647715875289016, 0.0], [73.94802602773355, 34.647723548488436, 0.0], [73.94813862837029, 34.647731066082756, 0.0], [73.95265590279976, 34.65084086982241, 0.0], [73.95258314248207, 34.650927773807744, 0.0], [73.95253864775937, 34.65098091706205, 0.0], [73.95244131730419, 34.65109716696173, 0.0], [73.95240994942874, 34.65113463204519, 0.0], [73.95032706860157, 34.653622305737116, 0.0], [73.9495784105458, 34.65393373753208, 0.0], [73.94956969319281, 34.65393736362926, 0.0], [73.94956547226579, 34.65394120813867, 0.0], [73.94883812033264, 34.65460375764529, 0.0], [73.94846897020562, 34.65519860897938, 0.0], [73.94828061608858, 34.65579501816702, 0.0], [73.94829178276933, 34.65615892028625, 0.0], [73.94830202805987, 34.65649288084162, 0.0], [73.94874485680933, 34.657219354423056, 0.0], [73.94966159425131, 34.65859772207313, 0.0], [73.94986997509505, 34.65902089090596, 0.0], [73.95004358388368, 34.65937344411834, 0.0], [73.95013253918444, 34.65957972248355, 0.0], [73.95024853969689, 34.65984871289987, 0.0], [73.95075289198903, 34.66047597728515, 0.0], [73.9517603337054, 34.66126086121079, 0.0], [73.95249263594322, 34.66174056689886, 0.0], [73.95586724777097, 34.66418960888087, 0.0], [73.9557758104111, 34.66787356269278, 0.0], [73.95557252235669, 34.6681446870686, 0.0], [73.95537906475718, 34.6682688714925, 0.0], [73.95462124717533, 34.668611168516996, 0.0], [73.95399463931865, 34.6692067146785, 0.0], [73.95391970205411, 34.66927793782616, 0.0], [73.9538627318258, 34.66949069386361, 0.0], [73.9536667249403, 34.67022268372674, 0.0], [73.95360824864123, 34.67062024504347, 0.0], [73.9535679036706, 34.67089453227565, 0.0], [73.95354252146032, 34.67138652456139, 0.0], [73.95352806683093, 34.671666711587356, 0.0], [73.95382124402838, 34.6723170376715, 0.0], [73.95447547446322, 34.67302032501679, 0.0], [73.95516061492455, 34.6736098975374, 0.0], [73.95608826577488, 34.67414112327412, 0.0], [73.9578309136998, 34.67457958297163, 0.0], [73.95930112201896, 34.67511542362054, 0.0], [73.96023317352498, 34.675297864484484, 0.0], [73.9611311731806, 34.67580382177223, 0.0], [73.96220588021056, 34.67663527375242, 0.0], [73.96327222382756, 34.67813943264206, 0.0], [73.9644612748888, 34.6794701376188, 0.0], [73.96599882130491, 34.681158802556666, 0.0], [73.96724367671752, 34.68286372677926, 0.0], [73.9684009857406, 34.68434363328154, 0.0], [73.96905962377407, 34.68535219689932, 0.0], [73.96917007070113, 34.685521318915285, 0.0], [73.96951605775197, 34.68679506645756, 0.0], [73.96976029863514, 34.68746105815973, 0.0], [73.96983686901328, 34.68766985056636, 0.0], [73.97042852194265, 34.6885718992706, 0.0], [73.97409332160625, 34.68718247661136, 0.0], [73.97417612690194, 34.68715315713696, 0.0], [73.97425396879422, 34.687125595394, 0.0], [73.97663664358753, 34.6862819205525, 0.0], [73.98053319636121, 34.685641789495584, 0.0], [73.98195539524615, 34.685205152590584, 0.0], [73.98375713868207, 34.684581216462085, 0.0], [73.98557682443158, 34.683674344789125, 0.0], [73.98682083219501, 34.683011994710704, 0.0], [73.98782119481793, 34.68255419620351, 0.0], [73.99053085702383, 34.68281851613966, 0.0], [73.99515334776801, 34.68286888789994, 0.0], [73.99679646511413, 34.6831659321683, 0.0], [73.99836353747929, 34.684086152401626, 0.0], [73.9999238249875, 34.68557340658908, 0.0], [74.00745063006389, 34.68733618017182, 0.0], [74.01319508225065, 34.69111728988552, 0.0], [74.01724539421782, 34.69430296296932, 0.0], [74.02611625900195, 34.69435129323352, 0.0], [74.02995452929952, 34.69437206129886, 0.0], [74.03250374799096, 34.69370240177941, 0.0], [74.03401075718334, 34.6928336234541, 0.0], [74.0365580286574, 34.68869791870629, 0.0], [74.0413712989829, 34.682639169350615, 0.0], [74.04439006478746, 34.68109978845783, 0.0], [74.04778395509855, 34.68081344395492, 0.0], [74.0514232958664, 34.68072107899981, 0.0], [74.0568895408042, 34.68158958815874, 0.0], [74.06536726943564, 34.68313538452719, 0.0], [74.07149328636294, 34.68515739949066, 0.0], [74.07742963535888, 34.68554748873742, 0.0], [74.08176780737081, 34.68497211048347, 0.0], [74.08572401056063, 34.6841036198714, 0.0], [74.08704429365135, 34.684297834724475, 0.0], [74.0887408281264, 34.685163676467965, 0.0], [74.0904376603665, 34.685646434451726, 0.0], [74.09203610158966, 34.68622375085112, 0.0], [74.09251049371176, 34.68718846081573, 0.0], [74.09251006919214, 34.68824765186959, 0.0], [74.09326236908369, 34.689978571402705, 0.0], [74.09458242821309, 34.69132649180135, 0.0], [74.09543353749221, 34.6918090263395, 0.0], [74.09863699181078, 34.690655888590705, 0.0], [74.10061822718514, 34.68911482537837, 0.0], [74.1009023826773, 34.68767258687352, 0.0], [74.10061929332808, 34.68555417875159, 0.0], [74.09911008205128, 34.678044965779016, 0.0], [74.09958686406206, 34.67111752645437, 0.0], [74.10137758154826, 34.66611040659802, 0.0], [74.10660050372176, 34.66061856636336, 0.0], [74.10750135596999, 34.65967125188782, 0.0], [74.10758239380853, 34.6595860334067, 0.0], [74.10762351639781, 34.65954278882101, 0.0], [74.10769051377895, 34.659472335452676, 0.0], [74.10870213377098, 34.65855429382529, 0.0], [74.11016045734169, 34.65723082989419, 0.0], [74.11022042062649, 34.657176410400346, 0.0], [74.11127554570547, 34.65621881934577, 0.0], [74.11278033925352, 34.6548530806516, 0.0], [74.11814765762712, 34.652013917402336, 0.0], [74.13296113626966, 34.6517749236079, 0.0], [74.13517429294379, 34.65317874154015, 0.0], [74.13663230612232, 34.655335238799104, 0.0], [74.13729268128377, 34.657742017318526, 0.0], [74.1373912565061, 34.65985589543753, 0.0], [74.1371079899569, 34.66226275731844, 0.0], [74.13654119330413, 34.66572879778616, 0.0], [74.1373926026734, 34.66832936278292, 0.0], [74.1400277540927, 34.67025366375735, 0.0], [74.14436538304676, 34.67265977512751, 0.0], [74.14540256428783, 34.675057428422434, 0.0], [74.14511998159387, 34.67929424225977, 0.0], [74.14615762272649, 34.683336962487594, 0.0], [74.14747855894302, 34.68506748095513, 0.0], [74.15039809138626, 34.686414530563134, 0.0], [74.15386855464972, 34.6868960440038, 0.0], [74.16367549397914, 34.69035920723458, 0.0], [74.17476743343185, 34.69680040975622, 0.0], [74.18174544015083, 34.70238163231127, 0.0], [74.19221392781355, 34.71025924493413, 0.0], [74.19570360126006, 34.71266404697766, 0.0], [74.20202309116824, 34.717379129394075, 0.0], [74.2075581122611, 34.72003576546249, 0.0], [74.21313507775749, 34.7210268682527, 0.0], [74.22171715377993, 34.72188564299546, 0.0], [74.2275671935568, 34.72486458646128, 0.0], [74.23191281636076, 34.729291280586786, 0.0], [74.23576602762095, 34.73274142748661, 0.0], [74.24040908104527, 34.73524802783125, 0.0], [74.24988507384576, 34.73778431462341, 0.0], [74.26106049455915, 34.741468165705186, 0.0], [74.27038139922944, 34.74634767849596, 0.0], [74.27599484612031, 34.7500106411574, 0.0], [74.28085129706027, 34.7576185424527, 0.0], [74.28647234966404, 34.766416036490845, 0.0], [74.295691935694, 34.77774867704528, 0.0], [74.30456191746605, 34.7854657466676, 0.0], [74.3130686762972, 34.79161341669604, 0.0], [74.31846507565848, 34.793662236123346, 0.0], [74.32529979480869, 34.79390853036706, 0.0], [74.32949694828739, 34.79162062258626, 0.0], [74.33019248076539, 34.79113474820852, 0.0], [74.335016807075, 34.787764435606064, 0.0], [74.34149119973155, 34.78608070897774, 0.0]]]}}, {"type": "Feature", "properties": {"district_id": "pulwama", "display_name": "Pulwama", "source_name": "PULWAMA", "state_ut": "Jammu and Kashmir", "objectid": 16, "dist_lgd": "012"}, "geometry": {"type": "Polygon", "coordinates": [[[75.08043854990898, 34.1016173817686, 0.0], [75.08444579800477, 34.10122431550147, 0.0], [75.08910301705012, 34.101365461399766, 0.0], [75.08910305198673, 34.1013654587917, 0.0], [75.09098468457599, 34.10131728689934, 0.0], [75.09367496871569, 34.10124837477981, 0.0], [75.09757859920266, 34.09854137558412, 0.0], [75.10047247986316, 34.097072459386794, 0.0], [75.10519856757428, 34.097153294647896, 0.0], [75.10747938803357, 34.0976291378931, 0.0], [75.10962203111676, 34.0980761214101, 0.0], [75.11135810750979, 34.09562268693964, 0.0], [75.1117864826966, 34.09449580017781, 0.0], [75.11269438738793, 34.09210737471917, 0.0], [75.11566649161662, 34.08948062607095, 0.0], [75.11977280538856, 34.09093306395999, 0.0], [75.11977284177961, 34.09093307859007, 0.0], [75.12289847292314, 34.092526888883285, 0.0], [75.1229561199953, 34.092556283615174, 0.0], [75.1233696558498, 34.09276714376991, 0.0], [75.12349323170562, 34.092830154203966, 0.0], [75.12419750351788, 34.093189254933016, 0.0], [75.12768588187994, 34.09359489386856, 0.0], [75.13180909020639, 34.0937096327388, 0.0], [75.13655263717693, 34.09492171471477, 0.0], [75.13655279639889, 34.09492175912572, 0.0], [75.14114011902397, 34.0952972386841, 0.0], [75.14129328640844, 34.09530977315092, 0.0], [75.14563095787597, 34.094647837581924, 0.0], [75.14917517608984, 34.09394695474834, 0.0], [75.15042561059042, 34.088799393256046, 0.0], [75.15265764246456, 34.084229327047034, 0.0], [75.15377784098446, 34.080906942355426, 0.0], [75.15510394582499, 34.077695724733616, 0.0], [75.16063172815672, 34.07895633157025, 0.0], [75.16527971046861, 34.07723445730229, 0.0], [75.16887277986729, 34.074920833688246, 0.0], [75.17241689662329, 34.072780619254964, 0.0], [75.17653703862648, 34.07095261006463, 0.0], [75.17988285599536, 34.07112543136956, 0.0], [75.1836256556224, 34.07097042191774, 0.0], [75.18887900762745, 34.06811897219876, 0.0], [75.19306139623856, 34.06745629275011, 0.0], [75.1970854590001, 34.06703478912733, 0.0], [75.20103756508651, 34.06791812287143, 0.0], [75.20436378877633, 34.068511917864754, 0.0], [75.20408151200377, 34.06553618164413, 0.0], [75.20658865513835, 34.060844912639226, 0.0], [75.20994595196004, 34.05820623025147, 0.0], [75.21007587361589, 34.05316516333169, 0.0], [75.21438128892218, 34.05102288685394, 0.0], [75.21612705901245, 34.047150148838135, 0.0], [75.21651573747485, 34.04565510492813, 0.0], [75.21716786197908, 34.04314661481096, 0.0], [75.21880528499757, 34.03695340455343, 0.0], [75.22285111045915, 34.03523242020408, 0.0], [75.22721510151746, 34.034103080725565, 0.0], [75.23083014302141, 34.03275894108253, 0.0], [75.23423028590906, 34.02993346286303, 0.0], [75.2348551033771, 34.02538391537805, 0.0], [75.2337881678923, 34.0215300916117, 0.0], [75.23038873951322, 34.01958123980035, 0.0], [75.22649518346687, 34.01843960294619, 0.0], [75.22348680459267, 34.01719362681191, 0.0], [75.22307635139082, 34.017023622855284, 0.0], [75.22436821071369, 34.01310433138869, 0.0], [75.22584432280941, 34.00945074527073, 0.0], [75.22378782151598, 34.0051104436373, 0.0], [75.22359048795396, 34.000343854633265, 0.0], [75.22325437889579, 33.9966832809322, 0.0], [75.22383483121857, 33.993238989915454, 0.0], [75.22211159102375, 33.98806789217104, 0.0], [75.22151615998109, 33.98628099371469, 0.0], [75.22095755658722, 33.983402158577725, 0.0], [75.22070736026907, 33.98211268196126, 0.0], [75.22039898063205, 33.980523292897374, 0.0], [75.22070433888435, 33.976576605039654, 0.0], [75.2207934627259, 33.9719912219707, 0.0], [75.22259340002468, 33.9678482836998, 0.0], [75.22267339391739, 33.96448321702207, 0.0], [75.22453886323942, 33.95936643024665, 0.0], [75.22598041251966, 33.954471157263924, 0.0], [75.22458908306083, 33.95117271718864, 0.0], [75.22221930279073, 33.94824003589277, 0.0], [75.22016880461162, 33.946190670782165, 0.0], [75.21875913982089, 33.94230164406534, 0.0], [75.21502841113364, 33.93568260120477, 0.0], [75.21147927991969, 33.93170708303614, 0.0], [75.20877940233187, 33.92899536900111, 0.0], [75.20651215185384, 33.926055596974294, 0.0], [75.20436328652231, 33.92383473424918, 0.0], [75.20182990349802, 33.92070796057176, 0.0], [75.1990677321592, 33.915530308046385, 0.0], [75.1992300589333, 33.91262727277391, 0.0], [75.19631982255318, 33.90867867243108, 0.0], [75.1962913194866, 33.90863999744053, 0.0], [75.19627091880923, 33.908612317168014, 0.0], [75.1962142678931, 33.90853544923495, 0.0], [75.1961150422261, 33.908400812964935, 0.0], [75.19516266433024, 33.906959414122994, 0.0], [75.19350266506699, 33.90444705964758, 0.0], [75.19345935334823, 33.90438150579731, 0.0], [75.19341274520002, 33.904310962373266, 0.0], [75.19333343311924, 33.904190922196165, 0.0], [75.1933181958289, 33.90416786071748, 0.0], [75.19328542339247, 33.90411825874549, 0.0], [75.19136988319126, 33.90428411737161, 0.0], [75.18619165882308, 33.90473247606622, 0.0], [75.18610353259079, 33.9046761230974, 0.0], [75.1859837286498, 33.90459951346108, 0.0], [75.1859416836131, 33.90457262697466, 0.0], [75.18582520539829, 33.90449814402296, 0.0], [75.18293034375284, 33.90264692826154, 0.0], [75.1796428930887, 33.9017423754108, 0.0], [75.17630176568316, 33.901315640764075, 0.0], [75.17285283644567, 33.901317005688135, 0.0], [75.16839580072178, 33.901600426828004, 0.0], [75.16507855801524, 33.90009377691415, 0.0], [75.1622256804357, 33.89714662132256, 0.0], [75.1604829764773, 33.89227423682603, 0.0], [75.15447726680863, 33.88358040102219, 0.0], [75.1509987693959, 33.88189304939592, 0.0], [75.14892297963412, 33.8782227338233, 0.0], [75.14503305417313, 33.87506947533056, 0.0], [75.14173472987405, 33.873195892162286, 0.0], [75.13710476137545, 33.87357402910063, 0.0], [75.13188446293648, 33.87492750890111, 0.0], [75.12839861045032, 33.87217038677671, 0.0], [75.12549114624939, 33.86929006525182, 0.0], [75.12315669653798, 33.86679728429544, 0.0], [75.1198428724535, 33.86634413415261, 0.0], [75.11397558801367, 33.868608944917824, 0.0], [75.1103087810502, 33.870060073207, 0.0], [75.10647700335612, 33.87050208581058, 0.0], [75.10548831641788, 33.870616125078264, 0.0], [75.10118825371963, 33.870155608696905, 0.0], [75.09895772334022, 33.86586042178672, 0.0], [75.09673985898431, 33.86273159313471, 0.0], [75.09668681764421, 33.862656762258325, 0.0], [75.09660009093791, 33.86253440778585, 0.0], [75.09240206361358, 33.86192636391428, 0.0], [75.08923628493542, 33.85983681469706, 0.0], [75.08601830758631, 33.85740611704678, 0.0], [75.08345578561706, 33.85470516433051, 0.0], [75.08075228347825, 33.85339133904162, 0.0], [75.07640021487381, 33.853468632427216, 0.0], [75.07255334650904, 33.853454658799585, 0.0], [75.07037740961675, 33.855461912211155, 0.0], [75.06743935987245, 33.85375580998492, 0.0], [75.06706774634559, 33.853542256288264, 0.0], [75.06535134034222, 33.85255587351916, 0.0], [75.06424558596883, 33.851920400148295, 0.0], [75.06131836072339, 33.853741080932686, 0.0], [75.05828834773601, 33.85380893433924, 0.0], [75.0574454158005, 33.857328486596984, 0.0], [75.05257522502349, 33.85615493112786, 0.0], [75.04652415560533, 33.852951961807, 0.0], [75.0514528569316, 33.85159640892581, 0.0], [75.0559164243627, 33.84742319423635, 0.0], [75.06067932145106, 33.846150222365864, 0.0], [75.06372039233683, 33.84288901336507, 0.0], [75.06631505179806, 33.83997604095433, 0.0], [75.06715775408485, 33.83902991044719, 0.0], [75.06557527268869, 33.835055448195476, 0.0], [75.0641617838283, 33.834692885520376, 0.0], [75.05962152814561, 33.83352820476527, 0.0], [75.06110385048154, 33.828176860943415, 0.0], [75.062813282465, 33.8232322855803, 0.0], [75.06360333138369, 33.81809489808164, 0.0], [75.06039620860518, 33.81803242222609, 0.0], [75.05693090686785, 33.81555956415478, 0.0], [75.05362076410836, 33.81252876386193, 0.0], [75.05305691769219, 33.812505027126285, 0.0], [75.052948196303, 33.81250045007735, 0.0], [75.05294074431505, 33.81250013642236, 0.0], [75.05232212457675, 33.812474091584654, 0.0], [75.05208942139414, 33.81246429409656, 0.0], [75.05200007892255, 33.812460532144556, 0.0], [75.05037939561745, 33.81239228485048, 0.0], [75.04872564885052, 33.81450186340233, 0.0], [75.04524147819842, 33.812493718578835, 0.0], [75.04310254149011, 33.814407048354646, 0.0], [75.04001398757553, 33.8152614169734, 0.0], [75.04123820936634, 33.81142726137694, 0.0], [75.0373761015371, 33.81144263841498, 0.0], [75.0338797707273, 33.811248475801776, 0.0], [75.03026733775937, 33.80978642924377, 0.0], [75.02611994270687, 33.80935268125459, 0.0], [75.02254883088794, 33.81063793973039, 0.0], [75.0189542893392, 33.81009631058932, 0.0], [75.01454014762058, 33.81041130292272, 0.0], [75.01150655880014, 33.80937966977011, 0.0], [75.0087704489393, 33.81049356822234, 0.0], [75.00549609110466, 33.81081876583623, 0.0], [75.001504034146, 33.81119485401877, 0.0], [75.00015145719809, 33.806794619271734, 0.0], [75.00176121824482, 33.80165507390165, 0.0], [74.99849846834111, 33.7998792998192, 0.0], [74.99550473398924, 33.79943001036198, 0.0], [74.99280496368443, 33.80074369666603, 0.0], [74.98897748901844, 33.80337306765019, 0.0], [74.98448866249403, 33.80730362610964, 0.0], [74.98033191098892, 33.80944381358275, 0.0], [74.9787770347893, 33.8075725910864, 0.0], [74.97795023310371, 33.806577538436294, 0.0], [74.9772274565914, 33.805707658156, 0.0], [74.97719526773999, 33.805668918314026, 0.0], [74.97674242044079, 33.80521144240829, 0.0], [74.9766766438323, 33.80514499292092, 0.0], [74.9759481989782, 33.80440909187329, 0.0], [74.97589350789025, 33.8043539653836, 0.0], [74.9689296088622, 33.79731805778452, 0.0], [74.96609243494332, 33.79505736484815, 0.0], [74.95796215577244, 33.79360542130788, 0.0], [74.95042280609368, 33.7924102134059, 0.0], [74.95041074687931, 33.79240834425417, 0.0], [74.94200511888633, 33.791560073564504, 0.0], [74.94055136206379, 33.79141332633897, 0.0], [74.9405513166864, 33.79141332135253, 0.0], [74.93979213669832, 33.79168228349848, 0.0], [74.93872627057027, 33.79205989077225, 0.0], [74.93849283019887, 33.79214259124369, 0.0], [74.93735062917536, 33.79254722809997, 0.0], [74.936744538134, 33.792761938304565, 0.0], [74.93571208864454, 33.79489831205191, 0.0], [74.93490438322273, 33.79656957228289, 0.0], [74.93474372088188, 33.79835529905944, 0.0], [74.93441267374664, 33.80203462028078, 0.0], [74.93022170281904, 33.80169403717749, 0.0], [74.93022164473109, 33.80169404993283, 0.0], [74.92690980315898, 33.802411826792685, 0.0], [74.9295298824932, 33.80564447533124, 0.0], [74.92953011821331, 33.805644673645816, 0.0], [74.933622756363, 33.80908318060034, 0.0], [74.93032457779876, 33.809510921322065, 0.0], [74.93032452861543, 33.809510928907024, 0.0], [74.92702617391531, 33.81016074631933, 0.0], [74.92603094488419, 33.81343856680429, 0.0], [74.92592677978656, 33.81378162324642, 0.0], [74.92242177839096, 33.813860991233454, 0.0], [74.91907244268803, 33.81220758840741, 0.0], [74.9155101096511, 33.80902233660617, 0.0], [74.91210822484773, 33.80675368473464, 0.0], [74.90813709015593, 33.80643232741311, 0.0], [74.9044721557127, 33.80980303221713, 0.0], [74.89995452656912, 33.80879633008373, 0.0], [74.89481074736499, 33.80620474334783, 0.0], [74.89108054508303, 33.80181225322973, 0.0], [74.89179789523865, 33.79809962615384, 0.0], [74.88711433966773, 33.79797231344152, 0.0], [74.88373044598322, 33.7961094689294, 0.0], [74.88047501351824, 33.79174491516081, 0.0], [74.8770184851152, 33.79161561106762, 0.0], [74.8740879436544, 33.79547125111829, 0.0], [74.87061251459508, 33.796037923028685, 0.0], [74.86539123987184, 33.79591837377999, 0.0], [74.86184675785624, 33.795277529652594, 0.0], [74.85768547065837, 33.797820508173075, 0.0], [74.85773291686613, 33.801297732786594, 0.0], [74.8618498304187, 33.80440187501138, 0.0], [74.8643733964751, 33.80662017213274, 0.0], [74.86767334075121, 33.80811944820938, 0.0], [74.87022364855572, 33.8099884965386, 0.0], [74.87358595798634, 33.811380626947255, 0.0], [74.87729271783643, 33.81375803289226, 0.0], [74.87600241312285, 33.817074669706535, 0.0], [74.87159692796229, 33.816477681031614, 0.0], [74.86756612952456, 33.81569577173024, 0.0], [74.86220724921964, 33.81543440385856, 0.0], [74.85757562152763, 33.816106816218685, 0.0], [74.85475370376945, 33.81762918363316, 0.0], [74.85022552833502, 33.821356423609664, 0.0], [74.84724850285485, 33.82018260637179, 0.0], [74.84388465221889, 33.817245592163324, 0.0], [74.84595783985964, 33.81396425721032, 0.0], [74.84603018499826, 33.80945145834165, 0.0], [74.84307880644795, 33.80553078042095, 0.0], [74.83932373654295, 33.80062476779644, 0.0], [74.83443995567458, 33.79509583960526, 0.0], [74.83190703975298, 33.79184771171814, 0.0], [74.82946592135875, 33.78926703106622, 0.0], [74.82726192386305, 33.786217013583524, 0.0], [74.82342820510827, 33.78591100261756, 0.0], [74.82136026893501, 33.78879327409954, 0.0], [74.81808529190931, 33.78947300496051, 0.0], [74.8162715065747, 33.79215871817933, 0.0], [74.81387254241065, 33.79484356577787, 0.0], [74.80978197143034, 33.79756274798605, 0.0], [74.80564130237688, 33.79877086743935, 0.0], [74.80048082249203, 33.799473612196294, 0.0], [74.79718254786177, 33.79980897495253, 0.0], [74.79210209420899, 33.79777887438225, 0.0], [74.78659388491133, 33.79523949120624, 0.0], [74.78069733008377, 33.79260736100977, 0.0], [74.77717085716121, 33.79215663528136, 0.0], [74.77289964238088, 33.7951705592591, 0.0], [74.76823400865712, 33.796413522123096, 0.0], [74.7650749372057, 33.79913167630925, 0.0], [74.76408189743638, 33.8024624600364, 0.0], [74.76213377601424, 33.8049249686876, 0.0], [74.7596385003698, 33.808030681570166, 0.0], [74.75528805797073, 33.80879978879758, 0.0], [74.74919920053732, 33.80803489956839, 0.0], [74.74482542663378, 33.80694169967981, 0.0], [74.74217031894165, 33.805491984297724, 0.0], [74.73930120452088, 33.804486111308165, 0.0], [74.73772202521408, 33.80200171625498, 0.0], [74.73268888480784, 33.80140582074051, 0.0], [74.72912856454353, 33.800420470433075, 0.0], [74.72626227177668, 33.798636690192744, 0.0], [74.7234985574863, 33.79803066342932, 0.0], [74.72047031138665, 33.79704620157601, 0.0], [74.71638017742728, 33.79554825106508, 0.0], [74.71265898523335, 33.795073011740016, 0.0], [74.71322590386828, 33.800495601444226, 0.0], [74.71575140418464, 33.80483112178289, 0.0], [74.7158374287425, 33.80501677065698, 0.0], [74.7162949599472, 33.80600415761059, 0.0], [74.71742130178862, 33.80843479618665, 0.0], [74.72068840839704, 33.807474869499416, 0.0], [74.72207711935509, 33.80706682026024, 0.0], [74.72780689047637, 33.80981313826171, 0.0], [74.72806139091023, 33.80997310418778, 0.0], [74.7307862228599, 33.81168573255786, 0.0], [74.73078630711437, 33.81168581494652, 0.0], [74.73301361513019, 33.813859865213644, 0.0], [74.73545857795035, 33.81533125922917, 0.0], [74.73559968618206, 33.81541617602504, 0.0], [74.73571801166622, 33.815487383383, 0.0], [74.735859738775, 33.81557267268053, 0.0], [74.73617533067406, 33.815762590124265, 0.0], [74.73617561826569, 33.815762763140455, 0.0], [74.7361814118359, 33.81576866185624, 0.0], [74.73777631877802, 33.817375117486584, 0.0], [74.73884708778496, 33.818460499148976, 0.0], [74.73916553453596, 33.818810616333764, 0.0], [74.73980980029225, 33.81951894680669, 0.0], [74.73980986199942, 33.81951899948365, 0.0], [74.7400866352824, 33.81975439109631, 0.0], [74.74014496256159, 33.81981415312733, 0.0], [74.74035540592656, 33.82002977341881, 0.0], [74.74057168400572, 33.82025137005309, 0.0], [74.74068029313739, 33.82036265004858, 0.0], [74.74148072506063, 33.82118275306082, 0.0], [74.74148092852224, 33.82118296241318, 0.0], [74.74820574693146, 33.82123433862376, 0.0], [74.75064855966099, 33.82125293491883, 0.0], [74.75416259749575, 33.820989969276994, 0.0], [74.7563062295542, 33.81820428633821, 0.0], [74.7570990155875, 33.81504659892128, 0.0], [74.75802326391774, 33.81227453158892, 0.0], [74.7616435025891, 33.81217820535253, 0.0], [74.7656934510802, 33.8104540940434, 0.0], [74.77065706203454, 33.810051712938545, 0.0], [74.77411343344373, 33.81117839929393, 0.0], [74.77191970308539, 33.815854784322966, 0.0], [74.77407678815722, 33.818531942289276, 0.0], [74.7757347211952, 33.820977625928315, 0.0], [74.77930397390138, 33.82162392390548, 0.0], [74.78378124639187, 33.82166784502321, 0.0], [74.78827166152341, 33.82252005893577, 0.0], [74.79186205287658, 33.82619597088478, 0.0], [74.7950977596647, 33.82693170614123, 0.0], [74.79389339275133, 33.82950784892296, 0.0], [74.79272839850007, 33.83246123037804, 0.0], [74.791288805954, 33.83608084138921, 0.0], [74.79341157517757, 33.839167200779784, 0.0], [74.79620230084305, 33.840089498766375, 0.0], [74.7995280569487, 33.84192028763764, 0.0], [74.79765102545316, 33.845250930096014, 0.0], [74.7995506073159, 33.847931723092586, 0.0], [74.80216730733446, 33.85055907679968, 0.0], [74.80535242757875, 33.85398095516765, 0.0], [74.80794082867662, 33.85659369876971, 0.0], [74.81102720548404, 33.85957158126812, 0.0], [74.81461907508329, 33.8624121612841, 0.0], [74.81785841852012, 33.86492045809367, 0.0], [74.8190888958715, 33.86902939897779, 0.0], [74.8198814002984, 33.87190417766821, 0.0], [74.821146546317, 33.875401999000715, 0.0], [74.82233385481533, 33.87954664816103, 0.0], [74.8218354914172, 33.88467417109816, 0.0], [74.82037143561423, 33.889780274405915, 0.0], [74.82104995736572, 33.893867405698956, 0.0], [74.82151880130236, 33.89550307769672, 0.0], [74.8217571770582, 33.896334686584495, 0.0], [74.82198765724783, 33.89713873856381, 0.0], [74.82400993269114, 33.901458397425294, 0.0], [74.82648500202089, 33.90291428746995, 0.0], [74.82731794744441, 33.90340422580523, 0.0], [74.82863074126246, 33.90503161465722, 0.0], [74.8293670540109, 33.90594434806987, 0.0], [74.83213056258664, 33.909169468304256, 0.0], [74.83431089221845, 33.911159866878336, 0.0], [74.83658926515025, 33.91385424367294, 0.0], [74.8382701037921, 33.91758293392861, 0.0], [74.83937785020709, 33.922532303392295, 0.0], [74.83929521359846, 33.92687972507051, 0.0], [74.84050185028694, 33.93213972961567, 0.0], [74.84317121429771, 33.93413749612377, 0.0], [74.84531909332452, 33.93169042884903, 0.0], [74.84737250542, 33.935729989431465, 0.0], [74.84841535777306, 33.93721723447665, 0.0], [74.84955190494637, 33.938838041815465, 0.0], [74.85339330355376, 33.9429624689005, 0.0], [74.85599692998169, 33.945056491033, 0.0], [74.85885036790202, 33.9463226454145, 0.0], [74.86150074335193, 33.95036263379644, 0.0], [74.86193724612961, 33.95322327367981, 0.0], [74.86216425052834, 33.95471088695253, 0.0], [74.86384827914517, 33.95763180183537, 0.0], [74.86617773840325, 33.96080182720769, 0.0], [74.86639824250696, 33.961169339763465, 0.0], [74.86771827441669, 33.963369366439075, 0.0], [74.86854041250913, 33.963488672445784, 0.0], [74.8700908181031, 33.96371365175669, 0.0], [74.87299563188407, 33.96791752917964, 0.0], [74.87359167033743, 33.968780070630366, 0.0], [74.87793374122299, 33.971931214369796, 0.0], [74.88183082585158, 33.973763734113795, 0.0], [74.8839379968351, 33.97682278708089, 0.0], [74.88534989552029, 33.97978454829281, 0.0], [74.88698598550044, 33.98235315291286, 0.0], [74.88812485991447, 33.98529396597337, 0.0], [74.88986008407379, 33.98819385663787, 0.0], [74.89184343055364, 33.99144587768118, 0.0], [74.89496203124943, 33.992638415574525, 0.0], [74.89757690244564, 33.99556417014477, 0.0], [74.90219799209267, 33.9961953756947, 0.0], [74.90175125018843, 33.99946824519688, 0.0], [74.90124485558425, 34.00323612856393, 0.0], [74.89963678391257, 34.00655973063858, 0.0], [74.89965555250365, 34.01056712881617, 0.0], [74.90427096434807, 34.013215192620756, 0.0], [74.90815628852383, 34.015368992177365, 0.0], [74.91004174136725, 34.01819025962062, 0.0], [74.91280414736744, 34.01978516319398, 0.0], [74.91595479872402, 34.02172242221137, 0.0], [74.91304617778141, 34.02438890320899, 0.0], [74.90997123561473, 34.024390557089355, 0.0], [74.90728690524557, 34.02306607719824, 0.0], [74.90429796109724, 34.020003921870725, 0.0], [74.90135464649315, 34.017899498669244, 0.0], [74.89786712652719, 34.017870909197555, 0.0], [74.89706952737384, 34.01879807211329, 0.0], [74.89595408768099, 34.02009467062305, 0.0], [74.896321663624, 34.02342576705268, 0.0], [74.89951556302042, 34.0274155491652, 0.0], [74.90181853349756, 34.03080716029662, 0.0], [74.90242020424876, 34.03419050755779, 0.0], [74.90773240576257, 34.03506456498605, 0.0], [74.91159800850659, 34.0356209978497, 0.0], [74.91541123309828, 34.03669151882577, 0.0], [74.91505371889494, 34.033547790015504, 0.0], [74.91770152609269, 34.03001472239698, 0.0], [74.92164187222022, 34.03163264842659, 0.0], [74.9216235537383, 34.0344679588442, 0.0], [74.9243485648568, 34.037128408626586, 0.0], [74.92795193805765, 34.03727287268016, 0.0], [74.92896971147906, 34.0334186012011, 0.0], [74.93076624587286, 34.02986029428651, 0.0], [74.93365062462301, 34.028418000198506, 0.0], [74.93701004609139, 34.0280835337372, 0.0], [74.94074698072676, 34.027193919944, 0.0], [74.94519531148599, 34.028137766068234, 0.0], [74.94926204371423, 34.02897697732072, 0.0], [74.95183455471128, 34.03081924469292, 0.0], [74.9543017386397, 34.03337972364502, 0.0], [74.95489888205762, 34.03654695666353, 0.0], [74.95678485719394, 34.03955257200775, 0.0], [74.95811573861737, 34.041212470167764, 0.0], [74.9594466577103, 34.04287234856752, 0.0], [74.95993725889174, 34.04618266795564, 0.0], [74.96295464978287, 34.04876108619922, 0.0], [74.96588796341852, 34.049854594790936, 0.0], [74.97036719029231, 34.04892481474596, 0.0], [74.97283176298848, 34.05133128894108, 0.0], [74.97446980073045, 34.051503188199575, 0.0], [74.97500397554285, 34.05155924265252, 0.0], [74.97565409024814, 34.05092729707368, 0.0], [74.97840937269793, 34.04824890065925, 0.0], [74.98314693724579, 34.04659161585257, 0.0], [74.9855645699954, 34.04714403906637, 0.0], [74.98611839097934, 34.047270580212306, 0.0], [74.98684114426001, 34.047435716796805, 0.0], [74.98896604198396, 34.04838144219829, 0.0], [74.98904395387375, 34.048416117023166, 0.0], [74.9892085180209, 34.04848935758807, 0.0], [74.99012198465824, 34.048928065415, 0.0], [74.99017185470238, 34.04894807515237, 0.0], [74.9902797442804, 34.04902666164249, 0.0], [74.99029009328922, 34.0490341998242, 0.0], [74.99257018244214, 34.05069496770617, 0.0], [74.99266672547961, 34.05158466235104, 0.0], [74.99267017201014, 34.051616422221564, 0.0], [74.99288333758362, 34.053580807651706, 0.0], [74.99300841478727, 34.05473339534953, 0.0], [74.99315420816532, 34.05606565039149, 0.0], [74.9932284654674, 34.056744193977835, 0.0], [74.99345275059744, 34.05879359299445, 0.0], [74.99669379530496, 34.06231159823532, 0.0], [74.99977734196455, 34.063583483749674, 0.0], [75.00104235067066, 34.06410524273414, 0.0], [75.00318047739687, 34.06685215742789, 0.0], [75.00318068576514, 34.06685242526887, 0.0], [75.00375165482232, 34.06807327481795, 0.0], [75.00377222459767, 34.068117256096784, 0.0], [75.00461126283, 34.06991123541397, 0.0], [75.00461173250453, 34.06991223988006, 0.0], [75.00630465060006, 34.07270526813897, 0.0], [75.00816581464488, 34.074301419869315, 0.0], [75.01032558300822, 34.07615356595288, 0.0], [75.01032565856083, 34.07615363156299, 0.0], [75.01032618870934, 34.076154316332044, 0.0], [75.01032620855815, 34.076154361285035, 0.0], [75.01150028832896, 34.07884302976933, 0.0], [75.011500661127, 34.07884388373819, 0.0], [75.01267493980598, 34.08178617995131, 0.0], [75.0158521669427, 34.085033342077104, 0.0], [75.01943368513503, 34.08544861397999, 0.0], [75.01991605849071, 34.0855045382622, 0.0], [75.02061027480633, 34.08552442648359, 0.0], [75.02599446774853, 34.0856785780529, 0.0], [75.03087717501498, 34.08433008512635, 0.0], [75.03554704374595, 34.08436622629294, 0.0], [75.03731426965602, 34.08865621933935, 0.0], [75.03732315079264, 34.088677778853885, 0.0], [75.03733713370248, 34.088711721994294, 0.0], [75.037322238244, 34.08891059028042, 0.0], [75.03731887217221, 34.08895553357626, 0.0], [75.03700896538099, 34.093092895662906, 0.0], [75.03916758145051, 34.09561074437538, 0.0], [75.04041562643543, 34.095437654372915, 0.0], [75.04450680386392, 34.09487018512208, 0.0], [75.04735105271315, 34.09720849624071, 0.0], [75.05011762061129, 34.09973215288061, 0.0], [75.05112565540865, 34.10001869738563, 0.0], [75.0546464524028, 34.101019459953264, 0.0], [75.05722942149285, 34.103096616087775, 0.0], [75.05882347423243, 34.10543469494759, 0.0], [75.06171804905911, 34.108775186038464, 0.0], [75.06541712409897, 34.107002206927014, 0.0], [75.06625533052983, 34.10639537204455, 0.0], [75.06807093766541, 34.105080892259544, 0.0], [75.07056976363332, 34.1041902450654, 0.0], [75.07151269411642, 34.10385414608428, 0.0], [75.07481466423425, 34.103356614257486, 0.0], [75.07558520529514, 34.10324050117712, 0.0], [75.08043854990898, 34.1016173817686, 0.0]]]}}, {"type": "Feature", "properties": {"district_id": "rajouri", "display_name": "Rajouri", "source_name": "RAJAURI", "state_ut": "Jammu and Kashmir", "objectid": 17, "dist_lgd": "006"}, "geometry": {"type": "Polygon", "coordinates": [[[74.36802703159978, 33.5816074558266, 0.0], [74.37143953439764, 33.58154683001286, 0.0], [74.37478925795885, 33.58324728318958, 0.0], [74.37817737819388, 33.582695493956905, 0.0], [74.38152951336096, 33.58178027280853, 0.0], [74.38522691990322, 33.58061442236628, 0.0], [74.3884567652514, 33.57801780736689, 0.0], [74.39383342183245, 33.577932485984626, 0.0], [74.39842725410433, 33.577521931234436, 0.0], [74.40135265921026, 33.57669056779919, 0.0], [74.40440509095042, 33.57412494125742, 0.0], [74.40797754870519, 33.572322955640814, 0.0], [74.41132937533368, 33.57167024692059, 0.0], [74.41473791921831, 33.57187430422706, 0.0], [74.41760618805117, 33.57208183507167, 0.0], [74.42103602710405, 33.571823265396134, 0.0], [74.42442411239239, 33.569908689404286, 0.0], [74.42612577249633, 33.56761904745192, 0.0], [74.4286029583087, 33.56552628742822, 0.0], [74.43157689426711, 33.56343924606364, 0.0], [74.4355040754959, 33.56038846059149, 0.0], [74.43586895699613, 33.560087689870485, 0.0], [74.43898976093631, 33.55751510564289, 0.0], [74.44147764674989, 33.55476518655001, 0.0], [74.44102795055512, 33.55191649440097, 0.0], [74.4443559505498, 33.54824525469882, 0.0], [74.44797393047565, 33.5452198433148, 0.0], [74.45144192196587, 33.54317258321561, 0.0], [74.45531764616804, 33.54126884255339, 0.0], [74.45986160526832, 33.537950164150544, 0.0], [74.46377801609125, 33.53555969407801, 0.0], [74.46748445619151, 33.53368368396826, 0.0], [74.47358843666674, 33.53093421884447, 0.0], [74.47638343076883, 33.52917517980202, 0.0], [74.47951501548033, 33.52675928634928, 0.0], [74.48279358684273, 33.52440930494363, 0.0], [74.48586449859253, 33.52254022283502, 0.0], [74.48882765952806, 33.52067724408763, 0.0], [74.49189297977807, 33.51784520177047, 0.0], [74.4941325594435, 33.51539030425365, 0.0], [74.49625878147056, 33.51315525040459, 0.0], [74.49827518618409, 33.51047483678044, 0.0], [74.49847997394002, 33.506880714066746, 0.0], [74.50276773908593, 33.50302290979536, 0.0], [74.50661973919819, 33.49952854598907, 0.0], [74.5065010024909, 33.496637115837025, 0.0], [74.50795312300652, 33.49330640020027, 0.0], [74.50852097490049, 33.48877521172956, 0.0], [74.51037508487008, 33.484889717680936, 0.0], [74.51344332647125, 33.485077196343, 0.0], [74.51797113807501, 33.48494837886359, 0.0], [74.52129149066327, 33.481831879068125, 0.0], [74.52222044257142, 33.478131912367466, 0.0], [74.52574050745113, 33.47407603596243, 0.0], [74.52862824933862, 33.47100460201394, 0.0], [74.53413825581563, 33.47146606024081, 0.0], [74.53932266691893, 33.46918373415796, 0.0], [74.54153135571718, 33.47129795831188, 0.0], [74.5428313788744, 33.475072431182184, 0.0], [74.54068022562097, 33.47852919161586, 0.0], [74.54046118325765, 33.482709254727546, 0.0], [74.53914427971463, 33.48757373663212, 0.0], [74.54507907075927, 33.488927822439265, 0.0], [74.54956700215283, 33.490537238237415, 0.0], [74.55405786449403, 33.49123968442005, 0.0], [74.55801555081953, 33.492260870799115, 0.0], [74.56118205059046, 33.49354255610371, 0.0], [74.56481399587457, 33.49312154118174, 0.0], [74.56854851523092, 33.4921262592647, 0.0], [74.57190618317631, 33.492014985966584, 0.0], [74.57308521557762, 33.49575403564813, 0.0], [74.57098950837278, 33.4994224261643, 0.0], [74.57029398694128, 33.50297147393496, 0.0], [74.5720991172022, 33.504196117788936, 0.0], [74.57258064149902, 33.50452278707942, 0.0], [74.57293000487542, 33.504759795305674, 0.0], [74.57298256760937, 33.50485262964807, 0.0], [74.57309793497807, 33.50505638415551, 0.0], [74.57359589890697, 33.505935847349186, 0.0], [74.57367083622151, 33.50606819545702, 0.0], [74.57367985300863, 33.50608411876281, 0.0], [74.57375684990298, 33.50622010334832, 0.0], [74.57436620272864, 33.507296264015416, 0.0], [74.57438709388906, 33.50730220223627, 0.0], [74.5746253026775, 33.50736991133303, 0.0], [74.5774419355461, 33.5081704811548, 0.0], [74.57744335634403, 33.50817088444624, 0.0], [74.57744547306672, 33.50817148619473, 0.0], [74.57746398427443, 33.50817534581756, 0.0], [74.57747104430173, 33.508176551577925, 0.0], [74.57747216077445, 33.508176742733234, 0.0], [74.57948692229492, 33.50852087034083, 0.0], [74.58102540547017, 33.50878363045086, 0.0], [74.5840791350737, 33.50897891697547, 0.0], [74.58870430464694, 33.50829402194415, 0.0], [74.58943536307174, 33.5036588396038, 0.0], [74.59362061097977, 33.501800374726216, 0.0], [74.59774794871777, 33.50233763402717, 0.0], [74.60102293248941, 33.50130333482117, 0.0], [74.6039357818758, 33.50230274067237, 0.0], [74.6050645194182, 33.49854583105028, 0.0], [74.60715098049874, 33.49642495742536, 0.0], [74.6099416290852, 33.49747142735733, 0.0], [74.61354244241967, 33.49882686141469, 0.0], [74.61671540259914, 33.497870692096704, 0.0], [74.62020804952338, 33.497542322340216, 0.0], [74.62388055683577, 33.4979022805938, 0.0], [74.62759846779709, 33.49722358843275, 0.0], [74.62767655441417, 33.49720933309294, 0.0], [74.62843846906047, 33.495739804388144, 0.0], [74.62852807840709, 33.49556696949004, 0.0], [74.62937957870606, 33.493924592979745, 0.0], [74.63018711587463, 33.49060705841142, 0.0], [74.63324607871662, 33.48843026806743, 0.0], [74.63556998475553, 33.48596065462589, 0.0], [74.63543932448174, 33.48285303910257, 0.0], [74.63536737430016, 33.481141708956734, 0.0], [74.63286245249844, 33.47834510808671, 0.0], [74.62954006391156, 33.47659623171115, 0.0], [74.62884671402423, 33.473317769324325, 0.0], [74.62991287726577, 33.46903424571886, 0.0], [74.62772791039437, 33.46625737538564, 0.0], [74.62313710446884, 33.46648006924228, 0.0], [74.61932087539724, 33.463925448771334, 0.0], [74.61505172635174, 33.46504896774043, 0.0], [74.61035118474379, 33.46573341890295, 0.0], [74.60665941558703, 33.46606279936094, 0.0], [74.60322111998148, 33.46471607303396, 0.0], [74.60306861249207, 33.460171292261926, 0.0], [74.60623565130642, 33.45618628094589, 0.0], [74.60798099554002, 33.45300055860676, 0.0], [74.61037213891562, 33.45125739741465, 0.0], [74.61452995350204, 33.450034337701695, 0.0], [74.61836234348374, 33.44802504125742, 0.0], [74.61946421866575, 33.44289086324859, 0.0], [74.6255330577919, 33.443282734050115, 0.0], [74.63113980743641, 33.442514062417835, 0.0], [74.6352576110652, 33.440398495168715, 0.0], [74.64090041287606, 33.44019732433266, 0.0], [74.64713478535349, 33.43907916557977, 0.0], [74.65140802354509, 33.44036522340855, 0.0], [74.65646699919384, 33.44057530700091, 0.0], [74.65965643834389, 33.437010534742846, 0.0], [74.66209000222308, 33.435310229100054, 0.0], [74.66610438244614, 33.43488959539113, 0.0], [74.66858458348754, 33.43135005622107, 0.0], [74.66876641302136, 33.427401240316605, 0.0], [74.66913474911344, 33.42533896075191, 0.0], [74.66949868868167, 33.423301208634314, 0.0], [74.67248556582912, 33.41910417589556, 0.0], [74.67112940803624, 33.41296694693734, 0.0], [74.66853870711827, 33.40915875736786, 0.0], [74.66685920487164, 33.406267322986864, 0.0], [74.66599086830793, 33.40262038829222, 0.0], [74.66611151747162, 33.40157366355912, 0.0], [74.66654994883135, 33.39776974594205, 0.0], [74.66746320646962, 33.394619836091735, 0.0], [74.67080899737736, 33.395435722013374, 0.0], [74.67408711346017, 33.39405179935491, 0.0], [74.67114144247515, 33.39049584487586, 0.0], [74.67123697054055, 33.38571378193749, 0.0], [74.67120977998638, 33.3852156473825, 0.0], [74.67105006866568, 33.38228964214323, 0.0], [74.6738111041488, 33.3794760282407, 0.0], [74.67531783824144, 33.37456468229324, 0.0], [74.67845500700093, 33.37165508097555, 0.0], [74.67856261726244, 33.36762414362411, 0.0], [74.68494084468597, 33.36017544129604, 0.0], [74.67895810200321, 33.35643692504656, 0.0], [74.67459763184303, 33.3545996183559, 0.0], [74.67197536644632, 33.35238577983175, 0.0], [74.66938212374012, 33.350473945386405, 0.0], [74.66459532142157, 33.351805055100876, 0.0], [74.65915337715279, 33.352471519816014, 0.0], [74.6551318640767, 33.352138731748944, 0.0], [74.65083247551051, 33.351804036743644, 0.0], [74.64878401219104, 33.348043136997966, 0.0], [74.64846803147988, 33.34493095077697, 0.0], [74.64847896947435, 33.34118721262423, 0.0], [74.65151992705194, 33.33840520808258, 0.0], [74.6529550105053, 33.33709225727748, 0.0], [74.65259687124367, 33.33425552606968, 0.0], [74.65108531904399, 33.33177674439532, 0.0], [74.64922978154041, 33.32847474057853, 0.0], [74.6484778475324, 33.32491035031187, 0.0], [74.65022997042199, 33.322621646631546, 0.0], [74.65336478443483, 33.31956196260082, 0.0], [74.65620142977576, 33.31700378706287, 0.0], [74.6589132095131, 33.31457675917449, 0.0], [74.66185652049346, 33.31114295783077, 0.0], [74.6654471081107, 33.3072231840849, 0.0], [74.66951798649619, 33.304258794377006, 0.0], [74.67011460131232, 33.30009480859348, 0.0], [74.66925665755022, 33.294784509567336, 0.0], [74.66568629063906, 33.293314304288266, 0.0], [74.66166948786439, 33.29165924829302, 0.0], [74.65776455895728, 33.28813907796122, 0.0], [74.65610842206488, 33.284736577251074, 0.0], [74.65534403082685, 33.281585156030765, 0.0], [74.6538725134001, 33.27833676123034, 0.0], [74.65244809446672, 33.27518159100925, 0.0], [74.65290799521874, 33.272305815049656, 0.0], [74.65564075613244, 33.27085828809073, 0.0], [74.65964421568142, 33.26940362404971, 0.0], [74.66118203720086, 33.26862129869159, 0.0], [74.66341480540731, 33.267485391191755, 0.0], [74.6662948260857, 33.26592410801148, 0.0], [74.67070612830678, 33.26401830297645, 0.0], [74.67425626131117, 33.26179891659849, 0.0], [74.67656570897105, 33.25881014656465, 0.0], [74.67778848644843, 33.25553215590132, 0.0], [74.6809635539258, 33.25382854173406, 0.0], [74.68488973367334, 33.25294884824048, 0.0], [74.68920021439976, 33.25027993400919, 0.0], [74.69273080252083, 33.246848893644746, 0.0], [74.69280066648723, 33.24338492188839, 0.0], [74.69217038640623, 33.24006481081503, 0.0], [74.69124074256719, 33.23642948304804, 0.0], [74.68935738250279, 33.232213286824866, 0.0], [74.68962978580706, 33.22758792079832, 0.0], [74.68861127825704, 33.22160074823509, 0.0], [74.6890015743649, 33.218268201093665, 0.0], [74.68723842428442, 33.21415272780599, 0.0], [74.68503186397577, 33.21064269803875, 0.0], [74.68353169903106, 33.20796600214321, 0.0], [74.68271885156571, 33.203815261769506, 0.0], [74.6840353493285, 33.20114449328935, 0.0], [74.68697953263275, 33.19848999458337, 0.0], [74.68679144625587, 33.195532173591246, 0.0], [74.68257069945784, 33.194941934311075, 0.0], [74.67761692527081, 33.19534966088963, 0.0], [74.67228045592422, 33.195803143564, 0.0], [74.66761628216815, 33.193545345944365, 0.0], [74.6643304925053, 33.19241216077869, 0.0], [74.66329073066352, 33.18944004514125, 0.0], [74.6609228247256, 33.185302680046476, 0.0], [74.65567957663043, 33.18651931996342, 0.0], [74.65514736562109, 33.19030040873473, 0.0], [74.65470763048016, 33.194409873946235, 0.0], [74.65135063163348, 33.19515688499992, 0.0], [74.6472991166611, 33.195849504156946, 0.0], [74.64374992911011, 33.19668736917489, 0.0], [74.64065323146491, 33.19798971615817, 0.0], [74.63505663153857, 33.20103360475172, 0.0], [74.63153223271544, 33.202255394250365, 0.0], [74.62813064003396, 33.20316493508319, 0.0], [74.62283895149021, 33.204819929671885, 0.0], [74.61900065668954, 33.20265221160921, 0.0], [74.61427026727308, 33.20157218170072, 0.0], [74.61105517352387, 33.20023942253835, 0.0], [74.60953298765119, 33.19735882793807, 0.0], [74.6091376770562, 33.194303716076796, 0.0], [74.60612260508643, 33.19504212162983, 0.0], [74.60300823134838, 33.19397402706358, 0.0], [74.60024701777701, 33.19763118092254, 0.0], [74.59702805611926, 33.200051520109525, 0.0], [74.59394358670306, 33.200013604261684, 0.0], [74.58990098198693, 33.20002603782072, 0.0], [74.58411700397124, 33.20241231302899, 0.0], [74.57945136289445, 33.201792195831686, 0.0], [74.57538122344096, 33.20186280301467, 0.0], [74.56928203274092, 33.201965468622504, 0.0], [74.56936351281742, 33.19891444077558, 0.0], [74.57192549053366, 33.197390605686834, 0.0], [74.57302332564262, 33.19370396456782, 0.0], [74.56955176056819, 33.194215597023415, 0.0], [74.56606503915428, 33.19488601857087, 0.0], [74.56038299920101, 33.194887678384134, 0.0], [74.55609799653249, 33.19291856063833, 0.0], [74.55283417532726, 33.19082065337758, 0.0], [74.54880956867561, 33.18988297735402, 0.0], [74.54838344108873, 33.18678870504083, 0.0], [74.54764354495754, 33.18180792333676, 0.0], [74.54471463833782, 33.18255479310589, 0.0], [74.54214743260685, 33.184797297202834, 0.0], [74.53877273942263, 33.186900183763605, 0.0], [74.5378659630042, 33.189882003071375, 0.0], [74.53582052457512, 33.19313865635297, 0.0], [74.53132102417852, 33.192489266884785, 0.0], [74.52842235510737, 33.19131318910075, 0.0], [74.52491825253776, 33.18949971298712, 0.0], [74.52206803318381, 33.18710187970325, 0.0], [74.52143497959452, 33.1841692950808, 0.0], [74.52167524582238, 33.18177523596561, 0.0], [74.52191550126194, 33.17938115881752, 0.0], [74.52522055084775, 33.175707829638625, 0.0], [74.5292905028511, 33.17436285875208, 0.0], [74.53328394767631, 33.172172162010575, 0.0], [74.53800157825856, 33.1714276735644, 0.0], [74.54116171002372, 33.16911017263663, 0.0], [74.54439737955076, 33.165278242024506, 0.0], [74.54954040640106, 33.16431834524115, 0.0], [74.55417687951396, 33.16440462053794, 0.0], [74.55689324827331, 33.16636455627023, 0.0], [74.56103913657537, 33.16590350110281, 0.0], [74.56588337275144, 33.16397420370784, 0.0], [74.56932479057082, 33.1612847985927, 0.0], [74.57126866453494, 33.15784823093414, 0.0], [74.57530944285072, 33.156167211905746, 0.0], [74.57905210959781, 33.154459814895844, 0.0], [74.58279849399358, 33.153726035705496, 0.0], [74.58763829988543, 33.15438147116198, 0.0], [74.59081248775048, 33.15500219366545, 0.0], [74.59674103923213, 33.156707102924585, 0.0], [74.60131601140726, 33.15753530511651, 0.0], [74.60506538698775, 33.1547415968273, 0.0], [74.60964682177814, 33.15405642988241, 0.0], [74.61216909378321, 33.15090224326605, 0.0], [74.61572012244184, 33.14946475271054, 0.0], [74.62014290092498, 33.14797671084305, 0.0], [74.62535927003968, 33.147040584866694, 0.0], [74.62869373958537, 33.1444861714318, 0.0], [74.63007823348875, 33.14071101687082, 0.0], [74.62789873892766, 33.13730361101594, 0.0], [74.62557882236571, 33.13435204908618, 0.0], [74.62351238091892, 33.13170160544848, 0.0], [74.62009976269688, 33.131739566653685, 0.0], [74.61660396061144, 33.12947913128629, 0.0], [74.61630358893379, 33.1254323471412, 0.0], [74.61855017857188, 33.12278525007507, 0.0], [74.62190562483427, 33.120086842313015, 0.0], [74.62238647224574, 33.116898177396635, 0.0], [74.62181010797335, 33.11265603062478, 0.0], [74.6219251370866, 33.11235848471386, 0.0], [74.6230586089673, 33.109426428967026, 0.0], [74.6273578077585, 33.107641063559385, 0.0], [74.63086315345602, 33.10942449444904, 0.0], [74.63380657287648, 33.10864720287898, 0.0], [74.6316231504697, 33.10598196381604, 0.0], [74.6285854552824, 33.104653844223144, 0.0], [74.62450682752048, 33.10437422632323, 0.0], [74.62377225794097, 33.10153526805746, 0.0], [74.6268078708589, 33.09920080699556, 0.0], [74.62939372043758, 33.09780095794303, 0.0], [74.63032450152727, 33.09722575477375, 0.0], [74.63238708292208, 33.09595108162315, 0.0], [74.63396714781622, 33.093417752571185, 0.0], [74.62920273685468, 33.09072118823677, 0.0], [74.62515692318716, 33.09183408593255, 0.0], [74.62129017523908, 33.091309791871, 0.0], [74.61638595236748, 33.091225320836465, 0.0], [74.612183071491, 33.09135691582643, 0.0], [74.60615624172442, 33.0910554306273, 0.0], [74.60224279451744, 33.08767803582015, 0.0], [74.6009122167209, 33.085353066883634, 0.0], [74.59958169216546, 33.08302807093199, 0.0], [74.59896264249052, 33.076626753230755, 0.0], [74.59830703772874, 33.07207305156745, 0.0], [74.59565282477202, 33.07055311824639, 0.0], [74.59111174689001, 33.06938079639661, 0.0], [74.58705797901355, 33.0693959782232, 0.0], [74.58303965517379, 33.06799155403567, 0.0], [74.5793251665818, 33.06793592955839, 0.0], [74.57612996400897, 33.06817411090171, 0.0], [74.57295000143446, 33.06863661389476, 0.0], [74.56953011516298, 33.06865189025807, 0.0], [74.56640510485761, 33.06782073280272, 0.0], [74.56314219506208, 33.06715215091336, 0.0], [74.56345942447892, 33.06231139976734, 0.0], [74.56455893824851, 33.05764198055972, 0.0], [74.56446499186951, 33.0575198221034, 0.0], [74.56180237945054, 33.054057483836985, 0.0], [74.55751496317478, 33.052484349101526, 0.0], [74.55669592550709, 33.05218380988617, 0.0], [74.55418871273027, 33.051951246416394, 0.0], [74.55400993351483, 33.05193466133669, 0.0], [74.5502912503551, 33.051589649709285, 0.0], [74.5483294566162, 33.0515183140684, 0.0], [74.54733848905586, 33.05148227150008, 0.0], [74.54716252476999, 33.0514758712803, 0.0], [74.54555810311277, 33.05141750256577, 0.0], [74.54298851738615, 33.051467820771975, 0.0], [74.54054852888486, 33.05151556560376, 0.0], [74.53354622975783, 33.05152367432503, 0.0], [74.5296827131236, 33.05212647930796, 0.0], [74.52584224630526, 33.054355829857066, 0.0], [74.52054760202395, 33.05568022397558, 0.0], [74.51383381280898, 33.05574660608344, 0.0], [74.51073337493904, 33.05519404276703, 0.0], [74.51026204212738, 33.05208195624701, 0.0], [74.5121612792349, 33.0483644053894, 0.0], [74.51169102738847, 33.04643536706904, 0.0], [74.51151380698158, 33.04570836676108, 0.0], [74.51122078971211, 33.04450631700817, 0.0], [74.50824343281552, 33.04207892931261, 0.0], [74.50404938747444, 33.041814317296186, 0.0], [74.4984567643948, 33.04170651389323, 0.0], [74.4966602844843, 33.03644703317564, 0.0], [74.49920391567774, 33.033980035316176, 0.0], [74.50294636048878, 33.03299794227214, 0.0], [74.50770688295752, 33.03218931725006, 0.0], [74.51138460295766, 33.03156588085219, 0.0], [74.51342781945304, 33.029279308324305, 0.0], [74.51476528788297, 33.02468808091326, 0.0], [74.51451196455686, 33.02019439015364, 0.0], [74.5160211802031, 33.015986028466415, 0.0], [74.51268806686095, 33.01345145758855, 0.0], [74.5092398535897, 33.01434902120808, 0.0], [74.50498465538583, 33.01586259135775, 0.0], [74.50018415294097, 33.01650054122023, 0.0], [74.49615091906347, 33.01808581405337, 0.0], [74.49485918988528, 33.0178068763352, 0.0], [74.49359052622498, 33.017532907887045, 0.0], [74.49103015620503, 33.01697996065454, 0.0], [74.48717001638352, 33.01622902025866, 0.0], [74.48345844785693, 33.01602922979851, 0.0], [74.47870313263516, 33.016656683307396, 0.0], [74.47496011431247, 33.01623415330062, 0.0], [74.47189935247177, 33.01616078208823, 0.0], [74.46798536585095, 33.016228356941355, 0.0], [74.46365338909203, 33.01523601308376, 0.0], [74.46045010019311, 33.01612185418168, 0.0], [74.45615862647283, 33.015617104740464, 0.0], [74.45193317530708, 33.015111415109395, 0.0], [74.44750565335592, 33.01429179783051, 0.0], [74.44555771002291, 33.01003392773124, 0.0], [74.4465361271201, 33.00632401557796, 0.0], [74.44574676226806, 33.002430036399126, 0.0], [74.44386846684633, 33.000282089957, 0.0], [74.44103321616272, 32.99884717940489, 0.0], [74.43332851536864, 32.99550192254797, 0.0], [74.42876396057784, 32.99399184691819, 0.0], [74.42369375154153, 32.99134767796696, 0.0], [74.42080304520609, 32.98932406179998, 0.0], [74.41724842450297, 32.98615527700783, 0.0], [74.41491266646092, 32.9831959631347, 0.0], [74.41247845414925, 32.97967892589114, 0.0], [74.40992426160915, 32.97608364211868, 0.0], [74.40776591784612, 32.97355317785228, 0.0], [74.40502879145515, 32.97058514173244, 0.0], [74.40282108383063, 32.966767785533634, 0.0], [74.3990628901333, 32.96567695486868, 0.0], [74.39557195095395, 32.96639620829735, 0.0], [74.39293870625673, 32.96352893020947, 0.0], [74.39088050423008, 32.95932990679702, 0.0], [74.38756486809648, 32.95773287959924, 0.0], [74.3843576872707, 32.95697876555639, 0.0], [74.38166566501913, 32.95539792824233, 0.0], [74.37878050071487, 32.954682741061106, 0.0], [74.37540854655894, 32.953482355200286, 0.0], [74.37209789604046, 32.95297960676, 0.0], [74.37007901490762, 32.95075001081071, 0.0], [74.36702244724779, 32.95328985999962, 0.0], [74.36211629505442, 32.952935971077835, 0.0], [74.3576531084549, 32.95224900286578, 0.0], [74.3547151951251, 32.95280260067649, 0.0], [74.35152513629407, 32.95148771947905, 0.0], [74.34824980218991, 32.9533298378505, 0.0], [74.34365526288047, 32.95290963116612, 0.0], [74.34108230662449, 32.95315767098026, 0.0], [74.34019788279902, 32.95324292205541, 0.0], [74.33983616925589, 32.9543927492523, 0.0], [74.33895856881598, 32.957182501560744, 0.0], [74.33893840084822, 32.9572478066917, 0.0], [74.33805359599263, 32.960112790599744, 0.0], [74.33774834802556, 32.96117216274006, 0.0], [74.33744309249833, 32.9622315526911, 0.0], [74.33663924535628, 32.9654799768338, 0.0], [74.33627256189035, 32.966904196918335, 0.0], [74.33503767111809, 32.971581262474324, 0.0], [74.33391824350521, 32.97512906373682, 0.0], [74.33259507068594, 32.97941613518036, 0.0], [74.33008332026385, 32.98746925917473, 0.0], [74.32985193278095, 32.98821106241036, 0.0], [74.32955187313853, 32.989166759317314, 0.0], [74.32857103380864, 32.99292640387075, 0.0], [74.32759535415569, 32.99668597645293, 0.0], [74.32629385417499, 33.00030244607271, 0.0], [74.32600427245443, 33.000616754309945, 0.0], [74.32598027085601, 33.000651089192864, 0.0], [74.32470374103109, 33.00193228534993, 0.0], [74.3244035438579, 33.0021849991093, 0.0], [74.32339718818444, 33.00306821017277, 0.0], [74.32258331279564, 33.00417245958233, 0.0], [74.32160895031168, 33.005150360514236, 0.0], [74.32087521125861, 33.00624114102322, 0.0], [74.3205641860996, 33.007377065930996, 0.0], [74.3204830186539, 33.00888740100773, 0.0], [74.32049540423957, 33.010854881990355, 0.0], [74.32042466536548, 33.012486149003784, 0.0], [74.320431277148, 33.012664274832744, 0.0], [74.32041093772143, 33.013107153890175, 0.0], [74.32029234316525, 33.01440107255685, 0.0], [74.3205374544305, 33.01618198287119, 0.0], [74.32057440174763, 33.016519709076896, 0.0], [74.3206133016097, 33.017567550142175, 0.0], [74.32040086636835, 33.01922526362107, 0.0], [74.32010704496297, 33.01999134827555, 0.0], [74.32020492621145, 33.020754261708184, 0.0], [74.32019214719782, 33.02085398197609, 0.0], [74.32021470475168, 33.0209032586432, 0.0], [74.32026112417869, 33.021790251704324, 0.0], [74.3208062171004, 33.02306189518203, 0.0], [74.32114301324891, 33.02369765844353, 0.0], [74.32206920512127, 33.024619855517045, 0.0], [74.32537704561057, 33.028634611448304, 0.0], [74.32379958946889, 33.031658316796424, 0.0], [74.31943325518647, 33.032134338522205, 0.0], [74.31803522383937, 33.031789961163774, 0.0], [74.31663719720082, 33.03144557528009, 0.0], [74.3145825670253, 33.030439212134105, 0.0], [74.314513064451, 33.03039860032246, 0.0], [74.31371587115775, 33.02992490413218, 0.0], [74.3129556346304, 33.03037533274153, 0.0], [74.31220063473505, 33.03082578571355, 0.0], [74.31030553193901, 33.03137032977553, 0.0], [74.3100398122817, 33.03175421370078, 0.0], [74.30937826301741, 33.031881923575554, 0.0], [74.305611420824, 33.03175560909851, 0.0], [74.30213282080592, 33.03140191900506, 0.0], [74.30187857083541, 33.031483868309984, 0.0], [74.298642214897, 33.03252699228167, 0.0], [74.29426806788372, 33.03445303814242, 0.0], [74.29367328880363, 33.03471491931782, 0.0], [74.28984574713222, 33.035321077968014, 0.0], [74.28700229708383, 33.036671578742954, 0.0], [74.28341418702144, 33.037548629763485, 0.0], [74.2822467258711, 33.03761172658882, 0.0], [74.27984530879868, 33.037383194254424, 0.0], [74.27860244125462, 33.03780866734949, 0.0], [74.2774143199973, 33.03821539996473, 0.0], [74.27497112115127, 33.0403233661087, 0.0], [74.27270618797324, 33.04101581975452, 0.0], [74.27253158690381, 33.04106937937069, 0.0], [74.2718119399788, 33.041290130196415, 0.0], [74.27091769189558, 33.04156444122024, 0.0], [74.27059138576328, 33.04193388644255, 0.0], [74.2693579469739, 33.04333036645556, 0.0], [74.26622929282689, 33.044628232785854, 0.0], [74.26224840111638, 33.04388546475435, 0.0], [74.26145143540724, 33.04354439717877, 0.0], [74.26029040064692, 33.043146591287964, 0.0], [74.25936438469137, 33.043051078642044, 0.0], [74.25841638644593, 33.043483007433096, 0.0], [74.25704463386043, 33.04458629011321, 0.0], [74.25683337276257, 33.04482384023812, 0.0], [74.2560783319236, 33.04513640471403, 0.0], [74.25395424621642, 33.045463552288496, 0.0], [74.24916887927384, 33.045615493467054, 0.0], [74.24839171597782, 33.046320278921044, 0.0], [74.2430428279717, 33.04979749879338, 0.0], [74.24243771947171, 33.05000819783564, 0.0], [74.2417911137718, 33.05003964150855, 0.0], [74.23977160497847, 33.05089435433992, 0.0], [74.2392091647727, 33.05113238844827, 0.0], [74.23722267924467, 33.05139166853177, 0.0], [74.23654319110774, 33.05115650852512, 0.0], [74.23621138711813, 33.05104344171731, 0.0], [74.23552053071644, 33.05123205652544, 0.0], [74.23423349100926, 33.05267322084791, 0.0], [74.23343865485577, 33.05386232189451, 0.0], [74.23253839872503, 33.05479029862815, 0.0], [74.23209905120206, 33.05502874370064, 0.0], [74.23175239686582, 33.055320888553794, 0.0], [74.22991489355934, 33.05656129659791, 0.0], [74.22923186131595, 33.05682876270879, 0.0], [74.22767859161407, 33.057273307998116, 0.0], [74.22698276819975, 33.057757212079984, 0.0], [74.22669916971459, 33.057872881413346, 0.0], [74.22413749797073, 33.058916347028536, 0.0], [74.22352102797028, 33.059049141161836, 0.0], [74.2226796486491, 33.05951018414215, 0.0], [74.21989328012012, 33.06100796451261, 0.0], [74.219892760995, 33.06100814373965, 0.0], [74.21616748862682, 33.061686476848074, 0.0], [74.21556645468578, 33.061302428182785, 0.0], [74.21438873981396, 33.06122429992424, 0.0], [74.2127579126274, 33.062975880319755, 0.0], [74.2081974839221, 33.06705450662435, 0.0], [74.20521889483726, 33.06672272711241, 0.0], [74.20404551550386, 33.06644926776999, 0.0], [74.20323956857659, 33.06650225205762, 0.0], [74.20243362187361, 33.066555235213485, 0.0], [74.19938384573322, 33.06816956209489, 0.0], [74.19835791161275, 33.068786372545006, 0.0], [74.19820315733637, 33.068858781322284, 0.0], [74.19108711857878, 33.07207762902611, 0.0], [74.1898679176173, 33.07166571469819, 0.0], [74.18963707242557, 33.071545717724824, 0.0], [74.18899641369705, 33.07068366975358, 0.0], [74.1876362486686, 33.070735790246225, 0.0], [74.18632837444434, 33.07133340151315, 0.0], [74.18606072182547, 33.07143603313412, 0.0], [74.18263916373854, 33.07254954809197, 0.0], [74.18155639407284, 33.072731261783474, 0.0], [74.18093901411208, 33.07257849221036, 0.0], [74.17990323548027, 33.072971374308636, 0.0], [74.17972674600034, 33.07303831821811, 0.0], [74.1781998617993, 33.073294564559966, 0.0], [74.17718891656587, 33.073379575167, 0.0], [74.1760425419533, 33.07355808575175, 0.0], [74.17572448761013, 33.07370920539187, 0.0], [74.17184249057473, 33.07435932865188, 0.0], [74.17068653412986, 33.07415361025927, 0.0], [74.17028426400502, 33.07441440646281, 0.0], [74.17082603422088, 33.07634492800428, 0.0], [74.17061810362422, 33.07711325452339, 0.0], [74.17041017222091, 33.07788158450413, 0.0], [74.170674446028, 33.07939227891495, 0.0], [74.17038289118561, 33.08038811650311, 0.0], [74.17075074526777, 33.08111458938911, 0.0], [74.1717683612295, 33.081093662558175, 0.0], [74.17184252739683, 33.081093782751694, 0.0], [74.17407181890488, 33.084307301144264, 0.0], [74.17426598164197, 33.084884687030026, 0.0], [74.17474657276985, 33.08507249324955, 0.0], [74.17601445122303, 33.08651030258227, 0.0], [74.17588324945491, 33.087308294114614, 0.0], [74.17649812085, 33.08772853464768, 0.0], [74.17776693098875, 33.087964931609065, 0.0], [74.17892717800741, 33.08776559213942, 0.0], [74.18076728250291, 33.08838891649841, 0.0], [74.18153700535807, 33.091746560457715, 0.0], [74.17956896648755, 33.094404255533895, 0.0], [74.17931051230735, 33.094702842635094, 0.0], [74.17888598863667, 33.09532656621548, 0.0], [74.17846146687666, 33.09595028957131, 0.0], [74.17823086643943, 33.09664273380461, 0.0], [74.17693298718376, 33.09925022128018, 0.0], [74.17427759586937, 33.100065392266316, 0.0], [74.17391540509004, 33.100144784023044, 0.0], [74.17259402949031, 33.10058222436109, 0.0], [74.1712726522275, 33.10101966486844, 0.0], [74.1695297623789, 33.101937422342395, 0.0], [74.16884865466123, 33.102296068268885, 0.0], [74.1672087636413, 33.10262697341275, 0.0], [74.16659185536312, 33.10299555034657, 0.0], [74.16679995662317, 33.103361073691794, 0.0], [74.16728373384397, 33.1034354907212, 0.0], [74.1642046148802, 33.10564020436897, 0.0], [74.16406622126426, 33.10577798499586, 0.0], [74.16396635387414, 33.10559696606546, 0.0], [74.16372047703837, 33.105362154031816, 0.0], [74.16335057502549, 33.105492263594705, 0.0], [74.1615173675468, 33.10831555981228, 0.0], [74.16151706098964, 33.10831586618257, 0.0], [74.16151680209326, 33.10831625688973, 0.0], [74.1595139081534, 33.1104493619077, 0.0], [74.15907463769292, 33.11130823071337, 0.0], [74.15895408773454, 33.111543930564416, 0.0], [74.1593949260818, 33.11307296725179, 0.0], [74.16160433074538, 33.11860186350572, 0.0], [74.16270954876232, 33.12189988543847, 0.0], [74.15973722124504, 33.12432171955504, 0.0], [74.15606919612839, 33.12567235720502, 0.0], [74.15485844441048, 33.12776206447916, 0.0], [74.15431878275942, 33.1293300121356, 0.0], [74.15425938090267, 33.12951027511903, 0.0], [74.15385899610962, 33.131051383579255, 0.0], [74.15391828562318, 33.13306220747796, 0.0], [74.15248591525433, 33.13691650020457, 0.0], [74.15118489427881, 33.13827938751791, 0.0], [74.14965844717848, 33.13964606497057, 0.0], [74.14959857009424, 33.139699674498765, 0.0], [74.14916276648651, 33.14039766820001, 0.0], [74.1458201478126, 33.14402973858027, 0.0], [74.14133320253981, 33.147632584398025, 0.0], [74.1405322790125, 33.1475364150117, 0.0], [74.13735958921315, 33.1475349548815, 0.0], [74.13623616965599, 33.147780754599644, 0.0], [74.13511274939206, 33.14802655400283, 0.0], [74.13377457616852, 33.149371929664134, 0.0], [74.13351000120888, 33.15009726136617, 0.0], [74.1334826223239, 33.15019264431031, 0.0], [74.13324486263538, 33.15102093239593, 0.0], [74.13338785762167, 33.15363151840968, 0.0], [74.13338067891264, 33.15428513029334, 0.0], [74.13338067778992, 33.15428517476472, 0.0], [74.13162334340818, 33.155627110271205, 0.0], [74.13065859719853, 33.156006515817175, 0.0], [74.12999235975255, 33.156582282156144, 0.0], [74.13038461012621, 33.15672888560876, 0.0], [74.12906538735164, 33.159700199894864, 0.0], [74.12491753916605, 33.160039072460414, 0.0], [74.12026622883009, 33.16151064906179, 0.0], [74.11704981622862, 33.15979317388041, 0.0], [74.11647196975849, 33.15944033046272, 0.0], [74.11229591312741, 33.16327719808013, 0.0], [74.11128825255369, 33.16414514207214, 0.0], [74.10647678963446, 33.166999894022005, 0.0], [74.10470296486979, 33.16672927765942, 0.0], [74.10462566508423, 33.1667006368199, 0.0], [74.10403118495998, 33.1665605559906, 0.0], [74.10325439560901, 33.166377514400715, 0.0], [74.10236993630029, 33.16637334975185, 0.0], [74.10190213715697, 33.16637114746734, 0.0], [74.10148547911976, 33.16636918232279, 0.0], [74.09976983182075, 33.166500654725226, 0.0], [74.09973136973339, 33.166529543053755, 0.0], [74.099243233337, 33.16689619170266, 0.0], [74.0959407868447, 33.16872368311056, 0.0], [74.09466236629788, 33.16937567146508, 0.0], [74.09028150297642, 33.17160975201794, 0.0], [74.08972315430665, 33.1718745033241, 0.0], [74.0867859528277, 33.17335539934996, 0.0], [74.08378124500723, 33.17580994272883, 0.0], [74.08160747490658, 33.17817619681063, 0.0], [74.0792687823289, 33.18016786854715, 0.0], [74.07609383681356, 33.18326104085531, 0.0], [74.07598215409723, 33.18336984210213, 0.0], [74.0740030972406, 33.18598203697663, 0.0], [74.07337095599004, 33.186573418238, 0.0], [74.07124554510229, 33.19033265245864, 0.0], [74.06965803203403, 33.1939286085208, 0.0], [74.06222122289111, 33.197476945250386, 0.0], [74.06055001995007, 33.19658935559607, 0.0], [74.06043566359313, 33.19645512033159, 0.0], [74.05972090722777, 33.19614900737659, 0.0], [74.0590061501518, 33.19584289274438, 0.0], [74.05824949921438, 33.19569529589654, 0.0], [74.05489629973152, 33.194661329018196, 0.0], [74.05486012677254, 33.194642176160585, 0.0], [74.05431564839941, 33.19398700592285, 0.0], [74.05321095387383, 33.194002238304364, 0.0], [74.05219167390779, 33.19413482642818, 0.0], [74.05094802117945, 33.196967333108, 0.0], [74.0495853892938, 33.20003685220017, 0.0], [74.0453948228319, 33.19997776653018, 0.0], [74.04494385561995, 33.19940404405549, 0.0], [74.04168861125274, 33.19804736925313, 0.0], [74.03982639616913, 33.19705511474223, 0.0], [74.0387821037637, 33.19704902490991, 0.0], [74.03781947327843, 33.196718373729794, 0.0], [74.03766903928376, 33.196749647920285, 0.0], [74.03713113007079, 33.19652937502887, 0.0], [74.03592576300986, 33.196242149424336, 0.0], [74.03416852622593, 33.1974773736008, 0.0], [74.03315324658828, 33.19768844041453, 0.0], [74.03221424661162, 33.197845887944396, 0.0], [74.03150834874873, 33.19853598043058, 0.0], [74.02960962538154, 33.199514305441745, 0.0], [74.02944574900188, 33.19959874171327, 0.0], [74.0282867599972, 33.199778122889434, 0.0], [74.02674487323365, 33.20078023664503, 0.0], [74.0262975582182, 33.20107095448672, 0.0], [74.0231848303584, 33.2037017328324, 0.0], [74.02040406052731, 33.20401095374757, 0.0], [74.01911070300369, 33.20400350407387, 0.0], [74.01897357759285, 33.20400943878322, 0.0], [74.01735137729366, 33.20407963971369, 0.0], [74.01657009222775, 33.20501059825407, 0.0], [74.01720407802654, 33.207343100165716, 0.0], [74.01718248316588, 33.20748685930467, 0.0], [74.0168589188398, 33.208705120009114, 0.0], [74.01652177333573, 33.20965909589847, 0.0], [74.01640554006713, 33.20985188991193, 0.0], [74.01641780209661, 33.20995329086344, 0.0], [74.01568879149997, 33.21201607125552, 0.0], [74.01496967059471, 33.21230798442706, 0.0], [74.01429322760988, 33.21228929855906, 0.0], [74.01368542618074, 33.21282929644589, 0.0], [74.01227309910769, 33.21340260123454, 0.0], [74.01152585594551, 33.213597636210345, 0.0], [74.01132742742475, 33.21371297089078, 0.0], [74.00847276088622, 33.214525381740124, 0.0], [74.00799954091903, 33.21422294763843, 0.0], [74.00792220277086, 33.21347885045378, 0.0], [74.00746196836393, 33.21324310787811, 0.0], [74.00660710277025, 33.21372748734547, 0.0], [74.00634233310033, 33.21538506672482, 0.0], [74.00627673538312, 33.21579573248901, 0.0], [74.0067782265683, 33.21770871809497, 0.0], [74.00693704200826, 33.21820732171047, 0.0], [74.00638335866239, 33.2203801931869, 0.0], [74.00611187124625, 33.22058296627584, 0.0], [74.00558316838597, 33.2213027377979, 0.0], [74.00573532749236, 33.2221191374796, 0.0], [74.00559888975344, 33.22267319735272, 0.0], [74.00550466648849, 33.223394275065246, 0.0], [74.00648915003035, 33.22398326836352, 0.0], [74.00735886207337, 33.224175610865295, 0.0], [74.00794177464611, 33.22507404471884, 0.0], [74.00707544418233, 33.22658674324262, 0.0], [74.00650847585777, 33.22705790261644, 0.0], [74.00599889878352, 33.2283321656549, 0.0], [74.00604958779738, 33.229031130088536, 0.0], [74.00630100695665, 33.229357095151876, 0.0], [74.00648147417692, 33.23126059121454, 0.0], [74.00485868375651, 33.2327725399847, 0.0], [74.00346582638234, 33.233689411124544, 0.0], [74.00246491863143, 33.23442576754374, 0.0], [74.00195955920807, 33.235952589666525, 0.0], [74.00206933277993, 33.23789139715552, 0.0], [74.00238645910245, 33.23902841128345, 0.0], [74.00253941293713, 33.239257172902825, 0.0], [74.00254870249418, 33.23977052038661, 0.0], [74.0029111752588, 33.240603894479094, 0.0], [74.0027479398232, 33.24108071759287, 0.0], [74.00277049380774, 33.242081608891645, 0.0], [74.00505597332625, 33.245535073891524, 0.0], [74.00565277437565, 33.24690719846283, 0.0], [74.00570410563904, 33.247455089256114, 0.0], [74.00631506681718, 33.2488994804173, 0.0], [74.00608824284572, 33.24924140019735, 0.0], [74.00585615688478, 33.249583367263334, 0.0], [74.00639613848739, 33.250044790100326, 0.0], [74.00694149393978, 33.250506252717614, 0.0], [74.00751867280862, 33.251039943026704, 0.0], [74.00808523106254, 33.25157354479091, 0.0], [74.00901511516, 33.252473435481235, 0.0], [74.00995032953901, 33.25336876258071, 0.0], [74.01034600215588, 33.253703558487565, 0.0], [74.0111215967176, 33.25431439371232, 0.0], [74.01140952082065, 33.254523720004556, 0.0], [74.01154996990758, 33.254635375331404, 0.0], [74.01208406390072, 33.25512865403374, 0.0], [74.01261346338458, 33.255553978591394, 0.0], [74.01366179405618, 33.2563819875489, 0.0], [74.0145978394812, 33.257106006273645, 0.0], [74.01523910899908, 33.25756252818289, 0.0], [74.01537361280504, 33.257658281571686, 0.0], [74.01571616936272, 33.25788918488622, 0.0], [74.01594081707523, 33.25806567099529, 0.0], [74.0165794072449, 33.258538906983716, 0.0], [74.01660826627176, 33.25855902143094, 0.0], [74.01743467127109, 33.25911912964701, 0.0], [74.01782757606827, 33.25937825345458, 0.0], [74.01837541860905, 33.259765488017486, 0.0], [74.01847941999593, 33.25983149201476, 0.0], [74.01864836553982, 33.25995337800929, 0.0], [74.01919406701569, 33.26034714550723, 0.0], [74.02018937728147, 33.26103064056462, 0.0], [74.02087203064536, 33.26139223233533, 0.0], [74.02101940538171, 33.26147029389655, 0.0], [74.02207460326396, 33.261955727137504, 0.0], [74.02251516679192, 33.26212873706737, 0.0], [74.02348384941993, 33.26247360694517, 0.0], [74.024341685506, 33.26267435054078, 0.0], [74.02491533622748, 33.26278870881149, 0.0], [74.02501443495728, 33.26280863921049, 0.0], [74.02797560573046, 33.263446487036255, 0.0], [74.02804863663626, 33.26346409463905, 0.0], [74.02836482585779, 33.26354032493072, 0.0], [74.03198165437126, 33.2644248902407, 0.0], [74.03213339515219, 33.264462000262256, 0.0], [74.03469105588354, 33.26535610462622, 0.0], [74.03492399354087, 33.26544465670625, 0.0], [74.03492856489889, 33.26544596540922, 0.0], [74.03501777597366, 33.26547031975396, 0.0], [74.03528573648292, 33.265563993399724, 0.0], [74.03864575303949, 33.26703265597302, 0.0], [74.04076815338591, 33.26822931333128, 0.0], [74.04084311526546, 33.26827378396932, 0.0], [74.0416249543925, 33.26871770914296, 0.0], [74.04226117446639, 33.26908140831546, 0.0], [74.04415251817042, 33.27016702635403, 0.0], [74.04582198867715, 33.27148334741084, 0.0], [74.0464107124778, 33.27191773328341, 0.0], [74.04714711221119, 33.27238566625191, 0.0], [74.04720100790917, 33.27242559761684, 0.0], [74.04799700962667, 33.272926641301545, 0.0], [74.04861638164778, 33.27341121181676, 0.0], [74.04974532936112, 33.2743518301018, 0.0], [74.05012005974939, 33.27460074542267, 0.0], [74.05078997264943, 33.274859490955684, 0.0], [74.05148660598859, 33.27514982343112, 0.0], [74.05218867014628, 33.27544461412837, 0.0], [74.0531263807324, 33.27584383786911, 0.0], [74.0540588416767, 33.276242923931534, 0.0], [74.05450337683241, 33.27648297619601, 0.0], [74.05488928219158, 33.27662372817293, 0.0], [74.05537195177455, 33.27673319542434, 0.0], [74.05583026737524, 33.27684260947659, 0.0], [74.05603444469568, 33.27690110360442, 0.0], [74.05655162483356, 33.27705179453743, 0.0], [74.05725389171268, 33.27726096240093, 0.0], [74.05764053071722, 33.27736122779509, 0.0], [74.05795366039973, 33.27745093575532, 0.0], [74.06295896078049, 33.279346120090764, 0.0], [74.06638856744203, 33.28088893358069, 0.0], [74.06645949538161, 33.28092172543613, 0.0], [74.06746917264601, 33.28140706952763, 0.0], [74.06902852620081, 33.28216376950121, 0.0], [74.0696232196856, 33.28245819883901, 0.0], [74.07019674969521, 33.28270303918409, 0.0], [74.07077569990929, 33.282902821452765, 0.0], [74.07105481024408, 33.28297744273435, 0.0], [74.07155869474965, 33.283112152490716, 0.0], [74.07248666180394, 33.28328116265981, 0.0], [74.07288356606556, 33.28337233285846, 0.0], [74.07337705999204, 33.28345917288001, 0.0], [74.0743856560742, 33.283610367364275, 0.0], [74.07463248476277, 33.283647458260425, 0.0], [74.0761268124171, 33.283890600640326, 0.0], [74.07662260915653, 33.28398093183535, 0.0], [74.0775345837859, 33.284140854358334, 0.0], [74.07869331210723, 33.28432397549268, 0.0], [74.07936398182895, 33.28443375264409, 0.0], [74.08016342942119, 33.28452129635915, 0.0], [74.0809575112542, 33.28460879749395, 0.0], [74.08205203161448, 33.28475118650424, 0.0], [74.08264246759506, 33.28477060763355, 0.0], [74.08380187922397, 33.28474623844442, 0.0], [74.085047442131, 33.284668015431784, 0.0], [74.08622849080359, 33.28460761316231, 0.0], [74.08673848636653, 33.28458628767804, 0.0], [74.0869568463809, 33.28457323437055, 0.0], [74.09138043330466, 33.284847130142325, 0.0], [74.09499489337934, 33.28650905479427, 0.0], [74.09533232374034, 33.2866974917553, 0.0], [74.0958878340894, 33.28704154319333, 0.0], [74.09685212367678, 33.28763428137459, 0.0], [74.09775790904698, 33.28806901673998, 0.0], [74.09798240450665, 33.28817741604111, 0.0], [74.0981491423488, 33.28827053030764, 0.0], [74.10184694861228, 33.290327537200305, 0.0], [74.10222697856621, 33.29055387422589, 0.0], [74.10262885612164, 33.29078470054933, 0.0], [74.10303610484594, 33.291015473065926, 0.0], [74.10364692843412, 33.29137750339541, 0.0], [74.10445082380922, 33.29181650579595, 0.0], [74.1051530369574, 33.292196141013335, 0.0], [74.10546365388335, 33.292371731945224, 0.0], [74.10665732328756, 33.29303193752661, 0.0], [74.10668547194982, 33.2930476074353, 0.0], [74.10812178205671, 33.293844064031816, 0.0], [74.10871658320737, 33.29420153524995, 0.0], [74.10931132837688, 33.294554404690444, 0.0], [74.10984205921382, 33.29478098813033, 0.0], [74.11010604311748, 33.29489587362018, 0.0], [74.11237751628464, 33.29603356360558, 0.0], [74.11242983748328, 33.296060409495546, 0.0], [74.11317072086689, 33.296483048791615, 0.0], [74.11491820837675, 33.29735227010105, 0.0], [74.11579465491296, 33.29778688810506, 0.0], [74.11667110114122, 33.29822150615258, 0.0], [74.11871906842714, 33.29917696274755, 0.0], [74.12033286257527, 33.299915099849045, 0.0], [74.1211373318113, 33.30017369987909, 0.0], [74.12174502022349, 33.30037029632619, 0.0], [74.1223056220616, 33.30059137778262, 0.0], [74.1260176371426, 33.30210256928294, 0.0], [74.12604949325562, 33.30211759524375, 0.0], [74.12653926213659, 33.302343446059176, 0.0], [74.12859740414108, 33.30330431896767, 0.0], [74.12863374458776, 33.303321900210946, 0.0], [74.128845664081, 33.30342242444235, 0.0], [74.12958811877434, 33.303774605813075, 0.0], [74.13069806675041, 33.304299734194956, 0.0], [74.13181320438204, 33.30483391002814, 0.0], [74.1324030478945, 33.305123588572634, 0.0], [74.13299278752189, 33.30541317206623, 0.0], [74.13328778324028, 33.305540061481075, 0.0], [74.13358267277216, 33.305666858518386, 0.0], [74.13390144567398, 33.30578583123303, 0.0], [74.13758812143105, 33.307847421174884, 0.0], [74.13987959703529, 33.30980871089482, 0.0], [74.14030849627261, 33.31019681908144, 0.0], [74.14052969624215, 33.31039506021489, 0.0], [74.14220538147926, 33.31194376905709, 0.0], [74.14421830501966, 33.314130062206544, 0.0], [74.14422299867756, 33.31413524875496, 0.0], [74.14451749996567, 33.314460356479366, 0.0], [74.14481198338758, 33.31477653320552, 0.0], [74.14538474597026, 33.31546280116788, 0.0], [74.14596288678591, 33.31614910338612, 0.0], [74.14618229996746, 33.31642002488827, 0.0], [74.14646075585563, 33.31669550055132, 0.0], [74.1466294660149, 33.31688061233666, 0.0], [74.14695873878267, 33.31724189457947, 0.0], [74.14723738345089, 33.317454324228954, 0.0], [74.14741225455424, 33.31758753150773, 0.0], [74.14779054773327, 33.317996304385765, 0.0], [74.14819137848707, 33.31842942710805, 0.0], [74.14884854763451, 33.31913953552812, 0.0], [74.15029841411115, 33.32070615337508, 0.0], [74.15036019604231, 33.32077290948164, 0.0], [74.15035941111232, 33.32077476329478, 0.0], [74.14915607421229, 33.32361707002773, 0.0], [74.14876641033119, 33.32424180338216, 0.0], [74.14835584579764, 33.32550722150891, 0.0], [74.1461466124205, 33.32907876980251, 0.0], [74.14468667491546, 33.330338286098126, 0.0], [74.1444915476302, 33.330486762023, 0.0], [74.14300654558171, 33.33156148055902, 0.0], [74.14191419486791, 33.3323438653666, 0.0], [74.14118171102575, 33.333122417111696, 0.0], [74.14069116228224, 33.333838237277135, 0.0], [74.14073282346806, 33.334311688046334, 0.0], [74.14104883017464, 33.334618823431306, 0.0], [74.14266881270385, 33.33537024576869, 0.0], [74.14353465655022, 33.33580503262285, 0.0], [74.14354254508167, 33.335822156239324, 0.0], [74.14678371141355, 33.33863918526033, 0.0], [74.14730086227091, 33.339427122581576, 0.0], [74.14734668074527, 33.33949928149644, 0.0], [74.148752214888, 33.34226085783398, 0.0], [74.14931824081908, 33.34250081935105, 0.0], [74.15213698982987, 33.34443518172309, 0.0], [74.15309554825228, 33.34513584111282, 0.0], [74.15822731141884, 33.34861608598393, 0.0], [74.15995939893394, 33.349777709745986, 0.0], [74.1608889152072, 33.34967557931224, 0.0], [74.16157391838533, 33.349214306258965, 0.0], [74.16422203118312, 33.348743969849785, 0.0], [74.16445238933537, 33.34936525513295, 0.0], [74.16447774392789, 33.34945183466756, 0.0], [74.16471237796182, 33.350169018463426, 0.0], [74.16479530480265, 33.350290113610455, 0.0], [74.1658547299953, 33.3531474230086, 0.0], [74.165832877391, 33.357580720594505, 0.0], [74.16545175096098, 33.35769434489558, 0.0], [74.16510404257073, 33.35815331169376, 0.0], [74.16076778733263, 33.361331448308306, 0.0], [74.16076775718884, 33.36133146723078, 0.0], [74.15988130444352, 33.361922446123664, 0.0], [74.15793476779847, 33.36348391787007, 0.0], [74.15434148734921, 33.36552487551434, 0.0], [74.15250527375035, 33.3660827070313, 0.0], [74.15227415706035, 33.36613766174832, 0.0], [74.15058609899003, 33.366517836811596, 0.0], [74.14898910114017, 33.36706042306425, 0.0], [74.14781589917003, 33.36779314354846, 0.0], [74.14653887408174, 33.369215395644815, 0.0], [74.14598092957021, 33.36992436369365, 0.0], [74.14542298579197, 33.370633331290676, 0.0], [74.14464075149257, 33.371862614277454, 0.0], [74.14433759516947, 33.3727096156874, 0.0], [74.1444042813726, 33.37391335737967, 0.0], [74.1444120991227, 33.37404108683813, 0.0], [74.14398985264303, 33.37816574498083, 0.0], [74.1438707971977, 33.37854797267816, 0.0], [74.14313461727188, 33.380610094850965, 0.0], [74.14297991174486, 33.381408122347494, 0.0], [74.14190230141811, 33.38514092956125, 0.0], [74.14179517430308, 33.3855120033616, 0.0], [74.13928687191212, 33.389627696541346, 0.0], [74.13916058258032, 33.3897540772913, 0.0], [74.13870218299977, 33.3903257038278, 0.0], [74.13855146902347, 33.39063276744132, 0.0], [74.1383919209495, 33.390957826198004, 0.0], [74.13831309674022, 33.39111842383051, 0.0], [74.13791236882241, 33.39224017959697, 0.0], [74.13764483198273, 33.393799489458736, 0.0], [74.13738354669046, 33.39502963333685, 0.0], [74.13727935565089, 33.39579131837527, 0.0], [74.13776650067659, 33.396504531177094, 0.0], [74.13808787374597, 33.39688837445482, 0.0], [74.13968295928208, 33.39733318688098, 0.0], [74.14033945358919, 33.397379843643705, 0.0], [74.14579772258548, 33.39857900183026, 0.0], [74.1505514205063, 33.40125397736181, 0.0], [74.15075846975574, 33.4013881357331, 0.0], [74.15119887878221, 33.40220062686602, 0.0], [74.15171338963502, 33.40274702228613, 0.0], [74.15275505669318, 33.40315911143859, 0.0], [74.15393883143153, 33.40344887244811, 0.0], [74.15404016022939, 33.40351452917367, 0.0], [74.15651703692052, 33.40511264009137, 0.0], [74.15688728416816, 33.405767530259816, 0.0], [74.15772763834825, 33.40716655521638, 0.0], [74.1585568370617, 33.407686171340046, 0.0], [74.15859521411082, 33.407734589553264, 0.0], [74.15969088261824, 33.40875172073587, 0.0], [74.15993721272275, 33.40919448502099, 0.0], [74.16003011893818, 33.409296470268636, 0.0], [74.16071460630153, 33.41004784078483, 0.0], [74.16149358726132, 33.41021148931844, 0.0], [74.1622661011902, 33.410176087392514, 0.0], [74.16532395290896, 33.41093506224133, 0.0], [74.16600517305471, 33.41114468954618, 0.0], [74.16725200761131, 33.411848694849944, 0.0], [74.16999225890275, 33.41237160394593, 0.0], [74.1740348511357, 33.41263651043835, 0.0], [74.17633027052354, 33.4139684025431, 0.0], [74.1771373565274, 33.41443668984058, 0.0], [74.17740112217493, 33.41458973028171, 0.0], [74.1775254968774, 33.414661893351926, 0.0], [74.17762815349396, 33.414721455880596, 0.0], [74.18057641812815, 33.417246106993744, 0.0], [74.18060817244647, 33.41727216720669, 0.0], [74.1806836761709, 33.41733413081866, 0.0], [74.18073791746333, 33.41737864450064, 0.0], [74.18076505422465, 33.41740091505125, 0.0], [74.18283017835815, 33.41909565780354, 0.0], [74.18550087493364, 33.42185753825283, 0.0], [74.18711327858243, 33.42452319156003, 0.0], [74.18303080542272, 33.42727054383801, 0.0], [74.18580344002469, 33.42884890115849, 0.0], [74.18854363949072, 33.430956065261405, 0.0], [74.1917396990119, 33.43366564805476, 0.0], [74.19340832123905, 33.43626471707535, 0.0], [74.19664069910749, 33.44201942809722, 0.0], [74.19856928447246, 33.44538386290144, 0.0], [74.20149134469774, 33.447043541225874, 0.0], [74.20467975716019, 33.449104612309135, 0.0], [74.20591953020816, 33.4524708360479, 0.0], [74.20827893813527, 33.45605338009148, 0.0], [74.21101640869935, 33.460548929199355, 0.0], [74.21270490115447, 33.46487024559359, 0.0], [74.21317311906196, 33.46567162229583, 0.0], [74.21498740991372, 33.46877672958978, 0.0], [74.21699286306016, 33.4725650435764, 0.0], [74.21714238966203, 33.47556240863543, 0.0], [74.21719049085502, 33.478963308007614, 0.0], [74.21884534650107, 33.48256838888523, 0.0], [74.22344618638793, 33.485414526790116, 0.0], [74.22689287578713, 33.489535740640484, 0.0], [74.22760467718992, 33.49308431201746, 0.0], [74.2273522619602, 33.49657011830441, 0.0], [74.2271059733577, 33.49961683761654, 0.0], [74.2277991473086, 33.50376752997753, 0.0], [74.22669516455282, 33.507242361274805, 0.0], [74.22470144274195, 33.51067926826606, 0.0], [74.22185632751531, 33.51463133703936, 0.0], [74.21893731961151, 33.516006456890075, 0.0], [74.21587473849004, 33.51927038635591, 0.0], [74.21448750208627, 33.52324208995067, 0.0], [74.21310616199258, 33.527616141946226, 0.0], [74.21158810520046, 33.53133168588192, 0.0], [74.20925411057121, 33.533128413124246, 0.0], [74.20779725060062, 33.53631498816676, 0.0], [74.2090219185558, 33.53937269107686, 0.0], [74.21075755863106, 33.542699735555686, 0.0], [74.21169043546433, 33.54671116927906, 0.0], [74.21545383591689, 33.548883362233646, 0.0], [74.2185140186433, 33.55031314432226, 0.0], [74.22118592076531, 33.551669098277145, 0.0], [74.22541922611612, 33.550354045799125, 0.0], [74.23164036110671, 33.550539049224334, 0.0], [74.23614824528589, 33.55151634930059, 0.0], [74.23910812289094, 33.55323366024891, 0.0], [74.2426662738069, 33.555222664321015, 0.0], [74.2464253021666, 33.55532941736597, 0.0], [74.24891604906213, 33.55310928813847, 0.0], [74.25032045981891, 33.5499235805598, 0.0], [74.251938720085, 33.54646154769448, 0.0], [74.25492994747587, 33.544038926380345, 0.0], [74.25828958902405, 33.54886271046248, 0.0], [74.26282523119878, 33.55105749899678, 0.0], [74.26716562419391, 33.55086340760707, 0.0], [74.27243841153944, 33.54927352801235, 0.0], [74.27731594284421, 33.547877598752116, 0.0], [74.27895558729682, 33.55069000959489, 0.0], [74.28186804621878, 33.55062539228904, 0.0], [74.28484388308955, 33.548312402905175, 0.0], [74.289467722492, 33.549131337752065, 0.0], [74.29333705784931, 33.55105686170833, 0.0], [74.29623010465816, 33.55296487038765, 0.0], [74.29903766622411, 33.55471788964199, 0.0], [74.30024834263205, 33.55807268701893, 0.0], [74.30036603915165, 33.561743290212966, 0.0], [74.30053980815642, 33.56491124247509, 0.0], [74.30337484532063, 33.56831283559392, 0.0], [74.30671843158206, 33.57160415692801, 0.0], [74.30959703158628, 33.57223665227979, 0.0], [74.31317435149009, 33.57264585903024, 0.0], [74.31630065309562, 33.57344556409754, 0.0], [74.32286246986796, 33.57673891570133, 0.0], [74.3274219785477, 33.576425832904384, 0.0], [74.33030780252987, 33.57450878515992, 0.0], [74.33368641909323, 33.57219048755919, 0.0], [74.33677088577895, 33.57342601435843, 0.0], [74.34004732264039, 33.57485370088182, 0.0], [74.3438632033258, 33.57618268056503, 0.0], [74.34668962551756, 33.57693132185798, 0.0], [74.3498709274876, 33.57793267842783, 0.0], [74.35257751411486, 33.581298679794436, 0.0], [74.35647642695106, 33.58394533499733, 0.0], [74.36098526231504, 33.58342425465022, 0.0], [74.36444537597059, 33.582487771438096, 0.0], [74.36802703159978, 33.5816074558266, 0.0]]]}}, {"type": "Feature", "properties": {"district_id": "ramban", "display_name": "Ramban", "source_name": "RAMBAN", "state_ut": "Jammu and Kashmir", "objectid": 18, "dist_lgd": "017"}, "geometry": {"type": "Polygon", "coordinates": [[[75.17418361055093, 33.524653340385846, 0.0], [75.17836538032854, 33.5226678566382, 0.0], [75.18190998100332, 33.51977726007828, 0.0], [75.18575304762112, 33.51758319060011, 0.0], [75.18972834605735, 33.51688008376398, 0.0], [75.19564233289321, 33.516761675156076, 0.0], [75.19875163819255, 33.51645981314724, 0.0], [75.20114007160856, 33.51459771255362, 0.0], [75.20387678909786, 33.511685818423246, 0.0], [75.20634238972092, 33.50909567981565, 0.0], [75.20967032366804, 33.50801922734273, 0.0], [75.21257929943992, 33.50633727807995, 0.0], [75.2151224347175, 33.50455728165303, 0.0], [75.21787374213474, 33.502657292880684, 0.0], [75.22207278938565, 33.50230892374141, 0.0], [75.22470424173113, 33.50050341991635, 0.0], [75.22897049591661, 33.497048383923556, 0.0], [75.23032870861701, 33.495948358826354, 0.0], [75.23208108011025, 33.49245282609482, 0.0], [75.23490270622331, 33.48929551323505, 0.0], [75.23911011008823, 33.487079302625226, 0.0], [75.24299580140676, 33.48495492182616, 0.0], [75.24510314411485, 33.481711436990864, 0.0], [75.24681338942794, 33.479006675714885, 0.0], [75.2476662621585, 33.47622453407742, 0.0], [75.2505463984843, 33.47422396212597, 0.0], [75.25393635848249, 33.472832778017064, 0.0], [75.25703522741902, 33.471229627750574, 0.0], [75.26050649180526, 33.46851299364943, 0.0], [75.26348530184549, 33.46513169037592, 0.0], [75.26684710784728, 33.462884437964135, 0.0], [75.26935650137206, 33.4596595154338, 0.0], [75.27260759175151, 33.457475827907224, 0.0], [75.27520226965477, 33.455386189725864, 0.0], [75.27925652835341, 33.451605689575494, 0.0], [75.28116300932291, 33.44982780728132, 0.0], [75.28485828652057, 33.445207543453414, 0.0], [75.28663336383549, 33.442010349095064, 0.0], [75.288571111532, 33.437280437395415, 0.0], [75.29210295410037, 33.43431838644816, 0.0], [75.29620291756181, 33.43215981828932, 0.0], [75.29927731598455, 33.429339816297755, 0.0], [75.2992781617174, 33.429339039707415, 0.0], [75.29941460105536, 33.429213885664396, 0.0], [75.299462486843, 33.429169960288, 0.0], [75.29949607438539, 33.429139150254315, 0.0], [75.30285293633777, 33.42668873333012, 0.0], [75.30297114550692, 33.426635213843234, 0.0], [75.30302891121815, 33.42660906037681, 0.0], [75.30323252956643, 33.42651687145766, 0.0], [75.30358540473715, 33.4263571057834, 0.0], [75.30581636651054, 33.42534699715331, 0.0], [75.3088126333007, 33.42303823767494, 0.0], [75.31057976693312, 33.42076753736184, 0.0], [75.31085847768237, 33.42040939939776, 0.0], [75.31131482152188, 33.41982299610552, 0.0], [75.31324650842738, 33.417371625819, 0.0], [75.3155654836989, 33.41435226028643, 0.0], [75.31816891846071, 33.41218851039132, 0.0], [75.31816931901848, 33.412188176758484, 0.0], [75.31816967804392, 33.4121878809846, 0.0], [75.31817019543857, 33.412187629549905, 0.0], [75.3211851055379, 33.410721290227166, 0.0], [75.32428914748182, 33.409131784956756, 0.0], [75.32525670131236, 33.4082406103241, 0.0], [75.32961447239579, 33.404226575762905, 0.0], [75.33062669740384, 33.40037435525919, 0.0], [75.3308086334703, 33.39654087420623, 0.0], [75.33382081951031, 33.39509798685049, 0.0], [75.33774849100533, 33.39324937936249, 0.0], [75.34076428670085, 33.39104121760087, 0.0], [75.34467227709364, 33.3879947400989, 0.0], [75.34705350424734, 33.3860928739025, 0.0], [75.35095279333075, 33.38393425519663, 0.0], [75.35321478684536, 33.38343970587134, 0.0], [75.35516596286848, 33.38301308318112, 0.0], [75.35760139674159, 33.38129659332915, 0.0], [75.36136472032604, 33.381131758018064, 0.0], [75.36622775322734, 33.38080532727288, 0.0], [75.36984954726988, 33.379045118854535, 0.0], [75.37434774382545, 33.37795250686021, 0.0], [75.37665214785865, 33.37434314283564, 0.0], [75.37668967674487, 33.370853915221595, 0.0], [75.37755633368505, 33.367163218946956, 0.0], [75.38092480056464, 33.36491199808212, 0.0], [75.38414652586256, 33.365252154710724, 0.0], [75.38866829816314, 33.36586448653828, 0.0], [75.38922710953767, 33.3659401509014, 0.0], [75.3894559307238, 33.36597113349996, 0.0], [75.38987392107637, 33.36602772899153, 0.0], [75.39009541719821, 33.365466660639925, 0.0], [75.39016557783069, 33.365288935284205, 0.0], [75.39119006499311, 33.36269371864881, 0.0], [75.39312144215202, 33.35779565485412, 0.0], [75.39384401379004, 33.352966611156994, 0.0], [75.3933732191339, 33.34755063771596, 0.0], [75.39220398650956, 33.342076887996825, 0.0], [75.39000107978895, 33.331611469975165, 0.0], [75.38821716928646, 33.323338659783815, 0.0], [75.38724198034414, 33.3188159204225, 0.0], [75.38512163846754, 33.30882365618261, 0.0], [75.38341536769475, 33.30257267187735, 0.0], [75.3817826533752, 33.29502780116695, 0.0], [75.3795998163162, 33.28916949413392, 0.0], [75.37821335346021, 33.28447787922924, 0.0], [75.37577996679109, 33.279449272693725, 0.0], [75.37525397629453, 33.276327880147356, 0.0], [75.37480833419116, 33.2736831458613, 0.0], [75.3750394410978, 33.268301284700456, 0.0], [75.37600191792279, 33.262182695255476, 0.0], [75.3771143359742, 33.2559105686246, 0.0], [75.37688856207362, 33.253297711205164, 0.0], [75.38034176980676, 33.250465869846465, 0.0], [75.38349213890736, 33.24747357302919, 0.0], [75.38671986862128, 33.24434127932188, 0.0], [75.38962412822997, 33.240397853992725, 0.0], [75.39059056151996, 33.23753856723095, 0.0], [75.3912290537262, 33.2342739528513, 0.0], [75.39013441322753, 33.23075198625423, 0.0], [75.38946748071109, 33.2284987641455, 0.0], [75.3892282369072, 33.227690459596666, 0.0], [75.38782081172414, 33.22293507573381, 0.0], [75.38800778441046, 33.21933515502932, 0.0], [75.38817285723303, 33.21902918741696, 0.0], [75.39000801391964, 33.215627538151715, 0.0], [75.3922624017882, 33.211324886783885, 0.0], [75.38953991024688, 33.20704843179185, 0.0], [75.39061074918496, 33.20305090260414, 0.0], [75.39502811281626, 33.20094525195038, 0.0], [75.39984255473732, 33.199335835970786, 0.0], [75.40411030697808, 33.19656058462332, 0.0], [75.40106639369071, 33.195144673795106, 0.0], [75.40178818979281, 33.19191980409211, 0.0], [75.4000866596047, 33.18592238142089, 0.0], [75.39936026356668, 33.18226780191042, 0.0], [75.39828176041057, 33.17921139001052, 0.0], [75.39699375530934, 33.17543021776253, 0.0], [75.39495531219293, 33.16944532900527, 0.0], [75.39209336993058, 33.1642301968362, 0.0], [75.39207326181766, 33.15991770890085, 0.0], [75.3890411772357, 33.15653597584819, 0.0], [75.38572084725533, 33.152424040132004, 0.0], [75.3838239595144, 33.15015478960386, 0.0], [75.38208182696192, 33.147283018355516, 0.0], [75.37941106032265, 33.143567838272034, 0.0], [75.37535463026835, 33.14143422983386, 0.0], [75.37251148814138, 33.14302969725215, 0.0], [75.36917143292298, 33.144528606213946, 0.0], [75.36573491383183, 33.1454165607954, 0.0], [75.36227272649181, 33.14687468973524, 0.0], [75.35739681880356, 33.14873381438488, 0.0], [75.35360830678415, 33.14994931888603, 0.0], [75.35501924612772, 33.147682503419986, 0.0], [75.35559951392314, 33.146750212672394, 0.0], [75.35637868037195, 33.14400849306172, 0.0], [75.3574218286107, 33.13816029678587, 0.0], [75.35834164650441, 33.13580644243331, 0.0], [75.35842099912642, 33.13560337129026, 0.0], [75.36046976849028, 33.13036004308836, 0.0], [75.36228259013048, 33.12601519626952, 0.0], [75.3639700802331, 33.12166311895623, 0.0], [75.36517421025971, 33.11656313106341, 0.0], [75.36549368788329, 33.110986034950166, 0.0], [75.36726004398079, 33.10588545226063, 0.0], [75.3696110674976, 33.09762358660789, 0.0], [75.36967520398302, 33.093561918770305, 0.0], [75.36910150680538, 33.08921192769724, 0.0], [75.36895916550984, 33.084056898643574, 0.0], [75.36973586680526, 33.07914875918586, 0.0], [75.37022940319171, 33.07672492485844, 0.0], [75.37052375394752, 33.07527926597627, 0.0], [75.37072291937365, 33.07430107209723, 0.0], [75.36992706939445, 33.06937664827668, 0.0], [75.36932580478648, 33.06880611639482, 0.0], [75.36927899371399, 33.06876169699276, 0.0], [75.36697734681417, 33.06657761161967, 0.0], [75.36390900551426, 33.066373093593455, 0.0], [75.35796179354662, 33.06839550511571, 0.0], [75.35237539264013, 33.07053088613029, 0.0], [75.34955973235927, 33.07099949562265, 0.0], [75.34785692174513, 33.071282868013625, 0.0], [75.34422747083956, 33.072169342546346, 0.0], [75.34213353771177, 33.07441604030173, 0.0], [75.34064609312156, 33.078154610973684, 0.0], [75.33778132087527, 33.078291935069046, 0.0], [75.33495417887221, 33.078636556143934, 0.0], [75.33301276347458, 33.08082708182889, 0.0], [75.33062276649675, 33.08413267281987, 0.0], [75.32810096022041, 33.085980621559344, 0.0], [75.3210741579004, 33.08789235919082, 0.0], [75.31378897366423, 33.090456572548, 0.0], [75.30886833786879, 33.09236156766957, 0.0], [75.29888403863193, 33.09459334607955, 0.0], [75.29381332606968, 33.094795213728084, 0.0], [75.28739739427151, 33.09413711991745, 0.0], [75.28183070792684, 33.09349557262415, 0.0], [75.27556376655063, 33.09339940895108, 0.0], [75.26824451058206, 33.094339916882795, 0.0], [75.25694390190988, 33.100323728932814, 0.0], [75.25416132540629, 33.10100231712253, 0.0], [75.25137871470842, 33.101680889375295, 0.0], [75.25062214075196, 33.10186537607068, 0.0], [75.24830945554504, 33.10242928560692, 0.0], [75.243576865987, 33.104492918804254, 0.0], [75.23693886108012, 33.11390454376026, 0.0], [75.23460502369136, 33.117472670189734, 0.0], [75.23007189888716, 33.12265777987441, 0.0], [75.22959930441432, 33.126105457988615, 0.0], [75.22647903088873, 33.133543602060705, 0.0], [75.22332689677796, 33.138641890292156, 0.0], [75.21856143703748, 33.14312650000745, 0.0], [75.2099180638637, 33.1477698710621, 0.0], [75.2032770604336, 33.148917772436846, 0.0], [75.19263583695363, 33.149848256354176, 0.0], [75.18323018424024, 33.1487424049648, 0.0], [75.17741665051112, 33.14820845114955, 0.0], [75.1686989056613, 33.14623297274808, 0.0], [75.1661173368754, 33.1450230199659, 0.0], [75.16062649259737, 33.14249008723602, 0.0], [75.15642631021345, 33.14132840396267, 0.0], [75.15379831489804, 33.14330109130388, 0.0], [75.1527066423028, 33.146767122403055, 0.0], [75.15060163949973, 33.15050285411286, 0.0], [75.14604572337863, 33.15562669311056, 0.0], [75.13669840905686, 33.165946391188314, 0.0], [75.13258433157465, 33.17002613407961, 0.0], [75.12797473757985, 33.173556200256435, 0.0], [75.12058393508276, 33.17885954007998, 0.0], [75.11597856740612, 33.17971119112755, 0.0], [75.11161922700224, 33.180184312079916, 0.0], [75.10781644620063, 33.18126655802424, 0.0], [75.1035351979154, 33.18302884319056, 0.0], [75.09803339390774, 33.186764192677636, 0.0], [75.09467811791139, 33.187585827053546, 0.0], [75.09442567666365, 33.187817017354476, 0.0], [75.08938242625236, 33.19243541562655, 0.0], [75.08413714066327, 33.19474415834389, 0.0], [75.07993704547246, 33.19555449456315, 0.0], [75.07524960508306, 33.19602141090393, 0.0], [75.06832777368983, 33.19567334890124, 0.0], [75.06344157022895, 33.19508915270095, 0.0], [75.05855509681133, 33.19450472459504, 0.0], [75.0517649077633, 33.19531007216178, 0.0], [75.04489131957132, 33.19733675912952, 0.0], [75.04027909784685, 33.19984465913549, 0.0], [75.03416672544203, 33.20394124474874, 0.0], [75.0281784975484, 33.207465175670784, 0.0], [75.02130145233741, 33.21024337427805, 0.0], [75.01834999557336, 33.21091642527281, 0.0], [75.0153984951263, 33.21158940715752, 0.0], [75.0092525810504, 33.213480172030394, 0.0], [75.0004979708142, 33.21736843103898, 0.0], [74.99704270652056, 33.21758157002161, 0.0], [74.99355768662623, 33.217955113364, 0.0], [74.99096010355986, 33.21917739666018, 0.0], [74.98718742864611, 33.221258797977306, 0.0], [74.98309347472124, 33.222272300963446, 0.0], [74.98014890723753, 33.22239878225784, 0.0], [74.97724462264249, 33.222534258981256, 0.0], [74.97261810339009, 33.22353768300248, 0.0], [74.96813601464228, 33.22550332695335, 0.0], [74.96474295395326, 33.227577960036726, 0.0], [74.96170500972143, 33.228167411077614, 0.0], [74.96334423953623, 33.23167184489712, 0.0], [74.96640879883988, 33.234439937614326, 0.0], [74.97001508409744, 33.236879559672516, 0.0], [74.97223956558342, 33.23937479430323, 0.0], [74.97168318633304, 33.243710180012364, 0.0], [74.97095208798801, 33.24858556809786, 0.0], [74.96871127745193, 33.25035309531915, 0.0], [74.96651977203825, 33.25326022556279, 0.0], [74.96538290868044, 33.25650132204005, 0.0], [74.96836571878387, 33.25966216205242, 0.0], [74.97242012569241, 33.262336922163435, 0.0], [74.96878451047733, 33.27161554637027, 0.0], [74.9675569907667, 33.27435501109664, 0.0], [74.96637974452433, 33.27703206503985, 0.0], [74.9651239956805, 33.28111855576287, 0.0], [74.96376319929782, 33.28450693335883, 0.0], [74.96202282691982, 33.28759452332389, 0.0], [74.96032662870071, 33.29033890184795, 0.0], [74.95798379078907, 33.29314785163027, 0.0], [74.9596057340076, 33.29684913771763, 0.0], [74.9614138840443, 33.29953156523607, 0.0], [74.96179274602856, 33.300093593814786, 0.0], [74.96426991162608, 33.30394628212772, 0.0], [74.9652239986144, 33.30759268032554, 0.0], [74.96526773212574, 33.30777408671266, 0.0], [74.96600588276185, 33.31083580773541, 0.0], [74.96828338873753, 33.31428732143804, 0.0], [74.96987960506594, 33.31815189702505, 0.0], [74.97224883103345, 33.32162802328691, 0.0], [74.97625267853758, 33.323846221557964, 0.0], [74.98233492860287, 33.32503910120658, 0.0], [74.98547224988238, 33.325959420668674, 0.0], [74.99026045005681, 33.33315324110472, 0.0], [74.99369270059611, 33.33722571942563, 0.0], [74.99882694179477, 33.34059123588551, 0.0], [75.00444310849296, 33.343702978135646, 0.0], [75.00831821832912, 33.34670396238135, 0.0], [75.01138683806677, 33.35010899183994, 0.0], [75.01408986548869, 33.35368004085939, 0.0], [75.0167942398736, 33.355826518951055, 0.0], [75.01949874142157, 33.357972944414676, 0.0], [75.02322236333038, 33.35974696020918, 0.0], [75.03158497773008, 33.363470585957906, 0.0], [75.0345184069226, 33.364816105886064, 0.0], [75.03858144271251, 33.36645273430942, 0.0], [75.04264463109945, 33.36808922814079, 0.0], [75.04500089084853, 33.371699060244566, 0.0], [75.04439825123104, 33.37548339204186, 0.0], [75.04194366318669, 33.37880047071252, 0.0], [75.03894697952128, 33.38165660039193, 0.0], [75.03541039350944, 33.384638184905995, 0.0], [75.0330469323747, 33.38856050641955, 0.0], [75.03260555687059, 33.389292960911106, 0.0], [75.0310168694095, 33.393780879067634, 0.0], [75.02688011445058, 33.39592826174558, 0.0], [75.02549950934137, 33.39758193531674, 0.0], [75.02375844372767, 33.39966726861434, 0.0], [75.02008064430858, 33.402050367919685, 0.0], [75.01834477151219, 33.40467093119263, 0.0], [75.01387449507652, 33.40800359088931, 0.0], [75.01240331857538, 33.41114365213454, 0.0], [75.01196213850274, 33.414842439184824, 0.0], [75.01060973745294, 33.41738186487255, 0.0], [75.01178369022638, 33.420896219244156, 0.0], [75.01520399834541, 33.424040863664366, 0.0], [75.01825987555841, 33.42729237059036, 0.0], [75.02064540958152, 33.42929793858646, 0.0], [75.022876889372, 33.432023767058745, 0.0], [75.02649991500643, 33.433699135102195, 0.0], [75.02944560343884, 33.437798551056794, 0.0], [75.03277629866575, 33.43882786836373, 0.0], [75.035775378311, 33.441919373364435, 0.0], [75.03343174847909, 33.44698602142824, 0.0], [75.03138244462014, 33.450528679076996, 0.0], [75.027180523487, 33.453505829583506, 0.0], [75.02356887660727, 33.45783196523315, 0.0], [75.02187722207657, 33.462346496597426, 0.0], [75.0216578416746, 33.467921098781204, 0.0], [75.02152865124656, 33.47245721481382, 0.0], [75.01981385060886, 33.47535843241185, 0.0], [75.01880250947406, 33.47706940084055, 0.0], [75.01640142848743, 33.479241613257265, 0.0], [75.01485416178018, 33.485145976220274, 0.0], [75.01645848755447, 33.492763062562524, 0.0], [75.01790392303688, 33.497521724769896, 0.0], [75.02072332684027, 33.50159490644434, 0.0], [75.02263117195098, 33.504750264672616, 0.0], [75.02269566827526, 33.50471250838487, 0.0], [75.02273262397956, 33.50469087529165, 0.0], [75.02282120774717, 33.50463901898044, 0.0], [75.02614838850089, 33.50269122894177, 0.0], [75.0297288898721, 33.503421306847486, 0.0], [75.03301670264015, 33.50471231574563, 0.0], [75.03713705650806, 33.50490233499287, 0.0], [75.04087752596519, 33.503937158665835, 0.0], [75.04524821852505, 33.50295806720205, 0.0], [75.04939034386356, 33.50316034944732, 0.0], [75.05252344022729, 33.50285356006027, 0.0], [75.05597400696612, 33.50120405794267, 0.0], [75.05819370045344, 33.49939743836991, 0.0], [75.06186361696983, 33.49900012678862, 0.0], [75.06785188313476, 33.49766032540328, 0.0], [75.0721450078994, 33.496714776709645, 0.0], [75.07598146552206, 33.496585622883416, 0.0], [75.08101622523671, 33.49507575986889, 0.0], [75.08460129933952, 33.49645119414697, 0.0], [75.08766651128819, 33.49735542429957, 0.0], [75.09042589936904, 33.49984543307291, 0.0], [75.09328196015605, 33.50165817668829, 0.0], [75.09650880939024, 33.50153850382721, 0.0], [75.09922909345782, 33.4998422852906, 0.0], [75.10312323593499, 33.497570394010836, 0.0], [75.10596001978867, 33.496893059934195, 0.0], [75.10985539374725, 33.49703271938991, 0.0], [75.11415291631543, 33.49802469430804, 0.0], [75.11859096686122, 33.500928121968684, 0.0], [75.12190423752557, 33.50333438987501, 0.0], [75.12624028473866, 33.507860340241756, 0.0], [75.1288620695208, 33.510937393643054, 0.0], [75.13208214647752, 33.51352578789982, 0.0], [75.13664034458895, 33.51359764465078, 0.0], [75.14008929594166, 33.514112380979896, 0.0], [75.14384294704504, 33.51641024698808, 0.0], [75.14885939672591, 33.52023060969518, 0.0], [75.14906955093447, 33.520390646169346, 0.0], [75.15166156951348, 33.52233113536117, 0.0], [75.15360826145144, 33.52420599017196, 0.0], [75.15439097112107, 33.52415254804363, 0.0], [75.15826334114328, 33.52388809387863, 0.0], [75.16232177148234, 33.52460251391212, 0.0], [75.1666494431054, 33.52474344897374, 0.0], [75.17129715554192, 33.52507951457393, 0.0], [75.17418361055093, 33.524653340385846, 0.0]]]}}, {"type": "Feature", "properties": {"district_id": "reasi", "display_name": "Reasi", "source_name": "RIASI", "state_ut": "Jammu and Kashmir", "objectid": 19, "dist_lgd": "020"}, "geometry": {"type": "Polygon", "coordinates": [[[74.73277228517821, 33.50995540673702, 0.0], [74.73540929645911, 33.50661835943325, 0.0], [74.74000594443851, 33.50538646988322, 0.0], [74.74391943167791, 33.50228770300144, 0.0], [74.74734647089674, 33.4993143112046, 0.0], [74.7499583604906, 33.49667546478841, 0.0], [74.75281084383536, 33.49477218186812, 0.0], [74.75623768750833, 33.493195448449164, 0.0], [74.75732152486695, 33.49219170856931, 0.0], [74.75862380982956, 33.49098562986704, 0.0], [74.76182773961358, 33.49055594095201, 0.0], [74.76568958104043, 33.48922708558521, 0.0], [74.77112948567736, 33.4878459536917, 0.0], [74.77564102974951, 33.48868182374298, 0.0], [74.77927804915653, 33.49004609440597, 0.0], [74.78293632329121, 33.48966678796395, 0.0], [74.78677378531557, 33.48884615873676, 0.0], [74.78969931567723, 33.48681908957496, 0.0], [74.79261471761188, 33.48456029537183, 0.0], [74.79478594535601, 33.480056625037996, 0.0], [74.79170874516954, 33.47721337541057, 0.0], [74.78984576308011, 33.47330218264881, 0.0], [74.79255387687519, 33.47056763813929, 0.0], [74.79500547215423, 33.46714396066349, 0.0], [74.79904268981021, 33.468143816599465, 0.0], [74.80337620719484, 33.469284266995516, 0.0], [74.81054863899321, 33.46980699366246, 0.0], [74.8140415134513, 33.47081400769938, 0.0], [74.81939216826257, 33.46897044974705, 0.0], [74.82380846922078, 33.46866806199566, 0.0], [74.82722312052638, 33.46786242218753, 0.0], [74.83197766053907, 33.468678873088905, 0.0], [74.8347886979947, 33.4723085220368, 0.0], [74.83680992909646, 33.47461514334869, 0.0], [74.83822892084571, 33.47764380821142, 0.0], [74.84039350623756, 33.477542494656994, 0.0], [74.84434105547597, 33.47646072435021, 0.0], [74.84972315818146, 33.47641463988951, 0.0], [74.8529854780425, 33.4756293922359, 0.0], [74.85784974110801, 33.47491902924761, 0.0], [74.86134119434767, 33.47683285242583, 0.0], [74.86394981337322, 33.480092275685394, 0.0], [74.86551756373701, 33.48414420474084, 0.0], [74.86982105468634, 33.48443061035506, 0.0], [74.87324636230083, 33.48582803901185, 0.0], [74.8764131449771, 33.485278060410955, 0.0], [74.8791240930099, 33.48388688861684, 0.0], [74.88193411492193, 33.48325618697251, 0.0], [74.88476067246242, 33.48347867642363, 0.0], [74.88785339342844, 33.48315936622591, 0.0], [74.89160031633673, 33.482664735397805, 0.0], [74.89467502706643, 33.48415613712577, 0.0], [74.89759379716595, 33.484850989142075, 0.0], [74.89888479547562, 33.48765601620155, 0.0], [74.90227148735433, 33.4898655498646, 0.0], [74.90677828172414, 33.49293803533458, 0.0], [74.91184986936207, 33.49265014959379, 0.0], [74.91374260051441, 33.496040356611545, 0.0], [74.91761800624637, 33.498817141312145, 0.0], [74.92156382139275, 33.49903005401436, 0.0], [74.9245517655775, 33.49808940587612, 0.0], [74.92903112214637, 33.49711107481482, 0.0], [74.93278660393462, 33.49514565884746, 0.0], [74.93607697339493, 33.494160415274216, 0.0], [74.93957290921111, 33.493075291691405, 0.0], [74.93960486512148, 33.49306537256599, 0.0], [74.94255965039187, 33.494280980710215, 0.0], [74.94584590540289, 33.49603163101601, 0.0], [74.94877643693656, 33.49762912538562, 0.0], [74.9520259996837, 33.49897448735648, 0.0], [74.95252398347832, 33.5062885322631, 0.0], [74.95266017549717, 33.509761584898264, 0.0], [74.95491406272563, 33.51281094435939, 0.0], [74.95818169746181, 33.51404693598449, 0.0], [74.96260087891254, 33.51381680997903, 0.0], [74.96681234667484, 33.51503356092017, 0.0], [74.97489122654201, 33.514514516348555, 0.0], [74.98027704235766, 33.51439972417391, 0.0], [74.98414373626564, 33.51451604562665, 0.0], [74.98759629645618, 33.513590305761866, 0.0], [74.99242965585923, 33.5134749297004, 0.0], [74.9950537365071, 33.508728623036006, 0.0], [74.99952915627557, 33.506758038247206, 0.0], [75.00520304213552, 33.50595021822078, 0.0], [75.00831036110141, 33.510580717074106, 0.0], [75.01252228251838, 33.51159331371396, 0.0], [75.01867149225826, 33.50743089076346, 0.0], [75.02105260741554, 33.50581895116314, 0.0], [75.02221928591472, 33.50502911532509, 0.0], [75.02238650048592, 33.50491590992071, 0.0], [75.02240348970163, 33.50490440751828, 0.0], [75.02263117195098, 33.504750264672616, 0.0], [75.02072332684027, 33.50159490644434, 0.0], [75.01790392303688, 33.497521724769896, 0.0], [75.01645848755447, 33.492763062562524, 0.0], [75.01485416178018, 33.485145976220274, 0.0], [75.01640142848743, 33.479241613257265, 0.0], [75.01880250947406, 33.47706940084055, 0.0], [75.01981385060886, 33.47535843241185, 0.0], [75.02152865124656, 33.47245721481382, 0.0], [75.0216578416746, 33.467921098781204, 0.0], [75.02187722207657, 33.462346496597426, 0.0], [75.02356887660727, 33.45783196523315, 0.0], [75.027180523487, 33.453505829583506, 0.0], [75.03138244462014, 33.450528679076996, 0.0], [75.03343174847909, 33.44698602142824, 0.0], [75.035775378311, 33.441919373364435, 0.0], [75.03277629866575, 33.43882786836373, 0.0], [75.02944560343884, 33.437798551056794, 0.0], [75.02649991500643, 33.433699135102195, 0.0], [75.022876889372, 33.432023767058745, 0.0], [75.02064540958152, 33.42929793858646, 0.0], [75.01825987555841, 33.42729237059036, 0.0], [75.01520399834541, 33.424040863664366, 0.0], [75.01178369022638, 33.420896219244156, 0.0], [75.01060973745294, 33.41738186487255, 0.0], [75.01196213850274, 33.414842439184824, 0.0], [75.01240331857538, 33.41114365213454, 0.0], [75.01387449507652, 33.40800359088931, 0.0], [75.01834477151219, 33.40467093119263, 0.0], [75.02008064430858, 33.402050367919685, 0.0], [75.02375844372767, 33.39966726861434, 0.0], [75.02549950934137, 33.39758193531674, 0.0], [75.02688011445058, 33.39592826174558, 0.0], [75.0310168694095, 33.393780879067634, 0.0], [75.03260555687059, 33.389292960911106, 0.0], [75.0330469323747, 33.38856050641955, 0.0], [75.03541039350944, 33.384638184905995, 0.0], [75.03894697952128, 33.38165660039193, 0.0], [75.04194366318669, 33.37880047071252, 0.0], [75.04439825123104, 33.37548339204186, 0.0], [75.04500089084853, 33.371699060244566, 0.0], [75.04264463109945, 33.36808922814079, 0.0], [75.03858144271251, 33.36645273430942, 0.0], [75.0345184069226, 33.364816105886064, 0.0], [75.03158497773008, 33.363470585957906, 0.0], [75.02322236333038, 33.35974696020918, 0.0], [75.01949874142157, 33.357972944414676, 0.0], [75.0167942398736, 33.355826518951055, 0.0], [75.01408986548869, 33.35368004085939, 0.0], [75.01138683806677, 33.35010899183994, 0.0], [75.00831821832912, 33.34670396238135, 0.0], [75.00444310849296, 33.343702978135646, 0.0], [74.99882694179477, 33.34059123588551, 0.0], [74.99369270059611, 33.33722571942563, 0.0], [74.99026045005681, 33.33315324110472, 0.0], [74.98547224988238, 33.325959420668674, 0.0], [74.98233492860287, 33.32503910120658, 0.0], [74.97625267853758, 33.323846221557964, 0.0], [74.97224883103345, 33.32162802328691, 0.0], [74.96987960506594, 33.31815189702505, 0.0], [74.96828338873753, 33.31428732143804, 0.0], [74.96600588276185, 33.31083580773541, 0.0], [74.96526773212574, 33.30777408671266, 0.0], [74.9652239986144, 33.30759268032554, 0.0], [74.96426991162608, 33.30394628212772, 0.0], [74.96179274602856, 33.300093593814786, 0.0], [74.9614138840443, 33.29953156523607, 0.0], [74.9596057340076, 33.29684913771763, 0.0], [74.95798379078907, 33.29314785163027, 0.0], [74.96032662870071, 33.29033890184795, 0.0], [74.96202282691982, 33.28759452332389, 0.0], [74.96376319929782, 33.28450693335883, 0.0], [74.9651239956805, 33.28111855576287, 0.0], [74.96637974452433, 33.27703206503985, 0.0], [74.9675569907667, 33.27435501109664, 0.0], [74.96878451047733, 33.27161554637027, 0.0], [74.97242012569241, 33.262336922163435, 0.0], [74.96836571878387, 33.25966216205242, 0.0], [74.96538290868044, 33.25650132204005, 0.0], [74.96651977203825, 33.25326022556279, 0.0], [74.96871127745193, 33.25035309531915, 0.0], [74.97095208798801, 33.24858556809786, 0.0], [74.97168318633304, 33.243710180012364, 0.0], [74.97223956558342, 33.23937479430323, 0.0], [74.97001508409744, 33.236879559672516, 0.0], [74.96640879883988, 33.234439937614326, 0.0], [74.96334423953623, 33.23167184489712, 0.0], [74.96170500972143, 33.228167411077614, 0.0], [74.96474295395326, 33.227577960036726, 0.0], [74.96813601464228, 33.22550332695335, 0.0], [74.97261810339009, 33.22353768300248, 0.0], [74.97724462264249, 33.222534258981256, 0.0], [74.98014890723753, 33.22239878225784, 0.0], [74.98309347472124, 33.222272300963446, 0.0], [74.98718742864611, 33.221258797977306, 0.0], [74.99096010355986, 33.21917739666018, 0.0], [74.99355768662623, 33.217955113364, 0.0], [74.99704270652056, 33.21758157002161, 0.0], [75.0004979708142, 33.21736843103898, 0.0], [75.0092525810504, 33.213480172030394, 0.0], [75.0153984951263, 33.21158940715752, 0.0], [75.01834999557336, 33.21091642527281, 0.0], [75.02130145233741, 33.21024337427805, 0.0], [75.0281784975484, 33.207465175670784, 0.0], [75.03416672544203, 33.20394124474874, 0.0], [75.04027909784685, 33.19984465913549, 0.0], [75.04489131957132, 33.19733675912952, 0.0], [75.0517649077633, 33.19531007216178, 0.0], [75.05855509681133, 33.19450472459504, 0.0], [75.06344157022895, 33.19508915270095, 0.0], [75.06832777368983, 33.19567334890124, 0.0], [75.07524960508306, 33.19602141090393, 0.0], [75.07993704547246, 33.19555449456315, 0.0], [75.08413714066327, 33.19474415834389, 0.0], [75.08938242625236, 33.19243541562655, 0.0], [75.09442567666365, 33.187817017354476, 0.0], [75.09467811791139, 33.187585827053546, 0.0], [75.09238987956773, 33.18545598194256, 0.0], [75.09204916619605, 33.18513884294945, 0.0], [75.09106112049777, 33.18421914410804, 0.0], [75.08888161400344, 33.18219886039456, 0.0], [75.08617879131445, 33.17766801678266, 0.0], [75.0798902106663, 33.17426814870045, 0.0], [75.07602735698973, 33.17167677660866, 0.0], [75.07644722043908, 33.16841595360498, 0.0], [75.07751713986812, 33.164792726809935, 0.0], [75.07281609180357, 33.16284984679744, 0.0], [75.07224446085293, 33.162613584933595, 0.0], [75.0695096250329, 33.161602568667, 0.0], [75.06759677371436, 33.159122196924926, 0.0], [75.06440311651562, 33.15593444843643, 0.0], [75.06075238637608, 33.155171123623035, 0.0], [75.06145404943412, 33.152024686238356, 0.0], [75.0612457301543, 33.148745567762596, 0.0], [75.063652837492, 33.14800853489373, 0.0], [75.06582621906914, 33.148572530866424, 0.0], [75.06845741411244, 33.14591333320041, 0.0], [75.07053228647088, 33.1438110750039, 0.0], [75.06954048873723, 33.13915256858841, 0.0], [75.07295971808847, 33.140248322235635, 0.0], [75.07575868177464, 33.140747595214364, 0.0], [75.0746927037481, 33.13612912187449, 0.0], [75.0735250116218, 33.133224879906464, 0.0], [75.06891913802406, 33.12946744941756, 0.0], [75.06479031071302, 33.12839292490165, 0.0], [75.05938516048829, 33.127848272967164, 0.0], [75.05564813237567, 33.12898085943905, 0.0], [75.05191100693014, 33.13011333329427, 0.0], [75.04825167331286, 33.12997228479034, 0.0], [75.04536730189977, 33.12836175768283, 0.0], [75.04031610499061, 33.125541049628204, 0.0], [75.03779065653013, 33.123182234046716, 0.0], [75.03293729699743, 33.11793258692665, 0.0], [75.02196254289225, 33.109982350753064, 0.0], [75.01481953973239, 33.1067592168496, 0.0], [75.00034188068375, 33.102551217776764, 0.0], [74.99741013233579, 33.10114688472946, 0.0], [74.9879917602539, 33.09626466101814, 0.0], [74.98371567956848, 33.091571484988606, 0.0], [74.98054370059258, 33.08848547360998, 0.0], [74.97648890186363, 33.084568824338604, 0.0], [74.97492109192852, 33.08305432173746, 0.0], [74.9720662244141, 33.07940461378418, 0.0], [74.97088338892114, 33.077892367106436, 0.0], [74.96962944393916, 33.0730701032485, 0.0], [74.9810646005823, 33.073897717677816, 0.0], [74.98361295204363, 33.0722982444231, 0.0], [74.98731629452853, 33.069762037429214, 0.0], [74.99876786258457, 33.06241579290197, 0.0], [74.99724164702135, 33.06158319435327, 0.0], [74.99677605096775, 33.061329192089836, 0.0], [74.99571545287951, 33.060750579776666, 0.0], [74.99115660337905, 33.05754141260615, 0.0], [74.98898607878664, 33.0519330266266, 0.0], [74.98409735118807, 33.050046154454485, 0.0], [74.97810360348241, 33.0485274397393, 0.0], [74.97170709247379, 33.04577230242199, 0.0], [74.9676148634625, 33.043184370761786, 0.0], [74.96510907457413, 33.04172249391042, 0.0], [74.96298822725767, 33.03848101994606, 0.0], [74.96452447682343, 33.031688954544045, 0.0], [74.96767908334694, 33.02960619702397, 0.0], [74.97193315416698, 33.03000266255599, 0.0], [74.97519983476998, 33.02977856073997, 0.0], [74.97722888332737, 33.02629041225507, 0.0], [74.98219217162726, 33.026801517934906, 0.0], [74.98568910717877, 33.026069603601464, 0.0], [74.98792348818445, 33.023360311636594, 0.0], [74.99052993362368, 33.021454176355235, 0.0], [74.9931310196851, 33.01954798772258, 0.0], [74.99678008924103, 33.01789181745341, 0.0], [74.99812509067617, 33.01452325886913, 0.0], [74.9978955893855, 33.01136597365824, 0.0], [74.99613566204077, 33.00697914677379, 0.0], [74.99314196792966, 33.00234072001945, 0.0], [74.99480154175747, 32.99828604781292, 0.0], [74.99519516529305, 32.994874962999475, 0.0], [74.99395410341698, 32.98993779463944, 0.0], [74.99149043054946, 32.98523842165794, 0.0], [74.98944729643327, 32.980502366419124, 0.0], [74.98717236411947, 32.97662100549504, 0.0], [74.9868822984091, 32.976126088340195, 0.0], [74.98665388336444, 32.97573635739739, 0.0], [74.98240807742783, 32.975527155129065, 0.0], [74.97778318170968, 32.9740632180067, 0.0], [74.97537519281984, 32.97363533850405, 0.0], [74.97280625331197, 32.97317881791738, 0.0], [74.96932066602633, 32.972632277344594, 0.0], [74.96545353083779, 32.97026210225405, 0.0], [74.96181961364857, 32.96725629090061, 0.0], [74.95987414737276, 32.9635714408454, 0.0], [74.95878082079341, 32.95964958518965, 0.0], [74.96014861043336, 32.955381814946215, 0.0], [74.95999110579034, 32.95077776540292, 0.0], [74.96104639126689, 32.94624048193208, 0.0], [74.96208580739905, 32.94228221789783, 0.0], [74.96255113509604, 32.93948543726787, 0.0], [74.96267389808335, 32.93610252019416, 0.0], [74.96224559383428, 32.93227504089915, 0.0], [74.95931102863209, 32.9323975051932, 0.0], [74.95521274476266, 32.932171007102, 0.0], [74.95395178852648, 32.92826120103766, 0.0], [74.95409349448722, 32.9234330393541, 0.0], [74.9533149963316, 32.91969766200743, 0.0], [74.9558252980711, 32.91584210622298, 0.0], [74.95744624328252, 32.91302093018439, 0.0], [74.96021572714439, 32.91082305168744, 0.0], [74.96140929073452, 32.90849567138529, 0.0], [74.96140313074068, 32.90543888795248, 0.0], [74.96350824891461, 32.90063458402235, 0.0], [74.95984610817808, 32.89709780118953, 0.0], [74.9557749202002, 32.89826189756081, 0.0], [74.95284797043237, 32.89936410596281, 0.0], [74.94964232490972, 32.89875028644949, 0.0], [74.9504603913918, 32.89582264600193, 0.0], [74.95095984269071, 32.89283002227848, 0.0], [74.94638050470662, 32.89132413735388, 0.0], [74.94294478154657, 32.89000059626588, 0.0], [74.9401497770089, 32.888943951961146, 0.0], [74.93684801365768, 32.888240714176845, 0.0], [74.93342534081923, 32.890474339079965, 0.0], [74.92981220831919, 32.89346736207144, 0.0], [74.92729207869675, 32.894857043749376, 0.0], [74.92436593232948, 32.89784227509966, 0.0], [74.92225291509459, 32.90003669629206, 0.0], [74.92057231360688, 32.90315528723084, 0.0], [74.91925964464357, 32.9076130793036, 0.0], [74.91756779452163, 32.91164141387898, 0.0], [74.91511528499075, 32.914018074362595, 0.0], [74.91314963662617, 32.91705516405094, 0.0], [74.91086234461783, 32.92081180344148, 0.0], [74.90977716760295, 32.923816996934725, 0.0], [74.90628178191533, 32.92425157440529, 0.0], [74.90257944241861, 32.92458400820948, 0.0], [74.8982998645504, 32.92308047207542, 0.0], [74.89562418057164, 32.924669432611836, 0.0], [74.89373451560104, 32.927806680435836, 0.0], [74.89379365960441, 32.932216403635664, 0.0], [74.89407738895048, 32.93702906387743, 0.0], [74.89373753802815, 32.941083191840065, 0.0], [74.89176524327301, 32.944098743751546, 0.0], [74.89059376516683, 32.94838136131458, 0.0], [74.88901713611772, 32.95365259302713, 0.0], [74.88634181254983, 32.955154930113785, 0.0], [74.88199367466467, 32.9561619861637, 0.0], [74.8786052045496, 32.959355133618764, 0.0], [74.87573732236801, 32.95788733705018, 0.0], [74.87471951900277, 32.954468382281156, 0.0], [74.87217354522856, 32.95089944923491, 0.0], [74.86760364802679, 32.95032319939482, 0.0], [74.86348102786941, 32.947464462022076, 0.0], [74.85915296116916, 32.946714957056436, 0.0], [74.85636972737933, 32.94497762937223, 0.0], [74.85338079430755, 32.94335789162372, 0.0], [74.85350168548341, 32.946468456142895, 0.0], [74.85384663086049, 32.95162838576649, 0.0], [74.85215472007118, 32.954211048414074, 0.0], [74.85083187967899, 32.95812942566048, 0.0], [74.84987159950441, 32.96188362928629, 0.0], [74.8500771512084, 32.96735466019296, 0.0], [74.85004550744587, 32.97126188101655, 0.0], [74.84791766647443, 32.974248308148255, 0.0], [74.84661145223954, 32.97753709766995, 0.0], [74.84346790052662, 32.97829389989527, 0.0], [74.83856129653032, 32.979235793867566, 0.0], [74.8346624614088, 32.9806380211349, 0.0], [74.83067225747445, 32.98369762156757, 0.0], [74.82796957318939, 32.98629342170809, 0.0], [74.82304409986175, 32.98816739294095, 0.0], [74.82412202651625, 32.99154900982134, 0.0], [74.82133634217394, 32.99503711642167, 0.0], [74.81890208009597, 32.997238398653955, 0.0], [74.81600455217644, 33.00066842921432, 0.0], [74.81358002481548, 33.00481586978059, 0.0], [74.80960631613522, 33.007871845450474, 0.0], [74.8068755088426, 33.0117486766281, 0.0], [74.80519324352362, 33.014365996838734, 0.0], [74.80206380382124, 33.01701481126736, 0.0], [74.799508961842, 33.02073330920929, 0.0], [74.79789770944332, 33.023973621928924, 0.0], [74.79526018832732, 33.02724984027455, 0.0], [74.79300306713053, 33.03048902009837, 0.0], [74.79208546109125, 33.03456027220214, 0.0], [74.78746779761404, 33.03544087280014, 0.0], [74.78260610167037, 33.03673071267128, 0.0], [74.77807988716008, 33.03780478231217, 0.0], [74.77746764326398, 33.041921497430586, 0.0], [74.77435085007204, 33.04417327115378, 0.0], [74.77157412311405, 33.04695709362267, 0.0], [74.76937469302398, 33.051412983217794, 0.0], [74.76499526246036, 33.051724850018736, 0.0], [74.76014433229521, 33.05172938462744, 0.0], [74.75631945420068, 33.051680295684456, 0.0], [74.75265478012643, 33.0517021449296, 0.0], [74.74975215033663, 33.053280788034506, 0.0], [74.74949134167737, 33.05629233037714, 0.0], [74.74833964527134, 33.05865782609402, 0.0], [74.74193650553049, 33.0595372642042, 0.0], [74.7378041003433, 33.061127982054906, 0.0], [74.73388381762258, 33.061118984616584, 0.0], [74.7298717513305, 33.059766818281005, 0.0], [74.73077044181206, 33.05700685779667, 0.0], [74.72969159934075, 33.05385908326828, 0.0], [74.72602030599764, 33.053420429951736, 0.0], [74.72182440475173, 33.05459767201433, 0.0], [74.71854251884179, 33.05450551916087, 0.0], [74.71445644152328, 33.05328228698233, 0.0], [74.70933768768788, 33.05354558682291, 0.0], [74.70898288311089, 33.05860192523086, 0.0], [74.70544780555778, 33.05758488115728, 0.0], [74.70222227908866, 33.057946889028436, 0.0], [74.69928989860695, 33.060494589109, 0.0], [74.69685585248043, 33.05805950270542, 0.0], [74.69319411528916, 33.05580874002782, 0.0], [74.68744933687033, 33.054920815160926, 0.0], [74.68525344133023, 33.05837816357802, 0.0], [74.68203487911434, 33.05989796016776, 0.0], [74.68103631631988, 33.06252682393788, 0.0], [74.67770390445203, 33.06164199339773, 0.0], [74.67557800678898, 33.05557537107911, 0.0], [74.67142551044982, 33.05407910417294, 0.0], [74.66658009224305, 33.05319949476334, 0.0], [74.66191920084798, 33.05171994441465, 0.0], [74.65850555857732, 33.05407657830846, 0.0], [74.65459330695835, 33.05233738065454, 0.0], [74.65075981286927, 33.05100830933256, 0.0], [74.64741910370051, 33.05002613838384, 0.0], [74.64426049235125, 33.04939548068232, 0.0], [74.64105934318765, 33.0499595038036, 0.0], [74.63808558451096, 33.050225889798455, 0.0], [74.63196397844072, 33.04890090671791, 0.0], [74.62720087182144, 33.04690167643249, 0.0], [74.62169666775277, 33.043635392242294, 0.0], [74.61805409503616, 33.041811630306974, 0.0], [74.61279528050879, 33.03978927430177, 0.0], [74.60709460255048, 33.03981226693499, 0.0], [74.59878325791587, 33.03724877736068, 0.0], [74.5946012472499, 33.036289439120246, 0.0], [74.58638978093309, 33.035481618925374, 0.0], [74.57999832052462, 33.03377447767301, 0.0], [74.57569533863176, 33.03283493935693, 0.0], [74.57147094199941, 33.03073653467015, 0.0], [74.56947853079753, 33.035593954542016, 0.0], [74.56746321122907, 33.039885959017916, 0.0], [74.5657763569845, 33.045197351089755, 0.0], [74.565091323532, 33.048696855863504, 0.0], [74.56099271298523, 33.05013899679873, 0.0], [74.56054010936855, 33.05029824214583, 0.0], [74.55744848958271, 33.05181469040853, 0.0], [74.55669592550709, 33.05218380988617, 0.0], [74.55751496317478, 33.052484349101526, 0.0], [74.56180237945054, 33.054057483836985, 0.0], [74.56446499186951, 33.0575198221034, 0.0], [74.56455893824851, 33.05764198055972, 0.0], [74.56345942447892, 33.06231139976734, 0.0], [74.56314219506208, 33.06715215091336, 0.0], [74.56640510485761, 33.06782073280272, 0.0], [74.56953011516298, 33.06865189025807, 0.0], [74.57295000143446, 33.06863661389476, 0.0], [74.57612996400897, 33.06817411090171, 0.0], [74.5793251665818, 33.06793592955839, 0.0], [74.58303965517379, 33.06799155403567, 0.0], [74.58705797901355, 33.0693959782232, 0.0], [74.59111174689001, 33.06938079639661, 0.0], [74.59565282477202, 33.07055311824639, 0.0], [74.59830703772874, 33.07207305156745, 0.0], [74.59896264249052, 33.076626753230755, 0.0], [74.59958169216546, 33.08302807093199, 0.0], [74.6009122167209, 33.085353066883634, 0.0], [74.60224279451744, 33.08767803582015, 0.0], [74.60615624172442, 33.0910554306273, 0.0], [74.612183071491, 33.09135691582643, 0.0], [74.61638595236748, 33.091225320836465, 0.0], [74.62129017523908, 33.091309791871, 0.0], [74.62515692318716, 33.09183408593255, 0.0], [74.62920273685468, 33.09072118823677, 0.0], [74.63396714781622, 33.093417752571185, 0.0], [74.63238708292208, 33.09595108162315, 0.0], [74.63032450152727, 33.09722575477375, 0.0], [74.62939372043758, 33.09780095794303, 0.0], [74.6268078708589, 33.09920080699556, 0.0], [74.62377225794097, 33.10153526805746, 0.0], [74.62450682752048, 33.10437422632323, 0.0], [74.6285854552824, 33.104653844223144, 0.0], [74.6316231504697, 33.10598196381604, 0.0], [74.63380657287648, 33.10864720287898, 0.0], [74.63086315345602, 33.10942449444904, 0.0], [74.6273578077585, 33.107641063559385, 0.0], [74.6230586089673, 33.109426428967026, 0.0], [74.6219251370866, 33.11235848471386, 0.0], [74.62181010797335, 33.11265603062478, 0.0], [74.62238647224574, 33.116898177396635, 0.0], [74.62190562483427, 33.120086842313015, 0.0], [74.61855017857188, 33.12278525007507, 0.0], [74.61630358893379, 33.1254323471412, 0.0], [74.61660396061144, 33.12947913128629, 0.0], [74.62009976269688, 33.131739566653685, 0.0], [74.62351238091892, 33.13170160544848, 0.0], [74.62557882236571, 33.13435204908618, 0.0], [74.62789873892766, 33.13730361101594, 0.0], [74.63007823348875, 33.14071101687082, 0.0], [74.62869373958537, 33.1444861714318, 0.0], [74.62535927003968, 33.147040584866694, 0.0], [74.62014290092498, 33.14797671084305, 0.0], [74.61572012244184, 33.14946475271054, 0.0], [74.61216909378321, 33.15090224326605, 0.0], [74.60964682177814, 33.15405642988241, 0.0], [74.60506538698775, 33.1547415968273, 0.0], [74.60131601140726, 33.15753530511651, 0.0], [74.59674103923213, 33.156707102924585, 0.0], [74.59081248775048, 33.15500219366545, 0.0], [74.58763829988543, 33.15438147116198, 0.0], [74.58279849399358, 33.153726035705496, 0.0], [74.57905210959781, 33.154459814895844, 0.0], [74.57530944285072, 33.156167211905746, 0.0], [74.57126866453494, 33.15784823093414, 0.0], [74.56932479057082, 33.1612847985927, 0.0], [74.56588337275144, 33.16397420370784, 0.0], [74.56103913657537, 33.16590350110281, 0.0], [74.55689324827331, 33.16636455627023, 0.0], [74.55417687951396, 33.16440462053794, 0.0], [74.54954040640106, 33.16431834524115, 0.0], [74.54439737955076, 33.165278242024506, 0.0], [74.54116171002372, 33.16911017263663, 0.0], [74.53800157825856, 33.1714276735644, 0.0], [74.53328394767631, 33.172172162010575, 0.0], [74.5292905028511, 33.17436285875208, 0.0], [74.52522055084775, 33.175707829638625, 0.0], [74.52191550126194, 33.17938115881752, 0.0], [74.52167524582238, 33.18177523596561, 0.0], [74.52143497959452, 33.1841692950808, 0.0], [74.52206803318381, 33.18710187970325, 0.0], [74.52491825253776, 33.18949971298712, 0.0], [74.52842235510737, 33.19131318910075, 0.0], [74.53132102417852, 33.192489266884785, 0.0], [74.53582052457512, 33.19313865635297, 0.0], [74.5378659630042, 33.189882003071375, 0.0], [74.53877273942263, 33.186900183763605, 0.0], [74.54214743260685, 33.184797297202834, 0.0], [74.54471463833782, 33.18255479310589, 0.0], [74.54764354495754, 33.18180792333676, 0.0], [74.54838344108873, 33.18678870504083, 0.0], [74.54880956867561, 33.18988297735402, 0.0], [74.55283417532726, 33.19082065337758, 0.0], [74.55609799653249, 33.19291856063833, 0.0], [74.56038299920101, 33.194887678384134, 0.0], [74.56606503915428, 33.19488601857087, 0.0], [74.56955176056819, 33.194215597023415, 0.0], [74.57302332564262, 33.19370396456782, 0.0], [74.57192549053366, 33.197390605686834, 0.0], [74.56936351281742, 33.19891444077558, 0.0], [74.56928203274092, 33.201965468622504, 0.0], [74.57538122344096, 33.20186280301467, 0.0], [74.57945136289445, 33.201792195831686, 0.0], [74.58411700397124, 33.20241231302899, 0.0], [74.58990098198693, 33.20002603782072, 0.0], [74.59394358670306, 33.200013604261684, 0.0], [74.59702805611926, 33.200051520109525, 0.0], [74.60024701777701, 33.19763118092254, 0.0], [74.60300823134838, 33.19397402706358, 0.0], [74.60612260508643, 33.19504212162983, 0.0], [74.6091376770562, 33.194303716076796, 0.0], [74.60953298765119, 33.19735882793807, 0.0], [74.61105517352387, 33.20023942253835, 0.0], [74.61427026727308, 33.20157218170072, 0.0], [74.61900065668954, 33.20265221160921, 0.0], [74.62283895149021, 33.204819929671885, 0.0], [74.62813064003396, 33.20316493508319, 0.0], [74.63153223271544, 33.202255394250365, 0.0], [74.63505663153857, 33.20103360475172, 0.0], [74.64065323146491, 33.19798971615817, 0.0], [74.64374992911011, 33.19668736917489, 0.0], [74.6472991166611, 33.195849504156946, 0.0], [74.65135063163348, 33.19515688499992, 0.0], [74.65470763048016, 33.194409873946235, 0.0], [74.65514736562109, 33.19030040873473, 0.0], [74.65567957663043, 33.18651931996342, 0.0], [74.6609228247256, 33.185302680046476, 0.0], [74.66329073066352, 33.18944004514125, 0.0], [74.6643304925053, 33.19241216077869, 0.0], [74.66761628216815, 33.193545345944365, 0.0], [74.67228045592422, 33.195803143564, 0.0], [74.67761692527081, 33.19534966088963, 0.0], [74.68257069945784, 33.194941934311075, 0.0], [74.68679144625587, 33.195532173591246, 0.0], [74.68697953263275, 33.19848999458337, 0.0], [74.6840353493285, 33.20114449328935, 0.0], [74.68271885156571, 33.203815261769506, 0.0], [74.68353169903106, 33.20796600214321, 0.0], [74.68503186397577, 33.21064269803875, 0.0], [74.68723842428442, 33.21415272780599, 0.0], [74.6890015743649, 33.218268201093665, 0.0], [74.68861127825704, 33.22160074823509, 0.0], [74.68962978580706, 33.22758792079832, 0.0], [74.68935738250279, 33.232213286824866, 0.0], [74.69124074256719, 33.23642948304804, 0.0], [74.69217038640623, 33.24006481081503, 0.0], [74.69280066648723, 33.24338492188839, 0.0], [74.69273080252083, 33.246848893644746, 0.0], [74.68920021439976, 33.25027993400919, 0.0], [74.68488973367334, 33.25294884824048, 0.0], [74.6809635539258, 33.25382854173406, 0.0], [74.67778848644843, 33.25553215590132, 0.0], [74.67656570897105, 33.25881014656465, 0.0], [74.67425626131117, 33.26179891659849, 0.0], [74.67070612830678, 33.26401830297645, 0.0], [74.6662948260857, 33.26592410801148, 0.0], [74.66341480540731, 33.267485391191755, 0.0], [74.66118203720086, 33.26862129869159, 0.0], [74.65964421568142, 33.26940362404971, 0.0], [74.65564075613244, 33.27085828809073, 0.0], [74.65290799521874, 33.272305815049656, 0.0], [74.65244809446672, 33.27518159100925, 0.0], [74.6538725134001, 33.27833676123034, 0.0], [74.65534403082685, 33.281585156030765, 0.0], [74.65610842206488, 33.284736577251074, 0.0], [74.65776455895728, 33.28813907796122, 0.0], [74.66166948786439, 33.29165924829302, 0.0], [74.66568629063906, 33.293314304288266, 0.0], [74.66925665755022, 33.294784509567336, 0.0], [74.67011460131232, 33.30009480859348, 0.0], [74.66951798649619, 33.304258794377006, 0.0], [74.6654471081107, 33.3072231840849, 0.0], [74.66185652049346, 33.31114295783077, 0.0], [74.6589132095131, 33.31457675917449, 0.0], [74.65620142977576, 33.31700378706287, 0.0], [74.65336478443483, 33.31956196260082, 0.0], [74.65022997042199, 33.322621646631546, 0.0], [74.6484778475324, 33.32491035031187, 0.0], [74.64922978154041, 33.32847474057853, 0.0], [74.65108531904399, 33.33177674439532, 0.0], [74.65259687124367, 33.33425552606968, 0.0], [74.6529550105053, 33.33709225727748, 0.0], [74.65151992705194, 33.33840520808258, 0.0], [74.64847896947435, 33.34118721262423, 0.0], [74.64846803147988, 33.34493095077697, 0.0], [74.64878401219104, 33.348043136997966, 0.0], [74.65083247551051, 33.351804036743644, 0.0], [74.6551318640767, 33.352138731748944, 0.0], [74.65915337715279, 33.352471519816014, 0.0], [74.66459532142157, 33.351805055100876, 0.0], [74.66938212374012, 33.350473945386405, 0.0], [74.67197536644632, 33.35238577983175, 0.0], [74.67459763184303, 33.3545996183559, 0.0], [74.67895810200321, 33.35643692504656, 0.0], [74.68494084468597, 33.36017544129604, 0.0], [74.67856261726244, 33.36762414362411, 0.0], [74.67845500700093, 33.37165508097555, 0.0], [74.67531783824144, 33.37456468229324, 0.0], [74.6738111041488, 33.3794760282407, 0.0], [74.67105006866568, 33.38228964214323, 0.0], [74.67120977998638, 33.3852156473825, 0.0], [74.67123697054055, 33.38571378193749, 0.0], [74.67114144247515, 33.39049584487586, 0.0], [74.67408711346017, 33.39405179935491, 0.0], [74.67080899737736, 33.395435722013374, 0.0], [74.66746320646962, 33.394619836091735, 0.0], [74.66654994883135, 33.39776974594205, 0.0], [74.66611151747162, 33.40157366355912, 0.0], [74.66599086830793, 33.40262038829222, 0.0], [74.66685920487164, 33.406267322986864, 0.0], [74.66853870711827, 33.40915875736786, 0.0], [74.67112940803624, 33.41296694693734, 0.0], [74.67248556582912, 33.41910417589556, 0.0], [74.66949868868167, 33.423301208634314, 0.0], [74.66913474911344, 33.42533896075191, 0.0], [74.66876641302136, 33.427401240316605, 0.0], [74.66858458348754, 33.43135005622107, 0.0], [74.66610438244614, 33.43488959539113, 0.0], [74.66209000222308, 33.435310229100054, 0.0], [74.65965643834389, 33.437010534742846, 0.0], [74.65646699919384, 33.44057530700091, 0.0], [74.65140802354509, 33.44036522340855, 0.0], [74.64713478535349, 33.43907916557977, 0.0], [74.64090041287606, 33.44019732433266, 0.0], [74.6352576110652, 33.440398495168715, 0.0], [74.63113980743641, 33.442514062417835, 0.0], [74.6255330577919, 33.443282734050115, 0.0], [74.61946421866575, 33.44289086324859, 0.0], [74.61836234348374, 33.44802504125742, 0.0], [74.61452995350204, 33.450034337701695, 0.0], [74.61037213891562, 33.45125739741465, 0.0], [74.60798099554002, 33.45300055860676, 0.0], [74.60623565130642, 33.45618628094589, 0.0], [74.60306861249207, 33.460171292261926, 0.0], [74.60322111998148, 33.46471607303396, 0.0], [74.60665941558703, 33.46606279936094, 0.0], [74.61035118474379, 33.46573341890295, 0.0], [74.61505172635174, 33.46504896774043, 0.0], [74.61932087539724, 33.463925448771334, 0.0], [74.62313710446884, 33.46648006924228, 0.0], [74.62772791039437, 33.46625737538564, 0.0], [74.62991287726577, 33.46903424571886, 0.0], [74.62884671402423, 33.473317769324325, 0.0], [74.62954006391156, 33.47659623171115, 0.0], [74.63286245249844, 33.47834510808671, 0.0], [74.63536737430016, 33.481141708956734, 0.0], [74.63543932448174, 33.48285303910257, 0.0], [74.63556998475553, 33.48596065462589, 0.0], [74.63324607871662, 33.48843026806743, 0.0], [74.63018711587463, 33.49060705841142, 0.0], [74.62937957870606, 33.493924592979745, 0.0], [74.62852807840709, 33.49556696949004, 0.0], [74.62843846906047, 33.495739804388144, 0.0], [74.62767655441417, 33.49720933309294, 0.0], [74.62923839649773, 33.49916135508856, 0.0], [74.63035676679516, 33.50010271925886, 0.0], [74.63143965352536, 33.501014191596504, 0.0], [74.63567348605659, 33.50166368638756, 0.0], [74.64039682175849, 33.50255016538918, 0.0], [74.64244464588343, 33.50751361077838, 0.0], [74.64514592524782, 33.509607906729805, 0.0], [74.6475589988083, 33.51289945105703, 0.0], [74.65039789328522, 33.514226941064116, 0.0], [74.65249646971732, 33.51037035588221, 0.0], [74.6556823615472, 33.50655070818285, 0.0], [74.66015408022889, 33.50633162235413, 0.0], [74.66520292630148, 33.50622091433751, 0.0], [74.66986796550452, 33.505950044954325, 0.0], [74.67311045538764, 33.50524849321367, 0.0], [74.67653832985424, 33.50490506093304, 0.0], [74.68038542106973, 33.50559194969153, 0.0], [74.68292417284583, 33.509622349266685, 0.0], [74.68342504957049, 33.513519086762415, 0.0], [74.68672292128555, 33.51539171478702, 0.0], [74.69034509976483, 33.51740221899169, 0.0], [74.69248855741813, 33.51972048216681, 0.0], [74.69685936459025, 33.52160342957184, 0.0], [74.70128348741005, 33.52378795087531, 0.0], [74.70373802117365, 33.52521916571701, 0.0], [74.70677558322402, 33.52541437601338, 0.0], [74.71041734848991, 33.52505839424926, 0.0], [74.71380178131935, 33.52287034901638, 0.0], [74.7164170322132, 33.52005090163533, 0.0], [74.71973458620563, 33.517632964755016, 0.0], [74.7239660699308, 33.51612926585573, 0.0], [74.72757135280244, 33.51433334662894, 0.0], [74.73053392253189, 33.51353916679071, 0.0], [74.73277228517821, 33.50995540673702, 0.0]]]}}, {"type": "Feature", "properties": {"district_id": "shopian", "display_name": "Shopian", "source_name": "SHUPIYAN", "state_ut": "Jammu and Kashmir", "objectid": 20, "dist_lgd": "013"}, "geometry": {"type": "Polygon", "coordinates": [[[74.85757562152763, 33.816106816218685, 0.0], [74.86220724921964, 33.81543440385856, 0.0], [74.86756612952456, 33.81569577173024, 0.0], [74.87159692796229, 33.816477681031614, 0.0], [74.87600241312285, 33.817074669706535, 0.0], [74.87729271783643, 33.81375803289226, 0.0], [74.87358595798634, 33.811380626947255, 0.0], [74.87022364855572, 33.8099884965386, 0.0], [74.86767334075121, 33.80811944820938, 0.0], [74.8643733964751, 33.80662017213274, 0.0], [74.8618498304187, 33.80440187501138, 0.0], [74.85773291686613, 33.801297732786594, 0.0], [74.85768547065837, 33.797820508173075, 0.0], [74.86184675785624, 33.795277529652594, 0.0], [74.86539123987184, 33.79591837377999, 0.0], [74.87061251459508, 33.796037923028685, 0.0], [74.8740879436544, 33.79547125111829, 0.0], [74.8770184851152, 33.79161561106762, 0.0], [74.88047501351824, 33.79174491516081, 0.0], [74.88373044598322, 33.7961094689294, 0.0], [74.88711433966773, 33.79797231344152, 0.0], [74.89179789523865, 33.79809962615384, 0.0], [74.89108054508303, 33.80181225322973, 0.0], [74.89481074736499, 33.80620474334783, 0.0], [74.89995452656912, 33.80879633008373, 0.0], [74.9044721557127, 33.80980303221713, 0.0], [74.90813709015593, 33.80643232741311, 0.0], [74.91210822484773, 33.80675368473464, 0.0], [74.9155101096511, 33.80902233660617, 0.0], [74.91907244268803, 33.81220758840741, 0.0], [74.92242177839096, 33.813860991233454, 0.0], [74.92592677978656, 33.81378162324642, 0.0], [74.92603094488419, 33.81343856680429, 0.0], [74.92702617391531, 33.81016074631933, 0.0], [74.93032452861543, 33.809510928907024, 0.0], [74.93032457779876, 33.809510921322065, 0.0], [74.933622756363, 33.80908318060034, 0.0], [74.92953011821331, 33.805644673645816, 0.0], [74.9295298824932, 33.80564447533124, 0.0], [74.92690980315898, 33.802411826792685, 0.0], [74.93022164473109, 33.80169404993283, 0.0], [74.93022170281904, 33.80169403717749, 0.0], [74.93441267374664, 33.80203462028078, 0.0], [74.93474372088188, 33.79835529905944, 0.0], [74.93490438322273, 33.79656957228289, 0.0], [74.93571208864454, 33.79489831205191, 0.0], [74.936744538134, 33.792761938304565, 0.0], [74.93735062917536, 33.79254722809997, 0.0], [74.93849283019887, 33.79214259124369, 0.0], [74.93872627057027, 33.79205989077225, 0.0], [74.93979213669832, 33.79168228349848, 0.0], [74.9405513166864, 33.79141332135253, 0.0], [74.94055136206379, 33.79141332633897, 0.0], [74.94200511888633, 33.791560073564504, 0.0], [74.95041074687931, 33.79240834425417, 0.0], [74.95042280609368, 33.7924102134059, 0.0], [74.95796215577244, 33.79360542130788, 0.0], [74.96609243494332, 33.79505736484815, 0.0], [74.9689296088622, 33.79731805778452, 0.0], [74.97589350789025, 33.8043539653836, 0.0], [74.9759481989782, 33.80440909187329, 0.0], [74.9766766438323, 33.80514499292092, 0.0], [74.97674242044079, 33.80521144240829, 0.0], [74.97719526773999, 33.805668918314026, 0.0], [74.9772274565914, 33.805707658156, 0.0], [74.97795023310371, 33.806577538436294, 0.0], [74.9787770347893, 33.8075725910864, 0.0], [74.98033191098892, 33.80944381358275, 0.0], [74.98448866249403, 33.80730362610964, 0.0], [74.98897748901844, 33.80337306765019, 0.0], [74.99280496368443, 33.80074369666603, 0.0], [74.99550473398924, 33.79943001036198, 0.0], [74.99849846834111, 33.7998792998192, 0.0], [75.00176121824482, 33.80165507390165, 0.0], [75.00015145719809, 33.806794619271734, 0.0], [75.001504034146, 33.81119485401877, 0.0], [75.00549609110466, 33.81081876583623, 0.0], [75.0087704489393, 33.81049356822234, 0.0], [75.01150655880014, 33.80937966977011, 0.0], [75.01454014762058, 33.81041130292272, 0.0], [75.0189542893392, 33.81009631058932, 0.0], [75.02254883088794, 33.81063793973039, 0.0], [75.02611994270687, 33.80935268125459, 0.0], [75.03026733775937, 33.80978642924377, 0.0], [75.0338797707273, 33.811248475801776, 0.0], [75.0373761015371, 33.81144263841498, 0.0], [75.04123820936634, 33.81142726137694, 0.0], [75.04001398757553, 33.8152614169734, 0.0], [75.04310254149011, 33.814407048354646, 0.0], [75.04524147819842, 33.812493718578835, 0.0], [75.04872564885052, 33.81450186340233, 0.0], [75.05037939561745, 33.81239228485048, 0.0], [75.05200007892255, 33.812460532144556, 0.0], [75.05208942139414, 33.81246429409656, 0.0], [75.05232212457675, 33.812474091584654, 0.0], [75.05294074431505, 33.81250013642236, 0.0], [75.052948196303, 33.81250045007735, 0.0], [75.05305691769219, 33.812505027126285, 0.0], [75.05362076410836, 33.81252876386193, 0.0], [75.05541777226448, 33.8096526193249, 0.0], [75.05519211772334, 33.8067549034395, 0.0], [75.0527278627111, 33.802474686810754, 0.0], [75.05083469524942, 33.799221901800074, 0.0], [75.04773639322484, 33.79838845671404, 0.0], [75.04452164250982, 33.7984970772588, 0.0], [75.04114615845432, 33.79843109780557, 0.0], [75.0373594584342, 33.79714944660801, 0.0], [75.03350965695724, 33.796334866318624, 0.0], [75.03031018289543, 33.793851131001404, 0.0], [75.02912068413882, 33.78904996521711, 0.0], [75.02974730033348, 33.784020014249435, 0.0], [75.03000440978448, 33.77968688720593, 0.0], [75.03242707391796, 33.77568382738479, 0.0], [75.03565383330061, 33.773782272633945, 0.0], [75.0376726326633, 33.772062625094726, 0.0], [75.03378261158625, 33.77064515941037, 0.0], [75.0314984673682, 33.76841404131281, 0.0], [75.03072783965932, 33.763236712818966, 0.0], [75.02934624472886, 33.758595627232204, 0.0], [75.02760017509254, 33.75624938049593, 0.0], [75.027459230786, 33.75605998354898, 0.0], [75.02599635582857, 33.75317285598227, 0.0], [75.0252842461379, 33.749677368643, 0.0], [75.02265623703519, 33.74559599297433, 0.0], [75.0196629995187, 33.74188475094912, 0.0], [75.01496119250952, 33.740071319988964, 0.0], [75.0112183699749, 33.745181501415914, 0.0], [75.010427192502, 33.74824569090854, 0.0], [75.0070090265236, 33.75033563890562, 0.0], [75.00326253746393, 33.751885613317654, 0.0], [75.00000548259008, 33.75269024289016, 0.0], [74.99609983125701, 33.74954480012142, 0.0], [74.99564803794054, 33.74603543300413, 0.0], [74.99905171745321, 33.745975843858915, 0.0], [75.00167411678284, 33.744155559417116, 0.0], [74.99702970152187, 33.741778158032695, 0.0], [74.99260942043621, 33.74296237606116, 0.0], [74.98937617353815, 33.744062197567075, 0.0], [74.98462149673831, 33.74508562773112, 0.0], [74.98022154216268, 33.745191016238465, 0.0], [74.9770505628244, 33.74315592690823, 0.0], [74.97432079218254, 33.73969715529652, 0.0], [74.96931724748227, 33.7394677051118, 0.0], [74.96502815773131, 33.7411266203407, 0.0], [74.96152519317313, 33.741789779048986, 0.0], [74.9568925778798, 33.74359487401222, 0.0], [74.95240287181427, 33.74060228163851, 0.0], [74.95466293229859, 33.73605657183444, 0.0], [74.95664027957986, 33.732726638729694, 0.0], [74.95592730317517, 33.72868619198536, 0.0], [74.95694891373992, 33.724619496336, 0.0], [74.95729659495748, 33.720806431811326, 0.0], [74.95953419172146, 33.715664238346235, 0.0], [74.9608738728165, 33.71299227164785, 0.0], [74.96188145385412, 33.70985082555445, 0.0], [74.96024983553623, 33.70710406100745, 0.0], [74.96288205302723, 33.70330677490074, 0.0], [74.9649834899952, 33.70048272724835, 0.0], [74.96746952678805, 33.69669611764942, 0.0], [74.9669448548457, 33.693768215667774, 0.0], [74.96184376502055, 33.69634979869584, 0.0], [74.96020720092248, 33.69205409079083, 0.0], [74.95992222391871, 33.68659919909188, 0.0], [74.9669612866195, 33.68460594270884, 0.0], [74.96291225915192, 33.682040160717, 0.0], [74.95850415600086, 33.68076313402098, 0.0], [74.95488405350712, 33.678696306931194, 0.0], [74.95045711029631, 33.67542853175421, 0.0], [74.94730690718043, 33.67353805458378, 0.0], [74.94345835207004, 33.672271906308936, 0.0], [74.94051136624901, 33.66965246594174, 0.0], [74.93994988692685, 33.66591940133059, 0.0], [74.93848208478774, 33.6601990588425, 0.0], [74.9346934248631, 33.66190274887857, 0.0], [74.9333258518892, 33.66637426732699, 0.0], [74.93147398452155, 33.670458997916235, 0.0], [74.9270182058837, 33.67137237966044, 0.0], [74.92172935109201, 33.6712615636834, 0.0], [74.91937470010676, 33.67028628905913, 0.0], [74.91702008915237, 33.669310979383134, 0.0], [74.91262311635857, 33.668623016001696, 0.0], [74.90912455952919, 33.66835189082021, 0.0], [74.91188904571622, 33.66448600453997, 0.0], [74.91384463654236, 33.66105299892688, 0.0], [74.91548515955216, 33.65738769188462, 0.0], [74.91192029905324, 33.655041781326545, 0.0], [74.90861104136397, 33.6539819362133, 0.0], [74.90493299117715, 33.65280306091511, 0.0], [74.90611240604468, 33.64832013680518, 0.0], [74.90217103799084, 33.64669854577559, 0.0], [74.89838689289307, 33.644452657094334, 0.0], [74.89579041498628, 33.64208677784171, 0.0], [74.89451385827238, 33.64088857694289, 0.0], [74.89309801801707, 33.63955959663198, 0.0], [74.88958540466582, 33.63628170908232, 0.0], [74.88657479863829, 33.6319947422649, 0.0], [74.88258848867315, 33.62976159799407, 0.0], [74.87838621639983, 33.629307723230134, 0.0], [74.87275662916721, 33.62726855081317, 0.0], [74.86799761805275, 33.62957288489626, 0.0], [74.86452863001146, 33.631783106217114, 0.0], [74.86042137054575, 33.63522076007522, 0.0], [74.85593629272239, 33.63924767834874, 0.0], [74.85016608375594, 33.641356716118615, 0.0], [74.84830796926794, 33.644322524022655, 0.0], [74.84545078152351, 33.64675901738637, 0.0], [74.84222177281292, 33.648856761671034, 0.0], [74.83961681045359, 33.65182819901286, 0.0], [74.83579142614691, 33.654597296787415, 0.0], [74.83141927100012, 33.65700911665284, 0.0], [74.82598656916208, 33.65736503599832, 0.0], [74.82093322236608, 33.65656544477751, 0.0], [74.8174700166382, 33.65512334891818, 0.0], [74.81305121102245, 33.655048646374695, 0.0], [74.80804918555326, 33.654770499539495, 0.0], [74.80484072382359, 33.65434466099937, 0.0], [74.80062022885052, 33.65439612680793, 0.0], [74.79740861346413, 33.65442922156992, 0.0], [74.7935692173561, 33.65616431801948, 0.0], [74.78998816045275, 33.65829367456871, 0.0], [74.7858280541822, 33.65506719221348, 0.0], [74.78414301185286, 33.65105417954264, 0.0], [74.78332557985965, 33.650081729097494, 0.0], [74.78235125097943, 33.64892259605697, 0.0], [74.78198274761034, 33.64848418947238, 0.0], [74.78106306625938, 33.64739002706809, 0.0], [74.78055955388676, 33.64679097785896, 0.0], [74.77841133520828, 33.641358315249754, 0.0], [74.77666418752727, 33.637922595194155, 0.0], [74.77324646777977, 33.63412037957273, 0.0], [74.76882405801148, 33.63428344617271, 0.0], [74.76395551545654, 33.63533478411999, 0.0], [74.76061405341504, 33.63544804429895, 0.0], [74.75738623422265, 33.63632811905992, 0.0], [74.75430120946943, 33.637705663600514, 0.0], [74.75144794294077, 33.63784030921348, 0.0], [74.7469717111498, 33.63733715239752, 0.0], [74.74372047845051, 33.63470597970602, 0.0], [74.74049715478316, 33.63382848435068, 0.0], [74.73762750250351, 33.633732883183214, 0.0], [74.73419887466983, 33.63370238801441, 0.0], [74.73123791011687, 33.63355284257529, 0.0], [74.72812809248313, 33.63351843797896, 0.0], [74.7245488778064, 33.633046257977504, 0.0], [74.72142095259383, 33.6327546779657, 0.0], [74.7185189421641, 33.63181036943111, 0.0], [74.71556377692113, 33.63034562118023, 0.0], [74.71226843335792, 33.629322815710964, 0.0], [74.70753548861288, 33.629296281929236, 0.0], [74.70955409516634, 33.63206096693318, 0.0], [74.71229609554415, 33.633679619858, 0.0], [74.71557320981408, 33.63628161401658, 0.0], [74.7160684967627, 33.64066492474844, 0.0], [74.71106594004755, 33.63964392313257, 0.0], [74.70650833022506, 33.63906090286956, 0.0], [74.70171280499932, 33.63931298539526, 0.0], [74.69793334252793, 33.637588744232715, 0.0], [74.6949103261293, 33.637010483779385, 0.0], [74.69124280884436, 33.6357788876989, 0.0], [74.68706118424963, 33.63524235415546, 0.0], [74.6834553762602, 33.63454428683078, 0.0], [74.68017539866051, 33.63347629686096, 0.0], [74.67761743820702, 33.6321979499161, 0.0], [74.67458221594504, 33.630106035588376, 0.0], [74.67251889846413, 33.62811884734517, 0.0], [74.66991705062277, 33.625623180336675, 0.0], [74.66577557451839, 33.623298092580676, 0.0], [74.66115653366505, 33.62189895174156, 0.0], [74.65698582373928, 33.62355287409641, 0.0], [74.65283228798089, 33.625441802016695, 0.0], [74.64763551299866, 33.62382866627206, 0.0], [74.64679257457631, 33.61836202615619, 0.0], [74.64406868324512, 33.61566672571563, 0.0], [74.64192691685233, 33.612923586792014, 0.0], [74.63781173095481, 33.61097238532958, 0.0], [74.6339043949433, 33.60955547183761, 0.0], [74.63084478488976, 33.608150181848984, 0.0], [74.62791318492536, 33.60611889496788, 0.0], [74.6261681522702, 33.603172088798004, 0.0], [74.62336764646263, 33.599869805269144, 0.0], [74.62267951867543, 33.59608843292666, 0.0], [74.61922810534399, 33.59274936884455, 0.0], [74.61805163361731, 33.58861697219179, 0.0], [74.61575654870396, 33.58502310090206, 0.0], [74.61322007094988, 33.58100911674528, 0.0], [74.61111504845069, 33.57794800018321, 0.0], [74.61198172952051, 33.57424975012231, 0.0], [74.6127456654236, 33.5702293943114, 0.0], [74.61329941957504, 33.56686539624027, 0.0], [74.61357882972031, 33.5626371898903, 0.0], [74.61243489594138, 33.55688547728867, 0.0], [74.61239187545482, 33.552555544998505, 0.0], [74.61436903858568, 33.548818831673216, 0.0], [74.61290910905534, 33.54565351384226, 0.0], [74.6099313477761, 33.54366914684403, 0.0], [74.60787614666117, 33.541599683561564, 0.0], [74.60608346258402, 33.539001041726145, 0.0], [74.6041296626573, 33.535036136981745, 0.0], [74.60366695288936, 33.531396714027544, 0.0], [74.60490777160155, 33.52681754438387, 0.0], [74.60659743121076, 33.52240726933215, 0.0], [74.60750703492802, 33.517557290703216, 0.0], [74.60856371299212, 33.51273950764958, 0.0], [74.6076238839514, 33.509459845368916, 0.0], [74.60619658429155, 33.50611817490652, 0.0], [74.6039357818758, 33.50230274067237, 0.0], [74.60102293248941, 33.50130333482117, 0.0], [74.59774794871777, 33.50233763402717, 0.0], [74.59362061097977, 33.501800374726216, 0.0], [74.58943536307174, 33.5036588396038, 0.0], [74.58870430464694, 33.50829402194415, 0.0], [74.5840791350737, 33.50897891697547, 0.0], [74.58102540547017, 33.50878363045086, 0.0], [74.57948692229492, 33.50852087034083, 0.0], [74.57747216077445, 33.508176742733234, 0.0], [74.57747104430173, 33.508176551577925, 0.0], [74.57746398427443, 33.50817534581756, 0.0], [74.57744547306672, 33.50817148619473, 0.0], [74.57744335634403, 33.50817088444624, 0.0], [74.5774419355461, 33.5081704811548, 0.0], [74.5746253026775, 33.50736991133303, 0.0], [74.57438709388906, 33.50730220223627, 0.0], [74.57436620272864, 33.507296264015416, 0.0], [74.57436624773814, 33.50730147861446, 0.0], [74.57436640911754, 33.5073200110868, 0.0], [74.57436675286648, 33.507359374808054, 0.0], [74.57436876332417, 33.50758983595747, 0.0], [74.57437014651687, 33.5077484077838, 0.0], [74.57437054233054, 33.50779375109318, 0.0], [74.57437062077614, 33.507802736444305, 0.0], [74.57437080812915, 33.50782421288887, 0.0], [74.57438538519563, 33.50949560018646, 0.0], [74.57439970254278, 33.51113726485754, 0.0], [74.57577913874574, 33.5141567609916, 0.0], [74.57409551018823, 33.51538848393699, 0.0], [74.5733307650976, 33.51594794728364, 0.0], [74.5706446047336, 33.51772235343648, 0.0], [74.56775649329056, 33.51950315409267, 0.0], [74.56594909533865, 33.52312975296217, 0.0], [74.56258262010083, 33.52417848325043, 0.0], [74.55753542622978, 33.52460901458475, 0.0], [74.55487572991797, 33.527304463801286, 0.0], [74.55123489571349, 33.52836926562877, 0.0], [74.54691508207931, 33.5294523306371, 0.0], [74.54292216553547, 33.52764091501717, 0.0], [74.53951670762011, 33.527812073319666, 0.0], [74.53819984048098, 33.527878240247745, 0.0], [74.53539032274104, 33.53016209591552, 0.0], [74.53328707376448, 33.53225230293206, 0.0], [74.53243591237879, 33.535032370455134, 0.0], [74.5314578360719, 33.53808581070214, 0.0], [74.53067573743925, 33.54115742411833, 0.0], [74.53064352558732, 33.54132534107838, 0.0], [74.5300838731488, 33.54424270929209, 0.0], [74.52880681847411, 33.54689353896498, 0.0], [74.52464193784856, 33.5492578540548, 0.0], [74.51910516230129, 33.551428614254355, 0.0], [74.5171709960554, 33.55341907945665, 0.0], [74.51605300943756, 33.554569561602186, 0.0], [74.51720275714877, 33.55877599225662, 0.0], [74.52161901237169, 33.562504961860846, 0.0], [74.5246355874625, 33.56463930276146, 0.0], [74.52688927109779, 33.56691841510665, 0.0], [74.52432762887922, 33.57134018709267, 0.0], [74.5231346418268, 33.57467104003964, 0.0], [74.52294405771922, 33.57520313584447, 0.0], [74.52347179597857, 33.57977683985619, 0.0], [74.52116217351237, 33.5829118231781, 0.0], [74.52049480026035, 33.58585046709056, 0.0], [74.51805747652071, 33.58811925214546, 0.0], [74.51561717546922, 33.59159393985301, 0.0], [74.51493992557712, 33.59563278586492, 0.0], [74.5142797086494, 33.60030211123203, 0.0], [74.51683732176745, 33.603124100766166, 0.0], [74.51990016321281, 33.605551431239185, 0.0], [74.52128682995973, 33.61056599419214, 0.0], [74.52483821549704, 33.61425188496154, 0.0], [74.52710771289794, 33.61704261384903, 0.0], [74.52562908896054, 33.62060870679288, 0.0], [74.52487637791377, 33.624193747289354, 0.0], [74.52173356600598, 33.62570628376622, 0.0], [74.51961811406565, 33.62965571716972, 0.0], [74.51948108585565, 33.6346455212843, 0.0], [74.51987901240146, 33.6399475436528, 0.0], [74.524437716623, 33.642315714124976, 0.0], [74.52886244302279, 33.64309684094621, 0.0], [74.52991719494919, 33.64583846940419, 0.0], [74.53050346154956, 33.64982613065882, 0.0], [74.53088081476801, 33.65355897954062, 0.0], [74.53231862026671, 33.65788130788897, 0.0], [74.53396068282377, 33.66213656831458, 0.0], [74.53690582111584, 33.66442922741781, 0.0], [74.53925281521477, 33.66628739265911, 0.0], [74.54026907342511, 33.669028901264205, 0.0], [74.54336844744566, 33.67329461466862, 0.0], [74.54518765383628, 33.68060980427519, 0.0], [74.54518847400924, 33.68061310063453, 0.0], [74.54519163472743, 33.68062580885421, 0.0], [74.54519429159426, 33.68063649317646, 0.0], [74.54519588252049, 33.680642888432494, 0.0], [74.54520325246109, 33.68064651749403, 0.0], [74.54520539238057, 33.68064757153959, 0.0], [74.54528299711878, 33.680685790342565, 0.0], [74.54528793128141, 33.680688219759716, 0.0], [74.54529316447163, 33.68069079668843, 0.0], [74.54529377210571, 33.68069109564919, 0.0], [74.54529769990346, 33.680693030026454, 0.0], [74.5452989278739, 33.68069363470666, 0.0], [74.54900995962711, 33.682521171028604, 0.0], [74.55186435021834, 33.683422164570395, 0.0], [74.55530075285817, 33.68481484314088, 0.0], [74.55910685449132, 33.68723462885385, 0.0], [74.56042932753525, 33.6902713810954, 0.0], [74.56354949492336, 33.69085749503429, 0.0], [74.56717715748702, 33.691233728616496, 0.0], [74.56721022472524, 33.69140015883276, 0.0], [74.56777158659253, 33.69422549328392, 0.0], [74.56785398063559, 33.69464016985674, 0.0], [74.56882951447749, 33.69840465696698, 0.0], [74.5703839587232, 33.70220701512218, 0.0], [74.57299639551917, 33.70636099871785, 0.0], [74.57561895348624, 33.708907896591235, 0.0], [74.57753425735376, 33.711294793417146, 0.0], [74.57851609505029, 33.715318055297644, 0.0], [74.58039657973166, 33.718476892892575, 0.0], [74.58329832226413, 33.719549243306204, 0.0], [74.58685823638129, 33.72054060030293, 0.0], [74.59071311247114, 33.72164540458839, 0.0], [74.59564970583382, 33.722871651057346, 0.0], [74.60035521751934, 33.72458075570887, 0.0], [74.60452674153991, 33.72858486409424, 0.0], [74.60755493518808, 33.73197258121438, 0.0], [74.61167882862904, 33.73587554764358, 0.0], [74.61574890398343, 33.73755341173107, 0.0], [74.62041336926012, 33.738583697205364, 0.0], [74.62466949035806, 33.73969087897459, 0.0], [74.62587658286601, 33.742803086734426, 0.0], [74.62530014260976, 33.74639436971736, 0.0], [74.62550394048537, 33.75016303729241, 0.0], [74.62852107431829, 33.75279184942967, 0.0], [74.63129370183398, 33.75399644520763, 0.0], [74.63475120538338, 33.756339718879936, 0.0], [74.6377636469861, 33.758613072587, 0.0], [74.64061149202293, 33.76159950827422, 0.0], [74.64363490914172, 33.76393906902272, 0.0], [74.64602407452666, 33.76672870810269, 0.0], [74.64770490458898, 33.770309428781395, 0.0], [74.64926324216616, 33.77287768304268, 0.0], [74.65233901566813, 33.775926519561814, 0.0], [74.65508354711089, 33.77936478263126, 0.0], [74.65726742283105, 33.78173055862999, 0.0], [74.65812359827389, 33.78265800699173, 0.0], [74.66113003559451, 33.78466582590277, 0.0], [74.66435694590288, 33.786593891158404, 0.0], [74.66832024361653, 33.788596112316355, 0.0], [74.6718201811156, 33.79130446427045, 0.0], [74.67530226049342, 33.793119699752225, 0.0], [74.67854999073035, 33.79550916139511, 0.0], [74.6789215052927, 33.79588073926046, 0.0], [74.68154946790338, 33.79850905393115, 0.0], [74.68475457174111, 33.80057284128685, 0.0], [74.68799004818077, 33.80483508732164, 0.0], [74.69024872667646, 33.807772036663735, 0.0], [74.69313496873086, 33.80875916468873, 0.0], [74.69594627153563, 33.80836384493095, 0.0], [74.70037954428393, 33.80691601601276, 0.0], [74.70497340266118, 33.80581992217413, 0.0], [74.70529514522963, 33.80571099611685, 0.0], [74.70827378118831, 33.80470253684616, 0.0], [74.71151054159712, 33.804287832330786, 0.0], [74.71575140418464, 33.80483112178289, 0.0], [74.71322590386828, 33.800495601444226, 0.0], [74.71265898523335, 33.795073011740016, 0.0], [74.71638017742728, 33.79554825106508, 0.0], [74.72047031138665, 33.79704620157601, 0.0], [74.7234985574863, 33.79803066342932, 0.0], [74.72626227177668, 33.798636690192744, 0.0], [74.72912856454353, 33.800420470433075, 0.0], [74.73268888480784, 33.80140582074051, 0.0], [74.73772202521408, 33.80200171625498, 0.0], [74.73930120452088, 33.804486111308165, 0.0], [74.74217031894165, 33.805491984297724, 0.0], [74.74482542663378, 33.80694169967981, 0.0], [74.74919920053732, 33.80803489956839, 0.0], [74.75528805797073, 33.80879978879758, 0.0], [74.7596385003698, 33.808030681570166, 0.0], [74.76213377601424, 33.8049249686876, 0.0], [74.76408189743638, 33.8024624600364, 0.0], [74.7650749372057, 33.79913167630925, 0.0], [74.76823400865712, 33.796413522123096, 0.0], [74.77289964238088, 33.7951705592591, 0.0], [74.77717085716121, 33.79215663528136, 0.0], [74.78069733008377, 33.79260736100977, 0.0], [74.78659388491133, 33.79523949120624, 0.0], [74.79210209420899, 33.79777887438225, 0.0], [74.79718254786177, 33.79980897495253, 0.0], [74.80048082249203, 33.799473612196294, 0.0], [74.80564130237688, 33.79877086743935, 0.0], [74.80978197143034, 33.79756274798605, 0.0], [74.81387254241065, 33.79484356577787, 0.0], [74.8162715065747, 33.79215871817933, 0.0], [74.81808529190931, 33.78947300496051, 0.0], [74.82136026893501, 33.78879327409954, 0.0], [74.82342820510827, 33.78591100261756, 0.0], [74.82726192386305, 33.786217013583524, 0.0], [74.82946592135875, 33.78926703106622, 0.0], [74.83190703975298, 33.79184771171814, 0.0], [74.83443995567458, 33.79509583960526, 0.0], [74.83932373654295, 33.80062476779644, 0.0], [74.84307880644795, 33.80553078042095, 0.0], [74.84603018499826, 33.80945145834165, 0.0], [74.84595783985964, 33.81396425721032, 0.0], [74.84388465221889, 33.817245592163324, 0.0], [74.84724850285485, 33.82018260637179, 0.0], [74.85022552833502, 33.821356423609664, 0.0], [74.85475370376945, 33.81762918363316, 0.0], [74.85757562152763, 33.816106816218685, 0.0]]]}}, {"type": "Feature", "properties": {"district_id": "srinagar", "display_name": "Srinagar", "source_name": "SRINAGAR", "state_ut": "Jammu and Kashmir", "objectid": 21, "dist_lgd": "010"}, "geometry": {"type": "Polygon", "coordinates": [[[74.87739841995058, 34.1918109154117, 0.0], [74.8808854543088, 34.19023200722085, 0.0], [74.88504056788025, 34.19090893808502, 0.0], [74.88606558097253, 34.191377914334126, 0.0], [74.88843841045188, 34.1924635204877, 0.0], [74.88850323605902, 34.19249317821372, 0.0], [74.88992268884195, 34.192743604322914, 0.0], [74.89007018383846, 34.19276962530953, 0.0], [74.89158091097799, 34.19303613793244, 0.0], [74.89241123796441, 34.1926666035865, 0.0], [74.89254677265102, 34.19260628416369, 0.0], [74.89455816562202, 34.19171108976382, 0.0], [74.89467629723931, 34.19165851267688, 0.0], [74.89467674823817, 34.19165831174516, 0.0], [74.89470505977405, 34.19165112335294, 0.0], [74.89470647645481, 34.19165123300843, 0.0], [74.89895203453781, 34.191978813121054, 0.0], [74.8993719421515, 34.192011206563855, 0.0], [74.9018324258016, 34.19260623978029, 0.0], [74.9018699926533, 34.19261532412832, 0.0], [74.9028682139451, 34.192856717534, 0.0], [74.90609180602542, 34.19488543343889, 0.0], [74.90611329210124, 34.19490151971668, 0.0], [74.90806185094908, 34.196360366558096, 0.0], [74.90857601625335, 34.19674530025156, 0.0], [74.90871743243412, 34.19685117219399, 0.0], [74.91015357981239, 34.19792632891555, 0.0], [74.91080438252241, 34.19816670442221, 0.0], [74.91231117782617, 34.19872322845567, 0.0], [74.91446880626185, 34.19952009930181, 0.0], [74.91467752521883, 34.19967570612858, 0.0], [74.91665169043557, 34.20114747799833, 0.0], [74.91703499008025, 34.201067998339155, 0.0], [74.92006372141263, 34.200439937789945, 0.0], [74.92036655488647, 34.202822806662304, 0.0], [74.92047643914991, 34.20368740606405, 0.0], [74.92360266250648, 34.20507992977907, 0.0], [74.92463422748955, 34.204424214690455, 0.0], [74.92572114601144, 34.20373329753545, 0.0], [74.92659840891903, 34.20317563451298, 0.0], [74.92659841017317, 34.2031756055875, 0.0], [74.92646889660679, 34.20231908510888, 0.0], [74.92627217546611, 34.20101805956863, 0.0], [74.92607456158315, 34.19971108809293, 0.0], [74.92443961203617, 34.19772966543526, 0.0], [74.92356959775175, 34.196675241400456, 0.0], [74.92286013308158, 34.195231324863634, 0.0], [74.92152952559401, 34.192523124194544, 0.0], [74.92150254083029, 34.19246819980356, 0.0], [74.92141246098186, 34.19228485319417, 0.0], [74.92120702779927, 34.192164171185674, 0.0], [74.9211278276418, 34.19211764468304, 0.0], [74.91861823959866, 34.19064333582804, 0.0], [74.91769045046578, 34.19009826695842, 0.0], [74.91824561888089, 34.18894756533651, 0.0], [74.91876878632927, 34.18786316755127, 0.0], [74.91880077634453, 34.18779685826659, 0.0], [74.91939660652623, 34.18656181185564, 0.0], [74.91949094471023, 34.186510221695684, 0.0], [74.91966702714457, 34.186413927466326, 0.0], [74.9218638429914, 34.185212517705615, 0.0], [74.92267777852837, 34.18476737212524, 0.0], [74.92406317861595, 34.18478812346973, 0.0], [74.92645194375247, 34.184823877410714, 0.0], [74.9254498774249, 34.18304493971218, 0.0], [74.9250354153562, 34.18230913696863, 0.0], [74.9247212774961, 34.18109275588783, 0.0], [74.92429502865443, 34.17944223916135, 0.0], [74.92072694888849, 34.17817137360812, 0.0], [74.91913865618172, 34.17831508856984, 0.0], [74.91667981039531, 34.17853754357075, 0.0], [74.91550318484707, 34.17800324301459, 0.0], [74.91376044271077, 34.17721184501674, 0.0], [74.91319170225911, 34.176953567238655, 0.0], [74.91120946573236, 34.174544756430336, 0.0], [74.9112092091976, 34.17454444458354, 0.0], [74.9112030718884, 34.17453698709666, 0.0], [74.91121875272245, 34.174533699693015, 0.0], [74.91122035632245, 34.174533363148434, 0.0], [74.91468585950754, 34.173806847540696, 0.0], [74.91495918685368, 34.17384213449933, 0.0], [74.91585862315937, 34.173958250931875, 0.0], [74.91654974010156, 34.1740474701042, 0.0], [74.91773802478434, 34.17420086377582, 0.0], [74.91787192443404, 34.17421814807967, 0.0], [74.91812756493016, 34.174251146902805, 0.0], [74.92162317772951, 34.17404330728286, 0.0], [74.92162340595237, 34.17404329330363, 0.0], [74.92162372509945, 34.174043216876186, 0.0], [74.92162386272511, 34.174043132292745, 0.0], [74.92408082639413, 34.17254242984872, 0.0], [74.92390031231929, 34.17152745456249, 0.0], [74.92387353229108, 34.17137687818717, 0.0], [74.92371980137344, 34.17051247556258, 0.0], [74.92344071076705, 34.16894315577351, 0.0], [74.92456626115488, 34.16579777990264, 0.0], [74.92456646368261, 34.1657970771902, 0.0], [74.92484467739745, 34.164834447948, 0.0], [74.9249134387191, 34.16459652749352, 0.0], [74.92505615812584, 34.16410270200421, 0.0], [74.92526040668135, 34.16339597125908, 0.0], [74.9252993727386, 34.16314481984579, 0.0], [74.92559699413553, 34.162130489446106, 0.0], [74.9257161252057, 34.161751777022154, 0.0], [74.92593262372934, 34.161066578324395, 0.0], [74.92762434629361, 34.161047836158076, 0.0], [74.92847340580195, 34.16118767152054, 0.0], [74.92987817955628, 34.16141035560357, 0.0], [74.93088968855405, 34.16157069128178, 0.0], [74.93186341902886, 34.161725033207055, 0.0], [74.93352234665629, 34.15866040242685, 0.0], [74.93160363557705, 34.15584324798614, 0.0], [74.9309605430257, 34.15489898344094, 0.0], [74.93091414803003, 34.15487714032514, 0.0], [74.92662884980396, 34.15285953214779, 0.0], [74.92500910949842, 34.1541304403078, 0.0], [74.92439665797858, 34.154610979400175, 0.0], [74.92265765895962, 34.15431923462768, 0.0], [74.92259351854005, 34.15430847339167, 0.0], [74.92079038736709, 34.15400594694998, 0.0], [74.92057679633885, 34.15392872431342, 0.0], [74.92057674480698, 34.15392870737909, 0.0], [74.91909101963509, 34.1535911715709, 0.0], [74.91909096786819, 34.15359116006051, 0.0], [74.91816366521452, 34.153478799961455, 0.0], [74.91704814960711, 34.15625138827008, 0.0], [74.91679346867787, 34.15664821538043, 0.0], [74.91581828884199, 34.15687826678604, 0.0], [74.91534291671128, 34.15699040816136, 0.0], [74.91378813147345, 34.15735717470119, 0.0], [74.91333877953547, 34.15746317104464, 0.0], [74.91170112653337, 34.15757012156602, 0.0], [74.91098389692684, 34.157616956816376, 0.0], [74.90872521673727, 34.157764428375394, 0.0], [74.90455257149566, 34.15737753813842, 0.0], [74.90355193846858, 34.15538229393866, 0.0], [74.9032340595152, 34.15474842970382, 0.0], [74.9006415877274, 34.152226295398286, 0.0], [74.89693436856815, 34.15108767344855, 0.0], [74.89676465408077, 34.151035545040045, 0.0], [74.89559962018075, 34.15050316679215, 0.0], [74.89400961486764, 34.14977656914649, 0.0], [74.89297334387658, 34.149589726331776, 0.0], [74.89054368608637, 34.14915161873563, 0.0], [74.88815231152667, 34.14665698230215, 0.0], [74.88851355646638, 34.14402526806428, 0.0], [74.88854933608933, 34.14376460514623, 0.0], [74.88853553164564, 34.14114137544743, 0.0], [74.88853070175851, 34.14022352391192, 0.0], [74.89103963371063, 34.137602775550754, 0.0], [74.89172755009895, 34.136884169765054, 0.0], [74.89206076740504, 34.13182434881048, 0.0], [74.89069605757022, 34.130873801687216, 0.0], [74.88905222267977, 34.129728799195476, 0.0], [74.88904872866453, 34.12972636524106, 0.0], [74.88903630259746, 34.12969114047036, 0.0], [74.8890235346462, 34.12965494391616, 0.0], [74.88903462912688, 34.129641775745114, 0.0], [74.88903480937178, 34.12964156209493, 0.0], [74.88904159254076, 34.129633512008034, 0.0], [74.89014756709462, 34.12832085330199, 0.0], [74.89102188079815, 34.12728311825522, 0.0], [74.89122053513798, 34.12704222672508, 0.0], [74.89176195051313, 34.12638568888423, 0.0], [74.89409069874928, 34.123561652368174, 0.0], [74.89341341004702, 34.12053562839393, 0.0], [74.89313461781538, 34.119289971678526, 0.0], [74.89559744477195, 34.115778276798544, 0.0], [74.89934521993972, 34.116209045563735, 0.0], [74.90334130506625, 34.11659438684414, 0.0], [74.90176118969895, 34.11283987332531, 0.0], [74.9022620434375, 34.10828435799659, 0.0], [74.90201804807594, 34.10438295343625, 0.0], [74.90590720540673, 34.10441227045204, 0.0], [74.90895611146539, 34.10416923295365, 0.0], [74.91174620597528, 34.102591844316834, 0.0], [74.91484218525565, 34.10088243882855, 0.0], [74.91757172764721, 34.1000912848099, 0.0], [74.9216500354714, 34.09861223707891, 0.0], [74.91960008144123, 34.09520566140926, 0.0], [74.9156364184557, 34.09305195027121, 0.0], [74.91234145622118, 34.092363680440236, 0.0], [74.90815659046858, 34.090499017878656, 0.0], [74.90266791124124, 34.087055078136196, 0.0], [74.89814373532312, 34.084394800798165, 0.0], [74.89343473688763, 34.083670484008906, 0.0], [74.88919280711403, 34.08363978958969, 0.0], [74.8886782706306, 34.08318607813133, 0.0], [74.88504266846009, 34.07998008361378, 0.0], [74.88158560972096, 34.080284212608234, 0.0], [74.88045249509622, 34.08152741213426, 0.0], [74.87989077119268, 34.082143694449044, 0.0], [74.87915749642274, 34.08294817616034, 0.0], [74.8791444154787, 34.08296252698012, 0.0], [74.87902153589043, 34.083083697886515, 0.0], [74.87900506890428, 34.08308272067576, 0.0], [74.87494310753121, 34.08284167603087, 0.0], [74.8723164587404, 34.08214392438331, 0.0], [74.87169756609461, 34.081979512732865, 0.0], [74.87103557747264, 34.081803648639934, 0.0], [74.87083022409102, 34.081761530605775, 0.0], [74.86987746896163, 34.08156611919017, 0.0], [74.86920669189571, 34.08142853753377, 0.0], [74.86758316791614, 34.08109552667836, 0.0], [74.86761270941268, 34.07999732475254, 0.0], [74.86766522693063, 34.078044876917545, 0.0], [74.86767654921867, 34.07762395268948, 0.0], [74.86756676217836, 34.07629782563882, 0.0], [74.86738112486212, 34.07405539778287, 0.0], [74.8657154601707, 34.07409135920023, 0.0], [74.86527060969702, 34.07410096073598, 0.0], [74.86411818257335, 34.07412582910133, 0.0], [74.86404979445781, 34.074127304226955, 0.0], [74.86185136064975, 34.07411467793869, 0.0], [74.8609013781452, 34.07410921301905, 0.0], [74.86084078050426, 34.073901419768575, 0.0], [74.86078020114795, 34.07369368575704, 0.0], [74.86029490910771, 34.07202952636548, 0.0], [74.86025234316783, 34.071883558769514, 0.0], [74.85993272649789, 34.070787498751216, 0.0], [74.8613129344569, 34.06818001808726, 0.0], [74.8613170243848, 34.06817314981369, 0.0], [74.86168759843152, 34.067550847076845, 0.0], [74.86235384169399, 34.06643200624327, 0.0], [74.86293006891947, 34.06546430817619, 0.0], [74.86323405563783, 34.06499903988975, 0.0], [74.863928719502, 34.0639357983382, 0.0], [74.86422460901252, 34.06348290627474, 0.0], [74.8646622495562, 34.062813040649644, 0.0], [74.86556332883515, 34.061568495873914, 0.0], [74.86709794741361, 34.05944884020749, 0.0], [74.86711360222951, 34.059427216933315, 0.0], [74.86720067420457, 34.05924987359239, 0.0], [74.8672239869117, 34.059196834475586, 0.0], [74.86894416703916, 34.05528314606923, 0.0], [74.86853069615269, 34.053659755460124, 0.0], [74.86770436044141, 34.05041519319548, 0.0], [74.86937456099626, 34.04946793328278, 0.0], [74.8719487205006, 34.048007922170235, 0.0], [74.87240450127946, 34.04755782398006, 0.0], [74.87483910007029, 34.04515348055257, 0.0], [74.8786674346552, 34.0444525001102, 0.0], [74.881614150165, 34.043905450419025, 0.0], [74.88323351977364, 34.04360479410243, 0.0], [74.88844607364062, 34.04488596200917, 0.0], [74.8902530358246, 34.04692311009087, 0.0], [74.89117132028167, 34.04795833461482, 0.0], [74.8924753310914, 34.04844233582899, 0.0], [74.89304629398715, 34.04865425232611, 0.0], [74.89389675265394, 34.048969900339586, 0.0], [74.8971818286021, 34.047703597290194, 0.0], [74.89727911492298, 34.04767514861911, 0.0], [74.89993825532616, 34.046897521329505, 0.0], [74.9036924709363, 34.047460129595365, 0.0], [74.90697337908338, 34.04842615552587, 0.0], [74.90697348538859, 34.04842618770427, 0.0], [74.90891336618887, 34.049261642224025, 0.0], [74.90964600226842, 34.04957716006343, 0.0], [74.91234452431199, 34.050440660343035, 0.0], [74.91285151945465, 34.050491199381035, 0.0], [74.91548442501201, 34.050753633320305, 0.0], [74.91548669008695, 34.05075385895708, 0.0], [74.91552673438179, 34.050764524590846, 0.0], [74.91553075268683, 34.05076666837899, 0.0], [74.91854645998238, 34.052375317041566, 0.0], [74.91858443141165, 34.05239557107565, 0.0], [74.91917141200928, 34.052786595910554, 0.0], [74.91919457194513, 34.052812180655636, 0.0], [74.9222232133882, 34.05615770944318, 0.0], [74.9220441774111, 34.056658357207155, 0.0], [74.92083240038424, 34.06004678568227, 0.0], [74.92501890446295, 34.06208400313781, 0.0], [74.92531994744583, 34.06227336923522, 0.0], [74.92939062251186, 34.06483384392624, 0.0], [74.93013404810458, 34.0668782601636, 0.0], [74.9307666107036, 34.06861773560413, 0.0], [74.93224666948109, 34.06722856420992, 0.0], [74.93289117474465, 34.06662361954881, 0.0], [74.93676022908139, 34.066474454673646, 0.0], [74.93946077285757, 34.06833020303764, 0.0], [74.93946080137803, 34.068330222906134, 0.0], [74.94178441745098, 34.07054671113902, 0.0], [74.94289990423692, 34.072244053091666, 0.0], [74.94453835878694, 34.07473703117545, 0.0], [74.94504492287355, 34.075128176345856, 0.0], [74.94545139076827, 34.07544202877955, 0.0], [74.94622677351607, 34.076040729314755, 0.0], [74.94700216418285, 34.07663942508563, 0.0], [74.94854033496807, 34.077827047241776, 0.0], [74.95001929004044, 34.075239993102436, 0.0], [74.95004985124905, 34.07523386848475, 0.0], [74.9540048521309, 34.07444120372344, 0.0], [74.95536110714784, 34.0741693578107, 0.0], [74.95609235744242, 34.07362069758095, 0.0], [74.95631896809779, 34.07345066838618, 0.0], [74.95767506278403, 34.07243315328328, 0.0], [74.960624023642, 34.07393565420561, 0.0], [74.96063776176443, 34.07394265338776, 0.0], [74.96067013218727, 34.073986999002564, 0.0], [74.96171667413003, 34.07542066359659, 0.0], [74.9625436034661, 34.07655344377732, 0.0], [74.96579914818463, 34.076483934788136, 0.0], [74.96605053215613, 34.076504692499675, 0.0], [74.97090585252252, 34.0769055306795, 0.0], [74.97158642785641, 34.07801376347118, 0.0], [74.97164073706065, 34.078102198809006, 0.0], [74.97237563663973, 34.07929885799568, 0.0], [74.97312765655583, 34.0805233611999, 0.0], [74.9768864849838, 34.08138122408656, 0.0], [74.97696993741039, 34.08141799220159, 0.0], [74.97859733707048, 34.08213498773928, 0.0], [74.98040609197311, 34.08293185333686, 0.0], [74.98076511052656, 34.08388680730702, 0.0], [74.98181661432562, 34.08668359793894, 0.0], [74.979747020853, 34.08910740008955, 0.0], [74.97936595998006, 34.08955366433464, 0.0], [74.97772608335428, 34.09318817740021, 0.0], [74.97669297688623, 34.09734280503747, 0.0], [74.98002390119163, 34.097971026607354, 0.0], [74.98295909992495, 34.09650707351333, 0.0], [74.98344605767569, 34.096264190257614, 0.0], [74.98584888986767, 34.094041270637334, 0.0], [74.9860214879014, 34.09392554587972, 0.0], [74.9863925520098, 34.093676750780716, 0.0], [74.98888869623175, 34.092003055323346, 0.0], [74.98996767708775, 34.09127955596878, 0.0], [74.99084672854434, 34.0877038845771, 0.0], [74.9911279265067, 34.08656001167734, 0.0], [74.99237852086277, 34.08538568661724, 0.0], [74.99394659527677, 34.08391319000893, 0.0], [74.99447420083692, 34.08341773013829, 0.0], [74.99449148162766, 34.08340150216156, 0.0], [74.99807893221539, 34.082630075791414, 0.0], [74.99833032387632, 34.082576014625154, 0.0], [75.00161352741692, 34.08058919060256, 0.0], [74.99876276505586, 34.078141685935144, 0.0], [74.99868182087587, 34.07810265453788, 0.0], [74.99722311309118, 34.07739924776802, 0.0], [74.99619465073317, 34.0769032966316, 0.0], [74.99587456993099, 34.07681989641057, 0.0], [74.99458959581611, 34.076485074956125, 0.0], [74.9924347568369, 34.07592356922969, 0.0], [74.98865321308708, 34.073410912291614, 0.0], [74.9881918485559, 34.07310434297148, 0.0], [74.98516638095221, 34.07204070986844, 0.0], [74.9846237972161, 34.07184995064343, 0.0], [74.98148992264514, 34.06997559856568, 0.0], [74.98148979215514, 34.06997552044577, 0.0], [74.98148908764455, 34.06997497346346, 0.0], [74.9814889944512, 34.069974888300116, 0.0], [74.97939670399099, 34.06805048636502, 0.0], [74.97939659092837, 34.068050382500466, 0.0], [74.97939615854419, 34.06804990967979, 0.0], [74.97939610936585, 34.068049838497465, 0.0], [74.97737060513394, 34.06510007615201, 0.0], [74.9772192736531, 34.0616827096023, 0.0], [74.97706309248541, 34.060267203138366, 0.0], [74.97696907776793, 34.05941511154862, 0.0], [74.97679354711133, 34.057824169747, 0.0], [74.97682807986835, 34.05705870066233, 0.0], [74.97683062929082, 34.0570021787481, 0.0], [74.97694672984574, 34.05442855425715, 0.0], [74.97700146917487, 34.05321507364296, 0.0], [74.976999678917, 34.05321358973664, 0.0], [74.97671755375116, 34.052979726333675, 0.0], [74.976072137091, 34.0524447104872, 0.0], [74.97500397554285, 34.05155924265252, 0.0], [74.97446980073045, 34.051503188199575, 0.0], [74.97283176298848, 34.05133128894108, 0.0], [74.97036719029231, 34.04892481474596, 0.0], [74.96588796341852, 34.049854594790936, 0.0], [74.96295464978287, 34.04876108619922, 0.0], [74.95993725889174, 34.04618266795564, 0.0], [74.9594466577103, 34.04287234856752, 0.0], [74.95811573861737, 34.041212470167764, 0.0], [74.95678485719394, 34.03955257200775, 0.0], [74.95489888205762, 34.03654695666353, 0.0], [74.9543017386397, 34.03337972364502, 0.0], [74.95183455471128, 34.03081924469292, 0.0], [74.94926204371423, 34.02897697732072, 0.0], [74.94519531148599, 34.028137766068234, 0.0], [74.94074698072676, 34.027193919944, 0.0], [74.93701004609139, 34.0280835337372, 0.0], [74.93365062462301, 34.028418000198506, 0.0], [74.93076624587286, 34.02986029428651, 0.0], [74.92896971147906, 34.0334186012011, 0.0], [74.92795193805765, 34.03727287268016, 0.0], [74.9243485648568, 34.037128408626586, 0.0], [74.9216235537383, 34.0344679588442, 0.0], [74.92164187222022, 34.03163264842659, 0.0], [74.91770152609269, 34.03001472239698, 0.0], [74.91505371889494, 34.033547790015504, 0.0], [74.91541123309828, 34.03669151882577, 0.0], [74.91159800850659, 34.0356209978497, 0.0], [74.90773240576257, 34.03506456498605, 0.0], [74.90242020424876, 34.03419050755779, 0.0], [74.90219875375239, 34.0342307434014, 0.0], [74.89756318035501, 34.035072907444075, 0.0], [74.89328601189494, 34.03602856683771, 0.0], [74.88976765574448, 34.03677831393875, 0.0], [74.88465279118529, 34.03845247691938, 0.0], [74.87983111808286, 34.03725070223831, 0.0], [74.8758481199504, 34.035527374858134, 0.0], [74.87119558271372, 34.03533565396496, 0.0], [74.86759539632286, 34.03702333989649, 0.0], [74.864765550451, 34.038493827287475, 0.0], [74.86139394218073, 34.041481743281466, 0.0], [74.85936822922305, 34.045152327397034, 0.0], [74.85613913650468, 34.04799400262842, 0.0], [74.85215513831783, 34.049974777078226, 0.0], [74.84772061088279, 34.05177793787512, 0.0], [74.8391714660638, 34.045503661037436, 0.0], [74.83705115305152, 34.04297026762126, 0.0], [74.83703231491586, 34.0395525158742, 0.0], [74.8337079204817, 34.035252539707514, 0.0], [74.83026158548512, 34.03539749397503, 0.0], [74.82823546033156, 34.0383197906775, 0.0], [74.82903664439532, 34.042153617165106, 0.0], [74.82530881333005, 34.041885853283794, 0.0], [74.82108780806256, 34.041643697748725, 0.0], [74.81668149159185, 34.040922216113046, 0.0], [74.81326467664974, 34.039783881095495, 0.0], [74.81030389944964, 34.03947243958884, 0.0], [74.80624666583735, 34.038545388293464, 0.0], [74.80417528276755, 34.03554723612355, 0.0], [74.80432041973641, 34.03232325013467, 0.0], [74.80425793058426, 34.028466273220126, 0.0], [74.80113415424579, 34.02467340003351, 0.0], [74.79826952155334, 34.02145018590929, 0.0], [74.79549325976201, 34.02041439996339, 0.0], [74.79002760851999, 34.02360383490136, 0.0], [74.78617500583414, 34.025509559257294, 0.0], [74.78276316602953, 34.02639002979135, 0.0], [74.77759760507014, 34.029179605149444, 0.0], [74.780047958757, 34.03263254830752, 0.0], [74.78215122952619, 34.03486498100153, 0.0], [74.77967915357674, 34.039758489035385, 0.0], [74.7760198194025, 34.03975187740436, 0.0], [74.77321037216326, 34.04311331771378, 0.0], [74.77144544174675, 34.04752482663867, 0.0], [74.76838096077165, 34.049268340663666, 0.0], [74.76753357131462, 34.0522846306663, 0.0], [74.7666248395115, 34.0554815361029, 0.0], [74.76358705642065, 34.05827452515427, 0.0], [74.7597452554025, 34.06098840614282, 0.0], [74.76113847003978, 34.064866951943465, 0.0], [74.76235047042496, 34.06778470857484, 0.0], [74.76562608323955, 34.069556903080084, 0.0], [74.77155748942978, 34.071867838307696, 0.0], [74.76582208019634, 34.07409963685837, 0.0], [74.76029131410391, 34.078606703876, 0.0], [74.75310988088782, 34.08449438362093, 0.0], [74.74999995634704, 34.0865879627156, 0.0], [74.74355646825472, 34.09092502865719, 0.0], [74.73912743107246, 34.09165995572565, 0.0], [74.73469824497997, 34.092394735965286, 0.0], [74.72722871240491, 34.09399589316089, 0.0], [74.72443901705218, 34.09421674270744, 0.0], [74.71853577253943, 34.094683925215705, 0.0], [74.71450805251584, 34.094215702719744, 0.0], [74.71083263447248, 34.095304783722455, 0.0], [74.70861701137055, 34.09848528688478, 0.0], [74.70869644914814, 34.101401659249355, 0.0], [74.71103020834099, 34.10517738808154, 0.0], [74.70703999005254, 34.10770662356609, 0.0], [74.70756026296884, 34.104978935335566, 0.0], [74.7031367152434, 34.103834221604856, 0.0], [74.7010627949737, 34.100391442998266, 0.0], [74.69710985451198, 34.09868060165059, 0.0], [74.69209390447476, 34.09668345384573, 0.0], [74.68706466776563, 34.09505820184612, 0.0], [74.68545054345915, 34.09741088046028, 0.0], [74.68620552368263, 34.100460713068344, 0.0], [74.68292816953158, 34.10031053102688, 0.0], [74.68261960030092, 34.10314499406479, 0.0], [74.68280171077546, 34.105679467722126, 0.0], [74.67971995192127, 34.104413333077325, 0.0], [74.67562466833888, 34.10659990774014, 0.0], [74.67714760364478, 34.109155647808464, 0.0], [74.68246408794127, 34.11058713281041, 0.0], [74.68565405621197, 34.11144591387375, 0.0], [74.68649510249917, 34.114283314959394, 0.0], [74.68605178721394, 34.1190312264428, 0.0], [74.69174016548072, 34.12379467462542, 0.0], [74.68532141907174, 34.12774337665296, 0.0], [74.6816618407496, 34.129108291791276, 0.0], [74.67620564854354, 34.12992883560859, 0.0], [74.675730045816, 34.130000351658154, 0.0], [74.6757845988988, 34.13009236118717, 0.0], [74.67590342800011, 34.13029277888099, 0.0], [74.6760095840899, 34.13047182122417, 0.0], [74.67703888840013, 34.132207799979795, 0.0], [74.67776027727996, 34.13342442258034, 0.0], [74.6777759387965, 34.133460317391275, 0.0], [74.67882662984218, 34.1358683788052, 0.0], [74.67885432724295, 34.135931857441925, 0.0], [74.67894300801359, 34.136135096781985, 0.0], [74.68371481148394, 34.14115161322005, 0.0], [74.68414991753646, 34.14160900004012, 0.0], [74.68414996919215, 34.14160906141393, 0.0], [74.68834169518829, 34.14659611883185, 0.0], [74.68834174241708, 34.146596181875005, 0.0], [74.6927522331212, 34.152505196847336, 0.0], [74.69275226617475, 34.15250521236786, 0.0], [74.69806202317692, 34.15500657161614, 0.0], [74.69806221073223, 34.155006638141224, 0.0], [74.70150278148485, 34.15623232616235, 0.0], [74.69996204887268, 34.160408918968585, 0.0], [74.69697206591849, 34.164082831345794, 0.0], [74.695341568054, 34.167734166886774, 0.0], [74.69466249291251, 34.17112422400405, 0.0], [74.6916732043468, 34.17303034315498, 0.0], [74.68875333827776, 34.17373062025302, 0.0], [74.68401171900142, 34.17513929085444, 0.0], [74.68150224400596, 34.17739168310659, 0.0], [74.68101443457931, 34.17782950174827, 0.0], [74.67851043745247, 34.18046753837562, 0.0], [74.67652992430091, 34.183390273216304, 0.0], [74.67611744875603, 34.18399895660623, 0.0], [74.67925093279483, 34.183892979070755, 0.0], [74.67930425655469, 34.18389117554149, 0.0], [74.67937152653334, 34.183888900143145, 0.0], [74.67997060947879, 34.18386863116325, 0.0], [74.68011496982238, 34.18386374631607, 0.0], [74.68014477897742, 34.18386273773909, 0.0], [74.68060770174691, 34.18384707384501, 0.0], [74.68420465520713, 34.1837643516752, 0.0], [74.68593304759041, 34.18457836495696, 0.0], [74.68709317512777, 34.18512472717665, 0.0], [74.69046433898765, 34.18455372116806, 0.0], [74.69394899215334, 34.18405382523607, 0.0], [74.69775934005126, 34.18224151426932, 0.0], [74.70041071687096, 34.18060660976656, 0.0], [74.70301173142624, 34.17939707267757, 0.0], [74.7064932141564, 34.177384085925574, 0.0], [74.70923082048506, 34.175394568612155, 0.0], [74.71232289779333, 34.173086656730206, 0.0], [74.71471343796017, 34.171514997839814, 0.0], [74.71804191765649, 34.16981457340341, 0.0], [74.72132969623777, 34.16809708172974, 0.0], [74.72370282768853, 34.16599683465601, 0.0], [74.72738701152413, 34.16591273389088, 0.0], [74.73021668353654, 34.16595371963863, 0.0], [74.73367881729403, 34.16583969417373, 0.0], [74.7366253876643, 34.16524426997841, 0.0], [74.74005517568482, 34.163413193843496, 0.0], [74.74340040623505, 34.16161501701756, 0.0], [74.7464762765427, 34.16123353663936, 0.0], [74.75001712131841, 34.16046915939824, 0.0], [74.75363056926724, 34.16232415791781, 0.0], [74.75623113822304, 34.164841228296076, 0.0], [74.75917335932168, 34.167944065348905, 0.0], [74.76269861184383, 34.171247764802416, 0.0], [74.76615482531633, 34.17479386057321, 0.0], [74.77102521247555, 34.17583063276387, 0.0], [74.77638958276778, 34.176891034755734, 0.0], [74.79188976809466, 34.176324491715725, 0.0], [74.79518630093328, 34.17553080460682, 0.0], [74.79903294395712, 34.17428122705363, 0.0], [74.80233918028406, 34.169262841556595, 0.0], [74.80413679367601, 34.163556905612985, 0.0], [74.81758921396116, 34.16289257721004, 0.0], [74.81871018082688, 34.16645441633754, 0.0], [74.81359129449285, 34.17087891602007, 0.0], [74.80946227003443, 34.1757821526529, 0.0], [74.8072567942325, 34.17977487369456, 0.0], [74.80711249934163, 34.18285740244951, 0.0], [74.809993452371, 34.18377530500754, 0.0], [74.8138374968474, 34.18378119718561, 0.0], [74.81836505724884, 34.18257570686365, 0.0], [74.82160483557627, 34.17578963971747, 0.0], [74.8173670448106, 34.1749932748235, 0.0], [74.81997907694148, 34.172747431449466, 0.0], [74.82374617533074, 34.17019489388596, 0.0], [74.82731048886794, 34.17024682542399, 0.0], [74.83201098906346, 34.17014736682085, 0.0], [74.83519287001427, 34.1718716148176, 0.0], [74.83390749195989, 34.17621939810937, 0.0], [74.83720319030921, 34.17680387363187, 0.0], [74.84015623440106, 34.17732750136235, 0.0], [74.84427391684838, 34.17767532258325, 0.0], [74.84825496785255, 34.177680311243066, 0.0], [74.85168471272011, 34.1789404423014, 0.0], [74.85490585881595, 34.18182724184823, 0.0], [74.85537762774213, 34.186937181015324, 0.0], [74.85657357326032, 34.193864510897015, 0.0], [74.85685946414529, 34.19987796657828, 0.0], [74.85947238806631, 34.20103717953726, 0.0], [74.86048620255886, 34.20148693575243, 0.0], [74.86084639245057, 34.20164672295993, 0.0], [74.86545441338575, 34.204274921225945, 0.0], [74.86545466208976, 34.20427506271508, 0.0], [74.86871362293834, 34.205561031250184, 0.0], [74.87014682771418, 34.20612653524377, 0.0], [74.87209190580234, 34.20866743562202, 0.0], [74.87209211602169, 34.20866770988778, 0.0], [74.8720922973626, 34.20866794707639, 0.0], [74.87209285757422, 34.20866955698058, 0.0], [74.87209291758067, 34.20866972895266, 0.0], [74.87260108402107, 34.21012975251552, 0.0], [74.87302629276915, 34.21135139391095, 0.0], [74.87580135958204, 34.2093181686179, 0.0], [74.87675520561214, 34.20861927758192, 0.0], [74.87732296238062, 34.20852701184552, 0.0], [74.87895663909015, 34.20826151238758, 0.0], [74.8792122545105, 34.20821996955413, 0.0], [74.88128293378871, 34.2078834218078, 0.0], [74.88136380835249, 34.20756539958234, 0.0], [74.88139557147538, 34.20744049768843, 0.0], [74.88177398939806, 34.20595242718796, 0.0], [74.88187420186081, 34.205558348442516, 0.0], [74.88240849229526, 34.2034572360648, 0.0], [74.88175596969793, 34.203394633865855, 0.0], [74.88002297532661, 34.20322835876859, 0.0], [74.87979560737251, 34.2032065420348, 0.0], [74.87846148501171, 34.203078523647314, 0.0], [74.87554925595143, 34.20095517991863, 0.0], [74.87546496237678, 34.19919543157532, 0.0], [74.87544435837836, 34.1987652673589, 0.0], [74.87537430470542, 34.19730271200771, 0.0], [74.87532843610612, 34.19634509274026, 0.0], [74.87532660456596, 34.196306846435355, 0.0], [74.87658819714055, 34.193569186421435, 0.0], [74.87691692500437, 34.19285581916848, 0.0], [74.87739841995058, 34.1918109154117, 0.0]]]}}, {"type": "Feature", "properties": {"district_id": "kishtwar", "display_name": "Kishtwar", "source_name": "KISHTWAR", "state_ut": "Jammu and Kashmir", "objectid": 22, "dist_lgd": "018"}, "geometry": {"type": "Polygon", "coordinates": [[[75.65148835439179, 34.21060900738143, 0.0], [75.65490016025232, 34.20795773718826, 0.0], [75.65646197126115, 34.206321116410976, 0.0], [75.65669495369922, 34.20550072836743, 0.0], [75.65663480163552, 34.20423865534703, 0.0], [75.65738843843768, 34.202940207984234, 0.0], [75.65923793900245, 34.201830848815064, 0.0], [75.6607999739293, 34.20091537472913, 0.0], [75.66196022868326, 34.199522269258814, 0.0], [75.6624211945202, 34.19913442389222, 0.0], [75.66346271994627, 34.198940311085494, 0.0], [75.66571953104538, 34.19913334418167, 0.0], [75.66710814910641, 34.19893911908892, 0.0], [75.66907149757843, 34.19817205451351, 0.0], [75.67075309562722, 34.19802723441591, 0.0], [75.67277704423748, 34.19874763436555, 0.0], [75.67538130780986, 34.19941818143085, 0.0], [75.67915239323344, 34.200574984358624, 0.0], [75.68054140373933, 34.20095751167795, 0.0], [75.68285754231508, 34.20047415169183, 0.0], [75.68528726327908, 34.1995579520504, 0.0], [75.6867321653153, 34.19842582054542, 0.0], [75.68817702743702, 34.19729367203074, 0.0], [75.68979263897796, 34.19608930123845, 0.0], [75.6907195863443, 34.19527297142219, 0.0], [75.69037157449887, 34.19421391723409, 0.0], [75.68903930313387, 34.189964002716714, 0.0], [75.6873013381062, 34.186935811918524, 0.0], [75.68724095896472, 34.18602087286524, 0.0], [75.68805370000453, 34.184861961563705, 0.0], [75.68758613778706, 34.1837864550965, 0.0], [75.68748645041995, 34.183557147659045, 0.0], [75.68745797315876, 34.18349164102224, 0.0], [75.68741094912485, 34.18338347169757, 0.0], [75.68723871105871, 34.18298727223615, 0.0], [75.68508914994989, 34.17971265407822, 0.0], [75.68501665714838, 34.179602215097965, 0.0], [75.68492563384088, 34.17946354501653, 0.0], [75.68490477127547, 34.179426495970404, 0.0], [75.6847964909763, 34.17923421002219, 0.0], [75.6841110782525, 34.17801702493493, 0.0], [75.68463123401618, 34.177246024731744, 0.0], [75.68440157256092, 34.17464522078177, 0.0], [75.68422707076695, 34.17333816149493, 0.0], [75.68335833219982, 34.171796972998486, 0.0], [75.68277726949688, 34.170593811595786, 0.0], [75.68289055430878, 34.16977331582932, 0.0], [75.68406056330643, 34.16785705685045, 0.0], [75.68447732055118, 34.16678406459409, 0.0], [75.68283305787111, 34.16505852670905, 0.0], [75.68069012965461, 34.16356299818026, 0.0], [75.68005495300666, 34.1624589635061, 0.0], [75.67924047117384, 34.16077350693949, 0.0], [75.67883647487777, 34.15647800013452, 0.0], [75.67860212172505, 34.154697609994486, 0.0], [75.67814070925955, 34.153782712092465, 0.0], [75.67605834585919, 34.15315713387792, 0.0], [75.67507645154323, 34.15238667865409, 0.0], [75.67368788542157, 34.151327964543285, 0.0], [75.67165981072041, 34.150751884505674, 0.0], [75.67015752501968, 34.14998162107893, 0.0], [75.66968555593631, 34.14940485078639, 0.0], [75.66858425934467, 34.14814312620507, 0.0], [75.66788931927454, 34.1462186689304, 0.0], [75.66794813829247, 34.144582397243205, 0.0], [75.66794800183365, 34.144289387622905, 0.0], [75.66898876792268, 34.14409965365042, 0.0], [75.67112479092216, 34.14419351150817, 0.0], [75.67303368634312, 34.145107815816054, 0.0], [75.67361373356454, 34.14515721207888, 0.0], [75.6755217564798, 34.144579466944634, 0.0], [75.677207434145, 34.14395214332281, 0.0], [75.67911561319407, 34.14380713741966, 0.0], [75.68137120474562, 34.144189198189366, 0.0], [75.6823523178878, 34.14404450338174, 0.0], [75.6857067484591, 34.14216322963187, 0.0], [75.68581993334053, 34.14129772611157, 0.0], [75.68408292191934, 34.13807113704505, 0.0], [75.68344778517825, 34.13676428937604, 0.0], [75.682292263699, 34.13556133790572, 0.0], [75.68281139828856, 34.13368143540365, 0.0], [75.68315751162322, 34.13243261337588, 0.0], [75.68437062744437, 34.13093555398504, 0.0], [75.68679807400021, 34.12963614444921, 0.0], [75.68968633162677, 34.12857534473662, 0.0], [75.69095434570959, 34.1281420023769, 0.0], [75.69124661622844, 34.12760989014704, 0.0], [75.69124607150104, 34.12698337916603, 0.0], [75.69020413518389, 34.12528907426165, 0.0], [75.68852806129095, 34.12375289390252, 0.0], [75.68832999823289, 34.12358100321651, 0.0], [75.68719398087107, 34.122595085586354, 0.0], [75.68632601026444, 34.12158590032547, 0.0], [75.6856317565435, 34.12091005339162, 0.0], [75.68586423928286, 34.120143715725646, 0.0], [75.68713580825747, 34.11725366317739, 0.0], [75.6873624530159, 34.116050047568784, 0.0], [75.68794212915182, 34.115662072324554, 0.0], [75.68915541628438, 34.11478696838641, 0.0], [75.69059663655221, 34.114303868232966, 0.0], [75.69244967784888, 34.113770992515576, 0.0], [75.6945306039886, 34.11367519028378, 0.0], [75.69683901590312, 34.113434938868416, 0.0], [75.69845888792314, 34.11275782738591, 0.0], [75.7005929848443, 34.111552975878034, 0.0], [75.70436269032024, 34.10928779304389, 0.0], [75.7058110131081, 34.10826716054165, 0.0], [75.70774487817867, 34.107242119842645, 0.0], [75.70944322191794, 34.10677810438471, 0.0], [75.712043381164, 34.10586580780451, 0.0], [75.71458890389752, 34.10456119865936, 0.0], [75.7163168778408, 34.103973950839894, 0.0], [75.7175898075258, 34.10354030641287, 0.0], [75.71880323153684, 34.10325084299918, 0.0], [75.71974436660055, 34.10163643056012, 0.0], [75.72071592304343, 34.09828198271696, 0.0], [75.72108136544499, 34.095712448758434, 0.0], [75.72147541067629, 34.09439586734289, 0.0], [75.7223192125309, 34.0931826991471, 0.0], [75.72348243122975, 34.091725766410555, 0.0], [75.72434846607747, 34.09100387247326, 0.0], [75.72509998879192, 34.089655499238006, 0.0], [75.72590661430637, 34.089127391456856, 0.0], [75.72886295318665, 34.087678020212344, 0.0], [75.7314067106841, 34.08565637278512, 0.0], [75.73336591953205, 34.084113079372344, 0.0], [75.73394323444322, 34.082282480209145, 0.0], [75.73417423448292, 34.08074064636663, 0.0], [75.7347461159564, 34.07895065776947, 0.0], [75.73607688513742, 34.07755212694024, 0.0], [75.73746284536303, 34.0769242447035, 0.0], [75.73902225504906, 34.076390900041645, 0.0], [75.7409860133618, 34.074464350467345, 0.0], [75.74202501652674, 34.07374210017364, 0.0], [75.74254436960003, 34.07325926792489, 0.0], [75.74283046981739, 34.07253777045366, 0.0], [75.74184498030026, 34.06892819268154, 0.0], [75.74155141039027, 34.06810801546958, 0.0], [75.74010223366696, 34.065932280465255, 0.0], [75.73929277382086, 34.064152473143324, 0.0], [75.73883033587464, 34.06261136923248, 0.0], [75.73842297399393, 34.06174623288732, 0.0], [75.73692091900682, 34.0603998503812, 0.0], [75.73651402522654, 34.059823208302625, 0.0], [75.73703272376153, 34.058907691599806, 0.0], [75.74014929014314, 34.05673668612069, 0.0], [75.74148081342486, 34.05615841812571, 0.0], [75.74454124318443, 34.05653862888883, 0.0], [75.7461978936184, 34.05619444607518, 0.0], [75.74759965588117, 34.05557546229626, 0.0], [75.7499998817865, 34.0548475636914, 0.0], [75.75270251501819, 34.05650226999989, 0.0], [75.75516630123371, 34.056736790894995, 0.0], [75.75758176672461, 34.056739063111564, 0.0], [75.7589681780959, 34.05674034019169, 0.0], [75.75985098245431, 34.05669610640195, 0.0], [75.76248378731866, 34.05610351835355, 0.0], [75.76418466973946, 34.05584359288494, 0.0], [75.7658584398413, 34.055606179283195, 0.0], [75.7671043651517, 34.055350400229315, 0.0], [75.76852379525191, 34.054918834940395, 0.0], [75.76900117547318, 34.05432874265577, 0.0], [75.76908943335646, 34.05300363787695, 0.0], [75.7688506505653, 34.0508664814612, 0.0], [75.76881121614497, 34.050513531635566, 0.0], [75.7687519627485, 34.049983185925704, 0.0], [75.76866794413125, 34.04790060806055, 0.0], [75.76860078699133, 34.04768934365826, 0.0], [75.76818779457524, 34.04639011734504, 0.0], [75.76765869394488, 34.045204146616, 0.0], [75.76768741909687, 34.04381132181421, 0.0], [75.76807867025764, 34.042770392357916, 0.0], [75.76919050360056, 34.04127934806441, 0.0], [75.77026870047443, 34.04075736695525, 0.0], [75.7715685254864, 34.04056920643991, 0.0], [75.77296055196156, 34.04019169369364, 0.0], [75.77466123391669, 34.0397693833487, 0.0], [75.77644338288273, 34.03913522948312, 0.0], [75.77792225045586, 34.03856844511597, 0.0], [75.77970464491727, 34.037623193640734, 0.0], [75.78072913557645, 34.036654863451204, 0.0], [75.78141264663968, 34.03539775435575, 0.0], [75.78221002810332, 34.03405054365889, 0.0], [75.78319642856108, 34.03317676925437, 0.0], [75.78438832721908, 34.032447416414755, 0.0], [75.78583456305348, 34.03179037956985, 0.0], [75.7867122734834, 34.03120045472133, 0.0], [75.7885320569409, 34.030588703942705, 0.0], [75.7894634787048, 34.03032795300698, 0.0], [75.79068721591622, 34.030180031348074, 0.0], [75.79209487188459, 34.03025313074419, 0.0], [75.79345380015285, 34.030281074713926, 0.0], [75.79521309832703, 34.03056614923132, 0.0], [75.79628503791366, 34.03061197081181, 0.0], [75.79694023312237, 34.030445572572894, 0.0], [75.79730941957466, 34.0293368737683, 0.0], [75.79737139580034, 34.02666391487272, 0.0], [75.79746770935932, 34.026272141120195, 0.0], [75.79753980929996, 34.02597885556095, 0.0], [75.79827700431515, 34.02493802087192, 0.0], [75.7986781060203, 34.024442462770615, 0.0], [75.79983787713468, 34.022982666255686, 0.0], [75.80114329242515, 34.02220362370688, 0.0], [75.80182566471237, 34.02182544723741, 0.0], [75.80244894658402, 34.020969308647096, 0.0], [75.80341248904746, 34.0210871135696, 0.0], [75.80419752912167, 34.02101993417005, 0.0], [75.8056165340364, 34.02009661588242, 0.0], [75.81046923282713, 34.01711972285254, 0.0], [75.8127384386741, 34.015633370233736, 0.0], [75.814292800103, 34.01451173261498, 0.0], [75.8148020196416, 34.01396652493885, 0.0], [75.81491632859351, 34.01301999110707, 0.0], [75.81533914720241, 34.01224033094823, 0.0], [75.81596768454901, 34.011321049599594, 0.0], [75.81665047642828, 34.01004120352079, 0.0], [75.81730091249732, 34.00881098954314, 0.0], [75.8178156981365, 34.00786909672358, 0.0], [75.818265226425, 34.00750870147216, 0.0], [75.81891471846892, 34.00743682949315, 0.0], [75.82062499768098, 34.0076088686341, 0.0], [75.82230298500342, 34.00763220273579, 0.0], [75.82357499861148, 34.0074434113764, 0.0], [75.82471197153019, 34.00699758181013, 0.0], [75.82643885445522, 34.0065024158547, 0.0], [75.82783002080788, 34.00626408000338, 0.0], [75.8291614516281, 34.00628703736715, 0.0], [75.83151569444388, 34.00668906498237, 0.0], [75.83327472108786, 34.006928597709226, 0.0], [75.83580231598077, 34.0071367311976, 0.0], [75.83727463218916, 34.00697042700411, 0.0], [75.83863334357484, 34.00640734193449, 0.0], [75.83974312263308, 34.00612371285711, 0.0], [75.84045214483186, 34.00605177206911, 0.0], [75.84118819648826, 34.00607451719807, 0.0], [75.84158870851032, 34.006124265385864, 0.0], [75.84306145090252, 34.00477681995718, 0.0], [75.84357060706976, 34.00371310989809, 0.0], [75.8437114639379, 34.00323984175916, 0.0], [75.84294337291092, 34.002054118992156, 0.0], [75.84209424576743, 34.0005438262376, 0.0], [75.84180419634248, 33.99999910669782, 0.0], [75.84160797037339, 33.99956900152588, 0.0], [75.83838853604365, 33.9976388290115, 0.0], [75.8343360741397, 33.995289087282174, 0.0], [75.83023541453274, 33.99240274884241, 0.0], [75.82984056467848, 33.99182560877664, 0.0], [75.82975040447815, 33.99158381225454, 0.0], [75.82958226551456, 33.99113288430672, 0.0], [75.82951803215427, 33.99096061661372, 0.0], [75.82909569070733, 33.98982792677908, 0.0], [75.8288840863271, 33.98926040905622, 0.0], [75.82608109787171, 33.97945513258882, 0.0], [75.82589339265104, 33.97881424796904, 0.0], [75.82562343222104, 33.97789250716379, 0.0], [75.8256004910085, 33.97781417814549, 0.0], [75.82526936591216, 33.97731655176512, 0.0], [75.8250544332414, 33.9769935398797, 0.0], [75.82352407172912, 33.9755910276752, 0.0], [75.82065774048131, 33.973489270690855, 0.0], [75.81997110149912, 33.97266404612532, 0.0], [75.81962521152647, 33.97220865591571, 0.0], [75.82002033739005, 33.97183914626068, 0.0], [75.82039400773432, 33.971343517603785, 0.0], [75.82049173024848, 33.97081157951023, 0.0], [75.8202432015452, 33.97031568004332, 0.0], [75.820097398008, 33.96981972554412, 0.0], [75.82014650094835, 33.96916167113234, 0.0], [75.82098547046837, 33.96858501769756, 0.0], [75.82148344758599, 33.96817504571426, 0.0], [75.82188434215045, 33.967282682448236, 0.0], [75.82202562486425, 33.96631810017407, 0.0], [75.82212339503162, 33.96557891214334, 0.0], [75.82262145610494, 33.965123841800455, 0.0], [75.82385552913692, 33.96409657253003, 0.0], [75.82793614013947, 33.96121326428481, 0.0], [75.8287261311574, 33.960722203972715, 0.0], [75.82975998199578, 33.9596091956332, 0.0], [75.83065302708445, 33.95874405743459, 0.0], [75.83149171490754, 33.958334180199884, 0.0], [75.83188664411263, 33.958167463234616, 0.0], [75.83327154494079, 33.95816792509067, 0.0], [75.83406133094505, 33.95812767387478, 0.0], [75.83470536008112, 33.957591479904764, 0.0], [75.83564155215794, 33.95668570108795, 0.0], [75.83655607975587, 33.95590163254313, 0.0], [75.83823880595403, 33.95495549500748, 0.0], [75.8392721512458, 33.9545050984511, 0.0], [75.84046232940905, 33.954090688574546, 0.0], [75.8423393987581, 33.95405062182554, 0.0], [75.84436237428555, 33.95417736120239, 0.0], [75.8452494160962, 33.954466002280355, 0.0], [75.84554676206987, 33.95487629079366, 0.0], [75.84643906929911, 33.95557523299455, 0.0], [75.84767199500287, 33.95701793353624, 0.0], [75.84905620474231, 33.95911883695777, 0.0], [75.85038640472136, 33.96101681763365, 0.0], [75.85130051905358, 33.961634585398485, 0.0], [75.85213887203616, 33.96204490148786, 0.0], [75.85248501601342, 33.962252367923725, 0.0], [75.85366977294305, 33.96221195906123, 0.0], [75.85688321519007, 33.96200510854835, 0.0], [75.85984785742126, 33.96180261721681, 0.0], [75.86261220876314, 33.96159559752331, 0.0], [75.86429462183389, 33.961717449753735, 0.0], [75.8667126923144, 33.962542510914275, 0.0], [75.86945546445766, 33.962831150247176, 0.0], [75.87167887353489, 33.96270954514572, 0.0], [75.87296098233789, 33.96233538511608, 0.0], [75.87320986720134, 33.96221367269674, 0.0], [75.87355613229778, 33.96204689717864, 0.0], [75.87399967525465, 33.96250216272645, 0.0], [75.87444332057204, 33.96287183938128, 0.0], [75.87568215373835, 33.96328203461069, 0.0], [75.87632048091949, 33.96361559740069, 0.0], [75.8777540820497, 33.963944569436634, 0.0], [75.87889026134083, 33.9641474056876, 0.0], [75.88037251061021, 33.9645214534613, 0.0], [75.8813625699414, 33.964764813625074, 0.0], [75.88254743497073, 33.965508561101004, 0.0], [75.88415432466257, 33.9667840661338, 0.0], [75.88524190823244, 33.967608931633045, 0.0], [75.88672437685645, 33.968266894651684, 0.0], [75.88820672995558, 33.96864084660759, 0.0], [75.89023024251404, 33.968884066135374, 0.0], [75.89131766693778, 33.968969537538534, 0.0], [75.89205887734511, 33.96909114821057, 0.0], [75.89319509210704, 33.969090933247266, 0.0], [75.89403362894859, 33.96892404302138, 0.0], [75.89492613850167, 33.96839204544844, 0.0], [75.89586207297326, 33.96826564990769, 0.0], [75.89675473538088, 33.96826546087222, 0.0], [75.89729574927283, 33.9681030620924, 0.0], [75.89786370006954, 33.96773339831003, 0.0], [75.8985561085285, 33.96744471155291, 0.0], [75.89959489690179, 33.967692437002555, 0.0], [75.90026729531812, 33.96785993668702, 0.0], [75.9010773536496, 33.96806172332386, 0.0], [75.9024570122051, 33.96826878012446, 0.0], [75.90364719422544, 33.968101771702585, 0.0], [75.90478328515432, 33.96810145075191, 0.0], [75.90562196218767, 33.968349153647445, 0.0], [75.90661218371768, 33.968556233665964, 0.0], [75.9075967049985, 33.96834867447934, 0.0], [75.90809435534415, 33.968181768615395, 0.0], [75.90838668209422, 33.96863694104969, 0.0], [75.90853825861525, 33.9688848238688, 0.0], [75.90888447772024, 33.968799116371144, 0.0], [75.90932790610914, 33.96834816040483, 0.0], [75.90977154067393, 33.96818128563729, 0.0], [75.91006894446559, 33.96777099758388, 0.0], [75.91164823766373, 33.96686448964082, 0.0], [75.91298434161018, 33.96640879879595, 0.0], [75.9141905460938, 33.965953156974244, 0.0], [75.91557486669008, 33.96455527435272, 0.0], [75.91665632483097, 33.96356321141909, 0.0], [75.91745127853139, 33.96294538057009, 0.0], [75.91824105391426, 33.96286400514256, 0.0], [75.91937706431663, 33.96278238448399, 0.0], [75.92110291929943, 33.96302966479441, 0.0], [75.9226338256902, 33.96294343349592, 0.0], [75.9231315904932, 33.96294321841171, 0.0], [75.92436480996942, 33.96257313125636, 0.0], [75.92604710031063, 33.96236505291356, 0.0], [75.92757804431261, 33.962323853471965, 0.0], [75.92856263675769, 33.96232346360736, 0.0], [75.93041796460922, 33.962074699159196, 0.0], [75.9320459779955, 33.96149691972815, 0.0], [75.93347939300043, 33.96124832806222, 0.0], [75.93505909692894, 33.9613331959481, 0.0], [75.93679004856119, 33.9611655457199, 0.0], [75.93851554506118, 33.960876162839206, 0.0], [75.94029512567222, 33.96071296244907, 0.0], [75.94286459008437, 33.960463603467105, 0.0], [75.94424921896757, 33.960133823450825, 0.0], [75.94560095812878, 33.95943434072323, 0.0], [75.94663855905137, 33.958194075623574, 0.0], [75.94713004266777, 33.95728781113104, 0.0], [75.94782188233533, 33.956629274982504, 0.0], [75.94846543301622, 33.95634032395302, 0.0], [75.94960100277977, 33.95588884993356, 0.0], [75.9512775183097, 33.955558813282934, 0.0], [75.95291104342502, 33.95543155211381, 0.0], [75.95404717275683, 33.95555703695465, 0.0], [75.9554810655799, 33.95596626719373, 0.0], [75.95635223461677, 33.95627226337731, 0.0], [75.95702322321941, 33.956542292996744, 0.0], [75.95773757776121, 33.956789705137304, 0.0], [75.95806215143381, 33.95684805454008, 0.0], [75.95870046287236, 33.95684759307557, 0.0], [75.9595387323388, 33.956621641413975, 0.0], [75.96000904639608, 33.956310352609144, 0.0], [75.96142019920224, 33.955714307377214, 0.0], [75.96245297345321, 33.95528083394126, 0.0], [75.96326957207089, 33.95505484530659, 0.0], [75.96450254320764, 33.95476543613822, 0.0], [75.96568687684284, 33.95445357896665, 0.0], [75.96654156788901, 33.95451604234633, 0.0], [75.96673644547664, 33.95463761424372, 0.0], [75.96673703661695, 33.95511090078795, 0.0], [75.9671106202673, 33.955502796000765, 0.0], [75.96733337177122, 33.956327500671385, 0.0], [75.96777838505955, 33.95768399160239, 0.0], [75.96829934295644, 33.95918922955207, 0.0], [75.96883058047648, 33.96015796375534, 0.0], [75.9691771425821, 33.96046420845756, 0.0], [75.96994573126723, 33.960878325532974, 0.0], [75.97040578425751, 33.96109429890764, 0.0], [75.97199725693815, 33.96194498987172, 0.0], [75.97271198032574, 33.96252139590874, 0.0], [75.97345439108577, 33.96358917663065, 0.0], [75.97383958805486, 33.96457599771758, 0.0], [75.97433274219996, 33.965319365844586, 0.0], [75.97512427633382, 33.96667560774956, 0.0], [75.9754228965398, 33.967603947996416, 0.0], [75.97655044768096, 33.969518734839596, 0.0], [75.97719590719399, 33.970816419510406, 0.0], [75.97773806185452, 33.97174002294262, 0.0], [75.97819849578453, 33.97219044353949, 0.0], [75.97876678096875, 33.972379280526575, 0.0], [75.97918368088911, 33.97258176471305, 0.0], [75.98019537503197, 33.97260338189157, 0.0], [75.98145527134808, 33.972002810891816, 0.0], [75.98234749524373, 33.97163242770458, 0.0], [75.98385164099746, 33.971631053112596, 0.0], [75.98592385314873, 33.97173288083016, 0.0], [75.987964002009, 33.972019538671425, 0.0], [75.99053441662066, 33.97238675875107, 0.0], [75.99226119672346, 33.97302515068634, 0.0], [75.9937172451421, 33.973474514673654, 0.0], [75.99528721739254, 33.974131174933994, 0.0], [75.99617503771947, 33.97448184325403, 0.0], [75.99756064608015, 33.974809530955, 0.0], [75.99895127053794, 33.974880227225576, 0.0], [75.99999995054807, 33.97533718876578, 0.0], [76.00099710084785, 33.97536466649876, 0.0], [76.00216549996291, 33.97555518501772, 0.0], [76.00419316579546, 33.97651724411907, 0.0], [76.00542106401616, 33.976739351224076, 0.0], [76.00617850228429, 33.976731085842104, 0.0], [76.00658446946892, 33.97662324215909, 0.0], [76.00723955093285, 33.97638042614616, 0.0], [76.00781904830389, 33.97598888090866, 0.0], [76.00858819412379, 33.975313412202816, 0.0], [76.00912954094444, 33.97508405383746, 0.0], [76.0100064603762, 33.974845987047885, 0.0], [76.01109424493288, 33.974590039544424, 0.0], [76.01218753432168, 33.97438814699978, 0.0], [76.01339420197287, 33.97424501373513, 0.0], [76.0141516109526, 33.974281791628, 0.0], [76.01501703187711, 33.974480907238075, 0.0], [76.01572013157083, 33.97473844284152, 0.0], [76.01650431494933, 33.97496897175704, 0.0], [76.01719683118637, 33.97505523743741, 0.0], [76.01795425014913, 33.9750739548342, 0.0], [76.01810568545345, 33.97512816535081, 0.0], [76.01873290743838, 33.97550282960248, 0.0], [76.01945676475505, 33.97640048040268, 0.0], [76.02028888937939, 33.97729821950978, 0.0], [76.02183974279738, 33.97903952128432, 0.0], [76.02293664595292, 33.98031156235798, 0.0], [76.02435759037726, 33.98212479495509, 0.0], [76.02461779193179, 33.98169677934198, 0.0], [76.02498241164142, 33.979866975099696, 0.0], [76.02507622079173, 33.978311871470794, 0.0], [76.02521771000221, 33.97765388215449, 0.0], [76.02552097926532, 33.97736114255602, 0.0], [76.02611121908924, 33.97697844059896, 0.0], [76.02643098870236, 33.976482826831656, 0.0], [76.02653018127519, 33.97490973041115, 0.0], [76.02654357909213, 33.972710028390395, 0.0], [76.026539400441, 33.97163272352386, 0.0], [76.02690255159686, 33.97101094045559, 0.0], [76.02787742677799, 33.97009663116303, 0.0], [76.02931797722556, 33.968898668663435, 0.0], [76.03013028949573, 33.96817806375083, 0.0], [76.03075332801205, 33.96738066931947, 0.0], [76.03168502781712, 33.966258998079155, 0.0], [76.03261119427435, 33.96529951697073, 0.0], [76.0332015699455, 33.96465993549907, 0.0], [76.03358659279502, 33.96377668534127, 0.0], [76.03392826349487, 33.962934020826175, 0.0], [76.03464317327438, 33.962159192425815, 0.0], [76.03547161753927, 33.96147467197449, 0.0], [76.0367329978192, 33.960578534294584, 0.0], [76.03737196094418, 33.95996143084592, 0.0], [76.03826548371664, 33.95906053202529, 0.0], [76.0389047092537, 33.95817295598975, 0.0], [76.03936512373045, 33.95758720020229, 0.0], [76.0405570305198, 33.95572186006968, 0.0], [76.04119601226897, 33.95495151370605, 0.0], [76.04258277827192, 33.95295554246708, 0.0], [76.04292386352375, 33.95254556086269, 0.0], [76.04315152467379, 33.952108402847934, 0.0], [76.04340689380892, 33.950891546847295, 0.0], [76.04375981759149, 33.9494312668834, 0.0], [76.04446477387263, 33.94757452571823, 0.0], [76.04480667031177, 33.94630363308238, 0.0], [76.04515908062089, 33.94539780693472, 0.0], [76.04604722000569, 33.94421732608857, 0.0], [76.04656159652662, 33.94354153195546, 0.0], [76.0478996033389, 33.941202852754095, 0.0], [76.04826279632296, 33.940360144651216, 0.0], [76.04818293632682, 33.93884996574295, 0.0], [76.04831497280156, 33.93641593810519, 0.0], [76.04861299264293, 33.93573088395582, 0.0], [76.04925209848199, 33.93461788442261, 0.0], [76.04947451069377, 33.93385618498501, 0.0], [76.04953501087664, 33.9327113192055, 0.0], [76.04937883492273, 33.931913345323366, 0.0], [76.04898441318556, 33.93149392143542, 0.0], [76.0479628271964, 33.93096133419207, 0.0], [76.04680052705912, 33.93056394804175, 0.0], [76.0461520733983, 33.930072181772324, 0.0], [76.04580108714165, 33.92953108022943, 0.0], [76.0454288546192, 33.92853463533622, 0.0], [76.04451043996859, 33.927533264170016, 0.0], [76.04341337533434, 33.92680233073093, 0.0], [76.04210030126544, 33.92588635260708, 0.0], [76.04137080778713, 33.925290902156135, 0.0], [76.04062487295953, 33.924997344757564, 0.0], [76.03933814867115, 33.92483875480657, 0.0], [76.03759701071961, 33.92480149226656, 0.0], [76.03535272197256, 33.9249350981371, 0.0], [76.03463916341404, 33.924704630998704, 0.0], [76.03389356169181, 33.924167711077125, 0.0], [76.03341872123255, 33.92319824300369, 0.0], [76.03300440476089, 33.921282136030676, 0.0], [76.03279452207367, 33.920321805313264, 0.0], [76.03256822160304, 33.91965904131383, 0.0], [76.03321702031468, 33.91962789671794, 0.0], [76.03476364119223, 33.91949388287609, 0.0], [76.0360560387481, 33.919395627001265, 0.0], [76.03701333603762, 33.91917536478245, 0.0], [76.03803558016479, 33.918869593420894, 0.0], [76.03907987483353, 33.91810855528827, 0.0], [76.03945313409619, 33.917899198367536, 0.0], [76.03982639314442, 33.917689839596854, 0.0], [76.04088134625461, 33.91714063028284, 0.0], [76.04195777332271, 33.91668601499524, 0.0], [76.04310463166566, 33.91604672709493, 0.0], [76.043557757408, 33.915658445013094, 0.0], [76.04355965920854, 33.91565681482868, 0.0], [76.04356039641283, 33.9156561835798, 0.0], [76.04356196034787, 33.91565484347301, 0.0], [76.04356615767692, 33.91565124723597, 0.0], [76.0435760547651, 33.91564276665298, 0.0], [76.04357819371307, 33.915640933700644, 0.0], [76.04357973635166, 33.91563961302134, 0.0], [76.04359745317059, 33.9156244300913, 0.0], [76.04360267522296, 33.915619955728545, 0.0], [76.04384052383182, 33.91541614269351, 0.0], [76.0444412501453, 33.91481700251509, 0.0], [76.04489171810408, 33.914402361231325, 0.0], [76.04520961073521, 33.914109748580216, 0.0], [76.04608634733292, 33.91316366176126, 0.0], [76.04673554832648, 33.912762955656824, 0.0], [76.04776313127262, 33.912416476020184, 0.0], [76.04841200740405, 33.91229064757977, 0.0], [76.05019075238349, 33.9123368192026, 0.0], [76.05178567652536, 33.91242340326537, 0.0], [76.05326708683526, 33.912356632393205, 0.0], [76.05445126532713, 33.912177043021956, 0.0], [76.05557607798188, 33.91191173374976, 0.0], [76.05663606967022, 33.91158321031581, 0.0], [76.05749593580241, 33.9112365549911, 0.0], [76.05856681027639, 33.91083595472406, 0.0], [76.05967005596608, 33.91039484330448, 0.0], [76.06062725411161, 33.91006626839518, 0.0], [76.06196831771291, 33.909719856557125, 0.0], [76.06312002118868, 33.90949050160454, 0.0], [76.06325184536108, 33.90947516304624, 0.0], [76.06454745973613, 33.909324407616836, 0.0], [76.06646689491197, 33.909077380278475, 0.0], [76.06821309663594, 33.90906017378838, 0.0], [76.06920792420124, 33.909029085110085, 0.0], [76.07008392355566, 33.90887168089018, 0.0], [76.07122482429631, 33.90852510383627, 0.0], [76.0726632814575, 33.90798933463842, 0.0], [76.07406385200953, 33.90743539014627, 0.0], [76.07549143554151, 33.906768824014264, 0.0], [76.07636756446539, 33.906331982778596, 0.0], [76.07715710921042, 33.905908518554064, 0.0], [76.07813055907167, 33.90528232722989, 0.0], [76.07984475465129, 33.90444897727936, 0.0], [76.08091530995942, 33.90402113050601, 0.0], [76.08174261493154, 33.903773526328685, 0.0], [76.08257523642123, 33.90347626812703, 0.0], [76.08392682597288, 33.90331900384842, 0.0], [76.08559741041603, 33.903148272601854, 0.0], [76.08696512792554, 33.90302690665144, 0.0], [76.08961425589435, 33.90272573304481, 0.0], [76.09125234996864, 33.902604452540665, 0.0], [76.09190650637612, 33.90242883869436, 0.0], [76.09271752955823, 33.90202781085668, 0.0], [76.0937610377283, 33.901505220188426, 0.0], [76.09492348611762, 33.901167432520836, 0.0], [76.09602100207277, 33.900793507169105, 0.0], [76.09689689633005, 33.90041054353824, 0.0], [76.09746462740571, 33.899991451027695, 0.0], [76.09826495624999, 33.89920728903267, 0.0], [76.0988164898065, 33.89844563350835, 0.0], [76.09913029213983, 33.897674823397075, 0.0], [76.09957920170046, 33.896881523933885, 0.0], [76.10023881102842, 33.89625958408147, 0.0], [76.10112557817403, 33.89564219463749, 0.0], [76.1025365909166, 33.894862646096385, 0.0], [76.10328272041053, 33.89428582031869, 0.0], [76.10407200298243, 33.89378553106598, 0.0], [76.10535290624483, 33.89290286129282, 0.0], [76.10548831345122, 33.892809550025994, 0.0], [76.10556956699276, 33.89275355725538, 0.0], [76.10664532462202, 33.89211359971133, 0.0], [76.10670353780729, 33.89208803736725, 0.0], [76.10725083535584, 33.89184770696037, 0.0], [76.10801831112113, 33.891838822217856, 0.0], [76.10888315999604, 33.89205082000467, 0.0], [76.10916422972409, 33.89205983375614, 0.0], [76.10958051310965, 33.89193812364004, 0.0], [76.11048867247727, 33.89136123816768, 0.0], [76.11143470639212, 33.8907123078029, 0.0], [76.11208332622284, 33.890486945975994, 0.0], [76.1138238075722, 33.8902932885286, 0.0], [76.11485081113496, 33.890293378488, 0.0], [76.11529951547662, 33.89022122714267, 0.0], [76.11600215359185, 33.88980209105754, 0.0], [76.11689950331439, 33.88918909296171, 0.0], [76.11789950561136, 33.88872035387071, 0.0], [76.11912111965482, 33.88855360489734, 0.0], [76.12022909580035, 33.88865283795866, 0.0], [76.12165601014024, 33.88893683214628, 0.0], [76.12296411559286, 33.88904955003602, 0.0], [76.12333162934605, 33.888328332743534, 0.0], [76.12409922612471, 33.88658384205658, 0.0], [76.12501256406726, 33.88527658134706, 0.0], [76.12601254199363, 33.88458240698649, 0.0], [76.12693676068025, 33.884032400010625, 0.0], [76.12787708963943, 33.88349143796157, 0.0], [76.1290824222704, 33.88303164151871, 0.0], [76.12981741467141, 33.88264847449257, 0.0], [76.1305524269213, 33.88215257305973, 0.0], [76.13125492132454, 33.881552983389476, 0.0], [76.13230344958194, 33.88084974520955, 0.0], [76.13337888090443, 33.88005624633027, 0.0], [76.1341245896904, 33.87958746135174, 0.0], [76.13495681879057, 33.87918614374072, 0.0], [76.13562164469084, 33.87902832832268, 0.0], [76.13626472357524, 33.878861511423, 0.0], [76.13667537421192, 33.87859997705435, 0.0], [76.1371779177869, 33.87769385871434, 0.0], [76.13745332725054, 33.87673374095792, 0.0], [76.13756668808101, 33.87541744746762, 0.0], [76.13778813846258, 33.874587962578, 0.0], [76.13797710765586, 33.87389378235434, 0.0], [76.13831754513322, 33.873199555813805, 0.0], [76.13847406204248, 33.87241513030254, 0.0], [76.1383929424587, 33.871842668367, 0.0], [76.13808473289363, 33.87106289544798, 0.0], [76.13754425210159, 33.870075768852416, 0.0], [76.13773329130072, 33.86990889614186, 0.0], [76.13852765624577, 33.86948959742864, 0.0], [76.13893285733499, 33.869065865275076, 0.0], [76.13919215910707, 33.86843470284275, 0.0], [76.13943518649198, 33.867970351357904, 0.0], [76.14017546958492, 33.867551091604, 0.0], [76.14141284575753, 33.867140661525525, 0.0], [76.14211531048295, 33.86682960164927, 0.0], [76.14255293743531, 33.86646435603359, 0.0], [76.1426067631418, 33.86572506728607, 0.0], [76.14280122543384, 33.865179633240885, 0.0], [76.14356287840242, 33.86420128265108, 0.0], [76.14418410027206, 33.863313153557925, 0.0], [76.14516717539692, 33.86178035820767, 0.0], [76.14532904613225, 33.860739028299804, 0.0], [76.1458364509252, 33.85902153065665, 0.0], [76.14611185161858, 33.85836332922368, 0.0], [76.14676539958381, 33.85744819193363, 0.0], [76.14702458441414, 33.85652400509, 0.0], [76.14719187269625, 33.85586581619146, 0.0], [76.14796425326084, 33.854883009853936, 0.0], [76.14896359356284, 33.85415709305188, 0.0], [76.14950908740938, 33.853620550422065, 0.0], [76.14957928291625, 33.85342212065623, 0.0], [76.1494278169795, 33.85286321764446, 0.0], [76.14885490528432, 33.85195724491772, 0.0], [76.14862237700986, 33.85116398525733, 0.0], [76.14877350137733, 33.85067260507524, 0.0], [76.14908131324238, 33.85015415171871, 0.0], [76.1497185302412, 33.84937415607819, 0.0], [76.15008052926947, 33.84911718064297, 0.0], [76.15088007249992, 33.84913496992381, 0.0], [76.15159322246349, 33.8490537271227, 0.0], [76.15197134458455, 33.84892736256951, 0.0], [76.15283556192965, 33.848336691538734, 0.0], [76.15362420475675, 33.847849622777424, 0.0], [76.15432638681324, 33.84748438529966, 0.0], [76.15540142302393, 33.847245155182826, 0.0], [76.15473113343, 33.846357348134475, 0.0], [76.15436345520435, 33.845410788089325, 0.0], [76.15421712300027, 33.84408554489006, 0.0], [76.15413401970021, 33.84256048544315, 0.0], [76.15413016936112, 33.84248982290479, 0.0], [76.15416213611307, 33.84143499628432, 0.0], [76.15425370337611, 33.840601013698716, 0.0], [76.15490171805614, 33.84000576953412, 0.0], [76.15605218046892, 33.839275224372194, 0.0], [76.15720791175431, 33.83857627362625, 0.0], [76.15878498252593, 33.83779597404545, 0.0], [76.15975168554806, 33.83725930456662, 0.0], [76.15997839054843, 33.83692114442938, 0.0], [76.16016176183875, 33.836231400992865, 0.0], [76.16003181987294, 33.83538849618425, 0.0], [76.15950749323912, 33.834694408205685, 0.0], [76.15882127058086, 33.83395079522818, 0.0], [76.15825906583567, 33.833098963480005, 0.0], [76.15782124938299, 33.83235084621111, 0.0], [76.15717809387868, 33.831296222255055, 0.0], [76.15681594550762, 33.83058851473521, 0.0], [76.15686968119027, 33.82998900484978, 0.0], [76.15711795430754, 33.8294074186663, 0.0], [76.15774954645443, 33.82833893415433, 0.0], [76.15806783089451, 33.82732461500035, 0.0], [76.15855349744686, 33.82635074729823, 0.0], [76.15895833070583, 33.82566550716174, 0.0], [76.15945496438269, 33.82502521713865, 0.0], [76.16034582356914, 33.824380313692856, 0.0], [76.16120419027305, 33.823410954595865, 0.0], [76.16178173627314, 33.82253171574457, 0.0], [76.1621596275313, 33.821990653885045, 0.0], [76.16263994205543, 33.82120169948545, 0.0], [76.16327697801077, 33.82072817438818, 0.0], [76.16451344911913, 33.820069609157414, 0.0], [76.1655717942531, 33.819623026685676, 0.0], [76.16597670379775, 33.81934783298429, 0.0], [76.16528526779375, 33.81888378518701, 0.0], [76.16392389531819, 33.81811338719872, 0.0], [76.16324307592403, 33.8174104179417, 0.0], [76.16299982567445, 33.816968732276834, 0.0], [76.1627401982854, 33.81589148828818, 0.0], [76.16251830362297, 33.81496738265957, 0.0], [76.16209672910031, 33.81427332573186, 0.0], [76.16182110132367, 33.81380912534003, 0.0], [76.16173434243497, 33.81285804258175, 0.0], [76.16164209492891, 33.81195643183368, 0.0], [76.16147459424474, 33.81157787964888, 0.0], [76.16102616943202, 33.81107760758679, 0.0], [76.16063160931301, 33.810365524918744, 0.0], [76.15998838480434, 33.809031427962736, 0.0], [76.15975055626865, 33.808468025044, 0.0], [76.15964780759283, 33.80789099568986, 0.0], [76.1598255935353, 33.80693534810242, 0.0], [76.16011129596814, 33.80583529037457, 0.0], [76.16027831840735, 33.80494720110927, 0.0], [76.16054774024582, 33.80355428494437, 0.0], [76.160806599758, 33.80278780235829, 0.0], [76.1613785829007, 33.80185008646471, 0.0], [76.16263084907762, 33.80084445017853, 0.0], [76.16358077549187, 33.800010211104, 0.0], [76.16466028235155, 33.799261497797914, 0.0], [76.16557799369762, 33.798675194953375, 0.0], [76.16641450369285, 33.79798070974724, 0.0], [76.16724601497205, 33.79781817666702, 0.0], [76.16902790663643, 33.79802938099538, 0.0], [76.17039407302954, 33.798267771348506, 0.0], [76.17165771026713, 33.79862345986405, 0.0], [76.17226245208958, 33.79864125240795, 0.0], [76.17442227056806, 33.798712516104445, 0.0], [76.17529170845128, 33.79897812669632, 0.0], [76.17659342772829, 33.799572571913934, 0.0], [76.17804621264932, 33.80005878034823, 0.0], [76.17963382326631, 33.800324082343394, 0.0], [76.18074077296362, 33.80049034485357, 0.0], [76.18197201366246, 33.80056639236053, 0.0], [76.18349473720569, 33.800628810004426, 0.0], [76.184164195631, 33.80058342464612, 0.0], [76.18473622676561, 33.800154875267964, 0.0], [76.18556704619571, 33.79908163081252, 0.0], [76.18625203298366, 33.7980174494629, 0.0], [76.1868831462663, 33.7972147766925, 0.0], [76.18744426238112, 33.79665546174312, 0.0], [76.18855608267683, 33.7960824526695, 0.0], [76.18947382131263, 33.79582496812947, 0.0], [76.19000275395415, 33.79568946026457, 0.0], [76.19073679525026, 33.79534201919404, 0.0], [76.19149223870876, 33.7946608657157, 0.0], [76.19270091485659, 33.79375419163829, 0.0], [76.19332678067279, 33.793194855965716, 0.0], [76.1938175667454, 33.792608505517656, 0.0], [76.19441073469505, 33.7917336550112, 0.0], [76.19564037768708, 33.79005603120162, 0.0], [76.1964280849883, 33.789401950085555, 0.0], [76.198073598185, 33.788057650221276, 0.0], [76.19866673487016, 33.787232380317135, 0.0], [76.1991300722431, 33.78617731707454, 0.0], [76.19943695756741, 33.78523496889308, 0.0], [76.19959833185715, 33.784500107536445, 0.0], [76.20002286493698, 33.782290961281696, 0.0], [76.19989219144723, 33.781060398172336, 0.0], [76.19961023270268, 33.77964516437745, 0.0], [76.19945844073276, 33.778874387506924, 0.0], [76.19943587334087, 33.77777453185942, 0.0], [76.19963486387469, 33.77698104443174, 0.0], [76.19994727163116, 33.776173919120794, 0.0], [76.2003624319031, 33.77564175840558, 0.0], [76.20131186196609, 33.77496497041333, 0.0], [76.20238564707641, 33.77443234143373, 0.0], [76.2037128634645, 33.773705769144826, 0.0], [76.20441408953364, 33.77319145667392, 0.0], [76.20532581024543, 33.772586793775716, 0.0], [76.2061459770905, 33.77231580038434, 0.0], [76.20828854812622, 33.77195817957278, 0.0], [76.2095028898631, 33.77178160656117, 0.0], [76.21018274419099, 33.77155570118622, 0.0], [76.21079773645705, 33.771194700984516, 0.0], [76.21097519941878, 33.77049132260679, 0.0], [76.21110306833243, 33.76887287347665, 0.0], [76.21148971137501, 33.76686661410973, 0.0], [76.21192620108955, 33.76626232887918, 0.0], [76.21242075909265, 33.76429198183822, 0.0], [76.21263043824842, 33.763516496356594, 0.0], [76.21264547193135, 33.76237605017503, 0.0], [76.21257956321737, 33.76117696838634, 0.0], [76.21323248467597, 33.761099847163074, 0.0], [76.2139500179408, 33.760788326968516, 0.0], [76.21491545867154, 33.76020164366059, 0.0], [76.21605356523168, 33.7595787124726, 0.0], [76.21726731603917, 33.759068385974146, 0.0], [76.21792548452396, 33.75880639786193, 0.0], [76.21885370982667, 33.758729055333625, 0.0], [76.22047267973026, 33.75870079176925, 0.0], [76.22245891864894, 33.75882092149137, 0.0], [76.22590226932358, 33.75885873546038, 0.0], [76.227445700237, 33.75882590078147, 0.0], [76.22867634737989, 33.7589150224555, 0.0], [76.23032787234652, 33.75895872407319, 0.0], [76.23147208199207, 33.759020813679555, 0.0], [76.23249229132203, 33.75920019766561, 0.0], [76.23471632234303, 33.75950930803014, 0.0], [76.23610921721072, 33.75987314793719, 0.0], [76.2368593437407, 33.75982288514863, 0.0], [76.23781962569939, 33.759587616588455, 0.0], [76.23874211082756, 33.75921717142412, 0.0], [76.2398479861566, 33.758851011097576, 0.0], [76.2405814634129, 33.75853024953896, 0.0], [76.24126659099447, 33.75830872102424, 0.0], [76.2422270842219, 33.758149982755256, 0.0], [76.24358716654356, 33.75825235435377, 0.0], [76.24578910668093, 33.75825026006364, 0.0], [76.24609142908012, 33.758317551612144, 0.0], [76.24675548202187, 33.758461183070544, 0.0], [76.2470848647063, 33.758532978818934, 0.0], [76.24704031732435, 33.75758180134738, 0.0], [76.24729196941905, 33.7562382150085, 0.0], [76.24749602573392, 33.75546273000936, 0.0], [76.24785630922919, 33.754560759630415, 0.0], [76.2482601749177, 33.753947299261114, 0.0], [76.24892230900711, 33.75328202322736, 0.0], [76.2493483266061, 33.75298035654861, 0.0], [76.2500162822361, 33.75245770312064, 0.0], [76.25097461045365, 33.75182573456923, 0.0], [76.25205997218177, 33.751380580252864, 0.0], [76.25394387281072, 33.750976729993425, 0.0], [76.25688573461028, 33.750407055087656, 0.0], [76.2579492506437, 33.750110516559076, 0.0], [76.25936321412486, 33.750021696993386, 0.0], [76.26020509916064, 33.74999993835486, 0.0], [76.2602212479576, 33.7499931085139, 0.0], [76.26091540360055, 33.74958901854218, 0.0], [76.26282426722867, 33.748463482966024, 0.0], [76.26282966625773, 33.74846351925241, 0.0], [76.26454169589165, 33.74740571439316, 0.0], [76.26454709381743, 33.7474057496951, 0.0], [76.26523849014282, 33.7468789316938, 0.0], [76.26523842385686, 33.746874423646254, 0.0], [76.26547113068514, 33.746378728942105, 0.0], [76.2654711718243, 33.746374219641886, 0.0], [76.26550476311425, 33.74534649411885, 0.0], [76.26600379736495, 33.743345415646495, 0.0], [76.26705876582723, 33.74111046208263, 0.0], [76.26705880690373, 33.74110595270427, 0.0], [76.26725932734601, 33.74037583502157, 0.0], [76.2672592599024, 33.74037132685491, 0.0], [76.2670982944489, 33.73969497129302, 0.0], [76.26709289831054, 33.739695027632855, 0.0], [76.26646838920722, 33.73857656373342, 0.0], [76.26620488258742, 33.73790008662637, 0.0], [76.26571518484857, 33.736867355269354, 0.0], [76.26538745504261, 33.73574917919171, 0.0], [76.26538205765111, 33.7357491439153, 0.0], [76.26545339501573, 33.734748445596175, 0.0], [76.26578382255734, 33.73377954196077, 0.0], [76.26578375625787, 33.73377503372036, 0.0], [76.26650778702913, 33.732986790728155, 0.0], [76.26651311799615, 33.73298231681135, 0.0], [76.26733388478576, 33.73242403882969, 0.0], [76.26911541228885, 33.73157360772188, 0.0], [76.26912080951871, 33.73157364197364, 0.0], [76.2710314302318, 33.7309891625117, 0.0], [76.27103686944001, 33.730984687197626, 0.0], [76.27116116957389, 33.73075487946719, 0.0], [76.27116664968185, 33.73074589461344, 0.0], [76.27073621792418, 33.72972222151207, 0.0], [76.27073625993972, 33.729717711988926, 0.0], [76.27007961654228, 33.728423374792676, 0.0], [76.26908832255185, 33.72727758015839, 0.0], [76.26810252651443, 33.72610015728884, 0.0], [76.26810246121443, 33.72609564896021, 0.0], [76.26770957970454, 33.725301999324486, 0.0], [76.26741361768191, 33.72468411495358, 0.0], [76.26731394318637, 33.722448105531846, 0.0], [76.26748510314785, 33.71923865798045, 0.0], [76.26735187148441, 33.7179718472014, 0.0], [76.26712634856604, 33.71709260374886, 0.0], [76.26712099564185, 33.71708814947991, 0.0], [76.26676012930174, 33.71661901316171, 0.0], [76.26580622482457, 33.715941946377434, 0.0], [76.26511142453676, 33.715116389128085, 0.0], [76.264061305361, 33.713763094832295, 0.0], [76.26374349968643, 33.71334316909473, 0.0], [76.26368460714816, 33.713265353034465, 0.0], [76.2634365780784, 33.712937622760904, 0.0], [76.26343122402253, 33.71293307765109, 0.0], [76.26323816242991, 33.712085420445014, 0.0], [76.26323809518524, 33.71208091095465, 0.0], [76.26323937225665, 33.711109385861015, 0.0], [76.26323950809993, 33.71100633623698, 0.0], [76.26323987379037, 33.710728570167745, 0.0], [76.26383471936796, 33.70955260468005, 0.0], [76.26475819188374, 33.708638326424406, 0.0], [76.2659139438597, 33.70749430370447, 0.0], [76.26591387757013, 33.70748979507733, 0.0], [76.26617892507569, 33.70694010692785, 0.0], [76.26617889987457, 33.70693108841139, 0.0], [76.26572130353964, 33.70622746577352, 0.0], [76.26571590750126, 33.70622743050441, 0.0], [76.26456303730492, 33.70516703002786, 0.0], [76.26357702103049, 33.70443138075956, 0.0], [76.26357695480337, 33.70442687299223, 0.0], [76.26318393935023, 33.703872014870406, 0.0], [76.26318398053337, 33.70386750585054, 0.0], [76.26311489041191, 33.70304707740302, 0.0], [76.26311493270983, 33.70304256748932, 0.0], [76.26440759249228, 33.70022179149819, 0.0], [76.26496987241205, 33.69910432216689, 0.0], [76.26556461854128, 33.69792825929485, 0.0], [76.2656946330921, 33.69742802364355, 0.0], [76.26569467528918, 33.69742351364667, 0.0], [76.26530229724924, 33.69633674453405, 0.0], [76.26494279386078, 33.69495256747909, 0.0], [76.2649440223176, 33.69392471385719, 0.0], [76.26494406342997, 33.6939202046908, 0.0], [76.26540394894228, 33.69271702358132, 0.0], [76.26583650446925, 33.69186548279839, 0.0], [76.26583643778453, 33.69186088420193, 0.0], [76.26580489963452, 33.69124776727426, 0.0], [76.26580494071298, 33.6912432580684, 0.0], [76.26537437663747, 33.69050815035233, 0.0], [76.26494912648793, 33.68992170103133, 0.0], [76.26471793048208, 33.68942110533444, 0.0], [76.26471786424847, 33.689416596441504, 0.0], [76.26501516602983, 33.68886243078563, 0.0], [76.26501510083995, 33.68885792281435, 0.0], [76.26620295809494, 33.68771392951576, 0.0], [76.26742289197574, 33.68677287407075, 0.0], [76.26835107223101, 33.68618318685087, 0.0], [76.26927402384253, 33.68548072532626, 0.0], [76.26960346869946, 33.685097840652055, 0.0], [76.26960340333596, 33.68509333262739, 0.0], [76.26960409638822, 33.68453886621062, 0.0], [76.26960413840231, 33.68453435692942, 0.0], [76.26934074438394, 33.68386238744362, 0.0], [76.26934067903119, 33.68385787940074, 0.0], [76.26858696088344, 33.682919666331095, 0.0], [76.26858156588322, 33.68291963205683, 0.0], [76.26773070531021, 33.68203534967885, 0.0], [76.26772531143428, 33.68203531540103, 0.0], [76.2669709979188, 33.68150275276561, 0.0], [76.26641112779136, 33.680826059905804, 0.0], [76.26618010401889, 33.68012263660121, 0.0], [76.26618014616247, 33.680118127256144, 0.0], [76.26621319401096, 33.67953212487483, 0.0], [76.26634328765044, 33.6790318855278, 0.0], [76.26634861761492, 33.67902750240876, 0.0], [76.2676979112158, 33.67800079577171, 0.0], [76.2691876713958, 33.67673535241309, 0.0], [76.27050464655625, 33.675591436259595, 0.0], [76.27149875089702, 33.67388374297372, 0.0], [76.2722871119414, 33.672856623504, 0.0], [76.2722925468937, 33.672852058438416, 0.0], [76.27298588399957, 33.67006224819234, 0.0], [76.27298592587904, 33.67005773869823, 0.0], [76.273515084838, 33.669354973425456, 0.0], [76.27351512669703, 33.66935046392085, 0.0], [76.27420574694005, 33.66876498555084, 0.0], [76.27544729647691, 33.667521779350054, 0.0], [76.27722820780417, 33.66593641637456, 0.0], [76.27874980271272, 33.66476107810535, 0.0], [76.28009846312904, 33.663905596823675, 0.0], [76.28010385765094, 33.66390572138513, 0.0], [76.28207795038593, 33.66296491686069, 0.0], [76.28386310767483, 33.662231486107906, 0.0], [76.28464522867526, 33.66185332903543, 0.0], [76.28465059391469, 33.66184434382012, 0.0], [76.2845218758482, 33.661231250007326, 0.0], [76.28363410137794, 33.659643740828976, 0.0], [76.28363403335383, 33.65963923148353, 0.0], [76.2825145233414, 33.65799306510615, 0.0], [76.28169114769153, 33.656743699396145, 0.0], [76.28073846585299, 33.65539060182686, 0.0], [76.28004917952497, 33.654686899647125, 0.0], [76.28004382741814, 33.65468235601586, 0.0], [76.27886365542643, 33.65441553686535, 0.0], [76.27885826281162, 33.654415502940815, 0.0], [76.2783352345263, 33.654532293153785, 0.0], [76.27832984196353, 33.654532257400646, 0.0], [76.27724669363941, 33.65427001246293, 0.0], [76.27625511289094, 33.653971638938486, 0.0], [76.2756596410591, 33.653649749117214, 0.0], [76.27484376905781, 33.653208712957785, 0.0], [76.27483841721879, 33.65320416913944, 0.0], [76.27411705633018, 33.652324541459166, 0.0], [76.27411709816006, 33.652320031705344, 0.0], [76.27375161781711, 33.65144069983372, 0.0], [76.27347825263087, 33.649989016871714, 0.0], [76.2734704619508, 33.649947646163184, 0.0], [76.2734247556014, 33.649704928132785, 0.0], [76.27342479637376, 33.649700418316904, 0.0], [76.27329303445096, 33.64942305519417, 0.0], [76.2732712780862, 33.649377258084044, 0.0], [76.27316127414564, 33.64914569446076, 0.0], [76.27316131601097, 33.64914118466073, 0.0], [76.27244594619427, 33.647873865772056, 0.0], [76.2719890301408, 33.64684567135916, 0.0], [76.27198896359555, 33.646841163657704, 0.0], [76.27205758859247, 33.64606151594626, 0.0], [76.27208735947468, 33.64572329026329, 0.0], [76.27202353149416, 33.64496142708335, 0.0], [76.27202357340161, 33.644956917222494, 0.0], [76.27143755868771, 33.644112912287504, 0.0], [76.27143167389475, 33.64410443756666, 0.0], [76.27047866504148, 33.64331022864499, 0.0], [76.27047327445935, 33.643310283322954, 0.0], [76.2698861578458, 33.64301671904225, 0.0], [76.26988076578398, 33.643016683923236, 0.0], [76.26892677806285, 33.6429843628944, 0.0], [76.26783784004924, 33.64319078725578, 0.0], [76.2672965480724, 33.64329423308332, 0.0], [76.26678118045467, 33.64339272298377, 0.0], [76.26609117624031, 33.643509456706525, 0.0], [76.26609113410633, 33.64351396658705, 0.0], [76.26556298730053, 33.64351342191939, 0.0], [76.26556302837155, 33.643508912015, 0.0], [76.26457706890356, 33.64321498519028, 0.0], [76.26457167683415, 33.64321494990132, 0.0], [76.26272961371713, 33.642244168916456, 0.0], [76.26242256643759, 33.642077033480625, 0.0], [76.26217230502867, 33.64191030830323, 0.0], [76.26160952863071, 33.64153537922394, 0.0], [76.25851259710349, 33.639914194508094, 0.0], [76.2573600185966, 33.63935405224562, 0.0], [76.25647126533977, 33.6389700571816, 0.0], [76.25567922908235, 33.63879349279641, 0.0], [76.25518358980841, 33.638675872359784, 0.0], [76.25393375442023, 33.63829146516866, 0.0], [76.2530447693312, 33.63808322088821, 0.0], [76.25258881693091, 33.63799539926831, 0.0], [76.2521831227124, 33.63792339157842, 0.0], [76.25177471742808, 33.637917336286925, 0.0], [76.25152197626929, 33.63797635112632, 0.0], [76.25114224982701, 33.63817147944876, 0.0], [76.25057127589774, 33.63847362301009, 0.0], [76.25041944627843, 33.6385539662047, 0.0], [76.2504140555097, 33.63855393048615, 0.0], [76.25008924109689, 33.63863264547797, 0.0], [76.25005462300771, 33.63864103513108, 0.0], [76.25005357447301, 33.638641289181685, 0.0], [76.25004047323323, 33.6386444640283, 0.0], [76.2500206220462, 33.63864927443664, 0.0], [76.25000716034727, 33.63865253734647, 0.0], [76.25000008163931, 33.63865425261466, 0.0], [76.24956222387492, 33.63876014004738, 0.0], [76.2495568334625, 33.63876019496268, 0.0], [76.24955061946666, 33.638759054859264, 0.0], [76.24954060829322, 33.63875721918976, 0.0], [76.24954028072324, 33.63875715931587, 0.0], [76.24952279811306, 33.638753952474666, 0.0], [76.24891406730686, 33.63864230350948, 0.0], [76.24823975638242, 33.63830967180684, 0.0], [76.24699838848139, 33.63706671709867, 0.0], [76.24658570817114, 33.63677862996397, 0.0], [76.24617302987845, 33.636490541549726, 0.0], [76.24545763784847, 33.636296285349374, 0.0], [76.24445453278732, 33.636023898929146, 0.0], [76.24418044111717, 33.635949469284085, 0.0], [76.24398957438025, 33.635897638890654, 0.0], [76.24365378872724, 33.63576791761873, 0.0], [76.24316790208681, 33.63558020802569, 0.0], [76.24230180082358, 33.63524560680748, 0.0], [76.24182738752359, 33.635124336566896, 0.0], [76.24135297517093, 33.63500306584844, 0.0], [76.24118509033212, 33.63497253386451, 0.0], [76.2401940427757, 33.634792296846456, 0.0], [76.23897543836038, 33.6343065942311, 0.0], [76.23871643868945, 33.634189388631604, 0.0], [76.23818529405942, 33.63394902737825, 0.0], [76.23770283395197, 33.63373069408616, 0.0], [76.23495313917891, 33.63280455757515, 0.0], [76.23467667770237, 33.632728691324324, 0.0], [76.2336270031291, 33.632440635506185, 0.0], [76.2334345512458, 33.63235981156601, 0.0], [76.23282361526817, 33.632103234407815, 0.0], [76.23200940813554, 33.63177035357586, 0.0], [76.23148100728967, 33.63152742470719, 0.0], [76.23089863929447, 33.63125743283828, 0.0], [76.23053722518338, 33.63098271465305, 0.0], [76.2302245326282, 33.63079814729293, 0.0], [76.22990098596955, 33.63067672909783, 0.0], [76.22975523364063, 33.63046497729772, 0.0], [76.22955009104315, 33.63016317949395, 0.0], [76.22937182131068, 33.62982521821488, 0.0], [76.22932355107865, 33.62958246629272, 0.0], [76.22926486040433, 33.629287310883875, 0.0], [76.22926337799862, 33.62927985656965, 0.0], [76.22922531957887, 33.628991367391784, 0.0], [76.22918726131644, 33.628702878842205, 0.0], [76.22920297215458, 33.62830617172403, 0.0], [76.22911626667316, 33.62790958204086, 0.0], [76.22898637688631, 33.62748591371437, 0.0], [76.22885669254113, 33.62715243020686, 0.0], [76.22865710518074, 33.62696772695558, 0.0], [76.22841976081685, 33.62681920193834, 0.0], [76.22818774032521, 33.62654445431433, 0.0], [76.22796651862627, 33.62630116307488, 0.0], [76.22778304597028, 33.626089423519275, 0.0], [76.22775037792739, 33.62584606302031, 0.0], [76.22778251612445, 33.625634166290915, 0.0], [76.22811096249451, 33.62544908852511, 0.0], [76.22831005449243, 33.62517393546269, 0.0], [76.22894560018358, 33.624902923965884, 0.0], [76.22903782129528, 33.6248648933397, 0.0], [76.22990965637261, 33.62450535724094, 0.0], [76.23119692576894, 33.624049008842306, 0.0], [76.23194556282334, 33.623741773111384, 0.0], [76.23281237355991, 33.62316396844065, 0.0], [76.2338134808047, 33.62225247887006, 0.0], [76.23504582286677, 33.621002728333316, 0.0], [76.23566427023405, 33.62002848730289, 0.0], [76.23670750035839, 33.618440695588056, 0.0], [76.23722902037585, 33.617588266217794, 0.0], [76.23755675404634, 33.61679901145778, 0.0], [76.23784695936843, 33.61628033051258, 0.0], [76.23812114151127, 33.61582484834748, 0.0], [76.23848153284588, 33.61533765994019, 0.0], [76.23853630161335, 33.61526993290327, 0.0], [76.23890107535017, 33.614818852796425, 0.0], [76.23913227849692, 33.614426389534245, 0.0], [76.23931486883859, 33.613966411738915, 0.0], [76.23958882548115, 33.6133305558962, 0.0], [76.2399865645472, 33.61259993628924, 0.0], [76.24007760970866, 33.61226623485498, 0.0], [76.24013076369354, 33.611657572792254, 0.0], [76.24018389482139, 33.61110762313244, 0.0], [76.24031255741264, 33.610683718777786, 0.0], [76.24052761978365, 33.61028681475944, 0.0], [76.24072642362292, 33.609921458947085, 0.0], [76.24096308111066, 33.60958764853177, 0.0], [76.24103806195511, 33.6092540172067, 0.0], [76.24099984662631, 33.60888887336668, 0.0], [76.24090761494851, 33.60840215990954, 0.0], [76.24063213206611, 33.607884004309895, 0.0], [76.24056137328314, 33.6073386339734, 0.0], [76.24052280076909, 33.606730080597174, 0.0], [76.24048418687681, 33.60605839565791, 0.0], [76.24042947165121, 33.60539129260142, 0.0], [76.2403371608415, 33.604845867054976, 0.0], [76.24008303714369, 33.604237579704204, 0.0], [76.23968327335963, 33.60338598568093, 0.0], [76.23942949918158, 33.60289935481223, 0.0], [76.23864764692193, 33.602444708284565, 0.0], [76.23804977275726, 33.602472339021205, 0.0], [76.2373386687395, 33.60247296019789, 0.0], [76.23602976671812, 33.60262745860529, 0.0], [76.23303483781352, 33.60293665722715, 0.0], [76.23174740371488, 33.60296481478225, 0.0], [76.23070774117264, 33.60303784247054, 0.0], [76.22934437630654, 33.60270544262468, 0.0], [76.22805649820042, 33.60243603882866, 0.0], [76.22710794629602, 33.60216181405328, 0.0], [76.22647182954215, 33.601734143636804, 0.0], [76.22609434461509, 33.60146398746457, 0.0], [76.22562009317379, 33.60124800030589, 0.0], [76.22505411588577, 33.60097790501504, 0.0], [76.22470904457792, 33.600766314989265, 0.0], [76.22445564386084, 33.60058177556973, 0.0], [76.22421832066338, 33.600306980456814, 0.0], [76.22414768699417, 33.599793072495295, 0.0], [76.22418454308854, 33.59899969328836, 0.0], [76.22412402979589, 33.597935813498474, 0.0], [76.22409079079803, 33.59714700612341, 0.0], [76.22412277731674, 33.596840413881, 0.0], [76.2244672146371, 33.59659665659118, 0.0], [76.22552249485263, 33.59610893780561, 0.0], [76.22604981141737, 33.595621663106485, 0.0], [76.2269379726179, 33.595106999265184, 0.0], [76.22744392178916, 33.59470993709102, 0.0], [76.22791722816385, 33.59410098729796, 0.0], [76.2282721211503, 33.593577716417826, 0.0], [76.22869154955669, 33.59300032299288, 0.0], [76.2288525587332, 33.59254490208081, 0.0], [76.22910527119146, 33.59208938247254, 0.0], [76.2291962136294, 33.591602460913684, 0.0], [76.22932474489326, 33.59096220798799, 0.0], [76.2293239785056, 33.59035363406441, 0.0], [76.22932353986597, 33.589988470209775, 0.0], [76.22948477600558, 33.58968636516763, 0.0], [76.22964594499243, 33.58937966042308, 0.0], [76.22995780412049, 33.58892409189757, 0.0], [76.23021059647208, 33.588558755873876, 0.0], [76.2306087681816, 33.58822480123583, 0.0], [76.23095311958298, 33.58791798663957, 0.0], [76.23122717262316, 33.58740380958015, 0.0], [76.23140432100568, 33.58694831457654, 0.0], [76.2313176363262, 33.586520157550794, 0.0], [76.23118769272182, 33.58597482637517, 0.0], [76.23084217203012, 33.58530339378225, 0.0], [76.23018357817851, 33.58414995623202, 0.0], [76.22947704360222, 33.58333014196214, 0.0], [76.22902381208424, 33.58269034827246, 0.0], [76.22858658441172, 33.58190185443205, 0.0], [76.22802035556909, 33.581293750613575, 0.0], [76.227421703508, 33.58056394238112, 0.0], [76.22698501752004, 33.580230702691054, 0.0], [76.22618710842096, 33.579528116595455, 0.0], [76.22593330236907, 33.57898292398141, 0.0], [76.22571170068144, 33.57828436385258, 0.0], [76.22551175623562, 33.57770743177276, 0.0], [76.22522039743735, 33.57727949209298, 0.0], [76.22489167591074, 33.577036264379096, 0.0], [76.22445520935233, 33.57691495289633, 0.0], [76.22381947314555, 33.5766449972608, 0.0], [76.22277978465665, 33.57638886254875, 0.0], [76.22214400716683, 33.57614595554081, 0.0], [76.22166965359717, 33.57581270694588, 0.0], [76.2211092885508, 33.57553811496723, 0.0], [76.22067265351107, 33.57520494179519, 0.0], [76.2201283168356, 33.57481312387035, 0.0], [76.21976178917896, 33.574538419091226, 0.0], [76.21934669958412, 33.57417364259059, 0.0], [76.21883483645362, 33.573899013880535, 0.0], [76.21827458683687, 33.5737461619154, 0.0], [76.21787058779006, 33.57365634285311, 0.0], [76.21718114490295, 33.57362524743461, 0.0], [76.21642184308564, 33.57359880225257, 0.0], [76.2153880970503, 33.573870052035986, 0.0], [76.21462344138583, 33.57399227764378, 0.0], [76.21384282062714, 33.57423631825302, 0.0], [76.21302425715524, 33.574209892760116, 0.0], [76.21239936719016, 33.57400290297535, 0.0], [76.21160204406453, 33.57382321208977, 0.0], [76.21109041644627, 33.573733342844235, 0.0], [76.21047631179134, 33.573580530484136, 0.0], [76.20991077275278, 33.573549354651554, 0.0], [76.20931294715436, 33.57342803346223, 0.0], [76.20853198469877, 33.57337000556419, 0.0], [76.20795029499179, 33.57337036337397, 0.0], [76.20740648354715, 33.57342933243308, 0.0], [76.20693252697406, 33.57339815140342, 0.0], [76.20648004808741, 33.57327675122646, 0.0], [76.20611882033833, 33.57282166828546, 0.0], [76.20584320365674, 33.57182101677183, 0.0], [76.2057510074669, 33.57111791013511, 0.0], [76.20557242442072, 33.570175836020006, 0.0], [76.20548262076797, 33.56950432764652, 0.0], [76.20544221254984, 33.569202175163525, 0.0], [76.20542970854625, 33.5684446911805, 0.0], [76.20542517181337, 33.56816987250106, 0.0], [76.20548725879368, 33.5677632181159, 0.0], [76.20549468772559, 33.56771455917857, 0.0], [76.20576075285246, 33.56753058284661, 0.0], [76.20580147460879, 33.56750242534176, 0.0], [76.20599258533191, 33.56747075576293, 0.0], [76.20618369592327, 33.567439086869996, 0.0], [76.20672744599321, 33.567285427347656, 0.0], [76.20736264318501, 33.567014531882876, 0.0], [76.20850932103083, 33.56664863226842, 0.0], [76.20914451592049, 33.566463315897224, 0.0], [76.20958022512639, 33.565917572232884, 0.0], [76.2099027672778, 33.56543047150103, 0.0], [76.210558356566, 33.5640596113059, 0.0], [76.21077345837064, 33.563694322142965, 0.0], [76.21119295932627, 33.563270304374726, 0.0], [76.21159109381391, 33.562936410068694, 0.0], [76.21213464568191, 33.56257087893699, 0.0], [76.21284515585464, 33.56235847081049, 0.0], [76.21345859334346, 33.56192983945474, 0.0], [76.21414700474084, 33.56110887377196, 0.0], [76.21482501518284, 33.56030029424001, 0.0], [76.21483540433287, 33.56028790487398, 0.0], [76.2156903315847, 33.559128716177554, 0.0], [76.2164699983982, 33.55812736884101, 0.0], [76.2173735405232, 33.557211558700956, 0.0], [76.21822916141807, 33.55669700730852, 0.0], [76.2187886153095, 33.55624128326566, 0.0], [76.21977294655115, 33.55532087289869, 0.0], [76.2203158430274, 33.554531610333754, 0.0], [76.22077283165184, 33.553922666198375, 0.0], [76.22126221239787, 33.55340385903486, 0.0], [76.22169787882737, 33.55297973693106, 0.0], [76.2220417511116, 33.55237091212816, 0.0], [76.22250899932334, 33.55130668367521, 0.0], [76.2229817189797, 33.550364062839066, 0.0], [76.22330933043025, 33.54966511731245, 0.0], [76.22376078825508, 33.54893446327066, 0.0], [76.22439532140322, 33.54829380922866, 0.0], [76.22502977235102, 33.547594530528904, 0.0], [76.22555708785826, 33.54728754377332, 0.0], [76.22615457594297, 33.54722850668705, 0.0], [76.22700491305336, 33.54695276523437, 0.0], [76.22771547200112, 33.54686202672476, 0.0], [76.22849571735316, 33.546527807490385, 0.0], [76.2290928998718, 33.54618917716591, 0.0], [76.22961995090417, 33.545796588242474, 0.0], [76.2300555975059, 33.54539949322915, 0.0], [76.23056151693868, 33.545340443104344, 0.0], [76.23118046052248, 33.54515508631825, 0.0], [76.23192342234566, 33.545186025686974, 0.0], [76.23314038658926, 33.54542832973309, 0.0], [76.23426578209197, 33.54551749384365, 0.0], [76.23539651247805, 33.54570129240316, 0.0], [76.23641442623986, 33.546002458683844, 0.0], [76.23726546753237, 33.54630825940641, 0.0], [76.2378149615165, 33.546578199919736, 0.0], [76.2381921114913, 33.546794215498025, 0.0], [76.23873628383106, 33.547158902032, 0.0], [76.23919436517939, 33.54746050354977, 0.0], [76.2397385266411, 33.547793620038256, 0.0], [76.24029899634023, 33.54818979204218, 0.0], [76.24122519302279, 33.54831055933411, 0.0], [76.24206472131814, 33.548034823754506, 0.0], [76.24304357902774, 33.54733515510916, 0.0], [76.24403855538475, 33.546603931738595, 0.0], [76.24505531564944, 33.54602589013822, 0.0], [76.24549106718948, 33.545813624384024, 0.0], [76.24574367207673, 33.545538356060895, 0.0], [76.24598075274041, 33.54565979840852, 0.0], [76.24665467989007, 33.546357919416366, 0.0], [76.24763651018992, 33.54772735500364, 0.0], [76.24804161680409, 33.54866464819141, 0.0], [76.2482638436381, 33.549669710558646, 0.0], [76.24842579024974, 33.55000312368531, 0.0], [76.24860925690838, 33.55030493485215, 0.0], [76.24886291356128, 33.550701364277536, 0.0], [76.2499142372804, 33.55150835073665, 0.0], [76.24993557469838, 33.55152472956947, 0.0], [76.2499387124623, 33.551527138112306, 0.0], [76.24994288524321, 33.551530340494, 0.0], [76.24994400692879, 33.551531201553374, 0.0], [76.24998112833605, 33.55155969594132, 0.0], [76.24999999513591, 33.55157417710381, 0.0], [76.25055390180633, 33.55201031872016, 0.0], [76.25055820318032, 33.552013837694076, 0.0], [76.2505790176492, 33.55203086489867, 0.0], [76.25058085325388, 33.55203236663728, 0.0], [76.25058227823828, 33.552033532782296, 0.0], [76.25161872186544, 33.552881408880886, 0.0], [76.25271017439076, 33.55399148743943, 0.0], [76.2536829604017, 33.555236594058094, 0.0], [76.25451027682594, 33.556558294163075, 0.0], [76.25548288675718, 33.55801072824133, 0.0], [76.25666529247336, 33.55959873989503, 0.0], [76.25761172224828, 33.56057784955139, 0.0], [76.25819751586225, 33.561371765214695, 0.0], [76.25846623270917, 33.56176874368433, 0.0], [76.2586427861138, 33.562584854796064, 0.0], [76.2586428521301, 33.56258936282124, 0.0], [76.25920125129022, 33.56380256218262, 0.0], [76.25940463390636, 33.56469983779367, 0.0], [76.25941008586496, 33.56470429142636, 0.0], [76.25964116208844, 33.565015610747096, 0.0], [76.25964661407058, 33.56502006436763, 0.0], [76.2610947698865, 33.5652829127214, 0.0], [76.26259668446032, 33.56560435908554, 0.0], [76.26260207044066, 33.5656043037159, 0.0], [76.26472888190767, 33.56581806789299, 0.0], [76.26626349795671, 33.565869023972155, 0.0], [76.26626888540792, 33.5658690591917, 0.0], [76.26749660242847, 33.565870110807644, 0.0], [76.26906353550463, 33.56597968437692, 0.0], [76.27027482182761, 33.56621960100969, 0.0], [76.27142707178602, 33.566378313156456, 0.0], [76.2730527050468, 33.56685303095945, 0.0], [76.27305809107916, 33.56685297525538, 0.0], [76.27425673209778, 33.56697162437289, 0.0], [76.27445376577514, 33.566991126756946, 0.0], [76.27471116572663, 33.56701660424823, 0.0], [76.27492261287418, 33.56704238062413, 0.0], [76.27556339642884, 33.56712049269287, 0.0], [76.27687022298613, 33.56727978902251, 0.0], [76.27701976377669, 33.56731559423296, 0.0], [76.27787157487246, 33.56751954233056, 0.0], [76.27787696132012, 33.56751957715439, 0.0], [76.27979394843307, 33.567548109382884, 0.0], [76.28098412640372, 33.5675444539058, 0.0], [76.28207759411595, 33.567229744333375, 0.0], [76.2834670989265, 33.56704588064183, 0.0], [76.28444188458218, 33.56693845775311, 0.0], [76.28529825640871, 33.566808355411574, 0.0], [76.28530364240468, 33.56680830022175, 0.0], [76.286364518227, 33.56678203714714, 0.0], [76.28825994146594, 33.566810390841226, 0.0], [76.28926162098519, 33.56672997553834, 0.0], [76.29088799741191, 33.566654402587986, 0.0], [76.29089338493476, 33.56665443611306, 0.0], [76.29189492998007, 33.56673173682336, 0.0], [76.2930469475956, 33.567052584675594, 0.0], [76.29408055878972, 33.5674229099913, 0.0], [76.29408594523771, 33.567422944296375, 0.0], [76.29576603474588, 33.567473546397636, 0.0], [76.29577142122514, 33.56747357974263, 0.0], [76.29860945125638, 33.56731757332534, 0.0], [76.30103807748658, 33.567282957654484, 0.0], [76.30233586411256, 33.567364906058714, 0.0], [76.30234125015444, 33.56736484941764, 0.0], [76.30301423453874, 33.56755013295997, 0.0], [76.30301962058874, 33.5675500762972, 0.0], [76.30360629118704, 33.567920065753384, 0.0], [76.3036116776605, 33.567920099753565, 0.0], [76.30431657519185, 33.568529096086465, 0.0], [76.30490831576881, 33.56934986781061, 0.0], [76.30529019696898, 33.56992709068214, 0.0], [76.30529554295478, 33.569931634682476, 0.0], [76.30611904331307, 33.570509066970835, 0.0], [76.30611900276456, 33.57051357701687, 0.0], [76.30742183817883, 33.57109135154173, 0.0], [76.30742179876238, 33.57109586160337, 0.0], [76.30848263942475, 33.571200088009775, 0.0], [76.30848802713177, 33.571200121877276, 0.0], [76.30927963810677, 33.57125460874869, 0.0], [76.30928502432293, 33.57125455188613, 0.0], [76.30978030293124, 33.571462240580395, 0.0], [76.30978561053257, 33.571471202909315, 0.0], [76.3099628653773, 33.572179092624026, 0.0], [76.31031715146254, 33.57365791339999, 0.0], [76.31046120794095, 33.575533343621856, 0.0], [76.31046116714464, 33.57553776291655, 0.0], [76.31025516602381, 33.577413020655484, 0.0], [76.31013577427017, 33.57860302853534, 0.0], [76.31013584331784, 33.57860753723784, 0.0], [76.30951538184728, 33.58005879685271, 0.0], [76.30865255360416, 33.58148736428463, 0.0], [76.30759015173629, 33.5832809438717, 0.0], [76.30628539743807, 33.58499780016286, 0.0], [76.30501306864288, 33.58650272451994, 0.0], [76.30394575061436, 33.58753443355561, 0.0], [76.30385946402721, 33.58766512031395, 0.0], [76.30385942446898, 33.58766963013444, 0.0], [76.30304015509957, 33.58840849757022, 0.0], [76.30303476657942, 33.58840846443625, 0.0], [76.30235544736355, 33.58912484022437, 0.0], [76.30182709684064, 33.5897556612759, 0.0], [76.3018216686224, 33.589760137892874, 0.0], [76.30129258246808, 33.59126098860161, 0.0], [76.3005798673438, 33.5932440998254, 0.0], [76.30028231622305, 33.594722491165804, 0.0], [76.30028238490338, 33.594726999638496, 0.0], [76.3002491238188, 33.59572778377336, 0.0], [76.30010304115507, 33.596521062322225, 0.0], [76.29974679340708, 33.59736389539903, 0.0], [76.29974675365986, 33.59736840598373, 0.0], [76.29960062738701, 33.59823834192169, 0.0], [76.29980380018125, 33.59990636215534, 0.0], [76.300126334143, 33.600830715789016, 0.0], [76.30098177549552, 33.602125000085735, 0.0], [76.30098173585073, 33.60212950878953, 0.0], [76.30183743326972, 33.60313076974598, 0.0], [76.30263922294117, 33.60429429478054, 0.0], [76.30358091394365, 33.60564275375735, 0.0], [76.30479717550347, 33.607257243358, 0.0], [76.3059489280653, 33.60873649038237, 0.0], [76.3065085686608, 33.60955280483314, 0.0], [76.30651391827506, 33.60955725668708, 0.0], [76.30767764941884, 33.60963451323507, 0.0], [76.30768303888209, 33.60963454712416, 0.0], [76.30975196702086, 33.60947782734573, 0.0], [76.31208502501289, 33.60924017241032, 0.0], [76.31209041407423, 33.609240114582704, 0.0], [76.3138308985584, 33.608713532765464, 0.0], [76.31383632716495, 33.60870905694064, 0.0], [76.31566861558422, 33.60799767511413, 0.0], [76.3174416326556, 33.60718255481879, 0.0], [76.31744695377657, 33.607178079228646, 0.0], [76.31833102587713, 33.60646620278072, 0.0], [76.31942537475864, 33.60528113004585, 0.0], [76.31942541372737, 33.6052766204776, 0.0], [76.32037443456005, 33.60395627625416, 0.0], [76.32108611501931, 33.60303239185299, 0.0], [76.32150112624768, 33.60261328531362, 0.0], [76.3215011651644, 33.602608774800046, 0.0], [76.32218020827769, 33.60226647870377, 0.0], [76.32218559743644, 33.6022665112235, 0.0], [76.32315525706466, 33.6022668756337, 0.0], [76.32316064622378, 33.60226690812221, 0.0], [76.32401168486368, 33.60242500598152, 0.0], [76.32401707511293, 33.602425038466215, 0.0], [76.32512115783649, 33.60294837714548, 0.0], [76.32606914279756, 33.60326432905484, 0.0], [76.32719495267659, 33.6036074062514, 0.0], [76.32846612828381, 33.60400455532514, 0.0], [76.32950035155604, 33.60427085506936, 0.0], [76.33094911214621, 33.60514143718078, 0.0], [76.33287165505627, 33.60662520941734, 0.0], [76.33405098439019, 33.60765341537893, 0.0], [76.33405637488124, 33.607653447541736, 0.0], [76.33509018669059, 33.609028713726886, 0.0], [76.33573635786748, 33.60971408944938, 0.0], [76.33574181847021, 33.609718630704215, 0.0], [76.33597318416719, 33.610372319907874, 0.0], [76.33597849702583, 33.61038137098117, 0.0], [76.33621423676087, 33.61049647828155, 0.0], [76.33623708179324, 33.6105076325178, 0.0], [76.33624786041179, 33.610507606892156, 0.0], [76.33766498091433, 33.610093308653816, 0.0], [76.33947013125055, 33.60940865578912, 0.0], [76.34044547505334, 33.6090121860164, 0.0], [76.34192719832397, 33.608561786817596, 0.0], [76.34355451133014, 33.60771477779452, 0.0], [76.3446483881102, 33.607110914441854, 0.0], [76.34550516700082, 33.60660630040549, 0.0], [76.34551055481434, 33.606606242390264, 0.0], [76.34642144517126, 33.605416346136835, 0.0], [76.34642683448071, 33.60541637788033, 0.0], [76.34692258595204, 33.604943189317964, 0.0], [76.34693336408756, 33.60494316210189, 0.0], [76.34834495976388, 33.60488936432803, 0.0], [76.34835034907773, 33.60488939510401, 0.0], [76.35124860907088, 33.60502064265658, 0.0], [76.35337667597312, 33.604971493696716, 0.0], [76.35538612530951, 33.60486354532042, 0.0], [76.35539151462409, 33.60486357587103, 0.0], [76.35627510440082, 33.60465187611288, 0.0], [76.35722874081475, 33.60445365107812, 0.0], [76.35864574402315, 33.603687574563004, 0.0], [76.35865113016469, 33.60368742543214, 0.0], [76.35926534401331, 33.603268260975966, 0.0], [76.35927069975898, 33.60325927347179, 0.0], [76.35923861196814, 33.60225848118692, 0.0], [76.35894266471755, 33.600094674014436, 0.0], [76.35894270109041, 33.6000901643384, 0.0], [76.35894302114572, 33.59795340399182, 0.0], [76.35894305968331, 33.597948894331495, 0.0], [76.35923956131873, 33.59681741994026, 0.0], [76.36004254503473, 33.594545486861044, 0.0], [76.36004258241844, 33.59454097803358, 0.0], [76.36056097712485, 33.593625040825955, 0.0], [76.36081305855194, 33.59317963751519, 0.0], [76.36249930100529, 33.591169247041975, 0.0], [76.36368455886603, 33.589929669194646, 0.0], [76.36468653199123, 33.58826182818339, 0.0], [76.36527916691499, 33.587445967987826, 0.0], [76.3652790957538, 33.58744145943645, 0.0], [76.3659902622737, 33.58654438329508, 0.0], [76.36646423140196, 33.58575553071961, 0.0], [76.36646426856535, 33.58575102085708, 0.0], [76.3667551842956, 33.58543549525964, 0.0], [76.36676057269719, 33.58543552635431, 0.0], [76.36740687158185, 33.585250721008805, 0.0], [76.36741225951928, 33.58525066140604, 0.0], [76.36865109918399, 33.58501186140478, 0.0], [76.37010000693937, 33.58453858600843, 0.0], [76.3710426057391, 33.5840877712293, 0.0], [76.3710479227006, 33.58408329358919, 0.0], [76.3718451342175, 33.58282106274768, 0.0], [76.37225984387354, 33.58234326237319, 0.0], [76.37315934999765, 33.581820310166016, 0.0], [76.37407492742942, 33.58140106541868, 0.0], [76.37407496427251, 33.581396556397436, 0.0], [76.37475357690259, 33.58073842288345, 0.0], [76.37560984304656, 33.5797331720999, 0.0], [76.37655769550237, 33.57891267817437, 0.0], [76.37762404163036, 33.578254453133326, 0.0], [76.37880364498801, 33.57764582227862, 0.0], [76.37880892578598, 33.57764585340069, 0.0], [76.37992906943278, 33.577330254610516, 0.0], [76.37992910496826, 33.57732574550562, 0.0], [76.3807208052005, 33.57696059278601, 0.0], [76.38072626273518, 33.57695151269921, 0.0], [76.38081752786348, 33.57616714612073, 0.0], [76.38081767327311, 33.57616272640494, 0.0], [76.38048907008262, 33.57518896530294, 0.0], [76.3801389606193, 33.57452180258503, 0.0], [76.38013357376745, 33.57452177284682, 0.0], [76.37898100768399, 33.57338584268408, 0.0], [76.37759150304886, 33.57190721923751, 0.0], [76.37682136594246, 33.57063606072387, 0.0], [76.37608355985817, 33.56952705129581, 0.0], [76.3754642943847, 33.5677329341187, 0.0], [76.37546433011582, 33.56772842396963, 0.0], [76.3749903850542, 33.56678169455385, 0.0], [76.37499042188558, 33.56677718441436, 0.0], [76.37475348883207, 33.56588463624236, 0.0], [76.37475341732171, 33.56588012738249, 0.0], [76.37493114329658, 33.564879350303364, 0.0], [76.37493117796483, 33.56487484008979, 0.0], [76.37519503294052, 33.56402732244456, 0.0], [76.3752004203664, 33.5640273532712, 0.0], [76.37581965358449, 33.56323396416651, 0.0], [76.37682116379575, 33.56230979007381, 0.0], [76.37682654851574, 33.562309730118685, 0.0], [76.37753185150139, 33.5610159286648, 0.0], [76.3775318882059, 33.561011419347466, 0.0], [76.3776719363675, 33.56083562233261, 0.0], [76.37853876393703, 33.559505746258296, 0.0], [76.3790610287476, 33.55855902452194, 0.0], [76.37927633692972, 33.55821193660817, 0.0], [76.37963165972818, 33.557206647912764, 0.0], [76.37980924103049, 33.55630957806023, 0.0], [76.37963145002345, 33.554564938291755, 0.0], [76.37962602375539, 33.553559701083216, 0.0], [76.37963144469653, 33.55355513161102, 0.0], [76.37992214583822, 33.55292401984575, 0.0], [76.37992753170369, 33.55292404959273, 0.0], [76.38027749976247, 33.55253180896908, 0.0], [76.38028281492325, 33.55252733148962, 0.0], [76.38134353087412, 33.55242360036681, 0.0], [76.38406250618921, 33.55236933043593, 0.0], [76.38480007993726, 33.552265575090445, 0.0], [76.38480550064622, 33.552261004526464, 0.0], [76.38592525502905, 33.55181468106719, 0.0], [76.38755116583683, 33.5513907229118, 0.0], [76.38843946514044, 33.550993958203975, 0.0], [76.39071672184852, 33.550015406315886, 0.0], [76.39264402563887, 33.54938850508327, 0.0], [76.39295235649747, 33.549292389360595, 0.0], [76.39519041369574, 33.548594700561836, 0.0], [76.39666552133828, 33.54808953311786, 0.0], [76.3974891481928, 33.54785504550026, 0.0], [76.39749456709762, 33.54785047534596, 0.0], [76.39829126441215, 33.54703441040768, 0.0], [76.39953451643875, 33.54618668927501, 0.0], [76.40065415650442, 33.54560937576453, 0.0], [76.40065957725608, 33.54560498596848, 0.0], [76.40287204383738, 33.54497325821616, 0.0], [76.40574119247144, 33.544152133431716, 0.0], [76.406807006525, 33.54391293948007, 0.0], [76.40869645699192, 33.54349770618087, 0.0], [76.41023605587345, 33.54312755505154, 0.0], [76.4113286048306, 33.542387941376596, 0.0], [76.41233470859562, 33.54117502204158, 0.0], [76.41233474288151, 33.541170512406886, 0.0], [76.41366388359353, 33.53990330254142, 0.0], [76.41519773915526, 33.53908691897695, 0.0], [76.41520304975563, 33.53908234855954, 0.0], [76.4167048706108, 33.53876630038452, 0.0], [76.41671025583913, 33.538766328955504, 0.0], [76.41862657733961, 33.538450112718515, 0.0], [76.4205211889221, 33.53802562262974, 0.0], [76.423330833768, 33.53741608149989, 0.0], [76.42492412720375, 33.53709978315015, 0.0], [76.42639920155011, 33.53728400164041, 0.0], [76.42640458621203, 33.53728393921088, 0.0], [76.42770213387497, 33.537707192781596, 0.0], [76.42863369440602, 33.53802228521782, 0.0], [76.42972675448908, 33.53844562256929, 0.0], [76.42973213920224, 33.53844556003348, 0.0], [76.4305560973076, 33.5390267529481, 0.0], [76.43129414180191, 33.53976576641672, 0.0], [76.43220970994292, 33.540427957416036, 0.0], [76.43221509416864, 33.54042798546768, 0.0], [76.43309825766926, 33.540900885830695, 0.0], [76.43425062431324, 33.54135118195686, 0.0], [76.43507993577558, 33.54166632724967, 0.0], [76.43587699996002, 33.542193324535845, 0.0], [76.43588235304536, 33.54219786214043, 0.0], [76.43646997627941, 33.543279485483644, 0.0], [76.43688532840856, 33.54441532173703, 0.0], [76.43753760054933, 33.54549690971606, 0.0], [76.43857172693725, 33.54623568582045, 0.0], [76.43942809233737, 33.54676260089373, 0.0], [76.4394335530166, 33.546767136961826, 0.0], [76.43996166213874, 33.547425024104406, 0.0], [76.44068436738671, 33.549151226826154, 0.0], [76.44068433418208, 33.549155736351175, 0.0], [76.44075917467612, 33.54953112976629, 0.0], [76.441073470554, 33.55110758229763, 0.0], [76.44127928451353, 33.552617490923154, 0.0], [76.44137146624075, 33.55343339878951, 0.0], [76.44166868770058, 33.554862338899305, 0.0], [76.44193314968214, 33.555628532265985, 0.0], [76.44281811140051, 33.55812092921198, 0.0], [76.44281807933002, 33.55812543953684, 0.0], [76.44308803861448, 33.55907202444349, 0.0], [76.44308811384236, 33.55907653248904, 0.0], [76.44338477145122, 33.55978859706652, 0.0], [76.44394538824199, 33.5605546675249, 0.0], [76.44456523980415, 33.561293620699935, 0.0], [76.44457062446993, 33.561293557671014, 0.0], [76.44533567624461, 33.56190175734973, 0.0], [76.44586935058801, 33.56261366297765, 0.0], [76.44587473693933, 33.56261368970691, 0.0], [76.44610094046969, 33.56269022907701, 0.0], [76.44610640054402, 33.56269467399107, 0.0], [76.44639775543332, 33.56337071906074, 0.0], [76.44640314181932, 33.56337074577308, 0.0], [76.44684520932434, 33.56400155908566, 0.0], [76.44684517635105, 33.56400606839715, 0.0], [76.44735155662536, 33.56429432818003, 0.0], [76.44773382351704, 33.56413627392049, 0.0], [76.44879416792784, 33.56368484843554, 0.0], [76.44994591619718, 33.56299894734171, 0.0], [76.45071552424957, 33.56249806374302, 0.0], [76.45071555601935, 33.562493553479996, 0.0], [76.45213546547123, 33.56069855840507, 0.0], [76.45316815875687, 33.55940410853737, 0.0], [76.45316819043204, 33.559399598229085, 0.0], [76.45390482090025, 33.55829015818139, 0.0], [76.45455545025406, 33.55736561022698, 0.0], [76.45556159277321, 33.55652192294719, 0.0], [76.45600272771647, 33.55615193917184, 0.0], [76.45600276033748, 33.556147429744925, 0.0], [76.45627164353547, 33.555885797775375, 0.0], [76.45685261357777, 33.55525434555044, 0.0], [76.45685253674397, 33.555249837432996, 0.0], [76.45770785844087, 33.55443324941245, 0.0], [76.45771324442131, 33.554433275763515, 0.0], [76.4578261707262, 33.55427547629816, 0.0], [76.45783158653286, 33.55427090336629, 0.0], [76.45885380312936, 33.55349040030507, 0.0], [76.45933793263796, 33.55305271060713, 0.0], [76.45934335102092, 33.55304822833995, 0.0], [76.46074806796526, 33.55256486528416, 0.0], [76.46213650945077, 33.551851618740564, 0.0], [76.46240010814076, 33.5516170924438, 0.0], [76.46240006347246, 33.55160807478251, 0.0], [76.46243118782152, 33.550476525573266, 0.0], [76.46269403594533, 33.54955218820503, 0.0], [76.46269794121167, 33.54953113020808, 0.0], [76.46281192216142, 33.54891643877209, 0.0], [76.46334330141741, 33.547374320683126, 0.0], [76.46334333375542, 33.547369811127936, 0.0], [76.46398831550808, 33.546395679692516, 0.0], [76.46399369948344, 33.54639561603911, 0.0], [76.4644344370585, 33.54565603213786, 0.0], [76.46443446935426, 33.54565152255758, 0.0], [76.46467090667286, 33.54523207439385, 0.0], [76.464670830629, 33.54522756615794, 0.0], [76.46461132777257, 33.544943648701754, 0.0], [76.46461135897913, 33.544939139088406, 0.0], [76.46443338516136, 33.54465527046179, 0.0], [76.46442803194876, 33.544650733824106, 0.0], [76.46401880568257, 33.54456989938676, 0.0], [76.46336707171218, 33.544254834787, 0.0], [76.46268841864962, 33.5439397244446, 0.0], [76.4626883416001, 33.54393521616636, 0.0], [76.46215483068119, 33.54338111281557, 0.0], [76.46153476288002, 33.542457461073354, 0.0], [76.46114665893069, 33.54190316935149, 0.0], [76.46020316675585, 33.540497413065296, 0.0], [76.45970167265476, 33.53965469196078, 0.0], [76.4591682091319, 33.539100573652966, 0.0], [76.45848934374412, 33.53851957821429, 0.0], [76.45822494500173, 33.53788409551813, 0.0], [76.45821955977662, 33.537884069182034, 0.0], [76.45798724532047, 33.537068290782784, 0.0], [76.45798727677818, 33.53706378105695, 0.0], [76.45798650044063, 33.536247890267596, 0.0], [76.45798653187096, 33.53624338143615, 0.0], [76.45819020660046, 33.535373137373305, 0.0], [76.45842625699338, 33.53458412797351, 0.0], [76.45842628951571, 33.53457961823452, 0.0], [76.45916309383284, 33.53389383191736, 0.0], [76.46022812807539, 33.53309973758236, 0.0], [76.46211645766695, 33.5320660336365, 0.0], [76.46279957767698, 33.53156519722322, 0.0], [76.46416061284175, 33.53077983761981, 0.0], [76.46463396512443, 33.53049097002554, 0.0], [76.4656077728215, 33.53003943765652, 0.0], [76.46561315930354, 33.5300395544719, 0.0], [76.46622664795169, 33.52988123230725, 0.0], [76.4662320322545, 33.52988116860152, 0.0], [76.46667312629607, 33.52961495099781, 0.0], [76.46732413720882, 33.52932595304642, 0.0], [76.46821141957336, 33.52858593354008, 0.0], [76.46918504708106, 33.52803066367501, 0.0], [76.46994904591189, 33.52768746260451, 0.0], [76.46995446164499, 33.52768297960887, 0.0], [76.4710466844349, 33.527366538338164, 0.0], [76.47202078840984, 33.52723510706846, 0.0], [76.47456098439928, 33.526863357329105, 0.0], [76.47657401307058, 33.52686173535387, 0.0], [76.47804885246047, 33.52691015582325, 0.0], [76.4790822161263, 33.526832613536975, 0.0], [76.47908763150024, 33.5268281293288, 0.0], [76.47963593820954, 33.526291204605336, 0.0], [76.47964132396532, 33.526291231185795, 0.0], [76.48170655993503, 33.52499556884213, 0.0], [76.4830615572498, 33.523885413441946, 0.0], [76.48306694292349, 33.523885439006655, 0.0], [76.48495445764429, 33.52253584794673, 0.0], [76.48648669921937, 33.52123621798888, 0.0], [76.4898791495549, 33.51846963232847, 0.0], [76.49126620659364, 33.517332308745694, 0.0], [76.49188454261049, 33.516912538983696, 0.0], [76.49188446660033, 33.51690803128062, 0.0], [76.49294447651339, 33.516722193909295, 0.0], [76.49294985803735, 33.51672212930066, 0.0], [76.49381640805267, 33.516775439949804, 0.0], [76.4950862822948, 33.516616363498095, 0.0], [76.49573747403228, 33.51656169465457, 0.0], [76.49667962770212, 33.516772616881426, 0.0], [76.49668490366827, 33.51677264335942, 0.0], [76.49733130002012, 33.51711456421774, 0.0], [76.49733668322399, 33.51711458928113, 0.0], [76.49888014311755, 33.517392895446555, 0.0], [76.49926878654807, 33.51742219070958, 0.0], [76.49985727574374, 33.51719041638344, 0.0], [76.49999993664515, 33.5170970614352, 0.0], [76.50044986229678, 33.51680329286994, 0.0], [76.50079451009663, 33.516672949532975, 0.0], [76.50116064108873, 33.516533506051914, 0.0], [76.5020548462328, 33.51597542706343, 0.0], [76.50262594371526, 33.515529664304985, 0.0], [76.50331586160071, 33.514795580147826, 0.0], [76.50499778402705, 33.51270091913757, 0.0], [76.50669672813478, 33.509984210414174, 0.0], [76.50753549574335, 33.50652734797932, 0.0], [76.50800208353824, 33.503642720262576, 0.0], [76.50805637675347, 33.50329115221059, 0.0], [76.50782571067592, 33.502808498492456, 0.0], [76.50769698044873, 33.502492887972956, 0.0], [76.50766475464727, 33.50241617269204, 0.0], [76.5076272759897, 33.50230344740028, 0.0], [76.50752029517136, 33.50183903795746, 0.0], [76.50744024782908, 33.50133858880139, 0.0], [76.50743516703044, 33.50104555178575, 0.0], [76.50747914384617, 33.50042797606855, 0.0], [76.50761413890038, 33.500000032785906, 0.0], [76.50780204450868, 33.499569190194386, 0.0], [76.50987661141359, 33.49818944511773, 0.0], [76.51074962539421, 33.49714420886377, 0.0], [76.51104088476433, 33.496585662838584, 0.0], [76.51237575692782, 33.49627122543358, 0.0], [76.51358130666176, 33.49602887705566, 0.0], [76.51424939464466, 33.49540268029627, 0.0], [76.51441634754447, 33.49513712180447, 0.0], [76.51487389703641, 33.49502456914875, 0.0], [76.51551963382279, 33.49502532914597, 0.0], [76.51645577424156, 33.49509368639867, 0.0], [76.5173918133357, 33.49509449093428, 0.0], [76.51859732078312, 33.494937769743075, 0.0], [76.51952319987684, 33.4946590206295, 0.0], [76.52044908466304, 33.49422704266279, 0.0], [76.52120817834346, 33.49385356078384, 0.0], [76.52180562830848, 33.49364204608411, 0.0], [76.52266683781403, 33.49345804069053, 0.0], [76.52291424710481, 33.49338159024206, 0.0], [76.52311364269409, 33.493120310489715, 0.0], [76.52314699264818, 33.49234494835231, 0.0], [76.52327136787933, 33.49172746225943, 0.0], [76.52355191615207, 33.49104231163888, 0.0], [76.52396156936615, 33.49029893626019, 0.0], [76.52420965990792, 33.48982584475548, 0.0], [76.5243448724134, 33.489194786501336, 0.0], [76.52464137913778, 33.48869025583472, 0.0], [76.52507782566988, 33.48811347782749, 0.0], [76.52544978352718, 33.48757275471355, 0.0], [76.52564937940977, 33.48700493310729, 0.0], [76.52575783075594, 33.48638295041717, 0.0], [76.52610798031002, 33.48585124160692, 0.0], [76.52655517470318, 33.485256559234486, 0.0], [76.52740051244143, 33.48470720211892, 0.0], [76.52771283743738, 33.484418909958194, 0.0], [76.52784786834958, 33.48391410836702, 0.0], [76.52783770897486, 33.483494967456274, 0.0], [76.5280045144752, 33.48337783628766, 0.0], [76.52874692062665, 33.483360381247905, 0.0], [76.52983917598732, 33.48321243666267, 0.0], [76.53039872929868, 33.48317675761639, 0.0], [76.53137825700819, 33.48281239638556, 0.0], [76.53233631651452, 33.48240293134142, 0.0], [76.53263758261717, 33.48231289844954, 0.0], [76.53318635701457, 33.482313415024294, 0.0], [76.53354123100345, 33.48235853441354, 0.0], [76.53372963468266, 33.48243547418925, 0.0], [76.53404163172503, 33.482453707351375, 0.0], [76.5342998827364, 33.482426880736035, 0.0], [76.53476810852172, 33.482192737023425, 0.0], [76.53511307215452, 33.481566373345906, 0.0], [76.5354686384566, 33.48112033697049, 0.0], [76.53553933174733, 33.48034505115594, 0.0], [76.53571825890496, 33.47895219584211, 0.0], [76.53578316179889, 33.47850146358983, 0.0], [76.53631119881017, 33.477834590353964, 0.0], [76.53665605172849, 33.47722175197888, 0.0], [76.53721107032744, 33.476298057973295, 0.0], [76.5377390723597, 33.47544179237415, 0.0], [76.53852018633454, 33.47430632966188, 0.0], [76.53895141734127, 33.4733463771506, 0.0], [76.53924244030823, 33.472801027022555, 0.0], [76.53991545617718, 33.472242632861274, 0.0], [76.54058274020393, 33.471914005588275, 0.0], [76.5408842668201, 33.47163465482216, 0.0], [76.54089550393411, 33.470998987718374, 0.0], [76.54090662512539, 33.47067896684814, 0.0], [76.54161726277286, 33.470052819466794, 0.0], [76.54249992530802, 33.46958911235116, 0.0], [76.54333392925447, 33.4693372166415, 0.0], [76.54463053444972, 33.46906755559431, 0.0], [76.54547524919373, 33.468734616809634, 0.0], [76.54671356773527, 33.467468587247865, 0.0], [76.54782768619205, 33.46655410007644, 0.0], [76.54874312563193, 33.46535999140221, 0.0], [76.54916877862578, 33.464548697312054, 0.0], [76.54963716664132, 33.46405323246895, 0.0], [76.55079348123411, 33.464243217077176, 0.0], [76.551750586728, 33.46429788439491, 0.0], [76.55215405778839, 33.464374809039356, 0.0], [76.552923217297, 33.46435263859212, 0.0], [76.55409056719706, 33.464105422487506, 0.0], [76.55546238194643, 33.463673367648425, 0.0], [76.55680780361497, 33.46283111247931, 0.0], [76.55763659484178, 33.46202915515634, 0.0], [76.55892712663511, 33.462516788258114, 0.0], [76.56058877997485, 33.46304049788961, 0.0], [76.56158928749059, 33.462959897421044, 0.0], [76.56284820245622, 33.46255930527435, 0.0], [76.56341825664634, 33.46252352778761, 0.0], [76.56398281030276, 33.46274457023288, 0.0], [76.5650417044985, 33.463691841460005, 0.0], [76.56631072618394, 33.46418832571813, 0.0], [76.56757454952654, 33.46449096666063, 0.0], [76.5686660048952, 33.46525336778146, 0.0], [76.56911740318, 33.46578550974978, 0.0], [76.56948830462366, 33.46617338212665, 0.0], [76.56940784665096, 33.465763073390754, 0.0], [76.56923101993152, 33.46482974772401, 0.0], [76.56948947836656, 33.46418526833607, 0.0], [76.57023761926708, 33.46335611316774, 0.0], [76.57084602578489, 33.462481919370376, 0.0], [76.57173963354897, 33.461093756322626, 0.0], [76.57236426132886, 33.45992192350375, 0.0], [76.57326874707519, 33.45824529484611, 0.0], [76.57380206947526, 33.45674436066707, 0.0], [76.57448570059248, 33.4556852199167, 0.0], [76.57526078002243, 33.454698321808806, 0.0], [76.57597649938953, 33.45381498349079, 0.0], [76.57638022687662, 33.45318839418171, 0.0], [76.5765363739724, 33.45297664130199, 0.0], [76.57639156088318, 33.45215609755673, 0.0], [76.57609097414556, 33.45094334125525, 0.0], [76.57612398829951, 33.44962254119141, 0.0], [76.57615704153427, 33.44836928840539, 0.0], [76.57635649083548, 33.447661605482224, 0.0], [76.57703474098754, 33.44628687500203, 0.0], [76.57712669525688, 33.44524552501241, 0.0], [76.57712721554962, 33.44424014993464, 0.0], [76.57706308415021, 33.44334769513056, 0.0], [76.57756367203669, 33.442536345135174, 0.0], [76.5783547565109, 33.44162155277729, 0.0], [76.57888734565542, 33.440891496894, 0.0], [76.57944722161463, 33.439940411808905, 0.0], [76.57985613040464, 33.43916521240592, 0.0], [76.57999095667572, 33.43831315125156, 0.0], [76.57958816531048, 33.437235626748254, 0.0], [76.57916937631792, 33.436248216995686, 0.0], [76.57897656294412, 33.43489124053072, 0.0], [76.57874586512656, 33.433782029724824, 0.0], [76.57832181486107, 33.43270449955438, 0.0], [76.57806985458824, 33.4310319072344, 0.0], [76.57789842258234, 33.42992744156249, 0.0], [76.57794698979613, 33.42956230012488, 0.0], [76.5789043405574, 33.42887292168533, 0.0], [76.58054986762635, 33.428062037841045, 0.0], [76.58138914297551, 33.42706147921803, 0.0], [76.58172294425117, 33.42622311029832, 0.0], [76.58184676320421, 33.425785852439006, 0.0], [76.58245422448756, 33.4258041653497, 0.0], [76.58332525270154, 33.42586753926237, 0.0], [76.58419623862761, 33.42576866677635, 0.0], [76.58528765671421, 33.42560212836347, 0.0], [76.58653494173461, 33.425620627821054, 0.0], [76.5877553320759, 33.42569771788512, 0.0], [76.58916929718049, 33.4256438935005, 0.0], [76.59088967750323, 33.42559027061233, 0.0], [76.59225541336711, 33.42556363404003, 0.0], [76.59293799985691, 33.42559085205004, 0.0], [76.59340586061283, 33.4257622324474, 0.0], [76.59401828225035, 33.42664600909383, 0.0], [76.59473845789702, 33.427534168325685, 0.0], [76.59595328117783, 33.42825137257917, 0.0], [76.59673257340839, 33.42890067293076, 0.0], [76.5977808956167, 33.429527654362495, 0.0], [76.59865700402794, 33.430217450604246, 0.0], [76.5995601011139, 33.430794703330804, 0.0], [76.60020515077389, 33.43143489048277, 0.0], [76.60090938095584, 33.43164242209541, 0.0], [76.60203314860101, 33.431566132505395, 0.0], [76.60336134896453, 33.431219074064686, 0.0], [76.60392582576699, 33.431079474480676, 0.0], [76.60444196833691, 33.431025451094875, 0.0], [76.60576454345184, 33.43167027791072, 0.0], [76.60715682963372, 33.43269394914552, 0.0], [76.6087589145771, 33.43371298871123, 0.0], [76.6099309476073, 33.434362158193196, 0.0], [76.61087716437878, 33.434903234357506, 0.0], [76.611334064966, 33.43562922557043, 0.0], [76.6117908607661, 33.43671558886206, 0.0], [76.61249517381296, 33.43792381513962, 0.0], [76.61326932815398, 33.43892920779348, 0.0], [76.61378552915168, 33.43929440578386, 0.0], [76.61509750428569, 33.43946129626908, 0.0], [76.61564589365784, 33.4397228074403, 0.0], [76.61644710757103, 33.43991671892327, 0.0], [76.6176408546527, 33.43972294767224, 0.0], [76.61868396301662, 33.43951562016536, 0.0], [76.61983467947047, 33.4396058351594, 0.0], [76.62051216454141, 33.43956072881524, 0.0], [76.6215607735009, 33.43912342823381, 0.0], [76.62241576068193, 33.438582598057124, 0.0], [76.62312012560474, 33.43812733379671, 0.0], [76.624109616707, 33.43771702971673, 0.0], [76.625200875289, 33.437550140645754, 0.0], [76.62638393102252, 33.436878546473636, 0.0], [76.62743781645626, 33.436012848406456, 0.0], [76.62835183721826, 33.435399778479926, 0.0], [76.6285559094655, 33.43523171272904, 0.0], [76.62871431221393, 33.43510125857852, 0.0], [76.62896476010292, 33.434894999386565, 0.0], [76.62897006919206, 33.434741662906454, 0.0], [76.62897537824156, 33.43458832725831, 0.0], [76.62841618082976, 33.433650644851404, 0.0], [76.6281958079325, 33.43292035029611, 0.0], [76.6288623903521, 33.431811362180945, 0.0], [76.62946467816333, 33.43098648011118, 0.0], [76.62948604524954, 33.429931508687034, 0.0], [76.62908267966675, 33.4286059761826, 0.0], [76.62875995470631, 33.427600885587474, 0.0], [76.62900162843877, 33.42632728223036, 0.0], [76.62900718256734, 33.42629800954821, 0.0], [76.62927607327109, 33.42481944112352, 0.0], [76.62955015118501, 33.42389515997834, 0.0], [76.63010921247215, 33.42261929602509, 0.0], [76.63084554885756, 33.421478717956006, 0.0], [76.6324259370163, 33.419445397644964, 0.0], [76.63410316609001, 33.418354458860186, 0.0], [76.63452781471204, 33.41800274091358, 0.0], [76.63528577681339, 33.41776828306759, 0.0], [76.6358983720419, 33.41716860253804, 0.0], [76.63647362502432, 33.41629859255232, 0.0], [76.63697876303343, 33.41553222312997, 0.0], [76.63703246400819, 33.41478371629162, 0.0], [76.6369892255628, 33.41339077612098, 0.0], [76.63657512685458, 33.41239448558693, 0.0], [76.63611811913712, 33.411443310076784, 0.0], [76.6350805224565, 33.41060494119947, 0.0], [76.63367742743615, 33.41000089396852, 0.0], [76.63231228177484, 33.409360889122134, 0.0], [76.63211861771185, 33.40919407389976, 0.0], [76.63356439743565, 33.408369073099024, 0.0], [76.63510161489504, 33.407025469685216, 0.0], [76.63606899832241, 33.406105740525234, 0.0], [76.6372513629249, 33.404793755562395, 0.0], [76.63810585262678, 33.40384249478661, 0.0], [76.6384068497207, 33.40343224331016, 0.0], [76.63820779919348, 33.403161707625124, 0.0], [76.63740690984238, 33.40275157657682, 0.0], [76.63659522251916, 33.40218376115276, 0.0], [76.63647159833705, 33.40184107176931, 0.0], [76.636939086389, 33.401083676608614, 0.0], [76.63806207027835, 33.39988880449513, 0.0], [76.63835226594341, 33.39925323803005, 0.0], [76.63865312750431, 33.39852734749677, 0.0], [76.63887069018853, 33.39819823464377, 0.0], [76.6390882516352, 33.397869122074006, 0.0], [76.63937308868849, 33.39741831977775, 0.0], [76.639485880386, 33.39673756840399, 0.0], [76.63946405791336, 33.39656815246537, 0.0], [76.63938367646219, 33.39594413277314, 0.0], [76.63941033103497, 33.394821629149845, 0.0], [76.63957675850175, 33.39373966436397, 0.0], [76.63983996685916, 33.39271630113508, 0.0], [76.64037719819677, 33.39194985499806, 0.0], [76.64100048211161, 33.39098052846499, 0.0], [76.64194600273979, 33.38989393505815, 0.0], [76.64294551814251, 33.38926718663372, 0.0], [76.64431565979544, 33.38868989900266, 0.0], [76.64558369758558, 33.387738427463205, 0.0], [76.64725482454003, 33.38676896693948, 0.0], [76.64822189436673, 33.385993354328036, 0.0], [76.65006985349231, 33.38444667964027, 0.0], [76.65101554003876, 33.38383338905674, 0.0], [76.65148292318949, 33.38342305830639, 0.0], [76.65174488103831, 33.38232299524244, 0.0], [76.65175131385092, 33.382295981665884, 0.0], [76.65198743462199, 33.38125906728155, 0.0], [76.6521645320121, 33.38063678913692, 0.0], [76.652051214133, 33.379703727132465, 0.0], [76.65171792142615, 33.37864878012286, 0.0], [76.65151348955536, 33.377927688671626, 0.0], [76.65177127784173, 33.37750833168734, 0.0], [76.6521739784139, 33.37710697580767, 0.0], [76.6522923341568, 33.37664717881349, 0.0], [76.65242635269308, 33.37610618732402, 0.0], [76.65240463896596, 33.37529924518756, 0.0], [76.65229697163367, 33.374681659799876, 0.0], [76.65188302175189, 33.37400998304845, 0.0], [76.65163546342761, 33.372729786899605, 0.0], [76.65167267652741, 33.37157115539885, 0.0], [76.65197854553278, 33.37044402956763, 0.0], [76.6529613408433, 33.36902832058357, 0.0], [76.6539711362204, 33.368126470469896, 0.0], [76.65508309388923, 33.36727420381986, 0.0], [76.65647951482755, 33.36644428418653, 0.0], [76.65770952782393, 33.365506277526045, 0.0], [76.65839147271033, 33.36468560641009, 0.0], [76.65872417845044, 33.36367579583523, 0.0], [76.65902438303213, 33.36207508608218, 0.0], [76.65898099824616, 33.361029356866545, 0.0], [76.65860965563046, 33.35962303761113, 0.0], [76.65843212300734, 33.358671719092406, 0.0], [76.65864114726024, 33.35756724392808, 0.0], [76.6592909166339, 33.356696947000614, 0.0], [76.66035962578673, 33.35590329102437, 0.0], [76.66198128970406, 33.35478017944308, 0.0], [76.6633940844603, 33.35446879204411, 0.0], [76.66490873902289, 33.35413464843457, 0.0], [76.66662209936236, 33.35339019042033, 0.0], [76.66819016667175, 33.35248352765068, 0.0], [76.66933926848371, 33.351613051532006, 0.0], [76.67088046444181, 33.35046737082661, 0.0], [76.67192726497595, 33.349723152370316, 0.0], [76.67241593803008, 33.34915941738076, 0.0], [76.67259812671068, 33.34821265254473, 0.0], [76.67222671614591, 33.34724358470492, 0.0], [76.67195787240811, 33.34642319938951, 0.0], [76.67165655545199, 33.345427032200206, 0.0], [76.67146788694767, 33.34430895218862, 0.0], [76.67110198245213, 33.343137163600204, 0.0], [76.67099959577314, 33.34231660955331, 0.0], [76.67095652410609, 33.34201922233319, 0.0], [76.67102083134581, 33.34184772960103, 0.0], [76.67187973721843, 33.34107655197992, 0.0], [76.67286760163992, 33.34029623583187, 0.0], [76.67388207907403, 33.339267999013074, 0.0], [76.675004385459, 33.33881682679558, 0.0], [76.67594976553686, 33.33883888114938, 0.0], [76.67689477482521, 33.338802403795285, 0.0], [76.67836620405606, 33.33838265004656, 0.0], [76.67960134287694, 33.33789510163459, 0.0], [76.68023469624566, 33.337385383293096, 0.0], [76.68116895272561, 33.33697475857188, 0.0], [76.68238267807142, 33.33676667971084, 0.0], [76.68327388202646, 33.336252461424344, 0.0], [76.68413799424876, 33.33548112955871, 0.0], [76.68617215262209, 33.333631910893835, 0.0], [76.68710606288907, 33.332738856176036, 0.0], [76.68805082255369, 33.332219818272854, 0.0], [76.68918912820196, 33.331899158839846, 0.0], [76.68989773770194, 33.33140288846901, 0.0], [76.69067583482337, 33.33060003690184, 0.0], [76.69157768684035, 33.33008110645833, 0.0], [76.69293621713648, 33.32996762999081, 0.0], [76.69367179933735, 33.329773355813934, 0.0], [76.69473454515511, 33.32894323949759, 0.0], [76.69543751294152, 33.32837486942086, 0.0], [76.69595814865055, 33.327955261593466, 0.0], [76.69647338886394, 33.32780627623755, 0.0], [76.69738653190974, 33.327900485513574, 0.0], [76.69849831231156, 33.328138609244945, 0.0], [76.69938463992446, 33.32827339213537, 0.0], [76.70059845478698, 33.328299703115384, 0.0], [76.7018548460173, 33.32819519498286, 0.0], [76.70312739096993, 33.32798250241071, 0.0], [76.70408318500945, 33.32780606962672, 0.0], [76.7053722468216, 33.32806667945981, 0.0], [76.70629632738192, 33.32858904243854, 0.0], [76.70783321673112, 33.329503204341506, 0.0], [76.70942351450418, 33.33024598495069, 0.0], [76.71092778361063, 33.33076338978815, 0.0], [76.71208258431992, 33.331082684217904, 0.0], [76.71317290554998, 33.33105484135991, 0.0], [76.71435390228542, 33.330544610980766, 0.0], [76.71543246036249, 33.32963762771973, 0.0], [76.71603353045046, 33.32925398241932, 0.0], [76.71666700354145, 33.329158831713606, 0.0], [76.71737055692756, 33.32913124792517, 0.0], [76.71774625112249, 33.328973192291, 0.0], [76.71830374087568, 33.32796291705251, 0.0], [76.71864608893871, 33.32684018346841, 0.0], [76.71906958828322, 33.32611394078092, 0.0], [76.71943415710828, 33.32550521060825, 0.0], [76.71963259836, 33.32518943802669, 0.0], [76.71961030323898, 33.32461239589368, 0.0], [76.71959903686975, 33.32404440059682, 0.0], [76.71961371337505, 33.324024335347126, 0.0], [76.71985638531781, 33.32369255061107, 0.0], [76.72088662863128, 33.32295239789506, 0.0], [76.72158935009519, 33.3223116495269, 0.0], [76.72227555438566, 33.32127423134468, 0.0], [76.72273116292054, 33.32040838024349, 0.0], [76.72293397191584, 33.31944791528836, 0.0], [76.72322846436676, 33.318654278170584, 0.0], [76.72392014206966, 33.31781526889326, 0.0], [76.7247083424707, 33.316773084876274, 0.0], [76.72563036018838, 33.315523691485154, 0.0], [76.72587695616305, 33.3151627803431, 0.0], [76.72606413007327, 33.314441242107584, 0.0], [76.72563863084824, 33.313332673820945, 0.0], [76.72530452085529, 33.31225548168692, 0.0], [76.72523901697951, 33.31134040300671, 0.0], [76.72551208145302, 33.31073157371795, 0.0], [76.72610177089331, 33.30999181689853, 0.0], [76.72756112134276, 33.30903479973891, 0.0], [76.72837125764, 33.30848423714152, 0.0], [76.72854794684395, 33.30821808388203, 0.0], [76.72875708938354, 33.30778959978102, 0.0], [76.72855724012148, 33.30696928198114, 0.0], [76.72833633214981, 33.30625720473997, 0.0], [76.72833487429678, 33.30498591659408, 0.0], [76.72864501938841, 33.303939717523306, 0.0], [76.7290841304144, 33.302974601026754, 0.0], [76.72923915805973, 33.30246047438071, 0.0], [76.73008672509252, 33.3018782669651, 0.0], [76.73093936515836, 33.30107503510608, 0.0], [76.73151820975829, 33.300308170032714, 0.0], [76.73188256934559, 33.29970373536516, 0.0], [76.73210756758093, 33.29932940574843, 0.0], [76.73211790223868, 33.29903192845401, 0.0], [76.732015345446, 33.29855403529202, 0.0], [76.73122553945194, 33.29804081008723, 0.0], [76.73020463342563, 33.29726629082566, 0.0], [76.72982299426167, 33.29676171012781, 0.0], [76.72968798006359, 33.29621644960948, 0.0], [76.72986922736008, 33.295246893578465, 0.0], [76.7296965294906, 33.29446263144401, 0.0], [76.72926616699648, 33.293534324850036, 0.0], [76.72878708991752, 33.292520390018026, 0.0], [76.72856081550904, 33.291817313874446, 0.0], [76.7284739183832, 33.291037537412116, 0.0], [76.72866126484797, 33.29057292290633, 0.0], [76.72948192721672, 33.290058461001784, 0.0], [76.72979277026731, 33.28958924082362, 0.0], [76.72986143202965, 33.28871017171423, 0.0], [76.72909301659611, 33.287251152343316, 0.0], [76.72862313991334, 33.28661459274536, 0.0], [76.72855434583272, 33.28637133432514, 0.0], [76.72850004673877, 33.28599728799414, 0.0], [76.72851077883308, 33.285615844209985, 0.0], [76.72845010390492, 33.284667960882636, 0.0], [76.72812135552574, 33.284005176990384, 0.0], [76.72772965809945, 33.28348233008019, 0.0], [76.72808992511983, 33.283298577756405, 0.0], [76.72918354181145, 33.28291316323702, 0.0], [76.73092763315512, 33.28260507542266, 0.0], [76.73218824358784, 33.28208104193589, 0.0], [76.73270828373536, 33.28151258250465, 0.0], [76.73277144190862, 33.28055224335846, 0.0], [76.73259293392012, 33.27940282176757, 0.0], [76.73235009071819, 33.27836612413265, 0.0], [76.73230028221414, 33.27709496489438, 0.0], [76.73242236233256, 33.27598121296468, 0.0], [76.73250231542205, 33.27553937336214, 0.0], [76.73323125445259, 33.27478132061261, 0.0], [76.73449145934032, 33.273955336590475, 0.0], [76.73540860539028, 33.27348115693146, 0.0], [76.73588013770276, 33.27289009424652, 0.0], [76.73612015874907, 33.27172220607004, 0.0], [76.73619962427013, 33.27088807348249, 0.0], [76.73667621601494, 33.270049204314276, 0.0], [76.73848297563187, 33.268681568956055, 0.0], [76.73852014498837, 33.268379476730786, 0.0], [76.73842865281647, 33.268145288062755, 0.0], [76.73812773489897, 33.26777126789139, 0.0], [76.73805204561685, 33.26739716396465, 0.0], [76.73819056755684, 33.26666221714556, 0.0], [76.73816853692868, 33.26621133821583, 0.0], [76.73728186573022, 33.26518428144077, 0.0], [76.7368890018674, 33.26445432666107, 0.0], [76.73680212419774, 33.263633970574716, 0.0], [76.73687567713476, 33.2623715495214, 0.0], [76.73687448355345, 33.26149245891998, 0.0], [76.73705094003842, 33.261095621073395, 0.0], [76.73820952030104, 33.26058071218182, 0.0], [76.73926109250245, 33.26035425310764, 0.0], [76.74045149047967, 33.259767002907104, 0.0], [76.74159830839872, 33.25863438155329, 0.0], [76.74280397049768, 33.25740704481422, 0.0], [76.74440689758082, 33.25635962994742, 0.0], [76.74516270673858, 33.25574578659052, 0.0], [76.74613750099846, 33.25438340854959, 0.0], [76.74719300120681, 33.25337241515395, 0.0], [76.74797025394483, 33.25280812544146, 0.0], [76.74884411705206, 33.25229333448072, 0.0], [76.74999992498113, 33.25185871086179, 0.0], [76.75083476814306, 33.250847005963855, 0.0], [76.75200996979042, 33.249999985595736, 0.0], [76.75238106335948, 33.24958655436104, 0.0], [76.75431355851453, 33.24867866374275, 0.0], [76.75647608455756, 33.24845531992097, 0.0], [76.7592179175913, 33.24830463809067, 0.0], [76.76231894874792, 33.24842016539246, 0.0], [76.76366544548748, 33.2486468215385, 0.0], [76.76479230933204, 33.24853505674504, 0.0], [76.7655538790154, 33.24872508260373, 0.0], [76.76658995231553, 33.248347288776536, 0.0], [76.76766844138456, 33.2483121199711, 0.0], [76.76928823259803, 33.24876885455461, 0.0], [76.77027496635388, 33.24914385703289, 0.0], [76.7705375846768, 33.249327946337694, 0.0], [76.77069253713586, 33.249436563680895, 0.0], [76.77093904032417, 33.24932428528526, 0.0], [76.77108507089432, 33.24918516784658, 0.0], [76.77119397215799, 33.24913658477118, 0.0], [76.77157903533673, 33.24888350266156, 0.0], [76.77171411906639, 33.2481262049902, 0.0], [76.77179707674067, 33.24773286647339, 0.0], [76.77189758724192, 33.247256302469246, 0.0], [76.77234417827606, 33.24616115971647, 0.0], [76.7727540622778, 33.244231986360624, 0.0], [76.77311595541742, 33.24215397206168, 0.0], [76.77374442779677, 33.241473777275736, 0.0], [76.77489022673625, 33.24095562345733, 0.0], [76.77599347763201, 33.24045669794527, 0.0], [76.77801656351433, 33.24004351751357, 0.0], [76.77882721991601, 33.23951219983409, 0.0], [76.77895523961226, 33.239207086038384, 0.0], [76.77941341407362, 33.238115087564466, 0.0], [76.77932483223417, 33.2357347161301, 0.0], [76.77900139616428, 33.234958180590425, 0.0], [76.77815839872889, 33.232934176377064, 0.0], [76.77690692295708, 33.22957002243913, 0.0], [76.77677480130193, 33.22771711574983, 0.0], [76.77695253444801, 33.22707707328259, 0.0], [76.77731340707925, 33.22578347173584, 0.0], [76.77717985381214, 33.22529198901047, 0.0], [76.77641947324308, 33.22404263328883, 0.0], [76.77601305993107, 33.22298283346112, 0.0], [76.77610586636212, 33.22154931074149, 0.0], [76.77597242558954, 33.22094058556448, 0.0], [76.77583885040079, 33.22048968377707, 0.0], [76.77516302583558, 33.220448557036235, 0.0], [76.77421890348599, 33.2206010904739, 0.0], [76.77323235065707, 33.22026218164091, 0.0], [76.77161450747687, 33.2185566931229, 0.0], [76.77071594882881, 33.216401031264375, 0.0], [76.77067457214507, 33.21515672940254, 0.0], [76.77112617841169, 33.214210409807976, 0.0], [76.77094516682351, 33.21303807866578, 0.0], [76.7702275894279, 33.212167381575355, 0.0], [76.76946667231752, 33.21156261513931, 0.0], [76.76753658188626, 33.21106960469774, 0.0], [76.7665929798476, 33.210843390758455, 0.0], [76.76641154812921, 33.21012188474524, 0.0], [76.76641345625468, 33.208534988631556, 0.0], [76.76623731114397, 33.207894661755425, 0.0], [76.765562531441, 33.207136688681736, 0.0], [76.76448529537787, 33.206567762133744, 0.0], [76.76385327413833, 33.20588645908177, 0.0], [76.76327617357671, 33.20426294852962, 0.0], [76.76206636345694, 33.20261638102782, 0.0], [76.76108093549874, 33.2015605742094, 0.0], [76.76045569115871, 33.19989642460085, 0.0], [76.75964805569323, 33.19830429279843, 0.0], [76.75829973553326, 33.195999316836264, 0.0], [76.7578073174981, 33.19539473791675, 0.0], [76.75596960316986, 33.19422087849276, 0.0], [76.7543743029297, 33.19369660454718, 0.0], [76.75412588768998, 33.1936149641064, 0.0], [76.75223971002954, 33.19270696240713, 0.0], [76.75057861612815, 33.19190741236138, 0.0], [76.7500859658771, 33.1914921905687, 0.0], [76.7502220342794, 33.19001811336226, 0.0], [76.75036310834227, 33.18885509933668, 0.0], [76.7501819316292, 33.18806150255356, 0.0], [76.74999995697914, 33.1878057744225, 0.0], [76.7497806248975, 33.187497543431036, 0.0], [76.74883956957696, 33.18694197997921, 0.0], [76.74789752969775, 33.18591512183529, 0.0], [76.74726829467072, 33.18449571088345, 0.0], [76.74675694520354, 33.18307608493007, 0.0], [76.74678558932504, 33.180542408614016, 0.0], [76.74695080985656, 33.179190544346405, 0.0], [76.74700821805509, 33.178720808830434, 0.0], [76.74682014394784, 33.178414477220535, 0.0], [76.74605357511518, 33.1784152233228, 0.0], [76.74355541291847, 33.17853934532266, 0.0], [76.74087984476893, 33.17826692317618, 0.0], [76.73709971078017, 33.17780604818541, 0.0], [76.7333894416547, 33.17749829888798, 0.0], [76.73126601110376, 33.17706727983004, 0.0], [76.72894962715804, 33.1766995990659, 0.0], [76.72796342085067, 33.17688527649785, 0.0], [76.72601860660575, 33.177937299215294, 0.0], [76.7225740383408, 33.1802888776753, 0.0], [76.7211565148775, 33.181218511876274, 0.0], [76.72073643046522, 33.18149400318055, 0.0], [76.71997000885251, 33.181679465046535, 0.0], [76.71894150317259, 33.181126516703415, 0.0], [76.7189400044355, 33.181125711209305, 0.0], [76.71706841548324, 33.1806311791146, 0.0], [76.7156313670317, 33.180420394345624, 0.0], [76.71487326434026, 33.180416182193284, 0.0], [76.71060251400678, 33.180392391949226, 0.0], [76.70932151282597, 33.1806998458773, 0.0], [76.70876911229755, 33.18054699256163, 0.0], [76.70847369935379, 33.17989792865878, 0.0], [76.708214726892, 33.17820302909951, 0.0], [76.70725912978783, 33.17687382616744, 0.0], [76.70436275681404, 33.17527070853926, 0.0], [76.70201353982644, 33.17397379402333, 0.0], [76.70054216518629, 33.173479907519344, 0.0], [76.69962731852675, 33.173172817958715, 0.0], [76.69680174134308, 33.17271462591065, 0.0], [76.69467343497533, 33.17258958298702, 0.0], [76.69276533459492, 33.172901703272906, 0.0], [76.69081965110395, 33.17336275061291, 0.0], [76.68916869746923, 33.173552820427865, 0.0], [76.68829268629837, 33.173544811150116, 0.0], [76.68590395805741, 33.17352294785856, 0.0], [76.68414542880554, 33.17327583549513, 0.0], [76.68164155557453, 33.17269543331642, 0.0], [76.68020997143988, 33.172321916420216, 0.0], [76.67848362242927, 33.171921424722875, 0.0], [76.67652946337023, 33.17148793330764, 0.0], [76.67389969596022, 33.170904527877596, 0.0], [76.67165876845668, 33.17066191946995, 0.0], [76.6693236694569, 33.170782074595266, 0.0], [76.666893303372, 33.17090709644571, 0.0], [76.66461365353106, 33.17127561835549, 0.0], [76.66443383935558, 33.17122012323835, 0.0], [76.6641433471956, 33.17112444222102, 0.0], [76.66330419104729, 33.1704023554965, 0.0], [76.66193922294102, 33.16887092092089, 0.0], [76.66014311696213, 33.16801043153464, 0.0], [76.65867390764751, 33.1671452010621, 0.0], [76.65731723856422, 33.16575708734234, 0.0], [76.65651758764666, 33.16489994059661, 0.0], [76.65599272268233, 33.16433732675124, 0.0], [76.65500088571787, 33.163751498600185, 0.0], [76.65401458824141, 33.16362544882915, 0.0], [76.65280628061372, 33.163783305396244, 0.0], [76.65162934228202, 33.16393705331995, 0.0], [76.64994095051513, 33.16405918726303, 0.0], [76.64836511411734, 33.16399636860798, 0.0], [76.64697120109079, 33.1633519470846, 0.0], [76.64575785505492, 33.16246528127114, 0.0], [76.64557728590313, 33.16233332681956, 0.0], [76.6444355498248, 33.161869161282546, 0.0], [76.64263981641689, 33.16162149655306, 0.0], [76.6410585328278, 33.16156307515885, 0.0], [76.6394077269826, 33.16165796490903, 0.0], [76.63662064860499, 33.162740256199896, 0.0], [76.6352271293526, 33.16360145062661, 0.0], [76.63328683915118, 33.16468363663494, 0.0], [76.62957762048134, 33.165824403556556, 0.0], [76.62766934536039, 33.16610405462374, 0.0], [76.62681427426847, 33.16604265703706, 0.0], [76.62635067872927, 33.16600936696783, 0.0], [76.62543402969831, 33.16613560447394, 0.0], [76.623381018714, 33.16690652304887, 0.0], [76.61807935172808, 33.17010728076272, 0.0], [76.61481460486375, 33.171959903028714, 0.0], [76.61257356762535, 33.173379815804395, 0.0], [76.612133858102, 33.17424544252123, 0.0], [76.61198883632309, 33.176404859120545, 0.0], [76.61180606747857, 33.17989420798913, 0.0], [76.61161819000021, 33.18126017360133, 0.0], [76.61202006608805, 33.18302299018548, 0.0], [76.61201976714389, 33.18521398912775, 0.0], [76.61106510632177, 33.187341769370256, 0.0], [76.60970840795184, 33.18891955440636, 0.0], [76.60830356450107, 33.18976675628727, 0.0], [76.60801922621248, 33.18993822518728, 0.0], [76.6062604135962, 33.1904293681547, 0.0], [76.60530575027626, 33.19056247977367, 0.0], [76.60493608891272, 33.19061402070127, 0.0], [76.60376179854163, 33.190397379964274, 0.0], [76.60270044933834, 33.18956771608849, 0.0], [76.60192845792493, 33.188823693736865, 0.0], [76.60134413085616, 33.1886071903326, 0.0], [76.6006095412409, 33.18879187294846, 0.0], [76.59862524347405, 33.1902747077255, 0.0], [76.59767043711248, 33.19169460514384, 0.0], [76.59723029923578, 33.19305152418657, 0.0], [76.59717588803065, 33.19572039975058, 0.0], [76.59725067205265, 33.196802402784456, 0.0], [76.59794690024573, 33.19942637639576, 0.0], [76.59922747863115, 33.203069249390914, 0.0], [76.5990075264269, 33.20353356131778, 0.0], [76.59732322706608, 33.204984834996615, 0.0], [76.59589107041019, 33.205908777294574, 0.0], [76.59497394457472, 33.206188031354145, 0.0], [76.59320970356815, 33.205845018573434, 0.0], [76.5919978566531, 33.20525862366933, 0.0], [76.5911186152792, 33.20485717622816, 0.0], [76.59045897994221, 33.2048885171179, 0.0], [76.58829200717203, 33.20584368005917, 0.0], [76.58701010617733, 33.2063076345198, 0.0], [76.58520816135787, 33.20646038556148, 0.0], [76.58337399752135, 33.206617578033864, 0.0], [76.58132004139678, 33.20667544560267, 0.0], [76.57970589235349, 33.20652161881484, 0.0], [76.57816156884662, 33.20615142895835, 0.0], [76.57628996163689, 33.2060875834708, 0.0], [76.5726592260021, 33.206334104320234, 0.0], [76.56887815916318, 33.20688697759673, 0.0], [76.5671886418957, 33.20722879609989, 0.0], [76.56549865591354, 33.2081837792691, 0.0], [76.56463517209112, 33.208489501479114, 0.0], [76.56289162836131, 33.209106794366534, 0.0], [76.5616471688338, 33.20953890561025, 0.0], [76.56069252421226, 33.209538348070865, 0.0], [76.55922378177357, 33.20861340480118, 0.0], [76.55819470631441, 33.207851047710896, 0.0], [76.55705824730761, 33.207142603801195, 0.0], [76.5556646820209, 33.206217668175746, 0.0], [76.55335464203702, 33.204485169695516, 0.0], [76.55100783768252, 33.202013275283605, 0.0], [76.54990407458794, 33.20093070930145, 0.0], [76.54886521241704, 33.199882180112155, 0.0], [76.54807174802107, 33.19908131441122, 0.0], [76.54719278670603, 33.198553195542, 0.0], [76.5462009832048, 33.198336175853406, 0.0], [76.5446940209706, 33.19852002524643, 0.0], [76.54293453786666, 33.19919968382685, 0.0], [76.54131990502307, 33.19978463002401, 0.0], [76.53977514580312, 33.200121756444325, 0.0], [76.539237724628, 33.200143964052614, 0.0], [76.53827362403396, 33.20018379864879, 0.0], [76.53685804744654, 33.200124269925546, 0.0], [76.53612346382998, 33.200065068239844, 0.0], [76.53447203741027, 33.19987909491252, 0.0], [76.53297079084632, 33.19966157681882, 0.0], [76.5314269632664, 33.19907443316266, 0.0], [76.53018378268148, 33.19832962371038, 0.0], [76.52845786088356, 33.19758892712311, 0.0], [76.52526865773183, 33.19641430824921, 0.0], [76.52405710301417, 33.19613378669265, 0.0], [76.52353699168754, 33.19602352392298, 0.0], [76.52288311174031, 33.19588490016614, 0.0], [76.51906557764028, 33.19557513650221, 0.0], [76.51748928412523, 33.195416065765414, 0.0], [76.51561792832588, 33.19541443110619, 0.0], [76.51421714427701, 33.19541320740368, 0.0], [76.513633935104, 33.19541269482938, 0.0], [76.51179968087072, 33.19575362669805, 0.0], [76.51033021932247, 33.19593714633455, 0.0], [76.5093061781963, 33.19584152455873, 0.0], [76.50794508738716, 33.1951008943264, 0.0], [76.50670301222995, 33.193648123146424, 0.0], [76.5052360872154, 33.19197862980005, 0.0], [76.50175378100653, 33.18987890400133, 0.0], [76.49999998757386, 33.189021437065186, 0.0], [76.49940692543917, 33.18873150281058, 0.0], [76.49888599348887, 33.18852610544143, 0.0], [76.49736166576423, 33.18746570831886, 0.0], [76.49582693456207, 33.186529426035605, 0.0], [76.4944641389035, 33.18581851521802, 0.0], [76.49230699736296, 33.18453116077827, 0.0], [76.48982325276465, 33.18347405011787, 0.0], [76.48818173608352, 33.18277226726946, 0.0], [76.48714102331706, 33.182295431351356, 0.0], [76.48651868853824, 33.18189918047955, 0.0], [76.48520396946223, 33.181003245011745, 0.0], [76.48346575592329, 33.18001295593383, 0.0], [76.48264667827979, 33.17961480673112, 0.0], [76.48231777088208, 33.17945492470676, 0.0], [76.48178123133762, 33.17915782622694, 0.0], [76.48064432768368, 33.178874814028944, 0.0], [76.47993121380543, 33.17878525932298, 0.0], [76.47937894876591, 33.178745106329565, 0.0], [76.47822106881017, 33.1788407534634, 0.0], [76.47633962240877, 33.17906772171576, 0.0], [76.47446883133591, 33.17934882967944, 0.0], [76.47278060949064, 33.17976041664829, 0.0], [76.47119977749995, 33.18043785310807, 0.0], [76.46957634319179, 33.181372360319465, 0.0], [76.46910755520017, 33.18159227708424, 0.0], [76.46801695181236, 33.18210388810395, 0.0], [76.46737379690767, 33.182293653519864, 0.0], [76.4663928019918, 33.18240712868358, 0.0], [76.46534721448975, 33.18231319950947, 0.0], [76.46483244993914, 33.18220084036775, 0.0], [76.46447838725008, 33.18199378312376, 0.0], [76.46309959567402, 33.18104352976087, 0.0], [76.46208602746417, 33.180764669827006, 0.0], [76.46137286084512, 33.18065246193642, 0.0], [76.45934633268729, 33.18065387063518, 0.0], [76.4577643210374, 33.18018610793278, 0.0], [76.457146954294, 33.180021957166474, 0.0], [76.45600536140452, 33.179718409590755, 0.0], [76.45494904100885, 33.179498252608084, 0.0], [76.45436995812001, 33.179444503310435, 0.0], [76.4526114128149, 33.17935094817702, 0.0], [76.45074050667809, 33.17942877473258, 0.0], [76.44962542808165, 33.179501651863674, 0.0], [76.44891247775676, 33.17965524772454, 0.0], [76.44733706602102, 33.18051729926118, 0.0], [76.44647973616729, 33.1810948279611, 0.0], [76.44641035773921, 33.18111601151668, 0.0], [76.44568105144192, 33.181338689921105, 0.0], [76.44483407302349, 33.18146991984768, 0.0], [76.44323106472183, 33.181412215674655, 0.0], [76.44169483151957, 33.18096382881934, 0.0], [76.44162766535996, 33.180944224108565, 0.0], [76.44071605247699, 33.180665269697776, 0.0], [76.44009394463892, 33.180440140841235, 0.0], [76.4390215871866, 33.18027387703752, 0.0], [76.43786901905807, 33.18035114080165, 0.0], [76.4365768776724, 33.180275149276135, 0.0], [76.43570842722961, 33.18029364661462, 0.0], [76.43455050050214, 33.18055565055483, 0.0], [76.43353226426102, 33.18102500429257, 0.0], [76.43192982710922, 33.18190485130313, 0.0], [76.43130804212443, 33.18209454713205, 0.0], [76.42825730914844, 33.18196517438133, 0.0], [76.42698741221842, 33.18318287187037, 0.0], [76.42659096766808, 33.183724045802876, 0.0], [76.42614621203556, 33.184044355382134, 0.0], [76.42578713765722, 33.18432399914026, 0.0], [76.42538512663434, 33.18450898330896, 0.0], [76.42427559330802, 33.18499635457603, 0.0], [76.42256029274397, 33.18563268935896, 0.0], [76.42180691508187, 33.18631616530554, 0.0], [76.4213919744042, 33.18669259974342, 0.0], [76.42033086203256, 33.1876577500726, 0.0], [76.41667350512323, 33.18611723134658, 0.0], [76.4161763552097, 33.185902958113175, 0.0], [76.41593668664015, 33.18579965941776, 0.0], [76.41462500300585, 33.18523430219923, 0.0], [76.41416382089707, 33.18504960298912, 0.0], [76.41258212007105, 33.18491938153859, 0.0], [76.41035725512927, 33.18518145096503, 0.0], [76.40897177091932, 33.18536056432627, 0.0], [76.40759619779627, 33.18553838360409, 0.0], [76.40517282999647, 33.18576445505985, 0.0], [76.40423463451573, 33.18585937159136, 0.0], [76.4038967937421, 33.18578733269571, 0.0], [76.40305481508516, 33.18508874318643, 0.0], [76.40212152818602, 33.183781491425655, 0.0], [76.40159593530174, 33.183321759021, 0.0], [76.40110252560876, 33.18288908029712, 0.0], [76.40014810218983, 33.18251515843341, 0.0], [76.39831980541001, 33.18236669442108, 0.0], [76.39785334299454, 33.18212336933399, 0.0], [76.39718305448933, 33.181411176220315, 0.0], [76.39624986040862, 33.18012200518468, 0.0], [76.39495746888696, 33.17895906009189, 0.0], [76.39198120426501, 33.174753335955955, 0.0], [76.39089277169462, 33.17385178131451, 0.0], [76.3904692402874, 33.173572413277796, 0.0], [76.38890915133625, 33.17295488709334, 0.0], [76.38724186780551, 33.172414115050884, 0.0], [76.3862178775587, 33.171963385437316, 0.0], [76.38568177522286, 33.17158929022448, 0.0], [76.38455600973411, 33.1710213485847, 0.0], [76.38275473171613, 33.16980422295088, 0.0], [76.38161819065614, 33.16871777687362, 0.0], [76.38039588825005, 33.16763136943033, 0.0], [76.3776566758888, 33.16617076572249, 0.0], [76.37661134065162, 33.16532776998736, 0.0], [76.37574302122405, 33.164241278230776, 0.0], [76.37297176802217, 33.161387562328066, 0.0], [76.37232864810906, 33.16054451139949, 0.0], [76.37170691601003, 33.15882231086257, 0.0], [76.3705224843562, 33.15603167420659, 0.0], [76.37017413855318, 33.15523370924651, 0.0], [76.36956316281905, 33.15446722200561, 0.0], [76.36940135567176, 33.154298887382936, 0.0], [76.36895219433163, 33.15383159877884, 0.0], [76.36846452491899, 33.153457344479385, 0.0], [76.36785884935087, 33.153286051941194, 0.0], [76.36723721370645, 33.15317779409202, 0.0], [76.36698968180198, 33.15317777626003, 0.0], [76.3663474887841, 33.153177729291265, 0.0], [76.36568286629954, 33.15324977698469, 0.0], [76.36383381417149, 33.1536644477685, 0.0], [76.36287448386518, 33.153511073295455, 0.0], [76.36209739104825, 33.153195428288285, 0.0], [76.35947677125155, 33.15154055498148, 0.0], [76.35580609729264, 33.14933101943782, 0.0], [76.3527141242649, 33.147567849369494, 0.0], [76.3488293043261, 33.14551582720164, 0.0], [76.34664846641864, 33.14437027363022, 0.0], [76.34500352504962, 33.14363954838144, 0.0], [76.34400159613766, 33.14300360016896, 0.0], [76.34100163182096, 33.14040152700958, 0.0], [76.33976415804626, 33.13928762733137, 0.0], [76.3346699347354, 33.13507092269383, 0.0], [76.33340040356823, 33.134173309197415, 0.0], [76.33077031066233, 33.1322293880037, 0.0], [76.3300152722119, 33.131408587223305, 0.0], [76.32845674052218, 33.12987066768821, 0.0], [76.32629882816218, 33.12734077329589, 0.0], [76.32558644002923, 33.126984339862744, 0.0], [76.3251203820256, 33.126799262918695, 0.0], [76.32459001942196, 33.126650314159285, 0.0], [76.32147179080361, 33.12645966235167, 0.0], [76.31973065761193, 33.12609822937625, 0.0], [76.31843969516439, 33.12574147908155, 0.0], [76.31729135136504, 33.125541411508166, 0.0], [76.31563778066136, 33.12525330551849, 0.0], [76.31485574514802, 33.125045551327574, 0.0], [76.314588004918, 33.12483804870294, 0.0], [76.3141704665365, 33.1242021778382, 0.0], [76.31396748866332, 33.123340997584535, 0.0], [76.31383372124219, 33.12300283402434, 0.0], [76.31341072532334, 33.12266898239311, 0.0], [76.3106253065333, 33.121811002283636, 0.0], [76.30817765557615, 33.120799874204565, 0.0], [76.30522119402782, 33.119617159487404, 0.0], [76.3037272560674, 33.11860641007706, 0.0], [76.30330966693458, 33.11825000840025, 0.0], [76.30255015688111, 33.11669419097738, 0.0], [76.30159909770643, 33.11362350895944, 0.0], [76.30029301429852, 33.11234693841457, 0.0], [76.29751462835071, 33.11013614318472, 0.0], [76.29491839168361, 33.10801556776726, 0.0], [76.2921133067501, 33.10595347225613, 0.0], [76.287455610957, 33.10328145639084, 0.0], [76.28594596388878, 33.10238771643392, 0.0], [76.28661641250497, 33.10148653296147, 0.0], [76.28839703364488, 33.09912537304659, 0.0], [76.28848320320536, 33.09871518645676, 0.0], [76.28839804784096, 33.09817409595407, 0.0], [76.28721626489178, 33.09610401897209, 0.0], [76.28663914767878, 33.094773676039765, 0.0], [76.28559766949762, 33.09190563634477, 0.0], [76.28358273331578, 33.087783554548935, 0.0], [76.28304860204767, 33.08635849731116, 0.0], [76.28296930400171, 33.08592951820909, 0.0], [76.28276105309006, 33.08480291592615, 0.0], [76.28287725533255, 33.08119182074439, 0.0], [76.28276754295162, 33.0785273732496, 0.0], [76.2828175220242, 33.07684123321163, 0.0], [76.28344322567591, 33.07244155957687, 0.0], [76.28366320772146, 33.07191427861355, 0.0], [76.28501385410397, 33.07072956396594, 0.0], [76.2863963996452, 33.06958996385924, 0.0], [76.28775202586732, 33.06867114999369, 0.0], [76.28902143341634, 33.06820318759034, 0.0], [76.28928949169156, 33.067941922326746, 0.0], [76.28975697295314, 33.0661659575024, 0.0], [76.29035810307744, 33.06460191680548, 0.0], [76.29055785078201, 33.06289789731697, 0.0], [76.29040544261188, 33.05984561122247, 0.0], [76.28970172934869, 33.056797491650606, 0.0], [76.28854530704592, 33.05676065030893, 0.0], [76.28760833552509, 33.05676004545765, 0.0], [76.28683226843626, 33.05657017126811, 0.0], [76.28605634967113, 33.05621343173208, 0.0], [76.28461185428863, 33.05527920993789, 0.0], [76.2829421079443, 33.05469633822654, 0.0], [76.28135271700755, 33.05413615956542, 0.0], [76.28068904239055, 33.05396890247106, 0.0], [76.27968832759066, 33.05355787818085, 0.0], [76.27693331950466, 33.05173885487989, 0.0], [76.27631841668705, 33.05105309082433, 0.0], [76.27600867487538, 33.050376649471346, 0.0], [76.27570154636373, 33.047378317136314, 0.0], [76.27536599610852, 33.0458091256466, 0.0], [76.27514940490342, 33.04323467759471, 0.0], [76.27495413609893, 33.04076400378877, 0.0], [76.27466624058108, 33.03977192450733, 0.0], [76.27382252658971, 33.03797242174058, 0.0], [76.27291364322683, 33.0370519776441, 0.0], [76.27204718305151, 33.03647419300099, 0.0], [76.27144804294957, 33.0361896048543, 0.0], [76.27085207374321, 33.03605593105337, 0.0], [76.2696929028397, 33.035795924279206, 0.0], [76.26798062781364, 33.03534369758811, 0.0], [76.26662684525729, 33.03509904356877, 0.0], [76.26464608789729, 33.03539937139428, 0.0], [76.2636180667644, 33.035628419241476, 0.0], [76.26357974173544, 33.03563894961409, 0.0], [76.26212958747641, 33.03603736556507, 0.0], [76.26148201595221, 33.03601875065394, 0.0], [76.26059378997111, 33.03575642483405, 0.0], [76.25895116034386, 33.03530409089361, 0.0], [76.25768353048896, 33.03468524557305, 0.0], [76.25664037086666, 33.0342560599367, 0.0], [76.25595540639179, 33.03410655961521, 0.0], [76.25535074831612, 33.03404734532844, 0.0], [76.2549709291271, 33.033835150533285, 0.0], [76.25404106927193, 33.0327928333192, 0.0], [76.25297726931083, 33.03181796588838, 0.0], [76.25173705747812, 33.03080688752119, 0.0], [76.25129863701142, 33.030477295591446, 0.0], [76.25074245963592, 33.03015672858713, 0.0], [76.2503412458604, 33.02998947002661, 0.0], [76.2499995937909, 33.0299227227653, 0.0], [76.24989190621585, 33.02989439785279, 0.0], [76.24905060886131, 33.02987801940862, 0.0], [76.24891566284086, 33.02980739503631, 0.0], [76.24810254349933, 33.02910100997015, 0.0], [76.24714858403382, 33.028155207540536, 0.0], [76.24623217021474, 33.027281448671374, 0.0], [76.24548097782129, 33.02584403059193, 0.0], [76.24503946658487, 33.02395092122923, 0.0], [76.24470615570765, 33.02281517686952, 0.0], [76.24406237650406, 33.02165709227631, 0.0], [76.24406145417848, 33.021656494797405, 0.0], [76.24277153150578, 33.02081977917317, 0.0], [76.2417278372968, 33.02069451606996, 0.0], [76.23963000496572, 33.020714562284525, 0.0], [76.23815327210252, 33.02082997060934, 0.0], [76.23782143748963, 33.02085590229472, 0.0], [76.236408692988, 33.02092934697755, 0.0], [76.23470147832458, 33.02087680064475, 0.0], [76.23209528523789, 33.02088803963971, 0.0], [76.23080566520098, 33.020992855391384, 0.0], [76.22930744896635, 33.02113389745755, 0.0], [76.2275845484242, 33.02137878084444, 0.0], [76.22620959358584, 33.02173161313786, 0.0], [76.22458871186814, 33.02230998666457, 0.0], [76.22312205512931, 33.0226084070118, 0.0], [76.22303175530394, 33.02262678012368, 0.0], [76.22226123539646, 33.022769398959085, 0.0], [76.22187598456057, 33.02284070361106, 0.0], [76.22197213544304, 33.022826547889984, 0.0], [76.22208257874563, 33.02302096757256, 0.0], [76.22282427208891, 33.024279717186516, 0.0], [76.22303280859586, 33.02463362445143, 0.0], [76.22398306319049, 33.02624626803574, 0.0], [76.22515207387886, 33.02825602830193, 0.0], [76.22632377926588, 33.030270330350135, 0.0], [76.2274130543074, 33.03308977172416, 0.0], [76.2276819517552, 33.033785756573266, 0.0], [76.22923506877909, 33.03685016497366, 0.0], [76.23137674860516, 33.041808648218606, 0.0], [76.23217435958344, 33.04621602525843, 0.0], [76.23490451797525, 33.05273047272481, 0.0], [76.23538810780354, 33.05624425921598, 0.0], [76.23560126700279, 33.059733571818754, 0.0], [76.23548510417669, 33.063187045965904, 0.0], [76.23505224651686, 33.066000661349975, 0.0], [76.23398522134995, 33.06910330896485, 0.0], [76.23171925947325, 33.07260378378303, 0.0], [76.23192819019344, 33.07707133917849, 0.0], [76.23223508275707, 33.08063715340897, 0.0], [76.23182622465981, 33.08350932129576, 0.0], [76.22954436469767, 33.08762737980412, 0.0], [76.22635948642444, 33.09082641708418, 0.0], [76.22185197865481, 33.08843160520902, 0.0], [76.21826976474411, 33.08532021558003, 0.0], [76.21529732170909, 33.08642360105574, 0.0], [76.21229257660056, 33.08885351629025, 0.0], [76.20966003812362, 33.09136421070653, 0.0], [76.2066358454846, 33.093311596943025, 0.0], [76.20405530705584, 33.094489954848946, 0.0], [76.2013219486146, 33.09699489125806, 0.0], [76.20052679928452, 33.10198044419012, 0.0], [76.20009685862503, 33.10655215582114, 0.0], [76.19910314480907, 33.10960148871196, 0.0], [76.19469775127185, 33.110511330637316, 0.0], [76.19123221765008, 33.11106330856199, 0.0], [76.18810180140339, 33.112084562584116, 0.0], [76.18533322307913, 33.11361573409707, 0.0], [76.18293983755922, 33.11538869892364, 0.0], [76.17863996858198, 33.11875380359582, 0.0], [76.17652955618749, 33.122481585668865, 0.0], [76.17671845664053, 33.12296557205003, 0.0], [76.17826795536547, 33.12693540559894, 0.0], [76.17600172547922, 33.13300117127809, 0.0], [76.17464807874158, 33.136455074684285, 0.0], [76.17270452048677, 33.144273236774076, 0.0], [76.17132032950674, 33.14889587285053, 0.0], [76.16605724650756, 33.15021606180162, 0.0], [76.1627274814989, 33.15382074007214, 0.0], [76.16111735509443, 33.15801390980553, 0.0], [76.1575291507453, 33.16221328493016, 0.0], [76.15296931615715, 33.164380245818315, 0.0], [76.1496252285445, 33.1666787062686, 0.0], [76.14660383073739, 33.16691675127806, 0.0], [76.14328564188655, 33.16655212375905, 0.0], [76.14039101447362, 33.16648035760112, 0.0], [76.13716148124203, 33.16694508089344, 0.0], [76.1341196808353, 33.169578218987965, 0.0], [76.13118772505099, 33.17261471830422, 0.0], [76.12721413247715, 33.17432690176736, 0.0], [76.12378925802376, 33.174647802553174, 0.0], [76.12231832871393, 33.17478560188612, 0.0], [76.11859279710521, 33.17454123905459, 0.0], [76.11852140036537, 33.171582797295635, 0.0], [76.11851497175871, 33.17131641359638, 0.0], [76.11827402832522, 33.168203444903824, 0.0], [76.11864546074945, 33.164454799161206, 0.0], [76.12008359636283, 33.15895142713921, 0.0], [76.11921017939963, 33.154953672228196, 0.0], [76.1168255269835, 33.150193887201375, 0.0], [76.11663837648588, 33.14540047675612, 0.0], [76.11565000043241, 33.14154579645549, 0.0], [76.11448750826432, 33.13794132777055, 0.0], [76.11264758545941, 33.13278591046011, 0.0], [76.11126305577385, 33.12853443523616, 0.0], [76.10856182292345, 33.125305113826485, 0.0], [76.10498969922808, 33.12407267261464, 0.0], [76.10126075531618, 33.12367767015693, 0.0], [76.09821229473565, 33.12335236379195, 0.0], [76.09455047898349, 33.12279926437492, 0.0], [76.09123441130271, 33.121727741129575, 0.0], [76.08676157961642, 33.11996598840849, 0.0], [76.0828269993333, 33.11868664316494, 0.0], [76.0795359105887, 33.11842702161341, 0.0], [76.07659115456727, 33.11840187172951, 0.0], [76.07373672388874, 33.11641862593113, 0.0], [76.07011317639542, 33.11535463026555, 0.0], [76.06502147731312, 33.112801741329925, 0.0], [76.06194368334722, 33.11100481671513, 0.0], [76.05886227131211, 33.108999257630714, 0.0], [76.05564195162896, 33.10658332706679, 0.0], [76.05267434639254, 33.10662227701339, 0.0], [76.04841136890944, 33.1074845350215, 0.0], [76.04404544730346, 33.10764035818626, 0.0], [76.0415492090176, 33.10573621694135, 0.0], [76.03836688304477, 33.10436503130181, 0.0], [76.03494615311659, 33.10401174524501, 0.0], [76.03135498862021, 33.10348491615314, 0.0], [76.02734673363042, 33.10378064492261, 0.0], [76.02403542243898, 33.10345795597272, 0.0], [76.02017768369568, 33.10280930255361, 0.0], [76.01688912298484, 33.10225230943451, 0.0], [76.01248439373255, 33.10316187017893, 0.0], [76.00886256117005, 33.10380096719473, 0.0], [76.00416931921777, 33.10386637571541, 0.0], [75.99950692303497, 33.10287761894675, 0.0], [75.99587197790844, 33.10541193455854, 0.0], [75.99291498473615, 33.10898825897183, 0.0], [75.99172503218378, 33.11157253108183, 0.0], [75.99048274532647, 33.115357690377316, 0.0], [75.98866304083808, 33.11776574464222, 0.0], [75.98638991151978, 33.12007606320407, 0.0], [75.98374909353024, 33.12208189670967, 0.0], [75.98070265687265, 33.12251585174379, 0.0], [75.97655787570369, 33.12196279432838, 0.0], [75.97057277127968, 33.119622441447916, 0.0], [75.96656063333923, 33.1194677478082, 0.0], [75.9646020288323, 33.12258463426022, 0.0], [75.96743360413002, 33.12581586426937, 0.0], [75.96546299435197, 33.128175381797675, 0.0], [75.96293588306436, 33.129826588152035, 0.0], [75.95930828943825, 33.12994924420566, 0.0], [75.95519078662731, 33.12726015138522, 0.0], [75.95050228052705, 33.12539442038714, 0.0], [75.9485368236619, 33.123016311896215, 0.0], [75.94641463685309, 33.119355429702814, 0.0], [75.94482433229625, 33.11889858363703, 0.0], [75.94323403232346, 33.11844172527439, 0.0], [75.94267079856964, 33.11554813997821, 0.0], [75.93902019628949, 33.11331677667951, 0.0], [75.93579111933455, 33.1130869043868, 0.0], [75.93151041930994, 33.11406639890952, 0.0], [75.928803573042, 33.11516386003264, 0.0], [75.92713788362224, 33.117843082739974, 0.0], [75.92857710768304, 33.120377264035746, 0.0], [75.92757327586646, 33.12322356285924, 0.0], [75.92592085401165, 33.1263357390745, 0.0], [75.92288209827636, 33.12849738782019, 0.0], [75.91897562401158, 33.13236413569042, 0.0], [75.91627148469534, 33.136183986612174, 0.0], [75.91297526434857, 33.13658747699413, 0.0], [75.90860501385005, 33.135672377256384, 0.0], [75.90487111499782, 33.13586270436454, 0.0], [75.90014582649727, 33.13348867027156, 0.0], [75.90024353852488, 33.12911836872197, 0.0], [75.89890394918886, 33.12300186259745, 0.0], [75.89735867211664, 33.11942804996396, 0.0], [75.89448532853721, 33.11772430067681, 0.0], [75.8901705485428, 33.117346785995906, 0.0], [75.88515259593359, 33.11670184323919, 0.0], [75.87951246849002, 33.1199091809317, 0.0], [75.87555530326448, 33.12157984879771, 0.0], [75.8727626655021, 33.12255240471842, 0.0], [75.86728192316451, 33.121444840081864, 0.0], [75.86245392108026, 33.120945147796505, 0.0], [75.85868435480648, 33.12122077158023, 0.0], [75.8552708455314, 33.12155402017699, 0.0], [75.85647730081772, 33.12517641937693, 0.0], [75.85466651816904, 33.12925787307255, 0.0], [75.85202267680687, 33.133228865658545, 0.0], [75.84774079670015, 33.13472262877654, 0.0], [75.84384726945687, 33.13657130891914, 0.0], [75.83960814995704, 33.137864074791146, 0.0], [75.83680827109562, 33.139691805264455, 0.0], [75.83626165696133, 33.14411835555282, 0.0], [75.83342907854849, 33.14771282504173, 0.0], [75.8290804687906, 33.14958675285569, 0.0], [75.82602501765776, 33.15066534928793, 0.0], [75.82273380433217, 33.151646788643674, 0.0], [75.81811759921978, 33.15145469218338, 0.0], [75.81326550068336, 33.14896025954527, 0.0], [75.80980027825463, 33.146150017947676, 0.0], [75.8050015305198, 33.145425802459705, 0.0], [75.80045931031256, 33.143744603604624, 0.0], [75.79825234730397, 33.146769852601025, 0.0], [75.79774262227313, 33.15030691258333, 0.0], [75.79714836776685, 33.155461148277965, 0.0], [75.79768822087495, 33.15748875042594, 0.0], [75.7983517305767, 33.15998066879781, 0.0], [75.7995738248658, 33.16168522025544, 0.0], [75.7999519076923, 33.162212548711395, 0.0], [75.80053338328318, 33.16302354510942, 0.0], [75.80374963511895, 33.16654948603289, 0.0], [75.8042260937299, 33.16767526757488, 0.0], [75.8055792275166, 33.17087231934007, 0.0], [75.80161386817099, 33.17225938283854, 0.0], [75.79756602193098, 33.17283175463183, 0.0], [75.79468089660116, 33.172992248420364, 0.0], [75.79139568433074, 33.17388424055882, 0.0], [75.78829822864499, 33.17459294409704, 0.0], [75.78504082148032, 33.176260287618334, 0.0], [75.78409402530474, 33.17674489513947, 0.0], [75.77986438183946, 33.18071504862073, 0.0], [75.77700026010773, 33.1818113352184, 0.0], [75.77424782657415, 33.1844563050261, 0.0], [75.77237344867193, 33.187974958379634, 0.0], [75.76970678188297, 33.19035990591145, 0.0], [75.76537778497033, 33.19197461992832, 0.0], [75.7626955606307, 33.193674098757675, 0.0], [75.76200088185463, 33.196713569216506, 0.0], [75.75947047102807, 33.19832366783499, 0.0], [75.75533581800973, 33.19922824362608, 0.0], [75.75119577482947, 33.19946618077606, 0.0], [75.74821334740993, 33.200489342755375, 0.0], [75.7448929843166, 33.201709838364366, 0.0], [75.74079095144776, 33.20326379215746, 0.0], [75.73774542170356, 33.204320053171365, 0.0], [75.73531254431411, 33.2064290924589, 0.0], [75.73177984160233, 33.20904549390284, 0.0], [75.72852932295653, 33.21110866890706, 0.0], [75.7260624024929, 33.213224882007715, 0.0], [75.7237530798934, 33.215194635020474, 0.0], [75.72152166836811, 33.21737387438023, 0.0], [75.71865762158578, 33.21890479665921, 0.0], [75.71890107295519, 33.222667039360594, 0.0], [75.718790584056, 33.22638568478535, 0.0], [75.71742276539945, 33.230169094328, 0.0], [75.71527913305205, 33.233439128419576, 0.0], [75.71316009732492, 33.236037394557, 0.0], [75.7102625569761, 33.23900888735938, 0.0], [75.70671470148604, 33.24049712984145, 0.0], [75.70312029905975, 33.24361797182787, 0.0], [75.69952251796137, 33.247046009955085, 0.0], [75.69504929226821, 33.25060327401532, 0.0], [75.69233805741588, 33.253729830032476, 0.0], [75.68792952145526, 33.25466721560785, 0.0], [75.68402281371924, 33.254102633825354, 0.0], [75.68052152545243, 33.25625260067208, 0.0], [75.67527484116087, 33.25764642592983, 0.0], [75.66943608905162, 33.25571672566493, 0.0], [75.66551447903919, 33.25554977225433, 0.0], [75.6600966404689, 33.257332562417986, 0.0], [75.65613053548579, 33.2555089038609, 0.0], [75.65140103168567, 33.25235882671934, 0.0], [75.64875054636742, 33.24947150770593, 0.0], [75.64832019613615, 33.24900268366181, 0.0], [75.6476392929641, 33.24969830187571, 0.0], [75.64587016048863, 33.251505609744875, 0.0], [75.64238305748015, 33.25372645768176, 0.0], [75.63885001778199, 33.255780402606774, 0.0], [75.6362424746532, 33.25702948256807, 0.0], [75.63266634177765, 33.25972227297106, 0.0], [75.62794829411706, 33.261112142737645, 0.0], [75.6235641171408, 33.263255860995606, 0.0], [75.61915965148806, 33.26508609133214, 0.0], [75.61802165714, 33.266133511093976, 0.0], [75.61536258698115, 33.26858082898473, 0.0], [75.61160823618594, 33.271156980059196, 0.0], [75.60706364591003, 33.27276582967291, 0.0], [75.60293237528498, 33.27351469131668, 0.0], [75.59867487675594, 33.27421487231971, 0.0], [75.59644266270077, 33.27685851406348, 0.0], [75.59537406569139, 33.280208269882685, 0.0], [75.59582331904338, 33.28352592656326, 0.0], [75.59663524933308, 33.28735980816552, 0.0], [75.59464292011585, 33.29010387576788, 0.0], [75.59048978448605, 33.292858783809, 0.0], [75.58924662720095, 33.29736667396889, 0.0], [75.58776183220296, 33.30153181156124, 0.0], [75.58554336475544, 33.30425407279815, 0.0], [75.58296941947076, 33.30916488899315, 0.0], [75.58020031065925, 33.31447565954674, 0.0], [75.57708937374944, 33.316661359309336, 0.0], [75.57390955790949, 33.317693242115, 0.0], [75.57109179026503, 33.32000472759748, 0.0], [75.5678956425323, 33.321816717270494, 0.0], [75.56540174138027, 33.32518054290038, 0.0], [75.56489265692089, 33.329558336098536, 0.0], [75.56317271150796, 33.335478162728236, 0.0], [75.5582591594323, 33.33817431069834, 0.0], [75.55540795309395, 33.338944797769166, 0.0], [75.55223571348262, 33.33979732309599, 0.0], [75.54689927213566, 33.34433756117444, 0.0], [75.54406414089321, 33.34822474660476, 0.0], [75.5413970634949, 33.351178094084844, 0.0], [75.5397810519711, 33.35496912143892, 0.0], [75.53958478879875, 33.3588519640878, 0.0], [75.5403680887724, 33.36268896300802, 0.0], [75.54080192675205, 33.36692231417112, 0.0], [75.53995049530793, 33.370941898565945, 0.0], [75.53745110141764, 33.37335766183673, 0.0], [75.53460749298385, 33.3745908451767, 0.0], [75.53128865054961, 33.37632255855495, 0.0], [75.52741730877077, 33.38031527519407, 0.0], [75.52445767651396, 33.383962246884344, 0.0], [75.52200654586416, 33.388058139197966, 0.0], [75.51939246451975, 33.391132761916154, 0.0], [75.51770898488444, 33.39373547386741, 0.0], [75.51356640290663, 33.39582964500533, 0.0], [75.50958699808442, 33.39755937492612, 0.0], [75.50631808569669, 33.39844666117668, 0.0], [75.50306331753512, 33.398815416788736, 0.0], [75.49783237053056, 33.39879590888618, 0.0], [75.49492377098527, 33.4010356927692, 0.0], [75.49222960853218, 33.40398884797091, 0.0], [75.4885420600117, 33.40576285726812, 0.0], [75.48725539979621, 33.406078594223246, 0.0], [75.4829498534257, 33.40713505706148, 0.0], [75.4828305768993, 33.407296696457074, 0.0], [75.48026521260898, 33.4107730613196, 0.0], [75.47947790400171, 33.412293733092824, 0.0], [75.47937498546679, 33.41249251592888, 0.0], [75.47932236019986, 33.41259415783472, 0.0], [75.4793110257911, 33.412616048807834, 0.0], [75.47848473757668, 33.41421196297325, 0.0], [75.47750638908065, 33.41514748431208, 0.0], [75.47591538683538, 33.416668788927, 0.0], [75.47435754346637, 33.41915849564776, 0.0], [75.47605199893617, 33.423154651178656, 0.0], [75.47710253556032, 33.42448490909605, 0.0], [75.47716124116833, 33.42455924431365, 0.0], [75.47731727540648, 33.424756814552175, 0.0], [75.47858256952938, 33.42635897162592, 0.0], [75.4810692364914, 33.428646923178924, 0.0], [75.483419861029, 33.43096352544566, 0.0], [75.48293104556645, 33.434935586335584, 0.0], [75.47997879441193, 33.43832520509172, 0.0], [75.48298389104819, 33.44116131852273, 0.0], [75.48333531056402, 33.44149296259404, 0.0], [75.48702337033824, 33.44437933220353, 0.0], [75.48758644992685, 33.4469857744974, 0.0], [75.48794353814314, 33.44863862742261, 0.0], [75.48847990304711, 33.45029666650538, 0.0], [75.48925518173726, 33.4526931696603, 0.0], [75.48611766274936, 33.45587795305272, 0.0], [75.4827355211826, 33.4585474822913, 0.0], [75.48197564154331, 33.46170382271255, 0.0], [75.48184528058952, 33.464295203480226, 0.0], [75.48179715758845, 33.465251781142705, 0.0], [75.48045505601628, 33.470879014441074, 0.0], [75.47690623498065, 33.47291960609409, 0.0], [75.47410718848242, 33.47595361206164, 0.0], [75.47228167433116, 33.47903179045952, 0.0], [75.47082717908701, 33.48306399610544, 0.0], [75.46873264578436, 33.4853435301332, 0.0], [75.46817069449509, 33.488120880603546, 0.0], [75.46784046212765, 33.491227197783296, 0.0], [75.46719304516178, 33.495832629168845, 0.0], [75.46714411766973, 33.497753427907426, 0.0], [75.46709690953455, 33.49960664177351, 0.0], [75.46977557348946, 33.50203693742451, 0.0], [75.47315125164194, 33.50521920762191, 0.0], [75.47677623483291, 33.50850259535305, 0.0], [75.48180885146132, 33.511896497920304, 0.0], [75.48373703530625, 33.51687706894062, 0.0], [75.4857428105425, 33.52171312322377, 0.0], [75.48962098264572, 33.52464350128445, 0.0], [75.4931336511868, 33.52648249699161, 0.0], [75.49587315315172, 33.5279211637137, 0.0], [75.49590407842723, 33.52793740366494, 0.0], [75.49676834966183, 33.528176702483, 0.0], [75.49691608021232, 33.5282176047448, 0.0], [75.49699696683149, 33.52824000022549, 0.0], [75.49718210062693, 33.528291259408206, 0.0], [75.49718500152872, 33.52829206267617, 0.0], [75.49728412955744, 33.52831950860963, 0.0], [75.49730715571489, 33.52832588363253, 0.0], [75.4973085231186, 33.52832626218097, 0.0], [75.49744737444718, 33.52836470679492, 0.0], [75.49750086817896, 33.528379518080634, 0.0], [75.49750667644773, 33.52838112568494, 0.0], [75.49752480525355, 33.52838614511569, 0.0], [75.49753244815432, 33.528388260777035, 0.0], [75.4975459303532, 33.528391993941554, 0.0], [75.49763472470511, 33.52841658077871, 0.0], [75.49765863499053, 33.52842320072737, 0.0], [75.49771791237474, 33.52843961343729, 0.0], [75.49777770202506, 33.5284561677254, 0.0], [75.49779090562053, 33.52845982357184, 0.0], [75.49779887751278, 33.528462030564384, 0.0], [75.49780468470789, 33.52846363812899, 0.0], [75.49782357760336, 33.52846886935712, 0.0], [75.49789048506867, 33.52848739458515, 0.0], [75.49789766501388, 33.52848938264689, 0.0], [75.49793052240999, 33.52849847963047, 0.0], [75.49800744435278, 33.528519777113445, 0.0], [75.49801831929535, 33.52852278831232, 0.0], [75.49819527206748, 33.528571780217916, 0.0], [75.49827870646567, 33.52859487995514, 0.0], [75.4983101107574, 33.52860357516498, 0.0], [75.49831363002622, 33.52860454915387, 0.0], [75.4983357807532, 33.52861068200789, 0.0], [75.4983358664716, 33.528610706070275, 0.0], [75.49834468499262, 33.52861314702758, 0.0], [75.4983516635008, 33.52861507888502, 0.0], [75.49851491671221, 33.52866027800651, 0.0], [75.49852164979781, 33.52866214251854, 0.0], [75.49854333010701, 33.52866814484268, 0.0], [75.49858926800987, 33.528680863339694, 0.0], [75.49861512664785, 33.52868802235032, 0.0], [75.49863544705813, 33.52869364813954, 0.0], [75.49865905203136, 33.5287001835776, 0.0], [75.4986712226269, 33.528703553208004, 0.0], [75.49867948067597, 33.52870583946803, 0.0], [75.49868040979327, 33.52870609652718, 0.0], [75.49890266126812, 33.52876763026697, 0.0], [75.49918778934699, 33.528846571918955, 0.0], [75.50241474730204, 33.52759779515854, 0.0], [75.50534965553265, 33.52720093466102, 0.0], [75.50954954734627, 33.52859727964793, 0.0], [75.51024428451115, 33.532102357685844, 0.0], [75.51038034600893, 33.532788792815715, 0.0], [75.51142375386205, 33.53742323381498, 0.0], [75.51333504261974, 33.54161814182854, 0.0], [75.51110392804945, 33.54344184337091, 0.0], [75.50823070146441, 33.5442483749776, 0.0], [75.50596594018681, 33.5463049282806, 0.0], [75.50358789091709, 33.54893948715211, 0.0], [75.50346387343293, 33.55177895488523, 0.0], [75.50507881786397, 33.555906450968756, 0.0], [75.50714133719558, 33.55960383359928, 0.0], [75.50788844324802, 33.562638468138296, 0.0], [75.50675583310377, 33.56531882460405, 0.0], [75.50651809550692, 33.56657184290258, 0.0], [75.50632825176247, 33.56757241588593, 0.0], [75.50590065677576, 33.569826004354645, 0.0], [75.50722136490994, 33.57414407137577, 0.0], [75.50887551963129, 33.57758778534277, 0.0], [75.50978106643414, 33.581075540195855, 0.0], [75.51272339748425, 33.5825733810045, 0.0], [75.51684535678376, 33.58487534455223, 0.0], [75.51942284646252, 33.586855419740566, 0.0], [75.5236694394688, 33.58721846582521, 0.0], [75.5255117912977, 33.589410813912885, 0.0], [75.52739298297625, 33.5930209314257, 0.0], [75.53078474676698, 33.59716635014681, 0.0], [75.5339746704459, 33.600453120415494, 0.0], [75.53424206786379, 33.600362682285144, 0.0], [75.53436893392714, 33.60049366268805, 0.0], [75.53449665988941, 33.600833163587566, 0.0], [75.53455221768483, 33.600980836141, 0.0], [75.5346267760126, 33.6011790122681, 0.0], [75.53429183559503, 33.60216600308682, 0.0], [75.53394627744969, 33.60288254912281, 0.0], [75.53360016951596, 33.60417606442199, 0.0], [75.53316120070794, 33.60498057014333, 0.0], [75.53313055694223, 33.60503673075279, 0.0], [75.53311562882091, 33.60509870999457, 0.0], [75.53290502119984, 33.60597310241654, 0.0], [75.53288529465189, 33.60605500169976, 0.0], [75.53278423873891, 33.60647455290136, 0.0], [75.5328264878876, 33.607227396353835, 0.0], [75.53209846451799, 33.607875954199976, 0.0], [75.53106861058545, 33.60870014703236, 0.0], [75.52999721294479, 33.6093951879633, 0.0], [75.52990948147, 33.609452099997334, 0.0], [75.52875014016581, 33.61038433874856, 0.0], [75.52814541177963, 33.61153346058013, 0.0], [75.52779175739548, 33.61265667921411, 0.0], [75.52754517375863, 33.61343982414127, 0.0], [75.52693065414512, 33.61401605926179, 0.0], [75.52693034960829, 33.6140163449533, 0.0], [75.5269235014982, 33.61402336793846, 0.0], [75.52685686209966, 33.614091700842756, 0.0], [75.52685281051676, 33.61409585576454, 0.0], [75.52619671124631, 33.614768615256615, 0.0], [75.52495693584336, 33.615272471005575, 0.0], [75.5240083831456, 33.61551965471088, 0.0], [75.52396236248016, 33.61552445453393, 0.0], [75.5229790982572, 33.615627010948785, 0.0], [75.52233768949812, 33.615842849453905, 0.0], [75.52203543390007, 33.61627542906777, 0.0], [75.52212082355246, 33.61699219564346, 0.0], [75.52203321400562, 33.618213784447214, 0.0], [75.52218324902817, 33.618914900348486, 0.0], [75.5223332858011, 33.61961601543475, 0.0], [75.52241710808597, 33.621590534015596, 0.0], [75.52250176152947, 33.622952004291264, 0.0], [75.52267312937148, 33.62388983095778, 0.0], [75.522500091727, 33.62439005290577, 0.0], [75.52177278216655, 33.6242812836675, 0.0], [75.52031256429208, 33.62420788508619, 0.0], [75.51880946365556, 33.6239586816247, 0.0], [75.51803903603756, 33.623813813567416, 0.0], [75.51653657527957, 33.623055168045795, 0.0], [75.51597932012395, 33.622696314780946, 0.0], [75.51542206724412, 33.62233746013323, 0.0], [75.5139628059671, 33.62154721610167, 0.0], [75.51327923328537, 33.62095383171515, 0.0], [75.51259566315504, 33.62036044330149, 0.0], [75.51070590835934, 33.61920918532198, 0.0], [75.50984951310126, 33.61899201544758, 0.0], [75.50873368868737, 33.61927945628482, 0.0], [75.50791921882227, 33.61992335674305, 0.0], [75.50765964350907, 33.62064434634565, 0.0], [75.50783047112452, 33.62179406096564, 0.0], [75.50864171295093, 33.623625079649806, 0.0], [75.5088988116576, 33.62475676013155, 0.0], [75.50921956436898, 33.625494405359085, 0.0], [75.5094145619883, 33.62594284274026, 0.0], [75.50992409945115, 33.6277374839932, 0.0], [75.51048125960277, 33.63021739426898, 0.0], [75.51052297838795, 33.63133083730555, 0.0], [75.5100050441642, 33.63179467331157, 0.0], [75.50932000585898, 33.63226289342331, 0.0], [75.50888811888136, 33.63283947243786, 0.0], [75.50803075332055, 33.633158763990984, 0.0], [75.5074328984234, 33.632905791747056, 0.0], [75.5065286004752, 33.632115978591685, 0.0], [75.50520474762601, 33.63082098831009, 0.0], [75.50489633566843, 33.63056333851553, 0.0], [75.5037460679597, 33.62960238535514, 0.0], [75.50220050754157, 33.62880748418882, 0.0], [75.50112839393285, 33.628626124778165, 0.0], [75.49999992051762, 33.629008692023504, 0.0], [75.49955498808937, 33.629089228873475, 0.0], [75.4992150624745, 33.62929912879004, 0.0], [75.49902409854369, 33.62996940421915, 0.0], [75.49905729691957, 33.63381889869956, 0.0], [75.49924477593889, 33.63474680983842, 0.0], [75.49930170593613, 33.63502857569089, 0.0], [75.4995175326644, 33.63582474179602, 0.0], [75.4999999972049, 33.63664042484692, 0.0], [75.50050717500366, 33.636907207834625, 0.0], [75.5007206831551, 33.637032529051005, 0.0], [75.50090609241906, 33.63714135744282, 0.0], [75.50150318475093, 33.637930832968365, 0.0], [75.50163667835328, 33.63822495917648, 0.0], [75.50197602346888, 33.638972630236594, 0.0], [75.50257301921401, 33.639834255123574, 0.0], [75.50317590231964, 33.64037133802696, 0.0], [75.50407562659204, 33.640588557402396, 0.0], [75.50437346783404, 33.640730510770304, 0.0], [75.50506126418809, 33.641058319035345, 0.0], [75.50557289578035, 33.64134737076435, 0.0], [75.5057011647583, 33.6421498356572, 0.0], [75.5060441944739, 33.64355219698373, 0.0], [75.50601291124696, 33.64457143019068, 0.0], [75.50599909048209, 33.64502171700067, 0.0], [75.50577475269515, 33.64534772530925, 0.0], [75.50530778626116, 33.64602631813321, 0.0], [75.50449268040344, 33.646922557301785, 0.0], [75.50398230257842, 33.64770535029458, 0.0], [75.50505164678243, 33.648072671342405, 0.0], [75.50575359924395, 33.64842955991187, 0.0], [75.50624199025746, 33.64867786814191, 0.0], [75.50708984729863, 33.649467881239964, 0.0], [75.5073994304971, 33.6497563413754, 0.0], [75.50847039374402, 33.650979016379914, 0.0], [75.50962858997048, 33.651480500103105, 0.0], [75.51052855695676, 33.65166159169388, 0.0], [75.51194620707797, 33.65162686840066, 0.0], [75.51273849680823, 33.65168166780204, 0.0], [75.51353079698772, 33.651736464633046, 0.0], [75.51473208815965, 33.65235064269683, 0.0], [75.51560415566874, 33.653257597110326, 0.0], [75.51621244351509, 33.6538936242677, 0.0], [75.51670240070676, 33.65439891067086, 0.0], [75.51636220945798, 33.65489900906063, 0.0], [75.51533178949254, 33.65551120824347, 0.0], [75.51446882899984, 33.655938708672764, 0.0], [75.51301257813564, 33.656550405663566, 0.0], [75.51226004829185, 33.65698027358622, 0.0], [75.51150751515766, 33.657410136700655, 0.0], [75.51067111352765, 33.65829933915974, 0.0], [75.5105628261585, 33.65841446111428, 0.0], [75.50992012624941, 33.659274938436326, 0.0], [75.50982609631443, 33.659444826275646, 0.0], [75.50975837715328, 33.65956717745746, 0.0], [75.50950102568969, 33.6599430494395, 0.0], [75.50943464112353, 33.66002597216179, 0.0], [75.50862939830596, 33.661031800133514, 0.0], [75.50843471968534, 33.66150043108928, 0.0], [75.50824004059903, 33.6619690611368, 0.0], [75.50797963179883, 33.66308229789032, 0.0], [75.50797539133555, 33.663128751357014, 0.0], [75.50789775047932, 33.66397924076274, 0.0], [75.50753460821002, 33.66474618803616, 0.0], [75.50742193957363, 33.66498413939582, 0.0], [75.50707567596532, 33.66588081343569, 0.0], [75.50699206347875, 33.66651877366193, 0.0], [75.5069668619701, 33.66671105530657, 0.0], [75.50690140090462, 33.66721051726499, 0.0], [75.50688548380349, 33.667336770099695, 0.0], [75.50682615898738, 33.667807325048095, 0.0], [75.50679513472889, 33.668053397798275, 0.0], [75.50659477747007, 33.670030988153066, 0.0], [75.50612018572033, 33.67471540261013, 0.0], [75.50614517301034, 33.674922321771234, 0.0], [75.50617055745188, 33.675132531330334, 0.0], [75.50617983990225, 33.6752093981037, 0.0], [75.50620697857953, 33.67543413478684, 0.0], [75.50627940812075, 33.67603390659018, 0.0], [75.50637608078021, 33.67683442141761, 0.0], [75.50654688705899, 33.678128345400815, 0.0], [75.50725944187394, 33.67890682590434, 0.0], [75.50727369457823, 33.67892239619289, 0.0], [75.50851725958883, 33.68039310516533, 0.0], [75.50911942922906, 33.68168750394692, 0.0], [75.50872973128979, 33.68276447274788, 0.0], [75.5087346012264, 33.68318826788939, 0.0], [75.5078326405409, 33.68426472693472, 0.0], [75.50683948265026, 33.68495354477509, 0.0], [75.50658724054814, 33.68508778016109, 0.0], [75.5057656762863, 33.68552498478159, 0.0], [75.50424131859664, 33.68669296250039, 0.0], [75.50417324297104, 33.686745121707425, 0.0], [75.50371961363489, 33.68725006378883, 0.0], [75.50359262312004, 33.68739141933496, 0.0], [75.50301199801497, 33.68803771272711, 0.0], [75.50151042041963, 33.68979436059715, 0.0], [75.50056489379129, 33.69105105812345, 0.0], [75.5002672276091, 33.69179914617609, 0.0], [75.50000661744046, 33.692984426794936, 0.0], [75.50000326171966, 33.69301993139373, 0.0], [75.49999990708012, 33.693055436017254, 0.0], [75.49999992154623, 33.69387753879359, 0.0], [75.49958625761847, 33.69483227522608, 0.0], [75.49952392551924, 33.69545341114971, 0.0], [75.49962901293783, 33.696179214985584, 0.0], [75.49999996549353, 33.696511787105116, 0.0], [75.50028564454642, 33.69696579742772, 0.0], [75.50072800355105, 33.6976688010913, 0.0], [75.50114148297507, 33.69870551517298, 0.0], [75.50115789310475, 33.69874666038143, 0.0], [75.5013669704638, 33.699612379152384, 0.0], [75.50252614047045, 33.69989754677906, 0.0], [75.50343223749886, 33.69989836834684, 0.0], [75.50345976781078, 33.69990403337781, 0.0], [75.50501735277298, 33.700224527862716, 0.0], [75.50652130304286, 33.70080299703205, 0.0], [75.5069900983159, 33.70115949827901, 0.0], [75.50701764387809, 33.70117642620211, 0.0], [75.50739208036019, 33.701406537717425, 0.0], [75.50779833997238, 33.701656203668335, 0.0], [75.50921596848836, 33.702338174216194, 0.0], [75.51024502476186, 33.70312798015629, 0.0], [75.51136009069495, 33.70417031968767, 0.0], [75.51149996795401, 33.70472848628687, 0.0], [75.51152808709983, 33.70484069002233, 0.0], [75.51159667985672, 33.70492955851143, 0.0], [75.5119520126088, 33.70538991786067, 0.0], [75.5119751232551, 33.705419863199495, 0.0], [75.51197581894931, 33.7054207610064, 0.0], [75.51222776136075, 33.70574717263966, 0.0], [75.5129236508543, 33.70664874160758, 0.0], [75.51292373552414, 33.706648853544785, 0.0], [75.51313477943138, 33.706928692257044, 0.0], [75.51333027608649, 33.70718791405415, 0.0], [75.51418667601257, 33.70809024190602, 0.0], [75.51487688557692, 33.708266668998036, 0.0], [75.51532426233223, 33.70840186203081, 0.0], [75.51547539468736, 33.70844753303944, 0.0], [75.51676347935329, 33.70923755534839, 0.0], [75.51783553454051, 33.710315820725604, 0.0], [75.5179212322577, 33.71078473042302, 0.0], [75.51793550221805, 33.711013820594474, 0.0], [75.51796363045266, 33.71146541223402, 0.0], [75.5184035076005, 33.711833851137335, 0.0], [75.5184377404801, 33.711862523384006, 0.0], [75.51907913387497, 33.71229581701603, 0.0], [75.52015157094246, 33.71312170318405, 0.0], [75.5207922311307, 33.71412753036524, 0.0], [75.52093699734735, 33.71484890590003, 0.0], [75.52097962696062, 33.71534929224811, 0.0], [75.52059068088347, 33.71574570222265, 0.0], [75.52032073908738, 33.7159933336472, 0.0], [75.5196780297168, 33.71660140785604, 0.0], [75.51877123192112, 33.71703336134625, 0.0], [75.51782728923963, 33.71703254209351, 0.0], [75.51678528113223, 33.71719990194304, 0.0], [75.51671044510364, 33.717211921224184, 0.0], [75.51559337871873, 33.71757158372332, 0.0], [75.51464852812558, 33.71817927034652, 0.0], [75.51370377181165, 33.71878703844377, 0.0], [75.51206814648852, 33.71965101410962, 0.0], [75.51155509649838, 33.7200788459681, 0.0], [75.51130426945504, 33.72067608312945, 0.0], [75.5112087741959, 33.72090346093754, 0.0], [75.51120671546815, 33.72241355301349, 0.0], [75.51086614457421, 33.72299029574291, 0.0], [75.51013213496623, 33.72323756960321, 0.0], [75.50952759177483, 33.72333457389112, 0.0], [75.50901519384267, 33.72341679009269, 0.0], [75.5078113179162, 33.724028737100205, 0.0], [75.50660727311988, 33.72478037989306, 0.0], [75.50553250983234, 33.7256043582698, 0.0], [75.50509603227603, 33.726596423339544, 0.0], [75.50493183806957, 33.72696961432846, 0.0], [75.50452623503064, 33.727676932981566, 0.0], [75.5036972629455, 33.72815730342899, 0.0], [75.50364076691434, 33.72819004054819, 0.0], [75.50297125665527, 33.728513943408686, 0.0], [75.50223134332933, 33.72913079965682, 0.0], [75.50207781460918, 33.72989219691013, 0.0], [75.50195961571352, 33.73047837854516, 0.0], [75.50193975157205, 33.73054266617154, 0.0], [75.50135251826045, 33.732443147795536, 0.0], [75.50021250487924, 33.73361855095665, 0.0], [75.49999996200172, 33.733824687744935, 0.0], [75.49992690647481, 33.73386930709751, 0.0], [75.49878217450376, 33.73456846443781, 0.0], [75.49811353082889, 33.73484868320094, 0.0], [75.49746675137615, 33.73534518086494, 0.0], [75.49690126690851, 33.736012891624576, 0.0], [75.49575404100642, 33.73751062829011, 0.0], [75.49510758459942, 33.73820093408083, 0.0], [75.4945696494037, 33.738551352038044, 0.0], [75.49418574933001, 33.73880142572445, 0.0], [75.49299978853026, 33.7396004847287, 0.0], [75.49241225628559, 33.74002925623177, 0.0], [75.49164113466527, 33.74037262256615, 0.0], [75.49076729015559, 33.74061231113606, 0.0], [75.48999614245271, 33.74091508144559, 0.0], [75.4894569848022, 33.741235686385615, 0.0], [75.488632098031, 33.74177288902726, 0.0], [75.48794699160783, 33.74222545231914, 0.0], [75.48794201263695, 33.742228740612546, 0.0], [75.48688544089622, 33.7429600381464, 0.0], [75.48529489320593, 33.743944158161085, 0.0], [75.48442156548315, 33.744612120025934, 0.0], [75.48328959020904, 33.74551919535986, 0.0], [75.48100380455071, 33.74681832863053, 0.0], [75.48048547888759, 33.74711291396295, 0.0], [75.47892161138667, 33.74797076092267, 0.0], [75.47783259463485, 33.748745612822646, 0.0], [75.47773552311305, 33.74881467996285, 0.0], [75.4778386756136, 33.74932855265072, 0.0], [75.47771028194546, 33.75000153403626, 0.0], [75.4776679338952, 33.750917398678226, 0.0], [75.47721505252657, 33.75127838373594, 0.0], [75.47667056050012, 33.751747680247746, 0.0], [75.47586719415847, 33.75240196289531, 0.0], [75.47541419869503, 33.752686279374295, 0.0], [75.47466480150156, 33.75328199228436, 0.0], [75.47355407447594, 33.754067227244676, 0.0], [75.47323588892691, 33.75425681251617, 0.0], [75.47291770343661, 33.754446397098754, 0.0], [75.47199548227009, 33.754997118846724, 0.0], [75.47122425211982, 33.75549810379883, 0.0], [75.47037207770137, 33.75590892979369, 0.0], [75.46956298408927, 33.75636035211729, 0.0], [75.46830592815552, 33.756681338681325, 0.0], [75.4681429404294, 33.75670232742958, 0.0], [75.46770696095003, 33.75675846924755, 0.0], [75.46733455481959, 33.756844413274536, 0.0], [75.46674661748169, 33.756980097639264, 0.0], [75.46615062211526, 33.75705428901949, 0.0], [75.46572669277037, 33.7571070618564, 0.0], [75.46478769769442, 33.757184377171185, 0.0], [75.46407536491243, 33.75718489256245, 0.0], [75.46353021387289, 33.75709061695852, 0.0], [75.46349252542255, 33.75723037424181, 0.0], [75.46353669104862, 33.75727914023034, 0.0], [75.46361504899478, 33.757302480866315, 0.0], [75.46361543006054, 33.757302588095236, 0.0], [75.46383292949939, 33.757367366983985, 0.0], [75.4639637024163, 33.75740631511751, 0.0], [75.46404070357964, 33.75742924926109, 0.0], [75.46681701849481, 33.76075759513588, 0.0], [75.46688914647103, 33.76087282212672, 0.0], [75.46693618102897, 33.760947962331606, 0.0], [75.46696508213108, 33.760994134002075, 0.0], [75.4669861288519, 33.76102775681584, 0.0], [75.46898960342962, 33.764228264815515, 0.0], [75.46621121991215, 33.766608772171004, 0.0], [75.46673346588291, 33.76991306979671, 0.0], [75.46972698476982, 33.77281759534806, 0.0], [75.47329892166124, 33.77393571757413, 0.0], [75.47450344381308, 33.774629272139, 0.0], [75.4764358942561, 33.77574192431334, 0.0], [75.47963411656383, 33.77896345875711, 0.0], [75.48122875249601, 33.78174682025686, 0.0], [75.4813980148557, 33.784624028862005, 0.0], [75.47874702848854, 33.78637281712571, 0.0], [75.47580629216755, 33.78768251238854, 0.0], [75.47236355188436, 33.78915111912546, 0.0], [75.46929574247406, 33.791410283866284, 0.0], [75.46609966967046, 33.791826079074966, 0.0], [75.4635579027481, 33.79336358042327, 0.0], [75.46059686324803, 33.79520189109763, 0.0], [75.45984875729614, 33.797973211118396, 0.0], [75.45860395315987, 33.801596472767756, 0.0], [75.456011006208, 33.803983971135686, 0.0], [75.45383643252, 33.8062117969344, 0.0], [75.4525745948192, 33.80905410363271, 0.0], [75.45534643449399, 33.811166841999814, 0.0], [75.45347406933361, 33.81527880468267, 0.0], [75.44904323825858, 33.8171579430316, 0.0], [75.44519644894861, 33.81965453525158, 0.0], [75.44283200460939, 33.82226499777118, 0.0], [75.4422664632743, 33.82525486287835, 0.0], [75.44292387424551, 33.828142476044945, 0.0], [75.44015082309258, 33.82963983626554, 0.0], [75.4371375426553, 33.83061132661257, 0.0], [75.43580368483876, 33.833263431291606, 0.0], [75.43622970878548, 33.83759986671929, 0.0], [75.43219491601677, 33.8397741164, 0.0], [75.42887485311128, 33.84299588494567, 0.0], [75.426838373388, 33.84543661015122, 0.0], [75.42775666052584, 33.85065667210347, 0.0], [75.42748022646639, 33.854676141005065, 0.0], [75.42568787893978, 33.85700516723312, 0.0], [75.42396830646837, 33.8593626850346, 0.0], [75.42183255013985, 33.861577585798145, 0.0], [75.41967917362152, 33.864438123818836, 0.0], [75.418321864443, 33.867722533412575, 0.0], [75.4165726446531, 33.87132982857312, 0.0], [75.41540741669941, 33.8741006577371, 0.0], [75.41488388097298, 33.87752235722281, 0.0], [75.4146847426987, 33.8788238109439, 0.0], [75.41425035866477, 33.88221961596369, 0.0], [75.4132207751948, 33.886456988943515, 0.0], [75.41105112432992, 33.88925436087153, 0.0], [75.40997942446864, 33.89226972630001, 0.0], [75.40504510729838, 33.89186000383382, 0.0], [75.40074849268603, 33.89498593084396, 0.0], [75.39843823033235, 33.896608517859896, 0.0], [75.39684109243609, 33.90009621786054, 0.0], [75.3955005538186, 33.90141965419045, 0.0], [75.39380822192783, 33.90309033025374, 0.0], [75.39325867602123, 33.90750832688326, 0.0], [75.39491415800356, 33.91222572417803, 0.0], [75.39191351003474, 33.91558265772476, 0.0], [75.39238949702127, 33.919808601209276, 0.0], [75.39467938064446, 33.922494852221405, 0.0], [75.39593945452972, 33.92589835034981, 0.0], [75.39701856347831, 33.92973212896186, 0.0], [75.39397110400583, 33.93364965719208, 0.0], [75.38987741170632, 33.93643768505473, 0.0], [75.39217589677304, 33.93891347700943, 0.0], [75.39545470162726, 33.94165177087318, 0.0], [75.39445971149112, 33.945573243038204, 0.0], [75.39449013383054, 33.94637627866213, 0.0], [75.3946305109082, 33.95008146478472, 0.0], [75.39462394639642, 33.951007493881896, 0.0], [75.39459586398443, 33.95496840405455, 0.0], [75.39476389185829, 33.95930308329468, 0.0], [75.39464617489595, 33.96303560027771, 0.0], [75.39898542601243, 33.96479848869685, 0.0], [75.40394479967037, 33.968224422435725, 0.0], [75.40590053682348, 33.971173795926475, 0.0], [75.40894580010398, 33.973143575249104, 0.0], [75.41179242155447, 33.97542213437755, 0.0], [75.4140189817407, 33.97873654724345, 0.0], [75.4168204887137, 33.980567558672824, 0.0], [75.42040453216525, 33.980847213578194, 0.0], [75.42481803449131, 33.98309332114919, 0.0], [75.42922690017171, 33.98547261361809, 0.0], [75.42905747018854, 33.98922718427062, 0.0], [75.43091783217105, 33.991526791289644, 0.0], [75.43341979332675, 33.9936336709174, 0.0], [75.43416501697833, 33.99768095791741, 0.0], [75.43757271865663, 34.00200569160588, 0.0], [75.43702754786678, 34.00803922060723, 0.0], [75.43642854447754, 34.012400325099804, 0.0], [75.43412804664877, 34.01496634823915, 0.0], [75.43339744479113, 34.01887092704723, 0.0], [75.43560696880684, 34.02156855911095, 0.0], [75.43972656849165, 34.02495733788763, 0.0], [75.44284082429985, 34.02779953501649, 0.0], [75.44205648489803, 34.03095346376636, 0.0], [75.44440759656864, 34.032576055733735, 0.0], [75.44688097822126, 34.03530935718425, 0.0], [75.44637001300308, 34.03932236244633, 0.0], [75.4494561606664, 34.0415139688613, 0.0], [75.45264001509418, 34.0385617216343, 0.0], [75.45548235279561, 34.0368007503501, 0.0], [75.45945840347072, 34.03724656380719, 0.0], [75.46057739511843, 34.04080119862421, 0.0], [75.46364345347206, 34.04289428265691, 0.0], [75.46871930185206, 34.04155361775846, 0.0], [75.4724036013233, 34.04114465796616, 0.0], [75.47565296210455, 34.040058689362276, 0.0], [75.47951693858403, 34.03892343362729, 0.0], [75.48301484429405, 34.04320174490976, 0.0], [75.48863150862464, 34.04455457126071, 0.0], [75.49263713011433, 34.044022222755295, 0.0], [75.4950805880384, 34.04195839226689, 0.0], [75.4985453324922, 34.03959751377319, 0.0], [75.50204857130836, 34.03940768635881, 0.0], [75.50588097692733, 34.03943340642077, 0.0], [75.51023806104882, 34.040534591716586, 0.0], [75.51322250144719, 34.04127813517969, 0.0], [75.51694127646307, 34.043913413437984, 0.0], [75.52009046019035, 34.04614967312107, 0.0], [75.52033857445616, 34.04886798672537, 0.0], [75.52048311112951, 34.04903321499906, 0.0], [75.52332059308084, 34.0522767641421, 0.0], [75.52693453168754, 34.05439886486232, 0.0], [75.52888633148486, 34.059241563863296, 0.0], [75.53156493602096, 34.0624614357131, 0.0], [75.53194696170978, 34.065598298800076, 0.0], [75.53214058761246, 34.06887049082108, 0.0], [75.53231866401728, 34.07249520779097, 0.0], [75.53150667234708, 34.07531861800256, 0.0], [75.53002492761209, 34.078014534016326, 0.0], [75.52999593745874, 34.08131106820856, 0.0], [75.53125446748021, 34.0847013371141, 0.0], [75.53023866013902, 34.08816522426095, 0.0], [75.52974819601688, 34.09220275558949, 0.0], [75.52756266216778, 34.09545011624221, 0.0], [75.52896704416727, 34.09867506899336, 0.0], [75.53069684142572, 34.10224977260867, 0.0], [75.53387152510564, 34.10473547135875, 0.0], [75.5363967711225, 34.10818560359837, 0.0], [75.53687997381165, 34.111653765993125, 0.0], [75.53521146253748, 34.11470511274785, 0.0], [75.53341354348456, 34.119206309766675, 0.0], [75.53646954168863, 34.12341749231267, 0.0], [75.53925296711797, 34.12764607128886, 0.0], [75.54048842765978, 34.131690191842225, 0.0], [75.53970063044834, 34.13530999970691, 0.0], [75.54272555480493, 34.1375853420201, 0.0], [75.54563571912988, 34.139907136455875, 0.0], [75.54719809752679, 34.143184396918656, 0.0], [75.54752175975483, 34.144837875858165, 0.0], [75.54793413456217, 34.14694447056625, 0.0], [75.5484654300954, 34.149764818120474, 0.0], [75.5492856317012, 34.15249900514401, 0.0], [75.55275254389926, 34.15564435585933, 0.0], [75.55561376652162, 34.15585857003087, 0.0], [75.55753043330381, 34.15600203976108, 0.0], [75.56241269258224, 34.15646205901568, 0.0], [75.56602161036477, 34.15576180321324, 0.0], [75.56931915247648, 34.155758049999676, 0.0], [75.5722337947199, 34.15671795920802, 0.0], [75.57407252849514, 34.16025339716894, 0.0], [75.57557255730117, 34.16290817134215, 0.0], [75.5759482458038, 34.16636201258946, 0.0], [75.57660931084078, 34.16988326839111, 0.0], [75.57946790156129, 34.17192250320452, 0.0], [75.58288906527787, 34.17364668493517, 0.0], [75.58726874757583, 34.17534535054419, 0.0], [75.58679889408978, 34.17929161178929, 0.0], [75.5867218104281, 34.183207318271364, 0.0], [75.58786946796849, 34.18696647615802, 0.0], [75.58830257268887, 34.187523874288196, 0.0], [75.58906103545982, 34.18849998453317, 0.0], [75.58974706213532, 34.18938285301561, 0.0], [75.59025263419842, 34.19003347557737, 0.0], [75.59171958510935, 34.1932657518993, 0.0], [75.59283443278237, 34.197841969201406, 0.0], [75.59295906466345, 34.19822364532821, 0.0], [75.59314327333712, 34.19798239781894, 0.0], [75.59336339959849, 34.19769410957058, 0.0], [75.59561994616651, 34.197983128954924, 0.0], [75.59805038365869, 34.19759595779071, 0.0], [75.60001984911545, 34.196825635229466, 0.0], [75.60344316021903, 34.195577645499014, 0.0], [75.60459866330986, 34.19519020602413, 0.0], [75.60621613601856, 34.19571063038487, 0.0], [75.60654493939401, 34.19581642097213, 0.0], [75.60666711989641, 34.19585573222318, 0.0], [75.6067682379641, 34.19588826586943, 0.0], [75.60685516121343, 34.19591623250283, 0.0], [75.61264306913395, 34.197359364981224, 0.0], [75.61274572269157, 34.19744468036421, 0.0], [75.6127478562386, 34.197446453205316, 0.0], [75.6128679711802, 34.19754627992636, 0.0], [75.61297663381758, 34.1976365894649, 0.0], [75.61385806242446, 34.198369128663636, 0.0], [75.61530082845559, 34.19986121546832, 0.0], [75.61668961935483, 34.19991096826806, 0.0], [75.61779085552656, 34.19991101843783, 0.0], [75.61889214710264, 34.2005871709061, 0.0], [75.6202211358141, 34.20121373300924, 0.0], [75.6210892219875, 34.20140314690957, 0.0], [75.62179443399634, 34.201790793882566, 0.0], [75.62353047350412, 34.20130851481782, 0.0], [75.62497888682877, 34.20106504144768, 0.0], [75.62607477207332, 34.2013084529537, 0.0], [75.62734962055427, 34.20270574676533, 0.0], [75.62827196371062, 34.2036208150971, 0.0], [75.62995381367715, 34.20453576593648, 0.0], [75.6316668041703, 34.205460395387185, 0.0], [75.63209142245888, 34.20568958841085, 0.0], [75.63498882381634, 34.20819103125732, 0.0], [75.63701282274161, 34.20979095416462, 0.0], [75.63805453301111, 34.21027316446246, 0.0], [75.63973105876005, 34.2099348992331, 0.0], [75.64117960587478, 34.20969583352409, 0.0], [75.64279656196372, 34.21032208511034, 0.0], [75.64395795565343, 34.21162014395372, 0.0], [75.64482603168308, 34.21185890062859, 0.0], [75.64811946379973, 34.21200251984473, 0.0], [75.64962777876255, 34.21181290959998, 0.0], [75.65032209581328, 34.21147464862327, 0.0], [75.65148835439179, 34.21060900738143, 0.0]]]}}, {"type": "Feature", "properties": {"district_id": "doda", "display_name": "Doda", "source_name": "DODA", "state_ut": "Jammu and Kashmir", "objectid": 23, "dist_lgd": "016"}, "geometry": {"type": "Polygon", "coordinates": [[[75.49222960853218, 33.40398884797091, 0.0], [75.49492377098527, 33.4010356927692, 0.0], [75.49783237053056, 33.39879590888618, 0.0], [75.50306331753512, 33.398815416788736, 0.0], [75.50631808569669, 33.39844666117668, 0.0], [75.50958699808442, 33.39755937492612, 0.0], [75.51356640290663, 33.39582964500533, 0.0], [75.51770898488444, 33.39373547386741, 0.0], [75.51939246451975, 33.391132761916154, 0.0], [75.52200654586416, 33.388058139197966, 0.0], [75.52445767651396, 33.383962246884344, 0.0], [75.52741730877077, 33.38031527519407, 0.0], [75.53128865054961, 33.37632255855495, 0.0], [75.53460749298385, 33.3745908451767, 0.0], [75.53745110141764, 33.37335766183673, 0.0], [75.53995049530793, 33.370941898565945, 0.0], [75.54080192675205, 33.36692231417112, 0.0], [75.5403680887724, 33.36268896300802, 0.0], [75.53958478879875, 33.3588519640878, 0.0], [75.5397810519711, 33.35496912143892, 0.0], [75.5413970634949, 33.351178094084844, 0.0], [75.54406414089321, 33.34822474660476, 0.0], [75.54689927213566, 33.34433756117444, 0.0], [75.55223571348262, 33.33979732309599, 0.0], [75.55540795309395, 33.338944797769166, 0.0], [75.5582591594323, 33.33817431069834, 0.0], [75.56317271150796, 33.335478162728236, 0.0], [75.56489265692089, 33.329558336098536, 0.0], [75.56540174138027, 33.32518054290038, 0.0], [75.5678956425323, 33.321816717270494, 0.0], [75.57109179026503, 33.32000472759748, 0.0], [75.57390955790949, 33.317693242115, 0.0], [75.57708937374944, 33.316661359309336, 0.0], [75.58020031065925, 33.31447565954674, 0.0], [75.58296941947076, 33.30916488899315, 0.0], [75.58554336475544, 33.30425407279815, 0.0], [75.58776183220296, 33.30153181156124, 0.0], [75.58924662720095, 33.29736667396889, 0.0], [75.59048978448605, 33.292858783809, 0.0], [75.59464292011585, 33.29010387576788, 0.0], [75.59663524933308, 33.28735980816552, 0.0], [75.59582331904338, 33.28352592656326, 0.0], [75.59537406569139, 33.280208269882685, 0.0], [75.59644266270077, 33.27685851406348, 0.0], [75.59867487675594, 33.27421487231971, 0.0], [75.60293237528498, 33.27351469131668, 0.0], [75.60706364591003, 33.27276582967291, 0.0], [75.61160823618594, 33.271156980059196, 0.0], [75.61536258698115, 33.26858082898473, 0.0], [75.61802165714, 33.266133511093976, 0.0], [75.61915965148806, 33.26508609133214, 0.0], [75.6235641171408, 33.263255860995606, 0.0], [75.62794829411706, 33.261112142737645, 0.0], [75.63266634177765, 33.25972227297106, 0.0], [75.6362424746532, 33.25702948256807, 0.0], [75.63885001778199, 33.255780402606774, 0.0], [75.64238305748015, 33.25372645768176, 0.0], [75.64587016048863, 33.251505609744875, 0.0], [75.6476392929641, 33.24969830187571, 0.0], [75.64832019613615, 33.24900268366181, 0.0], [75.64875054636742, 33.24947150770593, 0.0], [75.65140103168567, 33.25235882671934, 0.0], [75.65613053548579, 33.2555089038609, 0.0], [75.6600966404689, 33.257332562417986, 0.0], [75.66551447903919, 33.25554977225433, 0.0], [75.66943608905162, 33.25571672566493, 0.0], [75.67527484116087, 33.25764642592983, 0.0], [75.68052152545243, 33.25625260067208, 0.0], [75.68402281371924, 33.254102633825354, 0.0], [75.68792952145526, 33.25466721560785, 0.0], [75.69233805741588, 33.253729830032476, 0.0], [75.69504929226821, 33.25060327401532, 0.0], [75.69952251796137, 33.247046009955085, 0.0], [75.70312029905975, 33.24361797182787, 0.0], [75.70671470148604, 33.24049712984145, 0.0], [75.7102625569761, 33.23900888735938, 0.0], [75.71316009732492, 33.236037394557, 0.0], [75.71527913305205, 33.233439128419576, 0.0], [75.71742276539945, 33.230169094328, 0.0], [75.718790584056, 33.22638568478535, 0.0], [75.71890107295519, 33.222667039360594, 0.0], [75.71865762158578, 33.21890479665921, 0.0], [75.72152166836811, 33.21737387438023, 0.0], [75.7237530798934, 33.215194635020474, 0.0], [75.7260624024929, 33.213224882007715, 0.0], [75.72852932295653, 33.21110866890706, 0.0], [75.73177984160233, 33.20904549390284, 0.0], [75.73531254431411, 33.2064290924589, 0.0], [75.73774542170356, 33.204320053171365, 0.0], [75.74079095144776, 33.20326379215746, 0.0], [75.7448929843166, 33.201709838364366, 0.0], [75.74821334740993, 33.200489342755375, 0.0], [75.75119577482947, 33.19946618077606, 0.0], [75.75533581800973, 33.19922824362608, 0.0], [75.75947047102807, 33.19832366783499, 0.0], [75.76200088185463, 33.196713569216506, 0.0], [75.7626955606307, 33.193674098757675, 0.0], [75.76537778497033, 33.19197461992832, 0.0], [75.76970678188297, 33.19035990591145, 0.0], [75.77237344867193, 33.187974958379634, 0.0], [75.77424782657415, 33.1844563050261, 0.0], [75.77700026010773, 33.1818113352184, 0.0], [75.77986438183946, 33.18071504862073, 0.0], [75.78409402530474, 33.17674489513947, 0.0], [75.78504082148032, 33.176260287618334, 0.0], [75.78829822864499, 33.17459294409704, 0.0], [75.79139568433074, 33.17388424055882, 0.0], [75.79468089660116, 33.172992248420364, 0.0], [75.79756602193098, 33.17283175463183, 0.0], [75.80161386817099, 33.17225938283854, 0.0], [75.8055792275166, 33.17087231934007, 0.0], [75.8042260937299, 33.16767526757488, 0.0], [75.80374963511895, 33.16654948603289, 0.0], [75.80053338328318, 33.16302354510942, 0.0], [75.7999519076923, 33.162212548711395, 0.0], [75.7995738248658, 33.16168522025544, 0.0], [75.7983517305767, 33.15998066879781, 0.0], [75.79768822087495, 33.15748875042594, 0.0], [75.79714836776685, 33.155461148277965, 0.0], [75.79774262227313, 33.15030691258333, 0.0], [75.79825234730397, 33.146769852601025, 0.0], [75.80045931031256, 33.143744603604624, 0.0], [75.8050015305198, 33.145425802459705, 0.0], [75.80980027825463, 33.146150017947676, 0.0], [75.81326550068336, 33.14896025954527, 0.0], [75.81811759921978, 33.15145469218338, 0.0], [75.82273380433217, 33.151646788643674, 0.0], [75.82602501765776, 33.15066534928793, 0.0], [75.8290804687906, 33.14958675285569, 0.0], [75.83342907854849, 33.14771282504173, 0.0], [75.83626165696133, 33.14411835555282, 0.0], [75.83680827109562, 33.139691805264455, 0.0], [75.83960814995704, 33.137864074791146, 0.0], [75.84384726945687, 33.13657130891914, 0.0], [75.84774079670015, 33.13472262877654, 0.0], [75.85202267680687, 33.133228865658545, 0.0], [75.85466651816904, 33.12925787307255, 0.0], [75.85647730081772, 33.12517641937693, 0.0], [75.8552708455314, 33.12155402017699, 0.0], [75.85868435480648, 33.12122077158023, 0.0], [75.86245392108026, 33.120945147796505, 0.0], [75.86728192316451, 33.121444840081864, 0.0], [75.8727626655021, 33.12255240471842, 0.0], [75.87555530326448, 33.12157984879771, 0.0], [75.87951246849002, 33.1199091809317, 0.0], [75.88515259593359, 33.11670184323919, 0.0], [75.8901705485428, 33.117346785995906, 0.0], [75.89448532853721, 33.11772430067681, 0.0], [75.89735867211664, 33.11942804996396, 0.0], [75.89890394918886, 33.12300186259745, 0.0], [75.90024353852488, 33.12911836872197, 0.0], [75.90014582649727, 33.13348867027156, 0.0], [75.90487111499782, 33.13586270436454, 0.0], [75.90860501385005, 33.135672377256384, 0.0], [75.91297526434857, 33.13658747699413, 0.0], [75.91627148469534, 33.136183986612174, 0.0], [75.91897562401158, 33.13236413569042, 0.0], [75.92288209827636, 33.12849738782019, 0.0], [75.92592085401165, 33.1263357390745, 0.0], [75.92757327586646, 33.12322356285924, 0.0], [75.92857710768304, 33.120377264035746, 0.0], [75.92713788362224, 33.117843082739974, 0.0], [75.928803573042, 33.11516386003264, 0.0], [75.93151041930994, 33.11406639890952, 0.0], [75.93579111933455, 33.1130869043868, 0.0], [75.93902019628949, 33.11331677667951, 0.0], [75.94267079856964, 33.11554813997821, 0.0], [75.94323403232346, 33.11844172527439, 0.0], [75.94482433229625, 33.11889858363703, 0.0], [75.94641463685309, 33.119355429702814, 0.0], [75.9485368236619, 33.123016311896215, 0.0], [75.95050228052705, 33.12539442038714, 0.0], [75.95519078662731, 33.12726015138522, 0.0], [75.95930828943825, 33.12994924420566, 0.0], [75.96293588306436, 33.129826588152035, 0.0], [75.96546299435197, 33.128175381797675, 0.0], [75.96743360413002, 33.12581586426937, 0.0], [75.9646020288323, 33.12258463426022, 0.0], [75.96656063333923, 33.1194677478082, 0.0], [75.97057277127968, 33.119622441447916, 0.0], [75.97655787570369, 33.12196279432838, 0.0], [75.98070265687265, 33.12251585174379, 0.0], [75.98374909353024, 33.12208189670967, 0.0], [75.98638991151978, 33.12007606320407, 0.0], [75.98866304083808, 33.11776574464222, 0.0], [75.99048274532647, 33.115357690377316, 0.0], [75.99172503218378, 33.11157253108183, 0.0], [75.99291498473615, 33.10898825897183, 0.0], [75.99587197790844, 33.10541193455854, 0.0], [75.99950692303497, 33.10287761894675, 0.0], [76.00416931921777, 33.10386637571541, 0.0], [76.00886256117005, 33.10380096719473, 0.0], [76.01248439373255, 33.10316187017893, 0.0], [76.01688912298484, 33.10225230943451, 0.0], [76.02017768369568, 33.10280930255361, 0.0], [76.02403542243898, 33.10345795597272, 0.0], [76.02734673363042, 33.10378064492261, 0.0], [76.03135498862021, 33.10348491615314, 0.0], [76.03494615311659, 33.10401174524501, 0.0], [76.03836688304477, 33.10436503130181, 0.0], [76.0415492090176, 33.10573621694135, 0.0], [76.04404544730346, 33.10764035818626, 0.0], [76.04841136890944, 33.1074845350215, 0.0], [76.05267434639254, 33.10662227701339, 0.0], [76.05564195162896, 33.10658332706679, 0.0], [76.05886227131211, 33.108999257630714, 0.0], [76.06194368334722, 33.11100481671513, 0.0], [76.06502147731312, 33.112801741329925, 0.0], [76.07011317639542, 33.11535463026555, 0.0], [76.07373672388874, 33.11641862593113, 0.0], [76.07659115456727, 33.11840187172951, 0.0], [76.0795359105887, 33.11842702161341, 0.0], [76.0828269993333, 33.11868664316494, 0.0], [76.08676157961642, 33.11996598840849, 0.0], [76.09123441130271, 33.121727741129575, 0.0], [76.09455047898349, 33.12279926437492, 0.0], [76.09821229473565, 33.12335236379195, 0.0], [76.10126075531618, 33.12367767015693, 0.0], [76.10498969922808, 33.12407267261464, 0.0], [76.10856182292345, 33.125305113826485, 0.0], [76.11126305577385, 33.12853443523616, 0.0], [76.11264758545941, 33.13278591046011, 0.0], [76.11448750826432, 33.13794132777055, 0.0], [76.11565000043241, 33.14154579645549, 0.0], [76.11663837648588, 33.14540047675612, 0.0], [76.1168255269835, 33.150193887201375, 0.0], [76.11921017939963, 33.154953672228196, 0.0], [76.12008359636283, 33.15895142713921, 0.0], [76.11864546074945, 33.164454799161206, 0.0], [76.11827402832522, 33.168203444903824, 0.0], [76.11851497175871, 33.17131641359638, 0.0], [76.11852140036537, 33.171582797295635, 0.0], [76.11859279710521, 33.17454123905459, 0.0], [76.12231832871393, 33.17478560188612, 0.0], [76.12378925802376, 33.174647802553174, 0.0], [76.12721413247715, 33.17432690176736, 0.0], [76.13118772505099, 33.17261471830422, 0.0], [76.1341196808353, 33.169578218987965, 0.0], [76.13716148124203, 33.16694508089344, 0.0], [76.14039101447362, 33.16648035760112, 0.0], [76.14328564188655, 33.16655212375905, 0.0], [76.14660383073739, 33.16691675127806, 0.0], [76.1496252285445, 33.1666787062686, 0.0], [76.15296931615715, 33.164380245818315, 0.0], [76.1575291507453, 33.16221328493016, 0.0], [76.16111735509443, 33.15801390980553, 0.0], [76.1627274814989, 33.15382074007214, 0.0], [76.16605724650756, 33.15021606180162, 0.0], [76.17132032950674, 33.14889587285053, 0.0], [76.17270452048677, 33.144273236774076, 0.0], [76.17464807874158, 33.136455074684285, 0.0], [76.17600172547922, 33.13300117127809, 0.0], [76.17826795536547, 33.12693540559894, 0.0], [76.17671845664053, 33.12296557205003, 0.0], [76.17652955618749, 33.122481585668865, 0.0], [76.17863996858198, 33.11875380359582, 0.0], [76.18293983755922, 33.11538869892364, 0.0], [76.18533322307913, 33.11361573409707, 0.0], [76.18810180140339, 33.112084562584116, 0.0], [76.19123221765008, 33.11106330856199, 0.0], [76.19469775127185, 33.110511330637316, 0.0], [76.19910314480907, 33.10960148871196, 0.0], [76.20009685862503, 33.10655215582114, 0.0], [76.20052679928452, 33.10198044419012, 0.0], [76.2013219486146, 33.09699489125806, 0.0], [76.20405530705584, 33.094489954848946, 0.0], [76.2066358454846, 33.093311596943025, 0.0], [76.20966003812362, 33.09136421070653, 0.0], [76.21229257660056, 33.08885351629025, 0.0], [76.21529732170909, 33.08642360105574, 0.0], [76.21826976474411, 33.08532021558003, 0.0], [76.22185197865481, 33.08843160520902, 0.0], [76.22635948642444, 33.09082641708418, 0.0], [76.22954436469767, 33.08762737980412, 0.0], [76.23182622465981, 33.08350932129576, 0.0], [76.23223508275707, 33.08063715340897, 0.0], [76.23192819019344, 33.07707133917849, 0.0], [76.23171925947325, 33.07260378378303, 0.0], [76.23398522134995, 33.06910330896485, 0.0], [76.23505224651686, 33.066000661349975, 0.0], [76.23548510417669, 33.063187045965904, 0.0], [76.23560126700279, 33.059733571818754, 0.0], [76.23538810780354, 33.05624425921598, 0.0], [76.23490451797525, 33.05273047272481, 0.0], [76.23217435958344, 33.04621602525843, 0.0], [76.23137674860516, 33.041808648218606, 0.0], [76.22923506877909, 33.03685016497366, 0.0], [76.2276819517552, 33.033785756573266, 0.0], [76.2274130543074, 33.03308977172416, 0.0], [76.22632377926588, 33.030270330350135, 0.0], [76.22515207387886, 33.02825602830193, 0.0], [76.22398306319049, 33.02624626803574, 0.0], [76.22303280859586, 33.02463362445143, 0.0], [76.22282427208891, 33.024279717186516, 0.0], [76.22208257874563, 33.02302096757256, 0.0], [76.22197213544304, 33.022826547889984, 0.0], [76.22187598456057, 33.02284070361106, 0.0], [76.22149073323293, 33.02291200826791, 0.0], [76.22071476608531, 33.022876578290074, 0.0], [76.21929581775338, 33.022246458620636, 0.0], [76.2175074649174, 33.02130108800103, 0.0], [76.21699158495409, 33.02079366173632, 0.0], [76.21665560778173, 33.02046318557059, 0.0], [76.21565373600117, 33.01928715324605, 0.0], [76.21527394856308, 33.01883670769637, 0.0], [76.21442676840368, 33.017831894510074, 0.0], [76.21312003307315, 33.01679937435153, 0.0], [76.21309855500031, 33.016782403087156, 0.0], [76.21232767027513, 33.01644931736829, 0.0], [76.21118232202588, 33.01627427565055, 0.0], [76.20907388943466, 33.01621715314699, 0.0], [76.20585230755603, 33.01614712465382, 0.0], [76.20350293591717, 33.01599085567025, 0.0], [76.20196189790981, 33.01608201291654, 0.0], [76.20007312728411, 33.016362659332394, 0.0], [76.19847325358793, 33.01655301323088, 0.0], [76.19550918453001, 33.017239961586185, 0.0], [76.19374351435951, 33.01753854417296, 0.0], [76.19182791976519, 33.0178191423497, 0.0], [76.18964494249765, 33.018280126404285, 0.0], [76.18821109259729, 33.01873619632999, 0.0], [76.18679868871163, 33.01925987342959, 0.0], [76.18497964936472, 33.019928012004655, 0.0], [76.18325147899682, 33.02045185096813, 0.0], [76.18257677871406, 33.02054002607463, 0.0], [76.18148565267127, 33.020682616713096, 0.0], [76.18009410869035, 33.020543443362975, 0.0], [76.17832257129812, 33.020120480197996, 0.0], [76.1772733839527, 33.01968806296417, 0.0], [76.17633633942214, 33.018863491439745, 0.0], [76.17558679172443, 33.018128875319846, 0.0], [76.17412985181132, 33.015798674045456, 0.0], [76.17290354123755, 33.01406338241553, 0.0], [76.17219783999545, 33.01311370708145, 0.0], [76.1718217533713, 33.012607592061805, 0.0], [76.17076158107567, 33.01127804328014, 0.0], [76.17009235172253, 33.01052090111262, 0.0], [76.16874860718282, 33.00919588548346, 0.0], [76.16789748572857, 33.00856499476713, 0.0], [76.16608870356286, 33.008128311168974, 0.0], [76.16427991635439, 33.00767356198407, 0.0], [76.16267453727964, 33.00721869621735, 0.0], [76.16158674635203, 33.006944316715845, 0.0], [76.16033605839876, 33.00662883844135, 0.0], [76.15871467588138, 33.006453496861155, 0.0], [76.15736626675421, 33.00636814500651, 0.0], [76.15601262367147, 33.00647223831591, 0.0], [76.15277025257619, 33.006964391873275, 0.0], [76.14820616774635, 33.007353086388626, 0.0], [76.14602320057949, 33.00756535672574, 0.0], [76.14427887039864, 33.00774155021183, 0.0], [76.13994496057254, 33.0090450386163, 0.0], [76.13858992565747, 33.00930563808122, 0.0], [76.13792775840163, 33.009432981477445, 0.0], [76.13630646380128, 33.009590984047094, 0.0], [76.13520419827285, 33.00951893576213, 0.0], [76.13397884477905, 33.009063669970416, 0.0], [76.13198297481495, 33.00862647545711, 0.0], [76.13027964900132, 33.008177323467656, 0.0], [76.12829083572463, 33.007652863763916, 0.0], [76.12764877104293, 33.00754465774128, 0.0], [76.12671241512608, 33.00754472557241, 0.0], [76.12444900344101, 33.00784231118594, 0.0], [76.1235027271672, 33.00799042185662, 0.0], [76.12309526816253, 33.008054194839616, 0.0], [76.12189137449536, 33.00803615923793, 0.0], [76.12028609764482, 33.007878302347834, 0.0], [76.11858460163211, 33.007738424793494, 0.0], [76.11710240143776, 33.00767079275987, 0.0], [76.11651916979963, 33.007634611326885, 0.0], [76.11527254969636, 33.00721524799634, 0.0], [76.11316979128723, 33.006516324623476, 0.0], [76.11234939816475, 33.00631402428662, 0.0], [76.11232803663277, 33.00630875686819, 0.0], [76.11194447696818, 33.00621417381443, 0.0], [76.11007714588499, 33.006146280275175, 0.0], [76.10816160291236, 33.00609195601478, 0.0], [76.10749815639211, 33.00614601026672, 0.0], [76.10720382629665, 33.006055808278475, 0.0], [76.10712361417583, 33.00583039684494, 0.0], [76.10741312748766, 33.003008185895474, 0.0], [76.1079274399527, 32.99999997708715, 0.0], [76.10660078374515, 32.998122209526336, 0.0], [76.10560092713071, 32.99542606313064, 0.0], [76.1053710029998, 32.99486698377695, 0.0], [76.10407160671333, 32.991927235875046, 0.0], [76.10380430106319, 32.99119232946594, 0.0], [76.10588043191761, 32.989010580473995, 0.0], [76.10622294711081, 32.988438132052835, 0.0], [76.10630327024019, 32.98826225749056, 0.0], [76.10628750159437, 32.98687823328645, 0.0], [76.10545851465494, 32.98584118340577, 0.0], [76.1033675179955, 32.98326200224951, 0.0], [76.10304659004437, 32.982833695168814, 0.0], [76.10248540024364, 32.98115638368982, 0.0], [76.10206839963271, 32.9799886732907, 0.0], [76.10118108325919, 32.977648667815934, 0.0], [76.10084435421395, 32.976936282180624, 0.0], [76.10017607139287, 32.97534919719022, 0.0], [76.09908000626619, 32.97399641795659, 0.0], [76.0984762831349, 32.971534741448686, 0.0], [76.09686173914359, 32.96918548949276, 0.0], [76.09590464389065, 32.968400786125926, 0.0], [76.09516154807226, 32.967345680218386, 0.0], [76.09437064759868, 32.96561423615382, 0.0], [76.09415686845153, 32.965163318145116, 0.0], [76.09217868178806, 32.96333699361649, 0.0], [76.09101745247555, 32.96298925368986, 0.0], [76.09068669624013, 32.9628902040704, 0.0], [76.0890771928606, 32.96244793935573, 0.0], [76.08742535713415, 32.96221171130766, 0.0], [76.08670813471039, 32.962109136134586, 0.0], [76.08514118323967, 32.96193280295804, 0.0], [76.08316796672545, 32.96172028715047, 0.0], [76.08223749081161, 32.96156671800087, 0.0], [76.08253268669222, 32.959285494675534, 0.0], [76.08269379011679, 32.95790605753708, 0.0], [76.08329322091755, 32.956693472661556, 0.0], [76.08333092079053, 32.95617946967146, 0.0], [76.08330976990695, 32.95563846586105, 0.0], [76.0830157991522, 32.95524612909631, 0.0], [76.08265128351873, 32.9550669847434, 0.0], [76.08204281404488, 32.95476794361679, 0.0], [76.07909112570347, 32.95442880697985, 0.0], [76.07751266011698, 32.95407738739596, 0.0], [76.07712348417047, 32.9539907405237, 0.0], [76.0759257693913, 32.953733265003734, 0.0], [76.0734821575524, 32.953416767299025, 0.0], [76.07129546760429, 32.9527485908195, 0.0], [76.06831207434304, 32.95189967094405, 0.0], [76.0681303889475, 32.951728314402814, 0.0], [76.06744728449289, 32.94955487878486, 0.0], [76.06592984186176, 32.94775981411783, 0.0], [76.06550142825346, 32.94701701489378, 0.0], [76.06523020720148, 32.946546754257135, 0.0], [76.06500615328287, 32.945775665635644, 0.0], [76.06487024982911, 32.94533452645201, 0.0], [76.0647714077857, 32.945013688096125, 0.0], [76.06474475218971, 32.94486039868196, 0.0], [76.06467777462527, 32.94478374935183, 0.0], [76.06430039209741, 32.94435187310272, 0.0], [76.06354268704708, 32.94348474166296, 0.0], [76.06224437651686, 32.94202790110393, 0.0], [76.06177963717832, 32.94140542467883, 0.0], [76.06126132559528, 32.94094530662416, 0.0], [76.05982339929855, 32.940430663996935, 0.0], [76.05859932946423, 32.94009639321399, 0.0], [76.05714868178151, 32.939654823989635, 0.0], [76.05529048935169, 32.93908917672625, 0.0], [76.05449929883608, 32.938903914998804, 0.0], [76.05326440978719, 32.93879048821732, 0.0], [76.05061274537726, 32.93845986547205, 0.0], [76.04874715516573, 32.93799893010103, 0.0], [76.04548068367943, 32.93767678490961, 0.0], [76.04541220094195, 32.93766463174272, 0.0], [76.04293087070259, 32.937224280273256, 0.0], [76.0406322364874, 32.93678099667876, 0.0], [76.03882608382253, 32.93575179673156, 0.0], [76.0374638243015, 32.93468235484015, 0.0], [76.03523121246451, 32.932525730513284, 0.0], [76.03435527301473, 32.931740678210225, 0.0], [76.03410437290772, 32.931384305409146, 0.0], [76.03343248842344, 32.92963910629376, 0.0], [76.03328875358372, 32.92911596913442, 0.0], [76.03200262084205, 32.926905902613754, 0.0], [76.031885601913, 32.926315254355075, 0.0], [76.03200916115345, 32.92577430437022, 0.0], [76.03317695432206, 32.92339919123477, 0.0], [76.03333843980226, 32.92230374459818, 0.0], [76.03313621025185, 32.92137492482547, 0.0], [76.03204692057983, 32.92022892775768, 0.0], [76.03086707789937, 32.918879997572816, 0.0], [76.02876816535728, 32.91712019098519, 0.0], [76.02722719165018, 32.915743232211675, 0.0], [76.02718751295077, 32.915707776452834, 0.0], [76.02662621007848, 32.91556839878232, 0.0], [76.02629511060728, 32.91548618158755, 0.0], [76.02427501282415, 32.9151599957407, 0.0], [76.02260768631753, 32.91478443829677, 0.0], [76.02187564832916, 32.91459451271647, 0.0], [76.01789533918497, 32.913103345547135, 0.0], [76.01636817192313, 32.91183963349536, 0.0], [76.01545430925964, 32.91169011421692, 0.0], [76.01385189948552, 32.910818537097605, 0.0], [76.01304011444348, 32.91033542662369, 0.0], [76.01240490471864, 32.90970367615791, 0.0], [76.01202032620175, 32.90946442469675, 0.0], [76.01014490849339, 32.908971320413926, 0.0], [76.00911907746132, 32.90870431675161, 0.0], [76.00875593544303, 32.908496632674535, 0.0], [76.00824894640847, 32.90792804681236, 0.0], [76.00775819160502, 32.90720626009361, 0.0], [76.00626339286904, 32.90586134140019, 0.0], [76.00524926503206, 32.90482796839713, 0.0], [76.00381514010779, 32.90309873255332, 0.0], [76.00381125825697, 32.903094051869765, 0.0], [76.00355787975789, 32.90278852691516, 0.0], [76.00247966992136, 32.901745992637316, 0.0], [76.00233572570606, 32.90151596496608, 0.0], [75.999999870959, 32.90187580519837, 0.0], [75.99895199753966, 32.902035536815895, 0.0], [75.99883804817019, 32.901752499738826, 0.0], [75.99774446483204, 32.90006659537298, 0.0], [75.99676727013231, 32.89949813217469, 0.0], [75.99651423437186, 32.89935093173558, 0.0], [75.99471794628629, 32.89887031078885, 0.0], [75.99179937598046, 32.89836366396311, 0.0], [75.99174808493284, 32.898361003326485, 0.0], [75.99094427725501, 32.898319300792636, 0.0], [75.98942093519051, 32.89814041291532, 0.0], [75.98875266999724, 32.897965210076876, 0.0], [75.9863788119649, 32.897160346645336, 0.0], [75.98572078330814, 32.89655677746097, 0.0], [75.98457064775548, 32.895597544754054, 0.0], [75.98267905495588, 32.89572986596196, 0.0], [75.9812353698182, 32.89509997323707, 0.0], [75.98030951239497, 32.89399615377701, 0.0], [75.97921200963879, 32.89229294062653, 0.0], [75.97828553817246, 32.890602990541176, 0.0], [75.97718257593836, 32.8886968504047, 0.0], [75.97606919644029, 32.88701610045596, 0.0], [75.97555595184117, 32.88677304693901, 0.0], [75.97536859277842, 32.88648460568261, 0.0], [75.97357356221914, 32.886779116099646, 0.0], [75.97300705887693, 32.8867389660264, 0.0], [75.97184692220924, 32.88618089949894, 0.0], [75.96970833445862, 32.885046368330315, 0.0], [75.9683609263059, 32.8841817770555, 0.0], [75.96698122133229, 32.88308723116937, 0.0], [75.96671373377309, 32.882789924326985, 0.0], [75.96607165792662, 32.881920214942184, 0.0], [75.96496574033014, 32.882074335961214, 0.0], [75.96443130363676, 32.88191240039582, 0.0], [75.96405697978574, 32.88166922009505, 0.0], [75.96319041874294, 32.88062840173999, 0.0], [75.96242561311563, 32.87992107669195, 0.0], [75.96119130583709, 32.879894849872, 0.0], [75.96050699873479, 32.879403915047014, 0.0], [75.95887026330662, 32.87753408435656, 0.0], [75.95753918158614, 32.87679552882578, 0.0], [75.95571657803913, 32.876151998651764, 0.0], [75.9536856695982, 32.87536886652602, 0.0], [75.95288900110847, 32.87472919369166, 0.0], [75.95268238142776, 32.87460144435026, 0.0], [75.95140290925418, 32.8738103602102, 0.0], [75.95010915701656, 32.87283276972594, 0.0], [75.94881641032201, 32.873000433588935, 0.0], [75.94766836101445, 32.87375852311823, 0.0], [75.94543109987782, 32.87540537693654, 0.0], [75.94419238168766, 32.87651969078948, 0.0], [75.94286795463266, 32.877255254332056, 0.0], [75.94105751117417, 32.878279676986224, 0.0], [75.93927424570875, 32.88011107360719, 0.0], [75.93829198863827, 32.881229716156, 0.0], [75.93529070206142, 32.883602642331255, 0.0], [75.93421740139905, 32.88454992330809, 0.0], [75.93155769597718, 32.886598012521674, 0.0], [75.92827338711315, 32.88979153898388, 0.0], [75.92718950799231, 32.89122565061627, 0.0], [75.92590275374505, 32.89311974300061, 0.0], [75.92556114936643, 32.893827730223514, 0.0], [75.92508096742871, 32.89501814065212, 0.0], [75.92396489290624, 32.8964928722196, 0.0], [75.92223988910109, 32.89871172948681, 0.0], [75.92212826393826, 32.899856925386814, 0.0], [75.92173921792485, 32.90179116559266, 0.0], [75.92115729383576, 32.902923049260686, 0.0], [75.91982224970953, 32.90515974567969, 0.0], [75.91886057851993, 32.9057642138288, 0.0], [75.91743918139454, 32.90621104219638, 0.0], [75.91696899354751, 32.90649970555061, 0.0], [75.91611399799548, 32.906937312722725, 0.0], [75.91548343321786, 32.90707281213136, 0.0], [75.91456939229397, 32.90693788775451, 0.0], [75.91293378208, 32.906708466874385, 0.0], [75.9115021318643, 32.90824627713617, 0.0], [75.90970667657054, 32.909337791531776, 0.0], [75.90821044021632, 32.91003708016112, 0.0], [75.90582180525813, 32.91143979963218, 0.0], [75.90384996710942, 32.91279282682694, 0.0], [75.90340092162242, 32.912707225535556, 0.0], [75.90197894153081, 32.91226126035856, 0.0], [75.90144451508333, 32.91232897752084, 0.0], [75.89913547963944, 32.91220778102805, 0.0], [75.89848871899248, 32.91230254185554, 0.0], [75.89679439753311, 32.91264096402909, 0.0], [75.89622789137846, 32.91279439837478, 0.0], [75.89517504311918, 32.9131191784342, 0.0], [75.89353957048951, 32.91383624698081, 0.0], [75.89197356358456, 32.91447676060849, 0.0], [75.89045552607314, 32.9142605496546, 0.0], [75.88874519360188, 32.91454476656259, 0.0], [75.88749979599037, 32.91515804882278, 0.0], [75.88662866294356, 32.9155233189502, 0.0], [75.8857627372796, 32.91601482700391, 0.0], [75.88469918745108, 32.91728182933743, 0.0], [75.88327746465689, 32.91867952944507, 0.0], [75.88209080668308, 32.91898169285653, 0.0], [75.88035356273811, 32.91866615248029, 0.0], [75.87912409764597, 32.91881497692573, 0.0], [75.87679360468356, 32.91948232509659, 0.0], [75.8759062762149, 32.92019914648099, 0.0], [75.87531287750296, 32.92099715922303, 0.0], [75.87365577018898, 32.92323336993384, 0.0], [75.87300361773524, 32.923846509797166, 0.0], [75.87104707744444, 32.92331444752729, 0.0], [75.86856136522793, 32.922913125465506, 0.0], [75.86707533760118, 32.922764330209006, 0.0], [75.86565338575267, 32.92291300558598, 0.0], [75.86411374211892, 32.9235305301863, 0.0], [75.86180432983267, 32.924179504103975, 0.0], [75.8593343831944, 32.925396540696084, 0.0], [75.85723883732435, 32.92549545024042, 0.0], [75.85522346988212, 32.92568000703768, 0.0], [75.85490808081933, 32.925648429436635, 0.0], [75.85242238412376, 32.924980784662516, 0.0], [75.85184510989902, 32.9249310506493, 0.0], [75.85161255229667, 32.92497537935132, 0.0], [75.84993114666237, 32.92529586481869, 0.0], [75.84953552867576, 32.92550317475405, 0.0], [75.84913990930865, 32.92571048362394, 0.0], [75.84883046362727, 32.92595069278208, 0.0], [75.84874639711668, 32.92601595005067, 0.0], [75.84819342658554, 32.926445192112155, 0.0], [75.84641288363353, 32.92777482618507, 0.0], [75.84581930772642, 32.928193948972684, 0.0], [75.84518843627644, 32.928459799085275, 0.0], [75.84368632504159, 32.92807622234165, 0.0], [75.84248366061276, 32.92782347549746, 0.0], [75.841453688671, 32.92765703935341, 0.0], [75.84114187223304, 32.927606650285554, 0.0], [75.84054836666209, 32.92774179568108, 0.0], [75.83892842874322, 32.92803888782161, 0.0], [75.83770424220998, 32.928020489726904, 0.0], [75.83708957687085, 32.92777231697298, 0.0], [75.83661430632311, 32.926640591660885, 0.0], [75.83597313522921, 32.925824414974905, 0.0], [75.83462097964943, 32.925125104500516, 0.0], [75.83368564570586, 32.92457480783602, 0.0], [75.83263817238941, 32.92402894843636, 0.0], [75.83163911635519, 32.92286091312627, 0.0], [75.83135065988616, 32.92231080203669, 0.0], [75.83119077420811, 32.921350412568806, 0.0], [75.83119126248339, 32.920304439196734, 0.0], [75.830726611856, 32.91946126156621, 0.0], [75.82874435181435, 32.91779686103466, 0.0], [75.8278894292475, 32.91710680562578, 0.0], [75.82670906688344, 32.91542470050074, 0.0], [75.82521927689092, 32.91266040790649, 0.0], [75.82427391390722, 32.911307492961846, 0.0], [75.82316282560126, 32.91034677509072, 0.0], [75.82144012744877, 32.909341524683605, 0.0], [75.82017070583773, 32.908600751783666, 0.0], [75.81895279322364, 32.907527222268236, 0.0], [75.8188839726072, 32.90638202649223, 0.0], [75.81926964635099, 32.905020616221144, 0.0], [75.81913628058295, 32.90464634242205, 0.0], [75.81802098763744, 32.901864167707124, 0.0], [75.8171461706696, 32.89936607699676, 0.0], [75.81473237420057, 32.8966778588939, 0.0], [75.81399583574326, 32.895325032752616, 0.0], [75.81326455728976, 32.89397207767662, 0.0], [75.81265237795934, 32.893188155445465, 0.0], [75.81259188866017, 32.89311069615558, 0.0], [75.80942935512486, 32.89172496479637, 0.0], [75.80900727185815, 32.891584997134856, 0.0], [75.80699402354453, 32.889843674200044, 0.0], [75.8055083726608, 32.889143108071714, 0.0], [75.80536962334632, 32.889077678591875, 0.0], [75.80487863967991, 32.88884614652304, 0.0], [75.80461345915712, 32.88870029282368, 0.0], [75.80454967602388, 32.888665211467796, 0.0], [75.80194105702721, 32.88723038278964, 0.0], [75.80068075696528, 32.88622432000122, 0.0], [75.79993876526774, 32.8853492404538, 0.0], [75.79901481016128, 32.884852722409086, 0.0], [75.79715884181847, 32.884451672967906, 0.0], [75.79651348983545, 32.884312215115514, 0.0], [75.79643054215215, 32.88429429071711, 0.0], [75.79631780899649, 32.884392488507004, 0.0], [75.79629571507073, 32.88441173360924, 0.0], [75.79628833081745, 32.884418165111775, 0.0], [75.79442373153555, 32.88604233921406, 0.0], [75.7909461650721, 32.88789078368003, 0.0], [75.787831731454, 32.889750670790725, 0.0], [75.78382025447047, 32.88993418319337, 0.0], [75.78046061108705, 32.890184157611664, 0.0], [75.77625656736976, 32.88984119721658, 0.0], [75.7724027576915, 32.8895091059522, 0.0], [75.76650660869562, 32.889734105216334, 0.0], [75.76327784978271, 32.889602790836776, 0.0], [75.76163752729977, 32.88865404545734, 0.0], [75.75880323491135, 32.88701464097853, 0.0], [75.75576165740682, 32.8854728929759, 0.0], [75.75300159554604, 32.88207538736164, 0.0], [75.74925086901926, 32.88016311243204, 0.0], [75.74524876033988, 32.87793855605849, 0.0], [75.74211754562168, 32.876778340718026, 0.0], [75.73880304552375, 32.876292239666, 0.0], [75.7358802650657, 32.876096527872285, 0.0], [75.73277108549777, 32.87641263097192, 0.0], [75.72941102555545, 32.87690824024741, 0.0], [75.72476737504097, 32.87630203678428, 0.0], [75.72082057508904, 32.876727627742035, 0.0], [75.71454249629535, 32.87891802004498, 0.0], [75.71029892784495, 32.87898414091373, 0.0], [75.70639022284094, 32.878641860734916, 0.0], [75.70289179921802, 32.87858437623181, 0.0], [75.69842482734819, 32.8782883891827, 0.0], [75.69315401196539, 32.87731408678849, 0.0], [75.69285081901167, 32.873712466639354, 0.0], [75.69298865627798, 32.86997878239698, 0.0], [75.69094223808166, 32.865717643617344, 0.0], [75.68735548446651, 32.864333198004914, 0.0], [75.68306419086063, 32.86365450991756, 0.0], [75.68289362043335, 32.86362753088223, 0.0], [75.68254346846122, 32.86423605322287, 0.0], [75.68198560722041, 32.8652055344303, 0.0], [75.68065843106388, 32.86751188770854, 0.0], [75.67650103213553, 32.868679854071786, 0.0], [75.67504502211123, 32.87290003970579, 0.0], [75.67544282879871, 32.87724039097032, 0.0], [75.67670184975496, 32.88008627806267, 0.0], [75.6760358035625, 32.881848065175184, 0.0], [75.67601875618442, 32.88189315847998, 0.0], [75.67533564077343, 32.88370002635086, 0.0], [75.67337830238434, 32.88781136005508, 0.0], [75.67250676146251, 32.89177616306502, 0.0], [75.67158467537776, 32.89634886713427, 0.0], [75.66996531285072, 32.90122423666204, 0.0], [75.66887211836574, 32.905973193964854, 0.0], [75.66851283211928, 32.90896916387724, 0.0], [75.66783818795088, 32.91207573774238, 0.0], [75.6666370399218, 32.91508557733781, 0.0], [75.66472788191396, 32.91890858629529, 0.0], [75.6623161125242, 32.92158069381113, 0.0], [75.6590263244505, 32.92401580977949, 0.0], [75.65562374000783, 32.92768311681283, 0.0], [75.65255409298031, 32.92845478901847, 0.0], [75.64854730250755, 32.928562753963845, 0.0], [75.64410361745678, 32.92928038374902, 0.0], [75.6390517149173, 32.92954702076606, 0.0], [75.63528698462702, 32.93153229741552, 0.0], [75.63231079469443, 32.9343897361015, 0.0], [75.6280618571028, 32.936153877110385, 0.0], [75.62453231061271, 32.939100930276574, 0.0], [75.62154175894281, 32.93985983120239, 0.0], [75.61876143656072, 32.94052248810996, 0.0], [75.61491990693195, 32.9404005095875, 0.0], [75.61254081539374, 32.9387411940414, 0.0], [75.60895225628842, 32.939453155668076, 0.0], [75.60614945909191, 32.942960350231566, 0.0], [75.60252134297271, 32.9452725912404, 0.0], [75.59923535154437, 32.94674920131405, 0.0], [75.5951694893595, 32.94940171037434, 0.0], [75.58889705676746, 32.94840433056449, 0.0], [75.58334449825296, 32.947232288664964, 0.0], [75.580118238978, 32.94944599616134, 0.0], [75.57852334788818, 32.9528591928515, 0.0], [75.57888616663284, 32.95726615616221, 0.0], [75.57718866151865, 32.96040942934352, 0.0], [75.5743079235489, 32.96158495573198, 0.0], [75.57014494506178, 32.96227191061865, 0.0], [75.56581709049796, 32.96526261363008, 0.0], [75.56130077038864, 32.96782214239668, 0.0], [75.5557937283595, 32.96669176107325, 0.0], [75.55126702509784, 32.96509923158921, 0.0], [75.54931845217251, 32.961273797843525, 0.0], [75.54519971178684, 32.959156812782595, 0.0], [75.54358460987505, 32.95627941888289, 0.0], [75.54142689851868, 32.95326236987275, 0.0], [75.538303743826, 32.95226228278474, 0.0], [75.5349187365239, 32.95008908628557, 0.0], [75.53136880752896, 32.95287944056864, 0.0], [75.52929421044207, 32.9564291813775, 0.0], [75.52568295677256, 32.95786255371666, 0.0], [75.5221436540065, 32.959751144146146, 0.0], [75.51771595085945, 32.95916006064601, 0.0], [75.5144544860783, 32.95785883057302, 0.0], [75.51164927536823, 32.95671906763038, 0.0], [75.50840546002404, 32.95708241387808, 0.0], [75.50581951866661, 32.95848752088126, 0.0], [75.5029597955322, 32.95733871272291, 0.0], [75.49949531484823, 32.95570555170501, 0.0], [75.49305543316453, 32.9557318687925, 0.0], [75.48793111735465, 32.95525332584079, 0.0], [75.48378858213543, 32.9559547319276, 0.0], [75.47975889904971, 32.95673015991291, 0.0], [75.4753941266225, 32.958055323347395, 0.0], [75.47170617395048, 32.960823358998496, 0.0], [75.4675912184178, 32.96118227981468, 0.0], [75.46305683354392, 32.958961401574534, 0.0], [75.45994927914145, 32.96070956890792, 0.0], [75.45632228302254, 32.96166747463828, 0.0], [75.45263547442998, 32.96237270707509, 0.0], [75.45222675137427, 32.96571576575935, 0.0], [75.45224620050998, 32.970242664785744, 0.0], [75.44961377091443, 32.974065464231515, 0.0], [75.44605593883026, 32.974901964059086, 0.0], [75.44268717284423, 32.97583505438176, 0.0], [75.43975238695296, 32.97727437173206, 0.0], [75.43608297684858, 32.97914636817479, 0.0], [75.43292047230491, 32.98113363068638, 0.0], [75.42956290014793, 32.98311462006269, 0.0], [75.42867367508099, 32.9838640168268, 0.0], [75.42579344119117, 32.98629122563094, 0.0], [75.42238092343872, 32.988479325108365, 0.0], [75.41955504059545, 32.99059880340656, 0.0], [75.41759871750992, 32.99372733107067, 0.0], [75.41968154475427, 32.99692375891416, 0.0], [75.4222135313361, 32.99919781397859, 0.0], [75.4262276068593, 33.00115357965256, 0.0], [75.42956746274115, 33.00264352960064, 0.0], [75.43645949901133, 33.00545568606615, 0.0], [75.43470405857359, 33.01292418087924, 0.0], [75.42826216754843, 33.03716155227378, 0.0], [75.418710239126, 33.05629868562562, 0.0], [75.4149350381334, 33.05463066417918, 0.0], [75.4132817720519, 33.050645791310565, 0.0], [75.41009270095874, 33.0479484946066, 0.0], [75.40941905616003, 33.04322393311051, 0.0], [75.40764013025236, 33.03867774701908, 0.0], [75.406266573278, 33.03507558173892, 0.0], [75.40137643472005, 33.0346848622987, 0.0], [75.39825603947654, 33.034904128338255, 0.0], [75.39268470045764, 33.0373396173021, 0.0], [75.39071822279041, 33.04051830017299, 0.0], [75.38785761330762, 33.04306808959347, 0.0], [75.38484939250047, 33.04412339191976, 0.0], [75.38020043510181, 33.04523725274359, 0.0], [75.37596091188826, 33.048677264030225, 0.0], [75.37265523818988, 33.05353270136754, 0.0], [75.36977476653573, 33.058245005896104, 0.0], [75.37032327173226, 33.06557672506532, 0.0], [75.37010998080841, 33.06762240735581, 0.0], [75.36992706939445, 33.06937664827668, 0.0], [75.37072291937365, 33.07430107209723, 0.0], [75.37052375394752, 33.07527926597627, 0.0], [75.37022940319171, 33.07672492485844, 0.0], [75.36973586680526, 33.07914875918586, 0.0], [75.36895916550984, 33.084056898643574, 0.0], [75.36910150680538, 33.08921192769724, 0.0], [75.36967520398302, 33.093561918770305, 0.0], [75.3696110674976, 33.09762358660789, 0.0], [75.36726004398079, 33.10588545226063, 0.0], [75.36549368788329, 33.110986034950166, 0.0], [75.36517421025971, 33.11656313106341, 0.0], [75.3639700802331, 33.12166311895623, 0.0], [75.36228259013048, 33.12601519626952, 0.0], [75.36046976849028, 33.13036004308836, 0.0], [75.35842099912642, 33.13560337129026, 0.0], [75.35834164650441, 33.13580644243331, 0.0], [75.3574218286107, 33.13816029678587, 0.0], [75.35637868037195, 33.14400849306172, 0.0], [75.35559951392314, 33.146750212672394, 0.0], [75.35501924612772, 33.147682503419986, 0.0], [75.35360830678415, 33.14994931888603, 0.0], [75.35739681880356, 33.14873381438488, 0.0], [75.36227272649181, 33.14687468973524, 0.0], [75.36573491383183, 33.1454165607954, 0.0], [75.36917143292298, 33.144528606213946, 0.0], [75.37251148814138, 33.14302969725215, 0.0], [75.37535463026835, 33.14143422983386, 0.0], [75.37941106032265, 33.143567838272034, 0.0], [75.38208182696192, 33.147283018355516, 0.0], [75.3838239595144, 33.15015478960386, 0.0], [75.38572084725533, 33.152424040132004, 0.0], [75.3890411772357, 33.15653597584819, 0.0], [75.39207326181766, 33.15991770890085, 0.0], [75.39209336993058, 33.1642301968362, 0.0], [75.39495531219293, 33.16944532900527, 0.0], [75.39699375530934, 33.17543021776253, 0.0], [75.39828176041057, 33.17921139001052, 0.0], [75.39936026356668, 33.18226780191042, 0.0], [75.4000866596047, 33.18592238142089, 0.0], [75.40178818979281, 33.19191980409211, 0.0], [75.40106639369071, 33.195144673795106, 0.0], [75.40411030697808, 33.19656058462332, 0.0], [75.39984255473732, 33.199335835970786, 0.0], [75.39502811281626, 33.20094525195038, 0.0], [75.39061074918496, 33.20305090260414, 0.0], [75.38953991024688, 33.20704843179185, 0.0], [75.3922624017882, 33.211324886783885, 0.0], [75.39000801391964, 33.215627538151715, 0.0], [75.38817285723303, 33.21902918741696, 0.0], [75.38800778441046, 33.21933515502932, 0.0], [75.38782081172414, 33.22293507573381, 0.0], [75.3892282369072, 33.227690459596666, 0.0], [75.38946748071109, 33.2284987641455, 0.0], [75.39013441322753, 33.23075198625423, 0.0], [75.3912290537262, 33.2342739528513, 0.0], [75.39059056151996, 33.23753856723095, 0.0], [75.38962412822997, 33.240397853992725, 0.0], [75.38671986862128, 33.24434127932188, 0.0], [75.38349213890736, 33.24747357302919, 0.0], [75.38034176980676, 33.250465869846465, 0.0], [75.37688856207362, 33.253297711205164, 0.0], [75.3771143359742, 33.2559105686246, 0.0], [75.37600191792279, 33.262182695255476, 0.0], [75.3750394410978, 33.268301284700456, 0.0], [75.37480833419116, 33.2736831458613, 0.0], [75.37525397629453, 33.276327880147356, 0.0], [75.37577996679109, 33.279449272693725, 0.0], [75.37821335346021, 33.28447787922924, 0.0], [75.3795998163162, 33.28916949413392, 0.0], [75.3817826533752, 33.29502780116695, 0.0], [75.38341536769475, 33.30257267187735, 0.0], [75.38512163846754, 33.30882365618261, 0.0], [75.38724198034414, 33.3188159204225, 0.0], [75.38821716928646, 33.323338659783815, 0.0], [75.39000107978895, 33.331611469975165, 0.0], [75.39220398650956, 33.342076887996825, 0.0], [75.3933732191339, 33.34755063771596, 0.0], [75.39384401379004, 33.352966611156994, 0.0], [75.39312144215202, 33.35779565485412, 0.0], [75.39119006499311, 33.36269371864881, 0.0], [75.39016557783069, 33.365288935284205, 0.0], [75.39009541719821, 33.365466660639925, 0.0], [75.38987392107637, 33.36602772899153, 0.0], [75.39192907190079, 33.36615772083301, 0.0], [75.39796907862981, 33.36653961576033, 0.0], [75.39853856221802, 33.36694011156888, 0.0], [75.39894353714267, 33.36722491129696, 0.0], [75.3993858023423, 33.36753593337263, 0.0], [75.40091245159982, 33.36860952028486, 0.0], [75.40184314052536, 33.369263991715826, 0.0], [75.4045214960914, 33.371864588837155, 0.0], [75.40753104727439, 33.373932985088096, 0.0], [75.40959523191832, 33.37600172368189, 0.0], [75.41263760760044, 33.37879579440388, 0.0], [75.41584392730972, 33.381082644575514, 0.0], [75.4187833163693, 33.38132278763921, 0.0], [75.42411498487037, 33.380862061730845, 0.0], [75.42806545725074, 33.38022368618861, 0.0], [75.43228850050205, 33.37959967753363, 0.0], [75.4368451667, 33.37952978739508, 0.0], [75.4422019780183, 33.37899502197202, 0.0], [75.44575631902951, 33.3809683467348, 0.0], [75.44662899411036, 33.38468626537728, 0.0], [75.44751525012606, 33.38739290801787, 0.0], [75.44927855775761, 33.39130036716199, 0.0], [75.45031125107549, 33.395393100024414, 0.0], [75.45201476119789, 33.39816226465977, 0.0], [75.45365504655629, 33.399126158212695, 0.0], [75.45463840015705, 33.39970399801295, 0.0], [75.45495304978373, 33.399888890246295, 0.0], [75.45499551395083, 33.399913842744894, 0.0], [75.45519971163478, 33.40003383107814, 0.0], [75.45548052140995, 33.400198836662405, 0.0], [75.45702882145622, 33.40073920298732, 0.0], [75.45794346485488, 33.40105841971549, 0.0], [75.46069846960671, 33.4020199325485, 0.0], [75.46092604740929, 33.402156543553176, 0.0], [75.46118774669503, 33.402313635617666, 0.0], [75.46157688252441, 33.40254722243145, 0.0], [75.46163621690971, 33.402582839494954, 0.0], [75.46418167761087, 33.40411075812745, 0.0], [75.46440130089154, 33.40401852104888, 0.0], [75.47108833985084, 33.40120989386806, 0.0], [75.47503410173393, 33.403000976608375, 0.0], [75.47746001048202, 33.404545213342004, 0.0], [75.48259607257299, 33.4069681686238, 0.0], [75.48278865550841, 33.40705901437552, 0.0], [75.4829498534257, 33.40713505706148, 0.0], [75.48725539979621, 33.406078594223246, 0.0], [75.4885420600117, 33.40576285726812, 0.0], [75.49222960853218, 33.40398884797091, 0.0]]]}}, {"type": "Feature", "properties": {"district_id": "samba", "display_name": "Samba", "source_name": "SAMBA", "state_ut": "Jammu and Kashmir", "objectid": 24, "dist_lgd": "022"}, "geometry": {"type": "Polygon", "coordinates": [[[75.07601224925202, 32.73330894940124, 0.0], [75.07886163078778, 32.732679533334526, 0.0], [75.08227201264573, 32.73370059800051, 0.0], [75.0855731862553, 32.72879059286667, 0.0], [75.08726391944143, 32.72550240386602, 0.0], [75.08943947945907, 32.72320440372477, 0.0], [75.09090061793962, 32.72166095906525, 0.0], [75.09103669835672, 32.72148225156595, 0.0], [75.09107702245082, 32.72142929571885, 0.0], [75.09161499122858, 32.720722800439916, 0.0], [75.09459354417713, 32.71681096076284, 0.0], [75.09813136331618, 32.71795879461794, 0.0], [75.10082161120505, 32.716915404609544, 0.0], [75.10413057141463, 32.71587797586497, 0.0], [75.10714109709129, 32.71392545573744, 0.0], [75.11066636925591, 32.71085057115666, 0.0], [75.1150188766975, 32.710198374082886, 0.0], [75.11932521179007, 32.70985577214526, 0.0], [75.12259415364758, 32.707479722696576, 0.0], [75.12372694910958, 32.71092993320742, 0.0], [75.12185764031969, 32.715576316569674, 0.0], [75.12657808357754, 32.71674732756911, 0.0], [75.13016818238563, 32.71873289355398, 0.0], [75.13089253289603, 32.71913348971194, 0.0], [75.13357918044865, 32.7212370326038, 0.0], [75.13550038132435, 32.724357830215624, 0.0], [75.13838043012449, 32.725356799895046, 0.0], [75.14287334004457, 32.72350481873153, 0.0], [75.1462034961362, 32.72596001899434, 0.0], [75.1502188084677, 32.724257004022654, 0.0], [75.15106362847523, 32.72094029385223, 0.0], [75.15403333930483, 32.718088306854916, 0.0], [75.15716597808391, 32.71616634799024, 0.0], [75.15724779651475, 32.71302321190612, 0.0], [75.16050313504233, 32.71040677607267, 0.0], [75.16462168225111, 32.710764015983365, 0.0], [75.16828320006427, 32.709722258116145, 0.0], [75.17146188150353, 32.70780473209842, 0.0], [75.17423554861709, 32.706548885877574, 0.0], [75.17711527004342, 32.70336238593797, 0.0], [75.17936934083671, 32.70059146200585, 0.0], [75.1820199195502, 32.69937681640156, 0.0], [75.18490368275313, 32.69619365328571, 0.0], [75.18798725488872, 32.69153970221038, 0.0], [75.19079251138925, 32.690512329660386, 0.0], [75.19370718100139, 32.68899797195506, 0.0], [75.19867216906077, 32.6892634542126, 0.0], [75.20262763729662, 32.68578379032016, 0.0], [75.20686313650582, 32.68326815364846, 0.0], [75.2051771700195, 32.68041212093802, 0.0], [75.2023864870389, 32.67756952592338, 0.0], [75.20240070859045, 32.673237908160694, 0.0], [75.2038814495514, 32.67043179270955, 0.0], [75.204867816185, 32.66660888595547, 0.0], [75.20498221949092, 32.662544755968284, 0.0], [75.207194706526, 32.659725719864, 0.0], [75.20292963823205, 32.65906929502581, 0.0], [75.20278794052655, 32.65660973612485, 0.0], [75.19981553144642, 32.65344831741223, 0.0], [75.20325689320272, 32.65251377099466, 0.0], [75.20713443067663, 32.65302746958731, 0.0], [75.20833011464303, 32.64980786172201, 0.0], [75.20854457485221, 32.64510207938834, 0.0], [75.211923094889, 32.643298110859725, 0.0], [75.21498544448048, 32.642579744790496, 0.0], [75.22425100536063, 32.64068715684287, 0.0], [75.22896595291368, 32.643241314128815, 0.0], [75.23176053282545, 32.643899695999615, 0.0], [75.23565898977155, 32.643168916135366, 0.0], [75.2383503592399, 32.64425509615598, 0.0], [75.2424233272138, 32.64599438959526, 0.0], [75.24608450847032, 32.64860210403645, 0.0], [75.24629253293696, 32.653599503621436, 0.0], [75.25038763895638, 32.6554292709768, 0.0], [75.25399972569447, 32.654058707818386, 0.0], [75.25750302881355, 32.65146948300245, 0.0], [75.26133135299548, 32.65017763059895, 0.0], [75.26441497350477, 32.65046766354761, 0.0], [75.26783202661373, 32.65051478242189, 0.0], [75.27127711861078, 32.650604616994, 0.0], [75.27412652557236, 32.6493239457518, 0.0], [75.27782814275999, 32.64839152268286, 0.0], [75.2800959804909, 32.645860753569046, 0.0], [75.28035830111006, 32.645669930637794, 0.0], [75.28395695202298, 32.643051999364154, 0.0], [75.28467225747443, 32.63958734195317, 0.0], [75.28543462537769, 32.63829771958538, 0.0], [75.28687999216639, 32.63585263578205, 0.0], [75.29012276875311, 32.63178976483389, 0.0], [75.29447192062065, 32.630972070276805, 0.0], [75.297624427375, 32.63007845375476, 0.0], [75.3001847661353, 32.628086485055725, 0.0], [75.30314993503852, 32.626992069392415, 0.0], [75.30635824276553, 32.626611346068074, 0.0], [75.31027451597424, 32.62609396313685, 0.0], [75.3157320880191, 32.62536931330468, 0.0], [75.32092991904473, 32.623846918760066, 0.0], [75.32416614150877, 32.620664209861594, 0.0], [75.32662841651043, 32.6188866172777, 0.0], [75.32669546476579, 32.618845000191975, 0.0], [75.32951793804536, 32.61709302913333, 0.0], [75.33207654489303, 32.61457465617133, 0.0], [75.33353188843566, 32.61302948494723, 0.0], [75.33409700566686, 32.61242947105565, 0.0], [75.33708314557632, 32.60920463399283, 0.0], [75.34034625777952, 32.60616953206148, 0.0], [75.34327796319138, 32.60166405603665, 0.0], [75.34428384660686, 32.59805587944132, 0.0], [75.34549825951284, 32.594662343672, 0.0], [75.3432120726854, 32.59262512696871, 0.0], [75.34365028621906, 32.59098259652218, 0.0], [75.3443691502999, 32.588288007017916, 0.0], [75.34208049611362, 32.58369889376185, 0.0], [75.3394606377256, 32.58064497776718, 0.0], [75.33694994711972, 32.57912584689907, 0.0], [75.3334610953817, 32.580004315293316, 0.0], [75.3285371836566, 32.58039413092072, 0.0], [75.32454892452859, 32.57994181600526, 0.0], [75.32134896562061, 32.57654246737228, 0.0], [75.31789957097226, 32.57382471472971, 0.0], [75.3162048064175, 32.57410453711457, 0.0], [75.31407677559375, 32.574455869061424, 0.0], [75.31119121242057, 32.5751173787327, 0.0], [75.30782679801796, 32.575868447663176, 0.0], [75.3040547194101, 32.5765780130888, 0.0], [75.29994215255589, 32.57739137627233, 0.0], [75.29857859415719, 32.57766102837306, 0.0], [75.29477541413898, 32.57724610929124, 0.0], [75.2947615209913, 32.57721159765764, 0.0], [75.29352868346483, 32.57414902926291, 0.0], [75.28844668446581, 32.57403792644781, 0.0], [75.28567864216974, 32.5726324509787, 0.0], [75.28211905356106, 32.56939272922709, 0.0], [75.28177411473622, 32.565835972757355, 0.0], [75.28147534888518, 32.562397724741885, 0.0], [75.27948939187506, 32.560374323723856, 0.0], [75.27713262446665, 32.55779894680336, 0.0], [75.2750153150911, 32.55576804030334, 0.0], [75.27198385252032, 32.553198861171474, 0.0], [75.26980046777308, 32.54964751725636, 0.0], [75.2682304649299, 32.547187072900435, 0.0], [75.26455334161602, 32.54600735967613, 0.0], [75.26127436204995, 32.54365815881015, 0.0], [75.25774441091961, 32.54312170967828, 0.0], [75.25674199726967, 32.53954094082982, 0.0], [75.25403689661199, 32.536593048160064, 0.0], [75.25091518056861, 32.53451572706079, 0.0], [75.24992488272599, 32.532792435583396, 0.0], [75.24915510566534, 32.53145284627063, 0.0], [75.24556076503838, 32.52844493921516, 0.0], [75.24471724993934, 32.52606545133369, 0.0], [75.24431699879635, 32.52493633372408, 0.0], [75.24246449396163, 32.522218498726446, 0.0], [75.24102761021656, 32.51959866607726, 0.0], [75.23832041060157, 32.51668258640117, 0.0], [75.23811943202132, 32.51302213566796, 0.0], [75.23663834439768, 32.50993116120912, 0.0], [75.23534137982507, 32.50727960044209, 0.0], [75.2345818327167, 32.505726687705994, 0.0], [75.23581587513856, 32.503851295964544, 0.0], [75.23805689288304, 32.50245277915087, 0.0], [75.23713461547479, 32.49994364864027, 0.0], [75.23670890671085, 32.49878543178119, 0.0], [75.23317199988753, 32.49863771663847, 0.0], [75.23003879624389, 32.498738699677716, 0.0], [75.22830111148645, 32.496493233986456, 0.0], [75.22609818865192, 32.49377031395045, 0.0], [75.22294543904214, 32.49141017467259, 0.0], [75.22017971138824, 32.486461154174364, 0.0], [75.2183905318263, 32.483537330597564, 0.0], [75.21775972283446, 32.480275617344084, 0.0], [75.21998497358862, 32.47697077244226, 0.0], [75.2202553221702, 32.476452421568965, 0.0], [75.22143970142893, 32.474181490618584, 0.0], [75.22149184605861, 32.474114507886185, 0.0], [75.22368380149764, 32.471298750971854, 0.0], [75.22542120180833, 32.46740058257274, 0.0], [75.2261361204952, 32.46264880072028, 0.0], [75.2223585922123, 32.46140684517673, 0.0], [75.21854306949717, 32.46148910194836, 0.0], [75.21551374290082, 32.46045478027497, 0.0], [75.21669180663153, 32.4571312193996, 0.0], [75.21435981784482, 32.45499584576856, 0.0], [75.21106287017625, 32.45503172941051, 0.0], [75.20751807649053, 32.45514510257107, 0.0], [75.20636924211908, 32.452319218446526, 0.0], [75.20632574791205, 32.4521931379197, 0.0], [75.20496691547208, 32.44825404171602, 0.0], [75.2045586732181, 32.4480110828085, 0.0], [75.20136010642109, 32.4461074331069, 0.0], [75.19572344814961, 32.44377889509252, 0.0], [75.1986633159848, 32.44163570580607, 0.0], [75.19909475168437, 32.43789154521606, 0.0], [75.19890516465341, 32.433963557895794, 0.0], [75.2007745204143, 32.429681281299594, 0.0], [75.19885335627475, 32.42691856971173, 0.0], [75.19847660526364, 32.42514150889813, 0.0], [75.19767798636474, 32.42137437440035, 0.0], [75.19765416438513, 32.4213697729827, 0.0], [75.1976426601507, 32.421367550017656, 0.0], [75.196743938246, 32.4211939211957, 0.0], [75.19355132582429, 32.42137692834861, 0.0], [75.19174624391344, 32.4220946192706, 0.0], [75.19174685743033, 32.42209921021554, 0.0], [75.19200228868323, 32.424010470864324, 0.0], [75.1919995709132, 32.42401265281297, 0.0], [75.1897656434701, 32.42580586429477, 0.0], [75.18709477399712, 32.42604656408853, 0.0], [75.18493759399352, 32.42494154495694, 0.0], [75.18250623297193, 32.424290933697264, 0.0], [75.18032951168935, 32.424239964522904, 0.0], [75.17903110646238, 32.42352447605589, 0.0], [75.17825344827627, 32.42155069486968, 0.0], [75.17679077480547, 32.42137108099402, 0.0], [75.17466964922905, 32.422018838869036, 0.0], [75.17131260620627, 32.42273717338192, 0.0], [75.16762573233737, 32.42321100069391, 0.0], [75.16385565960998, 32.422636472784625, 0.0], [75.16195931784377, 32.42090194934206, 0.0], [75.16012448065284, 32.41863739686615, 0.0], [75.15868266391693, 32.41871963489686, 0.0], [75.15518193301239, 32.4202354748549, 0.0], [75.15266255814971, 32.421081051769804, 0.0], [75.15076646391284, 32.41934635920657, 0.0], [75.14731181984436, 32.41752489997073, 0.0], [75.14430312912975, 32.41480048775982, 0.0], [75.14393506730933, 32.41451806678463, 0.0], [75.1411093824489, 32.41234978597839, 0.0], [75.13551279537302, 32.40959690389373, 0.0], [75.13325366059657, 32.40849685052509, 0.0], [75.13142076565356, 32.40886425505365, 0.0], [75.13142040287168, 32.40886960327754, 0.0], [75.1311817744112, 32.41238774387383, 0.0], [75.13165627306095, 32.41446672884345, 0.0], [75.13165339394952, 32.414469687860425, 0.0], [75.13002968509497, 32.41613859638077, 0.0], [75.1275308732234, 32.41724573832038, 0.0], [75.12708487730077, 32.418148538454076, 0.0], [75.12708443906365, 32.41815060155381, 0.0], [75.12663239537335, 32.42028016689404, 0.0], [75.12706588778546, 32.423151218207266, 0.0], [75.12725204392741, 32.42550982753712, 0.0], [75.1299235220887, 32.426586585793665, 0.0], [75.13301344945597, 32.42641104786089, 0.0], [75.13322685855469, 32.42780288420279, 0.0], [75.13322433372723, 32.42780680638471, 0.0], [75.13193666183471, 32.429806636518016, 0.0], [75.12935518384188, 32.4311817313998, 0.0], [75.12840145633831, 32.43351732105211, 0.0], [75.12666414593166, 32.43379144855203, 0.0], [75.12445314882187, 32.43461891800842, 0.0], [75.124453009546, 32.43462385468001, 0.0], [75.12439877581802, 32.43655243822771, 0.0], [75.12439662631049, 32.43655464664103, 0.0], [75.12277165801187, 32.43822420763181, 0.0], [75.12179012306136, 32.44021032092977, 0.0], [75.12096634592139, 32.44157324810452, 0.0], [75.11859758813982, 32.444339971929, 0.0], [75.11859700204045, 32.444343755959416, 0.0], [75.1181861016567, 32.446995699063294, 0.0], [75.11920377699012, 32.45202730684009, 0.0], [75.11927297977918, 32.45421704796252, 0.0], [75.11927059975939, 32.45421863608541, 0.0], [75.11740494587316, 32.45546364503135, 0.0], [75.1110997384488, 32.45819000213483, 0.0], [75.10776850418831, 32.4605722430286, 0.0], [75.10776921837002, 32.46057584857124, 0.0], [75.10845582962806, 32.46404317306527, 0.0], [75.10850410360648, 32.46465613669847, 0.0], [75.10871600371183, 32.46734669498395, 0.0], [75.1087253875426, 32.46746583561312, 0.0], [75.10872811669805, 32.46750048819149, 0.0], [75.1087379065028, 32.467624785784444, 0.0], [75.10794149213028, 32.47196940430633, 0.0], [75.10793978062142, 32.4719721912145, 0.0], [75.10665698420668, 32.474060239849045, 0.0], [75.10651104075846, 32.47415390246929, 0.0], [75.10320824020256, 32.47627347151839, 0.0], [75.10135327701106, 32.47769454014638, 0.0], [75.09897607138913, 32.477741171507034, 0.0], [75.09673630516319, 32.47558636691128, 0.0], [75.09594625889896, 32.4734373783254, 0.0], [75.09449669461077, 32.47211534563688, 0.0], [75.09268310205901, 32.47011189578918, 0.0], [75.09075271070012, 32.46925570325358, 0.0], [75.08830011479591, 32.46965738037013, 0.0], [75.08713211431439, 32.47060073972132, 0.0], [75.0862871331696, 32.47038518263679, 0.0], [75.08553852762897, 32.46876027293896, 0.0], [75.08424003348841, 32.469359988100166, 0.0], [75.08423965412277, 32.469364848039156, 0.0], [75.08403352836896, 32.47200396862843, 0.0], [75.08403163957504, 32.47200505112663, 0.0], [75.08284488539003, 32.47268521543759, 0.0], [75.07659223312461, 32.476108697502276, 0.0], [75.07321150255733, 32.47787850984197, 0.0], [75.06994054570653, 32.47972978799003, 0.0], [75.06959071227796, 32.477906863376, 0.0], [75.0678181636552, 32.477743385113286, 0.0], [75.06483577275186, 32.47931505724491, 0.0], [75.06223870943953, 32.479197871172666, 0.0], [75.05946229976031, 32.48075782595494, 0.0], [75.05720172003753, 32.48097259444018, 0.0], [75.05476914453617, 32.48163569352702, 0.0], [75.05312500298882, 32.48272471544001, 0.0], [75.05268428925868, 32.48301662258022, 0.0], [75.05250811224364, 32.48313331239857, 0.0], [75.052308560152, 32.48326548413486, 0.0], [75.0501348286645, 32.48474582075987, 0.0], [75.04956560665089, 32.48513345564596, 0.0], [75.04837690133859, 32.48594293743668, 0.0], [75.04800355228731, 32.486234648250985, 0.0], [75.04535221231205, 32.48830616325522, 0.0], [75.0446068292723, 32.488040866820356, 0.0], [75.0438614484722, 32.48777556681109, 0.0], [75.04163555994258, 32.48711067819066, 0.0], [75.03688562191296, 32.48992134761851, 0.0], [75.03287056246832, 32.492866165823195, 0.0], [75.03044173608791, 32.49457437701194, 0.0], [75.03029174998125, 32.494679860009775, 0.0], [75.03002417735809, 32.49486803976613, 0.0], [75.0296554214423, 32.49527666417589, 0.0], [75.02949296607984, 32.495456681732364, 0.0], [75.02802275309213, 32.4970858011732, 0.0], [75.02609344607406, 32.494912445776976, 0.0], [75.02474081507275, 32.49282655434938, 0.0], [75.02362271602836, 32.4911022602941, 0.0], [75.0232525590987, 32.490283825025195, 0.0], [75.02232239670201, 32.488227133271785, 0.0], [75.02199717772395, 32.48750801716296, 0.0], [75.01818127945502, 32.4823690767552, 0.0], [75.01731677292683, 32.48052761004708, 0.0], [75.0168165814593, 32.47946213463138, 0.0], [75.01669130947593, 32.47785086139328, 0.0], [75.01648377723676, 32.47518143226533, 0.0], [75.0165563768798, 32.47079393877934, 0.0], [75.01655643594167, 32.47079033786357, 0.0], [75.01701137923388, 32.470350257856396, 0.0], [75.01790411410234, 32.46948667280188, 0.0], [75.01974358426185, 32.467894749104026, 0.0], [75.01974663232258, 32.46789211137001, 0.0], [75.01930160159003, 32.46616216525509, 0.0], [75.01735840624902, 32.46513012218987, 0.0], [75.01602555741427, 32.46529232557486, 0.0], [75.01469270821386, 32.46545451738375, 0.0], [75.01189804928283, 32.464118986215475, 0.0], [75.01078954163249, 32.46317185497015, 0.0], [75.00968104834512, 32.46222471368919, 0.0], [75.00329090089934, 32.45722906292615, 0.0], [75.0009630228011, 32.45656919829019, 0.0], [75.00040985828754, 32.45685839421152, 0.0], [74.99927230050429, 32.45745310243767, 0.0], [74.99816738815794, 32.45654953972963, 0.0], [74.9967533793011, 32.455663190220776, 0.0], [74.99597455804235, 32.45496079337562, 0.0], [74.99519574391257, 32.45425838869061, 0.0], [74.99372088902619, 32.45258574106704, 0.0], [74.99187454692958, 32.451460199838856, 0.0], [74.99065842150257, 32.45179112605447, 0.0], [74.99061173599438, 32.45180654498683, 0.0], [74.98874132482358, 32.45242427126089, 0.0], [74.98734775818144, 32.45179990525347, 0.0], [74.9870036101485, 32.45123657454624, 0.0], [74.98651833511518, 32.45044222407794, 0.0], [74.98436137332371, 32.45064995111905, 0.0], [74.9838014414493, 32.45076883186024, 0.0], [74.98324150846052, 32.450887710674614, 0.0], [74.98057439877445, 32.45252756488684, 0.0], [74.97721968083253, 32.45464425663464, 0.0], [74.97717609659036, 32.454675619512564, 0.0], [74.97654308787385, 32.4551311305414, 0.0], [74.97418068046952, 32.456831056001164, 0.0], [74.97128505948606, 32.45953624330244, 0.0], [74.96993197828078, 32.45943586637118, 0.0], [74.96857889716723, 32.45933547923845, 0.0], [74.96546923372924, 32.45792870340633, 0.0], [74.96071298398368, 32.455297063087144, 0.0], [74.95670726558261, 32.45165856753172, 0.0], [74.95575067774229, 32.4506587071321, 0.0], [74.95479410178018, 32.449658834627385, 0.0], [74.95266150152806, 32.447495751660064, 0.0], [74.95193690745167, 32.447491999271875, 0.0], [74.95121231338248, 32.447488244632765, 0.0], [74.94864993266374, 32.4478055389661, 0.0], [74.94704172891745, 32.448420943897965, 0.0], [74.94704028169444, 32.44842635666803, 0.0], [74.94639894455256, 32.45082540855612, 0.0], [74.94639793154249, 32.450827838555995, 0.0], [74.94639691849392, 32.450830269464774, 0.0], [74.94548179574988, 32.45302552195217, 0.0], [74.94508861430745, 32.45396868259543, 0.0], [74.94357210323008, 32.457123337514915, 0.0], [74.94357151201693, 32.4571250813777, 0.0], [74.94357092084235, 32.45712682433166, 0.0], [74.94163202367984, 32.46284574705699, 0.0], [74.94163109552156, 32.46284667615348, 0.0], [74.94163016625268, 32.462847606126154, 0.0], [74.93894134445038, 32.46553879600809, 0.0], [74.93619679693415, 32.467532862005115, 0.0], [74.9361960091536, 32.467537515527525, 0.0], [74.93610164307853, 32.46809531677227, 0.0], [74.93591211921651, 32.4692155744613, 0.0], [74.93792576395573, 32.471287702294816, 0.0], [74.93793505448778, 32.47129726207805, 0.0], [74.93793134437786, 32.471297466628315, 0.0], [74.93792763422947, 32.47129767208736, 0.0], [74.93717501759075, 32.471339238597835, 0.0], [74.93463709752575, 32.471479384151245, 0.0], [74.93386856068494, 32.471429205703394, 0.0], [74.93099639745465, 32.47124165256879, 0.0], [74.92816926731986, 32.46946743196195, 0.0], [74.92510932152861, 32.46735504688795, 0.0], [74.92151414533791, 32.46500888420094, 0.0], [74.9192830228551, 32.46425446294654, 0.0], [74.91835218680484, 32.464261871448, 0.0], [74.91742135060055, 32.464269275644654, 0.0], [74.91394827804879, 32.46621521797288, 0.0], [74.91304618160589, 32.46727382885911, 0.0], [74.91214407131662, 32.4683324317333, 0.0], [74.90964509864459, 32.47083877528759, 0.0], [74.90830921359331, 32.4723160139745, 0.0], [74.90659723445464, 32.472936567789844, 0.0], [74.90375048395292, 32.470899697755335, 0.0], [74.90079031287421, 32.46737751344764, 0.0], [74.89745612453324, 32.46843799926688, 0.0], [74.89174843261388, 32.47094465512827, 0.0], [74.88895634004663, 32.47241812315399, 0.0], [74.88735947825602, 32.47326079276838, 0.0], [74.88560073450792, 32.474188854830864, 0.0], [74.88488359474414, 32.4745672679338, 0.0], [74.88471454760857, 32.47463183445763, 0.0], [74.87925160175668, 32.476718232713615, 0.0], [74.8783473997363, 32.47843467894874, 0.0], [74.87834762285976, 32.47843568410948, 0.0], [74.87913578479979, 32.4819885704273, 0.0], [74.88046355344201, 32.48396649880697, 0.0], [74.8812376369891, 32.48511958779644, 0.0], [74.88389503971335, 32.48874653605729, 0.0], [74.88365496716513, 32.49018169931866, 0.0], [74.88353955742221, 32.490871613573184, 0.0], [74.8835381706951, 32.490872103212425, 0.0], [74.88124376338581, 32.491682449124184, 0.0], [74.88079660827208, 32.49184037144673, 0.0], [74.88001144420336, 32.49211766641688, 0.0], [74.87899994004118, 32.49243309092027, 0.0], [74.87947723858079, 32.49229760149205, 0.0], [74.87960490018341, 32.49266922155689, 0.0], [74.88134036339264, 32.497316766146874, 0.0], [74.88345287793896, 32.500580850424214, 0.0], [74.88613526941367, 32.50409536489885, 0.0], [74.88843488376371, 32.50728109311958, 0.0], [74.89013381918063, 32.51100809113642, 0.0], [74.88647064757156, 32.51529362399059, 0.0], [74.88543429230847, 32.51766542161581, 0.0], [74.88439789479068, 32.52003719668455, 0.0], [74.88450080382916, 32.52462188730886, 0.0], [74.88697313317698, 32.52829689595779, 0.0], [74.88998910850735, 32.52969155885991, 0.0], [74.89287858867836, 32.53139453119717, 0.0], [74.89707939931688, 32.528243740660415, 0.0], [74.90009857447319, 32.52626162477603, 0.0], [74.90384465024607, 32.528512037858846, 0.0], [74.90680047750055, 32.53122196988393, 0.0], [74.90821206450035, 32.534514320891894, 0.0], [74.90536465269076, 32.53766892430084, 0.0], [74.9054232866239, 32.541519067796266, 0.0], [74.903049426397, 32.54528794943448, 0.0], [74.90219606875452, 32.54961399571883, 0.0], [74.90526498149771, 32.55087662836909, 0.0], [74.90854563363935, 32.550584933434926, 0.0], [74.91337490678535, 32.54818670580159, 0.0], [74.91871570717706, 32.54879716078035, 0.0], [74.92328397945074, 32.550244524732584, 0.0], [74.92622402114138, 32.55094464280187, 0.0], [74.9287141064988, 32.552482736368724, 0.0], [74.93040279014018, 32.5550998541435, 0.0], [74.9326212580001, 32.55961179902454, 0.0], [74.93501087457332, 32.5636703906568, 0.0], [74.93855958947451, 32.56529747260887, 0.0], [74.94158629092269, 32.56722856157118, 0.0], [74.94528098439437, 32.56796300206135, 0.0], [74.94763746732907, 32.5697722561644, 0.0], [74.94792017698754, 32.5732339709794, 0.0], [74.94803959612081, 32.576467718146134, 0.0], [74.9469771187633, 32.582151026857034, 0.0], [74.94420182375637, 32.58597937530502, 0.0], [74.94028388196527, 32.586323645161784, 0.0], [74.94303606815232, 32.588694924152485, 0.0], [74.94322676787768, 32.58885922424675, 0.0], [74.94648453617982, 32.5911071475873, 0.0], [74.94925352754375, 32.594218183274116, 0.0], [74.9463706655167, 32.59658647974358, 0.0], [74.94387198158458, 32.59504369938413, 0.0], [74.94152699079673, 32.59335467993056, 0.0], [74.93838028946521, 32.59175931596348, 0.0], [74.9343191495114, 32.59346322174475, 0.0], [74.93034103066285, 32.59492061980555, 0.0], [74.92725125306791, 32.59886995822357, 0.0], [74.9243045701165, 32.60262481423874, 0.0], [74.92036702977252, 32.60362956964767, 0.0], [74.92084962112678, 32.60724919008345, 0.0], [74.92368731411099, 32.60939874278959, 0.0], [74.92678708945024, 32.612814909084825, 0.0], [74.92350116581136, 32.61722358719721, 0.0], [74.91707628680383, 32.62130202869626, 0.0], [74.91470949995322, 32.62289865058166, 0.0], [74.91233139086654, 32.624522537054375, 0.0], [74.908714145837, 32.62672620334576, 0.0], [74.90507981290244, 32.623340934600726, 0.0], [74.90186125559131, 32.621481868652815, 0.0], [74.89642276093635, 32.61852677167398, 0.0], [74.8938363685548, 32.614887203158666, 0.0], [74.89148113376335, 32.61180211539404, 0.0], [74.8882213418621, 32.60925079493006, 0.0], [74.88465295752032, 32.6101124910423, 0.0], [74.88129842465798, 32.61189027664487, 0.0], [74.87861459328107, 32.613738920300726, 0.0], [74.8749645498009, 32.6153519993786, 0.0], [74.87063459375018, 32.620362187176084, 0.0], [74.87369225505057, 32.62050512932649, 0.0], [74.87762574403139, 32.62116926021607, 0.0], [74.8817239698496, 32.62015348161715, 0.0], [74.88522033768874, 32.62125573599403, 0.0], [74.88700742017522, 32.625880972422024, 0.0], [74.88954972544141, 32.62927561360307, 0.0], [74.89181823452236, 32.63138128592903, 0.0], [74.89134807637811, 32.634844150929815, 0.0], [74.89385358254573, 32.63668840077975, 0.0], [74.89600572916669, 32.63886755308476, 0.0], [74.89543668289006, 32.641700194683004, 0.0], [74.89579567658006, 32.646214861584916, 0.0], [74.89628672100699, 32.65054876426904, 0.0], [74.8980729157748, 32.653081956671535, 0.0], [74.90347943524303, 32.653745695130276, 0.0], [74.90795422363601, 32.655285457233646, 0.0], [74.90987065218714, 32.657027360497196, 0.0], [74.91098830746589, 32.65804319614121, 0.0], [74.914590742682, 32.660771628708034, 0.0], [74.91801853604056, 32.66241279399812, 0.0], [74.92266111014793, 32.66445521216325, 0.0], [74.9289775172526, 32.66893215517972, 0.0], [74.9283204554893, 32.672164898568575, 0.0], [74.93259592253894, 32.6737761876865, 0.0], [74.93759272849859, 32.67581341577269, 0.0], [74.94117828292912, 32.67723029813621, 0.0], [74.94408441440967, 32.677986729891636, 0.0], [74.9478900601324, 32.679795916071846, 0.0], [74.9511926786717, 32.68215809530499, 0.0], [74.95487785062042, 32.684750166723255, 0.0], [74.95682559805103, 32.686888091379096, 0.0], [74.95755280525655, 32.69034633728139, 0.0], [74.95731411696819, 32.69366784333515, 0.0], [74.9571132733376, 32.69704835774781, 0.0], [74.95973030849959, 32.70003266401361, 0.0], [74.96228007609251, 32.70206681843232, 0.0], [74.96531257621754, 32.703285049109105, 0.0], [74.96674371149929, 32.707333053372636, 0.0], [74.96651159463138, 32.711300468034196, 0.0], [74.9692404552673, 32.71265865535333, 0.0], [74.97362812755533, 32.71255384715016, 0.0], [74.97823177178914, 32.71247230310247, 0.0], [74.98176537582897, 32.712087982227125, 0.0], [74.98411161070467, 32.7103997265925, 0.0], [74.98769253888032, 32.7096030518883, 0.0], [74.99084056531856, 32.71083700667687, 0.0], [74.99238823474431, 32.7133671353344, 0.0], [74.99489699193711, 32.716006061763636, 0.0], [74.99582607673818, 32.71648517594555, 0.0], [74.99798980676334, 32.71760094129326, 0.0], [74.99892081253358, 32.720563434640454, 0.0], [75.00153695603437, 32.721674305662795, 0.0], [75.00530921132173, 32.72298601794728, 0.0], [75.00911826039017, 32.72316660576393, 0.0], [75.01041048367371, 32.7258940300114, 0.0], [75.00997466803886, 32.72974348078005, 0.0], [75.01139288348632, 32.73213913733753, 0.0], [75.01511970904531, 32.73213025299629, 0.0], [75.01921118009369, 32.734120390366066, 0.0], [75.02269877014565, 32.73338826535485, 0.0], [75.02609979418088, 32.731307614073536, 0.0], [75.02918858682803, 32.732154077068316, 0.0], [75.03347292509326, 32.73355614155679, 0.0], [75.03733798498085, 32.73242037831502, 0.0], [75.04126230425125, 32.7299883489851, 0.0], [75.04501806011707, 32.731940460633986, 0.0], [75.04701804376296, 32.7352451493467, 0.0], [75.04722785053475, 32.738553876026884, 0.0], [75.04949868645409, 32.741070656908185, 0.0], [75.05374370171367, 32.74198034693389, 0.0], [75.05828782398588, 32.74107802611522, 0.0], [75.06375852047728, 32.738757504244, 0.0], [75.06735647908573, 32.73707178502399, 0.0], [75.07043191502429, 32.735411270279705, 0.0], [75.07306380646655, 32.73365810935295, 0.0], [75.07601224925202, 32.73330894940124, 0.0]]]}}, {"type": "Feature", "properties": {"district_id": "jammu", "display_name": "Jammu", "source_name": "JAMMU", "state_ut": "Jammu and Kashmir", "objectid": 25, "dist_lgd": "021"}, "geometry": {"type": "Polygon", "coordinates": [[[74.68525344133023, 33.05837816357802, 0.0], [74.68744933687033, 33.054920815160926, 0.0], [74.69319411528916, 33.05580874002782, 0.0], [74.69685585248043, 33.05805950270542, 0.0], [74.69928989860695, 33.060494589109, 0.0], [74.70222227908866, 33.057946889028436, 0.0], [74.70544780555778, 33.05758488115728, 0.0], [74.70898288311089, 33.05860192523086, 0.0], [74.70933768768788, 33.05354558682291, 0.0], [74.71445644152328, 33.05328228698233, 0.0], [74.71854251884179, 33.05450551916087, 0.0], [74.72182440475173, 33.05459767201433, 0.0], [74.72602030599764, 33.053420429951736, 0.0], [74.72969159934075, 33.05385908326828, 0.0], [74.73077044181206, 33.05700685779667, 0.0], [74.7298717513305, 33.059766818281005, 0.0], [74.73388381762258, 33.061118984616584, 0.0], [74.7378041003433, 33.061127982054906, 0.0], [74.74193650553049, 33.0595372642042, 0.0], [74.74833964527134, 33.05865782609402, 0.0], [74.74949134167737, 33.05629233037714, 0.0], [74.74975215033663, 33.053280788034506, 0.0], [74.75265478012643, 33.0517021449296, 0.0], [74.75631945420068, 33.051680295684456, 0.0], [74.76014433229521, 33.05172938462744, 0.0], [74.76499526246036, 33.051724850018736, 0.0], [74.76937469302398, 33.051412983217794, 0.0], [74.77157412311405, 33.04695709362267, 0.0], [74.77435085007204, 33.04417327115378, 0.0], [74.77746764326398, 33.041921497430586, 0.0], [74.77807988716008, 33.03780478231217, 0.0], [74.78260610167037, 33.03673071267128, 0.0], [74.78746779761404, 33.03544087280014, 0.0], [74.79208546109125, 33.03456027220214, 0.0], [74.79300306713053, 33.03048902009837, 0.0], [74.79526018832732, 33.02724984027455, 0.0], [74.79789770944332, 33.023973621928924, 0.0], [74.799508961842, 33.02073330920929, 0.0], [74.80206380382124, 33.01701481126736, 0.0], [74.80519324352362, 33.014365996838734, 0.0], [74.8068755088426, 33.0117486766281, 0.0], [74.80960631613522, 33.007871845450474, 0.0], [74.81358002481548, 33.00481586978059, 0.0], [74.81600455217644, 33.00066842921432, 0.0], [74.81890208009597, 32.997238398653955, 0.0], [74.82133634217394, 32.99503711642167, 0.0], [74.82412202651625, 32.99154900982134, 0.0], [74.82304409986175, 32.98816739294095, 0.0], [74.82796957318939, 32.98629342170809, 0.0], [74.83067225747445, 32.98369762156757, 0.0], [74.8346624614088, 32.9806380211349, 0.0], [74.83856129653032, 32.979235793867566, 0.0], [74.84346790052662, 32.97829389989527, 0.0], [74.84661145223954, 32.97753709766995, 0.0], [74.84791766647443, 32.974248308148255, 0.0], [74.85004550744587, 32.97126188101655, 0.0], [74.8500771512084, 32.96735466019296, 0.0], [74.84987159950441, 32.96188362928629, 0.0], [74.85083187967899, 32.95812942566048, 0.0], [74.85215472007118, 32.954211048414074, 0.0], [74.85384663086049, 32.95162838576649, 0.0], [74.85350168548341, 32.946468456142895, 0.0], [74.85338079430755, 32.94335789162372, 0.0], [74.85636972737933, 32.94497762937223, 0.0], [74.85915296116916, 32.946714957056436, 0.0], [74.86348102786941, 32.947464462022076, 0.0], [74.86760364802679, 32.95032319939482, 0.0], [74.87217354522856, 32.95089944923491, 0.0], [74.87471951900277, 32.954468382281156, 0.0], [74.87573732236801, 32.95788733705018, 0.0], [74.8786052045496, 32.959355133618764, 0.0], [74.88199367466467, 32.9561619861637, 0.0], [74.88634181254983, 32.955154930113785, 0.0], [74.88901713611772, 32.95365259302713, 0.0], [74.89059376516683, 32.94838136131458, 0.0], [74.89176524327301, 32.944098743751546, 0.0], [74.89373753802815, 32.941083191840065, 0.0], [74.89407738895048, 32.93702906387743, 0.0], [74.89379365960441, 32.932216403635664, 0.0], [74.89373451560104, 32.927806680435836, 0.0], [74.89562418057164, 32.924669432611836, 0.0], [74.8982998645504, 32.92308047207542, 0.0], [74.90257944241861, 32.92458400820948, 0.0], [74.90628178191533, 32.92425157440529, 0.0], [74.90977716760295, 32.923816996934725, 0.0], [74.91086234461783, 32.92081180344148, 0.0], [74.91314963662617, 32.91705516405094, 0.0], [74.91511528499075, 32.914018074362595, 0.0], [74.91756779452163, 32.91164141387898, 0.0], [74.91925964464357, 32.9076130793036, 0.0], [74.92057231360688, 32.90315528723084, 0.0], [74.92225291509459, 32.90003669629206, 0.0], [74.92436593232948, 32.89784227509966, 0.0], [74.92729207869675, 32.894857043749376, 0.0], [74.92981220831919, 32.89346736207144, 0.0], [74.93342534081923, 32.890474339079965, 0.0], [74.93684801365768, 32.888240714176845, 0.0], [74.9401497770089, 32.888943951961146, 0.0], [74.94294478154657, 32.89000059626588, 0.0], [74.94638050470662, 32.89132413735388, 0.0], [74.95095984269071, 32.89283002227848, 0.0], [74.9504603913918, 32.89582264600193, 0.0], [74.94964232490972, 32.89875028644949, 0.0], [74.95284797043237, 32.89936410596281, 0.0], [74.9557749202002, 32.89826189756081, 0.0], [74.95984610817808, 32.89709780118953, 0.0], [74.96350824891461, 32.90063458402235, 0.0], [74.96140313074068, 32.90543888795248, 0.0], [74.96140929073452, 32.90849567138529, 0.0], [74.96021572714439, 32.91082305168744, 0.0], [74.95744624328252, 32.91302093018439, 0.0], [74.9558252980711, 32.91584210622298, 0.0], [74.9533149963316, 32.91969766200743, 0.0], [74.95409349448722, 32.9234330393541, 0.0], [74.95395178852648, 32.92826120103766, 0.0], [74.95521274476266, 32.932171007102, 0.0], [74.95931102863209, 32.9323975051932, 0.0], [74.96224559383428, 32.93227504089915, 0.0], [74.96267389808335, 32.93610252019416, 0.0], [74.96255113509604, 32.93948543726787, 0.0], [74.96208580739905, 32.94228221789783, 0.0], [74.96104639126689, 32.94624048193208, 0.0], [74.95999110579034, 32.95077776540292, 0.0], [74.96014861043336, 32.955381814946215, 0.0], [74.95878082079341, 32.95964958518965, 0.0], [74.95987414737276, 32.9635714408454, 0.0], [74.96181961364857, 32.96725629090061, 0.0], [74.96545353083779, 32.97026210225405, 0.0], [74.96932066602633, 32.972632277344594, 0.0], [74.97280625331197, 32.97317881791738, 0.0], [74.97537519281984, 32.97363533850405, 0.0], [74.97778318170968, 32.9740632180067, 0.0], [74.98240807742783, 32.975527155129065, 0.0], [74.98665388336444, 32.97573635739739, 0.0], [74.98533056875226, 32.972930358436926, 0.0], [74.98523783986965, 32.97273372573056, 0.0], [74.98500208524463, 32.97080530767718, 0.0], [74.98495146672697, 32.970391250504775, 0.0], [74.9845990664354, 32.96750853789856, 0.0], [74.98454503387732, 32.96706652902017, 0.0], [74.98469470928123, 32.963290139149336, 0.0], [74.98471175470213, 32.96286006875509, 0.0], [74.9846252052113, 32.962783425164, 0.0], [74.98392235397534, 32.9621610185262, 0.0], [74.98207672947743, 32.96052658237805, 0.0], [74.97998868992549, 32.958691404607556, 0.0], [74.97819289326611, 32.95506584935351, 0.0], [74.97810042022108, 32.95176737157455, 0.0], [74.97722922900118, 32.94875353932879, 0.0], [74.97450873463961, 32.94779304398221, 0.0], [74.97251710275701, 32.94542147621759, 0.0], [74.97084846105021, 32.94308614215426, 0.0], [74.97139380453532, 32.94027635465389, 0.0], [74.97308388052215, 32.937254246338206, 0.0], [74.9746849999035, 32.93391519617643, 0.0], [74.97773201443655, 32.929839801222165, 0.0], [74.97863460498328, 32.92702960788965, 0.0], [74.97952057040548, 32.924115742621396, 0.0], [74.98250177593026, 32.92150116562825, 0.0], [74.98506985141888, 32.91860037738131, 0.0], [74.98927176576217, 32.915313720846115, 0.0], [74.99233652052067, 32.911710674292074, 0.0], [74.99620461604476, 32.90947563127001, 0.0], [75.00054863627444, 32.90614777036146, 0.0], [75.00441616229766, 32.9026609222454, 0.0], [75.00836898254447, 32.89848254859871, 0.0], [75.01092674046244, 32.8959549390046, 0.0], [75.01202835551821, 32.89298917876484, 0.0], [75.0151839796483, 32.890928044031405, 0.0], [75.01903131146004, 32.88893565342052, 0.0], [75.02267692703427, 32.88666180379193, 0.0], [75.02619102642727, 32.88389018899265, 0.0], [75.02921252450975, 32.88015651067196, 0.0], [75.03199100719094, 32.87654234667148, 0.0], [75.03409844617836, 32.874211928423094, 0.0], [75.03796205200362, 32.87235236002373, 0.0], [75.04190955750464, 32.87127476678978, 0.0], [75.04547028348246, 32.86929194623543, 0.0], [75.05036341172513, 32.86651210880533, 0.0], [75.05482693485936, 32.865708151988976, 0.0], [75.05850635768934, 32.86244598480806, 0.0], [75.06201162209157, 32.85891339544489, 0.0], [75.06539462387607, 32.85636807692591, 0.0], [75.06765677940557, 32.85419906434409, 0.0], [75.0703135603634, 32.85230403434964, 0.0], [75.07379310493842, 32.850699055188706, 0.0], [75.07631620964969, 32.84798931863421, 0.0], [75.08012485664372, 32.84555701187024, 0.0], [75.08312020497334, 32.843820036030095, 0.0], [75.0860383776694, 32.84232415528299, 0.0], [75.08881651326325, 32.84084869900881, 0.0], [75.09241227352469, 32.83893887198146, 0.0], [75.09561125516862, 32.83686184535315, 0.0], [75.09912651035954, 32.83427409875497, 0.0], [75.10209618975512, 32.833182832275135, 0.0], [75.10518985915337, 32.83206758299346, 0.0], [75.10924824144337, 32.82989791022695, 0.0], [75.114014863244, 32.826744306759515, 0.0], [75.1162267452277, 32.82231061320223, 0.0], [75.11958057365547, 32.820080141112626, 0.0], [75.12282242288266, 32.818643656731965, 0.0], [75.12598633146904, 32.817142729966875, 0.0], [75.12939577859325, 32.815164375641515, 0.0], [75.13152939254411, 32.81204821373476, 0.0], [75.13057770972037, 32.80760509125529, 0.0], [75.12891741335008, 32.8031920130444, 0.0], [75.12824636386645, 32.79854782619128, 0.0], [75.13070694892629, 32.79642351277782, 0.0], [75.13078793439904, 32.79551764024935, 0.0], [75.13089434744688, 32.79432732641555, 0.0], [75.1350814680201, 32.79266086231252, 0.0], [75.14030774170172, 32.79218988131322, 0.0], [75.1432820162293, 32.791218596579576, 0.0], [75.14712113087893, 32.7901329236195, 0.0], [75.15277559050504, 32.78735144943648, 0.0], [75.15684503941458, 32.78831781683314, 0.0], [75.15759340265812, 32.78444837500454, 0.0], [75.15863538378748, 32.78092324981334, 0.0], [75.1603427403834, 32.777485398897106, 0.0], [75.16169676086504, 32.77468213837062, 0.0], [75.16545762604098, 32.772141451028354, 0.0], [75.1670217927184, 32.767839892880744, 0.0], [75.1648759077353, 32.76431962813357, 0.0], [75.16146945647388, 32.76277600577368, 0.0], [75.15587340089716, 32.76085908918124, 0.0], [75.15266112581966, 32.75911244321004, 0.0], [75.15103232970752, 32.75868322467267, 0.0], [75.14940354537718, 32.75825398877596, 0.0], [75.14513799420298, 32.75750586206203, 0.0], [75.14136266859313, 32.755130876178434, 0.0], [75.13963103754804, 32.75148462410338, 0.0], [75.13618146271303, 32.75006950764152, 0.0], [75.13285534209128, 32.74951215008644, 0.0], [75.13221631973448, 32.749164513422045, 0.0], [75.13006891827874, 32.74799626355451, 0.0], [75.12625096452307, 32.74804002077458, 0.0], [75.1239998024726, 32.74831560986423, 0.0], [75.12289139462578, 32.748451290604, 0.0], [75.11864013796573, 32.7503831073081, 0.0], [75.11767779124762, 32.754653029138616, 0.0], [75.11369457210463, 32.757546179384605, 0.0], [75.11065794099393, 32.75800792876653, 0.0], [75.10758003843945, 32.75475307540819, 0.0], [75.10915133904874, 32.75185408131934, 0.0], [75.11143676210439, 32.74988341796599, 0.0], [75.11406604719714, 32.74684103309711, 0.0], [75.11586437995051, 32.744049500001104, 0.0], [75.11676434428338, 32.74265243121671, 0.0], [75.1127520831558, 32.74187755668113, 0.0], [75.10944711141032, 32.7393684918766, 0.0], [75.1073382233266, 32.7370847720934, 0.0], [75.1048834595629, 32.73469804501468, 0.0], [75.10234663890867, 32.732710567978245, 0.0], [75.09812177855471, 32.73118110506931, 0.0], [75.09640052054866, 32.728834751072974, 0.0], [75.09468718131313, 32.726377718372625, 0.0], [75.09310391265745, 32.7236443298098, 0.0], [75.09162328646093, 32.72231150552125, 0.0], [75.09092140478117, 32.72167967165318, 0.0], [75.09090061793962, 32.72166095906525, 0.0], [75.08943947945907, 32.72320440372477, 0.0], [75.08726391944143, 32.72550240386602, 0.0], [75.0855731862553, 32.72879059286667, 0.0], [75.08227201264573, 32.73370059800051, 0.0], [75.07886163078778, 32.732679533334526, 0.0], [75.07601224925202, 32.73330894940124, 0.0], [75.07306380646655, 32.73365810935295, 0.0], [75.07043191502429, 32.735411270279705, 0.0], [75.06735647908573, 32.73707178502399, 0.0], [75.06375852047728, 32.738757504244, 0.0], [75.05828782398588, 32.74107802611522, 0.0], [75.05374370171367, 32.74198034693389, 0.0], [75.04949868645409, 32.741070656908185, 0.0], [75.04722785053475, 32.738553876026884, 0.0], [75.04701804376296, 32.7352451493467, 0.0], [75.04501806011707, 32.731940460633986, 0.0], [75.04126230425125, 32.7299883489851, 0.0], [75.03733798498085, 32.73242037831502, 0.0], [75.03347292509326, 32.73355614155679, 0.0], [75.02918858682803, 32.732154077068316, 0.0], [75.02609979418088, 32.731307614073536, 0.0], [75.02269877014565, 32.73338826535485, 0.0], [75.01921118009369, 32.734120390366066, 0.0], [75.01511970904531, 32.73213025299629, 0.0], [75.01139288348632, 32.73213913733753, 0.0], [75.00997466803886, 32.72974348078005, 0.0], [75.01041048367371, 32.7258940300114, 0.0], [75.00911826039017, 32.72316660576393, 0.0], [75.00530921132173, 32.72298601794728, 0.0], [75.00153695603437, 32.721674305662795, 0.0], [74.99892081253358, 32.720563434640454, 0.0], [74.99798980676334, 32.71760094129326, 0.0], [74.99582607673818, 32.71648517594555, 0.0], [74.99489699193711, 32.716006061763636, 0.0], [74.99238823474431, 32.7133671353344, 0.0], [74.99084056531856, 32.71083700667687, 0.0], [74.98769253888032, 32.7096030518883, 0.0], [74.98411161070467, 32.7103997265925, 0.0], [74.98176537582897, 32.712087982227125, 0.0], [74.97823177178914, 32.71247230310247, 0.0], [74.97362812755533, 32.71255384715016, 0.0], [74.9692404552673, 32.71265865535333, 0.0], [74.96651159463138, 32.711300468034196, 0.0], [74.96674371149929, 32.707333053372636, 0.0], [74.96531257621754, 32.703285049109105, 0.0], [74.96228007609251, 32.70206681843232, 0.0], [74.95973030849959, 32.70003266401361, 0.0], [74.9571132733376, 32.69704835774781, 0.0], [74.95731411696819, 32.69366784333515, 0.0], [74.95755280525655, 32.69034633728139, 0.0], [74.95682559805103, 32.686888091379096, 0.0], [74.95487785062042, 32.684750166723255, 0.0], [74.9511926786717, 32.68215809530499, 0.0], [74.9478900601324, 32.679795916071846, 0.0], [74.94408441440967, 32.677986729891636, 0.0], [74.94117828292912, 32.67723029813621, 0.0], [74.93759272849859, 32.67581341577269, 0.0], [74.93259592253894, 32.6737761876865, 0.0], [74.9283204554893, 32.672164898568575, 0.0], [74.9289775172526, 32.66893215517972, 0.0], [74.92266111014793, 32.66445521216325, 0.0], [74.91801853604056, 32.66241279399812, 0.0], [74.914590742682, 32.660771628708034, 0.0], [74.91098830746589, 32.65804319614121, 0.0], [74.90987065218714, 32.657027360497196, 0.0], [74.90795422363601, 32.655285457233646, 0.0], [74.90347943524303, 32.653745695130276, 0.0], [74.8980729157748, 32.653081956671535, 0.0], [74.89628672100699, 32.65054876426904, 0.0], [74.89579567658006, 32.646214861584916, 0.0], [74.89543668289006, 32.641700194683004, 0.0], [74.89600572916669, 32.63886755308476, 0.0], [74.89385358254573, 32.63668840077975, 0.0], [74.89134807637811, 32.634844150929815, 0.0], [74.89181823452236, 32.63138128592903, 0.0], [74.88954972544141, 32.62927561360307, 0.0], [74.88700742017522, 32.625880972422024, 0.0], [74.88522033768874, 32.62125573599403, 0.0], [74.8817239698496, 32.62015348161715, 0.0], [74.87762574403139, 32.62116926021607, 0.0], [74.87369225505057, 32.62050512932649, 0.0], [74.87063459375018, 32.620362187176084, 0.0], [74.8749645498009, 32.6153519993786, 0.0], [74.87861459328107, 32.613738920300726, 0.0], [74.88129842465798, 32.61189027664487, 0.0], [74.88465295752032, 32.6101124910423, 0.0], [74.8882213418621, 32.60925079493006, 0.0], [74.89148113376335, 32.61180211539404, 0.0], [74.8938363685548, 32.614887203158666, 0.0], [74.89642276093635, 32.61852677167398, 0.0], [74.90186125559131, 32.621481868652815, 0.0], [74.90507981290244, 32.623340934600726, 0.0], [74.908714145837, 32.62672620334576, 0.0], [74.91233139086654, 32.624522537054375, 0.0], [74.91470949995322, 32.62289865058166, 0.0], [74.91707628680383, 32.62130202869626, 0.0], [74.92350116581136, 32.61722358719721, 0.0], [74.92678708945024, 32.612814909084825, 0.0], [74.92368731411099, 32.60939874278959, 0.0], [74.92084962112678, 32.60724919008345, 0.0], [74.92036702977252, 32.60362956964767, 0.0], [74.9243045701165, 32.60262481423874, 0.0], [74.92725125306791, 32.59886995822357, 0.0], [74.93034103066285, 32.59492061980555, 0.0], [74.9343191495114, 32.59346322174475, 0.0], [74.93838028946521, 32.59175931596348, 0.0], [74.94152699079673, 32.59335467993056, 0.0], [74.94387198158458, 32.59504369938413, 0.0], [74.9463706655167, 32.59658647974358, 0.0], [74.94925352754375, 32.594218183274116, 0.0], [74.94648453617982, 32.5911071475873, 0.0], [74.94322676787768, 32.58885922424675, 0.0], [74.94303606815232, 32.588694924152485, 0.0], [74.94028388196527, 32.586323645161784, 0.0], [74.94420182375637, 32.58597937530502, 0.0], [74.9469771187633, 32.582151026857034, 0.0], [74.94803959612081, 32.576467718146134, 0.0], [74.94792017698754, 32.5732339709794, 0.0], [74.94763746732907, 32.5697722561644, 0.0], [74.94528098439437, 32.56796300206135, 0.0], [74.94158629092269, 32.56722856157118, 0.0], [74.93855958947451, 32.56529747260887, 0.0], [74.93501087457332, 32.5636703906568, 0.0], [74.9326212580001, 32.55961179902454, 0.0], [74.93040279014018, 32.5550998541435, 0.0], [74.9287141064988, 32.552482736368724, 0.0], [74.92622402114138, 32.55094464280187, 0.0], [74.92328397945074, 32.550244524732584, 0.0], [74.91871570717706, 32.54879716078035, 0.0], [74.91337490678535, 32.54818670580159, 0.0], [74.90854563363935, 32.550584933434926, 0.0], [74.90526498149771, 32.55087662836909, 0.0], [74.90219606875452, 32.54961399571883, 0.0], [74.903049426397, 32.54528794943448, 0.0], [74.9054232866239, 32.541519067796266, 0.0], [74.90536465269076, 32.53766892430084, 0.0], [74.90821206450035, 32.534514320891894, 0.0], [74.90680047750055, 32.53122196988393, 0.0], [74.90384465024607, 32.528512037858846, 0.0], [74.90009857447319, 32.52626162477603, 0.0], [74.89707939931688, 32.528243740660415, 0.0], [74.89287858867836, 32.53139453119717, 0.0], [74.88998910850735, 32.52969155885991, 0.0], [74.88697313317698, 32.52829689595779, 0.0], [74.88450080382916, 32.52462188730886, 0.0], [74.88439789479068, 32.52003719668455, 0.0], [74.88543429230847, 32.51766542161581, 0.0], [74.88647064757156, 32.51529362399059, 0.0], [74.89013381918063, 32.51100809113642, 0.0], [74.88843488376371, 32.50728109311958, 0.0], [74.88613526941367, 32.50409536489885, 0.0], [74.88345287793896, 32.500580850424214, 0.0], [74.88134036339264, 32.497316766146874, 0.0], [74.87960490018341, 32.49266922155689, 0.0], [74.87947723858079, 32.49229760149205, 0.0], [74.87899994004118, 32.49243309092027, 0.0], [74.87798843482429, 32.49274850911823, 0.0], [74.87728132046276, 32.49296900367551, 0.0], [74.87586127251878, 32.4919939327111, 0.0], [74.87285829675118, 32.48926306193753, 0.0], [74.87183073392218, 32.48800328025942, 0.0], [74.87074333525807, 32.485957169677555, 0.0], [74.86826936674629, 32.48609244816389, 0.0], [74.86528662256818, 32.486343214287636, 0.0], [74.86301537846975, 32.487783293506006, 0.0], [74.86182806961229, 32.489865988804546, 0.0], [74.85863867824575, 32.492847567315906, 0.0], [74.85751796038961, 32.49308420626139, 0.0], [74.85497740858226, 32.49234552704121, 0.0], [74.85360098080868, 32.49057825308728, 0.0], [74.8515060473585, 32.490253857768266, 0.0], [74.85058488782255, 32.49039182109635, 0.0], [74.84873292806671, 32.48917681637668, 0.0], [74.84707690594772, 32.48917934989487, 0.0], [74.84570658890284, 32.49021906832163, 0.0], [74.84400046805483, 32.49092613850931, 0.0], [74.84142323261567, 32.49106650489675, 0.0], [74.84013604552294, 32.491838438903216, 0.0], [74.839583721023, 32.49274581661516, 0.0], [74.83774414148758, 32.49442510217585, 0.0], [74.83552240468907, 32.49516010848275, 0.0], [74.83301505263482, 32.49485784100813, 0.0], [74.82823303048633, 32.49459143294068, 0.0], [74.82423216098265, 32.49507199096556, 0.0], [74.82210018478581, 32.49562641887818, 0.0], [74.82105198298214, 32.4968238181155, 0.0], [74.8198940519194, 32.497939431743475, 0.0], [74.81875336357054, 32.497913610469716, 0.0], [74.81814544679753, 32.49671838296429, 0.0], [74.81703935868907, 32.494409696078584, 0.0], [74.81520012215489, 32.48924569236369, 0.0], [74.81377174783199, 32.486779006276656, 0.0], [74.81330418387482, 32.48469885190891, 0.0], [74.81292408632454, 32.481034818064614, 0.0], [74.81281856446722, 32.479636864675186, 0.0], [74.8110601442554, 32.47997414346623, 0.0], [74.81026797291169, 32.48012608153808, 0.0], [74.8070023856762, 32.48074171861346, 0.0], [74.80276521518076, 32.48219944727732, 0.0], [74.80049741143108, 32.48232222802506, 0.0], [74.80042499548847, 32.481361129806096, 0.0], [74.79985468700083, 32.47928650308549, 0.0], [74.79953663242127, 32.477812324446866, 0.0], [74.79767903626357, 32.476509193581805, 0.0], [74.79477318057533, 32.4764032187487, 0.0], [74.79183000104656, 32.47717648229089, 0.0], [74.78883419645847, 32.47725068918298, 0.0], [74.78446097942383, 32.478276505381174, 0.0], [74.78102194603439, 32.4793394704263, 0.0], [74.77825190774867, 32.4796644174201, 0.0], [74.77650609743164, 32.4798463311583, 0.0], [74.77367229026486, 32.48070098224166, 0.0], [74.77112801229323, 32.481276779302476, 0.0], [74.76831856459756, 32.48107726291417, 0.0], [74.7677059583731, 32.48095864579282, 0.0], [74.76548293210017, 32.4805281865225, 0.0], [74.76208775837026, 32.4807987106819, 0.0], [74.75800369155182, 32.48154483645589, 0.0], [74.75462807312027, 32.48207728442316, 0.0], [74.75305262194435, 32.479003823220026, 0.0], [74.75155066143071, 32.47829501374641, 0.0], [74.75023675186122, 32.47871652788157, 0.0], [74.7485301014539, 32.479422304066624, 0.0], [74.7453853970784, 32.478889387080045, 0.0], [74.74050139715224, 32.478625179056145, 0.0], [74.73815660970195, 32.4791018718855, 0.0], [74.73780298169777, 32.4799103707499, 0.0], [74.73662902169953, 32.48009920527764, 0.0], [74.73661698243004, 32.48010114175714, 0.0], [74.73657576413673, 32.48010777063363, 0.0], [74.73620774432818, 32.480166966415624, 0.0], [74.73534854239865, 32.480305164072384, 0.0], [74.73102552668098, 32.480624586298056, 0.0], [74.72834532787127, 32.48076816048438, 0.0], [74.72826716602215, 32.47971964191252, 0.0], [74.72795566564913, 32.47692911510079, 0.0], [74.72745868315732, 32.47581530125457, 0.0], [74.72387693885153, 32.47635796471105, 0.0], [74.72162218920779, 32.476654079085186, 0.0], [74.71899412623156, 32.47749646698715, 0.0], [74.71676533962406, 32.47814200246327, 0.0], [74.71627498971897, 32.47711552172121, 0.0], [74.71552091603387, 32.47671721104971, 0.0], [74.71449660602313, 32.476859688873084, 0.0], [74.7144954934936, 32.476865247586076, 0.0], [74.71419477282987, 32.478367138915964, 0.0], [74.71419358518996, 32.478367458781214, 0.0], [74.71338310776328, 32.478585965526165, 0.0], [74.71117937618486, 32.47817736576622, 0.0], [74.71118028627214, 32.47818367409719, 0.0], [74.71139290800383, 32.47965727403676, 0.0], [74.71221934406469, 32.48242030351263, 0.0], [74.71340709923099, 32.48586581781652, 0.0], [74.7136726821791, 32.48804473742302, 0.0], [74.71367028040706, 32.488049364935925, 0.0], [74.7123147291021, 32.4906612997332, 0.0], [74.711811047788, 32.49112349137003, 0.0], [74.71124888140244, 32.49163934243368, 0.0], [74.7101830217249, 32.49261737302168, 0.0], [74.70843032997988, 32.49271096476215, 0.0], [74.70570428856605, 32.492242413456424, 0.0], [74.7036740052784, 32.49138579088211, 0.0], [74.70332002249168, 32.492194190862804, 0.0], [74.7010972495303, 32.49292682466268, 0.0], [74.70025808180375, 32.489988970758, 0.0], [74.69807358739864, 32.48984227421745, 0.0], [74.69608232739128, 32.48950979600515, 0.0], [74.69594618911756, 32.48767485805474, 0.0], [74.69459947705971, 32.48765889951358, 0.0], [74.69358089855615, 32.48648504132874, 0.0], [74.69027542603574, 32.48657337797078, 0.0], [74.68791721780177, 32.48687437817563, 0.0], [74.68618450953404, 32.48863333698504, 0.0], [74.68449703734923, 32.491003922104014, 0.0], [74.68272536337088, 32.49223856155969, 0.0], [74.68210070317662, 32.49358762366489, 0.0], [74.68210087209243, 32.49358807407015, 0.0], [74.68313258212882, 32.49633987175485, 0.0], [74.68481553895748, 32.499496093197436, 0.0], [74.68554517349311, 32.50375569230252, 0.0], [74.6856556977185, 32.5066446623635, 0.0], [74.68565329683516, 32.50664696975066, 0.0], [74.68439932331339, 32.50785189169884, 0.0], [74.68256949673184, 32.509703658308275, 0.0], [74.68256973186531, 32.50970684074244, 0.0], [74.68277658494026, 32.51249976738132, 0.0], [74.68423415502298, 32.515404819338656, 0.0], [74.68819983540297, 32.52001859163511, 0.0], [74.6907344131883, 32.52348032584985, 0.0], [74.69072902795457, 32.52620001749591, 0.0], [74.69085918702389, 32.529351105721915, 0.0], [74.69060917597578, 32.53296104174402, 0.0], [74.69060713659374, 32.53296342246282, 0.0], [74.68997551710277, 32.533700817102314, 0.0], [74.6887984039124, 32.53507502472202, 0.0], [74.6861035685376, 32.53504294149397, 0.0], [74.68249980922623, 32.53532228705476, 0.0], [74.67979240501346, 32.53651884432455, 0.0], [74.67796352353629, 32.53750486786469, 0.0], [74.67690449505642, 32.53807581456267, 0.0], [74.67617941230047, 32.53828029631994, 0.0], [74.67503335855787, 32.53860348926926, 0.0], [74.67485927872771, 32.53865257965969, 0.0], [74.6734554568708, 32.539048449164056, 0.0], [74.66535170528809, 32.54289949665239, 0.0], [74.6641264775612, 32.54370440424791, 0.0], [74.66378561310327, 32.54392832980556, 0.0], [74.66336612178253, 32.54420390585181, 0.0], [74.66288244365893, 32.54452164465973, 0.0], [74.66238570230682, 32.54555984105267, 0.0], [74.66180584687027, 32.54677171978274, 0.0], [74.66180581211168, 32.546772760486334, 0.0], [74.66170932898751, 32.54967162322139, 0.0], [74.6627413408541, 32.55382754071548, 0.0], [74.66726798475543, 32.55341214788714, 0.0], [74.6732713003183, 32.55335683127377, 0.0], [74.6744902466594, 32.55443251000804, 0.0], [74.67434268846016, 32.55803692094018, 0.0], [74.67433063212684, 32.56207274308344, 0.0], [74.67427977135877, 32.5655842936829, 0.0], [74.67383526673359, 32.56797635902694, 0.0], [74.67383394218807, 32.56797697896182, 0.0], [74.67193288590643, 32.56886679436742, 0.0], [74.66934023703861, 32.568828877175086, 0.0], [74.66750203172332, 32.56778597994542, 0.0], [74.6654252005159, 32.566317102570196, 0.0], [74.66272932873338, 32.564880993925556, 0.0], [74.66025289052187, 32.565012180266265, 0.0], [74.65771838404179, 32.56435690752592, 0.0], [74.65564824010637, 32.56297524677289, 0.0], [74.65253985126071, 32.562964289447855, 0.0], [74.65253836995828, 32.562970009329554, 0.0], [74.65173360381523, 32.56607714386088, 0.0], [74.65211396439163, 32.56982898817801, 0.0], [74.65257821026927, 32.57331323222984, 0.0], [74.65402931863733, 32.57753474741715, 0.0], [74.65468718635239, 32.58083330120319, 0.0], [74.65468468841618, 32.58083789365508, 0.0], [74.65404859637053, 32.58200744756077, 0.0], [74.6518812915949, 32.58212208845946, 0.0], [74.64983007593256, 32.58240599271737, 0.0], [74.6486430496302, 32.58457401748995, 0.0], [74.64864315108183, 32.58457539635709, 0.0], [74.64889436933628, 32.587981799075145, 0.0], [74.65015861185043, 32.589669357959096, 0.0], [74.65237768266479, 32.590253776532975, 0.0], [74.65389362562946, 32.59113851311445, 0.0], [74.65711267852618, 32.59263487089173, 0.0], [74.65829973682656, 32.59467732297497, 0.0], [74.65877075264574, 32.596845390461716, 0.0], [74.65876788841202, 32.59684839167221, 0.0], [74.65771275640144, 32.59795402721043, 0.0], [74.65429992585285, 32.59945039740213, 0.0], [74.65223542711614, 32.599559583404584, 0.0], [74.65097100702019, 32.59787204878194, 0.0], [74.64886142482163, 32.59736952871571, 0.0], [74.64681629674683, 32.59774076253256, 0.0], [74.64681550075242, 32.59774621092387, 0.0], [74.64660971196676, 32.59915518633533, 0.0], [74.64660823920546, 32.599155410050464, 0.0], [74.64394518009978, 32.59955909628466, 0.0], [74.64184182442216, 32.600547353835225, 0.0], [74.64184126406023, 32.60055226481507, 0.0], [74.64158987069881, 32.60275363088822, 0.0], [74.64158818316795, 32.60275420790012, 0.0], [74.63946710517428, 32.60347971104074, 0.0], [74.63946765027539, 32.60348446290743, 0.0], [74.63975699700016, 32.6060082579595, 0.0], [74.64033730029625, 32.60825832125166, 0.0], [74.6397948847486, 32.61074307358861, 0.0], [74.63933705606989, 32.61213789684706, 0.0], [74.63903308427767, 32.61306395988955, 0.0], [74.63903939270611, 32.61385309529339, 0.0], [74.63904570117718, 32.61464222980695, 0.0], [74.64085233894727, 32.615248639702926, 0.0], [74.64209448195278, 32.615226932585806, 0.0], [74.64333662562004, 32.61520521532541, 0.0], [74.6464145929276, 32.61477950588506, 0.0], [74.64774385699076, 32.6145338423036, 0.0], [74.64907311665017, 32.61428816796845, 0.0], [74.65249944853285, 32.61437021242301, 0.0], [74.65494498268814, 32.61520580078401, 0.0], [74.65537408433406, 32.61610415887138, 0.0], [74.6558031934374, 32.61700251537257, 0.0], [74.65555153705368, 32.619208813003866, 0.0], [74.65544828762384, 32.62202129450305, 0.0], [74.65523210275376, 32.6233046594262, 0.0], [74.65501591199352, 32.62458802290563, 0.0], [74.65602265546481, 32.62839442619794, 0.0], [74.65619072749386, 32.62874623756763, 0.0], [74.65678575193455, 32.62999173016037, 0.0], [74.65700363875925, 32.63044779888229, 0.0], [74.65699861582517, 32.63044776133792, 0.0], [74.65555154261816, 32.6304368862652, 0.0], [74.65423849278385, 32.63069418208556, 0.0], [74.65309909947517, 32.630917440826835, 0.0], [74.65310611114076, 32.630921337515716, 0.0], [74.65383304175789, 32.63132531259683, 0.0], [74.65439630389514, 32.63163832737645, 0.0], [74.65603558800294, 32.63277970363997, 0.0], [74.65605496027233, 32.63444534446448, 0.0], [74.65605266016651, 32.63444880917931, 0.0], [74.65559209465151, 32.635142442037555, 0.0], [74.65531042729786, 32.63556664144487, 0.0], [74.6550287579805, 32.63599083894643, 0.0], [74.65502891061949, 32.63599290057585, 0.0], [74.65509975040004, 32.636951995477105, 0.0], [74.65735872394913, 32.636657083215475, 0.0], [74.65825480576032, 32.636199152303206, 0.0], [74.6596563671154, 32.63548288806555, 0.0], [74.66232188935477, 32.63507864982819, 0.0], [74.66301572797707, 32.63534893577008, 0.0], [74.66370956763915, 32.635619217632104, 0.0], [74.66521010077822, 32.63698693608034, 0.0], [74.66571055576237, 32.637443083170716, 0.0], [74.6667465544821, 32.63813382572252, 0.0], [74.66778256206796, 32.63882455852707, 0.0], [74.66809178582425, 32.638839459605805, 0.0], [74.66859508092489, 32.63886371130967, 0.0], [74.67038369064934, 32.638949884343816, 0.0], [74.67046778652083, 32.64008578498153, 0.0], [74.67055188383242, 32.6412216854724, 0.0], [74.67109522816087, 32.64427785287519, 0.0], [74.67109525125741, 32.644277985510676, 0.0], [74.67126258021182, 32.6452191274333, 0.0], [74.6722657500561, 32.645833216227494, 0.0], [74.67495522449715, 32.647479507815184, 0.0], [74.67809313698555, 32.650646422041774, 0.0], [74.68072093270806, 32.652524539847015, 0.0], [74.68532330709405, 32.65166614320832, 0.0], [74.68778262732934, 32.65127233852802, 0.0], [74.68832498743419, 32.651594403131426, 0.0], [74.6888673494368, 32.65191646472521, 0.0], [74.69014083338557, 32.65301242978571, 0.0], [74.69174740713096, 32.65439500688893, 0.0], [74.69200295724303, 32.65492925007694, 0.0], [74.69201683001646, 32.65495825278409, 0.0], [74.69346607558334, 32.657987898970646, 0.0], [74.69451037807212, 32.6599143279248, 0.0], [74.69506767849873, 32.66094235193621, 0.0], [74.6952686915331, 32.661313144804616, 0.0], [74.69552469562339, 32.662335125030886, 0.0], [74.6956373370315, 32.662784789876135, 0.0], [74.6960059934986, 32.66425643426764, 0.0], [74.69600334451712, 32.664260647591895, 0.0], [74.69560190481289, 32.66489901735365, 0.0], [74.69557188428762, 32.66494675642125, 0.0], [74.69526405282876, 32.66543626359101, 0.0], [74.69433312466596, 32.66545291499419, 0.0], [74.69423051877057, 32.66545474966003, 0.0], [74.69277840856559, 32.66548071151376, 0.0], [74.69117756465548, 32.66626757012942, 0.0], [74.68817590770551, 32.66774287542253, 0.0], [74.68255268351973, 32.668830961920655, 0.0], [74.68255243402749, 32.66883628579641, 0.0], [74.68239229224585, 32.67226055042081, 0.0], [74.68239028081278, 32.672260657177766, 0.0], [74.6815497021009, 32.67230526584319, 0.0], [74.68098911005326, 32.67233501360132, 0.0], [74.67836333227831, 32.67247432684188, 0.0], [74.67541923506764, 32.67333221410571, 0.0], [74.67053161800008, 32.67455617216261, 0.0], [74.66695457511919, 32.6752719471484, 0.0], [74.66510821018335, 32.67835214358733, 0.0], [74.66275805694865, 32.68163439893544, 0.0], [74.66185414463467, 32.68343659753601, 0.0], [74.66185422015282, 32.683437624084156, 0.0], [74.66195756561203, 32.68483462308289, 0.0], [74.66135711337564, 32.68653304058267, 0.0], [74.66135680162348, 32.68653320521614, 0.0], [74.66005913512448, 32.687215727010326, 0.0], [74.65951413664268, 32.687775879044125, 0.0], [74.65949022349386, 32.68780045766076, 0.0], [74.65870949872908, 32.6886028757309, 0.0], [74.6562490567453, 32.691803090445724, 0.0], [74.6553427709352, 32.69334993994425, 0.0], [74.65449886301346, 32.69479028086893, 0.0], [74.65349777417471, 32.696685252207686, 0.0], [74.65349799782254, 32.69668623618358, 0.0], [74.6542662907851, 32.700065645994115, 0.0], [74.6558034792759, 32.702615956772966, 0.0], [74.65788982870878, 32.70697930015322, 0.0], [74.65812245348215, 32.71012484753772, 0.0], [74.65779954690062, 32.71277345066489, 0.0], [74.65796756017876, 32.71504523355717, 0.0], [74.65910214699363, 32.71706707538127, 0.0], [74.65940175012813, 32.71760095495882, 0.0], [74.6616177555762, 32.720904780525935, 0.0], [74.66371115025915, 32.7239519070448, 0.0], [74.66363378340816, 32.725710356015036, 0.0], [74.6636316907169, 32.72571191865611, 0.0], [74.6618636763739, 32.727032022497475, 0.0], [74.65876902117921, 32.727283346211564, 0.0], [74.65591339695821, 32.72796055257772, 0.0], [74.65591831133743, 32.72796456156226, 0.0], [74.65944755023548, 32.73084390159971, 0.0], [74.66181253237045, 32.73475388059115, 0.0], [74.66324079649621, 32.738625645250025, 0.0], [74.66457226655153, 32.74259023552705, 0.0], [74.66508211682607, 32.743332158611324, 0.0], [74.66530863848776, 32.7436617846349, 0.0], [74.66643359140387, 32.745298736485644, 0.0], [74.67006590535169, 32.74949240142493, 0.0], [74.67021936229047, 32.7496745378549, 0.0], [74.67072074711149, 32.75026962419032, 0.0], [74.67268372457873, 32.75259936752296, 0.0], [74.67490755982355, 32.755990308444595, 0.0], [74.67706739310583, 32.76131439988046, 0.0], [74.67765645835969, 32.765055055751006, 0.0], [74.67679124379951, 32.768785036606964, 0.0], [74.67842104841964, 32.77255826761477, 0.0], [74.68182869791416, 32.77650040566531, 0.0], [74.68347183705255, 32.78044831170272, 0.0], [74.6841582355638, 32.784096061443314, 0.0], [74.68718529656242, 32.788496847794526, 0.0], [74.68979940953574, 32.794322968305664, 0.0], [74.69142372104683, 32.798008634713284, 0.0], [74.69427660825016, 32.80145362702573, 0.0], [74.69620510001994, 32.80503537415481, 0.0], [74.69748759984559, 32.80970402484555, 0.0], [74.70090399990328, 32.81373298244609, 0.0], [74.70395166247293, 32.81699200166083, 0.0], [74.70502049303687, 32.820180744067365, 0.0], [74.70518052713444, 32.82232673686834, 0.0], [74.70522899398611, 32.822976632109906, 0.0], [74.70543750587576, 32.82577251952962, 0.0], [74.70470892296082, 32.82993399046115, 0.0], [74.7046728940058, 32.83502353217976, 0.0], [74.70446168402124, 32.83915748495894, 0.0], [74.70461769579313, 32.84055267189357, 0.0], [74.7047634302589, 32.84185592272422, 0.0], [74.70477371094209, 32.84194785926658, 0.0], [74.70477071539194, 32.841947148728444, 0.0], [74.7039347100677, 32.84174894309034, 0.0], [74.70279884206074, 32.841479635133226, 0.0], [74.70265810917063, 32.8414462680542, 0.0], [74.6995010295312, 32.84091224367152, 0.0], [74.69668702725875, 32.840798514508194, 0.0], [74.6956129907461, 32.84032922711182, 0.0], [74.69286940254223, 32.838369620760844, 0.0], [74.69020395868844, 32.837458418079926, 0.0], [74.6895189616679, 32.837398987798906, 0.0], [74.68863527359956, 32.8373223146834, 0.0], [74.68706659094441, 32.83718619826897, 0.0], [74.68350226994708, 32.83676109160237, 0.0], [74.68152896036993, 32.83537445480345, 0.0], [74.67951676187066, 32.83346355147769, 0.0], [74.6768256445769, 32.832202574761716, 0.0], [74.67418620005431, 32.83023708136398, 0.0], [74.67254957505989, 32.829183363978046, 0.0], [74.67232937072225, 32.82761612459289, 0.0], [74.671275067139, 32.82740874724837, 0.0], [74.67005246361089, 32.82633310174473, 0.0], [74.66787910471648, 32.82504456753361, 0.0], [74.66559600582944, 32.82507753548185, 0.0], [74.66348114492959, 32.82597873124988, 0.0], [74.66145039590204, 32.82801574903286, 0.0], [74.65943897298119, 32.83031485370807, 0.0], [74.65943798124296, 32.83031909670963, 0.0], [74.65904448585763, 32.83200227279355, 0.0], [74.65904346766219, 32.832002597480205, 0.0], [74.65901987893206, 32.83201011527894, 0.0], [74.65772498095404, 32.832422790238546, 0.0], [74.65562280258729, 32.8320951582617, 0.0], [74.65393400990791, 32.83030704025923, 0.0], [74.65366709473193, 32.83002441953187, 0.0], [74.65325549743895, 32.82958859898686, 0.0], [74.65066842589366, 32.82691816127315, 0.0], [74.64746061109058, 32.82428039471132, 0.0], [74.64276552922809, 32.821194612289624, 0.0], [74.64052170345738, 32.81894448260018, 0.0], [74.63905417964706, 32.81595173369842, 0.0], [74.637218014929, 32.81359237607736, 0.0], [74.63521368973305, 32.8117681326382, 0.0], [74.6344965053429, 32.8090867152904, 0.0], [74.63462626522922, 32.80662657416084, 0.0], [74.63462640767067, 32.806623870221806, 0.0], [74.635661350943, 32.805165976172034, 0.0], [74.63642499529497, 32.80402819609357, 0.0], [74.63653548088394, 32.803863576556324, 0.0], [74.63706496249779, 32.80307466255398, 0.0], [74.64182471409205, 32.79861370545122, 0.0], [74.64385478900432, 32.796828866200244, 0.0], [74.6443004036499, 32.79643707093744, 0.0], [74.64543299136531, 32.79544125276028, 0.0], [74.64963576176312, 32.79328991601917, 0.0], [74.6535344621779, 32.791242192195995, 0.0], [74.65661837899965, 32.789412793367276, 0.0], [74.65835463362536, 32.787657193776006, 0.0], [74.65835744930916, 32.787654347110745, 0.0], [74.65801475224922, 32.78583040428047, 0.0], [74.65754279767246, 32.785065883034676, 0.0], [74.65642169903123, 32.78430727824101, 0.0], [74.65634033016552, 32.78425221770089, 0.0], [74.65529950302898, 32.78281599543341, 0.0], [74.6540130640533, 32.78086643306501, 0.0], [74.65155005718954, 32.7812595667646, 0.0], [74.64970117459653, 32.78153254285824, 0.0], [74.64746449393903, 32.78077334901366, 0.0], [74.64557672476049, 32.78192547183235, 0.0], [74.64292613966212, 32.78259146992528, 0.0], [74.63966804244674, 32.78206139290149, 0.0], [74.63758027820128, 32.780504746818984, 0.0], [74.63491742814774, 32.77818890336195, 0.0], [74.6322933652284, 32.77639725935502, 0.0], [74.6321064189028, 32.77526815032458, 0.0], [74.63210619633747, 32.77526680922946, 0.0], [74.63293099539634, 32.77382500487924, 0.0], [74.63293396792027, 32.77381980940718, 0.0], [74.63128597117235, 32.77259079129028, 0.0], [74.63117004441777, 32.77101801522847, 0.0], [74.63035655149764, 32.768430091003786, 0.0], [74.6303563237915, 32.76842936531463, 0.0], [74.63135225676609, 32.76644723313057, 0.0], [74.6326648319093, 32.764536142959976, 0.0], [74.63489518294433, 32.76240129174315, 0.0], [74.63744210318495, 32.760337438043585, 0.0], [74.63835091336964, 32.75862810398936, 0.0], [74.63835372127832, 32.758622821982144, 0.0], [74.6371388894789, 32.757634215652864, 0.0], [74.63682996920936, 32.75625160621085, 0.0], [74.63682895910732, 32.75624708429669, 0.0], [74.63824196055681, 32.75573484075877, 0.0], [74.63824440460719, 32.755733954578005, 0.0], [74.6381544319939, 32.75310721597357, 0.0], [74.63803841032703, 32.751534438480306, 0.0], [74.63531779277302, 32.75123913984375, 0.0], [74.63425835603184, 32.74954060367168, 0.0], [74.6327911088367, 32.75075814551001, 0.0], [74.630483349821, 32.75324791337427, 0.0], [74.62772322402411, 32.75523512984228, 0.0], [74.62634633333772, 32.7562724029366, 0.0], [74.62398085362605, 32.75657218793333, 0.0], [74.62254550781624, 32.758226493719825, 0.0], [74.62153018155976, 32.759946429134054, 0.0], [74.61919672774636, 32.76068300962713, 0.0], [74.61615923453327, 32.76031621480669, 0.0], [74.61361955549269, 32.75966008154491, 0.0], [74.61347184399112, 32.75765039659213, 0.0], [74.6096007913431, 32.75723947573245, 0.0], [74.60360950452814, 32.7576412661321, 0.0], [74.60013931372673, 32.75703362393298, 0.0], [74.59604872254073, 32.756458360528086, 0.0], [74.59497621560314, 32.755988207975086, 0.0], [74.59263180270462, 32.753742602144946, 0.0], [74.591625341507, 32.75133926815335, 0.0], [74.58991330853961, 32.750639384611596, 0.0], [74.58673982391859, 32.75124386368881, 0.0], [74.58455447050642, 32.75258605376814, 0.0], [74.58238936522119, 32.752786874649445, 0.0], [74.58124028797283, 32.751268052132545, 0.0], [74.58051880228709, 32.74849890970874, 0.0], [74.57964049281834, 32.747843066726546, 0.0], [74.57684232135078, 32.74790142487809, 0.0], [74.57684228804808, 32.74790709102906, 0.0], [74.57683470964797, 32.749217516318424, 0.0], [74.57683245448514, 32.749218901562955, 0.0], [74.57574199217987, 32.7498885311705, 0.0], [74.57402245848041, 32.7505045224335, 0.0], [74.57402550698698, 32.750508325556524, 0.0], [74.57550715727672, 32.7523567434812, 0.0], [74.57659744946264, 32.75449267002754, 0.0], [74.57623367244618, 32.75661676117894, 0.0], [74.57623230025844, 32.756617163924524, 0.0], [74.57369311356949, 32.757363292125774, 0.0], [74.57204362465352, 32.75894043119405, 0.0], [74.5703366543733, 32.75973113119588, 0.0], [74.56766703269984, 32.760133413313845, 0.0], [74.56289085168953, 32.760119076693776, 0.0], [74.56117250301581, 32.75933142563028, 0.0], [74.55881460188228, 32.75831389984072, 0.0], [74.55703748484073, 32.758143236773215, 0.0], [74.554251708153, 32.7583758539585, 0.0], [74.55256052531097, 32.756534138688515, 0.0], [74.5492419612412, 32.753724447867356, 0.0], [74.54702758152764, 32.75182214425315, 0.0], [74.54637800919042, 32.75001662860095, 0.0], [74.5463770632321, 32.750013999549346, 0.0], [74.54831544502025, 32.7481613403582, 0.0], [74.54831796810402, 32.74815892937204, 0.0], [74.54822259619937, 32.74684821218968, 0.0], [74.54695636636217, 32.74656315863992, 0.0], [74.54405307890214, 32.74802963238936, 0.0], [74.54405126095597, 32.74803511011071, 0.0], [74.54337199399879, 32.75008235774292, 0.0], [74.5433430870294, 32.75253977237374, 0.0], [74.543340883467, 32.75253877811873, 0.0], [74.54194797823563, 32.75191051223359, 0.0], [74.54203409409538, 32.750239531005704, 0.0], [74.54212020617196, 32.74856854786195, 0.0], [74.54102902099226, 32.74783579078295, 0.0], [74.53918683952048, 32.74819453093748, 0.0], [74.53852016280416, 32.74901852304662, 0.0], [74.53745255396437, 32.750038732128964, 0.0], [74.53588244834201, 32.749857040714645, 0.0], [74.53509069342932, 32.747529910538255, 0.0], [74.53468531385487, 32.74623526922197, 0.0], [74.5338600068316, 32.744874690914905, 0.0], [74.53185103668677, 32.744364866070754, 0.0], [74.53011228682557, 32.74471811441284, 0.0], [74.52916705150831, 32.745995042750934, 0.0], [74.52704634516647, 32.74680658805713, 0.0], [74.52291028603912, 32.74702074949266, 0.0], [74.51968583450723, 32.746924483659406, 0.0], [74.5195407341772, 32.74677328017286, 0.0], [74.51856320573333, 32.745754618683165, 0.0], [74.51654164822608, 32.74506978587602, 0.0], [74.51467412298234, 32.745078636893986, 0.0], [74.51375554719904, 32.745204517912455, 0.0], [74.51313260652573, 32.74528988242905, 0.0], [74.51159108559021, 32.74550111543167, 0.0], [74.50943003476112, 32.747191538550354, 0.0], [74.50943030350926, 32.74719525319121, 0.0], [74.50955012591156, 32.748851816616856, 0.0], [74.51001836863993, 32.75102036724494, 0.0], [74.51150400324984, 32.75146987108284, 0.0], [74.51288846670323, 32.750521233203195, 0.0], [74.5140702125819, 32.75107412223843, 0.0], [74.51483615121961, 32.753051852850206, 0.0], [74.51483353138794, 32.7530566954515, 0.0], [74.51410375841864, 32.75440535643807, 0.0], [74.51410423963686, 32.75440595973496, 0.0], [74.51524541838943, 32.755837405618195, 0.0], [74.51524244022485, 32.755842246398004, 0.0], [74.51440959623125, 32.75719625593383, 0.0], [74.51440868804085, 32.75719973165195, 0.0], [74.51408449989087, 32.75844099366934, 0.0], [74.5140835769684, 32.758441497086686, 0.0], [74.51248677107307, 32.7593129495826, 0.0], [74.51162558095001, 32.760322250311376, 0.0], [74.51043288745878, 32.76248888859724, 0.0], [74.51043231414889, 32.76249149411052, 0.0], [74.51019849346557, 32.76355350714335, 0.0], [74.5116188567161, 32.76453264665756, 0.0], [74.51161098104461, 32.76453450337286, 0.0], [74.51018990903913, 32.76486958900973, 0.0], [74.5078048570929, 32.76490504744182, 0.0], [74.50664592554813, 32.76610509800495, 0.0], [74.50531403999905, 32.76634926298363, 0.0], [74.5049532262018, 32.76566621220039, 0.0], [74.50509058037483, 32.764694325878686, 0.0], [74.50463266896458, 32.76410399444758, 0.0], [74.50255158740048, 32.764035957703456, 0.0], [74.50254944837816, 32.764041675176614, 0.0], [74.50211656473327, 32.765198615599495, 0.0], [74.50211641112763, 32.765198632357055, 0.0], [74.50057151973313, 32.76536601853966, 0.0], [74.49790773101782, 32.7658542070341, 0.0], [74.49668172453208, 32.764689484754726, 0.0], [74.49417432844974, 32.764467866693366, 0.0], [74.48855793701954, 32.76431857675261, 0.0], [74.48607576626652, 32.764446332464814, 0.0], [74.48607396903786, 32.764452019223135, 0.0], [74.48531500515678, 32.76685359348581, 0.0], [74.48531414172612, 32.76685480617947, 0.0], [74.484278070157, 32.76831026784034, 0.0], [74.48223198175187, 32.77016966331177, 0.0], [74.47889152055441, 32.7727972139415, 0.0], [74.47596461304174, 32.77540342023325, 0.0], [74.47476110025686, 32.77599148534317, 0.0], [74.47217515050107, 32.77612427977622, 0.0], [74.46747016707026, 32.77566409957417, 0.0], [74.46458018015213, 32.77590004404865, 0.0], [74.46391889589839, 32.776811021129184, 0.0], [74.46276877850617, 32.77958889264, 0.0], [74.46115157061858, 32.783092340046906, 0.0], [74.46115127285545, 32.78309374140526, 0.0], [74.46084118537294, 32.78455609549453, 0.0], [74.46053109005888, 32.786018447247734, 0.0], [74.46052949471891, 32.786020897551765, 0.0], [74.45940890506236, 32.787742365363485, 0.0], [74.45926407360754, 32.787687686904825, 0.0], [74.45924022432965, 32.78772104939385, 0.0], [74.45896259020795, 32.78810942584005, 0.0], [74.45834201366665, 32.788977539259385, 0.0], [74.45809163304021, 32.789327788303254, 0.0], [74.45796558766078, 32.7895041089637, 0.0], [74.4563884340786, 32.79042111458573, 0.0], [74.4549402015752, 32.79121705207604, 0.0], [74.45446373945181, 32.791522035195236, 0.0], [74.45357810211001, 32.792059549841724, 0.0], [74.45261756700154, 32.79262792712463, 0.0], [74.45031042377171, 32.79387049537407, 0.0], [74.44944264991332, 32.794506609161, 0.0], [74.44915337304117, 32.794718661021314, 0.0], [74.44799640595225, 32.795566816218866, 0.0], [74.44655534933868, 32.79663497812744, 0.0], [74.44584274064, 32.797173508151964, 0.0], [74.44510892263371, 32.797703009823245, 0.0], [74.44442296010638, 32.7982642001218, 0.0], [74.4437422223265, 32.798825409145685, 0.0], [74.44329715775088, 32.799238645067845, 0.0], [74.44274097229285, 32.799778494481096, 0.0], [74.44257898228402, 32.7999326906843, 0.0], [74.44218174441413, 32.800289801599796, 0.0], [74.44150051403354, 32.80095924271535, 0.0], [74.44088364613103, 32.80156573321505, 0.0], [74.44027747874776, 32.80216775824017, 0.0], [74.43908385265499, 32.80392646368489, 0.0], [74.43803458875865, 32.80559992969528, 0.0], [74.43787600868482, 32.80637488551355, 0.0], [74.43772807873594, 32.80715431455541, 0.0], [74.43774819409315, 32.80848889344127, 0.0], [74.43776580063397, 32.80925544248104, 0.0], [74.4379699534948, 32.81118574737454, 0.0], [74.43831735114377, 32.81328790315035, 0.0], [74.43859052796333, 32.81530412040233, 0.0], [74.43862850723399, 32.81544913813866, 0.0], [74.43862834463005, 32.8217748456526, 0.0], [74.43611884702648, 32.826096689616875, 0.0], [74.43290719391351, 32.82972230166297, 0.0], [74.432898575666, 32.829730741359754, 0.0], [74.42955567338142, 32.83234590608553, 0.0], [74.42873014275484, 32.832848666821846, 0.0], [74.42658408567192, 32.834155605420776, 0.0], [74.42648776024548, 32.834210508192236, 0.0], [74.42583152581685, 32.83461391342779, 0.0], [74.4251752921857, 32.83501731850378, 0.0], [74.4238628020628, 32.835824115513645, 0.0], [74.42319769461193, 32.836398809846536, 0.0], [74.42253789056085, 32.8369780357765, 0.0], [74.42173842363178, 32.83780390022499, 0.0], [74.42123189341498, 32.83829051029572, 0.0], [74.42062803432643, 32.83867533133771, 0.0], [74.42020307392866, 32.83926889113936, 0.0], [74.41977810494568, 32.83986244957855, 0.0], [74.41916328591198, 32.841041452577564, 0.0], [74.41920138897183, 32.8419342903438, 0.0], [74.41916620142344, 32.84232733560279, 0.0], [74.41912816112098, 32.842423150668175, 0.0], [74.41914254956977, 32.84259151891491, 0.0], [74.41903152267034, 32.843831667357264, 0.0], [74.41917281210618, 32.8448079037321, 0.0], [74.4192946316557, 32.84564959920807, 0.0], [74.41938274583406, 32.84610576349492, 0.0], [74.4194872203923, 32.84664661634274, 0.0], [74.41968507964265, 32.84763923711393, 0.0], [74.4201332783474, 32.848834700402215, 0.0], [74.42042614013435, 32.84982994186356, 0.0], [74.42046377401263, 32.84995937684715, 0.0], [74.42046485783443, 32.84996308784735, 0.0], [74.421060459062, 32.852860559132026, 0.0], [74.4212891881574, 32.85397324464006, 0.0], [74.41840209212941, 32.85892178773999, 0.0], [74.41822144390851, 32.859231409334775, 0.0], [74.41655017894264, 32.862261247560475, 0.0], [74.41654945082938, 32.8622621404877, 0.0], [74.41581828616506, 32.86317465790973, 0.0], [74.41528632323619, 32.86376336832792, 0.0], [74.41476514825148, 32.8643520372939, 0.0], [74.41383975392264, 32.865620028818654, 0.0], [74.41305869771008, 32.86686144908857, 0.0], [74.41234740151255, 32.86804004915534, 0.0], [74.41232085213684, 32.868998803560096, 0.0], [74.41231457065578, 32.86922562363316, 0.0], [74.41216041176251, 32.870104204381555, 0.0], [74.41227880711945, 32.87198920610093, 0.0], [74.41272679661353, 32.873172076240955, 0.0], [74.41351157625824, 32.87432910249447, 0.0], [74.41375431823185, 32.874533648362295, 0.0], [74.41427129660985, 32.87621223359914, 0.0], [74.41641773422656, 32.8780751063798, 0.0], [74.4166419956395, 32.87826973727779, 0.0], [74.4167537260016, 32.878366705541225, 0.0], [74.41724497800134, 32.87879305851938, 0.0], [74.41743230295626, 32.879793162411275, 0.0], [74.4179198681162, 32.88239622858763, 0.0], [74.41792070568204, 32.88240181456501, 0.0], [74.41794696292112, 32.882540886416, 0.0], [74.41816343595917, 32.88369661253667, 0.0], [74.41816297366208, 32.88820319740208, 0.0], [74.41756974012827, 32.889583194718284, 0.0], [74.41657134723286, 32.891278495092706, 0.0], [74.41636412744646, 32.89208015841817, 0.0], [74.41616219026895, 32.89289095666683, 0.0], [74.416163142166, 32.893756551276745, 0.0], [74.4161645540707, 32.89462223721599, 0.0], [74.41616473335874, 32.89473190130775, 0.0], [74.4160302783078, 32.896724881089845, 0.0], [74.41405426319953, 32.89930997513162, 0.0], [74.41015144051633, 32.901391910815505, 0.0], [74.40720768674711, 32.90272225113223, 0.0], [74.40222713712394, 32.9036412941459, 0.0], [74.40145173818526, 32.903728511605706, 0.0], [74.3997637067417, 32.90457419120057, 0.0], [74.39829860762387, 32.90568674928755, 0.0], [74.39718122690091, 32.90675090407916, 0.0], [74.39565559312264, 32.908201310043566, 0.0], [74.39179411257318, 32.91063226604628, 0.0], [74.38726674895692, 32.91163139629446, 0.0], [74.38485873170285, 32.91213589139486, 0.0], [74.3843277343516, 32.91228883439564, 0.0], [74.38320133721578, 32.912540801999015, 0.0], [74.37961825384694, 32.91304796155883, 0.0], [74.37810225013193, 32.91316423934705, 0.0], [74.37544441397604, 32.91339715239053, 0.0], [74.37428761936205, 32.913793762944685, 0.0], [74.37312540590172, 32.914199354256574, 0.0], [74.37223954119465, 32.91489010253626, 0.0], [74.37227473664746, 32.915282479515255, 0.0], [74.37265333798513, 32.915446294885825, 0.0], [74.3726888773784, 32.91543879294534, 0.0], [74.37340798431075, 32.91528699316267, 0.0], [74.37408235054957, 32.915122865806495, 0.0], [74.37544632486978, 32.91495252953339, 0.0], [74.3769328829603, 32.91462509726017, 0.0], [74.37543147339794, 32.917444124299344, 0.0], [74.37253821051779, 32.91975283553655, 0.0], [74.36923684687518, 32.92031060236868, 0.0], [74.36726409030528, 32.92036575744341, 0.0], [74.36620464249594, 32.92053727547457, 0.0], [74.36620460341548, 32.92053728142757, 0.0], [74.36320162051835, 32.92079099628611, 0.0], [74.36255195394654, 32.92081988861434, 0.0], [74.36217298999567, 32.92081108581581, 0.0], [74.35995970306136, 32.9207596464174, 0.0], [74.35859492334112, 32.921047063829654, 0.0], [74.35723014291455, 32.92133448186071, 0.0], [74.35698907191617, 32.92140958838034, 0.0], [74.3530598355868, 32.9222966171797, 0.0], [74.34810612946829, 32.92230440621263, 0.0], [74.34632434889089, 32.92172391508631, 0.0], [74.34549658056069, 32.92132148906005, 0.0], [74.34344633892138, 32.92091601076896, 0.0], [74.34099069883109, 32.921257222082325, 0.0], [74.34009758703526, 32.921314811919984, 0.0], [74.33587543286282, 32.921169934712864, 0.0], [74.33498366091167, 32.920963704661, 0.0], [74.33239630345128, 32.920156334886, 0.0], [74.33123667361987, 32.92009718749365, 0.0], [74.33007704296426, 32.920038028338, 0.0], [74.32816625195301, 32.92043999724349, 0.0], [74.32606262851571, 32.92062176586969, 0.0], [74.32550815607773, 32.920662734613224, 0.0], [74.3256452425804, 32.92182203366822, 0.0], [74.3256244947685, 32.92196069665098, 0.0], [74.32424654636178, 32.92325626558231, 0.0], [74.32305413474248, 32.92331187834929, 0.0], [74.32120657452772, 32.924692326318734, 0.0], [74.32051053689547, 32.92529785752294, 0.0], [74.31738886264944, 32.92780185926302, 0.0], [74.31260954906665, 32.92906768248984, 0.0], [74.31260766100719, 32.93275549456702, 0.0], [74.31260576880938, 32.9364433048514, 0.0], [74.31678188127903, 32.93881419566357, 0.0], [74.31711643858573, 32.93900412246608, 0.0], [74.31764032444391, 32.939301527931185, 0.0], [74.32006016550841, 32.94067314371007, 0.0], [74.32264433676818, 32.94213844572691, 0.0], [74.32360765633237, 32.94268669140363, 0.0], [74.32363942083681, 32.94270468870183, 0.0], [74.33007086010474, 32.94636458893868, 0.0], [74.33102462014446, 32.94692101717564, 0.0], [74.33239153749226, 32.94769190847828, 0.0], [74.33374586964965, 32.94846654017353, 0.0], [74.33573787036686, 32.94960585501332, 0.0], [74.33633292571574, 32.95009113507788, 0.0], [74.34014085254272, 32.953196414287916, 0.0], [74.3397435683012, 32.95439282955372, 0.0], [74.33983616925589, 32.9543927492523, 0.0], [74.34019788279902, 32.95324292205541, 0.0], [74.34108230662449, 32.95315767098026, 0.0], [74.34365526288047, 32.95290963116612, 0.0], [74.34824980218991, 32.9533298378505, 0.0], [74.35152513629407, 32.95148771947905, 0.0], [74.3547151951251, 32.95280260067649, 0.0], [74.3576531084549, 32.95224900286578, 0.0], [74.36211629505442, 32.952935971077835, 0.0], [74.36702244724779, 32.95328985999962, 0.0], [74.37007901490762, 32.95075001081071, 0.0], [74.37209789604046, 32.95297960676, 0.0], [74.37540854655894, 32.953482355200286, 0.0], [74.37878050071487, 32.954682741061106, 0.0], [74.38166566501913, 32.95539792824233, 0.0], [74.3843576872707, 32.95697876555639, 0.0], [74.38756486809648, 32.95773287959924, 0.0], [74.39088050423008, 32.95932990679702, 0.0], [74.39293870625673, 32.96352893020947, 0.0], [74.39557195095395, 32.96639620829735, 0.0], [74.3990628901333, 32.96567695486868, 0.0], [74.40282108383063, 32.966767785533634, 0.0], [74.40502879145515, 32.97058514173244, 0.0], [74.40776591784612, 32.97355317785228, 0.0], [74.40992426160915, 32.97608364211868, 0.0], [74.41247845414925, 32.97967892589114, 0.0], [74.41491266646092, 32.9831959631347, 0.0], [74.41724842450297, 32.98615527700783, 0.0], [74.42080304520609, 32.98932406179998, 0.0], [74.42369375154153, 32.99134767796696, 0.0], [74.42876396057784, 32.99399184691819, 0.0], [74.43332851536864, 32.99550192254797, 0.0], [74.44103321616272, 32.99884717940489, 0.0], [74.44386846684633, 33.000282089957, 0.0], [74.44574676226806, 33.002430036399126, 0.0], [74.4465361271201, 33.00632401557796, 0.0], [74.44555771002291, 33.01003392773124, 0.0], [74.44750565335592, 33.01429179783051, 0.0], [74.45193317530708, 33.015111415109395, 0.0], [74.45615862647283, 33.015617104740464, 0.0], [74.46045010019311, 33.01612185418168, 0.0], [74.46365338909203, 33.01523601308376, 0.0], [74.46798536585095, 33.016228356941355, 0.0], [74.47189935247177, 33.01616078208823, 0.0], [74.47496011431247, 33.01623415330062, 0.0], [74.47870313263516, 33.016656683307396, 0.0], [74.48345844785693, 33.01602922979851, 0.0], [74.48717001638352, 33.01622902025866, 0.0], [74.49103015620503, 33.01697996065454, 0.0], [74.49359052622498, 33.017532907887045, 0.0], [74.49485918988528, 33.0178068763352, 0.0], [74.49615091906347, 33.01808581405337, 0.0], [74.50018415294097, 33.01650054122023, 0.0], [74.50498465538583, 33.01586259135775, 0.0], [74.5092398535897, 33.01434902120808, 0.0], [74.51268806686095, 33.01345145758855, 0.0], [74.5160211802031, 33.015986028466415, 0.0], [74.51451196455686, 33.02019439015364, 0.0], [74.51476528788297, 33.02468808091326, 0.0], [74.51342781945304, 33.029279308324305, 0.0], [74.51138460295766, 33.03156588085219, 0.0], [74.50770688295752, 33.03218931725006, 0.0], [74.50294636048878, 33.03299794227214, 0.0], [74.49920391567774, 33.033980035316176, 0.0], [74.4966602844843, 33.03644703317564, 0.0], [74.4984567643948, 33.04170651389323, 0.0], [74.50404938747444, 33.041814317296186, 0.0], [74.50824343281552, 33.04207892931261, 0.0], [74.51122078971211, 33.04450631700817, 0.0], [74.51151380698158, 33.04570836676108, 0.0], [74.51169102738847, 33.04643536706904, 0.0], [74.5121612792349, 33.0483644053894, 0.0], [74.51026204212738, 33.05208195624701, 0.0], [74.51073337493904, 33.05519404276703, 0.0], [74.51383381280898, 33.05574660608344, 0.0], [74.52054760202395, 33.05568022397558, 0.0], [74.52584224630526, 33.054355829857066, 0.0], [74.5296827131236, 33.05212647930796, 0.0], [74.53354622975783, 33.05152367432503, 0.0], [74.54054852888486, 33.05151556560376, 0.0], [74.54298851738615, 33.051467820771975, 0.0], [74.54555810311277, 33.05141750256577, 0.0], [74.54716252476999, 33.0514758712803, 0.0], [74.54733848905586, 33.05148227150008, 0.0], [74.5483294566162, 33.0515183140684, 0.0], [74.5502912503551, 33.051589649709285, 0.0], [74.55400993351483, 33.05193466133669, 0.0], [74.55418871273027, 33.051951246416394, 0.0], [74.55669592550709, 33.05218380988617, 0.0], [74.55744848958271, 33.05181469040853, 0.0], [74.56054010936855, 33.05029824214583, 0.0], [74.56099271298523, 33.05013899679873, 0.0], [74.565091323532, 33.048696855863504, 0.0], [74.5657763569845, 33.045197351089755, 0.0], [74.56746321122907, 33.039885959017916, 0.0], [74.56947853079753, 33.035593954542016, 0.0], [74.57147094199941, 33.03073653467015, 0.0], [74.57569533863176, 33.03283493935693, 0.0], [74.57999832052462, 33.03377447767301, 0.0], [74.58638978093309, 33.035481618925374, 0.0], [74.5946012472499, 33.036289439120246, 0.0], [74.59878325791587, 33.03724877736068, 0.0], [74.60709460255048, 33.03981226693499, 0.0], [74.61279528050879, 33.03978927430177, 0.0], [74.61805409503616, 33.041811630306974, 0.0], [74.62169666775277, 33.043635392242294, 0.0], [74.62720087182144, 33.04690167643249, 0.0], [74.63196397844072, 33.04890090671791, 0.0], [74.63808558451096, 33.050225889798455, 0.0], [74.64105934318765, 33.0499595038036, 0.0], [74.64426049235125, 33.04939548068232, 0.0], [74.64741910370051, 33.05002613838384, 0.0], [74.65075981286927, 33.05100830933256, 0.0], [74.65459330695835, 33.05233738065454, 0.0], [74.65850555857732, 33.05407657830846, 0.0], [74.66191920084798, 33.05171994441465, 0.0], [74.66658009224305, 33.05319949476334, 0.0], [74.67142551044982, 33.05407910417294, 0.0], [74.67557800678898, 33.05557537107911, 0.0], [74.67770390445203, 33.06164199339773, 0.0], [74.68103631631988, 33.06252682393788, 0.0], [74.68203487911434, 33.05989796016776, 0.0], [74.68525344133023, 33.05837816357802, 0.0]]]}}]}