{"type": "FeatureCollection", "name": "jk_ut_boundary", "crs": {"type": "name", "properties": {"name": "urn:ogc:def:crs:OGC:1.3:CRS84"}}, "features": [{"type": "Feature", "properties": {"state_ut": "Jammu and Kashmir", "district_count": 20}, "geometry": {"type": "Polygon", "coordinates": [[[74.87798843482429, 32.49274850911823, 0.0], [74.87728132046276, 32.49296900367551, 0.0], [74.87586127251878, 32.4919939327111, 0.0], [74.87285829675118, 32.48926306193753, 0.0], [74.87183073392218, 32.48800328025942, 0.0], [74.87074333525807, 32.485957169677555, 0.0], [74.86826936674629, 32.48609244816389, 0.0], [74.86528662256818, 32.486343214287636, 0.0], [74.86301537846975, 32.487783293506006, 0.0], [74.86182806961229, 32.489865988804546, 0.0], [74.85863867824575, 32.492847567315906, 0.0], [74.85751796038961, 32.49308420626139, 0.0], [74.85497740858226, 32.49234552704121, 0.0], [74.85360098080868, 32.49057825308728, 0.0], [74.8515060473585, 32.490253857768266, 0.0], [74.85058488782255, 32.49039182109635, 0.0], [74.84873292806671, 32.48917681637668, 0.0], [74.84707690594772, 32.48917934989487, 0.0], [74.84570658890284, 32.49021906832163, 0.0], [74.84400046805483, 32.49092613850931, 0.0], [74.84142323261567, 32.49106650489675, 0.0], [74.84013604552294, 32.491838438903216, 0.0], [74.839583721023, 32.49274581661516, 0.0], [74.83774414148758, 32.49442510217585, 0.0], [74.83552240468907, 32.49516010848275, 0.0], [74.83301505263482, 32.49485784100813, 0.0], [74.82823303048633, 32.49459143294068, 0.0], [74.82423216098265, 32.49507199096556, 0.0], [74.82210018478581, 32.49562641887818, 0.0], [74.82105198298214, 32.4968238181155, 0.0], [74.8198940519194, 32.497939431743475, 0.0], [74.81875336357054, 32.497913610469716, 0.0], [74.81814544679753, 32.49671838296429, 0.0], [74.81703935868907, 32.494409696078584, 0.0], [74.81520012215489, 32.48924569236369, 0.0], [74.81377174783199, 32.486779006276656, 0.0], [74.81330418387482, 32.48469885190891, 0.0], [74.81292408632454, 32.481034818064614, 0.0], [74.81281856446722, 32.479636864675186, 0.0], [74.8110601442554, 32.47997414346623, 0.0], [74.81026797291169, 32.48012608153808, 0.0], [74.8070023856762, 32.48074171861346, 0.0], [74.80276521518076, 32.48219944727732, 0.0], [74.80049741143108, 32.48232222802506, 0.0], [74.80042499548847, 32.481361129806096, 0.0], [74.79985468700083, 32.47928650308549, 0.0], [74.79953663242127, 32.477812324446866, 0.0], [74.79767903626357, 32.476509193581805, 0.0], [74.79477318057533, 32.4764032187487, 0.0], [74.79183000104656, 32.47717648229089, 0.0], [74.78883419645847, 32.47725068918298, 0.0], [74.78446097942383, 32.478276505381174, 0.0], [74.78102194603439, 32.4793394704263, 0.0], [74.77825190774867, 32.4796644174201, 0.0], [74.77650609743164, 32.4798463311583, 0.0], [74.77367229026486, 32.48070098224166, 0.0], [74.77112801229323, 32.481276779302476, 0.0], [74.76831856459756, 32.48107726291417, 0.0], [74.7677059583731, 32.48095864579282, 0.0], [74.76548293210017, 32.4805281865225, 0.0], [74.76208775837026, 32.4807987106819, 0.0], [74.75800369155182, 32.48154483645589, 0.0], [74.75462807312027, 32.48207728442316, 0.0], [74.75305262194435, 32.479003823220026, 0.0], [74.75155066143071, 32.47829501374641, 0.0], [74.75023675186122, 32.47871652788157, 0.0], [74.7485301014539, 32.479422304066624, 0.0], [74.7453853970784, 32.478889387080045, 0.0], [74.74050139715224, 32.478625179056145, 0.0], [74.73815660970195, 32.4791018718855, 0.0], [74.73780298169777, 32.4799103707499, 0.0], [74.73662902169953, 32.48009920527764, 0.0], [74.73661698243004, 32.48010114175714, 0.0], [74.73657576413673, 32.48010777063363, 0.0], [74.73620774432818, 32.480166966415624, 0.0], [74.73534854239865, 32.480305164072384, 0.0], [74.73102552668098, 32.480624586298056, 0.0], [74.72834532787127, 32.48076816048438, 0.0], [74.72826716602215, 32.47971964191252, 0.0], [74.72795566564913, 32.47692911510079, 0.0], [74.72745868315732, 32.47581530125457, 0.0], [74.72387693885153, 32.47635796471105, 0.0], [74.72162218920779, 32.476654079085186, 0.0], [74.71899412623156, 32.47749646698715, 0.0], [74.71676533962406, 32.47814200246327, 0.0], [74.71627498971897, 32.47711552172121, 0.0], [74.71552091603387, 32.47671721104971, 0.0], [74.71449660602313, 32.476859688873084, 0.0], [74.7144954934936, 32.476865247586076, 0.0], [74.71419477282987, 32.478367138915964, 0.0], [74.71419358518996, 32.478367458781214, 0.0], [74.71338310776328, 32.478585965526165, 0.0], [74.71117937618486, 32.47817736576622, 0.0], [74.71118028627214, 32.47818367409719, 0.0], [74.71139290800383, 32.47965727403676, 0.0], [74.71221934406469, 32.48242030351263, 0.0], [74.71340709923099, 32.48586581781652, 0.0], [74.7136726821791, 32.48804473742302, 0.0], [74.71367028040706, 32.488049364935925, 0.0], [74.7123147291021, 32.4906612997332, 0.0], [74.711811047788, 32.49112349137003, 0.0], [74.71124888140244, 32.49163934243368, 0.0], [74.7101830217249, 32.49261737302168, 0.0], [74.70843032997988, 32.49271096476215, 0.0], [74.70570428856605, 32.492242413456424, 0.0], [74.7036740052784, 32.49138579088211, 0.0], [74.70332002249168, 32.492194190862804, 0.0], [74.7010972495303, 32.49292682466268, 0.0], [74.70025808180375, 32.489988970758, 0.0], [74.69807358739864, 32.48984227421745, 0.0], [74.69608232739128, 32.48950979600515, 0.0], [74.69594618911756, 32.48767485805474, 0.0], [74.69459947705971, 32.48765889951358, 0.0], [74.69358089855615, 32.48648504132874, 0.0], [74.69027542603574, 32.48657337797078, 0.0], [74.68791721780177, 32.48687437817563, 0.0], [74.68618450953404, 32.48863333698504, 0.0], [74.68449703734923, 32.491003922104014, 0.0], [74.68272536337088, 32.49223856155969, 0.0], [74.68210070317662, 32.49358762366489, 0.0], [74.68210087209243, 32.49358807407015, 0.0], [74.68313258212882, 32.49633987175485, 0.0], [74.68481553895748, 32.499496093197436, 0.0], [74.68554517349311, 32.50375569230252, 0.0], [74.6856556977185, 32.5066446623635, 0.0], [74.68565329683516, 32.50664696975066, 0.0], [74.68439932331339, 32.50785189169884, 0.0], [74.68256949673184, 32.509703658308275, 0.0], [74.68256973186531, 32.50970684074244, 0.0], [74.68277658494026, 32.51249976738132, 0.0], [74.68423415502298, 32.515404819338656, 0.0], [74.68819983540297, 32.52001859163511, 0.0], [74.6907344131883, 32.52348032584985, 0.0], [74.69072902795457, 32.52620001749591, 0.0], [74.69085918702389, 32.529351105721915, 0.0], [74.69060917597578, 32.53296104174402, 0.0], [74.69060713659374, 32.53296342246282, 0.0], [74.68997551710277, 32.533700817102314, 0.0], [74.6887984039124, 32.53507502472202, 0.0], [74.6861035685376, 32.53504294149397, 0.0], [74.68249980922623, 32.53532228705476, 0.0], [74.67979240501346, 32.53651884432455, 0.0], [74.67796352353629, 32.53750486786469, 0.0], [74.67690449505642, 32.53807581456267, 0.0], [74.67617941230047, 32.53828029631994, 0.0], [74.67503335855787, 32.53860348926926, 0.0], [74.67485927872771, 32.53865257965969, 0.0], [74.6734554568708, 32.539048449164056, 0.0], [74.66535170528809, 32.54289949665239, 0.0], [74.6641264775612, 32.54370440424791, 0.0], [74.66378561310327, 32.54392832980556, 0.0], [74.66336612178253, 32.54420390585181, 0.0], [74.66288244365893, 32.54452164465973, 0.0], [74.66238570230682, 32.54555984105267, 0.0], [74.66180584687027, 32.54677171978274, 0.0], [74.66180581211168, 32.546772760486334, 0.0], [74.66170932898751, 32.54967162322139, 0.0], [74.6627413408541, 32.55382754071548, 0.0], [74.66726798475543, 32.55341214788714, 0.0], [74.6732713003183, 32.55335683127377, 0.0], [74.6744902466594, 32.55443251000804, 0.0], [74.67434268846016, 32.55803692094018, 0.0], [74.67433063212684, 32.56207274308344, 0.0], [74.67427977135877, 32.5655842936829, 0.0], [74.67383526673359, 32.56797635902694, 0.0], [74.67383394218807, 32.56797697896182, 0.0], [74.67193288590643, 32.56886679436742, 0.0], [74.66934023703861, 32.568828877175086, 0.0], [74.66750203172332, 32.56778597994542, 0.0], [74.6654252005159, 32.566317102570196, 0.0], [74.66272932873338, 32.564880993925556, 0.0], [74.66025289052187, 32.565012180266265, 0.0], [74.65771838404179, 32.56435690752592, 0.0], [74.65564824010637, 32.56297524677289, 0.0], [74.65253985126071, 32.562964289447855, 0.0], [74.65253836995828, 32.562970009329554, 0.0], [74.65173360381523, 32.56607714386088, 0.0], [74.65211396439163, 32.56982898817801, 0.0], [74.65257821026927, 32.57331323222984, 0.0], [74.65402931863733, 32.57753474741715, 0.0], [74.65468718635239, 32.58083330120319, 0.0], [74.65468468841618, 32.58083789365508, 0.0], [74.65404859637053, 32.58200744756077, 0.0], [74.6518812915949, 32.58212208845946, 0.0], [74.64983007593256, 32.58240599271737, 0.0], [74.6486430496302, 32.58457401748995, 0.0], [74.64864315108183, 32.58457539635709, 0.0], [74.64889436933628, 32.587981799075145, 0.0], [74.65015861185043, 32.589669357959096, 0.0], [74.65237768266479, 32.590253776532975, 0.0], [74.65389362562946, 32.59113851311445, 0.0], [74.65711267852618, 32.59263487089173, 0.0], [74.65829973682656, 32.59467732297497, 0.0], [74.65877075264574, 32.596845390461716, 0.0], [74.65876788841202, 32.59684839167221, 0.0], [74.65771275640144, 32.59795402721043, 0.0], [74.65429992585285, 32.59945039740213, 0.0], [74.65223542711614, 32.599559583404584, 0.0], [74.65097100702019, 32.59787204878194, 0.0], [74.64886142482163, 32.59736952871571, 0.0], [74.64681629674683, 32.59774076253256, 0.0], [74.64681550075242, 32.59774621092387, 0.0], [74.64660971196676, 32.59915518633533, 0.0], [74.64660823920546, 32.599155410050464, 0.0], [74.64394518009978, 32.59955909628466, 0.0], [74.64184182442216, 32.600547353835225, 0.0], [74.64184126406023, 32.60055226481507, 0.0], [74.64158987069881, 32.60275363088822, 0.0], [74.64158818316795, 32.60275420790012, 0.0], [74.63946710517428, 32.60347971104074, 0.0], [74.63946765027539, 32.60348446290743, 0.0], [74.63975699700016, 32.6060082579595, 0.0], [74.64033730029625, 32.60825832125166, 0.0], [74.6397948847486, 32.61074307358861, 0.0], [74.63933705606989, 32.61213789684706, 0.0], [74.63903308427767, 32.61306395988955, 0.0], [74.63903939270611, 32.61385309529339, 0.0], [74.63904570117718, 32.61464222980695, 0.0], [74.64085233894727, 32.615248639702926, 0.0], [74.64209448195278, 32.615226932585806, 0.0], [74.64333662562004, 32.61520521532541, 0.0], [74.6464145929276, 32.61477950588506, 0.0], [74.64774385699076, 32.6145338423036, 0.0], [74.64907311665017, 32.61428816796845, 0.0], [74.65249944853285, 32.61437021242301, 0.0], [74.65494498268814, 32.61520580078401, 0.0], [74.65537408433406, 32.61610415887138, 0.0], [74.6558031934374, 32.61700251537257, 0.0], [74.65555153705368, 32.619208813003866, 0.0], [74.65544828762384, 32.62202129450305, 0.0], [74.65523210275376, 32.6233046594262, 0.0], [74.65501591199352, 32.62458802290563, 0.0], [74.65602265546481, 32.62839442619794, 0.0], [74.65619072749386, 32.62874623756763, 0.0], [74.65678575193455, 32.62999173016037, 0.0], [74.65700363875925, 32.63044779888229, 0.0], [74.65699861582517, 32.63044776133792, 0.0], [74.65555154261816, 32.6304368862652, 0.0], [74.65423849278385, 32.63069418208556, 0.0], [74.65309909947517, 32.630917440826835, 0.0], [74.65310611114076, 32.630921337515716, 0.0], [74.65383304175789, 32.63132531259683, 0.0], [74.65439630389514, 32.63163832737645, 0.0], [74.65603558800294, 32.63277970363997, 0.0], [74.65605496027233, 32.63444534446448, 0.0], [74.65605266016651, 32.63444880917931, 0.0], [74.65559209465151, 32.635142442037555, 0.0], [74.65531042729786, 32.63556664144487, 0.0], [74.6550287579805, 32.63599083894643, 0.0], [74.65502891061949, 32.63599290057585, 0.0], [74.65509975040004, 32.636951995477105, 0.0], [74.65735872394913, 32.636657083215475, 0.0], [74.65825480576032, 32.636199152303206, 0.0], [74.6596563671154, 32.63548288806555, 0.0], [74.66232188935477, 32.63507864982819, 0.0], [74.66301572797707, 32.63534893577008, 0.0], [74.66370956763915, 32.635619217632104, 0.0], [74.66521010077822, 32.63698693608034, 0.0], [74.66571055576237, 32.637443083170716, 0.0], [74.6667465544821, 32.63813382572252, 0.0], [74.66778256206796, 32.63882455852707, 0.0], [74.66809178582425, 32.638839459605805, 0.0], [74.66859508092489, 32.63886371130967, 0.0], [74.67038369064934, 32.638949884343816, 0.0], [74.67046778652083, 32.64008578498153, 0.0], [74.67055188383242, 32.6412216854724, 0.0], [74.67109522816087, 32.64427785287519, 0.0], [74.67109525125741, 32.644277985510676, 0.0], [74.67126258021182, 32.6452191274333, 0.0], [74.6722657500561, 32.645833216227494, 0.0], [74.67495522449715, 32.647479507815184, 0.0], [74.67809313698555, 32.650646422041774, 0.0], [74.68072093270806, 32.652524539847015, 0.0], [74.68532330709405, 32.65166614320832, 0.0], [74.68778262732934, 32.65127233852802, 0.0], [74.68832498743419, 32.651594403131426, 0.0], [74.6888673494368, 32.65191646472521, 0.0], [74.69014083338557, 32.65301242978571, 0.0], [74.69174740713096, 32.65439500688893, 0.0], [74.69200295724303, 32.65492925007694, 0.0], [74.69201683001646, 32.65495825278409, 0.0], [74.69346607558334, 32.657987898970646, 0.0], [74.69451037807212, 32.6599143279248, 0.0], [74.69506767849873, 32.66094235193621, 0.0], [74.6952686915331, 32.661313144804616, 0.0], [74.69552469562339, 32.662335125030886, 0.0], [74.6956373370315, 32.662784789876135, 0.0], [74.6960059934986, 32.66425643426764, 0.0], [74.69600334451712, 32.664260647591895, 0.0], [74.69560190481289, 32.66489901735365, 0.0], [74.69557188428762, 32.66494675642125, 0.0], [74.69526405282876, 32.66543626359101, 0.0], [74.69433312466596, 32.66545291499419, 0.0], [74.69423051877057, 32.66545474966003, 0.0], [74.69277840856559, 32.66548071151376, 0.0], [74.69117756465548, 32.66626757012942, 0.0], [74.68817590770551, 32.66774287542253, 0.0], [74.68255268351973, 32.668830961920655, 0.0], [74.68255243402749, 32.66883628579641, 0.0], [74.68239229224585, 32.67226055042081, 0.0], [74.68239028081278, 32.672260657177766, 0.0], [74.6815497021009, 32.67230526584319, 0.0], [74.68098911005326, 32.67233501360132, 0.0], [74.67836333227831, 32.67247432684188, 0.0], [74.67541923506764, 32.67333221410571, 0.0], [74.67053161800008, 32.67455617216261, 0.0], [74.66695457511919, 32.6752719471484, 0.0], [74.66510821018335, 32.67835214358733, 0.0], [74.66275805694865, 32.68163439893544, 0.0], [74.66185414463467, 32.68343659753601, 0.0], [74.66185422015282, 32.683437624084156, 0.0], [74.66195756561203, 32.68483462308289, 0.0], [74.66135711337564, 32.68653304058267, 0.0], [74.66135680162348, 32.68653320521614, 0.0], [74.66005913512448, 32.687215727010326, 0.0], [74.65951413664268, 32.687775879044125, 0.0], [74.65949022349386, 32.68780045766076, 0.0], [74.65870949872908, 32.6886028757309, 0.0], [74.6562490567453, 32.691803090445724, 0.0], [74.6553427709352, 32.69334993994425, 0.0], [74.65449886301346, 32.69479028086893, 0.0], [74.65349777417471, 32.696685252207686, 0.0], [74.65349799782254, 32.69668623618358, 0.0], [74.6542662907851, 32.700065645994115, 0.0], [74.6558034792759, 32.702615956772966, 0.0], [74.65788982870878, 32.70697930015322, 0.0], [74.65812245348215, 32.71012484753772, 0.0], [74.65779954690062, 32.71277345066489, 0.0], [74.65796756017876, 32.71504523355717, 0.0], [74.65910214699363, 32.71706707538127, 0.0], [74.65940175012813, 32.71760095495882, 0.0], [74.6616177555762, 32.720904780525935, 0.0], [74.66371115025915, 32.7239519070448, 0.0], [74.66363378340816, 32.725710356015036, 0.0], [74.6636316907169, 32.72571191865611, 0.0], [74.6618636763739, 32.727032022497475, 0.0], [74.65876902117921, 32.727283346211564, 0.0], [74.65591339695821, 32.72796055257772, 0.0], [74.65591831133743, 32.72796456156226, 0.0], [74.65944755023548, 32.73084390159971, 0.0], [74.66181253237045, 32.73475388059115, 0.0], [74.66324079649621, 32.738625645250025, 0.0], [74.66457226655153, 32.74259023552705, 0.0], [74.66508211682607, 32.743332158611324, 0.0], [74.66530863848776, 32.7436617846349, 0.0], [74.66643359140387, 32.745298736485644, 0.0], [74.67006590535169, 32.74949240142493, 0.0], [74.67021936229047, 32.7496745378549, 0.0], [74.67072074711149, 32.75026962419032, 0.0], [74.67268372457873, 32.75259936752296, 0.0], [74.67490755982355, 32.755990308444595, 0.0], [74.67706739310583, 32.76131439988046, 0.0], [74.67765645835969, 32.765055055751006, 0.0], [74.67679124379951, 32.768785036606964, 0.0], [74.67842104841964, 32.77255826761477, 0.0], [74.68182869791416, 32.77650040566531, 0.0], [74.68347183705255, 32.78044831170272, 0.0], [74.6841582355638, 32.784096061443314, 0.0], [74.68718529656242, 32.788496847794526, 0.0], [74.68979940953574, 32.794322968305664, 0.0], [74.69142372104683, 32.798008634713284, 0.0], [74.69427660825016, 32.80145362702573, 0.0], [74.69620510001994, 32.80503537415481, 0.0], [74.69748759984559, 32.80970402484555, 0.0], [74.70090399990328, 32.81373298244609, 0.0], [74.70395166247293, 32.81699200166083, 0.0], [74.70502049303687, 32.820180744067365, 0.0], [74.70518052713444, 32.82232673686834, 0.0], [74.70522899398611, 32.822976632109906, 0.0], [74.70543750587576, 32.82577251952962, 0.0], [74.70470892296082, 32.82993399046115, 0.0], [74.7046728940058, 32.83502353217976, 0.0], [74.70446168402124, 32.83915748495894, 0.0], [74.70461769579313, 32.84055267189357, 0.0], [74.7047634302589, 32.84185592272422, 0.0], [74.70477371094209, 32.84194785926658, 0.0], [74.70477071539194, 32.841947148728444, 0.0], [74.7039347100677, 32.84174894309034, 0.0], [74.70279884206074, 32.841479635133226, 0.0], [74.70265810917063, 32.8414462680542, 0.0], [74.6995010295312, 32.84091224367152, 0.0], [74.69668702725875, 32.840798514508194, 0.0], [74.6956129907461, 32.84032922711182, 0.0], [74.69286940254223, 32.838369620760844, 0.0], [74.69020395868844, 32.837458418079926, 0.0], [74.6895189616679, 32.837398987798906, 0.0], [74.68863527359956, 32.8373223146834, 0.0], [74.68706659094441, 32.83718619826897, 0.0], [74.68350226994708, 32.83676109160237, 0.0], [74.68152896036993, 32.83537445480345, 0.0], [74.67951676187066, 32.83346355147769, 0.0], [74.6768256445769, 32.832202574761716, 0.0], [74.67418620005431, 32.83023708136398, 0.0], [74.67254957505989, 32.829183363978046, 0.0], [74.67232937072225, 32.82761612459289, 0.0], [74.671275067139, 32.82740874724837, 0.0], [74.67005246361089, 32.82633310174473, 0.0], [74.66787910471648, 32.82504456753361, 0.0], [74.66559600582944, 32.82507753548185, 0.0], [74.66348114492959, 32.82597873124988, 0.0], [74.66145039590204, 32.82801574903286, 0.0], [74.65943897298119, 32.83031485370807, 0.0], [74.65943798124296, 32.83031909670963, 0.0], [74.65904448585763, 32.83200227279355, 0.0], [74.65904346766219, 32.832002597480205, 0.0], [74.65901987893206, 32.83201011527894, 0.0], [74.65772498095404, 32.832422790238546, 0.0], [74.65562280258729, 32.8320951582617, 0.0], [74.65393400990791, 32.83030704025923, 0.0], [74.65366709473193, 32.83002441953187, 0.0], [74.65325549743895, 32.82958859898686, 0.0], [74.65066842589366, 32.82691816127315, 0.0], [74.64746061109058, 32.82428039471132, 0.0], [74.64276552922809, 32.821194612289624, 0.0], [74.64052170345738, 32.81894448260018, 0.0], [74.63905417964706, 32.81595173369842, 0.0], [74.637218014929, 32.81359237607736, 0.0], [74.63521368973305, 32.8117681326382, 0.0], [74.6344965053429, 32.8090867152904, 0.0], [74.63462626522922, 32.80662657416084, 0.0], [74.63462640767067, 32.806623870221806, 0.0], [74.635661350943, 32.805165976172034, 0.0], [74.63642499529497, 32.80402819609357, 0.0], [74.63653548088394, 32.803863576556324, 0.0], [74.63706496249779, 32.80307466255398, 0.0], [74.64182471409205, 32.79861370545122, 0.0], [74.64385478900432, 32.796828866200244, 0.0], [74.6443004036499, 32.79643707093744, 0.0], [74.64543299136531, 32.79544125276028, 0.0], [74.64963576176312, 32.79328991601917, 0.0], [74.6535344621779, 32.791242192195995, 0.0], [74.65661837899965, 32.789412793367276, 0.0], [74.65835463362536, 32.787657193776006, 0.0], [74.65835744930916, 32.787654347110745, 0.0], [74.65801475224922, 32.78583040428047, 0.0], [74.65754279767246, 32.785065883034676, 0.0], [74.65642169903123, 32.78430727824101, 0.0], [74.65634033016552, 32.78425221770089, 0.0], [74.65529950302898, 32.78281599543341, 0.0], [74.6540130640533, 32.78086643306501, 0.0], [74.65155005718954, 32.7812595667646, 0.0], [74.64970117459653, 32.78153254285824, 0.0], [74.64746449393903, 32.78077334901366, 0.0], [74.64557672476049, 32.78192547183235, 0.0], [74.64292613966212, 32.78259146992528, 0.0], [74.63966804244674, 32.78206139290149, 0.0], [74.63758027820128, 32.780504746818984, 0.0], [74.63491742814774, 32.77818890336195, 0.0], [74.6322933652284, 32.77639725935502, 0.0], [74.6321064189028, 32.77526815032458, 0.0], [74.63210619633747, 32.77526680922946, 0.0], [74.63293099539634, 32.77382500487924, 0.0], [74.63293396792027, 32.77381980940718, 0.0], [74.63128597117235, 32.77259079129028, 0.0], [74.63117004441777, 32.77101801522847, 0.0], [74.63035655149764, 32.768430091003786, 0.0], [74.6303563237915, 32.76842936531463, 0.0], [74.63135225676609, 32.76644723313057, 0.0], [74.6326648319093, 32.764536142959976, 0.0], [74.63489518294433, 32.76240129174315, 0.0], [74.63744210318495, 32.760337438043585, 0.0], [74.63835091336964, 32.75862810398936, 0.0], [74.63835372127832, 32.758622821982144, 0.0], [74.6371388894789, 32.757634215652864, 0.0], [74.63682996920936, 32.75625160621085, 0.0], [74.63682895910732, 32.75624708429669, 0.0], [74.63824196055681, 32.75573484075877, 0.0], [74.63824440460719, 32.755733954578005, 0.0], [74.6381544319939, 32.75310721597357, 0.0], [74.63803841032703, 32.751534438480306, 0.0], [74.63531779277302, 32.75123913984375, 0.0], [74.63425835603184, 32.74954060367168, 0.0], [74.6327911088367, 32.75075814551001, 0.0], [74.630483349821, 32.75324791337427, 0.0], [74.62772322402411, 32.75523512984228, 0.0], [74.62634633333772, 32.7562724029366, 0.0], [74.62398085362605, 32.75657218793333, 0.0], [74.62254550781624, 32.758226493719825, 0.0], [74.62153018155976, 32.759946429134054, 0.0], [74.61919672774636, 32.76068300962713, 0.0], [74.61615923453327, 32.76031621480669, 0.0], [74.61361955549269, 32.75966008154491, 0.0], [74.61347184399112, 32.75765039659213, 0.0], [74.6096007913431, 32.75723947573245, 0.0], [74.60360950452814, 32.7576412661321, 0.0], [74.60013931372673, 32.75703362393298, 0.0], [74.59604872254073, 32.756458360528086, 0.0], [74.59497621560314, 32.755988207975086, 0.0], [74.59263180270462, 32.753742602144946, 0.0], [74.591625341507, 32.75133926815335, 0.0], [74.58991330853961, 32.750639384611596, 0.0], [74.58673982391859, 32.75124386368881, 0.0], [74.58455447050642, 32.75258605376814, 0.0], [74.58238936522119, 32.752786874649445, 0.0], [74.58124028797283, 32.751268052132545, 0.0], [74.58051880228709, 32.74849890970874, 0.0], [74.57964049281834, 32.747843066726546, 0.0], [74.57684232135078, 32.74790142487809, 0.0], [74.57684228804808, 32.74790709102906, 0.0], [74.57683470964797, 32.749217516318424, 0.0], [74.57683245448514, 32.749218901562955, 0.0], [74.57574199217987, 32.7498885311705, 0.0], [74.57402245848041, 32.7505045224335, 0.0], [74.57402550698698, 32.750508325556524, 0.0], [74.57550715727672, 32.7523567434812, 0.0], [74.57659744946264, 32.75449267002754, 0.0], [74.57623367244618, 32.75661676117894, 0.0], [74.57623230025844, 32.756617163924524, 0.0], [74.57369311356949, 32.757363292125774, 0.0], [74.57204362465352, 32.75894043119405, 0.0], [74.5703366543733, 32.75973113119588, 0.0], [74.56766703269984, 32.760133413313845, 0.0], [74.56289085168953, 32.760119076693776, 0.0], [74.56117250301581, 32.75933142563028, 0.0], [74.55881460188228, 32.75831389984072, 0.0], [74.55703748484073, 32.758143236773215, 0.0], [74.554251708153, 32.7583758539585, 0.0], [74.55256052531097, 32.756534138688515, 0.0], [74.5492419612412, 32.753724447867356, 0.0], [74.54702758152764, 32.75182214425315, 0.0], [74.54637800919042, 32.75001662860095, 0.0], [74.5463770632321, 32.750013999549346, 0.0], [74.54831544502025, 32.7481613403582, 0.0], [74.54831796810402, 32.74815892937204, 0.0], [74.54822259619937, 32.74684821218968, 0.0], [74.54695636636217, 32.74656315863992, 0.0], [74.54405307890214, 32.74802963238936, 0.0], [74.54405126095597, 32.74803511011071, 0.0], [74.54337199399879, 32.75008235774292, 0.0], [74.5433430870294, 32.75253977237374, 0.0], [74.543340883467, 32.75253877811873, 0.0], [74.54194797823563, 32.75191051223359, 0.0], [74.54203409409538, 32.750239531005704, 0.0], [74.54212020617196, 32.74856854786195, 0.0], [74.54102902099226, 32.74783579078295, 0.0], [74.53918683952048, 32.74819453093748, 0.0], [74.53852016280416, 32.74901852304662, 0.0], [74.53745255396437, 32.750038732128964, 0.0], [74.53588244834201, 32.749857040714645, 0.0], [74.53509069342932, 32.747529910538255, 0.0], [74.53468531385487, 32.74623526922197, 0.0], [74.5338600068316, 32.744874690914905, 0.0], [74.53185103668677, 32.744364866070754, 0.0], [74.53011228682557, 32.74471811441284, 0.0], [74.52916705150831, 32.745995042750934, 0.0], [74.52704634516647, 32.74680658805713, 0.0], [74.52291028603912, 32.74702074949266, 0.0], [74.51968583450723, 32.746924483659406, 0.0], [74.5195407341772, 32.74677328017286, 0.0], [74.51856320573333, 32.745754618683165, 0.0], [74.51654164822608, 32.74506978587602, 0.0], [74.51467412298234, 32.745078636893986, 0.0], [74.51375554719904, 32.745204517912455, 0.0], [74.51313260652573, 32.74528988242905, 0.0], [74.51159108559021, 32.74550111543167, 0.0], [74.50943003476112, 32.747191538550354, 0.0], [74.50943030350926, 32.74719525319121, 0.0], [74.50955012591156, 32.748851816616856, 0.0], [74.51001836863993, 32.75102036724494, 0.0], [74.51150400324984, 32.75146987108284, 0.0], [74.51288846670323, 32.750521233203195, 0.0], [74.5140702125819, 32.75107412223843, 0.0], [74.51483615121961, 32.753051852850206, 0.0], [74.51483353138794, 32.7530566954515, 0.0], [74.51410375841864, 32.75440535643807, 0.0], [74.51410423963686, 32.75440595973496, 0.0], [74.51524541838943, 32.755837405618195, 0.0], [74.51524244022485, 32.755842246398004, 0.0], [74.51440959623125, 32.75719625593383, 0.0], [74.51440868804085, 32.75719973165195, 0.0], [74.51408449989087, 32.75844099366934, 0.0], [74.5140835769684, 32.758441497086686, 0.0], [74.51248677107307, 32.7593129495826, 0.0], [74.51162558095001, 32.760322250311376, 0.0], [74.51043288745878, 32.76248888859724, 0.0], [74.51043231414889, 32.76249149411052, 0.0], [74.51019849346557, 32.76355350714335, 0.0], [74.5116188567161, 32.76453264665756, 0.0], [74.51161098104461, 32.76453450337286, 0.0], [74.51018990903913, 32.76486958900973, 0.0], [74.5078048570929, 32.76490504744182, 0.0], [74.50664592554813, 32.76610509800495, 0.0], [74.50531403999905, 32.76634926298363, 0.0], [74.5049532262018, 32.76566621220039, 0.0], [74.50509058037483, 32.764694325878686, 0.0], [74.50463266896458, 32.76410399444758, 0.0], [74.50255158740048, 32.764035957703456, 0.0], [74.50254944837816, 32.764041675176614, 0.0], [74.50211656473327, 32.765198615599495, 0.0], [74.50211641112763, 32.765198632357055, 0.0], [74.50057151973313, 32.76536601853966, 0.0], [74.49790773101782, 32.7658542070341, 0.0], [74.49668172453208, 32.764689484754726, 0.0], [74.49417432844974, 32.764467866693366, 0.0], [74.48855793701954, 32.76431857675261, 0.0], [74.48607576626652, 32.764446332464814, 0.0], [74.48607396903786, 32.764452019223135, 0.0], [74.48531500515678, 32.76685359348581, 0.0], [74.48531414172612, 32.76685480617947, 0.0], [74.484278070157, 32.76831026784034, 0.0], [74.48223198175187, 32.77016966331177, 0.0], [74.47889152055441, 32.7727972139415, 0.0], [74.47596461304174, 32.77540342023325, 0.0], [74.47476110025686, 32.77599148534317, 0.0], [74.47217515050107, 32.77612427977622, 0.0], [74.46747016707026, 32.77566409957417, 0.0], [74.46458018015213, 32.77590004404865, 0.0], [74.46391889589839, 32.776811021129184, 0.0], [74.46276877850617, 32.77958889264, 0.0], [74.46115157061858, 32.783092340046906, 0.0], [74.46115127285545, 32.78309374140526, 0.0], [74.46084118537294, 32.78455609549453, 0.0], [74.46053109005888, 32.786018447247734, 0.0], [74.46052949471891, 32.786020897551765, 0.0], [74.45940890506236, 32.787742365363485, 0.0], [74.45926407360754, 32.787687686904825, 0.0], [74.45924022432965, 32.78772104939385, 0.0], [74.45896259020795, 32.78810942584005, 0.0], [74.45834201366665, 32.788977539259385, 0.0], [74.45809163304021, 32.789327788303254, 0.0], [74.45796558766078, 32.7895041089637, 0.0], [74.4563884340786, 32.79042111458573, 0.0], [74.4549402015752, 32.79121705207604, 0.0], [74.45446373945181, 32.791522035195236, 0.0], [74.45357810211001, 32.792059549841724, 0.0], [74.45261756700154, 32.79262792712463, 0.0], [74.45031042377171, 32.79387049537407, 0.0], [74.44944264991332, 32.794506609161, 0.0], [74.44915337304117, 32.794718661021314, 0.0], [74.44799640595225, 32.795566816218866, 0.0], [74.44655534933868, 32.79663497812744, 0.0], [74.44584274064, 32.797173508151964, 0.0], [74.44510892263371, 32.797703009823245, 0.0], [74.44442296010638, 32.7982642001218, 0.0], [74.4437422223265, 32.798825409145685, 0.0], [74.44329715775088, 32.799238645067845, 0.0], [74.44274097229285, 32.799778494481096, 0.0], [74.44257898228402, 32.7999326906843, 0.0], [74.44218174441413, 32.800289801599796, 0.0], [74.44150051403354, 32.80095924271535, 0.0], [74.44088364613103, 32.80156573321505, 0.0], [74.44027747874776, 32.80216775824017, 0.0], [74.43908385265499, 32.80392646368489, 0.0], [74.43803458875865, 32.80559992969528, 0.0], [74.43787600868482, 32.80637488551355, 0.0], [74.43772807873594, 32.80715431455541, 0.0], [74.43774819409315, 32.80848889344127, 0.0], [74.43776580063397, 32.80925544248104, 0.0], [74.4379699534948, 32.81118574737454, 0.0], [74.43831735114377, 32.81328790315035, 0.0], [74.43859052796333, 32.81530412040233, 0.0], [74.43862850723399, 32.81544913813866, 0.0], [74.43862834463005, 32.8217748456526, 0.0], [74.43611884702648, 32.826096689616875, 0.0], [74.43290719391351, 32.82972230166297, 0.0], [74.432898575666, 32.829730741359754, 0.0], [74.42955567338142, 32.83234590608553, 0.0], [74.42873014275484, 32.832848666821846, 0.0], [74.42658408567192, 32.834155605420776, 0.0], [74.42648776024548, 32.834210508192236, 0.0], [74.42583152581685, 32.83461391342779, 0.0], [74.4251752921857, 32.83501731850378, 0.0], [74.4238628020628, 32.835824115513645, 0.0], [74.42319769461193, 32.836398809846536, 0.0], [74.42253789056085, 32.8369780357765, 0.0], [74.42173842363178, 32.83780390022499, 0.0], [74.42123189341498, 32.83829051029572, 0.0], [74.42062803432643, 32.83867533133771, 0.0], [74.42020307392866, 32.83926889113936, 0.0], [74.41977810494568, 32.83986244957855, 0.0], [74.41916328591198, 32.841041452577564, 0.0], [74.41920138897183, 32.8419342903438, 0.0], [74.41916620142344, 32.84232733560279, 0.0], [74.41912816112098, 32.842423150668175, 0.0], [74.41914254956977, 32.84259151891491, 0.0], [74.41903152267034, 32.843831667357264, 0.0], [74.41917281210618, 32.8448079037321, 0.0], [74.4192946316557, 32.84564959920807, 0.0], [74.41938274583406, 32.84610576349492, 0.0], [74.4194872203923, 32.84664661634274, 0.0], [74.41968507964265, 32.84763923711393, 0.0], [74.4201332783474, 32.848834700402215, 0.0], [74.42042614013435, 32.84982994186356, 0.0], [74.42046377401263, 32.84995937684715, 0.0], [74.42046485783443, 32.84996308784735, 0.0], [74.421060459062, 32.852860559132026, 0.0], [74.4212891881574, 32.85397324464006, 0.0], [74.41840209212941, 32.85892178773999, 0.0], [74.41822144390851, 32.859231409334775, 0.0], [74.41655017894264, 32.862261247560475, 0.0], [74.41654945082938, 32.8622621404877, 0.0], [74.41581828616506, 32.86317465790973, 0.0], [74.41528632323619, 32.86376336832792, 0.0], [74.41476514825148, 32.8643520372939, 0.0], [74.41383975392264, 32.865620028818654, 0.0], [74.41305869771008, 32.86686144908857, 0.0], [74.41234740151255, 32.86804004915534, 0.0], [74.41232085213684, 32.868998803560096, 0.0], [74.41231457065578, 32.86922562363316, 0.0], [74.41216041176251, 32.870104204381555, 0.0], [74.41227880711945, 32.87198920610093, 0.0], [74.41272679661353, 32.873172076240955, 0.0], [74.41351157625824, 32.87432910249447, 0.0], [74.41375431823185, 32.874533648362295, 0.0], [74.41427129660985, 32.87621223359914, 0.0], [74.41641773422656, 32.8780751063798, 0.0], [74.4166419956395, 32.87826973727779, 0.0], [74.4167537260016, 32.878366705541225, 0.0], [74.41724497800134, 32.87879305851938, 0.0], [74.41743230295626, 32.879793162411275, 0.0], [74.4179198681162, 32.88239622858763, 0.0], [74.41792070568204, 32.88240181456501, 0.0], [74.41794696292112, 32.882540886416, 0.0], [74.41816343595917, 32.88369661253667, 0.0], [74.41816297366208, 32.88820319740208, 0.0], [74.41756974012827, 32.889583194718284, 0.0], [74.41657134723286, 32.891278495092706, 0.0], [74.41636412744646, 32.89208015841817, 0.0], [74.41616219026895, 32.89289095666683, 0.0], [74.416163142166, 32.893756551276745, 0.0], [74.4161645540707, 32.89462223721599, 0.0], [74.41616473335874, 32.89473190130775, 0.0], [74.4160302783078, 32.896724881089845, 0.0], [74.41405426319953, 32.89930997513162, 0.0], [74.41015144051633, 32.901391910815505, 0.0], [74.40720768674711, 32.90272225113223, 0.0], [74.40222713712394, 32.9036412941459, 0.0], [74.40145173818526, 32.903728511605706, 0.0], [74.3997637067417, 32.90457419120057, 0.0], [74.39829860762387, 32.90568674928755, 0.0], [74.39718122690091, 32.90675090407916, 0.0], [74.39565559312264, 32.908201310043566, 0.0], [74.39179411257318, 32.91063226604628, 0.0], [74.38726674895692, 32.91163139629446, 0.0], [74.38485873170285, 32.91213589139486, 0.0], [74.3843277343516, 32.91228883439564, 0.0], [74.38320133721578, 32.912540801999015, 0.0], [74.37961825384694, 32.91304796155883, 0.0], [74.37810225013193, 32.91316423934705, 0.0], [74.37544441397604, 32.91339715239053, 0.0], [74.37428761936205, 32.913793762944685, 0.0], [74.37312540590172, 32.914199354256574, 0.0], [74.37223954119465, 32.91489010253626, 0.0], [74.37227473664746, 32.915282479515255, 0.0], [74.37265333798513, 32.915446294885825, 0.0], [74.3726888773784, 32.91543879294534, 0.0], [74.37340798431075, 32.91528699316267, 0.0], [74.37408235054957, 32.915122865806495, 0.0], [74.37544632486978, 32.91495252953339, 0.0], [74.3769328829603, 32.91462509726017, 0.0], [74.37543147339794, 32.917444124299344, 0.0], [74.37253821051779, 32.91975283553655, 0.0], [74.36923684687518, 32.92031060236868, 0.0], [74.36726409030528, 32.92036575744341, 0.0], [74.36620464249594, 32.92053727547457, 0.0], [74.36620460341548, 32.92053728142757, 0.0], [74.36320162051835, 32.92079099628611, 0.0], [74.36255195394654, 32.92081988861434, 0.0], [74.36217298999567, 32.92081108581581, 0.0], [74.35995970306136, 32.9207596464174, 0.0], [74.35859492334112, 32.921047063829654, 0.0], [74.35723014291455, 32.92133448186071, 0.0], [74.35698907191617, 32.92140958838034, 0.0], [74.3530598355868, 32.9222966171797, 0.0], [74.34810612946829, 32.92230440621263, 0.0], [74.34632434889089, 32.92172391508631, 0.0], [74.34549658056069, 32.92132148906005, 0.0], [74.34344633892138, 32.92091601076896, 0.0], [74.34099069883109, 32.921257222082325, 0.0], [74.34009758703526, 32.921314811919984, 0.0], [74.33587543286282, 32.921169934712864, 0.0], [74.33498366091167, 32.920963704661, 0.0], [74.33239630345128, 32.920156334886, 0.0], [74.33123667361987, 32.92009718749365, 0.0], [74.33007704296426, 32.920038028338, 0.0], [74.32816625195301, 32.92043999724349, 0.0], [74.32606262851571, 32.92062176586969, 0.0], [74.32550815607773, 32.920662734613224, 0.0], [74.3256452425804, 32.92182203366822, 0.0], [74.3256244947685, 32.92196069665098, 0.0], [74.32424654636178, 32.92325626558231, 0.0], [74.32305413474248, 32.92331187834929, 0.0], [74.32120657452772, 32.924692326318734, 0.0], [74.32051053689547, 32.92529785752294, 0.0], [74.31738886264944, 32.92780185926302, 0.0], [74.31260954906665, 32.92906768248984, 0.0], [74.31260766100719, 32.93275549456702, 0.0], [74.31260576880938, 32.9364433048514, 0.0], [74.31678188127903, 32.93881419566357, 0.0], [74.31711643858573, 32.93900412246608, 0.0], [74.31764032444391, 32.939301527931185, 0.0], [74.32006016550841, 32.94067314371007, 0.0], [74.32264433676818, 32.94213844572691, 0.0], [74.32360765633237, 32.94268669140363, 0.0], [74.32363942083681, 32.94270468870183, 0.0], [74.33007086010474, 32.94636458893868, 0.0], [74.33102462014446, 32.94692101717564, 0.0], [74.33239153749226, 32.94769190847828, 0.0], [74.33374586964965, 32.94846654017353, 0.0], [74.33573787036686, 32.94960585501332, 0.0], [74.33633292571574, 32.95009113507788, 0.0], [74.34014085254272, 32.953196414287916, 0.0], [74.3397435683012, 32.95439282955372, 0.0], [74.33983616925589, 32.9543927492523, 0.0], [74.33895856881598, 32.957182501560744, 0.0], [74.33893840084822, 32.9572478066917, 0.0], [74.33805359599263, 32.960112790599744, 0.0], [74.33774834802556, 32.96117216274006, 0.0], [74.33744309249833, 32.9622315526911, 0.0], [74.33663924535628, 32.9654799768338, 0.0], [74.33627256189035, 32.966904196918335, 0.0], [74.33503767111809, 32.971581262474324, 0.0], [74.33391824350521, 32.97512906373682, 0.0], [74.33259507068594, 32.97941613518036, 0.0], [74.33008332026385, 32.98746925917473, 0.0], [74.32985193278095, 32.98821106241036, 0.0], [74.32955187313853, 32.989166759317314, 0.0], [74.32857103380864, 32.99292640387075, 0.0], [74.32759535415569, 32.99668597645293, 0.0], [74.32629385417499, 33.00030244607271, 0.0], [74.32600427245443, 33.000616754309945, 0.0], [74.32598027085601, 33.000651089192864, 0.0], [74.32470374103109, 33.00193228534993, 0.0], [74.3244035438579, 33.0021849991093, 0.0], [74.32339718818444, 33.00306821017277, 0.0], [74.32258331279564, 33.00417245958233, 0.0], [74.32160895031168, 33.005150360514236, 0.0], [74.32087521125861, 33.00624114102322, 0.0], [74.3205641860996, 33.007377065930996, 0.0], [74.3204830186539, 33.00888740100773, 0.0], [74.32049540423957, 33.010854881990355, 0.0], [74.32042466536548, 33.012486149003784, 0.0], [74.320431277148, 33.012664274832744, 0.0], [74.32041093772143, 33.013107153890175, 0.0], [74.32029234316525, 33.01440107255685, 0.0], [74.3205374544305, 33.01618198287119, 0.0], [74.32057440174763, 33.016519709076896, 0.0], [74.3206133016097, 33.017567550142175, 0.0], [74.32040086636835, 33.01922526362107, 0.0], [74.32010704496297, 33.01999134827555, 0.0], [74.32020492621145, 33.020754261708184, 0.0], [74.32019214719782, 33.02085398197609, 0.0], [74.32021470475168, 33.0209032586432, 0.0], [74.32026112417869, 33.021790251704324, 0.0], [74.3208062171004, 33.02306189518203, 0.0], [74.32114301324891, 33.02369765844353, 0.0], [74.32206920512127, 33.024619855517045, 0.0], [74.32537704561057, 33.028634611448304, 0.0], [74.32379958946889, 33.031658316796424, 0.0], [74.31943325518647, 33.032134338522205, 0.0], [74.31803522383937, 33.031789961163774, 0.0], [74.31663719720082, 33.03144557528009, 0.0], [74.3145825670253, 33.030439212134105, 0.0], [74.314513064451, 33.03039860032246, 0.0], [74.31371587115775, 33.02992490413218, 0.0], [74.3129556346304, 33.03037533274153, 0.0], [74.31220063473505, 33.03082578571355, 0.0], [74.31030553193901, 33.03137032977553, 0.0], [74.3100398122817, 33.03175421370078, 0.0], [74.30937826301741, 33.031881923575554, 0.0], [74.305611420824, 33.03175560909851, 0.0], [74.30213282080592, 33.03140191900506, 0.0], [74.30187857083541, 33.031483868309984, 0.0], [74.298642214897, 33.03252699228167, 0.0], [74.29426806788372, 33.03445303814242, 0.0], [74.29367328880363, 33.03471491931782, 0.0], [74.28984574713222, 33.035321077968014, 0.0], [74.28700229708383, 33.036671578742954, 0.0], [74.28341418702144, 33.037548629763485, 0.0], [74.2822467258711, 33.03761172658882, 0.0], [74.27984530879868, 33.037383194254424, 0.0], [74.27860244125462, 33.03780866734949, 0.0], [74.2774143199973, 33.03821539996473, 0.0], [74.27497112115127, 33.0403233661087, 0.0], [74.27270618797324, 33.04101581975452, 0.0], [74.27253158690381, 33.04106937937069, 0.0], [74.2718119399788, 33.041290130196415, 0.0], [74.27091769189558, 33.04156444122024, 0.0], [74.27059138576328, 33.04193388644255, 0.0], [74.2693579469739, 33.04333036645556, 0.0], [74.26622929282689, 33.044628232785854, 0.0], [74.26224840111638, 33.04388546475435, 0.0], [74.26145143540724, 33.04354439717877, 0.0], [74.26029040064692, 33.043146591287964, 0.0], [74.25936438469137, 33.043051078642044, 0.0], [74.25841638644593, 33.043483007433096, 0.0], [74.25704463386043, 33.04458629011321, 0.0], [74.25683337276257, 33.04482384023812, 0.0], [74.2560783319236, 33.04513640471403, 0.0], [74.25395424621642, 33.045463552288496, 0.0], [74.24916887927384, 33.045615493467054, 0.0], [74.24839171597782, 33.046320278921044, 0.0], [74.2430428279717, 33.04979749879338, 0.0], [74.24243771947171, 33.05000819783564, 0.0], [74.2417911137718, 33.05003964150855, 0.0], [74.23977160497847, 33.05089435433992, 0.0], [74.2392091647727, 33.05113238844827, 0.0], [74.23722267924467, 33.05139166853177, 0.0], [74.23654319110774, 33.05115650852512, 0.0], [74.23621138711813, 33.05104344171731, 0.0], [74.23552053071644, 33.05123205652544, 0.0], [74.23423349100926, 33.05267322084791, 0.0], [74.23343865485577, 33.05386232189451, 0.0], [74.23253839872503, 33.05479029862815, 0.0], [74.23209905120206, 33.05502874370064, 0.0], [74.23175239686582, 33.055320888553794, 0.0], [74.22991489355934, 33.05656129659791, 0.0], [74.22923186131595, 33.05682876270879, 0.0], [74.22767859161407, 33.057273307998116, 0.0], [74.22698276819975, 33.057757212079984, 0.0], [74.22669916971459, 33.057872881413346, 0.0], [74.22413749797073, 33.058916347028536, 0.0], [74.22352102797028, 33.059049141161836, 0.0], [74.2226796486491, 33.05951018414215, 0.0], [74.21989328012012, 33.06100796451261, 0.0], [74.219892760995, 33.06100814373965, 0.0], [74.21616748862682, 33.061686476848074, 0.0], [74.21556645468578, 33.061302428182785, 0.0], [74.21438873981396, 33.06122429992424, 0.0], [74.2127579126274, 33.062975880319755, 0.0], [74.2081974839221, 33.06705450662435, 0.0], [74.20521889483726, 33.06672272711241, 0.0], [74.20404551550386, 33.06644926776999, 0.0], [74.20323956857659, 33.06650225205762, 0.0], [74.20243362187361, 33.066555235213485, 0.0], [74.19938384573322, 33.06816956209489, 0.0], [74.19835791161275, 33.068786372545006, 0.0], [74.19820315733637, 33.068858781322284, 0.0], [74.19108711857878, 33.07207762902611, 0.0], [74.1898679176173, 33.07166571469819, 0.0], [74.18963707242557, 33.071545717724824, 0.0], [74.18899641369705, 33.07068366975358, 0.0], [74.1876362486686, 33.070735790246225, 0.0], [74.18632837444434, 33.07133340151315, 0.0], [74.18606072182547, 33.07143603313412, 0.0], [74.18263916373854, 33.07254954809197, 0.0], [74.18155639407284, 33.072731261783474, 0.0], [74.18093901411208, 33.07257849221036, 0.0], [74.17990323548027, 33.072971374308636, 0.0], [74.17972674600034, 33.07303831821811, 0.0], [74.1781998617993, 33.073294564559966, 0.0], [74.17718891656587, 33.073379575167, 0.0], [74.1760425419533, 33.07355808575175, 0.0], [74.17572448761013, 33.07370920539187, 0.0], [74.17184249057473, 33.07435932865188, 0.0], [74.17068653412986, 33.07415361025927, 0.0], [74.17028426400502, 33.07441440646281, 0.0], [74.17082603422088, 33.07634492800428, 0.0], [74.17061810362422, 33.07711325452339, 0.0], [74.17041017222091, 33.07788158450413, 0.0], [74.170674446028, 33.07939227891495, 0.0], [74.17038289118561, 33.08038811650311, 0.0], [74.17075074526777, 33.08111458938911, 0.0], [74.1717683612295, 33.081093662558175, 0.0], [74.17184252739683, 33.081093782751694, 0.0], [74.17407181890488, 33.084307301144264, 0.0], [74.17426598164197, 33.084884687030026, 0.0], [74.17474657276985, 33.08507249324955, 0.0], [74.17601445122303, 33.08651030258227, 0.0], [74.17588324945491, 33.087308294114614, 0.0], [74.17649812085, 33.08772853464768, 0.0], [74.17776693098875, 33.087964931609065, 0.0], [74.17892717800741, 33.08776559213942, 0.0], [74.18076728250291, 33.08838891649841, 0.0], [74.18153700535807, 33.091746560457715, 0.0], [74.17956896648755, 33.094404255533895, 0.0], [74.17931051230735, 33.094702842635094, 0.0], [74.17888598863667, 33.09532656621548, 0.0], [74.17846146687666, 33.09595028957131, 0.0], [74.17823086643943, 33.09664273380461, 0.0], [74.17693298718376, 33.09925022128018, 0.0], [74.17427759586937, 33.100065392266316, 0.0], [74.17391540509004, 33.100144784023044, 0.0], [74.17259402949031, 33.10058222436109, 0.0], [74.1712726522275, 33.10101966486844, 0.0], [74.1695297623789, 33.101937422342395, 0.0], [74.16884865466123, 33.102296068268885, 0.0], [74.1672087636413, 33.10262697341275, 0.0], [74.16659185536312, 33.10299555034657, 0.0], [74.16679995662317, 33.103361073691794, 0.0], [74.16728373384397, 33.1034354907212, 0.0], [74.1642046148802, 33.10564020436897, 0.0], [74.16406622126426, 33.10577798499586, 0.0], [74.16396635387414, 33.10559696606546, 0.0], [74.16372047703837, 33.105362154031816, 0.0], [74.16335057502549, 33.105492263594705, 0.0], [74.1615173675468, 33.10831555981228, 0.0], [74.16151706098964, 33.10831586618257, 0.0], [74.16151680209326, 33.10831625688973, 0.0], [74.1595139081534, 33.1104493619077, 0.0], [74.15907463769292, 33.11130823071337, 0.0], [74.15895408773454, 33.111543930564416, 0.0], [74.1593949260818, 33.11307296725179, 0.0], [74.16160433074538, 33.11860186350572, 0.0], [74.16270954876232, 33.12189988543847, 0.0], [74.15973722124504, 33.12432171955504, 0.0], [74.15606919612839, 33.12567235720502, 0.0], [74.15485844441048, 33.12776206447916, 0.0], [74.15431878275942, 33.1293300121356, 0.0], [74.15425938090267, 33.12951027511903, 0.0], [74.15385899610962, 33.131051383579255, 0.0], [74.15391828562318, 33.13306220747796, 0.0], [74.15248591525433, 33.13691650020457, 0.0], [74.15118489427881, 33.13827938751791, 0.0], [74.14965844717848, 33.13964606497057, 0.0], [74.14959857009424, 33.139699674498765, 0.0], [74.14916276648651, 33.14039766820001, 0.0], [74.1458201478126, 33.14402973858027, 0.0], [74.14133320253981, 33.147632584398025, 0.0], [74.1405322790125, 33.1475364150117, 0.0], [74.13735958921315, 33.1475349548815, 0.0], [74.13623616965599, 33.147780754599644, 0.0], [74.13511274939206, 33.14802655400283, 0.0], [74.13377457616852, 33.149371929664134, 0.0], [74.13351000120888, 33.15009726136617, 0.0], [74.1334826223239, 33.15019264431031, 0.0], [74.13324486263538, 33.15102093239593, 0.0], [74.13338785762167, 33.15363151840968, 0.0], [74.13338067891264, 33.15428513029334, 0.0], [74.13338067778992, 33.15428517476472, 0.0], [74.13162334340818, 33.155627110271205, 0.0], [74.13065859719853, 33.156006515817175, 0.0], [74.12999235975255, 33.156582282156144, 0.0], [74.13038461012621, 33.15672888560876, 0.0], [74.12906538735164, 33.159700199894864, 0.0], [74.12491753916605, 33.160039072460414, 0.0], [74.12026622883009, 33.16151064906179, 0.0], [74.11704981622862, 33.15979317388041, 0.0], [74.11647196975849, 33.15944033046272, 0.0], [74.11229591312741, 33.16327719808013, 0.0], [74.11128825255369, 33.16414514207214, 0.0], [74.10647678963446, 33.166999894022005, 0.0], [74.10470296486979, 33.16672927765942, 0.0], [74.10462566508423, 33.1667006368199, 0.0], [74.10403118495998, 33.1665605559906, 0.0], [74.10325439560901, 33.166377514400715, 0.0], [74.10236993630029, 33.16637334975185, 0.0], [74.10190213715697, 33.16637114746734, 0.0], [74.10148547911976, 33.16636918232279, 0.0], [74.09976983182075, 33.166500654725226, 0.0], [74.09973136973339, 33.166529543053755, 0.0], [74.099243233337, 33.16689619170266, 0.0], [74.0959407868447, 33.16872368311056, 0.0], [74.09466236629788, 33.16937567146508, 0.0], [74.09028150297642, 33.17160975201794, 0.0], [74.08972315430665, 33.1718745033241, 0.0], [74.0867859528277, 33.17335539934996, 0.0], [74.08378124500723, 33.17580994272883, 0.0], [74.08160747490658, 33.17817619681063, 0.0], [74.0792687823289, 33.18016786854715, 0.0], [74.07609383681356, 33.18326104085531, 0.0], [74.07598215409723, 33.18336984210213, 0.0], [74.0740030972406, 33.18598203697663, 0.0], [74.07337095599004, 33.186573418238, 0.0], [74.07124554510229, 33.19033265245864, 0.0], [74.06965803203403, 33.1939286085208, 0.0], [74.06222122289111, 33.197476945250386, 0.0], [74.06055001995007, 33.19658935559607, 0.0], [74.06043566359313, 33.19645512033159, 0.0], [74.05972090722777, 33.19614900737659, 0.0], [74.0590061501518, 33.19584289274438, 0.0], [74.05824949921438, 33.19569529589654, 0.0], [74.05489629973152, 33.194661329018196, 0.0], [74.05486012677254, 33.194642176160585, 0.0], [74.05431564839941, 33.19398700592285, 0.0], [74.05321095387383, 33.194002238304364, 0.0], [74.05219167390779, 33.19413482642818, 0.0], [74.05094802117945, 33.196967333108, 0.0], [74.0495853892938, 33.20003685220017, 0.0], [74.0453948228319, 33.19997776653018, 0.0], [74.04494385561995, 33.19940404405549, 0.0], [74.04168861125274, 33.19804736925313, 0.0], [74.03982639616913, 33.19705511474223, 0.0], [74.0387821037637, 33.19704902490991, 0.0], [74.03781947327843, 33.196718373729794, 0.0], [74.03766903928376, 33.196749647920285, 0.0], [74.03713113007079, 33.19652937502887, 0.0], [74.03592576300986, 33.196242149424336, 0.0], [74.03416852622593, 33.1974773736008, 0.0], [74.03315324658828, 33.19768844041453, 0.0], [74.03221424661162, 33.197845887944396, 0.0], [74.03150834874873, 33.19853598043058, 0.0], [74.02960962538154, 33.199514305441745, 0.0], [74.02944574900188, 33.19959874171327, 0.0], [74.0282867599972, 33.199778122889434, 0.0], [74.02674487323365, 33.20078023664503, 0.0], [74.0262975582182, 33.20107095448672, 0.0], [74.0231848303584, 33.2037017328324, 0.0], [74.02040406052731, 33.20401095374757, 0.0], [74.01911070300369, 33.20400350407387, 0.0], [74.01897357759285, 33.20400943878322, 0.0], [74.01735137729366, 33.20407963971369, 0.0], [74.01657009222775, 33.20501059825407, 0.0], [74.01720407802654, 33.207343100165716, 0.0], [74.01718248316588, 33.20748685930467, 0.0], [74.0168589188398, 33.208705120009114, 0.0], [74.01652177333573, 33.20965909589847, 0.0], [74.01640554006713, 33.20985188991193, 0.0], [74.01641780209661, 33.20995329086344, 0.0], [74.01568879149997, 33.21201607125552, 0.0], [74.01496967059471, 33.21230798442706, 0.0], [74.01429322760988, 33.21228929855906, 0.0], [74.01368542618074, 33.21282929644589, 0.0], [74.01227309910769, 33.21340260123454, 0.0], [74.01152585594551, 33.213597636210345, 0.0], [74.01132742742475, 33.21371297089078, 0.0], [74.00847276088622, 33.214525381740124, 0.0], [74.00799954091903, 33.21422294763843, 0.0], [74.00792220277086, 33.21347885045378, 0.0], [74.00746196836393, 33.21324310787811, 0.0], [74.00660710277025, 33.21372748734547, 0.0], [74.00634233310033, 33.21538506672482, 0.0], [74.00627673538312, 33.21579573248901, 0.0], [74.0067782265683, 33.21770871809497, 0.0], [74.00693704200826, 33.21820732171047, 0.0], [74.00638335866239, 33.2203801931869, 0.0], [74.00611187124625, 33.22058296627584, 0.0], [74.00558316838597, 33.2213027377979, 0.0], [74.00573532749236, 33.2221191374796, 0.0], [74.00559888975344, 33.22267319735272, 0.0], [74.00550466648849, 33.223394275065246, 0.0], [74.00648915003035, 33.22398326836352, 0.0], [74.00735886207337, 33.224175610865295, 0.0], [74.00794177464611, 33.22507404471884, 0.0], [74.00707544418233, 33.22658674324262, 0.0], [74.00650847585777, 33.22705790261644, 0.0], [74.00599889878352, 33.2283321656549, 0.0], [74.00604958779738, 33.229031130088536, 0.0], [74.00630100695665, 33.229357095151876, 0.0], [74.00648147417692, 33.23126059121454, 0.0], [74.00485868375651, 33.2327725399847, 0.0], [74.00346582638234, 33.233689411124544, 0.0], [74.00246491863143, 33.23442576754374, 0.0], [74.00195955920807, 33.235952589666525, 0.0], [74.00206933277993, 33.23789139715552, 0.0], [74.00238645910245, 33.23902841128345, 0.0], [74.00253941293713, 33.239257172902825, 0.0], [74.00254870249418, 33.23977052038661, 0.0], [74.0029111752588, 33.240603894479094, 0.0], [74.0027479398232, 33.24108071759287, 0.0], [74.00277049380774, 33.242081608891645, 0.0], [74.00505597332625, 33.245535073891524, 0.0], [74.00565277437565, 33.24690719846283, 0.0], [74.00570410563904, 33.247455089256114, 0.0], [74.00631506681718, 33.2488994804173, 0.0], [74.00608824284572, 33.24924140019735, 0.0], [74.00585615688478, 33.249583367263334, 0.0], [74.00639613848739, 33.250044790100326, 0.0], [74.00694149393978, 33.250506252717614, 0.0], [74.00751867280862, 33.251039943026704, 0.0], [74.00808523106254, 33.25157354479091, 0.0], [74.00901511516, 33.252473435481235, 0.0], [74.00995032953901, 33.25336876258071, 0.0], [74.01034600215588, 33.253703558487565, 0.0], [74.0111215967176, 33.25431439371232, 0.0], [74.01140952082065, 33.254523720004556, 0.0], [74.01154996990758, 33.254635375331404, 0.0], [74.01208406390072, 33.25512865403374, 0.0], [74.01261346338458, 33.255553978591394, 0.0], [74.01366179405618, 33.2563819875489, 0.0], [74.0145978394812, 33.257106006273645, 0.0], [74.01523910899908, 33.25756252818289, 0.0], [74.01537361280504, 33.257658281571686, 0.0], [74.01571616936272, 33.25788918488622, 0.0], [74.01594081707523, 33.25806567099529, 0.0], [74.0165794072449, 33.258538906983716, 0.0], [74.01660826627176, 33.25855902143094, 0.0], [74.01743467127109, 33.25911912964701, 0.0], [74.01782757606827, 33.25937825345458, 0.0], [74.01837541860905, 33.259765488017486, 0.0], [74.01847941999593, 33.25983149201476, 0.0], [74.01864836553982, 33.25995337800929, 0.0], [74.01919406701569, 33.26034714550723, 0.0], [74.02018937728147, 33.26103064056462, 0.0], [74.02087203064536, 33.26139223233533, 0.0], [74.02101940538171, 33.26147029389655, 0.0], [74.02207460326396, 33.261955727137504, 0.0], [74.02251516679192, 33.26212873706737, 0.0], [74.02348384941993, 33.26247360694517, 0.0], [74.024341685506, 33.26267435054078, 0.0], [74.02491533622748, 33.26278870881149, 0.0], [74.02501443495728, 33.26280863921049, 0.0], [74.02797560573046, 33.263446487036255, 0.0], [74.02804863663626, 33.26346409463905, 0.0], [74.02836482585779, 33.26354032493072, 0.0], [74.03198165437126, 33.2644248902407, 0.0], [74.03213339515219, 33.264462000262256, 0.0], [74.03469105588354, 33.26535610462622, 0.0], [74.03492399354087, 33.26544465670625, 0.0], [74.03492856489889, 33.26544596540922, 0.0], [74.03501777597366, 33.26547031975396, 0.0], [74.03528573648292, 33.265563993399724, 0.0], [74.03864575303949, 33.26703265597302, 0.0], [74.04076815338591, 33.26822931333128, 0.0], [74.04084311526546, 33.26827378396932, 0.0], [74.0416249543925, 33.26871770914296, 0.0], [74.04226117446639, 33.26908140831546, 0.0], [74.04415251817042, 33.27016702635403, 0.0], [74.04582198867715, 33.27148334741084, 0.0], [74.0464107124778, 33.27191773328341, 0.0], [74.04714711221119, 33.27238566625191, 0.0], [74.04720100790917, 33.27242559761684, 0.0], [74.04799700962667, 33.272926641301545, 0.0], [74.04861638164778, 33.27341121181676, 0.0], [74.04974532936112, 33.2743518301018, 0.0], [74.05012005974939, 33.27460074542267, 0.0], [74.05078997264943, 33.274859490955684, 0.0], [74.05148660598859, 33.27514982343112, 0.0], [74.05218867014628, 33.27544461412837, 0.0], [74.0531263807324, 33.27584383786911, 0.0], [74.0540588416767, 33.276242923931534, 0.0], [74.05450337683241, 33.27648297619601, 0.0], [74.05488928219158, 33.27662372817293, 0.0], [74.05537195177455, 33.27673319542434, 0.0], [74.05583026737524, 33.27684260947659, 0.0], [74.05603444469568, 33.27690110360442, 0.0], [74.05655162483356, 33.27705179453743, 0.0], [74.05725389171268, 33.27726096240093, 0.0], [74.05764053071722, 33.27736122779509, 0.0], [74.05795366039973, 33.27745093575532, 0.0], [74.06295896078049, 33.279346120090764, 0.0], [74.06638856744203, 33.28088893358069, 0.0], [74.06645949538161, 33.28092172543613, 0.0], [74.06746917264601, 33.28140706952763, 0.0], [74.06902852620081, 33.28216376950121, 0.0], [74.0696232196856, 33.28245819883901, 0.0], [74.07019674969521, 33.28270303918409, 0.0], [74.07077569990929, 33.282902821452765, 0.0], [74.07105481024408, 33.28297744273435, 0.0], [74.07155869474965, 33.283112152490716, 0.0], [74.07248666180394, 33.28328116265981, 0.0], [74.07288356606556, 33.28337233285846, 0.0], [74.07337705999204, 33.28345917288001, 0.0], [74.0743856560742, 33.283610367364275, 0.0], [74.07463248476277, 33.283647458260425, 0.0], [74.0761268124171, 33.283890600640326, 0.0], [74.07662260915653, 33.28398093183535, 0.0], [74.0775345837859, 33.284140854358334, 0.0], [74.07869331210723, 33.28432397549268, 0.0], [74.07936398182895, 33.28443375264409, 0.0], [74.08016342942119, 33.28452129635915, 0.0], [74.0809575112542, 33.28460879749395, 0.0], [74.08205203161448, 33.28475118650424, 0.0], [74.08264246759506, 33.28477060763355, 0.0], [74.08380187922397, 33.28474623844442, 0.0], [74.085047442131, 33.284668015431784, 0.0], [74.08622849080359, 33.28460761316231, 0.0], [74.08673848636653, 33.28458628767804, 0.0], [74.0869568463809, 33.28457323437055, 0.0], [74.09138043330466, 33.284847130142325, 0.0], [74.09499489337934, 33.28650905479427, 0.0], [74.09533232374034, 33.2866974917553, 0.0], [74.0958878340894, 33.28704154319333, 0.0], [74.09685212367678, 33.28763428137459, 0.0], [74.09775790904698, 33.28806901673998, 0.0], [74.09798240450665, 33.28817741604111, 0.0], [74.0981491423488, 33.28827053030764, 0.0], [74.10184694861228, 33.290327537200305, 0.0], [74.10222697856621, 33.29055387422589, 0.0], [74.10262885612164, 33.29078470054933, 0.0], [74.10303610484594, 33.291015473065926, 0.0], [74.10364692843412, 33.29137750339541, 0.0], [74.10445082380922, 33.29181650579595, 0.0], [74.1051530369574, 33.292196141013335, 0.0], [74.10546365388335, 33.292371731945224, 0.0], [74.10665732328756, 33.29303193752661, 0.0], [74.10668547194982, 33.2930476074353, 0.0], [74.10812178205671, 33.293844064031816, 0.0], [74.10871658320737, 33.29420153524995, 0.0], [74.10931132837688, 33.294554404690444, 0.0], [74.10984205921382, 33.29478098813033, 0.0], [74.11010604311748, 33.29489587362018, 0.0], [74.11237751628464, 33.29603356360558, 0.0], [74.11242983748328, 33.296060409495546, 0.0], [74.11317072086689, 33.296483048791615, 0.0], [74.11491820837675, 33.29735227010105, 0.0], [74.11579465491296, 33.29778688810506, 0.0], [74.11667110114122, 33.29822150615258, 0.0], [74.11871906842714, 33.29917696274755, 0.0], [74.12033286257527, 33.299915099849045, 0.0], [74.1211373318113, 33.30017369987909, 0.0], [74.12174502022349, 33.30037029632619, 0.0], [74.1223056220616, 33.30059137778262, 0.0], [74.1260176371426, 33.30210256928294, 0.0], [74.12604949325562, 33.30211759524375, 0.0], [74.12653926213659, 33.302343446059176, 0.0], [74.12859740414108, 33.30330431896767, 0.0], [74.12863374458776, 33.303321900210946, 0.0], [74.128845664081, 33.30342242444235, 0.0], [74.12958811877434, 33.303774605813075, 0.0], [74.13069806675041, 33.304299734194956, 0.0], [74.13181320438204, 33.30483391002814, 0.0], [74.1324030478945, 33.305123588572634, 0.0], [74.13299278752189, 33.30541317206623, 0.0], [74.13328778324028, 33.305540061481075, 0.0], [74.13358267277216, 33.305666858518386, 0.0], [74.13390144567398, 33.30578583123303, 0.0], [74.13758812143105, 33.307847421174884, 0.0], [74.13987959703529, 33.30980871089482, 0.0], [74.14030849627261, 33.31019681908144, 0.0], [74.14052969624215, 33.31039506021489, 0.0], [74.14220538147926, 33.31194376905709, 0.0], [74.14421830501966, 33.314130062206544, 0.0], [74.14422299867756, 33.31413524875496, 0.0], [74.14451749996567, 33.314460356479366, 0.0], [74.14481198338758, 33.31477653320552, 0.0], [74.14538474597026, 33.31546280116788, 0.0], [74.14596288678591, 33.31614910338612, 0.0], [74.14618229996746, 33.31642002488827, 0.0], [74.14646075585563, 33.31669550055132, 0.0], [74.1466294660149, 33.31688061233666, 0.0], [74.14695873878267, 33.31724189457947, 0.0], [74.14723738345089, 33.317454324228954, 0.0], [74.14741225455424, 33.31758753150773, 0.0], [74.14779054773327, 33.317996304385765, 0.0], [74.14819137848707, 33.31842942710805, 0.0], [74.14884854763451, 33.31913953552812, 0.0], [74.15029841411115, 33.32070615337508, 0.0], [74.15036019604231, 33.32077290948164, 0.0], [74.15035941111232, 33.32077476329478, 0.0], [74.14915607421229, 33.32361707002773, 0.0], [74.14876641033119, 33.32424180338216, 0.0], [74.14835584579764, 33.32550722150891, 0.0], [74.1461466124205, 33.32907876980251, 0.0], [74.14468667491546, 33.330338286098126, 0.0], [74.1444915476302, 33.330486762023, 0.0], [74.14300654558171, 33.33156148055902, 0.0], [74.14191419486791, 33.3323438653666, 0.0], [74.14118171102575, 33.333122417111696, 0.0], [74.14069116228224, 33.333838237277135, 0.0], [74.14073282346806, 33.334311688046334, 0.0], [74.14104883017464, 33.334618823431306, 0.0], [74.14266881270385, 33.33537024576869, 0.0], [74.14353465655022, 33.33580503262285, 0.0], [74.14354254508167, 33.335822156239324, 0.0], [74.14678371141355, 33.33863918526033, 0.0], [74.14730086227091, 33.339427122581576, 0.0], [74.14734668074527, 33.33949928149644, 0.0], [74.148752214888, 33.34226085783398, 0.0], [74.14931824081908, 33.34250081935105, 0.0], [74.15213698982987, 33.34443518172309, 0.0], [74.15309554825228, 33.34513584111282, 0.0], [74.15822731141884, 33.34861608598393, 0.0], [74.15995939893394, 33.349777709745986, 0.0], [74.1608889152072, 33.34967557931224, 0.0], [74.16157391838533, 33.349214306258965, 0.0], [74.16422203118312, 33.348743969849785, 0.0], [74.16445238933537, 33.34936525513295, 0.0], [74.16447774392789, 33.34945183466756, 0.0], [74.16471237796182, 33.350169018463426, 0.0], [74.16479530480265, 33.350290113610455, 0.0], [74.1658547299953, 33.3531474230086, 0.0], [74.165832877391, 33.357580720594505, 0.0], [74.16545175096098, 33.35769434489558, 0.0], [74.16510404257073, 33.35815331169376, 0.0], [74.16076778733263, 33.361331448308306, 0.0], [74.16076775718884, 33.36133146723078, 0.0], [74.15988130444352, 33.361922446123664, 0.0], [74.15793476779847, 33.36348391787007, 0.0], [74.15434148734921, 33.36552487551434, 0.0], [74.15250527375035, 33.3660827070313, 0.0], [74.15227415706035, 33.36613766174832, 0.0], [74.15058609899003, 33.366517836811596, 0.0], [74.14898910114017, 33.36706042306425, 0.0], [74.14781589917003, 33.36779314354846, 0.0], [74.14653887408174, 33.369215395644815, 0.0], [74.14598092957021, 33.36992436369365, 0.0], [74.14542298579197, 33.370633331290676, 0.0], [74.14464075149257, 33.371862614277454, 0.0], [74.14433759516947, 33.3727096156874, 0.0], [74.1444042813726, 33.37391335737967, 0.0], [74.1444120991227, 33.37404108683813, 0.0], [74.14398985264303, 33.37816574498083, 0.0], [74.1438707971977, 33.37854797267816, 0.0], [74.14313461727188, 33.380610094850965, 0.0], [74.14297991174486, 33.381408122347494, 0.0], [74.14190230141811, 33.38514092956125, 0.0], [74.14179517430308, 33.3855120033616, 0.0], [74.13928687191212, 33.389627696541346, 0.0], [74.13916058258032, 33.3897540772913, 0.0], [74.13870218299977, 33.3903257038278, 0.0], [74.13855146902347, 33.39063276744132, 0.0], [74.1383919209495, 33.390957826198004, 0.0], [74.13727966472905, 33.39084851340544, 0.0], [74.12897030525953, 33.39108935177987, 0.0], [74.12243491367008, 33.3919499479736, 0.0], [74.11898776554843, 33.39311347353984, 0.0], [74.11787940671816, 33.39651049748437, 0.0], [74.11318995461892, 33.39654114452434, 0.0], [74.10894109676276, 33.39493980834487, 0.0], [74.10410653378221, 33.39493805490559, 0.0], [74.0997493393657, 33.39551113271912, 0.0], [74.09383586578181, 33.39404590684644, 0.0], [74.09028846315573, 33.39573661921542, 0.0], [74.09047583330731, 33.3991789003894, 0.0], [74.08902526995527, 33.40367985243022, 0.0], [74.0892126270102, 33.40712208636415, 0.0], [74.09078703631428, 33.41172956158334, 0.0], [74.08893143060789, 33.41420564908063, 0.0], [74.0852381169734, 33.41879549686332, 0.0], [74.08197681985581, 33.42340045540671, 0.0], [74.07875151709611, 33.427280281341766, 0.0], [74.07769632757048, 33.429589031829885, 0.0], [74.07528958741796, 33.43587138322475, 0.0], [74.0742431857771, 33.43946488566074, 0.0], [74.06926113831183, 33.442360858136084, 0.0], [74.06479275534083, 33.445107218702006, 0.0], [74.0602457763095, 33.4496148433079, 0.0], [74.05894466672072, 33.45090459340466, 0.0], [74.05569967106642, 33.45514606794953, 0.0], [74.05373306722775, 33.45979586594, 0.0], [74.05658653022003, 33.46187909697709, 0.0], [74.05951216626305, 33.46544547745493, 0.0], [74.06585178445512, 33.46857355501539, 0.0], [74.06619296340372, 33.470400629838416, 0.0], [74.06469541973361, 33.47434078602985, 0.0], [74.06328888343792, 33.476469080318, 0.0], [74.06050338815321, 33.47871578316412, 0.0], [74.05881911516121, 33.47921515779426, 0.0], [74.05662055975061, 33.47986332836613, 0.0], [74.05566438981116, 33.48164452599562, 0.0], [74.05491303135429, 33.48650384100515, 0.0], [74.05339662567056, 33.49080595406368, 0.0], [74.05166687023991, 33.49074469192518, 0.0], [74.04860324686172, 33.491362223348496, 0.0], [74.04636794441656, 33.49273494915934, 0.0], [74.04617808472824, 33.49327335019116, 0.0], [74.04586225871755, 33.494168955409, 0.0], [74.04524703120263, 33.49777693182688, 0.0], [74.04339763273961, 33.50153713334115, 0.0], [74.04197224580244, 33.50402736578578, 0.0], [74.0400774715574, 33.50722695287016, 0.0], [74.03912093988019, 33.50900791952589, 0.0], [74.03648919942947, 33.50964045391918, 0.0], [74.03428159465751, 33.5090029750694, 0.0], [74.03076659026566, 33.50996703244113, 0.0], [74.02851238288105, 33.51170181056716, 0.0], [74.02746387130567, 33.51529412840171, 0.0], [74.0256502984744, 33.51832950481958, 0.0], [74.02819054984123, 33.51950868830527, 0.0], [74.0324243735615, 33.521473724520256, 0.0], [74.03410937748849, 33.52097431826803, 0.0], [74.03637229596548, 33.5205250068172, 0.0], [74.03719221610005, 33.5199948998607, 0.0], [74.03841656042225, 33.52149003007836, 0.0], [74.03783753145008, 33.52437304709561, 0.0], [74.03607915666908, 33.526321793704646, 0.0], [74.03551837985874, 33.52884244876773, 0.0], [74.0340654819299, 33.5304092070616, 0.0], [74.03144183143355, 33.53232717749852, 0.0], [74.03206007775324, 33.53578205574404, 0.0], [74.03153583019156, 33.53757807989579, 0.0], [74.03499671964799, 33.53770088048102, 0.0], [74.0414492407712, 33.53865552569948, 0.0], [74.04316578313637, 33.53972188095976, 0.0], [74.04488235544818, 33.54078821502821, 0.0], [74.04863904091383, 33.54217647389919, 0.0], [74.04951326483986, 33.54349257703396, 0.0], [74.05290116427658, 33.545064106838055, 0.0], [74.05542404686616, 33.54660495431639, 0.0], [74.0548452733488, 33.549487820422335, 0.0], [74.05513188514475, 33.55240120262417, 0.0], [74.05760916416133, 33.553381035420244, 0.0], [74.05928512604727, 33.554529021450094, 0.0], [74.06235955718586, 33.555196924724584, 0.0], [74.06583923879647, 33.55495683643405, 0.0], [74.06599892792462, 33.5549905550582, 0.0], [74.06679986140612, 33.555159670868406, 0.0], [74.07005666717026, 33.557282925983735, 0.0], [74.07090380634321, 33.55767569611804, 0.0], [74.0717509465574, 33.558068466774394, 0.0], [74.0721742432804, 33.55821864990168, 0.0], [74.07561335554868, 33.55968843656166, 0.0], [74.0758348051717, 33.5597830743825, 0.0], [74.07584232352528, 33.55978628773642, 0.0], [74.07590541547066, 33.55981325048503, 0.0], [74.07592527279863, 33.55982173676324, 0.0], [74.07954659468672, 33.562516422586484, 0.0], [74.07956164309253, 33.56254409670177, 0.0], [74.0795810058958, 33.56257970582979, 0.0], [74.07961696875202, 33.56264584157467, 0.0], [74.07963256781206, 33.56267452756617, 0.0], [74.08141004010625, 33.56594319440628, 0.0], [74.0816264403028, 33.56857739900377, 0.0], [74.08179733875201, 33.56949059389099, 0.0], [74.08158819645355, 33.573313332399486, 0.0], [74.08127117864163, 33.574174500458895, 0.0], [74.08129909258172, 33.575097717847086, 0.0], [74.08342644669521, 33.57589829202979, 0.0], [74.08537222529456, 33.58032129912506, 0.0], [74.08871553230688, 33.58133081369239, 0.0], [74.09359347697621, 33.584964561368494, 0.0], [74.09559029848364, 33.590373145539786, 0.0], [74.09200724507535, 33.59424501494101, 0.0], [74.08729642388293, 33.593815001109974, 0.0], [74.08459879267305, 33.59424919940903, 0.0], [74.0834894574867, 33.594754515275945, 0.0], [74.08238012099382, 33.59525983237079, 0.0], [74.07925940069572, 33.59696423529019, 0.0], [74.07501365665992, 33.59664871647565, 0.0], [74.07200189229634, 33.59617983323038, 0.0], [74.0655982203787, 33.59702722703531, 0.0], [74.06559787665228, 33.59702727206228, 0.0], [74.06450672803022, 33.59717023559677, 0.0], [74.06105348286812, 33.59833367675873, 0.0], [74.0576090200319, 33.59784925280999, 0.0], [74.0562922508854, 33.59816560616197, 0.0], [74.04931203804816, 33.59900752702603, 0.0], [74.04801357266548, 33.59896163074625, 0.0], [74.04404464472195, 33.60027263854004, 0.0], [74.04135609908923, 33.601991665237065, 0.0], [74.03610698063258, 33.60289435305615, 0.0], [74.03230301476103, 33.60094523685634, 0.0], [74.02740915519696, 33.59842600854808, 0.0], [74.02716643178745, 33.59824889291222, 0.0], [74.02045530709123, 33.60376293672054, 0.0], [74.02034807234409, 33.603851039227884, 0.0], [74.02016959743474, 33.603997670730685, 0.0], [74.02015268420045, 33.60401156652628, 0.0], [74.01434411693525, 33.601435492875765, 0.0], [74.00537555348053, 33.598551730728616, 0.0], [73.98933278957507, 33.6018319957369, 0.0], [73.97528524633272, 33.606862731704574, 0.0], [73.96608505098222, 33.61559579674254, 0.0], [73.95204706639548, 33.62017361666751, 0.0], [73.93896850480445, 33.61413664133428, 0.0], [73.93441351162977, 33.60782471849394, 0.0], [73.9276109807809, 33.60101541079449, 0.0], [73.91661267315983, 33.59763255483198, 0.0], [73.90864363706316, 33.59746599304787, 0.0], [73.8932714246235, 33.596242273390125, 0.0], [73.88734881395837, 33.59611747968503, 0.0], [73.88025537595752, 33.60263554569871, 0.0], [73.87391512222617, 33.60205067894522, 0.0], [73.86957529593319, 33.59592135070316, 0.0], [73.85910401272004, 33.58948099340747, 0.0], [73.85175422645243, 33.58671080812104, 0.0], [73.83836101361115, 33.59128956435501, 0.0], [73.83018743419017, 33.59778157446952, 0.0], [73.82296697953255, 33.60825828738291, 0.0], [73.81845270649552, 33.6148285661574, 0.0], [73.8120000503976, 33.61784229279766, 0.0], [73.80028313884915, 33.620290535483186, 0.0], [73.79177370653468, 33.62010458277728, 0.0], [73.78756398578024, 33.61685876148094, 0.0], [73.77974638989461, 33.61182143972655, 0.0], [73.77288180676115, 33.61076934101525, 0.0], [73.76162064373388, 33.61583702743812, 0.0], [73.74920183839404, 33.61997671622585, 0.0], [73.74501260598521, 33.61952316026697, 0.0], [73.74582045049885, 33.61107130622644, 0.0], [73.74703044402114, 33.6035294892908, 0.0], [73.74780921374467, 33.59597790375874, 0.0], [73.74532294318225, 33.588441417495034, 0.0], [73.74397641549947, 33.584359220654875, 0.0], [73.74091840512824, 33.57888485621632, 0.0], [73.73673120531038, 33.578431053375304, 0.0], [73.73177437181313, 33.581834438544085, 0.0], [73.72676618255998, 33.59019226745783, 0.0], [73.72605762802164, 33.59549254533701, 0.0], [73.71733691844086, 33.60196454323037, 0.0], [73.71139410495873, 33.605795437703954, 0.0], [73.71122001790178, 33.6111976696744, 0.0], [73.70021411926497, 33.62158148157459, 0.0], [73.69525878835627, 33.628137018290246, 0.0], [73.68975565132601, 33.631616250541526, 0.0], [73.6707067070016, 33.637219070643376, 0.0], [73.65948797811423, 33.63741262867493, 0.0], [73.648725401411, 33.64338217731391, 0.0], [73.63955925579491, 33.64668452267688, 0.0], [73.63613617825642, 33.652371869326366, 0.0], [73.63371532297107, 33.66033470695374, 0.0], [73.62937812219074, 33.66428874968621, 0.0], [73.61793342949275, 33.67114055729041, 0.0], [73.6134203917501, 33.68031561573456, 0.0], [73.60186627809291, 33.6903168211832, 0.0], [73.59998013103383, 33.69829145583588, 0.0], [73.59818642712992, 33.701488011764745, 0.0], [73.59901998996533, 33.7028770072376, 0.0], [73.59987324156826, 33.70503790683895, 0.0], [73.60003620679248, 33.70762883569862, 0.0], [73.600914606172, 33.71018832655286, 0.0], [73.60313598839915, 33.71508701448186, 0.0], [73.60318601842457, 33.71968141569305, 0.0], [73.60339928845463, 33.723069521617425, 0.0], [73.60347020323874, 33.724196039868254, 0.0], [73.60356238843396, 33.72566042106224, 0.0], [73.60302247501394, 33.72848206757961, 0.0], [73.60302055230602, 33.728485530514426, 0.0], [73.60108896628581, 33.73196448693399, 0.0], [73.5987032929108, 33.73586641872772, 0.0], [73.59870252159102, 33.73586952262874, 0.0], [73.59774873819052, 33.73970546884765, 0.0], [73.59654300320521, 33.74335567628773, 0.0], [73.59678114637532, 33.74714234681099, 0.0], [73.59677873216636, 33.74714697240429, 0.0], [73.59464599355569, 33.751232997663806, 0.0], [73.59171970923354, 33.75415920324881, 0.0], [73.58893168842395, 33.75548049701068, 0.0], [73.58621865870361, 33.7579975172407, 0.0], [73.5839576819937, 33.76009498679229, 0.0], [73.5783184791294, 33.76174067210177, 0.0], [73.57482665225476, 33.763292257893305, 0.0], [73.57260272142621, 33.76598741597064, 0.0], [73.57260189044236, 33.76599125713578, 0.0], [73.57186039290058, 33.76941718829457, 0.0], [73.57185887314216, 33.7694190300257, 0.0], [73.56963622014557, 33.77211228536431, 0.0], [73.56383212940362, 33.774963527677215, 0.0], [73.56119255010472, 33.77867577705886, 0.0], [73.55992250378652, 33.781329071086375, 0.0], [73.55992254675022, 33.7813297536859, 0.0], [73.56012181839168, 33.78451783778887, 0.0], [73.5618529652583, 33.789238552280594, 0.0], [73.56408663844194, 33.7943370044099, 0.0], [73.56683542849797, 33.800012461261886, 0.0], [73.56783855797242, 33.804565001138094, 0.0], [73.56831438545365, 33.808341179994486, 0.0], [73.56880273481465, 33.81231664130295, 0.0], [73.56970623580663, 33.815274788394916, 0.0], [73.57256989850939, 33.81894670652987, 0.0], [73.57470496526362, 33.822450551991295, 0.0], [73.57565875723408, 33.82620580495651, 0.0], [73.57639883208661, 33.830370057973056, 0.0], [73.57658634635038, 33.83335942043567, 0.0], [73.57584360872409, 33.836789086105156, 0.0], [73.57600611500901, 33.83937985778729, 0.0], [73.5769726479344, 33.84333435576727, 0.0], [73.57795177261602, 33.84748812583417, 0.0], [73.58057795754392, 33.85117023138309, 0.0], [73.58324191672891, 33.85545013924799, 0.0], [73.58716316345179, 33.86067415846089, 0.0], [73.58756493067149, 33.8632544274334, 0.0], [73.58712391208168, 33.867670074803534, 0.0], [73.58684658064587, 33.87087954621308, 0.0], [73.58778887214118, 33.87443531984233, 0.0], [73.59105779811411, 33.876890085747476, 0.0], [73.59333355234702, 33.87878877147682, 0.0], [73.59353428309387, 33.88197730887233, 0.0], [73.59352117658061, 33.88557486989678, 0.0], [73.59354571060702, 33.88977027059934, 0.0], [73.59284079574074, 33.893797768659425, 0.0], [73.5928387558173, 33.89380166938923, 0.0], [73.59091583453079, 33.89747899082346, 0.0], [73.58735539882315, 33.901831199103924, 0.0], [73.58443644835428, 33.904956268324376, 0.0], [73.57980667817642, 33.907556499556385, 0.0], [73.57526420101274, 33.91155153120374, 0.0], [73.57116187242723, 33.91492770313883, 0.0], [73.56607810416322, 33.91794682730865, 0.0], [73.56312042512367, 33.92047353582079, 0.0], [73.56134534971562, 33.92274887685167, 0.0], [73.55987162362909, 33.92601019792471, 0.0], [73.5582605214144, 33.92892055093473, 0.0], [73.55771800318311, 33.92990053199923, 0.0], [73.55449568257052, 33.93203885796429, 0.0], [73.55005288417662, 33.93383045435245, 0.0], [73.54861868232032, 33.93565228371888, 0.0], [73.54760974943385, 33.93693385740304, 0.0], [73.54760746434128, 33.936939446101825, 0.0], [73.54636193312051, 33.93998533552849, 0.0], [73.54540292618121, 33.94382354652853, 0.0], [73.54540141710623, 33.9438258360636, 0.0], [73.54255576612898, 33.94814326318174, 0.0], [73.54042572730036, 33.95243181346171, 0.0], [73.53779232919555, 33.956342477735106, 0.0], [73.5377906467804, 33.95634715833741, 0.0], [73.53677062567465, 33.95918418747256, 0.0], [73.53664334120292, 33.96098806216406, 0.0], [73.53642604393929, 33.9651936406103, 0.0], [73.53642369759035, 33.965199116679315, 0.0], [73.53537933831481, 33.96763676708036, 0.0], [73.53381694097071, 33.96950275024737, 0.0], [73.53318901121219, 33.97081066532284, 0.0], [73.53254335010894, 33.972155476779534, 0.0], [73.53254332546177, 33.97215629863865, 0.0], [73.53246564931958, 33.97475644497862, 0.0], [73.5321984316644, 33.97816486918164, 0.0], [73.5315801898566, 33.97979013655602, 0.0], [73.53157987311528, 33.97979045608323, 0.0], [73.52909789906303, 33.98229526695343, 0.0], [73.52909688385468, 33.98229959115002, 0.0], [73.5287580432813, 33.983742970328514, 0.0], [73.5287187918276, 33.983910172726816, 0.0], [73.52778337325007, 33.98814670314643, 0.0], [73.52778147061235, 33.988150331803006, 0.0], [73.52606809202693, 33.991417844536386, 0.0], [73.52332126575132, 33.99353462942672, 0.0], [73.51893673809228, 33.99632146056727, 0.0], [73.5164536267698, 33.99882632033693, 0.0], [73.51645290159578, 33.9988395151499, 0.0], [73.51633847545614, 34.00092133662529, 0.0], [73.51658647454794, 34.00490997660924, 0.0], [73.51755608211498, 34.01034091625918, 0.0], [73.51821494786431, 34.01483803624664, 0.0], [73.51813714730177, 34.01968265222783, 0.0], [73.51788956930376, 34.02179822218512, 0.0], [73.51788746883194, 34.02180171320732, 0.0], [73.51548385062453, 34.02579599279676, 0.0], [73.51212155187852, 34.03067686113583, 0.0], [73.51211943646999, 34.030682188785605, 0.0], [73.51135646237549, 34.03260420184241, 0.0], [73.51138040759405, 34.03502376774572, 0.0], [73.51180654846773, 34.039846596460656, 0.0], [73.51157619192213, 34.044276716073526, 0.0], [73.5113914782284, 34.04944155281906, 0.0], [73.51056970119483, 34.05452856011037, 0.0], [73.51056750476529, 34.05453323829804, 0.0], [73.50900640360092, 34.057858352592966, 0.0], [73.5090062955273, 34.057859242584904, 0.0], [73.50850406728466, 34.06198439056654, 0.0], [73.5077973150722, 34.06485631519124, 0.0], [73.50779569789643, 34.06485898078079, 0.0], [73.50596192930705, 34.06788202072155, 0.0], [73.50358932566594, 34.0704045831794, 0.0], [73.50010094919465, 34.073290755443146, 0.0], [73.5000992391081, 34.07329589488258, 0.0], [73.49967456311406, 34.07457195440937, 0.0], [73.50004164547741, 34.07845006168193, 0.0], [73.5001849229716, 34.08075917837775, 0.0], [73.49964948481524, 34.0843603236592, 0.0], [73.4992271296778, 34.0877461184337, 0.0], [73.50058396301316, 34.09126596356969, 0.0], [73.50125797573445, 34.09397321777506, 0.0], [73.50129469091314, 34.09660260850081, 0.0], [73.50067451037924, 34.09883925858961, 0.0], [73.50067308672713, 34.09884156441422, 0.0], [73.49860537123784, 34.10219050597919, 0.0], [73.49860372674272, 34.1021950233539, 0.0], [73.49763260222485, 34.104863218708914, 0.0], [73.49758861595478, 34.10823271435956, 0.0], [73.49834733324411, 34.11230440618544, 0.0], [73.49772696789088, 34.11454101959015, 0.0], [73.49772500348661, 34.11454527359508, 0.0], [73.4972808136219, 34.11550730350604, 0.0], [73.49728057616912, 34.11550838308669, 0.0], [73.4963925019535, 34.11954442895152, 0.0], [73.49639046885704, 34.11954862317363, 0.0], [73.49493419979213, 34.122553623083704, 0.0], [73.49493383195102, 34.12255518671596, 0.0], [73.4944333718132, 34.12467983428795, 0.0], [73.49537939859796, 34.12769110379849, 0.0], [73.4970957936069, 34.130879780413316, 0.0], [73.49719348704326, 34.132454127567314, 0.0], [73.4971910229604, 34.13245809676068, 0.0], [73.49638812309598, 34.133751513752394, 0.0], [73.49339539717003, 34.13651076562409, 0.0], [73.4917128827584, 34.137950958063705, 0.0], [73.49093341200103, 34.13966813027794, 0.0], [73.49093343759584, 34.13966855149257, 0.0], [73.49102450066816, 34.14113751698321, 0.0], [73.49290628448689, 34.14495054649517, 0.0], [73.49333567042633, 34.14646590436623, 0.0], [73.50217248104781, 34.14435701538366, 0.0], [73.50838417713526, 34.143517440768235, 0.0], [73.51641960556415, 34.14632551001329, 0.0], [73.5287564766742, 34.14401173861788, 0.0], [73.53478937149076, 34.13586903049527, 0.0], [73.53749049285337, 34.13305117414027, 0.0], [73.53880789678368, 34.12947917859306, 0.0], [73.5407518112132, 34.12348972096487, 0.0], [73.54653087483109, 34.116331262646874, 0.0], [73.55214416160496, 34.110790142488405, 0.0], [73.55695181082397, 34.10658079402527, 0.0], [73.56940026150987, 34.097688525068854, 0.0], [73.57978216308926, 34.09207942978841, 0.0], [73.58585262120188, 34.08573660432024, 0.0], [73.59015877348344, 34.080252738386996, 0.0], [73.5926636842365, 34.073554768545556, 0.0], [73.6008072319762, 34.06671951232099, 0.0], [73.6048223583986, 34.06654386253853, 0.0], [73.608562789605, 34.068073345759444, 0.0], [73.61170393897164, 34.071300583418804, 0.0], [73.61211997676291, 34.075004232997955, 0.0], [73.61164823166446, 34.07931781306572, 0.0], [73.61479914827414, 34.08227484049925, 0.0], [73.61820639666705, 34.0840665246705, 0.0], [73.62091207167127, 34.08097647777905, 0.0], [73.62169275525225, 34.0771206731869, 0.0], [73.62443769641692, 34.07286020084778, 0.0], [73.6301815649377, 34.06641740938066, 0.0], [73.63538020221976, 34.06005162774973, 0.0], [73.64208087241472, 34.05732444120381, 0.0], [73.65309325644424, 34.05523720287278, 0.0], [73.6661682415135, 34.05625982583233, 0.0], [73.67746060010978, 34.058771905840246, 0.0], [73.68432673055636, 34.0608213446913, 0.0], [73.6905536982532, 34.065829041305726, 0.0], [73.69477000700466, 34.07268273123576, 0.0], [73.69725607245284, 34.07616308542733, 0.0], [73.70623768276683, 34.076547580850956, 0.0], [73.71501448005878, 34.07656647232637, 0.0], [73.72629961668899, 34.076100846852675, 0.0], [73.74265930141087, 34.0761983800963, 0.0], [73.75288823132671, 34.07822930366302, 0.0], [73.76424969424204, 34.07875289864899, 0.0], [73.77546551145628, 34.08044343233703, 0.0], [73.78181728511538, 34.08175536091642, 0.0], [73.78839056349433, 34.082602334400406, 0.0], [73.79096676827945, 34.08718472380342, 0.0], [73.79364318643957, 34.083007240588735, 0.0], [73.79922102898658, 34.08312990495019, 0.0], [73.80886781233139, 34.0830711752864, 0.0], [73.82726042686033, 34.0805889798735, 0.0], [73.84084633689078, 34.07583786981058, 0.0], [73.84881708179334, 34.07042354051646, 0.0], [73.85722416101589, 34.05790000033172, 0.0], [73.86514549402021, 34.04698731246305, 0.0], [73.87386962396045, 34.03455927595461, 0.0], [73.88282202506444, 34.028713125308094, 0.0], [73.88785292479885, 34.02710804914642, 0.0], [73.89602229629624, 34.02556911361891, 0.0], [73.90503236650483, 34.02485845898075, 0.0], [73.91851752675377, 34.022979539897925, 0.0], [73.92465148231467, 34.02067525832732, 0.0], [73.93593907332766, 34.012621211805744, 0.0], [73.94770848351199, 34.00286408528953, 0.0], [73.95812315720796, 33.99487985987412, 0.0], [73.9785982842399, 33.990705510398726, 0.0], [73.99410301003341, 33.98615618281188, 0.0], [74.00186518971401, 33.979826218063764, 0.0], [74.00522318045178, 33.972325239057724, 0.0], [74.00575809117727, 33.96512746625172, 0.0], [74.00935282354695, 33.96060465869289, 0.0], [74.02039675046595, 33.96037696850611, 0.0], [74.02839809712573, 33.95684336157513, 0.0], [74.03707539267765, 33.95611604918811, 0.0], [74.04371274784546, 33.9585913934769, 0.0], [74.05506784185738, 33.96260188975892, 0.0], [74.0644667469311, 33.96693316929606, 0.0], [74.0787603956213, 33.974243677176, 0.0], [74.08482387854623, 33.977967113735446, 0.0], [74.09061673286733, 33.979792645824254, 0.0], [74.10269151284443, 33.981470145687325, 0.0], [74.110155253615, 33.98548989671314, 0.0], [74.11409737065397, 33.99160379860029, 0.0], [74.12634340906018, 33.998869151948355, 0.0], [74.13007788279668, 34.00083342624814, 0.0], [74.14435266534217, 34.00137770761071, 0.0], [74.15559381953716, 33.99807797380438, 0.0], [74.1648277507536, 33.992936941917456, 0.0], [74.17507615894101, 33.99024734858094, 0.0], [74.18548910093536, 33.98945229904194, 0.0], [74.19125802436724, 33.992263956270826, 0.0], [74.19868796904976, 33.99771975549944, 0.0], [74.20531871027717, 34.0007271747287, 0.0], [74.21826902638112, 34.00222942150911, 0.0], [74.23579801999713, 34.00255308887694, 0.0], [74.25086519786375, 34.00306330363478, 0.0], [74.25312098957316, 34.00313957499886, 0.0], [74.25408166481839, 34.003172047467295, 0.0], [74.25533142343637, 34.00321428323325, 0.0], [74.25533161523802, 34.00321429790278, 0.0], [74.25303122241301, 34.011232273525444, 0.0], [74.2527088347041, 34.01235584020659, 0.0], [74.25062085552563, 34.01963211823341, 0.0], [74.2506002372369, 34.01970396571085, 0.0], [74.25058915604073, 34.019742578404944, 0.0], [74.24933753849082, 34.02074269200695, 0.0], [74.2477997516178, 34.021971431250584, 0.0], [74.24463618599738, 34.02449907640691, 0.0], [74.23514120627406, 34.02500377638906, 0.0], [74.229956615714, 34.02643278945326, 0.0], [74.22622843673402, 34.02814437947877, 0.0], [74.2239994612233, 34.02981099427123, 0.0], [74.2234643919382, 34.030211055347564, 0.0], [74.22116978541675, 34.03106708361437, 0.0], [74.21887517860165, 34.03192311113582, 0.0], [74.21843255108848, 34.03208880722977, 0.0], [74.2118285323304, 34.03456080149284, 0.0], [74.20395367762933, 34.0343612107986, 0.0], [74.20248132746227, 34.03432385249187, 0.0], [74.19814077545729, 34.03421364523535, 0.0], [74.19364531344229, 34.03229603555998, 0.0], [74.19149864912707, 34.02895256451868, 0.0], [74.18900703959885, 34.027376221531306, 0.0], [74.18561673741976, 34.02574166051272, 0.0], [74.18303054665844, 34.0258433187552, 0.0], [74.18015983432724, 34.025956114886895, 0.0], [74.17504419674623, 34.02674267773999, 0.0], [74.17414597984907, 34.02752513513387, 0.0], [74.17324776156089, 34.028307591497374, 0.0], [74.1679282162991, 34.03300652354071, 0.0], [74.16423064912192, 34.03393185609278, 0.0], [74.16187575090363, 34.03382052018746, 0.0], [74.15750098523827, 34.03361360092713, 0.0], [74.1569374678581, 34.03358693955005, 0.0], [74.1514807210307, 34.036220681912575, 0.0], [74.1513523196732, 34.036532090169956, 0.0], [74.1512543429299, 34.03676970750457, 0.0], [74.15099648884056, 34.03739506193676, 0.0], [74.14201195268824, 34.04148732851226, 0.0], [74.13613712977026, 34.04284035406693, 0.0], [74.12999531563064, 34.04513837972145, 0.0], [74.12929283017687, 34.04540120030551, 0.0], [74.1281178007063, 34.04597144204163, 0.0], [74.12250101391234, 34.047926360600194, 0.0], [74.12049918802032, 34.03659331195169, 0.0], [74.1176675173256, 34.03595309467637, 0.0], [74.1122747710115, 34.035028572390615, 0.0], [74.11127309742807, 34.03531244823511, 0.0], [74.11027142415445, 34.035596323493785, 0.0], [74.10902855667132, 34.03673191436474, 0.0], [74.10660529853259, 34.038264401969606, 0.0], [74.10342721918249, 34.037019767523184, 0.0], [74.10093763511244, 34.03296249591195, 0.0], [74.09817847928551, 34.02627259948299, 0.0], [74.09576051715956, 34.02015069598137, 0.0], [74.09179343282366, 34.01749916375179, 0.0], [74.08253127087724, 34.01763612466489, 0.0], [74.07707382884115, 34.01927046761526, 0.0], [74.07327241522455, 34.02133343765999, 0.0], [74.06687901931329, 34.0213666578438, 0.0], [74.06232291854528, 34.018556177588486, 0.0], [74.06049414692339, 34.017287490994576, 0.0], [74.05513800615526, 34.013571437478504, 0.0], [74.05278890989831, 34.01342584610014, 0.0], [74.05206335323561, 34.01367556623756, 0.0], [74.05133779660449, 34.01392528588112, 0.0], [74.04981439346861, 34.016556826532096, 0.0], [74.04521386293699, 34.01872218519334, 0.0], [74.04151933205024, 34.01861151493725, 0.0], [74.03702783895307, 34.01711643596249, 0.0], [74.0319853609221, 34.01462005238231, 0.0], [74.02881091978955, 34.011917459049556, 0.0], [74.02701827748827, 34.00799894791433, 0.0], [74.02463256422985, 33.99999992238467, 0.0], [74.01665367385316, 34.00317166301971, 0.0], [74.01326408190168, 34.00850569165717, 0.0], [74.00683226004524, 34.014218924980575, 0.0], [74.00421140531827, 34.016716883258596, 0.0], [73.99871642202912, 34.01909189476006, 0.0], [73.99486329820091, 34.017912939567175, 0.0], [73.99412635872308, 34.017324913571116, 0.0], [73.99404420617844, 34.01717150104418, 0.0], [73.99376769236086, 34.01684268343959, 0.0], [73.99349137232366, 34.01665365278017, 0.0], [73.99300926857937, 34.01640170064053, 0.0], [73.9928476388956, 34.01630458295506, 0.0], [73.99203744973458, 34.01565810888328, 0.0], [73.99200311888401, 34.01563478406722, 0.0], [73.9919199557908, 34.01549671046302, 0.0], [73.9915189137071, 34.01518607651356, 0.0], [73.99116673281476, 34.01495646634202, 0.0], [73.99083993092894, 34.01484450625343, 0.0], [73.99048411303696, 34.01460276084321, 0.0], [73.9903270460728, 34.01443886439755, 0.0], [73.9900776972725, 34.014186738661664, 0.0], [73.98977426038235, 34.013966092609465, 0.0], [73.98942762421947, 34.0137996501794, 0.0], [73.98913371629283, 34.013723241206684, 0.0], [73.9883902904104, 34.01329152689886, 0.0], [73.98837677653859, 34.01328228352727, 0.0], [73.98798128744357, 34.0130076683066, 0.0], [73.9875856873993, 34.01270599449623, 0.0], [73.98741770196452, 34.012588996541496, 0.0], [73.98721180675619, 34.012417845241195, 0.0], [73.98680044190289, 34.012422754532054, 0.0], [73.9861833090838, 34.01240080392331, 0.0], [73.98533344709149, 34.01236096821564, 0.0], [73.98452702473091, 34.01245640174825, 0.0], [73.98406180102019, 34.01264609357969, 0.0], [73.98396040270448, 34.01267005303282, 0.0], [73.9832438960632, 34.01270792688071, 0.0], [73.9831631797491, 34.01273379767519, 0.0], [73.98314707692977, 34.01273259506073, 0.0], [73.98267073033544, 34.01270142026365, 0.0], [73.98231345918504, 34.01271072953583, 0.0], [73.98185370387596, 34.01296809536339, 0.0], [73.98172385969046, 34.0130313226757, 0.0], [73.9811769151095, 34.0133704023928, 0.0], [73.97893815622268, 34.014087931762475, 0.0], [73.97488796111749, 34.01337559230591, 0.0], [73.97479022295889, 34.01334374258399, 0.0], [73.97409165432062, 34.01308729684832, 0.0], [73.97380466804796, 34.01300644182735, 0.0], [73.9730575817674, 34.01291236705911, 0.0], [73.97242967524143, 34.01291289485046, 0.0], [73.97166644890596, 34.012972078358786, 0.0], [73.97159659474221, 34.01297681897368, 0.0], [73.96964053096374, 34.01283952765717, 0.0], [73.96805176440613, 34.012041923788466, 0.0], [73.96784366378618, 34.01183909467987, 0.0], [73.96750213728993, 34.011406683966904, 0.0], [73.96714462944212, 34.01112294146168, 0.0], [73.96684136074248, 34.011019478756594, 0.0], [73.9665165376243, 34.010970124739224, 0.0], [73.96601874848679, 34.01108317914166, 0.0], [73.96568343698614, 34.01135388674435, 0.0], [73.96547260576634, 34.011656121512196, 0.0], [73.9652077805918, 34.01200786441457, 0.0], [73.9649194415553, 34.01235035396692, 0.0], [73.96356521743577, 34.01292017977243, 0.0], [73.96180222447914, 34.01349457129795, 0.0], [73.96135533393101, 34.0135793018159, 0.0], [73.96076532409377, 34.01359776530968, 0.0], [73.9604461027177, 34.01367460949395, 0.0], [73.96007823206607, 34.01388676761842, 0.0], [73.95950968057083, 34.01424149373181, 0.0], [73.95829458652359, 34.01463737817515, 0.0], [73.9550110298907, 34.01504592909951, 0.0], [73.9542602292746, 34.01504011843994, 0.0], [73.95258248440203, 34.01533868588083, 0.0], [73.95102387842682, 34.01574989449248, 0.0], [73.94955193043546, 34.016237577666004, 0.0], [73.94880520001952, 34.016571638213776, 0.0], [73.94852473275566, 34.016750667709985, 0.0], [73.948506279298, 34.016756639517766, 0.0], [73.94484145162895, 34.018262079172565, 0.0], [73.94358005253481, 34.01866812677554, 0.0], [73.94234377286098, 34.018982476929985, 0.0], [73.941775462619, 34.01908192863345, 0.0], [73.94105021252815, 34.0193212534715, 0.0], [73.94018978815437, 34.01970938509076, 0.0], [73.93948638576349, 34.02013349573315, 0.0], [73.9384906280463, 34.02062081929128, 0.0], [73.9369541459319, 34.02180716143775, 0.0], [73.93489293760967, 34.023741968450665, 0.0], [73.93462241066449, 34.024012563199925, 0.0], [73.93435188247133, 34.024283157270126, 0.0], [73.93356228552314, 34.02540143547753, 0.0], [73.93349598940783, 34.02566561535715, 0.0], [73.93280958140124, 34.02667293857146, 0.0], [73.93255403545248, 34.026897869409446, 0.0], [73.93042207563823, 34.02877436343038, 0.0], [73.92901950394614, 34.030008815188744, 0.0], [73.9281846179894, 34.03061975220523, 0.0], [73.92810858228847, 34.03067335987877, 0.0], [73.92284261864756, 34.034236541490564, 0.0], [73.92218522589913, 34.03500986738775, 0.0], [73.92152783303048, 34.03578319173979, 0.0], [73.91972057749932, 34.03793405259156, 0.0], [73.91930391664205, 34.038389420626956, 0.0], [73.91917328362172, 34.03863492014391, 0.0], [73.91889919949857, 34.038964797628545, 0.0], [73.91533998413094, 34.0400241876005, 0.0], [73.9150054467894, 34.040058805970595, 0.0], [73.91439902591613, 34.040117572274795, 0.0], [73.91366279085477, 34.04044239945945, 0.0], [73.91336641681855, 34.040598043737326, 0.0], [73.91137627077644, 34.04116881665538, 0.0], [73.91083664395806, 34.04124112019647, 0.0], [73.91038735113457, 34.04136294336167, 0.0], [73.90964028361576, 34.04179586961446, 0.0], [73.90859540606958, 34.042287469940284, 0.0], [73.90810260769618, 34.042346222025664, 0.0], [73.90746385731819, 34.0428377221094, 0.0], [73.90666269971841, 34.04333832605124, 0.0], [73.90638663937706, 34.04350063402125, 0.0], [73.90574780245028, 34.04387948676651, 0.0], [73.90502235515464, 34.04450619884225, 0.0], [73.90466891978834, 34.04493070508967, 0.0], [73.90371002157987, 34.04566176529211, 0.0], [73.90304218846909, 34.04621167460654, 0.0], [73.90271620608954, 34.04633238802779, 0.0], [73.90218016118037, 34.04650823681668, 0.0], [73.90151969505546, 34.04704036392432, 0.0], [73.90111372168464, 34.0475633104693, 0.0], [73.90082149693059, 34.048027661207286, 0.0], [73.90049666002352, 34.04855060799508, 0.0], [73.90015025008243, 34.049023942109656, 0.0], [73.89995002860461, 34.04941667852869, 0.0], [73.89928426579066, 34.05046886701084, 0.0], [73.89893223755146, 34.05092984078183, 0.0], [73.8986346625435, 34.051278094498656, 0.0], [73.89810759720528, 34.052009691961516, 0.0], [73.89790471359169, 34.052275364741185, 0.0], [73.89760608807018, 34.052630624687076, 0.0], [73.89720010487015, 34.05322570138903, 0.0], [73.89705390083601, 34.05338798065641, 0.0], [73.89655047360095, 34.05430313900707, 0.0], [73.89633406790392, 34.0549162379654, 0.0], [73.89625283543133, 34.0551145398196, 0.0], [73.8962475081731, 34.055191146943095, 0.0], [73.89604183642345, 34.05596198034328, 0.0], [73.8958578361325, 34.05649844387029, 0.0], [73.89582546819356, 34.057039336780456, 0.0], [73.89581754440495, 34.05722617244184, 0.0], [73.89543065268117, 34.059099423541795, 0.0], [73.89348141824635, 34.061318604229584, 0.0], [73.89339328286523, 34.061388683708344, 0.0], [73.8931510504993, 34.061488848457216, 0.0], [73.89240378579171, 34.06190813555957, 0.0], [73.8914668880413, 34.0624852416069, 0.0], [73.89089288026264, 34.06289553021049, 0.0], [73.89057338224265, 34.0630578606262, 0.0], [73.89024846673934, 34.063752123075524, 0.0], [73.89032985234148, 34.06411719228017, 0.0], [73.89040982319548, 34.064395133969775, 0.0], [73.89057367043212, 34.064964578444396, 0.0], [73.89078522392012, 34.06621767261343, 0.0], [73.89062830959003, 34.06739871980441, 0.0], [73.89061694125175, 34.06748982264681, 0.0], [73.89048769789504, 34.068525625900996, 0.0], [73.89046607778049, 34.068687847256676, 0.0], [73.89067735677772, 34.06888166220989, 0.0], [73.89120289929505, 34.06939999087066, 0.0], [73.89134572611594, 34.06949506416169, 0.0], [73.89194336177859, 34.07151342448375, 0.0], [73.89193457435306, 34.07153199606676, 0.0], [73.89160427941702, 34.072163085362654, 0.0], [73.89168550217587, 34.07221720665335, 0.0], [73.89170721731855, 34.072338878033435, 0.0], [73.89185348635534, 34.0724245155735, 0.0], [73.89203224938895, 34.07252812325216, 0.0], [73.89228149476243, 34.07264535230716, 0.0], [73.89263903856194, 34.07272640096856, 0.0], [73.89278880293908, 34.07276473269567, 0.0], [73.89596191886972, 34.07589533329973, 0.0], [73.89594951005061, 34.07630493439287, 0.0], [73.89600382683973, 34.07651221045034, 0.0], [73.89620422496375, 34.0767285526354, 0.0], [73.89638789697385, 34.07686626830889, 0.0], [73.89658890574741, 34.077016980602636, 0.0], [73.89704944299086, 34.07725586090352, 0.0], [73.89744500002816, 34.07744960440449, 0.0], [73.89747852351478, 34.07747217173089, 0.0], [73.89970191058822, 34.079848862817094, 0.0], [73.90061516591186, 34.08349644762968, 0.0], [73.90072518717524, 34.08380409054722, 0.0], [73.90072983708669, 34.08416520239131, 0.0], [73.90064320208762, 34.084503331557265, 0.0], [73.90073006231233, 34.08487745992247, 0.0], [73.9011815357008, 34.08536603098966, 0.0], [73.90135646718315, 34.08556927813559, 0.0], [73.9019088242412, 34.08711378255921, 0.0], [73.90189126512983, 34.08807612610888, 0.0], [73.90183626045295, 34.088167713947804, 0.0], [73.9017171440313, 34.088343584654965, 0.0], [73.90151687007358, 34.088852944353455, 0.0], [73.90151156370095, 34.08927215088163, 0.0], [73.90159831868301, 34.08952913381793, 0.0], [73.90164718702405, 34.08979055685809, 0.0], [73.90183683360615, 34.0900204101835, 0.0], [73.90185524635125, 34.09005014674171, 0.0], [73.90185393393165, 34.090122120135995, 0.0], [73.90216252107456, 34.09085389571515, 0.0], [73.90221112887896, 34.09116969348461, 0.0], [73.90255807437103, 34.09193591100273, 0.0], [73.90264983710978, 34.09200950181737, 0.0], [73.90344111768633, 34.09388592251027, 0.0], [73.90344548302176, 34.09390424884068, 0.0], [73.90344194865924, 34.09409490728231, 0.0], [73.90343666623349, 34.09449607747033, 0.0], [73.90345849563779, 34.094761947381706, 0.0], [73.90353432716968, 34.09500088433872, 0.0], [73.90378944043701, 34.095348624015614, 0.0], [73.90430386812427, 34.09750884727468, 0.0], [73.90417202597006, 34.09825472345793, 0.0], [73.9039745310117, 34.09863390028928, 0.0], [73.90383923730583, 34.09913879296684, 0.0], [73.90380142636536, 34.09954896266993, 0.0], [73.9037257836944, 34.10001777279202, 0.0], [73.90361752638672, 34.100468525750316, 0.0], [73.9036014035866, 34.1008697795407, 0.0], [73.90358520173095, 34.10105008731599, 0.0], [73.90361243694845, 34.10139265957327, 0.0], [73.90366127463258, 34.10164055478333, 0.0], [73.90380224884696, 34.101965022118165, 0.0], [73.90389998626105, 34.10233013854254, 0.0], [73.90413311184821, 34.10265461697904, 0.0], [73.90413541773003, 34.10265907347679, 0.0], [73.90445918621363, 34.10405708333977, 0.0], [73.90450215361878, 34.10439444388018, 0.0], [73.90452387769123, 34.10466040221097, 0.0], [73.90467042184652, 34.10513362897047, 0.0], [73.90468678222008, 34.10552128570222, 0.0], [73.9049633442646, 34.10615231683799, 0.0], [73.90505568766942, 34.106499346286924, 0.0], [73.90526172362347, 34.10695010582774, 0.0], [73.90569536106597, 34.10742327461101, 0.0], [73.90637795634579, 34.10683262336739, 0.0], [73.90715460364979, 34.10633131107656, 0.0], [73.90830813249788, 34.106029724995835, 0.0], [73.90968969749562, 34.105797073312274, 0.0], [73.90971017187205, 34.10579494990523, 0.0], [73.90979567116085, 34.10577922830864, 0.0], [73.91189059585652, 34.10542644873497, 0.0], [73.91493656622218, 34.10544512888308, 0.0], [73.91510395929268, 34.10545420828512, 0.0], [73.91537820141502, 34.10551822524187, 0.0], [73.91589852039779, 34.10560822144807, 0.0], [73.91692107217041, 34.10568236748924, 0.0], [73.9181257693058, 34.105769714596164, 0.0], [73.9186459598522, 34.10574246101614, 0.0], [73.91883012835449, 34.105701787879816, 0.0], [73.91925261926154, 34.10538608185945, 0.0], [73.91939312145556, 34.105219039650414, 0.0], [73.922370020393, 34.10333095780127, 0.0], [73.9259896396083, 34.105319182928085, 0.0], [73.92604806206215, 34.10561784346172, 0.0], [73.92607541728137, 34.1060955948348, 0.0], [73.92614074362893, 34.106528317938725, 0.0], [73.92623312926595, 34.10694747747357, 0.0], [73.92631994456505, 34.107258462837216, 0.0], [73.926341786785, 34.107443255330026, 0.0], [73.92639067872516, 34.10771819511027, 0.0], [73.92649407045154, 34.108313215673256, 0.0], [73.92652674888565, 34.10868730467793, 0.0], [73.92659751421229, 34.10918761916735, 0.0], [73.9266302446095, 34.109566217147325, 0.0], [73.9266792723143, 34.10997643184894, 0.0], [73.92678786693392, 34.11022880708594, 0.0], [73.9269556559568, 34.1104379505431, 0.0], [73.9271924803261, 34.11124074022527, 0.0], [73.92726561741482, 34.111589853034474, 0.0], [73.92734188377857, 34.11174718910075, 0.0], [73.92811094619469, 34.11435416243971, 0.0], [73.92766111962878, 34.119275426296284, 0.0], [73.92741703330839, 34.119829625396804, 0.0], [73.92720056559732, 34.12025348132942, 0.0], [73.92702736893601, 34.12065922793162, 0.0], [73.92688669695156, 34.12107400658633, 0.0], [73.92676767457893, 34.12145713886181, 0.0], [73.92679523034533, 34.12223699993057, 0.0], [73.92689301398299, 34.122547987810435, 0.0], [73.92689326116344, 34.12285451765742, 0.0], [73.92691507236037, 34.12318801955521, 0.0], [73.92694238513327, 34.12356665851871, 0.0], [73.92707269380969, 34.12380100652865, 0.0], [73.92714872872536, 34.124039839976916, 0.0], [73.92724395798697, 34.12413627174697, 0.0], [73.92724284284301, 34.12414929220172, 0.0], [73.92730299761404, 34.124462667261476, 0.0], [73.9272846361647, 34.124697908791326, 0.0], [73.92730091249165, 34.12486019658892, 0.0], [73.92741498723986, 34.12513507472216, 0.0], [73.92743658259658, 34.12515857501756, 0.0], [73.92782711271622, 34.127193041955366, 0.0], [73.92764962612416, 34.1276186466535, 0.0], [73.9276119263607, 34.128096460921434, 0.0], [73.92776926492931, 34.12838939140931, 0.0], [73.9278398172681, 34.12846152165208, 0.0], [73.92815981011043, 34.12868670074108, 0.0], [73.92879415975636, 34.12904250234228, 0.0], [73.92898674803217, 34.129140369236275, 0.0], [73.93057524510787, 34.131119624608736, 0.0], [73.93009539470408, 34.134684886926735, 0.0], [73.93002974964949, 34.134879671220695, 0.0], [73.92984969791425, 34.135172406973425, 0.0], [73.92970364959122, 34.135582631066974, 0.0], [73.92956847270368, 34.13603344271789, 0.0], [73.9292436182321, 34.13675025618107, 0.0], [73.92901083825235, 34.13718307959862, 0.0], [73.92878338143855, 34.13759791313976, 0.0], [73.92875658222495, 34.137985549996706, 0.0], [73.928794651065, 34.13826048294563, 0.0], [73.92907683312782, 34.138666056711926, 0.0], [73.92941309123515, 34.138868740657365, 0.0], [73.92986331320316, 34.13930580622273, 0.0], [73.93038182063876, 34.139900713049656, 0.0], [73.93078457908362, 34.14048815427875, 0.0], [73.93083127188733, 34.14052936906125, 0.0], [73.9308616504842, 34.140571992235905, 0.0], [73.9312848544325, 34.141157707680776, 0.0], [73.93152354743297, 34.141495710607614, 0.0], [73.93201188653072, 34.14199126750982, 0.0], [73.93255434389687, 34.14250487768123, 0.0], [73.93304242726087, 34.142788682407854, 0.0], [73.93354132769169, 34.142937127216314, 0.0], [73.93414859391575, 34.143058553398596, 0.0], [73.93490769006434, 34.14332865192667, 0.0], [73.93569943680843, 34.1435987586023, 0.0], [73.93629053173017, 34.14386883419605, 0.0], [73.93679474429534, 34.14393173057713, 0.0], [73.93762975954665, 34.14402147495769, 0.0], [73.9380960210552, 34.144066271055095, 0.0], [73.93920207695805, 34.14418287885585, 0.0], [73.94028105161672, 34.144349112026184, 0.0], [73.9411539474306, 34.14451545328194, 0.0], [73.94226558891674, 34.144785210768276, 0.0], [73.94276167780778, 34.14485256504031, 0.0], [73.9432577650483, 34.14491991867068, 0.0], [73.94336515393898, 34.1449385247389, 0.0], [73.94385422409017, 34.145023259786186, 0.0], [73.94412341602089, 34.14515538598878, 0.0], [73.94459722462568, 34.145387940141205, 0.0], [73.94532392997817, 34.14568502189078, 0.0], [73.94602915038153, 34.14616696446461, 0.0], [73.94655523333809, 34.146391974165205, 0.0], [73.94738490565786, 34.14665295118584, 0.0], [73.94774363845197, 34.146736699671074, 0.0], [73.94830709156834, 34.14691181370803, 0.0], [73.94860454028571, 34.14700425647962, 0.0], [73.94961100737441, 34.147317048991056, 0.0], [73.95004226464297, 34.14753477783801, 0.0], [73.95101838401786, 34.147813666683376, 0.0], [73.95429332911866, 34.14815868605026, 0.0], [73.95732518118675, 34.149301553304916, 0.0], [73.96031429311063, 34.15107101610619, 0.0], [73.96393876734174, 34.153718818289995, 0.0], [73.96473397343574, 34.15450511472138, 0.0], [73.9660570063075, 34.1558132893695, 0.0], [73.96817532107521, 34.15790771809819, 0.0], [73.96910091711818, 34.1589212030146, 0.0], [73.97142882615753, 34.16042484932735, 0.0], [73.97473375141348, 34.16277963492746, 0.0], [73.97571341936894, 34.16344049582816, 0.0], [73.97769695968016, 34.16477851429646, 0.0], [73.98061082615267, 34.166317620859594, 0.0], [73.98167431953149, 34.166805759299585, 0.0], [73.98541950506909, 34.1694551122405, 0.0], [73.98999096040853, 34.1733454634231, 0.0], [73.99117442307951, 34.174343506251645, 0.0], [73.99210975259551, 34.17513227289098, 0.0], [73.99213081862747, 34.175150037247164, 0.0], [73.99226993276619, 34.17526735077262, 0.0], [73.99249262451, 34.175455144657576, 0.0], [73.9925536729702, 34.17550662559393, 0.0], [73.99579540580031, 34.17900662649661, 0.0], [73.99589760336323, 34.17911696181625, 0.0], [73.9959626543336, 34.17918719226095, 0.0], [73.9959881647633, 34.1792147350641, 0.0], [73.99609083953305, 34.17932558596375, 0.0], [73.99622011725347, 34.17946515629885, 0.0], [73.99866480611333, 34.1822123085844, 0.0], [73.9999642843011, 34.185222973412586, 0.0], [73.99999995970343, 34.18534293791285, 0.0], [74.00286362707718, 34.1881348309505, 0.0], [74.00354552897359, 34.188777448582094, 0.0], [74.00470332537645, 34.19316939581103, 0.0], [74.00145860268725, 34.197595746291256, 0.0], [74.00028914803846, 34.19856212260609, 0.0], [73.99855552710669, 34.201666921294695, 0.0], [73.99837479311279, 34.20236574726861, 0.0], [73.9981940601313, 34.20306457329826, 0.0], [73.99809754122566, 34.205138095782566, 0.0], [73.99797333801303, 34.20638005626694, 0.0], [73.99787662182844, 34.20703150063036, 0.0], [73.9978785199817, 34.20834761703858, 0.0], [73.99809701665538, 34.20935708555513, 0.0], [73.99815630501435, 34.21061599405706, 0.0], [73.99879188294362, 34.21120131806332, 0.0], [74.0001131277345, 34.2134685149934, 0.0], [74.00301278451704, 34.214511457508245, 0.0], [74.00377386224565, 34.21475508578047, 0.0], [74.0037739105, 34.21475510106691, 0.0], [74.00747905965558, 34.21664460227928, 0.0], [74.00762241980348, 34.21906832644318, 0.0], [74.00781835144252, 34.22238069204414, 0.0], [74.00670409999344, 34.22787075094656, 0.0], [74.00659454360505, 34.228410512873204, 0.0], [74.00348200163252, 34.23254455902725, 0.0], [74.00108683703492, 34.23362459081336, 0.0], [74.00010874609546, 34.23398655315881, 0.0], [74.00005434200658, 34.23409016334262, 0.0], [73.99781957316061, 34.238346233001934, 0.0], [73.99532562410165, 34.24235301163045, 0.0], [73.99274315726043, 34.246036279265255, 0.0], [73.99129161684809, 34.247850883339055, 0.0], [73.9906277052256, 34.24868082858267, 0.0], [73.99055411092426, 34.24877282620288, 0.0], [73.99035222303807, 34.2490251994806, 0.0], [73.99011731629831, 34.24931884628306, 0.0], [73.98964127750794, 34.24991391480222, 0.0], [73.98952251783277, 34.250062367497016, 0.0], [73.98608178300495, 34.254191019414634, 0.0], [73.9855448514531, 34.254835300365734, 0.0], [73.98413871384382, 34.256522570437504, 0.0], [73.98400813610282, 34.25675045174733, 0.0], [73.9839748860917, 34.256808479960426, 0.0], [73.98387280176333, 34.25698663458228, 0.0], [73.98373524760083, 34.257226689425295, 0.0], [73.98371468693469, 34.257262570261005, 0.0], [73.98357958308735, 34.25750221567232, 0.0], [73.98356083991412, 34.25807456553402, 0.0], [73.98342407884456, 34.26225043787216, 0.0], [73.98296823813776, 34.26657083099637, 0.0], [73.98071075628089, 34.27066554187004, 0.0], [73.97691082128362, 34.27226893433865, 0.0], [73.97264979747882, 34.273286586850716, 0.0], [73.96820924125156, 34.27414205919714, 0.0], [73.9644196160807, 34.27430713537388, 0.0], [73.96081425746114, 34.27431872770711, 0.0], [73.95773595071633, 34.2746048770875, 0.0], [73.9424026342713, 34.27481827299932, 0.0], [73.93921556267999, 34.27853532185869, 0.0], [73.93805376674354, 34.28249116710005, 0.0], [73.93379129156975, 34.28277284387912, 0.0], [73.93376759637471, 34.287663458573434, 0.0], [73.93376658401475, 34.287872417654036, 0.0], [73.93374389915085, 34.29255399145249, 0.0], [73.93850084096321, 34.29907165081633, 0.0], [73.93872052089257, 34.30218838518073, 0.0], [73.93855206144389, 34.309323782112436, 0.0], [73.92698795730487, 34.31005952000462, 0.0], [73.9270707899957, 34.30349666736452, 0.0], [73.9202106623354, 34.30340924207129, 0.0], [73.91467613648744, 34.30378985237811, 0.0], [73.91452317112646, 34.307645982586195, 0.0], [73.91612954878221, 34.31009972282689, 0.0], [73.91841405690897, 34.31215672327905, 0.0], [73.9185940642401, 34.31231879901494, 0.0], [73.92184655982287, 34.31473130389579, 0.0], [73.92533917045776, 34.31717141119548, 0.0], [73.92503365836434, 34.3210359214368, 0.0], [73.92695301151687, 34.32368549117447, 0.0], [73.93030184868157, 34.32689782389635, 0.0], [73.93151521633565, 34.32957463789513, 0.0], [73.93341635882179, 34.33403758793367, 0.0], [73.92974250157482, 34.3355072426457, 0.0], [73.92560775948103, 34.33604537828821, 0.0], [73.92176112954475, 34.33676364986217, 0.0], [73.91769322718912, 34.34036654605925, 0.0], [73.91263527624844, 34.34264900340969, 0.0], [73.91179260460693, 34.34711654958345, 0.0], [73.91162687604061, 34.34799513661491, 0.0], [73.90441552954196, 34.34835320567437, 0.0], [73.89963035630754, 34.34775708901571, 0.0], [73.89939381744308, 34.346671440422575, 0.0], [73.89868616023999, 34.34342334691498, 0.0], [73.89868246372392, 34.33980618120549, 0.0], [73.89375662967952, 34.33963354025842, 0.0], [73.89143027727137, 34.33685728828211, 0.0], [73.88403446162803, 34.33136355038508, 0.0], [73.88080157865286, 34.3314178601397, 0.0], [73.87560460015783, 34.331655814084186, 0.0], [73.87062496813834, 34.32998911295211, 0.0], [73.87058675963635, 34.33378885661722, 0.0], [73.86565849773214, 34.334401686825345, 0.0], [73.86280041649256, 34.33457717290292, 0.0], [73.86172122251241, 34.329854453815415, 0.0], [73.85972382044841, 34.326012779655834, 0.0], [73.85873014360041, 34.32275603941334, 0.0], [73.85594057234412, 34.321960070661255, 0.0], [73.85134453942092, 34.321979581939, 0.0], [73.84663848644699, 34.3258843211962, 0.0], [73.84259272917822, 34.32837595075663, 0.0], [73.83866722186283, 34.328457136810975, 0.0], [73.83501359148487, 34.330938475114436, 0.0], [73.83084483767695, 34.33106101563388, 0.0], [73.82716971259569, 34.33013789509544, 0.0], [73.82347548155643, 34.32943324937695, 0.0], [73.82027827859476, 34.33047309781732, 0.0], [73.81656814590579, 34.33188227087792, 0.0], [73.81393193960314, 34.33337742218868, 0.0], [73.81004877504682, 34.334585693042, 0.0], [73.80856255523068, 34.33824715801725, 0.0], [73.81059211946167, 34.341820409033936, 0.0], [73.80872490057634, 34.34338884742635, 0.0], [73.80709117088065, 34.34476110131634, 0.0], [73.8034763283542, 34.344973901723684, 0.0], [73.80000384628104, 34.3449966801627, 0.0], [73.7976462760621, 34.342988649602006, 0.0], [73.79764526862749, 34.3429843848795, 0.0], [73.79661603485783, 34.338626320088686, 0.0], [73.79152727256597, 34.335897505580704, 0.0], [73.78698074469061, 34.33445647241992, 0.0], [73.78268393036967, 34.333479778943286, 0.0], [73.7796790818907, 34.33358116461542, 0.0], [73.77686402871238, 34.3340228948531, 0.0], [73.7734015958906, 34.33505905890019, 0.0], [73.77021015625114, 34.336615915374786, 0.0], [73.76759759121329, 34.33793440291091, 0.0], [73.76540143591234, 34.34074959017188, 0.0], [73.76434839692155, 34.34176451103031, 0.0], [73.76146489151432, 34.34454349674257, 0.0], [73.7574503480651, 34.345553912905, 0.0], [73.75342857884995, 34.345849744914254, 0.0], [73.75402125246906, 34.34942924110974, 0.0], [73.75497758132533, 34.35336964114613, 0.0], [73.75577005211133, 34.35793639756845, 0.0], [73.7561305619914, 34.36181309584432, 0.0], [73.7527319768456, 34.36348877119882, 0.0], [73.7504067280879, 34.365815605128454, 0.0], [73.75077584885555, 34.370819972887396, 0.0], [73.75236944734316, 34.37424681032881, 0.0], [73.75592854436657, 34.37759666489653, 0.0], [73.75403727750425, 34.381267563247526, 0.0], [73.75707362995671, 34.382180430768614, 0.0], [73.76121544853417, 34.384865326869686, 0.0], [73.76444116732488, 34.3847138910072, 0.0], [73.76810678314517, 34.3869978136666, 0.0], [73.7709768279426, 34.39144710887628, 0.0], [73.77181278049294, 34.39435130446496, 0.0], [73.77439929342557, 34.39808845602724, 0.0], [73.77652733375292, 34.400116509220766, 0.0], [73.77944492464944, 34.40146863891433, 0.0], [73.7823432490729, 34.403410124446374, 0.0], [73.78490339829625, 34.406889921366464, 0.0], [73.78835503421851, 34.40960279736157, 0.0], [73.7915074950486, 34.41114638229818, 0.0], [73.7947805160205, 34.414768029009956, 0.0], [73.79839766606227, 34.41731576767918, 0.0], [73.80119901517466, 34.41890835393641, 0.0], [73.80296391602805, 34.422364299222345, 0.0], [73.81032623813921, 34.42353682281073, 0.0], [73.81564632744256, 34.42293098937717, 0.0], [73.82558440745862, 34.421952744282386, 0.0], [73.83307436436048, 34.42151828180197, 0.0], [73.83890496061667, 34.42200698481379, 0.0], [73.83677404747147, 34.427386604432755, 0.0], [73.83959748773601, 34.43097224577806, 0.0], [73.84699489076226, 34.428910903404066, 0.0], [73.85768388779277, 34.435447333565854, 0.0], [73.86545712244167, 34.44170435924957, 0.0], [73.86920540636838, 34.44458928605534, 0.0], [73.87609891855598, 34.45015586134972, 0.0], [73.88475549957899, 34.44953347516189, 0.0], [73.88494120536963, 34.45579863666071, 0.0], [73.88517605064236, 34.462266596747654, 0.0], [73.88290665090278, 34.460089764220946, 0.0], [73.88316308049912, 34.466916097705116, 0.0], [73.87892936619566, 34.471511575184834, 0.0], [73.87895684655733, 34.475660508793794, 0.0], [73.87959566118454, 34.4794593912882, 0.0], [73.88301511471161, 34.48301737968035, 0.0], [73.88611970083169, 34.48753792441682, 0.0], [73.88758216802813, 34.49292514060772, 0.0], [73.88820666887855, 34.49639042660899, 0.0], [73.88823931733914, 34.49657158429412, 0.0], [73.88833336735209, 34.49709343632467, 0.0], [73.88845087137207, 34.49774541405798, 0.0], [73.8884575475206, 34.49778245526156, 0.0], [73.88886245490177, 34.500029043680776, 0.0], [73.8899166122922, 34.50218668268302, 0.0], [73.89223181987592, 34.50692583630114, 0.0], [73.8947300291457, 34.51203903126629, 0.0], [73.8947354405517, 34.512050106130474, 0.0], [73.89605957540715, 34.514760036320325, 0.0], [73.89662133923294, 34.51477756405511, 0.0], [73.89747913955198, 34.514804325741785, 0.0], [73.89757698533826, 34.514807378265715, 0.0], [73.89806008311099, 34.514822447238544, 0.0], [73.89944040325514, 34.51486549700488, 0.0], [73.90460834487997, 34.515348018596924, 0.0], [73.91024841065921, 34.51896923969331, 0.0], [73.91044075790707, 34.51893781295041, 0.0], [73.91065852773896, 34.5191273829938, 0.0], [73.91149334741543, 34.51970798223622, 0.0], [73.91155121178039, 34.51988289876782, 0.0], [73.91093172971337, 34.52124786501343, 0.0], [73.9102789122225, 34.52286177784006, 0.0], [73.90944620696425, 34.524424122219735, 0.0], [73.90847060527226, 34.525412116662125, 0.0], [73.90701115403954, 34.52658000217403, 0.0], [73.90603908168123, 34.52729396576771, 0.0], [73.90552106940291, 34.52778763441386, 0.0], [73.90518531218244, 34.52815840138836, 0.0], [73.90500055022042, 34.52848065518341, 0.0], [73.90499761478021, 34.5287048956573, 0.0], [73.90505514307999, 34.52890478985535, 0.0], [73.9051435028376, 34.52905509274728, 0.0], [73.90544071809298, 34.529331889969555, 0.0], [73.90943537266446, 34.5321833595789, 0.0], [73.91628661549478, 34.537526922696635, 0.0], [73.92723921237791, 34.546030789699074, 0.0], [73.93153066435056, 34.54933268082304, 0.0], [73.93878983709621, 34.554788127474836, 0.0], [73.94041163003664, 34.55268417351046, 0.0], [73.9443845020179, 34.554405322102674, 0.0], [73.94546819790342, 34.55438970982835, 0.0], [73.94874914088852, 34.55676031646453, 0.0], [73.95336477605201, 34.56071215023517, 0.0], [73.95509632875047, 34.56184831840733, 0.0], [73.95572058239098, 34.56247659143721, 0.0], [73.95628187898596, 34.56332859163576, 0.0], [73.9569219230975, 34.56510330648976, 0.0], [73.95694037438946, 34.56572946214459, 0.0], [73.95687429760876, 34.566202318756915, 0.0], [73.95671630464861, 34.56679901248564, 0.0], [73.95556168841433, 34.56766131588746, 0.0], [73.95213674267151, 34.56952573405183, 0.0], [73.95863998272245, 34.57910003339386, 0.0], [73.9609046846698, 34.58233011851167, 0.0], [73.9527395734672, 34.58280850052168, 0.0], [73.95466190576272, 34.59279222096333, 0.0], [73.95476136670506, 34.598283334275294, 0.0], [73.94700402875446, 34.599594725575784, 0.0], [73.94682938034477, 34.599627330767035, 0.0], [73.94572394117858, 34.59956961177915, 0.0], [73.94261157712202, 34.60041475913316, 0.0], [73.93964994677279, 34.601236248145646, 0.0], [73.93663156128221, 34.60178312981226, 0.0], [73.93314894723588, 34.60331004197118, 0.0], [73.93195260143766, 34.60373700620444, 0.0], [73.92991178128372, 34.604465326333056, 0.0], [73.92997424459996, 34.6049391334283, 0.0], [73.93057025180622, 34.609459831493425, 0.0], [73.93079656170717, 34.610608025145694, 0.0], [73.93117837775583, 34.6113589177253, 0.0], [73.93271697923294, 34.6135152969933, 0.0], [73.93275107092389, 34.6135539824223, 0.0], [73.93337370549897, 34.61456136056305, 0.0], [73.93386499513174, 34.62154969401805, 0.0], [73.93313486821428, 34.623732974495915, 0.0], [73.9326027054042, 34.62492831287811, 0.0], [73.9321310271711, 34.62646905143172, 0.0], [73.93208208665557, 34.62793873470806, 0.0], [73.93210348262974, 34.62841663882042, 0.0], [73.93187589838287, 34.63054662166186, 0.0], [73.93186749584785, 34.63057815100742, 0.0], [73.93161535581856, 34.63144810940339, 0.0], [73.93169524336184, 34.63227110829736, 0.0], [73.93225024964795, 34.633621457908966, 0.0], [73.93233429312342, 34.63383754701035, 0.0], [73.93241248810108, 34.63428737227552, 0.0], [73.93193605204436, 34.63863814266366, 0.0], [73.93162985248027, 34.63979521311162, 0.0], [73.93164749900686, 34.640767174655366, 0.0], [73.93192027263339, 34.64298721707607, 0.0], [73.9321706131794, 34.64460911843077, 0.0], [73.93293829790365, 34.64583679581751, 0.0], [73.9340712856408, 34.646768644429564, 0.0], [73.93455096113655, 34.647004373053335, 0.0], [73.93556841355479, 34.64750437969483, 0.0], [73.93680398777119, 34.647490179147354, 0.0], [73.93797619953308, 34.64738743734102, 0.0], [73.9413269181974, 34.647230560584795, 0.0], [73.94242130724514, 34.64732110177375, 0.0], [73.94352335525295, 34.64747382940376, 0.0], [73.94418631043963, 34.64746712628821, 0.0], [73.94727952893282, 34.64767370282955, 0.0], [73.947850865841, 34.6477118525067, 0.0], [73.94791110978417, 34.647715875289016, 0.0], [73.94802602773355, 34.647723548488436, 0.0], [73.94813862837029, 34.647731066082756, 0.0], [73.95265590279976, 34.65084086982241, 0.0], [73.95258314248207, 34.650927773807744, 0.0], [73.95253864775937, 34.65098091706205, 0.0], [73.95244131730419, 34.65109716696173, 0.0], [73.95240994942874, 34.65113463204519, 0.0], [73.95032706860157, 34.653622305737116, 0.0], [73.9495784105458, 34.65393373753208, 0.0], [73.94956969319281, 34.65393736362926, 0.0], [73.94956547226579, 34.65394120813867, 0.0], [73.94883812033264, 34.65460375764529, 0.0], [73.94846897020562, 34.65519860897938, 0.0], [73.94828061608858, 34.65579501816702, 0.0], [73.94829178276933, 34.65615892028625, 0.0], [73.94830202805987, 34.65649288084162, 0.0], [73.94874485680933, 34.657219354423056, 0.0], [73.94966159425131, 34.65859772207313, 0.0], [73.94986997509505, 34.65902089090596, 0.0], [73.95004358388368, 34.65937344411834, 0.0], [73.95013253918444, 34.65957972248355, 0.0], [73.95024853969689, 34.65984871289987, 0.0], [73.95075289198903, 34.66047597728515, 0.0], [73.9517603337054, 34.66126086121079, 0.0], [73.95249263594322, 34.66174056689886, 0.0], [73.95586724777097, 34.66418960888087, 0.0], [73.9557758104111, 34.66787356269278, 0.0], [73.95557252235669, 34.6681446870686, 0.0], [73.95537906475718, 34.6682688714925, 0.0], [73.95462124717533, 34.668611168516996, 0.0], [73.95399463931865, 34.6692067146785, 0.0], [73.95391970205411, 34.66927793782616, 0.0], [73.9538627318258, 34.66949069386361, 0.0], [73.9536667249403, 34.67022268372674, 0.0], [73.95360824864123, 34.67062024504347, 0.0], [73.9535679036706, 34.67089453227565, 0.0], [73.95354252146032, 34.67138652456139, 0.0], [73.95352806683093, 34.671666711587356, 0.0], [73.95382124402838, 34.6723170376715, 0.0], [73.95447547446322, 34.67302032501679, 0.0], [73.95516061492455, 34.6736098975374, 0.0], [73.95608826577488, 34.67414112327412, 0.0], [73.9578309136998, 34.67457958297163, 0.0], [73.95930112201896, 34.67511542362054, 0.0], [73.96023317352498, 34.675297864484484, 0.0], [73.9611311731806, 34.67580382177223, 0.0], [73.96220588021056, 34.67663527375242, 0.0], [73.96327222382756, 34.67813943264206, 0.0], [73.9644612748888, 34.6794701376188, 0.0], [73.96599882130491, 34.681158802556666, 0.0], [73.96724367671752, 34.68286372677926, 0.0], [73.9684009857406, 34.68434363328154, 0.0], [73.96905962377407, 34.68535219689932, 0.0], [73.96917007070113, 34.685521318915285, 0.0], [73.96951605775197, 34.68679506645756, 0.0], [73.96976029863514, 34.68746105815973, 0.0], [73.96983686901328, 34.68766985056636, 0.0], [73.97042852194265, 34.6885718992706, 0.0], [73.97409332160625, 34.68718247661136, 0.0], [73.97417612690194, 34.68715315713696, 0.0], [73.97425396879422, 34.687125595394, 0.0], [73.97663664358753, 34.6862819205525, 0.0], [73.98053319636121, 34.685641789495584, 0.0], [73.98195539524615, 34.685205152590584, 0.0], [73.98375713868207, 34.684581216462085, 0.0], [73.98557682443158, 34.683674344789125, 0.0], [73.98682083219501, 34.683011994710704, 0.0], [73.98782119481793, 34.68255419620351, 0.0], [73.99053085702383, 34.68281851613966, 0.0], [73.99515334776801, 34.68286888789994, 0.0], [73.99679646511413, 34.6831659321683, 0.0], [73.99836353747929, 34.684086152401626, 0.0], [73.9999238249875, 34.68557340658908, 0.0], [74.00745063006389, 34.68733618017182, 0.0], [74.01319508225065, 34.69111728988552, 0.0], [74.01724539421782, 34.69430296296932, 0.0], [74.02611625900195, 34.69435129323352, 0.0], [74.02995452929952, 34.69437206129886, 0.0], [74.03250374799096, 34.69370240177941, 0.0], [74.03401075718334, 34.6928336234541, 0.0], [74.0365580286574, 34.68869791870629, 0.0], [74.0413712989829, 34.682639169350615, 0.0], [74.04439006478746, 34.68109978845783, 0.0], [74.04778395509855, 34.68081344395492, 0.0], [74.0514232958664, 34.68072107899981, 0.0], [74.0568895408042, 34.68158958815874, 0.0], [74.06536726943564, 34.68313538452719, 0.0], [74.07149328636294, 34.68515739949066, 0.0], [74.07742963535888, 34.68554748873742, 0.0], [74.08176780737081, 34.68497211048347, 0.0], [74.08572401056063, 34.6841036198714, 0.0], [74.08704429365135, 34.684297834724475, 0.0], [74.0887408281264, 34.685163676467965, 0.0], [74.0904376603665, 34.685646434451726, 0.0], [74.09203610158966, 34.68622375085112, 0.0], [74.09251049371176, 34.68718846081573, 0.0], [74.09251006919214, 34.68824765186959, 0.0], [74.09326236908369, 34.689978571402705, 0.0], [74.09458242821309, 34.69132649180135, 0.0], [74.09543353749221, 34.6918090263395, 0.0], [74.09863699181078, 34.690655888590705, 0.0], [74.10061822718514, 34.68911482537837, 0.0], [74.1009023826773, 34.68767258687352, 0.0], [74.10061929332808, 34.68555417875159, 0.0], [74.09911008205128, 34.678044965779016, 0.0], [74.09958686406206, 34.67111752645437, 0.0], [74.10137758154826, 34.66611040659802, 0.0], [74.10660050372176, 34.66061856636336, 0.0], [74.10750135596999, 34.65967125188782, 0.0], [74.10758239380853, 34.6595860334067, 0.0], [74.10762351639781, 34.65954278882101, 0.0], [74.10769051377895, 34.659472335452676, 0.0], [74.10870213377098, 34.65855429382529, 0.0], [74.11016045734169, 34.65723082989419, 0.0], [74.11022042062649, 34.657176410400346, 0.0], [74.11127554570547, 34.65621881934577, 0.0], [74.11278033925352, 34.6548530806516, 0.0], [74.11814765762712, 34.652013917402336, 0.0], [74.13296113626966, 34.6517749236079, 0.0], [74.13517429294379, 34.65317874154015, 0.0], [74.13663230612232, 34.655335238799104, 0.0], [74.13729268128377, 34.657742017318526, 0.0], [74.1373912565061, 34.65985589543753, 0.0], [74.1371079899569, 34.66226275731844, 0.0], [74.13654119330413, 34.66572879778616, 0.0], [74.1373926026734, 34.66832936278292, 0.0], [74.1400277540927, 34.67025366375735, 0.0], [74.14436538304676, 34.67265977512751, 0.0], [74.14540256428783, 34.675057428422434, 0.0], [74.14511998159387, 34.67929424225977, 0.0], [74.14615762272649, 34.683336962487594, 0.0], [74.14747855894302, 34.68506748095513, 0.0], [74.15039809138626, 34.686414530563134, 0.0], [74.15386855464972, 34.6868960440038, 0.0], [74.16367549397914, 34.69035920723458, 0.0], [74.17476743343185, 34.69680040975622, 0.0], [74.18174544015083, 34.70238163231127, 0.0], [74.19221392781355, 34.71025924493413, 0.0], [74.19570360126006, 34.71266404697766, 0.0], [74.20202309116824, 34.717379129394075, 0.0], [74.2075581122611, 34.72003576546249, 0.0], [74.21313507775749, 34.7210268682527, 0.0], [74.22171715377993, 34.72188564299546, 0.0], [74.2275671935568, 34.72486458646128, 0.0], [74.23191281636076, 34.729291280586786, 0.0], [74.23576602762095, 34.73274142748661, 0.0], [74.24040908104527, 34.73524802783125, 0.0], [74.24988507384576, 34.73778431462341, 0.0], [74.26106049455915, 34.741468165705186, 0.0], [74.27038139922944, 34.74634767849596, 0.0], [74.27599484612031, 34.7500106411574, 0.0], [74.28085129706027, 34.7576185424527, 0.0], [74.28647234966404, 34.766416036490845, 0.0], [74.295691935694, 34.77774867704528, 0.0], [74.30456191746605, 34.7854657466676, 0.0], [74.3130686762972, 34.79161341669604, 0.0], [74.31846507565848, 34.793662236123346, 0.0], [74.32529979480869, 34.79390853036706, 0.0], [74.32949694828739, 34.79162062258626, 0.0], [74.33019248076539, 34.79113474820852, 0.0], [74.34687507663001, 34.796169142272525, 0.0], [74.3771031248436, 34.80210622540522, 0.0], [74.39136329943585, 34.80433630243187, 0.0], [74.41351964394983, 34.80985404699232, 0.0], [74.41820431275033, 34.81480010568949, 0.0], [74.42524515550672, 34.81735312098792, 0.0], [74.42992871577346, 34.82238880447081, 0.0], [74.4319779151944, 34.83224515710654, 0.0], [74.43402642462539, 34.846516921825206, 0.0], [74.4464372314456, 34.85312453590203, 0.0], [74.45631093496526, 34.86067953942124, 0.0], [74.46227685321595, 34.86267189849398, 0.0], [74.4782987637812, 34.864921494234345, 0.0], [74.49020218519435, 34.865659329241396, 0.0], [74.50143041105257, 34.87170131488586, 0.0], [74.50908384317368, 34.87182687249038, 0.0], [74.52359445602443, 34.86422407859522, 0.0], [74.53908459119414, 34.86591644152403, 0.0], [74.54486027106968, 34.87141594911762, 0.0], [74.5548545637926, 34.87896500682149, 0.0], [74.56788325981658, 34.88313751410305, 0.0], [74.57136559576514, 34.88859919362204, 0.0], [74.57283985935705, 34.90042693840102, 0.0], [74.5770112387755, 34.91391907350994, 0.0], [74.59031744424153, 34.9158408757504, 0.0], [74.59652723957993, 34.921795330230346, 0.0], [74.60422865623299, 34.92479921239703, 0.0], [74.62008409596238, 34.92062998603579, 0.0], [74.63433615084311, 34.909856090197465, 0.0], [74.64640332866286, 34.90364287097506, 0.0], [74.66252747416145, 34.90677110458488, 0.0], [74.66409180010481, 34.90039692354704, 0.0], [74.66437609689474, 34.9000982935052, 0.0], [74.67271730336925, 34.89133552089499, 0.0], [74.68415196480296, 34.87880110198795, 0.0], [74.69822062727829, 34.88072237738627, 0.0], [74.70167073900824, 34.8830262150158, 0.0], [74.71145207096826, 34.880917715506364, 0.0], [74.71150281165069, 34.87857552243787, 0.0], [74.71668612017875, 34.86648650305383, 0.0], [74.72022160477029, 34.864826138873774, 0.0], [74.72944215189345, 34.86324859873195, 0.0], [74.73947933273878, 34.8541126894167, 0.0], [74.74025795862742, 34.848356700072706, 0.0], [74.7501702154443, 34.8449853692726, 0.0], [74.76276298090826, 34.8440843058873, 0.0], [74.77693641743478, 34.84077137687497, 0.0], [74.78038530427109, 34.84316313762707, 0.0], [74.78784624761197, 34.85245986863116, 0.0], [74.79846098651376, 34.85206808452152, 0.0], [74.80756918196114, 34.85048298924181, 0.0], [74.81328567434142, 34.84362362003142, 0.0], [74.82325282436817, 34.837363208292075, 0.0], [74.83096553114571, 34.83981222881809, 0.0], [74.8396931899805, 34.8407426759889, 0.0], [74.85322351670393, 34.83110396778347, 0.0], [74.86104010720375, 34.82832585496811, 0.0], [74.8721534266751, 34.830187123997284, 0.0], [74.88706535711893, 34.82227526722242, 0.0], [74.89856677440008, 34.80972083215107, 0.0], [74.90145489003345, 34.80164835585547, 0.0], [74.90731259820193, 34.792533302019464, 0.0], [74.91859934973907, 34.78511064724025, 0.0], [74.92981753302021, 34.786968061734854, 0.0], [74.94158140770163, 34.794688908600136, 0.0], [74.95062789207645, 34.801743263327936, 0.0], [74.95673777607446, 34.80812903730206, 0.0], [74.96647437734512, 34.81347881335908, 0.0], [74.97962463544353, 34.82346648927658, 0.0], [75.00251973666171, 34.83879981108978, 0.0], [75.01634377351188, 34.84825117413229, 0.0], [75.03110122287966, 34.848430187596925, 0.0], [75.04376438453085, 34.843355596550275, 0.0], [75.05712037806752, 34.842343079688774, 0.0], [75.06403469021507, 34.84711096830378, 0.0], [75.06527592443075, 34.8574890623396, 0.0], [75.06362283535468, 34.870806975915734, 0.0], [75.06441095413618, 34.8883890404178, 0.0], [75.064117815232, 34.905237445332794, 0.0], [75.06787809328542, 34.912215830703595, 0.0], [75.07164427708706, 34.91920407269665, 0.0], [75.08564867174918, 34.9193677365384, 0.0], [75.1013017753924, 34.91909822296337, 0.0], [75.1064184345389, 34.913323272691166, 0.0], [75.11702900640753, 34.90134487146486, 0.0], [75.13161262056448, 34.88618976807658, 0.0], [75.14197032591, 34.874950999076994, 0.0], [75.14284543241118, 34.86162322286935, 0.0], [75.14423432810638, 34.85028375994292, 0.0], [75.15808895622013, 34.84548088461131, 0.0], [75.17256596979625, 34.84266566217586, 0.0], [75.19061810603432, 34.83493081306883, 0.0], [75.21056270765116, 34.82477997399272, 0.0], [75.22324459427988, 34.817523677485056, 0.0], [75.23965898378381, 34.8018335830657, 0.0], [75.24774195284462, 34.7875878455484, 0.0], [75.25625087559845, 34.773886583521865, 0.0], [75.25405644669819, 34.75998549585374, 0.0], [75.25093239208304, 34.74985999417532, 0.0], [75.26356953490992, 34.74458151277804, 0.0], [75.26256053438796, 34.73168396832936, 0.0], [75.25430361754367, 34.72168641342155, 0.0], [75.25565947457936, 34.711336261321335, 0.0], [75.25819240392033, 34.702530169247154, 0.0], [75.25826644643715, 34.69757423823967, 0.0], [75.2481631863878, 34.6944968995277, 0.0], [75.23206782608968, 34.69081581172369, 0.0], [75.22499492888423, 34.682360791137825, 0.0], [75.21619348200477, 34.67289569414816, 0.0], [75.20790867300654, 34.66541823838562, 0.0], [75.2056013211892, 34.65944569985935, 0.0], [75.20445853826473, 34.65350159236213, 0.0], [75.2103982158399, 34.6535532300092, 0.0], [75.21639697257487, 34.652692430567726, 0.0], [75.21817934241378, 34.651604848351894, 0.0], [75.21617630091137, 34.65041651471447, 0.0], [75.21353571697209, 34.64965671649274, 0.0], [75.21213878791539, 34.64899967275736, 0.0], [75.21036649061534, 34.64811119414301, 0.0], [75.20948135004302, 34.64766744705974, 0.0], [75.20896797771908, 34.64690162211232, 0.0], [75.2085031094247, 34.645630887477736, 0.0], [75.2069092684663, 34.644333936171094, 0.0], [75.20602526409675, 34.643784616224984, 0.0], [75.20611228147642, 34.643541164359945, 0.0], [75.20620159727329, 34.64337508925353, 0.0], [75.20669039861394, 34.64246619747793, 0.0], [75.20717919123207, 34.64155730131183, 0.0], [75.20753834812746, 34.64079530501974, 0.0], [75.2080652085671, 34.63868113934289, 0.0], [75.20827782048616, 34.63857725043906, 0.0], [75.21038833786854, 34.63867048041097, 0.0], [75.21150064906149, 34.63856151338461, 0.0], [75.21272176000643, 34.6381189533921, 0.0], [75.2136315263973, 34.63727544666047, 0.0], [75.21475458085523, 34.63694107248371, 0.0], [75.21670037088599, 34.63609228679472, 0.0], [75.21810092479546, 34.635243815655144, 0.0], [75.21967576675686, 34.63430059642183, 0.0], [75.22061859694837, 34.63383113325337, 0.0], [75.22294241492669, 34.63453689168155, 0.0], [75.22533096136796, 34.6346340443806, 0.0], [75.22629030312972, 34.63434928448744, 0.0], [75.22801758999253, 34.63325714958839, 0.0], [75.22875896071562, 34.6330266143087, 0.0], [75.22993126996063, 34.63303009181515, 0.0], [75.23064581463503, 34.63320080565601, 0.0], [75.23142650815194, 34.6338536700009, 0.0], [75.23213730924094, 34.63534037218831, 0.0], [75.23240518897015, 34.63585848487112, 0.0], [75.23287997355553, 34.636155532542666, 0.0], [75.2344944795083, 34.636410984005416, 0.0], [75.23706910457199, 34.63696304550545, 0.0], [75.23943698036533, 34.63784876253638, 0.0], [75.2409641788984, 34.63804108274052, 0.0], [75.24150361470849, 34.63777912657494, 0.0], [75.24326308743642, 34.636357647870625, 0.0], [75.24430869444654, 34.635441677675466, 0.0], [75.24525154401537, 34.635021623363315, 0.0], [75.24629717838401, 34.63412809128402, 0.0], [75.24692952112494, 34.633974228873335, 0.0], [75.24753407182384, 34.63350037268786, 0.0], [75.248552362843, 34.63256187743447, 0.0], [75.24900917158595, 34.631393931433564, 0.0], [75.25000000367072, 34.6305538657061, 0.0], [75.25036314105733, 34.63024596896932, 0.0], [75.25207643831264, 34.62945896020311, 0.0], [75.2533859814575, 34.62886530021637, 0.0], [75.25406844985733, 34.62828005758085, 0.0], [75.25503713375913, 34.62572090173984, 0.0], [75.25581488680264, 34.62331481305423, 0.0], [75.2566407068288, 34.621512730530384, 0.0], [75.2568925188031, 34.620746755441516, 0.0], [75.25758795652695, 34.6186335501936, 0.0], [75.25783606594928, 34.61660551428424, 0.0], [75.2583350721386, 34.61458677605365, 0.0], [75.25751510766915, 34.612246718926954, 0.0], [75.25656904992954, 34.61045647761923, 0.0], [75.25558369241139, 34.609531586959534, 0.0], [75.25384112896607, 34.608191183704484, 0.0], [75.25325889348356, 34.607500984314974, 0.0], [75.25314644385774, 34.60609919029659, 0.0], [75.2533673064317, 34.60412523313463, 0.0], [75.25378168246839, 34.60410308981274, 0.0], [75.25454488543245, 34.60405875437948, 0.0], [75.25560805103827, 34.603884017743425, 0.0], [75.25631711711073, 34.60361424459382, 0.0], [75.25714564442555, 34.6035700267669, 0.0], [75.25764161413593, 34.6036245311951, 0.0], [75.25857336969044, 34.60395000346478, 0.0], [75.25890555729903, 34.60418917774, 0.0], [75.25945612473788, 34.60415815884094, 0.0], [75.25997461246585, 34.60366737838571, 0.0], [75.26082588326523, 34.60301455209475, 0.0], [75.26185627880648, 34.60286679510518, 0.0], [75.26303383315627, 34.60280032406726, 0.0], [75.26407511090076, 34.60271556059849, 0.0], [75.26553104763317, 34.60225717285765, 0.0], [75.2664804549671, 34.60151427415981, 0.0], [75.26796612274036, 34.59918536868925, 0.0], [75.26911773783881, 34.59792437240197, 0.0], [75.2704642100342, 34.59784438182535, 0.0], [75.27357210786379, 34.59695459083276, 0.0], [75.27473437703158, 34.59585124222809, 0.0], [75.27629444900043, 34.59488342435547, 0.0], [75.2779900859262, 34.59438899417946, 0.0], [75.28313482721954, 34.594816613507994, 0.0], [75.28637174040149, 34.595432023236, 0.0], [75.2877270009424, 34.59200298612264, 0.0], [75.28817013187032, 34.590380683182715, 0.0], [75.28970828896489, 34.58917376806715, 0.0], [75.29213457979223, 34.58816130419988, 0.0], [75.29517102410362, 34.58730693618787, 0.0], [75.29656623787355, 34.58734395442453, 0.0], [75.29751977094368, 34.58754733417464, 0.0], [75.29856069856694, 34.58748942153733, 0.0], [75.29955853444767, 34.58694012462264, 0.0], [75.30106918405865, 34.585818714561434, 0.0], [75.30201846241337, 34.58469705334923, 0.0], [75.30303953537428, 34.582304297619544, 0.0], [75.30416888888065, 34.58085815494237, 0.0], [75.30569041307464, 34.57944817361475, 0.0], [75.30636133910505, 34.57874993961544, 0.0], [75.30770203196354, 34.57855691847567, 0.0], [75.30984406319375, 34.57794503809254, 0.0], [75.31125049397261, 34.577287742947505, 0.0], [75.31180666991231, 34.57685535246176, 0.0], [75.31186674333952, 34.576738144971976, 0.0], [75.31208556178824, 34.57557092370611, 0.0], [75.312653079289, 34.57444438334801, 0.0], [75.31379829322569, 34.573200924414024, 0.0], [75.31438746096906, 34.572304279097615, 0.0], [75.31503777921802, 34.56964534959579, 0.0], [75.31563223973048, 34.56886140983683, 0.0], [75.3166462029784, 34.568082060538316, 0.0], [75.31753503622109, 34.56705485284905, 0.0], [75.31821108197303, 34.56637908466005, 0.0], [75.31989579692141, 34.56484287777818, 0.0], [75.32060955113711, 34.56468544401111, 0.0], [75.32143211499871, 34.564929202834556, 0.0], [75.32269043708858, 34.56543459037915, 0.0], [75.3236547006173, 34.56575497388645, 0.0], [75.3257026464597, 34.566905187769414, 0.0], [75.32761977152377, 34.56823553794122, 0.0], [75.32853485993577, 34.56879030308947, 0.0], [75.32929770064146, 34.56871844746825, 0.0], [75.33033327583487, 34.5682545578488, 0.0], [75.33132507309399, 34.568025067143424, 0.0], [75.33220227201004, 34.56811998735447, 0.0], [75.33307398952681, 34.56809777275686, 0.0], [75.33365708685307, 34.56800780341613, 0.0], [75.3348452772225, 34.56727805786976, 0.0], [75.33600632251957, 34.56617412638764, 0.0], [75.33694922157777, 34.56539913375258, 0.0], [75.33790304234522, 34.56474142711522, 0.0], [75.33924363957401, 34.56411528474065, 0.0], [75.34125431074074, 34.563570492478, 0.0], [75.34416398086043, 34.56303035090669, 0.0], [75.3450633266687, 34.56205702119252, 0.0], [75.34709070713839, 34.56012384981361, 0.0], [75.34801197058327, 34.558199483907465, 0.0], [75.34868237159203, 34.55750101737381, 0.0], [75.34963035804374, 34.557185650554544, 0.0], [75.34990317193086, 34.55590566034753, 0.0], [75.35060071455742, 34.555085452934456, 0.0], [75.35179953265919, 34.553981442366, 0.0], [75.35266594857207, 34.55315225881247, 0.0], [75.35353296765409, 34.54978998868089, 0.0], [75.35466635482588, 34.54837041736075, 0.0], [75.35561998080624, 34.54687416390002, 0.0], [75.35654634433064, 34.5458421422361, 0.0], [75.35848043357522, 34.544061997406374, 0.0], [75.35980421627683, 34.543237370658524, 0.0], [75.36157467017726, 34.5423315985615, 0.0], [75.36175986883366, 34.5420881935511, 0.0], [75.36111195685278, 34.54016800200324, 0.0], [75.36140073703315, 34.539861526275686, 0.0], [75.36240298535623, 34.53937491755147, 0.0], [75.36371032738032, 34.53878007667465, 0.0], [75.36556772093836, 34.53809961908448, 0.0], [75.36524659374707, 34.536359733236246, 0.0], [75.3652304702564, 34.53448925437461, 0.0], [75.36562806892313, 34.53383118889669, 0.0], [75.36538848947463, 34.53306942841463, 0.0], [75.36466984605313, 34.531149284334084, 0.0], [75.36429420091984, 34.52999095233191, 0.0], [75.3641798773113, 34.52898577774416, 0.0], [75.36459948415278, 34.52738120165891, 0.0], [75.36582507165299, 34.52538012339424, 0.0], [75.36637509132261, 34.52445610525433, 0.0], [75.36611948264888, 34.5214452829521, 0.0], [75.363968336976, 34.52191388850694, 0.0], [75.36185005392723, 34.52194967118728, 0.0], [75.3590835930707, 34.52173301481752, 0.0], [75.35720493664014, 34.5212910452922, 0.0], [75.35553340043977, 34.520407369057786, 0.0], [75.35445537789184, 34.51957786167962, 0.0], [75.35387834821817, 34.518518556195474, 0.0], [75.35293112624235, 34.5175899079805, 0.0], [75.3521094500057, 34.51521447734879, 0.0], [75.35173398782298, 34.514430082443, 0.0], [75.35131515121124, 34.51275779837385, 0.0], [75.35114691958053, 34.51077907871272, 0.0], [75.35078774574276, 34.509818961143004, 0.0], [75.35073356489363, 34.509133830361755, 0.0], [75.35019492010807, 34.507664341545784, 0.0], [75.34925892582291, 34.506019051117654, 0.0], [75.34814871201796, 34.5043826355887, 0.0], [75.34738157885008, 34.50269671767871, 0.0], [75.3472184095586, 34.50201613342119, 0.0], [75.3472566187431, 34.50164204315577, 0.0], [75.34772526211309, 34.50054681251678, 0.0], [75.34763857285564, 34.499999928880804, 0.0], [75.34757856943705, 34.49963630874587, 0.0], [75.34727918623142, 34.499518932296695, 0.0], [75.3475084927219, 34.49739604524239, 0.0], [75.34732943727018, 34.49556154536801, 0.0], [75.34662228954271, 34.49402884799449, 0.0], [75.34533258606005, 34.49252764318039, 0.0], [75.34469042344581, 34.49189647427385, 0.0], [75.3440482667256, 34.491265300605235, 0.0], [75.34318315603784, 34.49015173805201, 0.0], [75.34291664724445, 34.48943500295342, 0.0], [75.34291696159924, 34.48868685734284, 0.0], [75.34360897829018, 34.48671733527833, 0.0], [75.34458939496315, 34.485049825019175, 0.0], [75.34610311912397, 34.48367992934182, 0.0], [75.34789421819671, 34.48266174451666, 0.0], [75.35024092737162, 34.480138076368036, 0.0], [75.35027377509945, 34.479633326370745, 0.0], [75.34980647583605, 34.47689278475602, 0.0], [75.3496491055049, 34.475297111892985, 0.0], [75.35010110155504, 34.47424700599669, 0.0], [75.35178389700437, 34.47047023720409, 0.0], [75.35318297953799, 34.469091202316314, 0.0], [75.35323747670515, 34.468793716125376, 0.0], [75.35274233391635, 34.468113012074646, 0.0], [75.35120277354551, 34.46623769716143, 0.0], [75.34970130488512, 34.4643939077988, 0.0], [75.34905402035376, 34.46345624403465, 0.0], [75.34884724235695, 34.46334807574514, 0.0], [75.34748137507223, 34.463199016948565, 0.0], [75.34540286539139, 34.462355666191215, 0.0], [75.34272596900131, 34.46094427907492, 0.0], [75.34182257275948, 34.46120094130505, 0.0], [75.34115323169333, 34.461236809186616, 0.0], [75.34070158250029, 34.46106987988077, 0.0], [75.34016305868587, 34.46055590023577, 0.0], [75.33919528926782, 34.458572423684004, 0.0], [75.33906509508809, 34.45752667506932, 0.0], [75.3386791659087, 34.456589041700965, 0.0], [75.33848910510616, 34.45586784275183, 0.0], [75.33834828659332, 34.45418201087455, 0.0], [75.33808227878814, 34.45284778314404, 0.0], [75.33767448227492, 34.45212195322274, 0.0], [75.3372284977425, 34.451671101441974, 0.0], [75.33675520613512, 34.45160332692654, 0.0], [75.33523709645543, 34.4516884825039, 0.0], [75.33419781771377, 34.45162062450664, 0.0], [75.33326722450887, 34.45186368002677, 0.0], [75.33260341207863, 34.45193105044489, 0.0], [75.33182002253042, 34.45157470590154, 0.0], [75.33128586038437, 34.45101011030778, 0.0], [75.3310478884614, 34.450758577296746, 0.0], [75.33049315647841, 34.450298616732994, 0.0], [75.33052594100238, 34.449888470224955, 0.0], [75.33152764649178, 34.44888374616622, 0.0], [75.33203383133386, 34.448410629477436, 0.0], [75.33290512266952, 34.447085740433245, 0.0], [75.33293790950621, 34.44673421185554, 0.0], [75.33257913635654, 34.4460264476809, 0.0], [75.33264492365278, 34.44512949829178, 0.0], [75.33316804372849, 34.44333579451953, 0.0], [75.33316826446878, 34.442952610152915, 0.0], [75.33276041066134, 34.44257387334477, 0.0], [75.33132442628019, 34.44196940416085, 0.0], [75.3301930727522, 34.44148674374478, 0.0], [75.32894742996929, 34.44108509281585, 0.0], [75.32832188689265, 34.4408414784546, 0.0], [75.32771830762677, 34.44022823495221, 0.0], [75.3275390878774, 34.439768425937714, 0.0], [75.32778448796574, 34.43872282674785, 0.0], [75.32811679447035, 34.438155741446415, 0.0], [75.32857402488955, 34.43737545984069, 0.0], [75.32970077241757, 34.43623099109546, 0.0], [75.3310610563623, 34.435690550911126, 0.0], [75.33335754453128, 34.43409575185446, 0.0], [75.33419570623106, 34.43323961904378, 0.0], [75.33435948684962, 34.43211288537677, 0.0], [75.33460486261461, 34.43084190645329, 0.0], [75.33476864101408, 34.42952578790092, 0.0], [75.33510054672412, 34.42926894181126, 0.0], [75.3370970787488, 34.42892707526361, 0.0], [75.33905567611563, 34.42811633288257, 0.0], [75.34104138812725, 34.42772023210533, 0.0], [75.34214032185469, 34.427355441734534, 0.0], [75.3431522048632, 34.42681024946242, 0.0], [75.34407143704405, 34.426950245431186, 0.0], [75.34593164914563, 34.42732926482832, 0.0], [75.34661161607421, 34.427086011710536, 0.0], [75.34781382665606, 34.42693758558509, 0.0], [75.34903799518933, 34.42594624074204, 0.0], [75.35049041619963, 34.4256219404687, 0.0], [75.35249234258981, 34.42514904287923, 0.0], [75.35380335220391, 34.424563310390305, 0.0], [75.3546520815216, 34.42365298688044, 0.0], [75.35552813941433, 34.42210715274405, 0.0], [75.35669812812027, 34.41946600235927, 0.0], [75.35737833419725, 34.41799665876011, 0.0], [75.35784613216431, 34.41788860561081, 0.0], [75.36151740572464, 34.417907029037, 0.0], [75.36277376824675, 34.41803786126887, 0.0], [75.36511794171994, 34.41847530589269, 0.0], [75.36600449107047, 34.41797052031145, 0.0], [75.36898518971921, 34.415387940566006, 0.0], [75.37118797767435, 34.413833024250685, 0.0], [75.37205045048373, 34.412904807053856, 0.0], [75.37213231999885, 34.412816695893085, 0.0], [75.37233551779377, 34.412598004879555, 0.0], [75.37273804744875, 34.41164697749079, 0.0], [75.37276523251866, 34.410858159525475, 0.0], [75.3715525305558, 34.408694583710044, 0.0], [75.37004631055841, 34.40361023869764, 0.0], [75.36963320067709, 34.401757694463335, 0.0], [75.36913297295526, 34.40047761907481, 0.0], [75.36778989298057, 34.39894504183222, 0.0], [75.36660461588747, 34.39773699525769, 0.0], [75.36652863173417, 34.396578556428544, 0.0], [75.36657216322108, 34.39538413586339, 0.0], [75.36700200400328, 34.39226955929796, 0.0], [75.36698847460292, 34.39164981852544, 0.0], [75.36697742496807, 34.391143630926734, 0.0], [75.36697494636434, 34.39103007824639, 0.0], [75.36710528009849, 34.390999719729756, 0.0], [75.36714802136726, 34.39098976461841, 0.0], [75.3673909027314, 34.390933191003846, 0.0], [75.36780685837255, 34.390836303613874, 0.0], [75.37001980628574, 34.38992590993322, 0.0], [75.37212944066147, 34.38876300789645, 0.0], [75.37327672561334, 34.3880643848479, 0.0], [75.37595176516798, 34.38754603124479, 0.0], [75.37713697410314, 34.38714034959594, 0.0], [75.37771554179291, 34.38570126409526, 0.0], [75.37795242097586, 34.38511205745241, 0.0], [75.37853944983299, 34.38326392996327, 0.0], [75.37878408734936, 34.38205598525345, 0.0], [75.37795764566829, 34.38007731268296, 0.0], [75.37738132210936, 34.37817515011724, 0.0], [75.3772344310514, 34.37743592284753, 0.0], [75.37664190997884, 34.37679140720329, 0.0], [75.37675600499553, 34.37567359811949, 0.0], [75.37507080966044, 34.37487578464083, 0.0], [75.37372735453982, 34.3726060194414, 0.0], [75.37348343689156, 34.372193907773436, 0.0], [75.37338018729588, 34.37149972259518, 0.0], [75.37505442106352, 34.37071100324998, 0.0], [75.37706577489818, 34.370431478700276, 0.0], [75.37845186057379, 34.37027370901201, 0.0], [75.38153922531744, 34.368236178679574, 0.0], [75.38228937031258, 34.36752851577093, 0.0], [75.38333024138312, 34.367043863134036, 0.0], [75.38369550056149, 34.366873786548055, 0.0], [75.38437110058513, 34.366559202309794, 0.0], [75.38570816721743, 34.36613997405112, 0.0], [75.38364779131614, 34.36389087992705, 0.0], [75.38302806866385, 34.36275507038282, 0.0], [75.38223976428719, 34.36122712624461, 0.0], [75.3812722697112, 34.36015443913589, 0.0], [75.38056561842947, 34.35914036409352, 0.0], [75.3805056966652, 34.358297427773664, 0.0], [75.38197847080801, 34.35622394788395, 0.0], [75.38223175728136, 34.35585788548428, 0.0], [75.38269580211482, 34.35518721544776, 0.0], [75.38360873005762, 34.354817492404194, 0.0], [75.38445117472847, 34.35432614707832, 0.0], [75.38475541890261, 34.354015141668555, 0.0], [75.38467924986521, 34.35286121516971, 0.0], [75.38493995062596, 34.3522076491599, 0.0], [75.38538019396053, 34.35205881503655, 0.0], [75.38552681310875, 34.35109429336014, 0.0], [75.3859016460093, 34.350363981264046, 0.0], [75.3857711514319, 34.3498862404095, 0.0], [75.38531463519334, 34.349494118020154, 0.0], [75.38357550396667, 34.34859729542058, 0.0], [75.38277385166732, 34.34715358654441, 0.0], [75.38199380618326, 34.34574874863984, 0.0], [75.38131986812574, 34.3452349100581, 0.0], [75.3800645549883, 34.344933001527906, 0.0], [75.37835816203848, 34.34451388302611, 0.0], [75.37696702779212, 34.34327887407345, 0.0], [75.37596171062161, 34.342269205049185, 0.0], [75.37601596945099, 34.34195375637426, 0.0], [75.37760812483494, 34.34069611818828, 0.0], [75.37904265580073, 34.34010558386558, 0.0], [75.38163447344425, 34.338311539366345, 0.0], [75.38291141113423, 34.337770510537986, 0.0], [75.38397629642695, 34.33672023556599, 0.0], [75.38366636073201, 34.33538604001254, 0.0], [75.38373146969913, 34.33397527557645, 0.0], [75.38395947467934, 34.332384083185275, 0.0], [75.38405163999097, 34.3309957788808, 0.0], [75.38452421461292, 34.329593925166826, 0.0], [75.38467075597451, 34.328237193477406, 0.0], [75.38557786657218, 34.32706520010811, 0.0], [75.3871912319835, 34.32505027754677, 0.0], [75.38826131609466, 34.323806052046436, 0.0], [75.3897006183445, 34.32190374559217, 0.0], [75.39163437037492, 34.32024929040099, 0.0], [75.39336700458236, 34.31848659768093, 0.0], [75.39520290574639, 34.31722875728589, 0.0], [75.39605015054596, 34.316719278524424, 0.0], [75.39608254874089, 34.315957481274374, 0.0], [75.39540107128268, 34.31477370141342, 0.0], [75.39539240282619, 34.314758643704344, 0.0], [75.39356688250272, 34.313780798120284, 0.0], [75.39138281470586, 34.31230273911523, 0.0], [75.39027443595678, 34.31103179782229, 0.0], [75.38933450921216, 34.30951735503855, 0.0], [75.38926872720208, 34.306731783280725, 0.0], [75.38891552879093, 34.30548322623945, 0.0], [75.38930649428414, 34.304883704161156, 0.0], [75.39064771483761, 34.30308964387366, 0.0], [75.39195633502385, 34.30121432638826, 0.0], [75.39245026455404, 34.29942024780045, 0.0], [75.39284077249908, 34.29707637581666, 0.0], [75.39378550891757, 34.29579606645458, 0.0], [75.39738546981387, 34.292807015727114, 0.0], [75.3994862530944, 34.289791101006585, 0.0], [75.40197247883994, 34.28661281686811, 0.0], [75.4034977640245, 34.28468778210552, 0.0], [75.40457817036629, 34.28387166069267, 0.0], [75.4056533051493, 34.28392997258625, 0.0], [75.406082672867, 34.284831383882945, 0.0], [75.4073860273891, 34.28496630272156, 0.0], [75.41088851861984, 34.284690368430375, 0.0], [75.412728954372, 34.2838964249238, 0.0], [75.41323942077766, 34.28383770813477, 0.0], [75.41491681625052, 34.28272827585947, 0.0], [75.4166217784505, 34.28232658215246, 0.0], [75.41922254322549, 34.28188843627132, 0.0], [75.4194888884767, 34.282271438171996, 0.0], [75.42010836593226, 34.283118670058606, 0.0], [75.42262844173537, 34.283902001694116, 0.0], [75.4238120770076, 34.28371213417964, 0.0], [75.42498986110418, 34.282598339720984, 0.0], [75.42612444565948, 34.28218766917436, 0.0], [75.4276397423601, 34.28261978330948, 0.0], [75.42926962290525, 34.283098720744064, 0.0], [75.43087138216782, 34.2835693748542, 0.0], [75.43157182157024, 34.28346085291235, 0.0], [75.432684573664, 34.28277973709595, 0.0], [75.43366709648424, 34.28234202682908, 0.0], [75.43500818935898, 34.28212498027063, 0.0], [75.43684388698712, 34.28250723416336, 0.0], [75.43736513895497, 34.2824799429954, 0.0], [75.43769593072489, 34.281907264736304, 0.0], [75.43767880584625, 34.280762439204, 0.0], [75.43847650934009, 34.28005885711942, 0.0], [75.4394915347933, 34.27949039727355, 0.0], [75.44155503368556, 34.27964702449925, 0.0], [75.44423805279168, 34.28032615379833, 0.0], [75.44643291719257, 34.28171314433041, 0.0], [75.44787343171605, 34.28345213724697, 0.0], [75.44888943667887, 34.28407357580994, 0.0], [75.45361554225063, 34.28591865084552, 0.0], [75.45388123151298, 34.28548126625481, 0.0], [75.454303393191, 34.28395748665401, 0.0], [75.45560601708434, 34.28336167504955, 0.0], [75.45710840621071, 34.28145851798645, 0.0], [75.4580951367123, 34.279880220930245, 0.0], [75.45917523143139, 34.27941515797181, 0.0], [75.46084226639174, 34.279441095860335, 0.0], [75.46441004593314, 34.27971342004688, 0.0], [75.46739612907156, 34.27931003776643, 0.0], [75.47011120146134, 34.27938911423913, 0.0], [75.47243410846674, 34.27846328078206, 0.0], [75.4744110665753, 34.277751164590335, 0.0], [75.47449867628075, 34.27771960613375, 0.0], [75.47452226565554, 34.277711109188246, 0.0], [75.47467028453237, 34.27765778968519, 0.0], [75.47485482571409, 34.277591314757764, 0.0], [75.47864708983175, 34.27492425119534, 0.0], [75.47890628599528, 34.27462221330702, 0.0], [75.47897484993825, 34.27454231603728, 0.0], [75.47899630951707, 34.27451730966268, 0.0], [75.47907893392205, 34.27442102829001, 0.0], [75.48033864181956, 34.272953064063216, 0.0], [75.48216677697354, 34.27164876858146, 0.0], [75.4829507293966, 34.269038280887244, 0.0], [75.48189955994853, 34.266510500130394, 0.0], [75.48104743083942, 34.26239594989641, 0.0], [75.48112860127007, 34.262134457668715, 0.0], [75.48232094361748, 34.260578333273585, 0.0], [75.48339954440812, 34.25921609111466, 0.0], [75.48378968160297, 34.25870194508847, 0.0], [75.48237941172458, 34.25540820258526, 0.0], [75.4823844650533, 34.25505664466685, 0.0], [75.48274750369052, 34.254592029079575, 0.0], [75.48395591051059, 34.252887109609624, 0.0], [75.48654181926825, 34.25035153291807, 0.0], [75.48680783028205, 34.24999993048137, 0.0], [75.48719201241164, 34.24949977536635, 0.0], [75.48787942750961, 34.24804318030146, 0.0], [75.48858320971114, 34.246622679581996, 0.0], [75.49005775861492, 34.24534564523226, 0.0], [75.49200479669571, 34.24416734438566, 0.0], [75.49472122627446, 34.242199502614866, 0.0], [75.49589726889305, 34.24097230218897, 0.0], [75.49672521011773, 34.23925860321202, 0.0], [75.49695622776837, 34.23764020867325, 0.0], [75.4966007957285, 34.23582398145089, 0.0], [75.49565321470828, 34.233571218945215, 0.0], [75.49535850036156, 34.23239955961935, 0.0], [75.49557075044903, 34.232470029490834, 0.0], [75.49581683632805, 34.23255173330907, 0.0], [75.5004396626723, 34.23408648158382, 0.0], [75.50289639242214, 34.23434698436833, 0.0], [75.50587945040458, 34.23175814319645, 0.0], [75.50605390795532, 34.23162829344791, 0.0], [75.50612027179196, 34.23157889842537, 0.0], [75.5061340799571, 34.23156862116134, 0.0], [75.5062351031862, 34.23149342891796, 0.0], [75.50627621809791, 34.23146282686548, 0.0], [75.50988320001606, 34.22877800805986, 0.0], [75.50993858171033, 34.22875536923099, 0.0], [75.51008503572292, 34.22869550233982, 0.0], [75.51014371668252, 34.22867151474169, 0.0], [75.51014865407933, 34.22866949636544, 0.0], [75.5102493222018, 34.22862834534338, 0.0], [75.51028266425647, 34.22861471555795, 0.0], [75.51282062693062, 34.2275772170941, 0.0], [75.5145909000231, 34.22671331939438, 0.0], [75.5181063262309, 34.22753227320396, 0.0], [75.521507205437, 34.22883337815212, 0.0], [75.52312959065462, 34.22899691652565, 0.0], [75.5270883547231, 34.2266878368229, 0.0], [75.52973098041406, 34.22683409246572, 0.0], [75.53214264471394, 34.22483463371555, 0.0], [75.53427101385032, 34.22365523650599, 0.0], [75.5373101793974, 34.22327427670769, 0.0], [75.53823830523027, 34.22308108980471, 0.0], [75.54142573599783, 34.2209692791737, 0.0], [75.54263673033418, 34.219960444006816, 0.0], [75.54402650940236, 34.21924011649744, 0.0], [75.54564984529733, 34.21827658913838, 0.0], [75.54669258816328, 34.21726756097998, 0.0], [75.54762157670866, 34.21592940708281, 0.0], [75.54846011508486, 34.21507820450294, 0.0], [75.54851039070397, 34.21502716937196, 0.0], [75.54856427166965, 34.21497247345139, 0.0], [75.54863299885295, 34.2149027076008, 0.0], [75.54866438081258, 34.2148708511661, 0.0], [75.5518022515586, 34.212803813415256, 0.0], [75.55188343473672, 34.212765532918645, 0.0], [75.55200379747997, 34.21270877727305, 0.0], [75.55201565428469, 34.21270318640173, 0.0], [75.55219203440058, 34.21262001669474, 0.0], [75.55394082408631, 34.21179538060178, 0.0], [75.55533006357996, 34.211408520194766, 0.0], [75.5592633767029, 34.211748681242725, 0.0], [75.56204165541388, 34.21141203930206, 0.0], [75.56360406992994, 34.21165621464155, 0.0], [75.56481921621922, 34.21180105234749, 0.0], [75.56806403047258, 34.211414958543166, 0.0], [75.57026151694207, 34.21137085201743, 0.0], [75.57165035569697, 34.21151571678861, 0.0], [75.57465558919482, 34.21252670967855, 0.0], [75.57715632684902, 34.213442694944014, 0.0], [75.57860461395592, 34.214114869611315, 0.0], [75.57993399883651, 34.21397105992346, 0.0], [75.58213230931854, 34.21219140950856, 0.0], [75.58479785662702, 34.20901452086369, 0.0], [75.5858406584772, 34.206607844802996, 0.0], [75.58618827748961, 34.205548681325936, 0.0], [75.58745873152331, 34.203565760767596, 0.0], [75.58856053562204, 34.20231295751992, 0.0], [75.5898900044399, 34.201353232473146, 0.0], [75.590931878912, 34.200916324260554, 0.0], [75.59255472613873, 34.198753177352415, 0.0], [75.59295906466345, 34.19822364532821, 0.0], [75.59314327333712, 34.19798239781894, 0.0], [75.59336339959849, 34.19769410957058, 0.0], [75.59561994616651, 34.197983128954924, 0.0], [75.59805038365869, 34.19759595779071, 0.0], [75.60001984911545, 34.196825635229466, 0.0], [75.60344316021903, 34.195577645499014, 0.0], [75.60459866330986, 34.19519020602413, 0.0], [75.60621613601856, 34.19571063038487, 0.0], [75.60654493939401, 34.19581642097213, 0.0], [75.60666711989641, 34.19585573222318, 0.0], [75.6067682379641, 34.19588826586943, 0.0], [75.60685516121343, 34.19591623250283, 0.0], [75.61264306913395, 34.197359364981224, 0.0], [75.61274572269157, 34.19744468036421, 0.0], [75.6127478562386, 34.197446453205316, 0.0], [75.6128679711802, 34.19754627992636, 0.0], [75.61297663381758, 34.1976365894649, 0.0], [75.61385806242446, 34.198369128663636, 0.0], [75.61530082845559, 34.19986121546832, 0.0], [75.61668961935483, 34.19991096826806, 0.0], [75.61779085552656, 34.19991101843783, 0.0], [75.61889214710264, 34.2005871709061, 0.0], [75.6202211358141, 34.20121373300924, 0.0], [75.6210892219875, 34.20140314690957, 0.0], [75.62179443399634, 34.201790793882566, 0.0], [75.62353047350412, 34.20130851481782, 0.0], [75.62497888682877, 34.20106504144768, 0.0], [75.62607477207332, 34.2013084529537, 0.0], [75.62734962055427, 34.20270574676533, 0.0], [75.62827196371062, 34.2036208150971, 0.0], [75.62995381367715, 34.20453576593648, 0.0], [75.6316668041703, 34.205460395387185, 0.0], [75.63209142245888, 34.20568958841085, 0.0], [75.63498882381634, 34.20819103125732, 0.0], [75.63701282274161, 34.20979095416462, 0.0], [75.63805453301111, 34.21027316446246, 0.0], [75.63973105876005, 34.2099348992331, 0.0], [75.64117960587478, 34.20969583352409, 0.0], [75.64279656196372, 34.21032208511034, 0.0], [75.64395795565343, 34.21162014395372, 0.0], [75.64482603168308, 34.21185890062859, 0.0], [75.64811946379973, 34.21200251984473, 0.0], [75.64962777876255, 34.21181290959998, 0.0], [75.65032209581328, 34.21147464862327, 0.0], [75.65148835439179, 34.21060900738143, 0.0], [75.65490016025232, 34.20795773718826, 0.0], [75.65646197126115, 34.206321116410976, 0.0], [75.65669495369922, 34.20550072836743, 0.0], [75.65663480163552, 34.20423865534703, 0.0], [75.65738843843768, 34.202940207984234, 0.0], [75.65923793900245, 34.201830848815064, 0.0], [75.6607999739293, 34.20091537472913, 0.0], [75.66196022868326, 34.199522269258814, 0.0], [75.6624211945202, 34.19913442389222, 0.0], [75.66346271994627, 34.198940311085494, 0.0], [75.66571953104538, 34.19913334418167, 0.0], [75.66710814910641, 34.19893911908892, 0.0], [75.66907149757843, 34.19817205451351, 0.0], [75.67075309562722, 34.19802723441591, 0.0], [75.67277704423748, 34.19874763436555, 0.0], [75.67538130780986, 34.19941818143085, 0.0], [75.67915239323344, 34.200574984358624, 0.0], [75.68054140373933, 34.20095751167795, 0.0], [75.68285754231508, 34.20047415169183, 0.0], [75.68528726327908, 34.1995579520504, 0.0], [75.6867321653153, 34.19842582054542, 0.0], [75.68817702743702, 34.19729367203074, 0.0], [75.68979263897796, 34.19608930123845, 0.0], [75.6907195863443, 34.19527297142219, 0.0], [75.69037157449887, 34.19421391723409, 0.0], [75.68903930313387, 34.189964002716714, 0.0], [75.6873013381062, 34.186935811918524, 0.0], [75.68724095896472, 34.18602087286524, 0.0], [75.68805370000453, 34.184861961563705, 0.0], [75.68758613778706, 34.1837864550965, 0.0], [75.68748645041995, 34.183557147659045, 0.0], [75.68745797315876, 34.18349164102224, 0.0], [75.68741094912485, 34.18338347169757, 0.0], [75.68723871105871, 34.18298727223615, 0.0], [75.68508914994989, 34.17971265407822, 0.0], [75.68501665714838, 34.179602215097965, 0.0], [75.68492563384088, 34.17946354501653, 0.0], [75.68490477127547, 34.179426495970404, 0.0], [75.6847964909763, 34.17923421002219, 0.0], [75.6841110782525, 34.17801702493493, 0.0], [75.68463123401618, 34.177246024731744, 0.0], [75.68440157256092, 34.17464522078177, 0.0], [75.68422707076695, 34.17333816149493, 0.0], [75.68335833219982, 34.171796972998486, 0.0], [75.68277726949688, 34.170593811595786, 0.0], [75.68289055430878, 34.16977331582932, 0.0], [75.68406056330643, 34.16785705685045, 0.0], [75.68447732055118, 34.16678406459409, 0.0], [75.68283305787111, 34.16505852670905, 0.0], [75.68069012965461, 34.16356299818026, 0.0], [75.68005495300666, 34.1624589635061, 0.0], [75.67924047117384, 34.16077350693949, 0.0], [75.67883647487777, 34.15647800013452, 0.0], [75.67860212172505, 34.154697609994486, 0.0], [75.67814070925955, 34.153782712092465, 0.0], [75.67605834585919, 34.15315713387792, 0.0], [75.67507645154323, 34.15238667865409, 0.0], [75.67368788542157, 34.151327964543285, 0.0], [75.67165981072041, 34.150751884505674, 0.0], [75.67015752501968, 34.14998162107893, 0.0], [75.66968555593631, 34.14940485078639, 0.0], [75.66858425934467, 34.14814312620507, 0.0], [75.66788931927454, 34.1462186689304, 0.0], [75.66794813829247, 34.144582397243205, 0.0], [75.66794800183365, 34.144289387622905, 0.0], [75.66898876792268, 34.14409965365042, 0.0], [75.67112479092216, 34.14419351150817, 0.0], [75.67303368634312, 34.145107815816054, 0.0], [75.67361373356454, 34.14515721207888, 0.0], [75.6755217564798, 34.144579466944634, 0.0], [75.677207434145, 34.14395214332281, 0.0], [75.67911561319407, 34.14380713741966, 0.0], [75.68137120474562, 34.144189198189366, 0.0], [75.6823523178878, 34.14404450338174, 0.0], [75.6857067484591, 34.14216322963187, 0.0], [75.68581993334053, 34.14129772611157, 0.0], [75.68408292191934, 34.13807113704505, 0.0], [75.68344778517825, 34.13676428937604, 0.0], [75.682292263699, 34.13556133790572, 0.0], [75.68281139828856, 34.13368143540365, 0.0], [75.68315751162322, 34.13243261337588, 0.0], [75.68437062744437, 34.13093555398504, 0.0], [75.68679807400021, 34.12963614444921, 0.0], [75.68968633162677, 34.12857534473662, 0.0], [75.69095434570959, 34.1281420023769, 0.0], [75.69124661622844, 34.12760989014704, 0.0], [75.69124607150104, 34.12698337916603, 0.0], [75.69020413518389, 34.12528907426165, 0.0], [75.68852806129095, 34.12375289390252, 0.0], [75.68832999823289, 34.12358100321651, 0.0], [75.68719398087107, 34.122595085586354, 0.0], [75.68632601026444, 34.12158590032547, 0.0], [75.6856317565435, 34.12091005339162, 0.0], [75.68586423928286, 34.120143715725646, 0.0], [75.68713580825747, 34.11725366317739, 0.0], [75.6873624530159, 34.116050047568784, 0.0], [75.68794212915182, 34.115662072324554, 0.0], [75.68915541628438, 34.11478696838641, 0.0], [75.69059663655221, 34.114303868232966, 0.0], [75.69244967784888, 34.113770992515576, 0.0], [75.6945306039886, 34.11367519028378, 0.0], [75.69683901590312, 34.113434938868416, 0.0], [75.69845888792314, 34.11275782738591, 0.0], [75.7005929848443, 34.111552975878034, 0.0], [75.70436269032024, 34.10928779304389, 0.0], [75.7058110131081, 34.10826716054165, 0.0], [75.70774487817867, 34.107242119842645, 0.0], [75.70944322191794, 34.10677810438471, 0.0], [75.712043381164, 34.10586580780451, 0.0], [75.71458890389752, 34.10456119865936, 0.0], [75.7163168778408, 34.103973950839894, 0.0], [75.7175898075258, 34.10354030641287, 0.0], [75.71880323153684, 34.10325084299918, 0.0], [75.71974436660055, 34.10163643056012, 0.0], [75.72071592304343, 34.09828198271696, 0.0], [75.72108136544499, 34.095712448758434, 0.0], [75.72147541067629, 34.09439586734289, 0.0], [75.7223192125309, 34.0931826991471, 0.0], [75.72348243122975, 34.091725766410555, 0.0], [75.72434846607747, 34.09100387247326, 0.0], [75.72509998879192, 34.089655499238006, 0.0], [75.72590661430637, 34.089127391456856, 0.0], [75.72886295318665, 34.087678020212344, 0.0], [75.7314067106841, 34.08565637278512, 0.0], [75.73336591953205, 34.084113079372344, 0.0], [75.73394323444322, 34.082282480209145, 0.0], [75.73417423448292, 34.08074064636663, 0.0], [75.7347461159564, 34.07895065776947, 0.0], [75.73607688513742, 34.07755212694024, 0.0], [75.73746284536303, 34.0769242447035, 0.0], [75.73902225504906, 34.076390900041645, 0.0], [75.7409860133618, 34.074464350467345, 0.0], [75.74202501652674, 34.07374210017364, 0.0], [75.74254436960003, 34.07325926792489, 0.0], [75.74283046981739, 34.07253777045366, 0.0], [75.74184498030026, 34.06892819268154, 0.0], [75.74155141039027, 34.06810801546958, 0.0], [75.74010223366696, 34.065932280465255, 0.0], [75.73929277382086, 34.064152473143324, 0.0], [75.73883033587464, 34.06261136923248, 0.0], [75.73842297399393, 34.06174623288732, 0.0], [75.73692091900682, 34.0603998503812, 0.0], [75.73651402522654, 34.059823208302625, 0.0], [75.73703272376153, 34.058907691599806, 0.0], [75.74014929014314, 34.05673668612069, 0.0], [75.74148081342486, 34.05615841812571, 0.0], [75.74454124318443, 34.05653862888883, 0.0], [75.7461978936184, 34.05619444607518, 0.0], [75.74759965588117, 34.05557546229626, 0.0], [75.7499998817865, 34.0548475636914, 0.0], [75.75270251501819, 34.05650226999989, 0.0], [75.75516630123371, 34.056736790894995, 0.0], [75.75758176672461, 34.056739063111564, 0.0], [75.7589681780959, 34.05674034019169, 0.0], [75.75985098245431, 34.05669610640195, 0.0], [75.76248378731866, 34.05610351835355, 0.0], [75.76418466973946, 34.05584359288494, 0.0], [75.7658584398413, 34.055606179283195, 0.0], [75.7671043651517, 34.055350400229315, 0.0], [75.76852379525191, 34.054918834940395, 0.0], [75.76900117547318, 34.05432874265577, 0.0], [75.76908943335646, 34.05300363787695, 0.0], [75.7688506505653, 34.0508664814612, 0.0], [75.76881121614497, 34.050513531635566, 0.0], [75.7687519627485, 34.049983185925704, 0.0], [75.76866794413125, 34.04790060806055, 0.0], [75.76860078699133, 34.04768934365826, 0.0], [75.76818779457524, 34.04639011734504, 0.0], [75.76765869394488, 34.045204146616, 0.0], [75.76768741909687, 34.04381132181421, 0.0], [75.76807867025764, 34.042770392357916, 0.0], [75.76919050360056, 34.04127934806441, 0.0], [75.77026870047443, 34.04075736695525, 0.0], [75.7715685254864, 34.04056920643991, 0.0], [75.77296055196156, 34.04019169369364, 0.0], [75.77466123391669, 34.0397693833487, 0.0], [75.77644338288273, 34.03913522948312, 0.0], [75.77792225045586, 34.03856844511597, 0.0], [75.77970464491727, 34.037623193640734, 0.0], [75.78072913557645, 34.036654863451204, 0.0], [75.78141264663968, 34.03539775435575, 0.0], [75.78221002810332, 34.03405054365889, 0.0], [75.78319642856108, 34.03317676925437, 0.0], [75.78438832721908, 34.032447416414755, 0.0], [75.78583456305348, 34.03179037956985, 0.0], [75.7867122734834, 34.03120045472133, 0.0], [75.7885320569409, 34.030588703942705, 0.0], [75.7894634787048, 34.03032795300698, 0.0], [75.79068721591622, 34.030180031348074, 0.0], [75.79209487188459, 34.03025313074419, 0.0], [75.79345380015285, 34.030281074713926, 0.0], [75.79521309832703, 34.03056614923132, 0.0], [75.79628503791366, 34.03061197081181, 0.0], [75.79694023312237, 34.030445572572894, 0.0], [75.79730941957466, 34.0293368737683, 0.0], [75.79737139580034, 34.02666391487272, 0.0], [75.79746770935932, 34.026272141120195, 0.0], [75.79753980929996, 34.02597885556095, 0.0], [75.79827700431515, 34.02493802087192, 0.0], [75.7986781060203, 34.024442462770615, 0.0], [75.79983787713468, 34.022982666255686, 0.0], [75.80114329242515, 34.02220362370688, 0.0], [75.80182566471237, 34.02182544723741, 0.0], [75.80244894658402, 34.020969308647096, 0.0], [75.80341248904746, 34.0210871135696, 0.0], [75.80419752912167, 34.02101993417005, 0.0], [75.8056165340364, 34.02009661588242, 0.0], [75.81046923282713, 34.01711972285254, 0.0], [75.8127384386741, 34.015633370233736, 0.0], [75.814292800103, 34.01451173261498, 0.0], [75.8148020196416, 34.01396652493885, 0.0], [75.81491632859351, 34.01301999110707, 0.0], [75.81533914720241, 34.01224033094823, 0.0], [75.81596768454901, 34.011321049599594, 0.0], [75.81665047642828, 34.01004120352079, 0.0], [75.81730091249732, 34.00881098954314, 0.0], [75.8178156981365, 34.00786909672358, 0.0], [75.818265226425, 34.00750870147216, 0.0], [75.81891471846892, 34.00743682949315, 0.0], [75.82062499768098, 34.0076088686341, 0.0], [75.82230298500342, 34.00763220273579, 0.0], [75.82357499861148, 34.0074434113764, 0.0], [75.82471197153019, 34.00699758181013, 0.0], [75.82643885445522, 34.0065024158547, 0.0], [75.82783002080788, 34.00626408000338, 0.0], [75.8291614516281, 34.00628703736715, 0.0], [75.83151569444388, 34.00668906498237, 0.0], [75.83327472108786, 34.006928597709226, 0.0], [75.83580231598077, 34.0071367311976, 0.0], [75.83727463218916, 34.00697042700411, 0.0], [75.83863334357484, 34.00640734193449, 0.0], [75.83974312263308, 34.00612371285711, 0.0], [75.84045214483186, 34.00605177206911, 0.0], [75.84118819648826, 34.00607451719807, 0.0], [75.84158870851032, 34.006124265385864, 0.0], [75.84306145090252, 34.00477681995718, 0.0], [75.84357060706976, 34.00371310989809, 0.0], [75.8437114639379, 34.00323984175916, 0.0], [75.84294337291092, 34.002054118992156, 0.0], [75.84209424576743, 34.0005438262376, 0.0], [75.84180419634248, 33.99999910669782, 0.0], [75.84160797037339, 33.99956900152588, 0.0], [75.83838853604365, 33.9976388290115, 0.0], [75.8343360741397, 33.995289087282174, 0.0], [75.83023541453274, 33.99240274884241, 0.0], [75.82984056467848, 33.99182560877664, 0.0], [75.82975040447815, 33.99158381225454, 0.0], [75.82958226551456, 33.99113288430672, 0.0], [75.82951803215427, 33.99096061661372, 0.0], [75.82909569070733, 33.98982792677908, 0.0], [75.8288840863271, 33.98926040905622, 0.0], [75.82608109787171, 33.97945513258882, 0.0], [75.82589339265104, 33.97881424796904, 0.0], [75.82562343222104, 33.97789250716379, 0.0], [75.8256004910085, 33.97781417814549, 0.0], [75.82526936591216, 33.97731655176512, 0.0], [75.8250544332414, 33.9769935398797, 0.0], [75.82352407172912, 33.9755910276752, 0.0], [75.82065774048131, 33.973489270690855, 0.0], [75.81997110149912, 33.97266404612532, 0.0], [75.81962521152647, 33.97220865591571, 0.0], [75.82002033739005, 33.97183914626068, 0.0], [75.82039400773432, 33.971343517603785, 0.0], [75.82049173024848, 33.97081157951023, 0.0], [75.8202432015452, 33.97031568004332, 0.0], [75.820097398008, 33.96981972554412, 0.0], [75.82014650094835, 33.96916167113234, 0.0], [75.82098547046837, 33.96858501769756, 0.0], [75.82148344758599, 33.96817504571426, 0.0], [75.82188434215045, 33.967282682448236, 0.0], [75.82202562486425, 33.96631810017407, 0.0], [75.82212339503162, 33.96557891214334, 0.0], [75.82262145610494, 33.965123841800455, 0.0], [75.82385552913692, 33.96409657253003, 0.0], [75.82793614013947, 33.96121326428481, 0.0], [75.8287261311574, 33.960722203972715, 0.0], [75.82975998199578, 33.9596091956332, 0.0], [75.83065302708445, 33.95874405743459, 0.0], [75.83149171490754, 33.958334180199884, 0.0], [75.83188664411263, 33.958167463234616, 0.0], [75.83327154494079, 33.95816792509067, 0.0], [75.83406133094505, 33.95812767387478, 0.0], [75.83470536008112, 33.957591479904764, 0.0], [75.83564155215794, 33.95668570108795, 0.0], [75.83655607975587, 33.95590163254313, 0.0], [75.83823880595403, 33.95495549500748, 0.0], [75.8392721512458, 33.9545050984511, 0.0], [75.84046232940905, 33.954090688574546, 0.0], [75.8423393987581, 33.95405062182554, 0.0], [75.84436237428555, 33.95417736120239, 0.0], [75.8452494160962, 33.954466002280355, 0.0], [75.84554676206987, 33.95487629079366, 0.0], [75.84643906929911, 33.95557523299455, 0.0], [75.84767199500287, 33.95701793353624, 0.0], [75.84905620474231, 33.95911883695777, 0.0], [75.85038640472136, 33.96101681763365, 0.0], [75.85130051905358, 33.961634585398485, 0.0], [75.85213887203616, 33.96204490148786, 0.0], [75.85248501601342, 33.962252367923725, 0.0], [75.85366977294305, 33.96221195906123, 0.0], [75.85688321519007, 33.96200510854835, 0.0], [75.85984785742126, 33.96180261721681, 0.0], [75.86261220876314, 33.96159559752331, 0.0], [75.86429462183389, 33.961717449753735, 0.0], [75.8667126923144, 33.962542510914275, 0.0], [75.86945546445766, 33.962831150247176, 0.0], [75.87167887353489, 33.96270954514572, 0.0], [75.87296098233789, 33.96233538511608, 0.0], [75.87320986720134, 33.96221367269674, 0.0], [75.87355613229778, 33.96204689717864, 0.0], [75.87399967525465, 33.96250216272645, 0.0], [75.87444332057204, 33.96287183938128, 0.0], [75.87568215373835, 33.96328203461069, 0.0], [75.87632048091949, 33.96361559740069, 0.0], [75.8777540820497, 33.963944569436634, 0.0], [75.87889026134083, 33.9641474056876, 0.0], [75.88037251061021, 33.9645214534613, 0.0], [75.8813625699414, 33.964764813625074, 0.0], [75.88254743497073, 33.965508561101004, 0.0], [75.88415432466257, 33.9667840661338, 0.0], [75.88524190823244, 33.967608931633045, 0.0], [75.88672437685645, 33.968266894651684, 0.0], [75.88820672995558, 33.96864084660759, 0.0], [75.89023024251404, 33.968884066135374, 0.0], [75.89131766693778, 33.968969537538534, 0.0], [75.89205887734511, 33.96909114821057, 0.0], [75.89319509210704, 33.969090933247266, 0.0], [75.89403362894859, 33.96892404302138, 0.0], [75.89492613850167, 33.96839204544844, 0.0], [75.89586207297326, 33.96826564990769, 0.0], [75.89675473538088, 33.96826546087222, 0.0], [75.89729574927283, 33.9681030620924, 0.0], [75.89786370006954, 33.96773339831003, 0.0], [75.8985561085285, 33.96744471155291, 0.0], [75.89959489690179, 33.967692437002555, 0.0], [75.90026729531812, 33.96785993668702, 0.0], [75.9010773536496, 33.96806172332386, 0.0], [75.9024570122051, 33.96826878012446, 0.0], [75.90364719422544, 33.968101771702585, 0.0], [75.90478328515432, 33.96810145075191, 0.0], [75.90562196218767, 33.968349153647445, 0.0], [75.90661218371768, 33.968556233665964, 0.0], [75.9075967049985, 33.96834867447934, 0.0], [75.90809435534415, 33.968181768615395, 0.0], [75.90838668209422, 33.96863694104969, 0.0], [75.90853825861525, 33.9688848238688, 0.0], [75.90888447772024, 33.968799116371144, 0.0], [75.90932790610914, 33.96834816040483, 0.0], [75.90977154067393, 33.96818128563729, 0.0], [75.91006894446559, 33.96777099758388, 0.0], [75.91164823766373, 33.96686448964082, 0.0], [75.91298434161018, 33.96640879879595, 0.0], [75.9141905460938, 33.965953156974244, 0.0], [75.91557486669008, 33.96455527435272, 0.0], [75.91665632483097, 33.96356321141909, 0.0], [75.91745127853139, 33.96294538057009, 0.0], [75.91824105391426, 33.96286400514256, 0.0], [75.91937706431663, 33.96278238448399, 0.0], [75.92110291929943, 33.96302966479441, 0.0], [75.9226338256902, 33.96294343349592, 0.0], [75.9231315904932, 33.96294321841171, 0.0], [75.92436480996942, 33.96257313125636, 0.0], [75.92604710031063, 33.96236505291356, 0.0], [75.92757804431261, 33.962323853471965, 0.0], [75.92856263675769, 33.96232346360736, 0.0], [75.93041796460922, 33.962074699159196, 0.0], [75.9320459779955, 33.96149691972815, 0.0], [75.93347939300043, 33.96124832806222, 0.0], [75.93505909692894, 33.9613331959481, 0.0], [75.93679004856119, 33.9611655457199, 0.0], [75.93851554506118, 33.960876162839206, 0.0], [75.94029512567222, 33.96071296244907, 0.0], [75.94286459008437, 33.960463603467105, 0.0], [75.94424921896757, 33.960133823450825, 0.0], [75.94560095812878, 33.95943434072323, 0.0], [75.94663855905137, 33.958194075623574, 0.0], [75.94713004266777, 33.95728781113104, 0.0], [75.94782188233533, 33.956629274982504, 0.0], [75.94846543301622, 33.95634032395302, 0.0], [75.94960100277977, 33.95588884993356, 0.0], [75.9512775183097, 33.955558813282934, 0.0], [75.95291104342502, 33.95543155211381, 0.0], [75.95404717275683, 33.95555703695465, 0.0], [75.9554810655799, 33.95596626719373, 0.0], [75.95635223461677, 33.95627226337731, 0.0], [75.95702322321941, 33.956542292996744, 0.0], [75.95773757776121, 33.956789705137304, 0.0], [75.95806215143381, 33.95684805454008, 0.0], [75.95870046287236, 33.95684759307557, 0.0], [75.9595387323388, 33.956621641413975, 0.0], [75.96000904639608, 33.956310352609144, 0.0], [75.96142019920224, 33.955714307377214, 0.0], [75.96245297345321, 33.95528083394126, 0.0], [75.96326957207089, 33.95505484530659, 0.0], [75.96450254320764, 33.95476543613822, 0.0], [75.96568687684284, 33.95445357896665, 0.0], [75.96654156788901, 33.95451604234633, 0.0], [75.96673644547664, 33.95463761424372, 0.0], [75.96673703661695, 33.95511090078795, 0.0], [75.9671106202673, 33.955502796000765, 0.0], [75.96733337177122, 33.956327500671385, 0.0], [75.96777838505955, 33.95768399160239, 0.0], [75.96829934295644, 33.95918922955207, 0.0], [75.96883058047648, 33.96015796375534, 0.0], [75.9691771425821, 33.96046420845756, 0.0], [75.96994573126723, 33.960878325532974, 0.0], [75.97040578425751, 33.96109429890764, 0.0], [75.97199725693815, 33.96194498987172, 0.0], [75.97271198032574, 33.96252139590874, 0.0], [75.97345439108577, 33.96358917663065, 0.0], [75.97383958805486, 33.96457599771758, 0.0], [75.97433274219996, 33.965319365844586, 0.0], [75.97512427633382, 33.96667560774956, 0.0], [75.9754228965398, 33.967603947996416, 0.0], [75.97655044768096, 33.969518734839596, 0.0], [75.97719590719399, 33.970816419510406, 0.0], [75.97773806185452, 33.97174002294262, 0.0], [75.97819849578453, 33.97219044353949, 0.0], [75.97876678096875, 33.972379280526575, 0.0], [75.97918368088911, 33.97258176471305, 0.0], [75.98019537503197, 33.97260338189157, 0.0], [75.98145527134808, 33.972002810891816, 0.0], [75.98234749524373, 33.97163242770458, 0.0], [75.98385164099746, 33.971631053112596, 0.0], [75.98592385314873, 33.97173288083016, 0.0], [75.987964002009, 33.972019538671425, 0.0], [75.99053441662066, 33.97238675875107, 0.0], [75.99226119672346, 33.97302515068634, 0.0], [75.9937172451421, 33.973474514673654, 0.0], [75.99528721739254, 33.974131174933994, 0.0], [75.99617503771947, 33.97448184325403, 0.0], [75.99756064608015, 33.974809530955, 0.0], [75.99895127053794, 33.974880227225576, 0.0], [75.99999995054807, 33.97533718876578, 0.0], [76.00099710084785, 33.97536466649876, 0.0], [76.00216549996291, 33.97555518501772, 0.0], [76.00419316579546, 33.97651724411907, 0.0], [76.00542106401616, 33.976739351224076, 0.0], [76.00617850228429, 33.976731085842104, 0.0], [76.00658446946892, 33.97662324215909, 0.0], [76.00723955093285, 33.97638042614616, 0.0], [76.00781904830389, 33.97598888090866, 0.0], [76.00858819412379, 33.975313412202816, 0.0], [76.00912954094444, 33.97508405383746, 0.0], [76.0100064603762, 33.974845987047885, 0.0], [76.01109424493288, 33.974590039544424, 0.0], [76.01218753432168, 33.97438814699978, 0.0], [76.01339420197287, 33.97424501373513, 0.0], [76.0141516109526, 33.974281791628, 0.0], [76.01501703187711, 33.974480907238075, 0.0], [76.01572013157083, 33.97473844284152, 0.0], [76.01650431494933, 33.97496897175704, 0.0], [76.01719683118637, 33.97505523743741, 0.0], [76.01795425014913, 33.9750739548342, 0.0], [76.01810568545345, 33.97512816535081, 0.0], [76.01873290743838, 33.97550282960248, 0.0], [76.01945676475505, 33.97640048040268, 0.0], [76.02028888937939, 33.97729821950978, 0.0], [76.02183974279738, 33.97903952128432, 0.0], [76.02293664595292, 33.98031156235798, 0.0], [76.02435759037726, 33.98212479495509, 0.0], [76.02461779193179, 33.98169677934198, 0.0], [76.02498241164142, 33.979866975099696, 0.0], [76.02507622079173, 33.978311871470794, 0.0], [76.02521771000221, 33.97765388215449, 0.0], [76.02552097926532, 33.97736114255602, 0.0], [76.02611121908924, 33.97697844059896, 0.0], [76.02643098870236, 33.976482826831656, 0.0], [76.02653018127519, 33.97490973041115, 0.0], [76.02654357909213, 33.972710028390395, 0.0], [76.026539400441, 33.97163272352386, 0.0], [76.02690255159686, 33.97101094045559, 0.0], [76.02787742677799, 33.97009663116303, 0.0], [76.02931797722556, 33.968898668663435, 0.0], [76.03013028949573, 33.96817806375083, 0.0], [76.03075332801205, 33.96738066931947, 0.0], [76.03168502781712, 33.966258998079155, 0.0], [76.03261119427435, 33.96529951697073, 0.0], [76.0332015699455, 33.96465993549907, 0.0], [76.03358659279502, 33.96377668534127, 0.0], [76.03392826349487, 33.962934020826175, 0.0], [76.03464317327438, 33.962159192425815, 0.0], [76.03547161753927, 33.96147467197449, 0.0], [76.0367329978192, 33.960578534294584, 0.0], [76.03737196094418, 33.95996143084592, 0.0], [76.03826548371664, 33.95906053202529, 0.0], [76.0389047092537, 33.95817295598975, 0.0], [76.03936512373045, 33.95758720020229, 0.0], [76.0405570305198, 33.95572186006968, 0.0], [76.04119601226897, 33.95495151370605, 0.0], [76.04258277827192, 33.95295554246708, 0.0], [76.04292386352375, 33.95254556086269, 0.0], [76.04315152467379, 33.952108402847934, 0.0], [76.04340689380892, 33.950891546847295, 0.0], [76.04375981759149, 33.9494312668834, 0.0], [76.04446477387263, 33.94757452571823, 0.0], [76.04480667031177, 33.94630363308238, 0.0], [76.04515908062089, 33.94539780693472, 0.0], [76.04604722000569, 33.94421732608857, 0.0], [76.04656159652662, 33.94354153195546, 0.0], [76.0478996033389, 33.941202852754095, 0.0], [76.04826279632296, 33.940360144651216, 0.0], [76.04818293632682, 33.93884996574295, 0.0], [76.04831497280156, 33.93641593810519, 0.0], [76.04861299264293, 33.93573088395582, 0.0], [76.04925209848199, 33.93461788442261, 0.0], [76.04947451069377, 33.93385618498501, 0.0], [76.04953501087664, 33.9327113192055, 0.0], [76.04937883492273, 33.931913345323366, 0.0], [76.04898441318556, 33.93149392143542, 0.0], [76.0479628271964, 33.93096133419207, 0.0], [76.04680052705912, 33.93056394804175, 0.0], [76.0461520733983, 33.930072181772324, 0.0], [76.04580108714165, 33.92953108022943, 0.0], [76.0454288546192, 33.92853463533622, 0.0], [76.04451043996859, 33.927533264170016, 0.0], [76.04341337533434, 33.92680233073093, 0.0], [76.04210030126544, 33.92588635260708, 0.0], [76.04137080778713, 33.925290902156135, 0.0], [76.04062487295953, 33.924997344757564, 0.0], [76.03933814867115, 33.92483875480657, 0.0], [76.03759701071961, 33.92480149226656, 0.0], [76.03535272197256, 33.9249350981371, 0.0], [76.03463916341404, 33.924704630998704, 0.0], [76.03389356169181, 33.924167711077125, 0.0], [76.03341872123255, 33.92319824300369, 0.0], [76.03300440476089, 33.921282136030676, 0.0], [76.03279452207367, 33.920321805313264, 0.0], [76.03256822160304, 33.91965904131383, 0.0], [76.03321702031468, 33.91962789671794, 0.0], [76.03476364119223, 33.91949388287609, 0.0], [76.0360560387481, 33.919395627001265, 0.0], [76.03701333603762, 33.91917536478245, 0.0], [76.03803558016479, 33.918869593420894, 0.0], [76.03907987483353, 33.91810855528827, 0.0], [76.03945313409619, 33.917899198367536, 0.0], [76.03982639314442, 33.917689839596854, 0.0], [76.04088134625461, 33.91714063028284, 0.0], [76.04195777332271, 33.91668601499524, 0.0], [76.04310463166566, 33.91604672709493, 0.0], [76.043557757408, 33.915658445013094, 0.0], [76.04355965920854, 33.91565681482868, 0.0], [76.04356039641283, 33.9156561835798, 0.0], [76.04356196034787, 33.91565484347301, 0.0], [76.04356615767692, 33.91565124723597, 0.0], [76.0435760547651, 33.91564276665298, 0.0], [76.04357819371307, 33.915640933700644, 0.0], [76.04357973635166, 33.91563961302134, 0.0], [76.04359745317059, 33.9156244300913, 0.0], [76.04360267522296, 33.915619955728545, 0.0], [76.04384052383182, 33.91541614269351, 0.0], [76.0444412501453, 33.91481700251509, 0.0], [76.04489171810408, 33.914402361231325, 0.0], [76.04520961073521, 33.914109748580216, 0.0], [76.04608634733292, 33.91316366176126, 0.0], [76.04673554832648, 33.912762955656824, 0.0], [76.04776313127262, 33.912416476020184, 0.0], [76.04841200740405, 33.91229064757977, 0.0], [76.05019075238349, 33.9123368192026, 0.0], [76.05178567652536, 33.91242340326537, 0.0], [76.05326708683526, 33.912356632393205, 0.0], [76.05445126532713, 33.912177043021956, 0.0], [76.05557607798188, 33.91191173374976, 0.0], [76.05663606967022, 33.91158321031581, 0.0], [76.05749593580241, 33.9112365549911, 0.0], [76.05856681027639, 33.91083595472406, 0.0], [76.05967005596608, 33.91039484330448, 0.0], [76.06062725411161, 33.91006626839518, 0.0], [76.06196831771291, 33.909719856557125, 0.0], [76.06312002118868, 33.90949050160454, 0.0], [76.06325184536108, 33.90947516304624, 0.0], [76.06454745973613, 33.909324407616836, 0.0], [76.06646689491197, 33.909077380278475, 0.0], [76.06821309663594, 33.90906017378838, 0.0], [76.06920792420124, 33.909029085110085, 0.0], [76.07008392355566, 33.90887168089018, 0.0], [76.07122482429631, 33.90852510383627, 0.0], [76.0726632814575, 33.90798933463842, 0.0], [76.07406385200953, 33.90743539014627, 0.0], [76.07549143554151, 33.906768824014264, 0.0], [76.07636756446539, 33.906331982778596, 0.0], [76.07715710921042, 33.905908518554064, 0.0], [76.07813055907167, 33.90528232722989, 0.0], [76.07984475465129, 33.90444897727936, 0.0], [76.08091530995942, 33.90402113050601, 0.0], [76.08174261493154, 33.903773526328685, 0.0], [76.08257523642123, 33.90347626812703, 0.0], [76.08392682597288, 33.90331900384842, 0.0], [76.08559741041603, 33.903148272601854, 0.0], [76.08696512792554, 33.90302690665144, 0.0], [76.08961425589435, 33.90272573304481, 0.0], [76.09125234996864, 33.902604452540665, 0.0], [76.09190650637612, 33.90242883869436, 0.0], [76.09271752955823, 33.90202781085668, 0.0], [76.0937610377283, 33.901505220188426, 0.0], [76.09492348611762, 33.901167432520836, 0.0], [76.09602100207277, 33.900793507169105, 0.0], [76.09689689633005, 33.90041054353824, 0.0], [76.09746462740571, 33.899991451027695, 0.0], [76.09826495624999, 33.89920728903267, 0.0], [76.0988164898065, 33.89844563350835, 0.0], [76.09913029213983, 33.897674823397075, 0.0], [76.09957920170046, 33.896881523933885, 0.0], [76.10023881102842, 33.89625958408147, 0.0], [76.10112557817403, 33.89564219463749, 0.0], [76.1025365909166, 33.894862646096385, 0.0], [76.10328272041053, 33.89428582031869, 0.0], [76.10407200298243, 33.89378553106598, 0.0], [76.10535290624483, 33.89290286129282, 0.0], [76.10548831345122, 33.892809550025994, 0.0], [76.10556956699276, 33.89275355725538, 0.0], [76.10664532462202, 33.89211359971133, 0.0], [76.10670353780729, 33.89208803736725, 0.0], [76.10725083535584, 33.89184770696037, 0.0], [76.10801831112113, 33.891838822217856, 0.0], [76.10888315999604, 33.89205082000467, 0.0], [76.10916422972409, 33.89205983375614, 0.0], [76.10958051310965, 33.89193812364004, 0.0], [76.11048867247727, 33.89136123816768, 0.0], [76.11143470639212, 33.8907123078029, 0.0], [76.11208332622284, 33.890486945975994, 0.0], [76.1138238075722, 33.8902932885286, 0.0], [76.11485081113496, 33.890293378488, 0.0], [76.11529951547662, 33.89022122714267, 0.0], [76.11600215359185, 33.88980209105754, 0.0], [76.11689950331439, 33.88918909296171, 0.0], [76.11789950561136, 33.88872035387071, 0.0], [76.11912111965482, 33.88855360489734, 0.0], [76.12022909580035, 33.88865283795866, 0.0], [76.12165601014024, 33.88893683214628, 0.0], [76.12296411559286, 33.88904955003602, 0.0], [76.12333162934605, 33.888328332743534, 0.0], [76.12409922612471, 33.88658384205658, 0.0], [76.12501256406726, 33.88527658134706, 0.0], [76.12601254199363, 33.88458240698649, 0.0], [76.12693676068025, 33.884032400010625, 0.0], [76.12787708963943, 33.88349143796157, 0.0], [76.1290824222704, 33.88303164151871, 0.0], [76.12981741467141, 33.88264847449257, 0.0], [76.1305524269213, 33.88215257305973, 0.0], [76.13125492132454, 33.881552983389476, 0.0], [76.13230344958194, 33.88084974520955, 0.0], [76.13337888090443, 33.88005624633027, 0.0], [76.1341245896904, 33.87958746135174, 0.0], [76.13495681879057, 33.87918614374072, 0.0], [76.13562164469084, 33.87902832832268, 0.0], [76.13626472357524, 33.878861511423, 0.0], [76.13667537421192, 33.87859997705435, 0.0], [76.1371779177869, 33.87769385871434, 0.0], [76.13745332725054, 33.87673374095792, 0.0], [76.13756668808101, 33.87541744746762, 0.0], [76.13778813846258, 33.874587962578, 0.0], [76.13797710765586, 33.87389378235434, 0.0], [76.13831754513322, 33.873199555813805, 0.0], [76.13847406204248, 33.87241513030254, 0.0], [76.1383929424587, 33.871842668367, 0.0], [76.13808473289363, 33.87106289544798, 0.0], [76.13754425210159, 33.870075768852416, 0.0], [76.13773329130072, 33.86990889614186, 0.0], [76.13852765624577, 33.86948959742864, 0.0], [76.13893285733499, 33.869065865275076, 0.0], [76.13919215910707, 33.86843470284275, 0.0], [76.13943518649198, 33.867970351357904, 0.0], [76.14017546958492, 33.867551091604, 0.0], [76.14141284575753, 33.867140661525525, 0.0], [76.14211531048295, 33.86682960164927, 0.0], [76.14255293743531, 33.86646435603359, 0.0], [76.1426067631418, 33.86572506728607, 0.0], [76.14280122543384, 33.865179633240885, 0.0], [76.14356287840242, 33.86420128265108, 0.0], [76.14418410027206, 33.863313153557925, 0.0], [76.14516717539692, 33.86178035820767, 0.0], [76.14532904613225, 33.860739028299804, 0.0], [76.1458364509252, 33.85902153065665, 0.0], [76.14611185161858, 33.85836332922368, 0.0], [76.14676539958381, 33.85744819193363, 0.0], [76.14702458441414, 33.85652400509, 0.0], [76.14719187269625, 33.85586581619146, 0.0], [76.14796425326084, 33.854883009853936, 0.0], [76.14896359356284, 33.85415709305188, 0.0], [76.14950908740938, 33.853620550422065, 0.0], [76.14957928291625, 33.85342212065623, 0.0], [76.1494278169795, 33.85286321764446, 0.0], [76.14885490528432, 33.85195724491772, 0.0], [76.14862237700986, 33.85116398525733, 0.0], [76.14877350137733, 33.85067260507524, 0.0], [76.14908131324238, 33.85015415171871, 0.0], [76.1497185302412, 33.84937415607819, 0.0], [76.15008052926947, 33.84911718064297, 0.0], [76.15088007249992, 33.84913496992381, 0.0], [76.15159322246349, 33.8490537271227, 0.0], [76.15197134458455, 33.84892736256951, 0.0], [76.15283556192965, 33.848336691538734, 0.0], [76.15362420475675, 33.847849622777424, 0.0], [76.15432638681324, 33.84748438529966, 0.0], [76.15540142302393, 33.847245155182826, 0.0], [76.15473113343, 33.846357348134475, 0.0], [76.15436345520435, 33.845410788089325, 0.0], [76.15421712300027, 33.84408554489006, 0.0], [76.15413401970021, 33.84256048544315, 0.0], [76.15413016936112, 33.84248982290479, 0.0], [76.15416213611307, 33.84143499628432, 0.0], [76.15425370337611, 33.840601013698716, 0.0], [76.15490171805614, 33.84000576953412, 0.0], [76.15605218046892, 33.839275224372194, 0.0], [76.15720791175431, 33.83857627362625, 0.0], [76.15878498252593, 33.83779597404545, 0.0], [76.15975168554806, 33.83725930456662, 0.0], [76.15997839054843, 33.83692114442938, 0.0], [76.16016176183875, 33.836231400992865, 0.0], [76.16003181987294, 33.83538849618425, 0.0], [76.15950749323912, 33.834694408205685, 0.0], [76.15882127058086, 33.83395079522818, 0.0], [76.15825906583567, 33.833098963480005, 0.0], [76.15782124938299, 33.83235084621111, 0.0], [76.15717809387868, 33.831296222255055, 0.0], [76.15681594550762, 33.83058851473521, 0.0], [76.15686968119027, 33.82998900484978, 0.0], [76.15711795430754, 33.8294074186663, 0.0], [76.15774954645443, 33.82833893415433, 0.0], [76.15806783089451, 33.82732461500035, 0.0], [76.15855349744686, 33.82635074729823, 0.0], [76.15895833070583, 33.82566550716174, 0.0], [76.15945496438269, 33.82502521713865, 0.0], [76.16034582356914, 33.824380313692856, 0.0], [76.16120419027305, 33.823410954595865, 0.0], [76.16178173627314, 33.82253171574457, 0.0], [76.1621596275313, 33.821990653885045, 0.0], [76.16263994205543, 33.82120169948545, 0.0], [76.16327697801077, 33.82072817438818, 0.0], [76.16451344911913, 33.820069609157414, 0.0], [76.1655717942531, 33.819623026685676, 0.0], [76.16597670379775, 33.81934783298429, 0.0], [76.16528526779375, 33.81888378518701, 0.0], [76.16392389531819, 33.81811338719872, 0.0], [76.16324307592403, 33.8174104179417, 0.0], [76.16299982567445, 33.816968732276834, 0.0], [76.1627401982854, 33.81589148828818, 0.0], [76.16251830362297, 33.81496738265957, 0.0], [76.16209672910031, 33.81427332573186, 0.0], [76.16182110132367, 33.81380912534003, 0.0], [76.16173434243497, 33.81285804258175, 0.0], [76.16164209492891, 33.81195643183368, 0.0], [76.16147459424474, 33.81157787964888, 0.0], [76.16102616943202, 33.81107760758679, 0.0], [76.16063160931301, 33.810365524918744, 0.0], [76.15998838480434, 33.809031427962736, 0.0], [76.15975055626865, 33.808468025044, 0.0], [76.15964780759283, 33.80789099568986, 0.0], [76.1598255935353, 33.80693534810242, 0.0], [76.16011129596814, 33.80583529037457, 0.0], [76.16027831840735, 33.80494720110927, 0.0], [76.16054774024582, 33.80355428494437, 0.0], [76.160806599758, 33.80278780235829, 0.0], [76.1613785829007, 33.80185008646471, 0.0], [76.16263084907762, 33.80084445017853, 0.0], [76.16358077549187, 33.800010211104, 0.0], [76.16466028235155, 33.799261497797914, 0.0], [76.16557799369762, 33.798675194953375, 0.0], [76.16641450369285, 33.79798070974724, 0.0], [76.16724601497205, 33.79781817666702, 0.0], [76.16902790663643, 33.79802938099538, 0.0], [76.17039407302954, 33.798267771348506, 0.0], [76.17165771026713, 33.79862345986405, 0.0], [76.17226245208958, 33.79864125240795, 0.0], [76.17442227056806, 33.798712516104445, 0.0], [76.17529170845128, 33.79897812669632, 0.0], [76.17659342772829, 33.799572571913934, 0.0], [76.17804621264932, 33.80005878034823, 0.0], [76.17963382326631, 33.800324082343394, 0.0], [76.18074077296362, 33.80049034485357, 0.0], [76.18197201366246, 33.80056639236053, 0.0], [76.18349473720569, 33.800628810004426, 0.0], [76.184164195631, 33.80058342464612, 0.0], [76.18473622676561, 33.800154875267964, 0.0], [76.18556704619571, 33.79908163081252, 0.0], [76.18625203298366, 33.7980174494629, 0.0], [76.1868831462663, 33.7972147766925, 0.0], [76.18744426238112, 33.79665546174312, 0.0], [76.18855608267683, 33.7960824526695, 0.0], [76.18947382131263, 33.79582496812947, 0.0], [76.19000275395415, 33.79568946026457, 0.0], [76.19073679525026, 33.79534201919404, 0.0], [76.19149223870876, 33.7946608657157, 0.0], [76.19270091485659, 33.79375419163829, 0.0], [76.19332678067279, 33.793194855965716, 0.0], [76.1938175667454, 33.792608505517656, 0.0], [76.19441073469505, 33.7917336550112, 0.0], [76.19564037768708, 33.79005603120162, 0.0], [76.1964280849883, 33.789401950085555, 0.0], [76.198073598185, 33.788057650221276, 0.0], [76.19866673487016, 33.787232380317135, 0.0], [76.1991300722431, 33.78617731707454, 0.0], [76.19943695756741, 33.78523496889308, 0.0], [76.19959833185715, 33.784500107536445, 0.0], [76.20002286493698, 33.782290961281696, 0.0], [76.19989219144723, 33.781060398172336, 0.0], [76.19961023270268, 33.77964516437745, 0.0], [76.19945844073276, 33.778874387506924, 0.0], [76.19943587334087, 33.77777453185942, 0.0], [76.19963486387469, 33.77698104443174, 0.0], [76.19994727163116, 33.776173919120794, 0.0], [76.2003624319031, 33.77564175840558, 0.0], [76.20131186196609, 33.77496497041333, 0.0], [76.20238564707641, 33.77443234143373, 0.0], [76.2037128634645, 33.773705769144826, 0.0], [76.20441408953364, 33.77319145667392, 0.0], [76.20532581024543, 33.772586793775716, 0.0], [76.2061459770905, 33.77231580038434, 0.0], [76.20828854812622, 33.77195817957278, 0.0], [76.2095028898631, 33.77178160656117, 0.0], [76.21018274419099, 33.77155570118622, 0.0], [76.21079773645705, 33.771194700984516, 0.0], [76.21097519941878, 33.77049132260679, 0.0], [76.21110306833243, 33.76887287347665, 0.0], [76.21148971137501, 33.76686661410973, 0.0], [76.21192620108955, 33.76626232887918, 0.0], [76.21242075909265, 33.76429198183822, 0.0], [76.21263043824842, 33.763516496356594, 0.0], [76.21264547193135, 33.76237605017503, 0.0], [76.21257956321737, 33.76117696838634, 0.0], [76.21323248467597, 33.761099847163074, 0.0], [76.2139500179408, 33.760788326968516, 0.0], [76.21491545867154, 33.76020164366059, 0.0], [76.21605356523168, 33.7595787124726, 0.0], [76.21726731603917, 33.759068385974146, 0.0], [76.21792548452396, 33.75880639786193, 0.0], [76.21885370982667, 33.758729055333625, 0.0], [76.22047267973026, 33.75870079176925, 0.0], [76.22245891864894, 33.75882092149137, 0.0], [76.22590226932358, 33.75885873546038, 0.0], [76.227445700237, 33.75882590078147, 0.0], [76.22867634737989, 33.7589150224555, 0.0], [76.23032787234652, 33.75895872407319, 0.0], [76.23147208199207, 33.759020813679555, 0.0], [76.23249229132203, 33.75920019766561, 0.0], [76.23471632234303, 33.75950930803014, 0.0], [76.23610921721072, 33.75987314793719, 0.0], [76.2368593437407, 33.75982288514863, 0.0], [76.23781962569939, 33.759587616588455, 0.0], [76.23874211082756, 33.75921717142412, 0.0], [76.2398479861566, 33.758851011097576, 0.0], [76.2405814634129, 33.75853024953896, 0.0], [76.24126659099447, 33.75830872102424, 0.0], [76.2422270842219, 33.758149982755256, 0.0], [76.24358716654356, 33.75825235435377, 0.0], [76.24578910668093, 33.75825026006364, 0.0], [76.24609142908012, 33.758317551612144, 0.0], [76.24675548202187, 33.758461183070544, 0.0], [76.2470848647063, 33.758532978818934, 0.0], [76.24704031732435, 33.75758180134738, 0.0], [76.24729196941905, 33.7562382150085, 0.0], [76.24749602573392, 33.75546273000936, 0.0], [76.24785630922919, 33.754560759630415, 0.0], [76.2482601749177, 33.753947299261114, 0.0], [76.24892230900711, 33.75328202322736, 0.0], [76.2493483266061, 33.75298035654861, 0.0], [76.2500162822361, 33.75245770312064, 0.0], [76.25097461045365, 33.75182573456923, 0.0], [76.25205997218177, 33.751380580252864, 0.0], [76.25394387281072, 33.750976729993425, 0.0], [76.25688573461028, 33.750407055087656, 0.0], [76.2579492506437, 33.750110516559076, 0.0], [76.25936321412486, 33.750021696993386, 0.0], [76.26020509916064, 33.74999993835486, 0.0], [76.2602212479576, 33.7499931085139, 0.0], [76.26091540360055, 33.74958901854218, 0.0], [76.26282426722867, 33.748463482966024, 0.0], [76.26282966625773, 33.74846351925241, 0.0], [76.26454169589165, 33.74740571439316, 0.0], [76.26454709381743, 33.7474057496951, 0.0], [76.26523849014282, 33.7468789316938, 0.0], [76.26523842385686, 33.746874423646254, 0.0], [76.26547113068514, 33.746378728942105, 0.0], [76.2654711718243, 33.746374219641886, 0.0], [76.26550476311425, 33.74534649411885, 0.0], [76.26600379736495, 33.743345415646495, 0.0], [76.26705876582723, 33.74111046208263, 0.0], [76.26705880690373, 33.74110595270427, 0.0], [76.26725932734601, 33.74037583502157, 0.0], [76.2672592599024, 33.74037132685491, 0.0], [76.2670982944489, 33.73969497129302, 0.0], [76.26709289831054, 33.739695027632855, 0.0], [76.26646838920722, 33.73857656373342, 0.0], [76.26620488258742, 33.73790008662637, 0.0], [76.26571518484857, 33.736867355269354, 0.0], [76.26538745504261, 33.73574917919171, 0.0], [76.26538205765111, 33.7357491439153, 0.0], [76.26545339501573, 33.734748445596175, 0.0], [76.26578382255734, 33.73377954196077, 0.0], [76.26578375625787, 33.73377503372036, 0.0], [76.26650778702913, 33.732986790728155, 0.0], [76.26651311799615, 33.73298231681135, 0.0], [76.26733388478576, 33.73242403882969, 0.0], [76.26911541228885, 33.73157360772188, 0.0], [76.26912080951871, 33.73157364197364, 0.0], [76.2710314302318, 33.7309891625117, 0.0], [76.27103686944001, 33.730984687197626, 0.0], [76.27116116957389, 33.73075487946719, 0.0], [76.27116664968185, 33.73074589461344, 0.0], [76.27073621792418, 33.72972222151207, 0.0], [76.27073625993972, 33.729717711988926, 0.0], [76.27007961654228, 33.728423374792676, 0.0], [76.26908832255185, 33.72727758015839, 0.0], [76.26810252651443, 33.72610015728884, 0.0], [76.26810246121443, 33.72609564896021, 0.0], [76.26770957970454, 33.725301999324486, 0.0], [76.26741361768191, 33.72468411495358, 0.0], [76.26731394318637, 33.722448105531846, 0.0], [76.26748510314785, 33.71923865798045, 0.0], [76.26735187148441, 33.7179718472014, 0.0], [76.26712634856604, 33.71709260374886, 0.0], [76.26712099564185, 33.71708814947991, 0.0], [76.26676012930174, 33.71661901316171, 0.0], [76.26580622482457, 33.715941946377434, 0.0], [76.26511142453676, 33.715116389128085, 0.0], [76.264061305361, 33.713763094832295, 0.0], [76.26374349968643, 33.71334316909473, 0.0], [76.26368460714816, 33.713265353034465, 0.0], [76.2634365780784, 33.712937622760904, 0.0], [76.26343122402253, 33.71293307765109, 0.0], [76.26323816242991, 33.712085420445014, 0.0], [76.26323809518524, 33.71208091095465, 0.0], [76.26323937225665, 33.711109385861015, 0.0], [76.26323950809993, 33.71100633623698, 0.0], [76.26323987379037, 33.710728570167745, 0.0], [76.26383471936796, 33.70955260468005, 0.0], [76.26475819188374, 33.708638326424406, 0.0], [76.2659139438597, 33.70749430370447, 0.0], [76.26591387757013, 33.70748979507733, 0.0], [76.26617892507569, 33.70694010692785, 0.0], [76.26617889987457, 33.70693108841139, 0.0], [76.26572130353964, 33.70622746577352, 0.0], [76.26571590750126, 33.70622743050441, 0.0], [76.26456303730492, 33.70516703002786, 0.0], [76.26357702103049, 33.70443138075956, 0.0], [76.26357695480337, 33.70442687299223, 0.0], [76.26318393935023, 33.703872014870406, 0.0], [76.26318398053337, 33.70386750585054, 0.0], [76.26311489041191, 33.70304707740302, 0.0], [76.26311493270983, 33.70304256748932, 0.0], [76.26440759249228, 33.70022179149819, 0.0], [76.26496987241205, 33.69910432216689, 0.0], [76.26556461854128, 33.69792825929485, 0.0], [76.2656946330921, 33.69742802364355, 0.0], [76.26569467528918, 33.69742351364667, 0.0], [76.26530229724924, 33.69633674453405, 0.0], [76.26494279386078, 33.69495256747909, 0.0], [76.2649440223176, 33.69392471385719, 0.0], [76.26494406342997, 33.6939202046908, 0.0], [76.26540394894228, 33.69271702358132, 0.0], [76.26583650446925, 33.69186548279839, 0.0], [76.26583643778453, 33.69186088420193, 0.0], [76.26580489963452, 33.69124776727426, 0.0], [76.26580494071298, 33.6912432580684, 0.0], [76.26537437663747, 33.69050815035233, 0.0], [76.26494912648793, 33.68992170103133, 0.0], [76.26471793048208, 33.68942110533444, 0.0], [76.26471786424847, 33.689416596441504, 0.0], [76.26501516602983, 33.68886243078563, 0.0], [76.26501510083995, 33.68885792281435, 0.0], [76.26620295809494, 33.68771392951576, 0.0], [76.26742289197574, 33.68677287407075, 0.0], [76.26835107223101, 33.68618318685087, 0.0], [76.26927402384253, 33.68548072532626, 0.0], [76.26960346869946, 33.685097840652055, 0.0], [76.26960340333596, 33.68509333262739, 0.0], [76.26960409638822, 33.68453886621062, 0.0], [76.26960413840231, 33.68453435692942, 0.0], [76.26934074438394, 33.68386238744362, 0.0], [76.26934067903119, 33.68385787940074, 0.0], [76.26858696088344, 33.682919666331095, 0.0], [76.26858156588322, 33.68291963205683, 0.0], [76.26773070531021, 33.68203534967885, 0.0], [76.26772531143428, 33.68203531540103, 0.0], [76.2669709979188, 33.68150275276561, 0.0], [76.26641112779136, 33.680826059905804, 0.0], [76.26618010401889, 33.68012263660121, 0.0], [76.26618014616247, 33.680118127256144, 0.0], [76.26621319401096, 33.67953212487483, 0.0], [76.26634328765044, 33.6790318855278, 0.0], [76.26634861761492, 33.67902750240876, 0.0], [76.2676979112158, 33.67800079577171, 0.0], [76.2691876713958, 33.67673535241309, 0.0], [76.27050464655625, 33.675591436259595, 0.0], [76.27149875089702, 33.67388374297372, 0.0], [76.2722871119414, 33.672856623504, 0.0], [76.2722925468937, 33.672852058438416, 0.0], [76.27298588399957, 33.67006224819234, 0.0], [76.27298592587904, 33.67005773869823, 0.0], [76.273515084838, 33.669354973425456, 0.0], [76.27351512669703, 33.66935046392085, 0.0], [76.27420574694005, 33.66876498555084, 0.0], [76.27544729647691, 33.667521779350054, 0.0], [76.27722820780417, 33.66593641637456, 0.0], [76.27874980271272, 33.66476107810535, 0.0], [76.28009846312904, 33.663905596823675, 0.0], [76.28010385765094, 33.66390572138513, 0.0], [76.28207795038593, 33.66296491686069, 0.0], [76.28386310767483, 33.662231486107906, 0.0], [76.28464522867526, 33.66185332903543, 0.0], [76.28465059391469, 33.66184434382012, 0.0], [76.2845218758482, 33.661231250007326, 0.0], [76.28363410137794, 33.659643740828976, 0.0], [76.28363403335383, 33.65963923148353, 0.0], [76.2825145233414, 33.65799306510615, 0.0], [76.28169114769153, 33.656743699396145, 0.0], [76.28073846585299, 33.65539060182686, 0.0], [76.28004917952497, 33.654686899647125, 0.0], [76.28004382741814, 33.65468235601586, 0.0], [76.27886365542643, 33.65441553686535, 0.0], [76.27885826281162, 33.654415502940815, 0.0], [76.2783352345263, 33.654532293153785, 0.0], [76.27832984196353, 33.654532257400646, 0.0], [76.27724669363941, 33.65427001246293, 0.0], [76.27625511289094, 33.653971638938486, 0.0], [76.2756596410591, 33.653649749117214, 0.0], [76.27484376905781, 33.653208712957785, 0.0], [76.27483841721879, 33.65320416913944, 0.0], [76.27411705633018, 33.652324541459166, 0.0], [76.27411709816006, 33.652320031705344, 0.0], [76.27375161781711, 33.65144069983372, 0.0], [76.27347825263087, 33.649989016871714, 0.0], [76.2734704619508, 33.649947646163184, 0.0], [76.2734247556014, 33.649704928132785, 0.0], [76.27342479637376, 33.649700418316904, 0.0], [76.27329303445096, 33.64942305519417, 0.0], [76.2732712780862, 33.649377258084044, 0.0], [76.27316127414564, 33.64914569446076, 0.0], [76.27316131601097, 33.64914118466073, 0.0], [76.27244594619427, 33.647873865772056, 0.0], [76.2719890301408, 33.64684567135916, 0.0], [76.27198896359555, 33.646841163657704, 0.0], [76.27205758859247, 33.64606151594626, 0.0], [76.27208735947468, 33.64572329026329, 0.0], [76.27202353149416, 33.64496142708335, 0.0], [76.27202357340161, 33.644956917222494, 0.0], [76.27143755868771, 33.644112912287504, 0.0], [76.27143167389475, 33.64410443756666, 0.0], [76.27047866504148, 33.64331022864499, 0.0], [76.27047327445935, 33.643310283322954, 0.0], [76.2698861578458, 33.64301671904225, 0.0], [76.26988076578398, 33.643016683923236, 0.0], [76.26892677806285, 33.6429843628944, 0.0], [76.26783784004924, 33.64319078725578, 0.0], [76.2672965480724, 33.64329423308332, 0.0], [76.26678118045467, 33.64339272298377, 0.0], [76.26609117624031, 33.643509456706525, 0.0], [76.26609113410633, 33.64351396658705, 0.0], [76.26556298730053, 33.64351342191939, 0.0], [76.26556302837155, 33.643508912015, 0.0], [76.26457706890356, 33.64321498519028, 0.0], [76.26457167683415, 33.64321494990132, 0.0], [76.26272961371713, 33.642244168916456, 0.0], [76.26242256643759, 33.642077033480625, 0.0], [76.26217230502867, 33.64191030830323, 0.0], [76.26160952863071, 33.64153537922394, 0.0], [76.25851259710349, 33.639914194508094, 0.0], [76.2573600185966, 33.63935405224562, 0.0], [76.25647126533977, 33.6389700571816, 0.0], [76.25567922908235, 33.63879349279641, 0.0], [76.25518358980841, 33.638675872359784, 0.0], [76.25393375442023, 33.63829146516866, 0.0], [76.2530447693312, 33.63808322088821, 0.0], [76.25258881693091, 33.63799539926831, 0.0], [76.2521831227124, 33.63792339157842, 0.0], [76.25177471742808, 33.637917336286925, 0.0], [76.25152197626929, 33.63797635112632, 0.0], [76.25114224982701, 33.63817147944876, 0.0], [76.25057127589774, 33.63847362301009, 0.0], [76.25041944627843, 33.6385539662047, 0.0], [76.2504140555097, 33.63855393048615, 0.0], [76.25008924109689, 33.63863264547797, 0.0], [76.25005462300771, 33.63864103513108, 0.0], [76.25005357447301, 33.638641289181685, 0.0], [76.25004047323323, 33.6386444640283, 0.0], [76.2500206220462, 33.63864927443664, 0.0], [76.25000716034727, 33.63865253734647, 0.0], [76.25000008163931, 33.63865425261466, 0.0], [76.24956222387492, 33.63876014004738, 0.0], [76.2495568334625, 33.63876019496268, 0.0], [76.24955061946666, 33.638759054859264, 0.0], [76.24954060829322, 33.63875721918976, 0.0], [76.24954028072324, 33.63875715931587, 0.0], [76.24952279811306, 33.638753952474666, 0.0], [76.24891406730686, 33.63864230350948, 0.0], [76.24823975638242, 33.63830967180684, 0.0], [76.24699838848139, 33.63706671709867, 0.0], [76.24658570817114, 33.63677862996397, 0.0], [76.24617302987845, 33.636490541549726, 0.0], [76.24545763784847, 33.636296285349374, 0.0], [76.24445453278732, 33.636023898929146, 0.0], [76.24418044111717, 33.635949469284085, 0.0], [76.24398957438025, 33.635897638890654, 0.0], [76.24365378872724, 33.63576791761873, 0.0], [76.24316790208681, 33.63558020802569, 0.0], [76.24230180082358, 33.63524560680748, 0.0], [76.24182738752359, 33.635124336566896, 0.0], [76.24135297517093, 33.63500306584844, 0.0], [76.24118509033212, 33.63497253386451, 0.0], [76.2401940427757, 33.634792296846456, 0.0], [76.23897543836038, 33.6343065942311, 0.0], [76.23871643868945, 33.634189388631604, 0.0], [76.23818529405942, 33.63394902737825, 0.0], [76.23770283395197, 33.63373069408616, 0.0], [76.23495313917891, 33.63280455757515, 0.0], [76.23467667770237, 33.632728691324324, 0.0], [76.2336270031291, 33.632440635506185, 0.0], [76.2334345512458, 33.63235981156601, 0.0], [76.23282361526817, 33.632103234407815, 0.0], [76.23200940813554, 33.63177035357586, 0.0], [76.23148100728967, 33.63152742470719, 0.0], [76.23089863929447, 33.63125743283828, 0.0], [76.23053722518338, 33.63098271465305, 0.0], [76.2302245326282, 33.63079814729293, 0.0], [76.22990098596955, 33.63067672909783, 0.0], [76.22975523364063, 33.63046497729772, 0.0], [76.22955009104315, 33.63016317949395, 0.0], [76.22937182131068, 33.62982521821488, 0.0], [76.22932355107865, 33.62958246629272, 0.0], [76.22926486040433, 33.629287310883875, 0.0], [76.22926337799862, 33.62927985656965, 0.0], [76.22922531957887, 33.628991367391784, 0.0], [76.22918726131644, 33.628702878842205, 0.0], [76.22920297215458, 33.62830617172403, 0.0], [76.22911626667316, 33.62790958204086, 0.0], [76.22898637688631, 33.62748591371437, 0.0], [76.22885669254113, 33.62715243020686, 0.0], [76.22865710518074, 33.62696772695558, 0.0], [76.22841976081685, 33.62681920193834, 0.0], [76.22818774032521, 33.62654445431433, 0.0], [76.22796651862627, 33.62630116307488, 0.0], [76.22778304597028, 33.626089423519275, 0.0], [76.22775037792739, 33.62584606302031, 0.0], [76.22778251612445, 33.625634166290915, 0.0], [76.22811096249451, 33.62544908852511, 0.0], [76.22831005449243, 33.62517393546269, 0.0], [76.22894560018358, 33.624902923965884, 0.0], [76.22903782129528, 33.6248648933397, 0.0], [76.22990965637261, 33.62450535724094, 0.0], [76.23119692576894, 33.624049008842306, 0.0], [76.23194556282334, 33.623741773111384, 0.0], [76.23281237355991, 33.62316396844065, 0.0], [76.2338134808047, 33.62225247887006, 0.0], [76.23504582286677, 33.621002728333316, 0.0], [76.23566427023405, 33.62002848730289, 0.0], [76.23670750035839, 33.618440695588056, 0.0], [76.23722902037585, 33.617588266217794, 0.0], [76.23755675404634, 33.61679901145778, 0.0], [76.23784695936843, 33.61628033051258, 0.0], [76.23812114151127, 33.61582484834748, 0.0], [76.23848153284588, 33.61533765994019, 0.0], [76.23853630161335, 33.61526993290327, 0.0], [76.23890107535017, 33.614818852796425, 0.0], [76.23913227849692, 33.614426389534245, 0.0], [76.23931486883859, 33.613966411738915, 0.0], [76.23958882548115, 33.6133305558962, 0.0], [76.2399865645472, 33.61259993628924, 0.0], [76.24007760970866, 33.61226623485498, 0.0], [76.24013076369354, 33.611657572792254, 0.0], [76.24018389482139, 33.61110762313244, 0.0], [76.24031255741264, 33.610683718777786, 0.0], [76.24052761978365, 33.61028681475944, 0.0], [76.24072642362292, 33.609921458947085, 0.0], [76.24096308111066, 33.60958764853177, 0.0], [76.24103806195511, 33.6092540172067, 0.0], [76.24099984662631, 33.60888887336668, 0.0], [76.24090761494851, 33.60840215990954, 0.0], [76.24063213206611, 33.607884004309895, 0.0], [76.24056137328314, 33.6073386339734, 0.0], [76.24052280076909, 33.606730080597174, 0.0], [76.24048418687681, 33.60605839565791, 0.0], [76.24042947165121, 33.60539129260142, 0.0], [76.2403371608415, 33.604845867054976, 0.0], [76.24008303714369, 33.604237579704204, 0.0], [76.23968327335963, 33.60338598568093, 0.0], [76.23942949918158, 33.60289935481223, 0.0], [76.23864764692193, 33.602444708284565, 0.0], [76.23804977275726, 33.602472339021205, 0.0], [76.2373386687395, 33.60247296019789, 0.0], [76.23602976671812, 33.60262745860529, 0.0], [76.23303483781352, 33.60293665722715, 0.0], [76.23174740371488, 33.60296481478225, 0.0], [76.23070774117264, 33.60303784247054, 0.0], [76.22934437630654, 33.60270544262468, 0.0], [76.22805649820042, 33.60243603882866, 0.0], [76.22710794629602, 33.60216181405328, 0.0], [76.22647182954215, 33.601734143636804, 0.0], [76.22609434461509, 33.60146398746457, 0.0], [76.22562009317379, 33.60124800030589, 0.0], [76.22505411588577, 33.60097790501504, 0.0], [76.22470904457792, 33.600766314989265, 0.0], [76.22445564386084, 33.60058177556973, 0.0], [76.22421832066338, 33.600306980456814, 0.0], [76.22414768699417, 33.599793072495295, 0.0], [76.22418454308854, 33.59899969328836, 0.0], [76.22412402979589, 33.597935813498474, 0.0], [76.22409079079803, 33.59714700612341, 0.0], [76.22412277731674, 33.596840413881, 0.0], [76.2244672146371, 33.59659665659118, 0.0], [76.22552249485263, 33.59610893780561, 0.0], [76.22604981141737, 33.595621663106485, 0.0], [76.2269379726179, 33.595106999265184, 0.0], [76.22744392178916, 33.59470993709102, 0.0], [76.22791722816385, 33.59410098729796, 0.0], [76.2282721211503, 33.593577716417826, 0.0], [76.22869154955669, 33.59300032299288, 0.0], [76.2288525587332, 33.59254490208081, 0.0], [76.22910527119146, 33.59208938247254, 0.0], [76.2291962136294, 33.591602460913684, 0.0], [76.22932474489326, 33.59096220798799, 0.0], [76.2293239785056, 33.59035363406441, 0.0], [76.22932353986597, 33.589988470209775, 0.0], [76.22948477600558, 33.58968636516763, 0.0], [76.22964594499243, 33.58937966042308, 0.0], [76.22995780412049, 33.58892409189757, 0.0], [76.23021059647208, 33.588558755873876, 0.0], [76.2306087681816, 33.58822480123583, 0.0], [76.23095311958298, 33.58791798663957, 0.0], [76.23122717262316, 33.58740380958015, 0.0], [76.23140432100568, 33.58694831457654, 0.0], [76.2313176363262, 33.586520157550794, 0.0], [76.23118769272182, 33.58597482637517, 0.0], [76.23084217203012, 33.58530339378225, 0.0], [76.23018357817851, 33.58414995623202, 0.0], [76.22947704360222, 33.58333014196214, 0.0], [76.22902381208424, 33.58269034827246, 0.0], [76.22858658441172, 33.58190185443205, 0.0], [76.22802035556909, 33.581293750613575, 0.0], [76.227421703508, 33.58056394238112, 0.0], [76.22698501752004, 33.580230702691054, 0.0], [76.22618710842096, 33.579528116595455, 0.0], [76.22593330236907, 33.57898292398141, 0.0], [76.22571170068144, 33.57828436385258, 0.0], [76.22551175623562, 33.57770743177276, 0.0], [76.22522039743735, 33.57727949209298, 0.0], [76.22489167591074, 33.577036264379096, 0.0], [76.22445520935233, 33.57691495289633, 0.0], [76.22381947314555, 33.5766449972608, 0.0], [76.22277978465665, 33.57638886254875, 0.0], [76.22214400716683, 33.57614595554081, 0.0], [76.22166965359717, 33.57581270694588, 0.0], [76.2211092885508, 33.57553811496723, 0.0], [76.22067265351107, 33.57520494179519, 0.0], [76.2201283168356, 33.57481312387035, 0.0], [76.21976178917896, 33.574538419091226, 0.0], [76.21934669958412, 33.57417364259059, 0.0], [76.21883483645362, 33.573899013880535, 0.0], [76.21827458683687, 33.5737461619154, 0.0], [76.21787058779006, 33.57365634285311, 0.0], [76.21718114490295, 33.57362524743461, 0.0], [76.21642184308564, 33.57359880225257, 0.0], [76.2153880970503, 33.573870052035986, 0.0], [76.21462344138583, 33.57399227764378, 0.0], [76.21384282062714, 33.57423631825302, 0.0], [76.21302425715524, 33.574209892760116, 0.0], [76.21239936719016, 33.57400290297535, 0.0], [76.21160204406453, 33.57382321208977, 0.0], [76.21109041644627, 33.573733342844235, 0.0], [76.21047631179134, 33.573580530484136, 0.0], [76.20991077275278, 33.573549354651554, 0.0], [76.20931294715436, 33.57342803346223, 0.0], [76.20853198469877, 33.57337000556419, 0.0], [76.20795029499179, 33.57337036337397, 0.0], [76.20740648354715, 33.57342933243308, 0.0], [76.20693252697406, 33.57339815140342, 0.0], [76.20648004808741, 33.57327675122646, 0.0], [76.20611882033833, 33.57282166828546, 0.0], [76.20584320365674, 33.57182101677183, 0.0], [76.2057510074669, 33.57111791013511, 0.0], [76.20557242442072, 33.570175836020006, 0.0], [76.20548262076797, 33.56950432764652, 0.0], [76.20544221254984, 33.569202175163525, 0.0], [76.20542970854625, 33.5684446911805, 0.0], [76.20542517181337, 33.56816987250106, 0.0], [76.20548725879368, 33.5677632181159, 0.0], [76.20549468772559, 33.56771455917857, 0.0], [76.20576075285246, 33.56753058284661, 0.0], [76.20580147460879, 33.56750242534176, 0.0], [76.20599258533191, 33.56747075576293, 0.0], [76.20618369592327, 33.567439086869996, 0.0], [76.20672744599321, 33.567285427347656, 0.0], [76.20736264318501, 33.567014531882876, 0.0], [76.20850932103083, 33.56664863226842, 0.0], [76.20914451592049, 33.566463315897224, 0.0], [76.20958022512639, 33.565917572232884, 0.0], [76.2099027672778, 33.56543047150103, 0.0], [76.210558356566, 33.5640596113059, 0.0], [76.21077345837064, 33.563694322142965, 0.0], [76.21119295932627, 33.563270304374726, 0.0], [76.21159109381391, 33.562936410068694, 0.0], [76.21213464568191, 33.56257087893699, 0.0], [76.21284515585464, 33.56235847081049, 0.0], [76.21345859334346, 33.56192983945474, 0.0], [76.21414700474084, 33.56110887377196, 0.0], [76.21482501518284, 33.56030029424001, 0.0], [76.21483540433287, 33.56028790487398, 0.0], [76.2156903315847, 33.559128716177554, 0.0], [76.2164699983982, 33.55812736884101, 0.0], [76.2173735405232, 33.557211558700956, 0.0], [76.21822916141807, 33.55669700730852, 0.0], [76.2187886153095, 33.55624128326566, 0.0], [76.21977294655115, 33.55532087289869, 0.0], [76.2203158430274, 33.554531610333754, 0.0], [76.22077283165184, 33.553922666198375, 0.0], [76.22126221239787, 33.55340385903486, 0.0], [76.22169787882737, 33.55297973693106, 0.0], [76.2220417511116, 33.55237091212816, 0.0], [76.22250899932334, 33.55130668367521, 0.0], [76.2229817189797, 33.550364062839066, 0.0], [76.22330933043025, 33.54966511731245, 0.0], [76.22376078825508, 33.54893446327066, 0.0], [76.22439532140322, 33.54829380922866, 0.0], [76.22502977235102, 33.547594530528904, 0.0], [76.22555708785826, 33.54728754377332, 0.0], [76.22615457594297, 33.54722850668705, 0.0], [76.22700491305336, 33.54695276523437, 0.0], [76.22771547200112, 33.54686202672476, 0.0], [76.22849571735316, 33.546527807490385, 0.0], [76.2290928998718, 33.54618917716591, 0.0], [76.22961995090417, 33.545796588242474, 0.0], [76.2300555975059, 33.54539949322915, 0.0], [76.23056151693868, 33.545340443104344, 0.0], [76.23118046052248, 33.54515508631825, 0.0], [76.23192342234566, 33.545186025686974, 0.0], [76.23314038658926, 33.54542832973309, 0.0], [76.23426578209197, 33.54551749384365, 0.0], [76.23539651247805, 33.54570129240316, 0.0], [76.23641442623986, 33.546002458683844, 0.0], [76.23726546753237, 33.54630825940641, 0.0], [76.2378149615165, 33.546578199919736, 0.0], [76.2381921114913, 33.546794215498025, 0.0], [76.23873628383106, 33.547158902032, 0.0], [76.23919436517939, 33.54746050354977, 0.0], [76.2397385266411, 33.547793620038256, 0.0], [76.24029899634023, 33.54818979204218, 0.0], [76.24122519302279, 33.54831055933411, 0.0], [76.24206472131814, 33.548034823754506, 0.0], [76.24304357902774, 33.54733515510916, 0.0], [76.24403855538475, 33.546603931738595, 0.0], [76.24505531564944, 33.54602589013822, 0.0], [76.24549106718948, 33.545813624384024, 0.0], [76.24574367207673, 33.545538356060895, 0.0], [76.24598075274041, 33.54565979840852, 0.0], [76.24665467989007, 33.546357919416366, 0.0], [76.24763651018992, 33.54772735500364, 0.0], [76.24804161680409, 33.54866464819141, 0.0], [76.2482638436381, 33.549669710558646, 0.0], [76.24842579024974, 33.55000312368531, 0.0], [76.24860925690838, 33.55030493485215, 0.0], [76.24886291356128, 33.550701364277536, 0.0], [76.2499142372804, 33.55150835073665, 0.0], [76.24993557469838, 33.55152472956947, 0.0], [76.2499387124623, 33.551527138112306, 0.0], [76.24994288524321, 33.551530340494, 0.0], [76.24994400692879, 33.551531201553374, 0.0], [76.24998112833605, 33.55155969594132, 0.0], [76.24999999513591, 33.55157417710381, 0.0], [76.25055390180633, 33.55201031872016, 0.0], [76.25055820318032, 33.552013837694076, 0.0], [76.2505790176492, 33.55203086489867, 0.0], [76.25058085325388, 33.55203236663728, 0.0], [76.25058227823828, 33.552033532782296, 0.0], [76.25161872186544, 33.552881408880886, 0.0], [76.25271017439076, 33.55399148743943, 0.0], [76.2536829604017, 33.555236594058094, 0.0], [76.25451027682594, 33.556558294163075, 0.0], [76.25548288675718, 33.55801072824133, 0.0], [76.25666529247336, 33.55959873989503, 0.0], [76.25761172224828, 33.56057784955139, 0.0], [76.25819751586225, 33.561371765214695, 0.0], [76.25846623270917, 33.56176874368433, 0.0], [76.2586427861138, 33.562584854796064, 0.0], [76.2586428521301, 33.56258936282124, 0.0], [76.25920125129022, 33.56380256218262, 0.0], [76.25940463390636, 33.56469983779367, 0.0], [76.25941008586496, 33.56470429142636, 0.0], [76.25964116208844, 33.565015610747096, 0.0], [76.25964661407058, 33.56502006436763, 0.0], [76.2610947698865, 33.5652829127214, 0.0], [76.26259668446032, 33.56560435908554, 0.0], [76.26260207044066, 33.5656043037159, 0.0], [76.26472888190767, 33.56581806789299, 0.0], [76.26626349795671, 33.565869023972155, 0.0], [76.26626888540792, 33.5658690591917, 0.0], [76.26749660242847, 33.565870110807644, 0.0], [76.26906353550463, 33.56597968437692, 0.0], [76.27027482182761, 33.56621960100969, 0.0], [76.27142707178602, 33.566378313156456, 0.0], [76.2730527050468, 33.56685303095945, 0.0], [76.27305809107916, 33.56685297525538, 0.0], [76.27425673209778, 33.56697162437289, 0.0], [76.27445376577514, 33.566991126756946, 0.0], [76.27471116572663, 33.56701660424823, 0.0], [76.27492261287418, 33.56704238062413, 0.0], [76.27556339642884, 33.56712049269287, 0.0], [76.27687022298613, 33.56727978902251, 0.0], [76.27701976377669, 33.56731559423296, 0.0], [76.27787157487246, 33.56751954233056, 0.0], [76.27787696132012, 33.56751957715439, 0.0], [76.27979394843307, 33.567548109382884, 0.0], [76.28098412640372, 33.5675444539058, 0.0], [76.28207759411595, 33.567229744333375, 0.0], [76.2834670989265, 33.56704588064183, 0.0], [76.28444188458218, 33.56693845775311, 0.0], [76.28529825640871, 33.566808355411574, 0.0], [76.28530364240468, 33.56680830022175, 0.0], [76.286364518227, 33.56678203714714, 0.0], [76.28825994146594, 33.566810390841226, 0.0], [76.28926162098519, 33.56672997553834, 0.0], [76.29088799741191, 33.566654402587986, 0.0], [76.29089338493476, 33.56665443611306, 0.0], [76.29189492998007, 33.56673173682336, 0.0], [76.2930469475956, 33.567052584675594, 0.0], [76.29408055878972, 33.5674229099913, 0.0], [76.29408594523771, 33.567422944296375, 0.0], [76.29576603474588, 33.567473546397636, 0.0], [76.29577142122514, 33.56747357974263, 0.0], [76.29860945125638, 33.56731757332534, 0.0], [76.30103807748658, 33.567282957654484, 0.0], [76.30233586411256, 33.567364906058714, 0.0], [76.30234125015444, 33.56736484941764, 0.0], [76.30301423453874, 33.56755013295997, 0.0], [76.30301962058874, 33.5675500762972, 0.0], [76.30360629118704, 33.567920065753384, 0.0], [76.3036116776605, 33.567920099753565, 0.0], [76.30431657519185, 33.568529096086465, 0.0], [76.30490831576881, 33.56934986781061, 0.0], [76.30529019696898, 33.56992709068214, 0.0], [76.30529554295478, 33.569931634682476, 0.0], [76.30611904331307, 33.570509066970835, 0.0], [76.30611900276456, 33.57051357701687, 0.0], [76.30742183817883, 33.57109135154173, 0.0], [76.30742179876238, 33.57109586160337, 0.0], [76.30848263942475, 33.571200088009775, 0.0], [76.30848802713177, 33.571200121877276, 0.0], [76.30927963810677, 33.57125460874869, 0.0], [76.30928502432293, 33.57125455188613, 0.0], [76.30978030293124, 33.571462240580395, 0.0], [76.30978561053257, 33.571471202909315, 0.0], [76.3099628653773, 33.572179092624026, 0.0], [76.31031715146254, 33.57365791339999, 0.0], [76.31046120794095, 33.575533343621856, 0.0], [76.31046116714464, 33.57553776291655, 0.0], [76.31025516602381, 33.577413020655484, 0.0], [76.31013577427017, 33.57860302853534, 0.0], [76.31013584331784, 33.57860753723784, 0.0], [76.30951538184728, 33.58005879685271, 0.0], [76.30865255360416, 33.58148736428463, 0.0], [76.30759015173629, 33.5832809438717, 0.0], [76.30628539743807, 33.58499780016286, 0.0], [76.30501306864288, 33.58650272451994, 0.0], [76.30394575061436, 33.58753443355561, 0.0], [76.30385946402721, 33.58766512031395, 0.0], [76.30385942446898, 33.58766963013444, 0.0], [76.30304015509957, 33.58840849757022, 0.0], [76.30303476657942, 33.58840846443625, 0.0], [76.30235544736355, 33.58912484022437, 0.0], [76.30182709684064, 33.5897556612759, 0.0], [76.3018216686224, 33.589760137892874, 0.0], [76.30129258246808, 33.59126098860161, 0.0], [76.3005798673438, 33.5932440998254, 0.0], [76.30028231622305, 33.594722491165804, 0.0], [76.30028238490338, 33.594726999638496, 0.0], [76.3002491238188, 33.59572778377336, 0.0], [76.30010304115507, 33.596521062322225, 0.0], [76.29974679340708, 33.59736389539903, 0.0], [76.29974675365986, 33.59736840598373, 0.0], [76.29960062738701, 33.59823834192169, 0.0], [76.29980380018125, 33.59990636215534, 0.0], [76.300126334143, 33.600830715789016, 0.0], [76.30098177549552, 33.602125000085735, 0.0], [76.30098173585073, 33.60212950878953, 0.0], [76.30183743326972, 33.60313076974598, 0.0], [76.30263922294117, 33.60429429478054, 0.0], [76.30358091394365, 33.60564275375735, 0.0], [76.30479717550347, 33.607257243358, 0.0], [76.3059489280653, 33.60873649038237, 0.0], [76.3065085686608, 33.60955280483314, 0.0], [76.30651391827506, 33.60955725668708, 0.0], [76.30767764941884, 33.60963451323507, 0.0], [76.30768303888209, 33.60963454712416, 0.0], [76.30975196702086, 33.60947782734573, 0.0], [76.31208502501289, 33.60924017241032, 0.0], [76.31209041407423, 33.609240114582704, 0.0], [76.3138308985584, 33.608713532765464, 0.0], [76.31383632716495, 33.60870905694064, 0.0], [76.31566861558422, 33.60799767511413, 0.0], [76.3174416326556, 33.60718255481879, 0.0], [76.31744695377657, 33.607178079228646, 0.0], [76.31833102587713, 33.60646620278072, 0.0], [76.31942537475864, 33.60528113004585, 0.0], [76.31942541372737, 33.6052766204776, 0.0], [76.32037443456005, 33.60395627625416, 0.0], [76.32108611501931, 33.60303239185299, 0.0], [76.32150112624768, 33.60261328531362, 0.0], [76.3215011651644, 33.602608774800046, 0.0], [76.32218020827769, 33.60226647870377, 0.0], [76.32218559743644, 33.6022665112235, 0.0], [76.32315525706466, 33.6022668756337, 0.0], [76.32316064622378, 33.60226690812221, 0.0], [76.32401168486368, 33.60242500598152, 0.0], [76.32401707511293, 33.602425038466215, 0.0], [76.32512115783649, 33.60294837714548, 0.0], [76.32606914279756, 33.60326432905484, 0.0], [76.32719495267659, 33.6036074062514, 0.0], [76.32846612828381, 33.60400455532514, 0.0], [76.32950035155604, 33.60427085506936, 0.0], [76.33094911214621, 33.60514143718078, 0.0], [76.33287165505627, 33.60662520941734, 0.0], [76.33405098439019, 33.60765341537893, 0.0], [76.33405637488124, 33.607653447541736, 0.0], [76.33509018669059, 33.609028713726886, 0.0], [76.33573635786748, 33.60971408944938, 0.0], [76.33574181847021, 33.609718630704215, 0.0], [76.33597318416719, 33.610372319907874, 0.0], [76.33597849702583, 33.61038137098117, 0.0], [76.33621423676087, 33.61049647828155, 0.0], [76.33623708179324, 33.6105076325178, 0.0], [76.33624786041179, 33.610507606892156, 0.0], [76.33766498091433, 33.610093308653816, 0.0], [76.33947013125055, 33.60940865578912, 0.0], [76.34044547505334, 33.6090121860164, 0.0], [76.34192719832397, 33.608561786817596, 0.0], [76.34355451133014, 33.60771477779452, 0.0], [76.3446483881102, 33.607110914441854, 0.0], [76.34550516700082, 33.60660630040549, 0.0], [76.34551055481434, 33.606606242390264, 0.0], [76.34642144517126, 33.605416346136835, 0.0], [76.34642683448071, 33.60541637788033, 0.0], [76.34692258595204, 33.604943189317964, 0.0], [76.34693336408756, 33.60494316210189, 0.0], [76.34834495976388, 33.60488936432803, 0.0], [76.34835034907773, 33.60488939510401, 0.0], [76.35124860907088, 33.60502064265658, 0.0], [76.35337667597312, 33.604971493696716, 0.0], [76.35538612530951, 33.60486354532042, 0.0], [76.35539151462409, 33.60486357587103, 0.0], [76.35627510440082, 33.60465187611288, 0.0], [76.35722874081475, 33.60445365107812, 0.0], [76.35864574402315, 33.603687574563004, 0.0], [76.35865113016469, 33.60368742543214, 0.0], [76.35926534401331, 33.603268260975966, 0.0], [76.35927069975898, 33.60325927347179, 0.0], [76.35923861196814, 33.60225848118692, 0.0], [76.35894266471755, 33.600094674014436, 0.0], [76.35894270109041, 33.6000901643384, 0.0], [76.35894302114572, 33.59795340399182, 0.0], [76.35894305968331, 33.597948894331495, 0.0], [76.35923956131873, 33.59681741994026, 0.0], [76.36004254503473, 33.594545486861044, 0.0], [76.36004258241844, 33.59454097803358, 0.0], [76.36056097712485, 33.593625040825955, 0.0], [76.36081305855194, 33.59317963751519, 0.0], [76.36249930100529, 33.591169247041975, 0.0], [76.36368455886603, 33.589929669194646, 0.0], [76.36468653199123, 33.58826182818339, 0.0], [76.36527916691499, 33.587445967987826, 0.0], [76.3652790957538, 33.58744145943645, 0.0], [76.3659902622737, 33.58654438329508, 0.0], [76.36646423140196, 33.58575553071961, 0.0], [76.36646426856535, 33.58575102085708, 0.0], [76.3667551842956, 33.58543549525964, 0.0], [76.36676057269719, 33.58543552635431, 0.0], [76.36740687158185, 33.585250721008805, 0.0], [76.36741225951928, 33.58525066140604, 0.0], [76.36865109918399, 33.58501186140478, 0.0], [76.37010000693937, 33.58453858600843, 0.0], [76.3710426057391, 33.5840877712293, 0.0], [76.3710479227006, 33.58408329358919, 0.0], [76.3718451342175, 33.58282106274768, 0.0], [76.37225984387354, 33.58234326237319, 0.0], [76.37315934999765, 33.581820310166016, 0.0], [76.37407492742942, 33.58140106541868, 0.0], [76.37407496427251, 33.581396556397436, 0.0], [76.37475357690259, 33.58073842288345, 0.0], [76.37560984304656, 33.5797331720999, 0.0], [76.37655769550237, 33.57891267817437, 0.0], [76.37762404163036, 33.578254453133326, 0.0], [76.37880364498801, 33.57764582227862, 0.0], [76.37880892578598, 33.57764585340069, 0.0], [76.37992906943278, 33.577330254610516, 0.0], [76.37992910496826, 33.57732574550562, 0.0], [76.3807208052005, 33.57696059278601, 0.0], [76.38072626273518, 33.57695151269921, 0.0], [76.38081752786348, 33.57616714612073, 0.0], [76.38081767327311, 33.57616272640494, 0.0], [76.38048907008262, 33.57518896530294, 0.0], [76.3801389606193, 33.57452180258503, 0.0], [76.38013357376745, 33.57452177284682, 0.0], [76.37898100768399, 33.57338584268408, 0.0], [76.37759150304886, 33.57190721923751, 0.0], [76.37682136594246, 33.57063606072387, 0.0], [76.37608355985817, 33.56952705129581, 0.0], [76.3754642943847, 33.5677329341187, 0.0], [76.37546433011582, 33.56772842396963, 0.0], [76.3749903850542, 33.56678169455385, 0.0], [76.37499042188558, 33.56677718441436, 0.0], [76.37475348883207, 33.56588463624236, 0.0], [76.37475341732171, 33.56588012738249, 0.0], [76.37493114329658, 33.564879350303364, 0.0], [76.37493117796483, 33.56487484008979, 0.0], [76.37519503294052, 33.56402732244456, 0.0], [76.3752004203664, 33.5640273532712, 0.0], [76.37581965358449, 33.56323396416651, 0.0], [76.37682116379575, 33.56230979007381, 0.0], [76.37682654851574, 33.562309730118685, 0.0], [76.37753185150139, 33.5610159286648, 0.0], [76.3775318882059, 33.561011419347466, 0.0], [76.3776719363675, 33.56083562233261, 0.0], [76.37853876393703, 33.559505746258296, 0.0], [76.3790610287476, 33.55855902452194, 0.0], [76.37927633692972, 33.55821193660817, 0.0], [76.37963165972818, 33.557206647912764, 0.0], [76.37980924103049, 33.55630957806023, 0.0], [76.37963145002345, 33.554564938291755, 0.0], [76.37962602375539, 33.553559701083216, 0.0], [76.37963144469653, 33.55355513161102, 0.0], [76.37992214583822, 33.55292401984575, 0.0], [76.37992753170369, 33.55292404959273, 0.0], [76.38027749976247, 33.55253180896908, 0.0], [76.38028281492325, 33.55252733148962, 0.0], [76.38134353087412, 33.55242360036681, 0.0], [76.38406250618921, 33.55236933043593, 0.0], [76.38480007993726, 33.552265575090445, 0.0], [76.38480550064622, 33.552261004526464, 0.0], [76.38592525502905, 33.55181468106719, 0.0], [76.38755116583683, 33.5513907229118, 0.0], [76.38843946514044, 33.550993958203975, 0.0], [76.39071672184852, 33.550015406315886, 0.0], [76.39264402563887, 33.54938850508327, 0.0], [76.39295235649747, 33.549292389360595, 0.0], [76.39519041369574, 33.548594700561836, 0.0], [76.39666552133828, 33.54808953311786, 0.0], [76.3974891481928, 33.54785504550026, 0.0], [76.39749456709762, 33.54785047534596, 0.0], [76.39829126441215, 33.54703441040768, 0.0], [76.39953451643875, 33.54618668927501, 0.0], [76.40065415650442, 33.54560937576453, 0.0], [76.40065957725608, 33.54560498596848, 0.0], [76.40287204383738, 33.54497325821616, 0.0], [76.40574119247144, 33.544152133431716, 0.0], [76.406807006525, 33.54391293948007, 0.0], [76.40869645699192, 33.54349770618087, 0.0], [76.41023605587345, 33.54312755505154, 0.0], [76.4113286048306, 33.542387941376596, 0.0], [76.41233470859562, 33.54117502204158, 0.0], [76.41233474288151, 33.541170512406886, 0.0], [76.41366388359353, 33.53990330254142, 0.0], [76.41519773915526, 33.53908691897695, 0.0], [76.41520304975563, 33.53908234855954, 0.0], [76.4167048706108, 33.53876630038452, 0.0], [76.41671025583913, 33.538766328955504, 0.0], [76.41862657733961, 33.538450112718515, 0.0], [76.4205211889221, 33.53802562262974, 0.0], [76.423330833768, 33.53741608149989, 0.0], [76.42492412720375, 33.53709978315015, 0.0], [76.42639920155011, 33.53728400164041, 0.0], [76.42640458621203, 33.53728393921088, 0.0], [76.42770213387497, 33.537707192781596, 0.0], [76.42863369440602, 33.53802228521782, 0.0], [76.42972675448908, 33.53844562256929, 0.0], [76.42973213920224, 33.53844556003348, 0.0], [76.4305560973076, 33.5390267529481, 0.0], [76.43129414180191, 33.53976576641672, 0.0], [76.43220970994292, 33.540427957416036, 0.0], [76.43221509416864, 33.54042798546768, 0.0], [76.43309825766926, 33.540900885830695, 0.0], [76.43425062431324, 33.54135118195686, 0.0], [76.43507993577558, 33.54166632724967, 0.0], [76.43587699996002, 33.542193324535845, 0.0], [76.43588235304536, 33.54219786214043, 0.0], [76.43646997627941, 33.543279485483644, 0.0], [76.43688532840856, 33.54441532173703, 0.0], [76.43753760054933, 33.54549690971606, 0.0], [76.43857172693725, 33.54623568582045, 0.0], [76.43942809233737, 33.54676260089373, 0.0], [76.4394335530166, 33.546767136961826, 0.0], [76.43996166213874, 33.547425024104406, 0.0], [76.44068436738671, 33.549151226826154, 0.0], [76.44068433418208, 33.549155736351175, 0.0], [76.44075917467612, 33.54953112976629, 0.0], [76.441073470554, 33.55110758229763, 0.0], [76.44127928451353, 33.552617490923154, 0.0], [76.44137146624075, 33.55343339878951, 0.0], [76.44166868770058, 33.554862338899305, 0.0], [76.44193314968214, 33.555628532265985, 0.0], [76.44281811140051, 33.55812092921198, 0.0], [76.44281807933002, 33.55812543953684, 0.0], [76.44308803861448, 33.55907202444349, 0.0], [76.44308811384236, 33.55907653248904, 0.0], [76.44338477145122, 33.55978859706652, 0.0], [76.44394538824199, 33.5605546675249, 0.0], [76.44456523980415, 33.561293620699935, 0.0], [76.44457062446993, 33.561293557671014, 0.0], [76.44533567624461, 33.56190175734973, 0.0], [76.44586935058801, 33.56261366297765, 0.0], [76.44587473693933, 33.56261368970691, 0.0], [76.44610094046969, 33.56269022907701, 0.0], [76.44610640054402, 33.56269467399107, 0.0], [76.44639775543332, 33.56337071906074, 0.0], [76.44640314181932, 33.56337074577308, 0.0], [76.44684520932434, 33.56400155908566, 0.0], [76.44684517635105, 33.56400606839715, 0.0], [76.44735155662536, 33.56429432818003, 0.0], [76.44773382351704, 33.56413627392049, 0.0], [76.44879416792784, 33.56368484843554, 0.0], [76.44994591619718, 33.56299894734171, 0.0], [76.45071552424957, 33.56249806374302, 0.0], [76.45071555601935, 33.562493553479996, 0.0], [76.45213546547123, 33.56069855840507, 0.0], [76.45316815875687, 33.55940410853737, 0.0], [76.45316819043204, 33.559399598229085, 0.0], [76.45390482090025, 33.55829015818139, 0.0], [76.45455545025406, 33.55736561022698, 0.0], [76.45556159277321, 33.55652192294719, 0.0], [76.45600272771647, 33.55615193917184, 0.0], [76.45600276033748, 33.556147429744925, 0.0], [76.45627164353547, 33.555885797775375, 0.0], [76.45685261357777, 33.55525434555044, 0.0], [76.45685253674397, 33.555249837432996, 0.0], [76.45770785844087, 33.55443324941245, 0.0], [76.45771324442131, 33.554433275763515, 0.0], [76.4578261707262, 33.55427547629816, 0.0], [76.45783158653286, 33.55427090336629, 0.0], [76.45885380312936, 33.55349040030507, 0.0], [76.45933793263796, 33.55305271060713, 0.0], [76.45934335102092, 33.55304822833995, 0.0], [76.46074806796526, 33.55256486528416, 0.0], [76.46213650945077, 33.551851618740564, 0.0], [76.46240010814076, 33.5516170924438, 0.0], [76.46240006347246, 33.55160807478251, 0.0], [76.46243118782152, 33.550476525573266, 0.0], [76.46269403594533, 33.54955218820503, 0.0], [76.46269794121167, 33.54953113020808, 0.0], [76.46281192216142, 33.54891643877209, 0.0], [76.46334330141741, 33.547374320683126, 0.0], [76.46334333375542, 33.547369811127936, 0.0], [76.46398831550808, 33.546395679692516, 0.0], [76.46399369948344, 33.54639561603911, 0.0], [76.4644344370585, 33.54565603213786, 0.0], [76.46443446935426, 33.54565152255758, 0.0], [76.46467090667286, 33.54523207439385, 0.0], [76.464670830629, 33.54522756615794, 0.0], [76.46461132777257, 33.544943648701754, 0.0], [76.46461135897913, 33.544939139088406, 0.0], [76.46443338516136, 33.54465527046179, 0.0], [76.46442803194876, 33.544650733824106, 0.0], [76.46401880568257, 33.54456989938676, 0.0], [76.46336707171218, 33.544254834787, 0.0], [76.46268841864962, 33.5439397244446, 0.0], [76.4626883416001, 33.54393521616636, 0.0], [76.46215483068119, 33.54338111281557, 0.0], [76.46153476288002, 33.542457461073354, 0.0], [76.46114665893069, 33.54190316935149, 0.0], [76.46020316675585, 33.540497413065296, 0.0], [76.45970167265476, 33.53965469196078, 0.0], [76.4591682091319, 33.539100573652966, 0.0], [76.45848934374412, 33.53851957821429, 0.0], [76.45822494500173, 33.53788409551813, 0.0], [76.45821955977662, 33.537884069182034, 0.0], [76.45798724532047, 33.537068290782784, 0.0], [76.45798727677818, 33.53706378105695, 0.0], [76.45798650044063, 33.536247890267596, 0.0], [76.45798653187096, 33.53624338143615, 0.0], [76.45819020660046, 33.535373137373305, 0.0], [76.45842625699338, 33.53458412797351, 0.0], [76.45842628951571, 33.53457961823452, 0.0], [76.45916309383284, 33.53389383191736, 0.0], [76.46022812807539, 33.53309973758236, 0.0], [76.46211645766695, 33.5320660336365, 0.0], [76.46279957767698, 33.53156519722322, 0.0], [76.46416061284175, 33.53077983761981, 0.0], [76.46463396512443, 33.53049097002554, 0.0], [76.4656077728215, 33.53003943765652, 0.0], [76.46561315930354, 33.5300395544719, 0.0], [76.46622664795169, 33.52988123230725, 0.0], [76.4662320322545, 33.52988116860152, 0.0], [76.46667312629607, 33.52961495099781, 0.0], [76.46732413720882, 33.52932595304642, 0.0], [76.46821141957336, 33.52858593354008, 0.0], [76.46918504708106, 33.52803066367501, 0.0], [76.46994904591189, 33.52768746260451, 0.0], [76.46995446164499, 33.52768297960887, 0.0], [76.4710466844349, 33.527366538338164, 0.0], [76.47202078840984, 33.52723510706846, 0.0], [76.47456098439928, 33.526863357329105, 0.0], [76.47657401307058, 33.52686173535387, 0.0], [76.47804885246047, 33.52691015582325, 0.0], [76.4790822161263, 33.526832613536975, 0.0], [76.47908763150024, 33.5268281293288, 0.0], [76.47963593820954, 33.526291204605336, 0.0], [76.47964132396532, 33.526291231185795, 0.0], [76.48170655993503, 33.52499556884213, 0.0], [76.4830615572498, 33.523885413441946, 0.0], [76.48306694292349, 33.523885439006655, 0.0], [76.48495445764429, 33.52253584794673, 0.0], [76.48648669921937, 33.52123621798888, 0.0], [76.4898791495549, 33.51846963232847, 0.0], [76.49126620659364, 33.517332308745694, 0.0], [76.49188454261049, 33.516912538983696, 0.0], [76.49188446660033, 33.51690803128062, 0.0], [76.49294447651339, 33.516722193909295, 0.0], [76.49294985803735, 33.51672212930066, 0.0], [76.49381640805267, 33.516775439949804, 0.0], [76.4950862822948, 33.516616363498095, 0.0], [76.49573747403228, 33.51656169465457, 0.0], [76.49667962770212, 33.516772616881426, 0.0], [76.49668490366827, 33.51677264335942, 0.0], [76.49733130002012, 33.51711456421774, 0.0], [76.49733668322399, 33.51711458928113, 0.0], [76.49888014311755, 33.517392895446555, 0.0], [76.49926878654807, 33.51742219070958, 0.0], [76.49985727574374, 33.51719041638344, 0.0], [76.49999993664515, 33.5170970614352, 0.0], [76.50044986229678, 33.51680329286994, 0.0], [76.50079451009663, 33.516672949532975, 0.0], [76.50116064108873, 33.516533506051914, 0.0], [76.5020548462328, 33.51597542706343, 0.0], [76.50262594371526, 33.515529664304985, 0.0], [76.50331586160071, 33.514795580147826, 0.0], [76.50499778402705, 33.51270091913757, 0.0], [76.50669672813478, 33.509984210414174, 0.0], [76.50753549574335, 33.50652734797932, 0.0], [76.50800208353824, 33.503642720262576, 0.0], [76.50805637675347, 33.50329115221059, 0.0], [76.50782571067592, 33.502808498492456, 0.0], [76.50769698044873, 33.502492887972956, 0.0], [76.50766475464727, 33.50241617269204, 0.0], [76.5076272759897, 33.50230344740028, 0.0], [76.50752029517136, 33.50183903795746, 0.0], [76.50744024782908, 33.50133858880139, 0.0], [76.50743516703044, 33.50104555178575, 0.0], [76.50747914384617, 33.50042797606855, 0.0], [76.50761413890038, 33.500000032785906, 0.0], [76.50780204450868, 33.499569190194386, 0.0], [76.50987661141359, 33.49818944511773, 0.0], [76.51074962539421, 33.49714420886377, 0.0], [76.51104088476433, 33.496585662838584, 0.0], [76.51237575692782, 33.49627122543358, 0.0], [76.51358130666176, 33.49602887705566, 0.0], [76.51424939464466, 33.49540268029627, 0.0], [76.51441634754447, 33.49513712180447, 0.0], [76.51487389703641, 33.49502456914875, 0.0], [76.51551963382279, 33.49502532914597, 0.0], [76.51645577424156, 33.49509368639867, 0.0], [76.5173918133357, 33.49509449093428, 0.0], [76.51859732078312, 33.494937769743075, 0.0], [76.51952319987684, 33.4946590206295, 0.0], [76.52044908466304, 33.49422704266279, 0.0], [76.52120817834346, 33.49385356078384, 0.0], [76.52180562830848, 33.49364204608411, 0.0], [76.52266683781403, 33.49345804069053, 0.0], [76.52291424710481, 33.49338159024206, 0.0], [76.52311364269409, 33.493120310489715, 0.0], [76.52314699264818, 33.49234494835231, 0.0], [76.52327136787933, 33.49172746225943, 0.0], [76.52355191615207, 33.49104231163888, 0.0], [76.52396156936615, 33.49029893626019, 0.0], [76.52420965990792, 33.48982584475548, 0.0], [76.5243448724134, 33.489194786501336, 0.0], [76.52464137913778, 33.48869025583472, 0.0], [76.52507782566988, 33.48811347782749, 0.0], [76.52544978352718, 33.48757275471355, 0.0], [76.52564937940977, 33.48700493310729, 0.0], [76.52575783075594, 33.48638295041717, 0.0], [76.52610798031002, 33.48585124160692, 0.0], [76.52655517470318, 33.485256559234486, 0.0], [76.52740051244143, 33.48470720211892, 0.0], [76.52771283743738, 33.484418909958194, 0.0], [76.52784786834958, 33.48391410836702, 0.0], [76.52783770897486, 33.483494967456274, 0.0], [76.5280045144752, 33.48337783628766, 0.0], [76.52874692062665, 33.483360381247905, 0.0], [76.52983917598732, 33.48321243666267, 0.0], [76.53039872929868, 33.48317675761639, 0.0], [76.53137825700819, 33.48281239638556, 0.0], [76.53233631651452, 33.48240293134142, 0.0], [76.53263758261717, 33.48231289844954, 0.0], [76.53318635701457, 33.482313415024294, 0.0], [76.53354123100345, 33.48235853441354, 0.0], [76.53372963468266, 33.48243547418925, 0.0], [76.53404163172503, 33.482453707351375, 0.0], [76.5342998827364, 33.482426880736035, 0.0], [76.53476810852172, 33.482192737023425, 0.0], [76.53511307215452, 33.481566373345906, 0.0], [76.5354686384566, 33.48112033697049, 0.0], [76.53553933174733, 33.48034505115594, 0.0], [76.53571825890496, 33.47895219584211, 0.0], [76.53578316179889, 33.47850146358983, 0.0], [76.53631119881017, 33.477834590353964, 0.0], [76.53665605172849, 33.47722175197888, 0.0], [76.53721107032744, 33.476298057973295, 0.0], [76.5377390723597, 33.47544179237415, 0.0], [76.53852018633454, 33.47430632966188, 0.0], [76.53895141734127, 33.4733463771506, 0.0], [76.53924244030823, 33.472801027022555, 0.0], [76.53991545617718, 33.472242632861274, 0.0], [76.54058274020393, 33.471914005588275, 0.0], [76.5408842668201, 33.47163465482216, 0.0], [76.54089550393411, 33.470998987718374, 0.0], [76.54090662512539, 33.47067896684814, 0.0], [76.54161726277286, 33.470052819466794, 0.0], [76.54249992530802, 33.46958911235116, 0.0], [76.54333392925447, 33.4693372166415, 0.0], [76.54463053444972, 33.46906755559431, 0.0], [76.54547524919373, 33.468734616809634, 0.0], [76.54671356773527, 33.467468587247865, 0.0], [76.54782768619205, 33.46655410007644, 0.0], [76.54874312563193, 33.46535999140221, 0.0], [76.54916877862578, 33.464548697312054, 0.0], [76.54963716664132, 33.46405323246895, 0.0], [76.55079348123411, 33.464243217077176, 0.0], [76.551750586728, 33.46429788439491, 0.0], [76.55215405778839, 33.464374809039356, 0.0], [76.552923217297, 33.46435263859212, 0.0], [76.55409056719706, 33.464105422487506, 0.0], [76.55546238194643, 33.463673367648425, 0.0], [76.55680780361497, 33.46283111247931, 0.0], [76.55763659484178, 33.46202915515634, 0.0], [76.55892712663511, 33.462516788258114, 0.0], [76.56058877997485, 33.46304049788961, 0.0], [76.56158928749059, 33.462959897421044, 0.0], [76.56284820245622, 33.46255930527435, 0.0], [76.56341825664634, 33.46252352778761, 0.0], [76.56398281030276, 33.46274457023288, 0.0], [76.5650417044985, 33.463691841460005, 0.0], [76.56631072618394, 33.46418832571813, 0.0], [76.56757454952654, 33.46449096666063, 0.0], [76.5686660048952, 33.46525336778146, 0.0], [76.56911740318, 33.46578550974978, 0.0], [76.56948830462366, 33.46617338212665, 0.0], [76.56940784665096, 33.465763073390754, 0.0], [76.56923101993152, 33.46482974772401, 0.0], [76.56948947836656, 33.46418526833607, 0.0], [76.57023761926708, 33.46335611316774, 0.0], [76.57084602578489, 33.462481919370376, 0.0], [76.57173963354897, 33.461093756322626, 0.0], [76.57236426132886, 33.45992192350375, 0.0], [76.57326874707519, 33.45824529484611, 0.0], [76.57380206947526, 33.45674436066707, 0.0], [76.57448570059248, 33.4556852199167, 0.0], [76.57526078002243, 33.454698321808806, 0.0], [76.57597649938953, 33.45381498349079, 0.0], [76.57638022687662, 33.45318839418171, 0.0], [76.5765363739724, 33.45297664130199, 0.0], [76.57639156088318, 33.45215609755673, 0.0], [76.57609097414556, 33.45094334125525, 0.0], [76.57612398829951, 33.44962254119141, 0.0], [76.57615704153427, 33.44836928840539, 0.0], [76.57635649083548, 33.447661605482224, 0.0], [76.57703474098754, 33.44628687500203, 0.0], [76.57712669525688, 33.44524552501241, 0.0], [76.57712721554962, 33.44424014993464, 0.0], [76.57706308415021, 33.44334769513056, 0.0], [76.57756367203669, 33.442536345135174, 0.0], [76.5783547565109, 33.44162155277729, 0.0], [76.57888734565542, 33.440891496894, 0.0], [76.57944722161463, 33.439940411808905, 0.0], [76.57985613040464, 33.43916521240592, 0.0], [76.57999095667572, 33.43831315125156, 0.0], [76.57958816531048, 33.437235626748254, 0.0], [76.57916937631792, 33.436248216995686, 0.0], [76.57897656294412, 33.43489124053072, 0.0], [76.57874586512656, 33.433782029724824, 0.0], [76.57832181486107, 33.43270449955438, 0.0], [76.57806985458824, 33.4310319072344, 0.0], [76.57789842258234, 33.42992744156249, 0.0], [76.57794698979613, 33.42956230012488, 0.0], [76.5789043405574, 33.42887292168533, 0.0], [76.58054986762635, 33.428062037841045, 0.0], [76.58138914297551, 33.42706147921803, 0.0], [76.58172294425117, 33.42622311029832, 0.0], [76.58184676320421, 33.425785852439006, 0.0], [76.58245422448756, 33.4258041653497, 0.0], [76.58332525270154, 33.42586753926237, 0.0], [76.58419623862761, 33.42576866677635, 0.0], [76.58528765671421, 33.42560212836347, 0.0], [76.58653494173461, 33.425620627821054, 0.0], [76.5877553320759, 33.42569771788512, 0.0], [76.58916929718049, 33.4256438935005, 0.0], [76.59088967750323, 33.42559027061233, 0.0], [76.59225541336711, 33.42556363404003, 0.0], [76.59293799985691, 33.42559085205004, 0.0], [76.59340586061283, 33.4257622324474, 0.0], [76.59401828225035, 33.42664600909383, 0.0], [76.59473845789702, 33.427534168325685, 0.0], [76.59595328117783, 33.42825137257917, 0.0], [76.59673257340839, 33.42890067293076, 0.0], [76.5977808956167, 33.429527654362495, 0.0], [76.59865700402794, 33.430217450604246, 0.0], [76.5995601011139, 33.430794703330804, 0.0], [76.60020515077389, 33.43143489048277, 0.0], [76.60090938095584, 33.43164242209541, 0.0], [76.60203314860101, 33.431566132505395, 0.0], [76.60336134896453, 33.431219074064686, 0.0], [76.60392582576699, 33.431079474480676, 0.0], [76.60444196833691, 33.431025451094875, 0.0], [76.60576454345184, 33.43167027791072, 0.0], [76.60715682963372, 33.43269394914552, 0.0], [76.6087589145771, 33.43371298871123, 0.0], [76.6099309476073, 33.434362158193196, 0.0], [76.61087716437878, 33.434903234357506, 0.0], [76.611334064966, 33.43562922557043, 0.0], [76.6117908607661, 33.43671558886206, 0.0], [76.61249517381296, 33.43792381513962, 0.0], [76.61326932815398, 33.43892920779348, 0.0], [76.61378552915168, 33.43929440578386, 0.0], [76.61509750428569, 33.43946129626908, 0.0], [76.61564589365784, 33.4397228074403, 0.0], [76.61644710757103, 33.43991671892327, 0.0], [76.6176408546527, 33.43972294767224, 0.0], [76.61868396301662, 33.43951562016536, 0.0], [76.61983467947047, 33.4396058351594, 0.0], [76.62051216454141, 33.43956072881524, 0.0], [76.6215607735009, 33.43912342823381, 0.0], [76.62241576068193, 33.438582598057124, 0.0], [76.62312012560474, 33.43812733379671, 0.0], [76.624109616707, 33.43771702971673, 0.0], [76.625200875289, 33.437550140645754, 0.0], [76.62638393102252, 33.436878546473636, 0.0], [76.62743781645626, 33.436012848406456, 0.0], [76.62835183721826, 33.435399778479926, 0.0], [76.6285559094655, 33.43523171272904, 0.0], [76.62871431221393, 33.43510125857852, 0.0], [76.62896476010292, 33.434894999386565, 0.0], [76.62897006919206, 33.434741662906454, 0.0], [76.62897537824156, 33.43458832725831, 0.0], [76.62841618082976, 33.433650644851404, 0.0], [76.6281958079325, 33.43292035029611, 0.0], [76.6288623903521, 33.431811362180945, 0.0], [76.62946467816333, 33.43098648011118, 0.0], [76.62948604524954, 33.429931508687034, 0.0], [76.62908267966675, 33.4286059761826, 0.0], [76.62875995470631, 33.427600885587474, 0.0], [76.62900162843877, 33.42632728223036, 0.0], [76.62900718256734, 33.42629800954821, 0.0], [76.62927607327109, 33.42481944112352, 0.0], [76.62955015118501, 33.42389515997834, 0.0], [76.63010921247215, 33.42261929602509, 0.0], [76.63084554885756, 33.421478717956006, 0.0], [76.6324259370163, 33.419445397644964, 0.0], [76.63410316609001, 33.418354458860186, 0.0], [76.63452781471204, 33.41800274091358, 0.0], [76.63528577681339, 33.41776828306759, 0.0], [76.6358983720419, 33.41716860253804, 0.0], [76.63647362502432, 33.41629859255232, 0.0], [76.63697876303343, 33.41553222312997, 0.0], [76.63703246400819, 33.41478371629162, 0.0], [76.6369892255628, 33.41339077612098, 0.0], [76.63657512685458, 33.41239448558693, 0.0], [76.63611811913712, 33.411443310076784, 0.0], [76.6350805224565, 33.41060494119947, 0.0], [76.63367742743615, 33.41000089396852, 0.0], [76.63231228177484, 33.409360889122134, 0.0], [76.63211861771185, 33.40919407389976, 0.0], [76.63356439743565, 33.408369073099024, 0.0], [76.63510161489504, 33.407025469685216, 0.0], [76.63606899832241, 33.406105740525234, 0.0], [76.6372513629249, 33.404793755562395, 0.0], [76.63810585262678, 33.40384249478661, 0.0], [76.6384068497207, 33.40343224331016, 0.0], [76.63820779919348, 33.403161707625124, 0.0], [76.63740690984238, 33.40275157657682, 0.0], [76.63659522251916, 33.40218376115276, 0.0], [76.63647159833705, 33.40184107176931, 0.0], [76.636939086389, 33.401083676608614, 0.0], [76.63806207027835, 33.39988880449513, 0.0], [76.63835226594341, 33.39925323803005, 0.0], [76.63865312750431, 33.39852734749677, 0.0], [76.63887069018853, 33.39819823464377, 0.0], [76.6390882516352, 33.397869122074006, 0.0], [76.63937308868849, 33.39741831977775, 0.0], [76.639485880386, 33.39673756840399, 0.0], [76.63946405791336, 33.39656815246537, 0.0], [76.63938367646219, 33.39594413277314, 0.0], [76.63941033103497, 33.394821629149845, 0.0], [76.63957675850175, 33.39373966436397, 0.0], [76.63983996685916, 33.39271630113508, 0.0], [76.64037719819677, 33.39194985499806, 0.0], [76.64100048211161, 33.39098052846499, 0.0], [76.64194600273979, 33.38989393505815, 0.0], [76.64294551814251, 33.38926718663372, 0.0], [76.64431565979544, 33.38868989900266, 0.0], [76.64558369758558, 33.387738427463205, 0.0], [76.64725482454003, 33.38676896693948, 0.0], [76.64822189436673, 33.385993354328036, 0.0], [76.65006985349231, 33.38444667964027, 0.0], [76.65101554003876, 33.38383338905674, 0.0], [76.65148292318949, 33.38342305830639, 0.0], [76.65174488103831, 33.38232299524244, 0.0], [76.65175131385092, 33.382295981665884, 0.0], [76.65198743462199, 33.38125906728155, 0.0], [76.6521645320121, 33.38063678913692, 0.0], [76.652051214133, 33.379703727132465, 0.0], [76.65171792142615, 33.37864878012286, 0.0], [76.65151348955536, 33.377927688671626, 0.0], [76.65177127784173, 33.37750833168734, 0.0], [76.6521739784139, 33.37710697580767, 0.0], [76.6522923341568, 33.37664717881349, 0.0], [76.65242635269308, 33.37610618732402, 0.0], [76.65240463896596, 33.37529924518756, 0.0], [76.65229697163367, 33.374681659799876, 0.0], [76.65188302175189, 33.37400998304845, 0.0], [76.65163546342761, 33.372729786899605, 0.0], [76.65167267652741, 33.37157115539885, 0.0], [76.65197854553278, 33.37044402956763, 0.0], [76.6529613408433, 33.36902832058357, 0.0], [76.6539711362204, 33.368126470469896, 0.0], [76.65508309388923, 33.36727420381986, 0.0], [76.65647951482755, 33.36644428418653, 0.0], [76.65770952782393, 33.365506277526045, 0.0], [76.65839147271033, 33.36468560641009, 0.0], [76.65872417845044, 33.36367579583523, 0.0], [76.65902438303213, 33.36207508608218, 0.0], [76.65898099824616, 33.361029356866545, 0.0], [76.65860965563046, 33.35962303761113, 0.0], [76.65843212300734, 33.358671719092406, 0.0], [76.65864114726024, 33.35756724392808, 0.0], [76.6592909166339, 33.356696947000614, 0.0], [76.66035962578673, 33.35590329102437, 0.0], [76.66198128970406, 33.35478017944308, 0.0], [76.6633940844603, 33.35446879204411, 0.0], [76.66490873902289, 33.35413464843457, 0.0], [76.66662209936236, 33.35339019042033, 0.0], [76.66819016667175, 33.35248352765068, 0.0], [76.66933926848371, 33.351613051532006, 0.0], [76.67088046444181, 33.35046737082661, 0.0], [76.67192726497595, 33.349723152370316, 0.0], [76.67241593803008, 33.34915941738076, 0.0], [76.67259812671068, 33.34821265254473, 0.0], [76.67222671614591, 33.34724358470492, 0.0], [76.67195787240811, 33.34642319938951, 0.0], [76.67165655545199, 33.345427032200206, 0.0], [76.67146788694767, 33.34430895218862, 0.0], [76.67110198245213, 33.343137163600204, 0.0], [76.67099959577314, 33.34231660955331, 0.0], [76.67095652410609, 33.34201922233319, 0.0], [76.67102083134581, 33.34184772960103, 0.0], [76.67187973721843, 33.34107655197992, 0.0], [76.67286760163992, 33.34029623583187, 0.0], [76.67388207907403, 33.339267999013074, 0.0], [76.675004385459, 33.33881682679558, 0.0], [76.67594976553686, 33.33883888114938, 0.0], [76.67689477482521, 33.338802403795285, 0.0], [76.67836620405606, 33.33838265004656, 0.0], [76.67960134287694, 33.33789510163459, 0.0], [76.68023469624566, 33.337385383293096, 0.0], [76.68116895272561, 33.33697475857188, 0.0], [76.68238267807142, 33.33676667971084, 0.0], [76.68327388202646, 33.336252461424344, 0.0], [76.68413799424876, 33.33548112955871, 0.0], [76.68617215262209, 33.333631910893835, 0.0], [76.68710606288907, 33.332738856176036, 0.0], [76.68805082255369, 33.332219818272854, 0.0], [76.68918912820196, 33.331899158839846, 0.0], [76.68989773770194, 33.33140288846901, 0.0], [76.69067583482337, 33.33060003690184, 0.0], [76.69157768684035, 33.33008110645833, 0.0], [76.69293621713648, 33.32996762999081, 0.0], [76.69367179933735, 33.329773355813934, 0.0], [76.69473454515511, 33.32894323949759, 0.0], [76.69543751294152, 33.32837486942086, 0.0], [76.69595814865055, 33.327955261593466, 0.0], [76.69647338886394, 33.32780627623755, 0.0], [76.69738653190974, 33.327900485513574, 0.0], [76.69849831231156, 33.328138609244945, 0.0], [76.69938463992446, 33.32827339213537, 0.0], [76.70059845478698, 33.328299703115384, 0.0], [76.7018548460173, 33.32819519498286, 0.0], [76.70312739096993, 33.32798250241071, 0.0], [76.70408318500945, 33.32780606962672, 0.0], [76.7053722468216, 33.32806667945981, 0.0], [76.70629632738192, 33.32858904243854, 0.0], [76.70783321673112, 33.329503204341506, 0.0], [76.70942351450418, 33.33024598495069, 0.0], [76.71092778361063, 33.33076338978815, 0.0], [76.71208258431992, 33.331082684217904, 0.0], [76.71317290554998, 33.33105484135991, 0.0], [76.71435390228542, 33.330544610980766, 0.0], [76.71543246036249, 33.32963762771973, 0.0], [76.71603353045046, 33.32925398241932, 0.0], [76.71666700354145, 33.329158831713606, 0.0], [76.71737055692756, 33.32913124792517, 0.0], [76.71774625112249, 33.328973192291, 0.0], [76.71830374087568, 33.32796291705251, 0.0], [76.71864608893871, 33.32684018346841, 0.0], [76.71906958828322, 33.32611394078092, 0.0], [76.71943415710828, 33.32550521060825, 0.0], [76.71963259836, 33.32518943802669, 0.0], [76.71961030323898, 33.32461239589368, 0.0], [76.71959903686975, 33.32404440059682, 0.0], [76.71961371337505, 33.324024335347126, 0.0], [76.71985638531781, 33.32369255061107, 0.0], [76.72088662863128, 33.32295239789506, 0.0], [76.72158935009519, 33.3223116495269, 0.0], [76.72227555438566, 33.32127423134468, 0.0], [76.72273116292054, 33.32040838024349, 0.0], [76.72293397191584, 33.31944791528836, 0.0], [76.72322846436676, 33.318654278170584, 0.0], [76.72392014206966, 33.31781526889326, 0.0], [76.7247083424707, 33.316773084876274, 0.0], [76.72563036018838, 33.315523691485154, 0.0], [76.72587695616305, 33.3151627803431, 0.0], [76.72606413007327, 33.314441242107584, 0.0], [76.72563863084824, 33.313332673820945, 0.0], [76.72530452085529, 33.31225548168692, 0.0], [76.72523901697951, 33.31134040300671, 0.0], [76.72551208145302, 33.31073157371795, 0.0], [76.72610177089331, 33.30999181689853, 0.0], [76.72756112134276, 33.30903479973891, 0.0], [76.72837125764, 33.30848423714152, 0.0], [76.72854794684395, 33.30821808388203, 0.0], [76.72875708938354, 33.30778959978102, 0.0], [76.72855724012148, 33.30696928198114, 0.0], [76.72833633214981, 33.30625720473997, 0.0], [76.72833487429678, 33.30498591659408, 0.0], [76.72864501938841, 33.303939717523306, 0.0], [76.7290841304144, 33.302974601026754, 0.0], [76.72923915805973, 33.30246047438071, 0.0], [76.73008672509252, 33.3018782669651, 0.0], [76.73093936515836, 33.30107503510608, 0.0], [76.73151820975829, 33.300308170032714, 0.0], [76.73188256934559, 33.29970373536516, 0.0], [76.73210756758093, 33.29932940574843, 0.0], [76.73211790223868, 33.29903192845401, 0.0], [76.732015345446, 33.29855403529202, 0.0], [76.73122553945194, 33.29804081008723, 0.0], [76.73020463342563, 33.29726629082566, 0.0], [76.72982299426167, 33.29676171012781, 0.0], [76.72968798006359, 33.29621644960948, 0.0], [76.72986922736008, 33.295246893578465, 0.0], [76.7296965294906, 33.29446263144401, 0.0], [76.72926616699648, 33.293534324850036, 0.0], [76.72878708991752, 33.292520390018026, 0.0], [76.72856081550904, 33.291817313874446, 0.0], [76.7284739183832, 33.291037537412116, 0.0], [76.72866126484797, 33.29057292290633, 0.0], [76.72948192721672, 33.290058461001784, 0.0], [76.72979277026731, 33.28958924082362, 0.0], [76.72986143202965, 33.28871017171423, 0.0], [76.72909301659611, 33.287251152343316, 0.0], [76.72862313991334, 33.28661459274536, 0.0], [76.72855434583272, 33.28637133432514, 0.0], [76.72850004673877, 33.28599728799414, 0.0], [76.72851077883308, 33.285615844209985, 0.0], [76.72845010390492, 33.284667960882636, 0.0], [76.72812135552574, 33.284005176990384, 0.0], [76.72772965809945, 33.28348233008019, 0.0], [76.72808992511983, 33.283298577756405, 0.0], [76.72918354181145, 33.28291316323702, 0.0], [76.73092763315512, 33.28260507542266, 0.0], [76.73218824358784, 33.28208104193589, 0.0], [76.73270828373536, 33.28151258250465, 0.0], [76.73277144190862, 33.28055224335846, 0.0], [76.73259293392012, 33.27940282176757, 0.0], [76.73235009071819, 33.27836612413265, 0.0], [76.73230028221414, 33.27709496489438, 0.0], [76.73242236233256, 33.27598121296468, 0.0], [76.73250231542205, 33.27553937336214, 0.0], [76.73323125445259, 33.27478132061261, 0.0], [76.73449145934032, 33.273955336590475, 0.0], [76.73540860539028, 33.27348115693146, 0.0], [76.73588013770276, 33.27289009424652, 0.0], [76.73612015874907, 33.27172220607004, 0.0], [76.73619962427013, 33.27088807348249, 0.0], [76.73667621601494, 33.270049204314276, 0.0], [76.73848297563187, 33.268681568956055, 0.0], [76.73852014498837, 33.268379476730786, 0.0], [76.73842865281647, 33.268145288062755, 0.0], [76.73812773489897, 33.26777126789139, 0.0], [76.73805204561685, 33.26739716396465, 0.0], [76.73819056755684, 33.26666221714556, 0.0], [76.73816853692868, 33.26621133821583, 0.0], [76.73728186573022, 33.26518428144077, 0.0], [76.7368890018674, 33.26445432666107, 0.0], [76.73680212419774, 33.263633970574716, 0.0], [76.73687567713476, 33.2623715495214, 0.0], [76.73687448355345, 33.26149245891998, 0.0], [76.73705094003842, 33.261095621073395, 0.0], [76.73820952030104, 33.26058071218182, 0.0], [76.73926109250245, 33.26035425310764, 0.0], [76.74045149047967, 33.259767002907104, 0.0], [76.74159830839872, 33.25863438155329, 0.0], [76.74280397049768, 33.25740704481422, 0.0], [76.74440689758082, 33.25635962994742, 0.0], [76.74516270673858, 33.25574578659052, 0.0], [76.74613750099846, 33.25438340854959, 0.0], [76.74719300120681, 33.25337241515395, 0.0], [76.74797025394483, 33.25280812544146, 0.0], [76.74884411705206, 33.25229333448072, 0.0], [76.74999992498113, 33.25185871086179, 0.0], [76.75083476814306, 33.250847005963855, 0.0], [76.75200996979042, 33.249999985595736, 0.0], [76.75238106335948, 33.24958655436104, 0.0], [76.75431355851453, 33.24867866374275, 0.0], [76.75647608455756, 33.24845531992097, 0.0], [76.7592179175913, 33.24830463809067, 0.0], [76.76231894874792, 33.24842016539246, 0.0], [76.76366544548748, 33.2486468215385, 0.0], [76.76479230933204, 33.24853505674504, 0.0], [76.7655538790154, 33.24872508260373, 0.0], [76.76658995231553, 33.248347288776536, 0.0], [76.76766844138456, 33.2483121199711, 0.0], [76.76928823259803, 33.24876885455461, 0.0], [76.77027496635388, 33.24914385703289, 0.0], [76.7705375846768, 33.249327946337694, 0.0], [76.77069253713586, 33.249436563680895, 0.0], [76.77093904032417, 33.24932428528526, 0.0], [76.77108507089432, 33.24918516784658, 0.0], [76.77119397215799, 33.24913658477118, 0.0], [76.77157903533673, 33.24888350266156, 0.0], [76.77171411906639, 33.2481262049902, 0.0], [76.77179707674067, 33.24773286647339, 0.0], [76.77189758724192, 33.247256302469246, 0.0], [76.77234417827606, 33.24616115971647, 0.0], [76.7727540622778, 33.244231986360624, 0.0], [76.77311595541742, 33.24215397206168, 0.0], [76.77374442779677, 33.241473777275736, 0.0], [76.77489022673625, 33.24095562345733, 0.0], [76.77599347763201, 33.24045669794527, 0.0], [76.77801656351433, 33.24004351751357, 0.0], [76.77882721991601, 33.23951219983409, 0.0], [76.77895523961226, 33.239207086038384, 0.0], [76.77941341407362, 33.238115087564466, 0.0], [76.77932483223417, 33.2357347161301, 0.0], [76.77900139616428, 33.234958180590425, 0.0], [76.77815839872889, 33.232934176377064, 0.0], [76.77690692295708, 33.22957002243913, 0.0], [76.77677480130193, 33.22771711574983, 0.0], [76.77695253444801, 33.22707707328259, 0.0], [76.77731340707925, 33.22578347173584, 0.0], [76.77717985381214, 33.22529198901047, 0.0], [76.77641947324308, 33.22404263328883, 0.0], [76.77601305993107, 33.22298283346112, 0.0], [76.77610586636212, 33.22154931074149, 0.0], [76.77597242558954, 33.22094058556448, 0.0], [76.77583885040079, 33.22048968377707, 0.0], [76.77516302583558, 33.220448557036235, 0.0], [76.77421890348599, 33.2206010904739, 0.0], [76.77323235065707, 33.22026218164091, 0.0], [76.77161450747687, 33.2185566931229, 0.0], [76.77071594882881, 33.216401031264375, 0.0], [76.77067457214507, 33.21515672940254, 0.0], [76.77112617841169, 33.214210409807976, 0.0], [76.77094516682351, 33.21303807866578, 0.0], [76.7702275894279, 33.212167381575355, 0.0], [76.76946667231752, 33.21156261513931, 0.0], [76.76753658188626, 33.21106960469774, 0.0], [76.7665929798476, 33.210843390758455, 0.0], [76.76641154812921, 33.21012188474524, 0.0], [76.76641345625468, 33.208534988631556, 0.0], [76.76623731114397, 33.207894661755425, 0.0], [76.765562531441, 33.207136688681736, 0.0], [76.76448529537787, 33.206567762133744, 0.0], [76.76385327413833, 33.20588645908177, 0.0], [76.76327617357671, 33.20426294852962, 0.0], [76.76206636345694, 33.20261638102782, 0.0], [76.76108093549874, 33.2015605742094, 0.0], [76.76045569115871, 33.19989642460085, 0.0], [76.75964805569323, 33.19830429279843, 0.0], [76.75829973553326, 33.195999316836264, 0.0], [76.7578073174981, 33.19539473791675, 0.0], [76.75596960316986, 33.19422087849276, 0.0], [76.7543743029297, 33.19369660454718, 0.0], [76.75412588768998, 33.1936149641064, 0.0], [76.75223971002954, 33.19270696240713, 0.0], [76.75057861612815, 33.19190741236138, 0.0], [76.7500859658771, 33.1914921905687, 0.0], [76.7502220342794, 33.19001811336226, 0.0], [76.75036310834227, 33.18885509933668, 0.0], [76.7501819316292, 33.18806150255356, 0.0], [76.74999995697914, 33.1878057744225, 0.0], [76.7497806248975, 33.187497543431036, 0.0], [76.74883956957696, 33.18694197997921, 0.0], [76.74789752969775, 33.18591512183529, 0.0], [76.74726829467072, 33.18449571088345, 0.0], [76.74675694520354, 33.18307608493007, 0.0], [76.74678558932504, 33.180542408614016, 0.0], [76.74695080985656, 33.179190544346405, 0.0], [76.74700821805509, 33.178720808830434, 0.0], [76.74682014394784, 33.178414477220535, 0.0], [76.74605357511518, 33.1784152233228, 0.0], [76.74355541291847, 33.17853934532266, 0.0], [76.74087984476893, 33.17826692317618, 0.0], [76.73709971078017, 33.17780604818541, 0.0], [76.7333894416547, 33.17749829888798, 0.0], [76.73126601110376, 33.17706727983004, 0.0], [76.72894962715804, 33.1766995990659, 0.0], [76.72796342085067, 33.17688527649785, 0.0], [76.72601860660575, 33.177937299215294, 0.0], [76.7225740383408, 33.1802888776753, 0.0], [76.7211565148775, 33.181218511876274, 0.0], [76.72073643046522, 33.18149400318055, 0.0], [76.71997000885251, 33.181679465046535, 0.0], [76.71894150317259, 33.181126516703415, 0.0], [76.7189400044355, 33.181125711209305, 0.0], [76.71706841548324, 33.1806311791146, 0.0], [76.7156313670317, 33.180420394345624, 0.0], [76.71487326434026, 33.180416182193284, 0.0], [76.71060251400678, 33.180392391949226, 0.0], [76.70932151282597, 33.1806998458773, 0.0], [76.70876911229755, 33.18054699256163, 0.0], [76.70847369935379, 33.17989792865878, 0.0], [76.708214726892, 33.17820302909951, 0.0], [76.70725912978783, 33.17687382616744, 0.0], [76.70436275681404, 33.17527070853926, 0.0], [76.70201353982644, 33.17397379402333, 0.0], [76.70054216518629, 33.173479907519344, 0.0], [76.69962731852675, 33.173172817958715, 0.0], [76.69680174134308, 33.17271462591065, 0.0], [76.69467343497533, 33.17258958298702, 0.0], [76.69276533459492, 33.172901703272906, 0.0], [76.69081965110395, 33.17336275061291, 0.0], [76.68916869746923, 33.173552820427865, 0.0], [76.68829268629837, 33.173544811150116, 0.0], [76.68590395805741, 33.17352294785856, 0.0], [76.68414542880554, 33.17327583549513, 0.0], [76.68164155557453, 33.17269543331642, 0.0], [76.68020997143988, 33.172321916420216, 0.0], [76.67848362242927, 33.171921424722875, 0.0], [76.67652946337023, 33.17148793330764, 0.0], [76.67389969596022, 33.170904527877596, 0.0], [76.67165876845668, 33.17066191946995, 0.0], [76.6693236694569, 33.170782074595266, 0.0], [76.666893303372, 33.17090709644571, 0.0], [76.66461365353106, 33.17127561835549, 0.0], [76.66443383935558, 33.17122012323835, 0.0], [76.6641433471956, 33.17112444222102, 0.0], [76.66330419104729, 33.1704023554965, 0.0], [76.66193922294102, 33.16887092092089, 0.0], [76.66014311696213, 33.16801043153464, 0.0], [76.65867390764751, 33.1671452010621, 0.0], [76.65731723856422, 33.16575708734234, 0.0], [76.65651758764666, 33.16489994059661, 0.0], [76.65599272268233, 33.16433732675124, 0.0], [76.65500088571787, 33.163751498600185, 0.0], [76.65401458824141, 33.16362544882915, 0.0], [76.65280628061372, 33.163783305396244, 0.0], [76.65162934228202, 33.16393705331995, 0.0], [76.64994095051513, 33.16405918726303, 0.0], [76.64836511411734, 33.16399636860798, 0.0], [76.64697120109079, 33.1633519470846, 0.0], [76.64575785505492, 33.16246528127114, 0.0], [76.64557728590313, 33.16233332681956, 0.0], [76.6444355498248, 33.161869161282546, 0.0], [76.64263981641689, 33.16162149655306, 0.0], [76.6410585328278, 33.16156307515885, 0.0], [76.6394077269826, 33.16165796490903, 0.0], [76.63662064860499, 33.162740256199896, 0.0], [76.6352271293526, 33.16360145062661, 0.0], [76.63328683915118, 33.16468363663494, 0.0], [76.62957762048134, 33.165824403556556, 0.0], [76.62766934536039, 33.16610405462374, 0.0], [76.62681427426847, 33.16604265703706, 0.0], [76.62635067872927, 33.16600936696783, 0.0], [76.62543402969831, 33.16613560447394, 0.0], [76.623381018714, 33.16690652304887, 0.0], [76.61807935172808, 33.17010728076272, 0.0], [76.61481460486375, 33.171959903028714, 0.0], [76.61257356762535, 33.173379815804395, 0.0], [76.612133858102, 33.17424544252123, 0.0], [76.61198883632309, 33.176404859120545, 0.0], [76.61180606747857, 33.17989420798913, 0.0], [76.61161819000021, 33.18126017360133, 0.0], [76.61202006608805, 33.18302299018548, 0.0], [76.61201976714389, 33.18521398912775, 0.0], [76.61106510632177, 33.187341769370256, 0.0], [76.60970840795184, 33.18891955440636, 0.0], [76.60830356450107, 33.18976675628727, 0.0], [76.60801922621248, 33.18993822518728, 0.0], [76.6062604135962, 33.1904293681547, 0.0], [76.60530575027626, 33.19056247977367, 0.0], [76.60493608891272, 33.19061402070127, 0.0], [76.60376179854163, 33.190397379964274, 0.0], [76.60270044933834, 33.18956771608849, 0.0], [76.60192845792493, 33.188823693736865, 0.0], [76.60134413085616, 33.1886071903326, 0.0], [76.6006095412409, 33.18879187294846, 0.0], [76.59862524347405, 33.1902747077255, 0.0], [76.59767043711248, 33.19169460514384, 0.0], [76.59723029923578, 33.19305152418657, 0.0], [76.59717588803065, 33.19572039975058, 0.0], [76.59725067205265, 33.196802402784456, 0.0], [76.59794690024573, 33.19942637639576, 0.0], [76.59922747863115, 33.203069249390914, 0.0], [76.5990075264269, 33.20353356131778, 0.0], [76.59732322706608, 33.204984834996615, 0.0], [76.59589107041019, 33.205908777294574, 0.0], [76.59497394457472, 33.206188031354145, 0.0], [76.59320970356815, 33.205845018573434, 0.0], [76.5919978566531, 33.20525862366933, 0.0], [76.5911186152792, 33.20485717622816, 0.0], [76.59045897994221, 33.2048885171179, 0.0], [76.58829200717203, 33.20584368005917, 0.0], [76.58701010617733, 33.2063076345198, 0.0], [76.58520816135787, 33.20646038556148, 0.0], [76.58337399752135, 33.206617578033864, 0.0], [76.58132004139678, 33.20667544560267, 0.0], [76.57970589235349, 33.20652161881484, 0.0], [76.57816156884662, 33.20615142895835, 0.0], [76.57628996163689, 33.2060875834708, 0.0], [76.5726592260021, 33.206334104320234, 0.0], [76.56887815916318, 33.20688697759673, 0.0], [76.5671886418957, 33.20722879609989, 0.0], [76.56549865591354, 33.2081837792691, 0.0], [76.56463517209112, 33.208489501479114, 0.0], [76.56289162836131, 33.209106794366534, 0.0], [76.5616471688338, 33.20953890561025, 0.0], [76.56069252421226, 33.209538348070865, 0.0], [76.55922378177357, 33.20861340480118, 0.0], [76.55819470631441, 33.207851047710896, 0.0], [76.55705824730761, 33.207142603801195, 0.0], [76.5556646820209, 33.206217668175746, 0.0], [76.55335464203702, 33.204485169695516, 0.0], [76.55100783768252, 33.202013275283605, 0.0], [76.54990407458794, 33.20093070930145, 0.0], [76.54886521241704, 33.199882180112155, 0.0], [76.54807174802107, 33.19908131441122, 0.0], [76.54719278670603, 33.198553195542, 0.0], [76.5462009832048, 33.198336175853406, 0.0], [76.5446940209706, 33.19852002524643, 0.0], [76.54293453786666, 33.19919968382685, 0.0], [76.54131990502307, 33.19978463002401, 0.0], [76.53977514580312, 33.200121756444325, 0.0], [76.539237724628, 33.200143964052614, 0.0], [76.53827362403396, 33.20018379864879, 0.0], [76.53685804744654, 33.200124269925546, 0.0], [76.53612346382998, 33.200065068239844, 0.0], [76.53447203741027, 33.19987909491252, 0.0], [76.53297079084632, 33.19966157681882, 0.0], [76.5314269632664, 33.19907443316266, 0.0], [76.53018378268148, 33.19832962371038, 0.0], [76.52845786088356, 33.19758892712311, 0.0], [76.52526865773183, 33.19641430824921, 0.0], [76.52405710301417, 33.19613378669265, 0.0], [76.52353699168754, 33.19602352392298, 0.0], [76.52288311174031, 33.19588490016614, 0.0], [76.51906557764028, 33.19557513650221, 0.0], [76.51748928412523, 33.195416065765414, 0.0], [76.51561792832588, 33.19541443110619, 0.0], [76.51421714427701, 33.19541320740368, 0.0], [76.513633935104, 33.19541269482938, 0.0], [76.51179968087072, 33.19575362669805, 0.0], [76.51033021932247, 33.19593714633455, 0.0], [76.5093061781963, 33.19584152455873, 0.0], [76.50794508738716, 33.1951008943264, 0.0], [76.50670301222995, 33.193648123146424, 0.0], [76.5052360872154, 33.19197862980005, 0.0], [76.50175378100653, 33.18987890400133, 0.0], [76.49999998757386, 33.189021437065186, 0.0], [76.49940692543917, 33.18873150281058, 0.0], [76.49888599348887, 33.18852610544143, 0.0], [76.49736166576423, 33.18746570831886, 0.0], [76.49582693456207, 33.186529426035605, 0.0], [76.4944641389035, 33.18581851521802, 0.0], [76.49230699736296, 33.18453116077827, 0.0], [76.48982325276465, 33.18347405011787, 0.0], [76.48818173608352, 33.18277226726946, 0.0], [76.48714102331706, 33.182295431351356, 0.0], [76.48651868853824, 33.18189918047955, 0.0], [76.48520396946223, 33.181003245011745, 0.0], [76.48346575592329, 33.18001295593383, 0.0], [76.48264667827979, 33.17961480673112, 0.0], [76.48231777088208, 33.17945492470676, 0.0], [76.48178123133762, 33.17915782622694, 0.0], [76.48064432768368, 33.178874814028944, 0.0], [76.47993121380543, 33.17878525932298, 0.0], [76.47937894876591, 33.178745106329565, 0.0], [76.47822106881017, 33.1788407534634, 0.0], [76.47633962240877, 33.17906772171576, 0.0], [76.47446883133591, 33.17934882967944, 0.0], [76.47278060949064, 33.17976041664829, 0.0], [76.47119977749995, 33.18043785310807, 0.0], [76.46957634319179, 33.181372360319465, 0.0], [76.46910755520017, 33.18159227708424, 0.0], [76.46801695181236, 33.18210388810395, 0.0], [76.46737379690767, 33.182293653519864, 0.0], [76.4663928019918, 33.18240712868358, 0.0], [76.46534721448975, 33.18231319950947, 0.0], [76.46483244993914, 33.18220084036775, 0.0], [76.46447838725008, 33.18199378312376, 0.0], [76.46309959567402, 33.18104352976087, 0.0], [76.46208602746417, 33.180764669827006, 0.0], [76.46137286084512, 33.18065246193642, 0.0], [76.45934633268729, 33.18065387063518, 0.0], [76.4577643210374, 33.18018610793278, 0.0], [76.457146954294, 33.180021957166474, 0.0], [76.45600536140452, 33.179718409590755, 0.0], [76.45494904100885, 33.179498252608084, 0.0], [76.45436995812001, 33.179444503310435, 0.0], [76.4526114128149, 33.17935094817702, 0.0], [76.45074050667809, 33.17942877473258, 0.0], [76.44962542808165, 33.179501651863674, 0.0], [76.44891247775676, 33.17965524772454, 0.0], [76.44733706602102, 33.18051729926118, 0.0], [76.44647973616729, 33.1810948279611, 0.0], [76.44641035773921, 33.18111601151668, 0.0], [76.44568105144192, 33.181338689921105, 0.0], [76.44483407302349, 33.18146991984768, 0.0], [76.44323106472183, 33.181412215674655, 0.0], [76.44169483151957, 33.18096382881934, 0.0], [76.44162766535996, 33.180944224108565, 0.0], [76.44071605247699, 33.180665269697776, 0.0], [76.44009394463892, 33.180440140841235, 0.0], [76.4390215871866, 33.18027387703752, 0.0], [76.43786901905807, 33.18035114080165, 0.0], [76.4365768776724, 33.180275149276135, 0.0], [76.43570842722961, 33.18029364661462, 0.0], [76.43455050050214, 33.18055565055483, 0.0], [76.43353226426102, 33.18102500429257, 0.0], [76.43192982710922, 33.18190485130313, 0.0], [76.43130804212443, 33.18209454713205, 0.0], [76.42825730914844, 33.18196517438133, 0.0], [76.42698741221842, 33.18318287187037, 0.0], [76.42659096766808, 33.183724045802876, 0.0], [76.42614621203556, 33.184044355382134, 0.0], [76.42578713765722, 33.18432399914026, 0.0], [76.42538512663434, 33.18450898330896, 0.0], [76.42427559330802, 33.18499635457603, 0.0], [76.42256029274397, 33.18563268935896, 0.0], [76.42180691508187, 33.18631616530554, 0.0], [76.4213919744042, 33.18669259974342, 0.0], [76.42033086203256, 33.1876577500726, 0.0], [76.41667350512323, 33.18611723134658, 0.0], [76.4161763552097, 33.185902958113175, 0.0], [76.41593668664015, 33.18579965941776, 0.0], [76.41462500300585, 33.18523430219923, 0.0], [76.41416382089707, 33.18504960298912, 0.0], [76.41258212007105, 33.18491938153859, 0.0], [76.41035725512927, 33.18518145096503, 0.0], [76.40897177091932, 33.18536056432627, 0.0], [76.40759619779627, 33.18553838360409, 0.0], [76.40517282999647, 33.18576445505985, 0.0], [76.40423463451573, 33.18585937159136, 0.0], [76.4038967937421, 33.18578733269571, 0.0], [76.40305481508516, 33.18508874318643, 0.0], [76.40212152818602, 33.183781491425655, 0.0], [76.40159593530174, 33.183321759021, 0.0], [76.40110252560876, 33.18288908029712, 0.0], [76.40014810218983, 33.18251515843341, 0.0], [76.39831980541001, 33.18236669442108, 0.0], [76.39785334299454, 33.18212336933399, 0.0], [76.39718305448933, 33.181411176220315, 0.0], [76.39624986040862, 33.18012200518468, 0.0], [76.39495746888696, 33.17895906009189, 0.0], [76.39198120426501, 33.174753335955955, 0.0], [76.39089277169462, 33.17385178131451, 0.0], [76.3904692402874, 33.173572413277796, 0.0], [76.38890915133625, 33.17295488709334, 0.0], [76.38724186780551, 33.172414115050884, 0.0], [76.3862178775587, 33.171963385437316, 0.0], [76.38568177522286, 33.17158929022448, 0.0], [76.38455600973411, 33.1710213485847, 0.0], [76.38275473171613, 33.16980422295088, 0.0], [76.38161819065614, 33.16871777687362, 0.0], [76.38039588825005, 33.16763136943033, 0.0], [76.3776566758888, 33.16617076572249, 0.0], [76.37661134065162, 33.16532776998736, 0.0], [76.37574302122405, 33.164241278230776, 0.0], [76.37297176802217, 33.161387562328066, 0.0], [76.37232864810906, 33.16054451139949, 0.0], [76.37170691601003, 33.15882231086257, 0.0], [76.3705224843562, 33.15603167420659, 0.0], [76.37017413855318, 33.15523370924651, 0.0], [76.36956316281905, 33.15446722200561, 0.0], [76.36940135567176, 33.154298887382936, 0.0], [76.36895219433163, 33.15383159877884, 0.0], [76.36846452491899, 33.153457344479385, 0.0], [76.36785884935087, 33.153286051941194, 0.0], [76.36723721370645, 33.15317779409202, 0.0], [76.36698968180198, 33.15317777626003, 0.0], [76.3663474887841, 33.153177729291265, 0.0], [76.36568286629954, 33.15324977698469, 0.0], [76.36383381417149, 33.1536644477685, 0.0], [76.36287448386518, 33.153511073295455, 0.0], [76.36209739104825, 33.153195428288285, 0.0], [76.35947677125155, 33.15154055498148, 0.0], [76.35580609729264, 33.14933101943782, 0.0], [76.3527141242649, 33.147567849369494, 0.0], [76.3488293043261, 33.14551582720164, 0.0], [76.34664846641864, 33.14437027363022, 0.0], [76.34500352504962, 33.14363954838144, 0.0], [76.34400159613766, 33.14300360016896, 0.0], [76.34100163182096, 33.14040152700958, 0.0], [76.33976415804626, 33.13928762733137, 0.0], [76.3346699347354, 33.13507092269383, 0.0], [76.33340040356823, 33.134173309197415, 0.0], [76.33077031066233, 33.1322293880037, 0.0], [76.3300152722119, 33.131408587223305, 0.0], [76.32845674052218, 33.12987066768821, 0.0], [76.32629882816218, 33.12734077329589, 0.0], [76.32558644002923, 33.126984339862744, 0.0], [76.3251203820256, 33.126799262918695, 0.0], [76.32459001942196, 33.126650314159285, 0.0], [76.32147179080361, 33.12645966235167, 0.0], [76.31973065761193, 33.12609822937625, 0.0], [76.31843969516439, 33.12574147908155, 0.0], [76.31729135136504, 33.125541411508166, 0.0], [76.31563778066136, 33.12525330551849, 0.0], [76.31485574514802, 33.125045551327574, 0.0], [76.314588004918, 33.12483804870294, 0.0], [76.3141704665365, 33.1242021778382, 0.0], [76.31396748866332, 33.123340997584535, 0.0], [76.31383372124219, 33.12300283402434, 0.0], [76.31341072532334, 33.12266898239311, 0.0], [76.3106253065333, 33.121811002283636, 0.0], [76.30817765557615, 33.120799874204565, 0.0], [76.30522119402782, 33.119617159487404, 0.0], [76.3037272560674, 33.11860641007706, 0.0], [76.30330966693458, 33.11825000840025, 0.0], [76.30255015688111, 33.11669419097738, 0.0], [76.30159909770643, 33.11362350895944, 0.0], [76.30029301429852, 33.11234693841457, 0.0], [76.29751462835071, 33.11013614318472, 0.0], [76.29491839168361, 33.10801556776726, 0.0], [76.2921133067501, 33.10595347225613, 0.0], [76.287455610957, 33.10328145639084, 0.0], [76.28594596388878, 33.10238771643392, 0.0], [76.28661641250497, 33.10148653296147, 0.0], [76.28839703364488, 33.09912537304659, 0.0], [76.28848320320536, 33.09871518645676, 0.0], [76.28839804784096, 33.09817409595407, 0.0], [76.28721626489178, 33.09610401897209, 0.0], [76.28663914767878, 33.094773676039765, 0.0], [76.28559766949762, 33.09190563634477, 0.0], [76.28358273331578, 33.087783554548935, 0.0], [76.28304860204767, 33.08635849731116, 0.0], [76.28296930400171, 33.08592951820909, 0.0], [76.28276105309006, 33.08480291592615, 0.0], [76.28287725533255, 33.08119182074439, 0.0], [76.28276754295162, 33.0785273732496, 0.0], [76.2828175220242, 33.07684123321163, 0.0], [76.28344322567591, 33.07244155957687, 0.0], [76.28366320772146, 33.07191427861355, 0.0], [76.28501385410397, 33.07072956396594, 0.0], [76.2863963996452, 33.06958996385924, 0.0], [76.28775202586732, 33.06867114999369, 0.0], [76.28902143341634, 33.06820318759034, 0.0], [76.28928949169156, 33.067941922326746, 0.0], [76.28975697295314, 33.0661659575024, 0.0], [76.29035810307744, 33.06460191680548, 0.0], [76.29055785078201, 33.06289789731697, 0.0], [76.29040544261188, 33.05984561122247, 0.0], [76.28970172934869, 33.056797491650606, 0.0], [76.28854530704592, 33.05676065030893, 0.0], [76.28760833552509, 33.05676004545765, 0.0], [76.28683226843626, 33.05657017126811, 0.0], [76.28605634967113, 33.05621343173208, 0.0], [76.28461185428863, 33.05527920993789, 0.0], [76.2829421079443, 33.05469633822654, 0.0], [76.28135271700755, 33.05413615956542, 0.0], [76.28068904239055, 33.05396890247106, 0.0], [76.27968832759066, 33.05355787818085, 0.0], [76.27693331950466, 33.05173885487989, 0.0], [76.27631841668705, 33.05105309082433, 0.0], [76.27600867487538, 33.050376649471346, 0.0], [76.27570154636373, 33.047378317136314, 0.0], [76.27536599610852, 33.0458091256466, 0.0], [76.27514940490342, 33.04323467759471, 0.0], [76.27495413609893, 33.04076400378877, 0.0], [76.27466624058108, 33.03977192450733, 0.0], [76.27382252658971, 33.03797242174058, 0.0], [76.27291364322683, 33.0370519776441, 0.0], [76.27204718305151, 33.03647419300099, 0.0], [76.27144804294957, 33.0361896048543, 0.0], [76.27085207374321, 33.03605593105337, 0.0], [76.2696929028397, 33.035795924279206, 0.0], [76.26798062781364, 33.03534369758811, 0.0], [76.26662684525729, 33.03509904356877, 0.0], [76.26464608789729, 33.03539937139428, 0.0], [76.2636180667644, 33.035628419241476, 0.0], [76.26357974173544, 33.03563894961409, 0.0], [76.26212958747641, 33.03603736556507, 0.0], [76.26148201595221, 33.03601875065394, 0.0], [76.26059378997111, 33.03575642483405, 0.0], [76.25895116034386, 33.03530409089361, 0.0], [76.25768353048896, 33.03468524557305, 0.0], [76.25664037086666, 33.0342560599367, 0.0], [76.25595540639179, 33.03410655961521, 0.0], [76.25535074831612, 33.03404734532844, 0.0], [76.2549709291271, 33.033835150533285, 0.0], [76.25404106927193, 33.0327928333192, 0.0], [76.25297726931083, 33.03181796588838, 0.0], [76.25173705747812, 33.03080688752119, 0.0], [76.25129863701142, 33.030477295591446, 0.0], [76.25074245963592, 33.03015672858713, 0.0], [76.2503412458604, 33.02998947002661, 0.0], [76.2499995937909, 33.0299227227653, 0.0], [76.24989190621585, 33.02989439785279, 0.0], [76.24905060886131, 33.02987801940862, 0.0], [76.24891566284086, 33.02980739503631, 0.0], [76.24810254349933, 33.02910100997015, 0.0], [76.24714858403382, 33.028155207540536, 0.0], [76.24623217021474, 33.027281448671374, 0.0], [76.24548097782129, 33.02584403059193, 0.0], [76.24503946658487, 33.02395092122923, 0.0], [76.24470615570765, 33.02281517686952, 0.0], [76.24406237650406, 33.02165709227631, 0.0], [76.24406145417848, 33.021656494797405, 0.0], [76.24277153150578, 33.02081977917317, 0.0], [76.2417278372968, 33.02069451606996, 0.0], [76.23963000496572, 33.020714562284525, 0.0], [76.23815327210252, 33.02082997060934, 0.0], [76.23782143748963, 33.02085590229472, 0.0], [76.236408692988, 33.02092934697755, 0.0], [76.23470147832458, 33.02087680064475, 0.0], [76.23209528523789, 33.02088803963971, 0.0], [76.23080566520098, 33.020992855391384, 0.0], [76.22930744896635, 33.02113389745755, 0.0], [76.2275845484242, 33.02137878084444, 0.0], [76.22620959358584, 33.02173161313786, 0.0], [76.22458871186814, 33.02230998666457, 0.0], [76.22312205512931, 33.0226084070118, 0.0], [76.22303175530394, 33.02262678012368, 0.0], [76.22226123539646, 33.022769398959085, 0.0], [76.22187598456057, 33.02284070361106, 0.0], [76.22149073323293, 33.02291200826791, 0.0], [76.22071476608531, 33.022876578290074, 0.0], [76.21929581775338, 33.022246458620636, 0.0], [76.2175074649174, 33.02130108800103, 0.0], [76.21699158495409, 33.02079366173632, 0.0], [76.21665560778173, 33.02046318557059, 0.0], [76.21565373600117, 33.01928715324605, 0.0], [76.21527394856308, 33.01883670769637, 0.0], [76.21442676840368, 33.017831894510074, 0.0], [76.21312003307315, 33.01679937435153, 0.0], [76.21309855500031, 33.016782403087156, 0.0], [76.21232767027513, 33.01644931736829, 0.0], [76.21118232202588, 33.01627427565055, 0.0], [76.20907388943466, 33.01621715314699, 0.0], [76.20585230755603, 33.01614712465382, 0.0], [76.20350293591717, 33.01599085567025, 0.0], [76.20196189790981, 33.01608201291654, 0.0], [76.20007312728411, 33.016362659332394, 0.0], [76.19847325358793, 33.01655301323088, 0.0], [76.19550918453001, 33.017239961586185, 0.0], [76.19374351435951, 33.01753854417296, 0.0], [76.19182791976519, 33.0178191423497, 0.0], [76.18964494249765, 33.018280126404285, 0.0], [76.18821109259729, 33.01873619632999, 0.0], [76.18679868871163, 33.01925987342959, 0.0], [76.18497964936472, 33.019928012004655, 0.0], [76.18325147899682, 33.02045185096813, 0.0], [76.18257677871406, 33.02054002607463, 0.0], [76.18148565267127, 33.020682616713096, 0.0], [76.18009410869035, 33.020543443362975, 0.0], [76.17832257129812, 33.020120480197996, 0.0], [76.1772733839527, 33.01968806296417, 0.0], [76.17633633942214, 33.018863491439745, 0.0], [76.17558679172443, 33.018128875319846, 0.0], [76.17412985181132, 33.015798674045456, 0.0], [76.17290354123755, 33.01406338241553, 0.0], [76.17219783999545, 33.01311370708145, 0.0], [76.1718217533713, 33.012607592061805, 0.0], [76.17076158107567, 33.01127804328014, 0.0], [76.17009235172253, 33.01052090111262, 0.0], [76.16874860718282, 33.00919588548346, 0.0], [76.16789748572857, 33.00856499476713, 0.0], [76.16608870356286, 33.008128311168974, 0.0], [76.16427991635439, 33.00767356198407, 0.0], [76.16267453727964, 33.00721869621735, 0.0], [76.16158674635203, 33.006944316715845, 0.0], [76.16033605839876, 33.00662883844135, 0.0], [76.15871467588138, 33.006453496861155, 0.0], [76.15736626675421, 33.00636814500651, 0.0], [76.15601262367147, 33.00647223831591, 0.0], [76.15277025257619, 33.006964391873275, 0.0], [76.14820616774635, 33.007353086388626, 0.0], [76.14602320057949, 33.00756535672574, 0.0], [76.14427887039864, 33.00774155021183, 0.0], [76.13994496057254, 33.0090450386163, 0.0], [76.13858992565747, 33.00930563808122, 0.0], [76.13792775840163, 33.009432981477445, 0.0], [76.13630646380128, 33.009590984047094, 0.0], [76.13520419827285, 33.00951893576213, 0.0], [76.13397884477905, 33.009063669970416, 0.0], [76.13198297481495, 33.00862647545711, 0.0], [76.13027964900132, 33.008177323467656, 0.0], [76.12829083572463, 33.007652863763916, 0.0], [76.12764877104293, 33.00754465774128, 0.0], [76.12671241512608, 33.00754472557241, 0.0], [76.12444900344101, 33.00784231118594, 0.0], [76.1235027271672, 33.00799042185662, 0.0], [76.12309526816253, 33.008054194839616, 0.0], [76.12189137449536, 33.00803615923793, 0.0], [76.12028609764482, 33.007878302347834, 0.0], [76.11858460163211, 33.007738424793494, 0.0], [76.11710240143776, 33.00767079275987, 0.0], [76.11651916979963, 33.007634611326885, 0.0], [76.11527254969636, 33.00721524799634, 0.0], [76.11316979128723, 33.006516324623476, 0.0], [76.11234939816475, 33.00631402428662, 0.0], [76.11232803663277, 33.00630875686819, 0.0], [76.11194447696818, 33.00621417381443, 0.0], [76.11007714588499, 33.006146280275175, 0.0], [76.10816160291236, 33.00609195601478, 0.0], [76.10749815639211, 33.00614601026672, 0.0], [76.10720382629665, 33.006055808278475, 0.0], [76.10712361417583, 33.00583039684494, 0.0], [76.10741312748766, 33.003008185895474, 0.0], [76.1079274399527, 32.99999997708715, 0.0], [76.10660078374515, 32.998122209526336, 0.0], [76.10560092713071, 32.99542606313064, 0.0], [76.1053710029998, 32.99486698377695, 0.0], [76.10407160671333, 32.991927235875046, 0.0], [76.10380430106319, 32.99119232946594, 0.0], [76.10588043191761, 32.989010580473995, 0.0], [76.10622294711081, 32.988438132052835, 0.0], [76.10630327024019, 32.98826225749056, 0.0], [76.10628750159437, 32.98687823328645, 0.0], [76.10545851465494, 32.98584118340577, 0.0], [76.1033675179955, 32.98326200224951, 0.0], [76.10304659004437, 32.982833695168814, 0.0], [76.10248540024364, 32.98115638368982, 0.0], [76.10206839963271, 32.9799886732907, 0.0], [76.10118108325919, 32.977648667815934, 0.0], [76.10084435421395, 32.976936282180624, 0.0], [76.10017607139287, 32.97534919719022, 0.0], [76.09908000626619, 32.97399641795659, 0.0], [76.0984762831349, 32.971534741448686, 0.0], [76.09686173914359, 32.96918548949276, 0.0], [76.09590464389065, 32.968400786125926, 0.0], [76.09516154807226, 32.967345680218386, 0.0], [76.09437064759868, 32.96561423615382, 0.0], [76.09415686845153, 32.965163318145116, 0.0], [76.09217868178806, 32.96333699361649, 0.0], [76.09101745247555, 32.96298925368986, 0.0], [76.09068669624013, 32.9628902040704, 0.0], [76.0890771928606, 32.96244793935573, 0.0], [76.08742535713415, 32.96221171130766, 0.0], [76.08670813471039, 32.962109136134586, 0.0], [76.08514118323967, 32.96193280295804, 0.0], [76.08316796672545, 32.96172028715047, 0.0], [76.08223749081161, 32.96156671800087, 0.0], [76.08253268669222, 32.959285494675534, 0.0], [76.08269379011679, 32.95790605753708, 0.0], [76.08329322091755, 32.956693472661556, 0.0], [76.08333092079053, 32.95617946967146, 0.0], [76.08330976990695, 32.95563846586105, 0.0], [76.0830157991522, 32.95524612909631, 0.0], [76.08265128351873, 32.9550669847434, 0.0], [76.08204281404488, 32.95476794361679, 0.0], [76.07909112570347, 32.95442880697985, 0.0], [76.07751266011698, 32.95407738739596, 0.0], [76.07712348417047, 32.9539907405237, 0.0], [76.0759257693913, 32.953733265003734, 0.0], [76.0734821575524, 32.953416767299025, 0.0], [76.07129546760429, 32.9527485908195, 0.0], [76.06831207434304, 32.95189967094405, 0.0], [76.0681303889475, 32.951728314402814, 0.0], [76.06744728449289, 32.94955487878486, 0.0], [76.06592984186176, 32.94775981411783, 0.0], [76.06550142825346, 32.94701701489378, 0.0], [76.06523020720148, 32.946546754257135, 0.0], [76.06500615328287, 32.945775665635644, 0.0], [76.06487024982911, 32.94533452645201, 0.0], [76.0647714077857, 32.945013688096125, 0.0], [76.06474475218971, 32.94486039868196, 0.0], [76.06467777462527, 32.94478374935183, 0.0], [76.06430039209741, 32.94435187310272, 0.0], [76.06354268704708, 32.94348474166296, 0.0], [76.06224437651686, 32.94202790110393, 0.0], [76.06177963717832, 32.94140542467883, 0.0], [76.06126132559528, 32.94094530662416, 0.0], [76.05982339929855, 32.940430663996935, 0.0], [76.05859932946423, 32.94009639321399, 0.0], [76.05714868178151, 32.939654823989635, 0.0], [76.05529048935169, 32.93908917672625, 0.0], [76.05449929883608, 32.938903914998804, 0.0], [76.05326440978719, 32.93879048821732, 0.0], [76.05061274537726, 32.93845986547205, 0.0], [76.04874715516573, 32.93799893010103, 0.0], [76.04548068367943, 32.93767678490961, 0.0], [76.04541220094195, 32.93766463174272, 0.0], [76.04293087070259, 32.937224280273256, 0.0], [76.0406322364874, 32.93678099667876, 0.0], [76.03882608382253, 32.93575179673156, 0.0], [76.0374638243015, 32.93468235484015, 0.0], [76.03523121246451, 32.932525730513284, 0.0], [76.03435527301473, 32.931740678210225, 0.0], [76.03410437290772, 32.931384305409146, 0.0], [76.03343248842344, 32.92963910629376, 0.0], [76.03328875358372, 32.92911596913442, 0.0], [76.03200262084205, 32.926905902613754, 0.0], [76.031885601913, 32.926315254355075, 0.0], [76.03200916115345, 32.92577430437022, 0.0], [76.03317695432206, 32.92339919123477, 0.0], [76.03333843980226, 32.92230374459818, 0.0], [76.03313621025185, 32.92137492482547, 0.0], [76.03204692057983, 32.92022892775768, 0.0], [76.03086707789937, 32.918879997572816, 0.0], [76.02876816535728, 32.91712019098519, 0.0], [76.02722719165018, 32.915743232211675, 0.0], [76.02718751295077, 32.915707776452834, 0.0], [76.02662621007848, 32.91556839878232, 0.0], [76.02629511060728, 32.91548618158755, 0.0], [76.02427501282415, 32.9151599957407, 0.0], [76.02260768631753, 32.91478443829677, 0.0], [76.02187564832916, 32.91459451271647, 0.0], [76.01789533918497, 32.913103345547135, 0.0], [76.01636817192313, 32.91183963349536, 0.0], [76.01545430925964, 32.91169011421692, 0.0], [76.01385189948552, 32.910818537097605, 0.0], [76.01304011444348, 32.91033542662369, 0.0], [76.01240490471864, 32.90970367615791, 0.0], [76.01202032620175, 32.90946442469675, 0.0], [76.01014490849339, 32.908971320413926, 0.0], [76.00911907746132, 32.90870431675161, 0.0], [76.00875593544303, 32.908496632674535, 0.0], [76.00824894640847, 32.90792804681236, 0.0], [76.00775819160502, 32.90720626009361, 0.0], [76.00626339286904, 32.90586134140019, 0.0], [76.00524926503206, 32.90482796839713, 0.0], [76.00381514010779, 32.90309873255332, 0.0], [76.00381125825697, 32.903094051869765, 0.0], [76.00355787975789, 32.90278852691516, 0.0], [76.00247966992136, 32.901745992637316, 0.0], [76.00233572570606, 32.90151596496608, 0.0], [75.999999870959, 32.90187580519837, 0.0], [75.99895199753966, 32.902035536815895, 0.0], [75.99883804817019, 32.901752499738826, 0.0], [75.99774446483204, 32.90006659537298, 0.0], [75.99676727013231, 32.89949813217469, 0.0], [75.99651423437186, 32.89935093173558, 0.0], [75.99471794628629, 32.89887031078885, 0.0], [75.99179937598046, 32.89836366396311, 0.0], [75.99174808493284, 32.898361003326485, 0.0], [75.99094427725501, 32.898319300792636, 0.0], [75.98942093519051, 32.89814041291532, 0.0], [75.98875266999724, 32.897965210076876, 0.0], [75.9863788119649, 32.897160346645336, 0.0], [75.98572078330814, 32.89655677746097, 0.0], [75.98457064775548, 32.895597544754054, 0.0], [75.98267905495588, 32.89572986596196, 0.0], [75.9812353698182, 32.89509997323707, 0.0], [75.98030951239497, 32.89399615377701, 0.0], [75.97921200963879, 32.89229294062653, 0.0], [75.97828553817246, 32.890602990541176, 0.0], [75.97718257593836, 32.8886968504047, 0.0], [75.97606919644029, 32.88701610045596, 0.0], [75.97555595184117, 32.88677304693901, 0.0], [75.97536859277842, 32.88648460568261, 0.0], [75.97357356221914, 32.886779116099646, 0.0], [75.97300705887693, 32.8867389660264, 0.0], [75.97184692220924, 32.88618089949894, 0.0], [75.96970833445862, 32.885046368330315, 0.0], [75.9683609263059, 32.8841817770555, 0.0], [75.96698122133229, 32.88308723116937, 0.0], [75.96671373377309, 32.882789924326985, 0.0], [75.96607165792662, 32.881920214942184, 0.0], [75.96496574033014, 32.882074335961214, 0.0], [75.96443130363676, 32.88191240039582, 0.0], [75.96405697978574, 32.88166922009505, 0.0], [75.96319041874294, 32.88062840173999, 0.0], [75.96242561311563, 32.87992107669195, 0.0], [75.96119130583709, 32.879894849872, 0.0], [75.96050699873479, 32.879403915047014, 0.0], [75.95887026330662, 32.87753408435656, 0.0], [75.95753918158614, 32.87679552882578, 0.0], [75.95571657803913, 32.876151998651764, 0.0], [75.9536856695982, 32.87536886652602, 0.0], [75.95288900110847, 32.87472919369166, 0.0], [75.95268238142776, 32.87460144435026, 0.0], [75.95140290925418, 32.8738103602102, 0.0], [75.95010915701656, 32.87283276972594, 0.0], [75.94881641032201, 32.873000433588935, 0.0], [75.94766836101445, 32.87375852311823, 0.0], [75.94543109987782, 32.87540537693654, 0.0], [75.94419238168766, 32.87651969078948, 0.0], [75.94286795463266, 32.877255254332056, 0.0], [75.94105751117417, 32.878279676986224, 0.0], [75.93927424570875, 32.88011107360719, 0.0], [75.93829198863827, 32.881229716156, 0.0], [75.93529070206142, 32.883602642331255, 0.0], [75.93421740139905, 32.88454992330809, 0.0], [75.93155769597718, 32.886598012521674, 0.0], [75.92827338711315, 32.88979153898388, 0.0], [75.92718950799231, 32.89122565061627, 0.0], [75.92590275374505, 32.89311974300061, 0.0], [75.92556114936643, 32.893827730223514, 0.0], [75.92508096742871, 32.89501814065212, 0.0], [75.92396489290624, 32.8964928722196, 0.0], [75.92223988910109, 32.89871172948681, 0.0], [75.92212826393826, 32.899856925386814, 0.0], [75.92173921792485, 32.90179116559266, 0.0], [75.92115729383576, 32.902923049260686, 0.0], [75.91982224970953, 32.90515974567969, 0.0], [75.91886057851993, 32.9057642138288, 0.0], [75.91743918139454, 32.90621104219638, 0.0], [75.91696899354751, 32.90649970555061, 0.0], [75.91611399799548, 32.906937312722725, 0.0], [75.91548343321786, 32.90707281213136, 0.0], [75.91456939229397, 32.90693788775451, 0.0], [75.91293378208, 32.906708466874385, 0.0], [75.9115021318643, 32.90824627713617, 0.0], [75.90970667657054, 32.909337791531776, 0.0], [75.90821044021632, 32.91003708016112, 0.0], [75.90582180525813, 32.91143979963218, 0.0], [75.90384996710942, 32.91279282682694, 0.0], [75.90340092162242, 32.912707225535556, 0.0], [75.90197894153081, 32.91226126035856, 0.0], [75.90144451508333, 32.91232897752084, 0.0], [75.89913547963944, 32.91220778102805, 0.0], [75.89848871899248, 32.91230254185554, 0.0], [75.89679439753311, 32.91264096402909, 0.0], [75.89622789137846, 32.91279439837478, 0.0], [75.89517504311918, 32.9131191784342, 0.0], [75.89353957048951, 32.91383624698081, 0.0], [75.89197356358456, 32.91447676060849, 0.0], [75.89045552607314, 32.9142605496546, 0.0], [75.88874519360188, 32.91454476656259, 0.0], [75.88749979599037, 32.91515804882278, 0.0], [75.88662866294356, 32.9155233189502, 0.0], [75.8857627372796, 32.91601482700391, 0.0], [75.88469918745108, 32.91728182933743, 0.0], [75.88327746465689, 32.91867952944507, 0.0], [75.88209080668308, 32.91898169285653, 0.0], [75.88035356273811, 32.91866615248029, 0.0], [75.87912409764597, 32.91881497692573, 0.0], [75.87679360468356, 32.91948232509659, 0.0], [75.8759062762149, 32.92019914648099, 0.0], [75.87531287750296, 32.92099715922303, 0.0], [75.87365577018898, 32.92323336993384, 0.0], [75.87300361773524, 32.923846509797166, 0.0], [75.87104707744444, 32.92331444752729, 0.0], [75.86856136522793, 32.922913125465506, 0.0], [75.86707533760118, 32.922764330209006, 0.0], [75.86565338575267, 32.92291300558598, 0.0], [75.86411374211892, 32.9235305301863, 0.0], [75.86180432983267, 32.924179504103975, 0.0], [75.8593343831944, 32.925396540696084, 0.0], [75.85723883732435, 32.92549545024042, 0.0], [75.85522346988212, 32.92568000703768, 0.0], [75.85490808081933, 32.925648429436635, 0.0], [75.85242238412376, 32.924980784662516, 0.0], [75.85184510989902, 32.9249310506493, 0.0], [75.85161255229667, 32.92497537935132, 0.0], [75.84993114666237, 32.92529586481869, 0.0], [75.84953552867576, 32.92550317475405, 0.0], [75.84913990930865, 32.92571048362394, 0.0], [75.84883046362727, 32.92595069278208, 0.0], [75.84874639711668, 32.92601595005067, 0.0], [75.84819342658554, 32.926445192112155, 0.0], [75.84641288363353, 32.92777482618507, 0.0], [75.84581930772642, 32.928193948972684, 0.0], [75.84518843627644, 32.928459799085275, 0.0], [75.84368632504159, 32.92807622234165, 0.0], [75.84248366061276, 32.92782347549746, 0.0], [75.841453688671, 32.92765703935341, 0.0], [75.84114187223304, 32.927606650285554, 0.0], [75.84054836666209, 32.92774179568108, 0.0], [75.83892842874322, 32.92803888782161, 0.0], [75.83770424220998, 32.928020489726904, 0.0], [75.83708957687085, 32.92777231697298, 0.0], [75.83661430632311, 32.926640591660885, 0.0], [75.83597313522921, 32.925824414974905, 0.0], [75.83462097964943, 32.925125104500516, 0.0], [75.83368564570586, 32.92457480783602, 0.0], [75.83263817238941, 32.92402894843636, 0.0], [75.83163911635519, 32.92286091312627, 0.0], [75.83135065988616, 32.92231080203669, 0.0], [75.83119077420811, 32.921350412568806, 0.0], [75.83119126248339, 32.920304439196734, 0.0], [75.830726611856, 32.91946126156621, 0.0], [75.82874435181435, 32.91779686103466, 0.0], [75.8278894292475, 32.91710680562578, 0.0], [75.82670906688344, 32.91542470050074, 0.0], [75.82521927689092, 32.91266040790649, 0.0], [75.82427391390722, 32.911307492961846, 0.0], [75.82316282560126, 32.91034677509072, 0.0], [75.82144012744877, 32.909341524683605, 0.0], [75.82017070583773, 32.908600751783666, 0.0], [75.81895279322364, 32.907527222268236, 0.0], [75.8188839726072, 32.90638202649223, 0.0], [75.81926964635099, 32.905020616221144, 0.0], [75.81913628058295, 32.90464634242205, 0.0], [75.81802098763744, 32.901864167707124, 0.0], [75.8171461706696, 32.89936607699676, 0.0], [75.81473237420057, 32.8966778588939, 0.0], [75.81399583574326, 32.895325032752616, 0.0], [75.81326455728976, 32.89397207767662, 0.0], [75.81265237795934, 32.893188155445465, 0.0], [75.81259188866017, 32.89311069615558, 0.0], [75.80942935512486, 32.89172496479637, 0.0], [75.80900727185815, 32.891584997134856, 0.0], [75.80699402354453, 32.889843674200044, 0.0], [75.8055083726608, 32.889143108071714, 0.0], [75.80536962334632, 32.889077678591875, 0.0], [75.80487863967991, 32.88884614652304, 0.0], [75.80461345915712, 32.88870029282368, 0.0], [75.80454967602388, 32.888665211467796, 0.0], [75.80194105702721, 32.88723038278964, 0.0], [75.80068075696528, 32.88622432000122, 0.0], [75.79993876526774, 32.8853492404538, 0.0], [75.79901481016128, 32.884852722409086, 0.0], [75.79715884181847, 32.884451672967906, 0.0], [75.79651348983545, 32.884312215115514, 0.0], [75.79643054215215, 32.88429429071711, 0.0], [75.79625281264866, 32.88425588374585, 0.0], [75.79713314495983, 32.88341130435175, 0.0], [75.79725183180294, 32.88329743624733, 0.0], [75.79737051838666, 32.88318356892793, 0.0], [75.79858936373961, 32.88241340562679, 0.0], [75.8004337137518, 32.88125578160082, 0.0], [75.80129999826194, 32.880467282166485, 0.0], [75.80335842856312, 32.87876883496658, 0.0], [75.80557689868739, 32.87734083213055, 0.0], [75.8059780377388, 32.87680461387053, 0.0], [75.8063205913092, 32.876020265105076, 0.0], [75.80633208778802, 32.87489320875951, 0.0], [75.80674400363245, 32.874262206137836, 0.0], [75.8076531948161, 32.87297330705349, 0.0], [75.80786388234333, 32.8725244544865, 0.0], [75.808300623646, 32.87159399708932, 0.0], [75.8086216372325, 32.87100804481665, 0.0], [75.80946697066793, 32.86930885589846, 0.0], [75.80954856961655, 32.86736122875491, 0.0], [75.8096988557839, 32.866315266228014, 0.0], [75.80998277259809, 32.86535512156057, 0.0], [75.81026722398227, 32.863443703014966, 0.0], [75.81028934961553, 32.86239775777277, 0.0], [75.81041819855953, 32.86158176756162, 0.0], [75.81083038926684, 32.86033313916508, 0.0], [75.81143368022393, 32.86055433528477, 0.0], [75.81143382122355, 32.86055433700591, 0.0], [75.81143390199585, 32.860554367205964, 0.0], [75.81276397222007, 32.86057757417699, 0.0], [75.81365087012763, 32.86028947699225, 0.0], [75.81435612461803, 32.860100425660676, 0.0], [75.81586838200681, 32.85936174034674, 0.0], [75.81692638522105, 32.858785178603, 0.0], [75.8169264982041, 32.85878511963613, 0.0], [75.81717807914306, 32.85796922300504, 0.0], [75.81724810826331, 32.856923324209504, 0.0], [75.81729649667949, 32.85645440779399, 0.0], [75.81781528167532, 32.85544472356793, 0.0], [75.81832839088885, 32.854935515415, 0.0], [75.81868116779435, 32.85457501547521, 0.0], [75.81868200264698, 32.8531998796165, 0.0], [75.8186236232019, 32.85273102991466, 0.0], [75.81992153152626, 32.85284881476842, 0.0], [75.82189304702993, 32.851821647449285, 0.0], [75.82378448002024, 32.850875707976265, 0.0], [75.82465985899876, 32.850357091380424, 0.0], [75.8248263581018, 32.85025844713006, 0.0], [75.8252964234311, 32.8501053417903, 0.0], [75.82636482361919, 32.85001106494212, 0.0], [75.82797324055548, 32.84850587443418, 0.0], [75.82833665774594, 32.848158807061175, 0.0], [75.82967809654353, 32.846644447213244, 0.0], [75.82997740376489, 32.84618468695399, 0.0], [75.82987643062242, 32.84502598917942, 0.0], [75.83177775289153, 32.845256550334184, 0.0], [75.83268575615334, 32.84518024362464, 0.0], [75.83314921987628, 32.84485167896679, 0.0], [75.83314928613706, 32.844851631544046, 0.0], [75.83318797176351, 32.84482421086899, 0.0], [75.83351913455593, 32.84464395304913, 0.0], [75.83473652693263, 32.84491488407551, 0.0], [75.83473655854166, 32.84491487304967, 0.0], [75.83473674868156, 32.84491491596732, 0.0], [75.83538317345028, 32.844703137566526, 0.0], [75.83706565035052, 32.84432946223873, 0.0], [75.8398860289404, 32.84351426132549, 0.0], [75.84046822500237, 32.843428719287, 0.0], [75.84023872375239, 32.84300035750844, 0.0], [75.84044742750426, 32.84195901737177, 0.0], [75.84059181403384, 32.84146310860422, 0.0], [75.84173006790088, 32.83960135475615, 0.0], [75.84242481488022, 32.838267011735965, 0.0], [75.84243571241558, 32.83768991527886, 0.0], [75.84310866835172, 32.83756839193183, 0.0], [75.84428896043212, 32.83741538975232, 0.0], [75.84548555274058, 32.836356187324654, 0.0], [75.84589171709904, 32.83548163944275, 0.0], [75.84608401648991, 32.83507154358499, 0.0], [75.84666577034325, 32.835973205222274, 0.0], [75.84700753323447, 32.83626179457172, 0.0], [75.84700764010005, 32.8362618172267, 0.0], [75.84818761864888, 32.836482911169654, 0.0], [75.8481878391516, 32.83648294755798, 0.0], [75.84972589129416, 32.83628038388549, 0.0], [75.85036146800988, 32.836073112814255, 0.0], [75.85127486818874, 32.83527528999117, 0.0], [75.85265821099769, 32.83438288584753, 0.0], [75.85352368492384, 32.833337047655505, 0.0], [75.85441027295631, 32.832512144121345, 0.0], [75.85517415682213, 32.8317728625924, 0.0], [75.8560714724525, 32.83048802407099, 0.0], [75.85710759747944, 32.829942697600316, 0.0], [75.85731434456608, 32.82903337817471, 0.0], [75.85733208658401, 32.828955342511385, 0.0], [75.8574122400289, 32.82849097405782, 0.0], [75.8588116181224, 32.82706196058524, 0.0], [75.8594471788574, 32.82648490531898, 0.0], [75.86111876454775, 32.82478537548047, 0.0], [75.86209602316383, 32.824172401080425, 0.0], [75.86237909083019, 32.82374857583951, 0.0], [75.86289178841201, 32.822810820084, 0.0], [75.86379973324259, 32.82150799350695, 0.0], [75.86420019274209, 32.82130516117703, 0.0], [75.86502782257391, 32.820845367031936, 0.0], [75.86563123612866, 32.82029980281362, 0.0], [75.86567407397953, 32.81962804204358, 0.0], [75.86548189550756, 32.81885706066025, 0.0], [75.86538067568668, 32.81702214730092, 0.0], [75.86563178846873, 32.815466677905476, 0.0], [75.86563178852967, 32.815466645186106, 0.0], [75.86558370966547, 32.81510151161787, 0.0], [75.86549302761999, 32.81474980885779, 0.0], [75.86535418414897, 32.814267375804825, 0.0], [75.86503937018243, 32.81338367043909, 0.0], [75.86586668815379, 32.813550574142866, 0.0], [75.86586680578837, 32.81355059614568, 0.0], [75.8668491637033, 32.8137219263472, 0.0], [75.86684928010499, 32.81372195286339, 0.0], [75.86854176317449, 32.81370399958359, 0.0], [75.87018088934903, 32.813253242898774, 0.0], [75.87135009382727, 32.812833969045215, 0.0], [75.87185198558934, 32.81259955758206, 0.0], [75.87222570881326, 32.81241023100693, 0.0], [75.87312795276456, 32.81258152732435, 0.0], [75.87312807043104, 32.812581548413974, 0.0], [75.87362442564648, 32.81266718435604, 0.0], [75.87362454204867, 32.81266721086756, 0.0], [75.87541314082964, 32.812725796461, 0.0], [75.87709491663306, 32.81239218518873, 0.0], [75.87856309184603, 32.81166171791521, 0.0], [75.87908632592088, 32.81121082290335, 0.0], [75.8795080342815, 32.81046243100458, 0.0], [75.8797801856076, 32.809236115912064, 0.0], [75.88094931360538, 32.8077797907194, 0.0], [75.88115753576531, 32.80745964161175, 0.0], [75.88134967358637, 32.80681947746723, 0.0], [75.88155779347848, 32.806521878797135, 0.0], [75.88259879389334, 32.80580041474058, 0.0], [75.88261478456627, 32.80546231509278, 0.0], [75.8826360969853, 32.80507907590981, 0.0], [75.8821822601582, 32.80415932570854, 0.0], [75.8825132149563, 32.80358222541656, 0.0], [75.8842052542904, 32.80193203704139, 0.0], [75.88423192972841, 32.80167053329015, 0.0], [75.8839596985062, 32.801143058793585, 0.0], [75.88344708837474, 32.80007904264048, 0.0], [75.8834790292858, 32.79911870530593, 0.0], [75.88401268104185, 32.798122263640714, 0.0], [75.88426351594782, 32.79737388842577, 0.0], [75.88494662153471, 32.79562897208011, 0.0], [75.88562959500162, 32.79388414208729, 0.0], [75.88580031431111, 32.79324394162002, 0.0], [75.88511696674641, 32.79162991285458, 0.0], [75.88493536111034, 32.79124666378161, 0.0], [75.88493535051465, 32.79092211570695, 0.0], [75.88525553861923, 32.7899978052928, 0.0], [75.885319513705, 32.7897182668046, 0.0], [75.88545825609495, 32.788933788197994, 0.0], [75.88480686299447, 32.78768494016989, 0.0], [75.8849188000645, 32.78594017644106, 0.0], [75.88506796390118, 32.78421336969239, 0.0], [75.88544140680658, 32.782878801653, 0.0], [75.88582031414248, 32.78224759203785, 0.0], [75.88667411896292, 32.78120151674049, 0.0], [75.8875600090038, 32.78045296709142, 0.0], [75.88868599685898, 32.77963677044233, 0.0], [75.88957183319668, 32.779406794080025, 0.0], [75.88957188856163, 32.77940677999171, 0.0], [75.89027616593715, 32.7785996058987, 0.0], [75.8905148179328, 32.77836150300689, 0.0], [75.89204778979028, 32.77683202437569, 0.0], [75.89308296274866, 32.77611502573626, 0.0], [75.89383003733714, 32.77574969919908, 0.0], [75.89460365322273, 32.77502824015058, 0.0], [75.89504659897024, 32.77478920300192, 0.0], [75.89555888160314, 32.7750010858275, 0.0], [75.89590197490143, 32.77504862375047, 0.0], [75.89598058695172, 32.77505953259349, 0.0], [75.89621545438962, 32.77507760625812, 0.0], [75.89650358962886, 32.77492418481546, 0.0], [75.89665821918456, 32.77461765302089, 0.0], [75.89661536533526, 32.77366632408663, 0.0], [75.89658316924151, 32.773138779801556, 0.0], [75.89635334785117, 32.77172767367345, 0.0], [75.89644388394561, 32.77114152151913, 0.0], [75.89730813096303, 32.77000978742163, 0.0], [75.89795361002164, 32.76916655020426, 0.0], [75.8991806473489, 32.76789040516022, 0.0], [75.90013565699934, 32.76725447546468, 0.0], [75.90260067685358, 32.76592844401276, 0.0], [75.90367842054276, 32.765535961605764, 0.0], [75.90478278014231, 32.76477822839897, 0.0], [75.90552954328774, 32.76382670004864, 0.0], [75.90699628685847, 32.76210855733729, 0.0], [75.90860729486857, 32.76074655448242, 0.0], [75.90907668989948, 32.7602730146471, 0.0], [75.9103352946201, 32.758622551718446, 0.0], [75.91064456147508, 32.75829783086773, 0.0], [75.91194069656831, 32.757192894961705, 0.0], [75.91239394317523, 32.75655249527832, 0.0], [75.91339118459346, 32.755285281616175, 0.0], [75.9138018617291, 32.75481630127861, 0.0], [75.91488996859471, 32.75397281586331, 0.0], [75.91546071839619, 32.75365708838681, 0.0], [75.91605254157969, 32.75287684068615, 0.0], [75.91633584629741, 32.752319554914294, 0.0], [75.91649495059005, 32.75200657972355, 0.0], [75.91735895026493, 32.75122631989724, 0.0], [75.91784961212048, 32.750878965567416, 0.0], [75.91872963338587, 32.750247413160345, 0.0], [75.91873808158792, 32.750000018861456, 0.0], [75.91880073204428, 32.74999033300502, 0.0], [75.91883646052798, 32.74985428960253, 0.0], [75.91925200854135, 32.74948720104901, 0.0], [75.91954520065642, 32.74916248533455, 0.0], [75.91985987839571, 32.74885123282691, 0.0], [75.92030792715656, 32.748607643330956, 0.0], [75.9208678656571, 32.74813853640643, 0.0], [75.92135313248802, 32.7477055159525, 0.0], [75.9217474996808, 32.74717339736419, 0.0], [75.92190748773928, 32.74679905289315, 0.0], [75.92211521438499, 32.746199391127895, 0.0], [75.92229089004222, 32.74533819781252, 0.0], [75.9221945446563, 32.74489637237846, 0.0], [75.9223918725333, 32.74463477607673, 0.0], [75.92259968997718, 32.74417934727608, 0.0], [75.9228555282075, 32.74386815928474, 0.0], [75.92295145154027, 32.743678748604495, 0.0], [75.92296739506284, 32.74354801801434, 0.0], [75.92291923537748, 32.74331808515107, 0.0], [75.92266298427087, 32.74295744807624, 0.0], [75.92217178232342, 32.74237609927831, 0.0], [75.9221033684175, 32.74231688673866, 0.0], [75.92210325571413, 32.74205448983001, 0.0], [75.92161747385222, 32.7413286241384, 0.0], [75.92159509259513, 32.74117252736308, 0.0], [75.92150939155783, 32.74058187899835, 0.0], [75.92144520019288, 32.740266370968534, 0.0], [75.92134906357305, 32.73993720700692, 0.0], [75.92125807072573, 32.739423269965044, 0.0], [75.92109247181432, 32.738877858352645, 0.0], [75.92096425467315, 32.73852168801984, 0.0], [75.9208252836754, 32.7381159847711, 0.0], [75.92071313389775, 32.73782743906609, 0.0], [75.92063299279019, 32.737579519239624, 0.0], [75.92048347625355, 32.737299996677194, 0.0], [75.92015252659174, 32.73691689986614, 0.0], [75.91972023892639, 32.73643469200474, 0.0], [75.91929320348842, 32.73597499420742, 0.0], [75.91896234498171, 32.73564141520187, 0.0], [75.91862070798759, 32.73527634300083, 0.0], [75.91844457298932, 32.73506448401248, 0.0], [75.91835379392691, 32.73490224306203, 0.0], [75.9183270879929, 32.734816565431366, 0.0], [75.91833241377239, 32.73472190380239, 0.0], [75.91838563428477, 32.734541559669246, 0.0], [75.91847088794457, 32.734383711572995, 0.0], [75.91854553448628, 32.73425291176173, 0.0], [75.91868947571504, 32.734135675659225, 0.0], [75.91875346225795, 32.73399584340366, 0.0], [75.91876938842864, 32.733810991703436, 0.0], [75.91876910626895, 32.73334662954652, 0.0], [75.91871021295181, 32.73296342895635, 0.0], [75.91864606965855, 32.73252614456353, 0.0], [75.9185444098005, 32.73198955142409, 0.0], [75.91847025399069, 32.73165341004283, 0.0], [75.91847096861333, 32.73082241470378, 0.0], [75.91839949066872, 32.73025285646231, 0.0], [75.91840488507871, 32.73022683832733, 0.0], [75.91846344509923, 32.72997429207695, 0.0], [75.9185592674073, 32.72960908117604, 0.0], [75.91865507573152, 32.729252889020785, 0.0], [75.91871894612798, 32.72905000624667, 0.0], [75.9187562424093, 32.72884704708427, 0.0], [75.91879338778631, 32.72863966933742, 0.0], [75.91880398835168, 32.728414265038516, 0.0], [75.91876128322184, 32.72825645220068, 0.0], [75.91866517467143, 32.72809415936671, 0.0], [75.91855847647126, 32.727981465949824, 0.0], [75.91846233355132, 32.72777416332006, 0.0], [75.91840350915763, 32.727553236526155, 0.0], [75.91836078169459, 32.72730982080213, 0.0], [75.91828595592152, 32.72715197240872, 0.0], [75.91816859936904, 32.726998766064355, 0.0], [75.9179070966321, 32.72679592055838, 0.0], [75.91746425045763, 32.72651655598532, 0.0], [75.91722409357314, 32.72631373381494, 0.0], [75.91698929939626, 32.72606134971985, 0.0], [75.91672777373381, 32.725709757060216, 0.0], [75.91625278050917, 32.7250201096431, 0.0], [75.91594321381966, 32.7245197608449, 0.0], [75.91574570245969, 32.724280903528175, 0.0], [75.91556959398302, 32.724037469174135, 0.0], [75.91546283262973, 32.72377151820143, 0.0], [75.91535066288118, 32.72355061911783, 0.0], [75.91522794596084, 32.72335225638583, 0.0], [75.9149931028998, 32.723072807690215, 0.0], [75.91464627497919, 32.72275737337487, 0.0], [75.91456515166796, 32.7226934175273, 0.0], [75.91443669700212, 32.722422895343776, 0.0], [75.91286921090102, 32.721199560909504, 0.0], [75.91286917653028, 32.721199528245954, 0.0], [75.9126453583191, 32.72094552377772, 0.0], [75.91237857706967, 32.720630040390176, 0.0], [75.9121171319422, 32.72031451896743, 0.0], [75.9117595905507, 32.71994034116094, 0.0], [75.91131139793607, 32.71957079007902, 0.0], [75.91094322410513, 32.71921021795856, 0.0], [75.91059111894232, 32.718876679259964, 0.0], [75.91020699043872, 32.71852063986303, 0.0], [75.90992414346807, 32.71821861863032, 0.0], [75.90950273368895, 32.717826496040196, 0.0], [75.90916117394822, 32.71747943686663, 0.0], [75.90889446114765, 32.717326220607994, 0.0], [75.90836634163875, 32.71703778928791, 0.0], [75.90800358463005, 32.716798943830405, 0.0], [75.90764619354698, 32.71660515852825, 0.0], [75.90726744973111, 32.71635731587343, 0.0], [75.90695274601174, 32.71606886704416, 0.0], [75.90672860367286, 32.71573529338585, 0.0], [75.90658976323431, 32.71537458302661, 0.0], [75.90647226660043, 32.71498241724236, 0.0], [75.90642957735109, 32.71473890609754, 0.0], [75.90641348888767, 32.71444586273352, 0.0], [75.90642931727825, 32.71420689011467, 0.0], [75.90649860145074, 32.71399946353467, 0.0], [75.9065998651534, 32.71377854476217, 0.0], [75.90665852217546, 32.71367032811351, 0.0], [75.90667442549248, 32.71348096700924, 0.0], [75.90663166197787, 32.713187935496876, 0.0], [75.90651424014597, 32.71290843278588, 0.0], [75.90630077945026, 32.71254330004166, 0.0], [75.90601267602956, 32.71221424537415, 0.0], [75.9054898384973, 32.7115786617654, 0.0], [75.90511640420114, 32.711145946974796, 0.0], [75.90470556639971, 32.71074922065977, 0.0], [75.90452421043598, 32.71051933823514, 0.0], [75.90446112591862, 32.710418385226106, 0.0], [75.90448106385065, 32.71016508211322, 0.0], [75.90452403411616, 32.71010007500953, 0.0], [75.90472129733028, 32.70977085279447, 0.0], [75.90481183036596, 32.709554433680694, 0.0], [75.90485972968206, 32.709374132317585, 0.0], [75.90488100328155, 32.70913512097825, 0.0], [75.90482765288135, 32.70889168675743, 0.0], [75.90461419215178, 32.70853557008368, 0.0], [75.90375530916295, 32.70759345617555, 0.0], [75.90306709352261, 32.70680462475998, 0.0], [75.90263496744592, 32.70633579129951, 0.0], [75.90226160098285, 32.7058850259838, 0.0], [75.90188814769186, 32.70542523958227, 0.0], [75.90168546480507, 32.705109722484266, 0.0], [75.90158942877996, 32.70493839575079, 0.0], [75.90139733009192, 32.70455063926646, 0.0], [75.90130110679947, 32.70427566916336, 0.0], [75.90123715883202, 32.70405928005735, 0.0], [75.90123176938992, 32.703820279409314, 0.0], [75.90119430509074, 32.70350023659003, 0.0], [75.90114080079111, 32.703261310997476, 0.0], [75.90108751627757, 32.70310798791184, 0.0], [75.90093287843614, 32.70298633169, 0.0], [75.90067691670774, 32.7028781222851, 0.0], [75.90035692642822, 32.70281060223251, 0.0], [75.9000636353347, 32.70275651117704, 0.0], [75.89982899739903, 32.70265743717298, 0.0], [75.8997916255676, 32.70262992758191, 0.0], [75.8993574274265, 32.701762665955066, 0.0], [75.89933808566435, 32.70158898062305, 0.0], [75.89928466779715, 32.70130495275143, 0.0], [75.89916189597494, 32.70096675854576, 0.0], [75.89898054243933, 32.700488897606334, 0.0], [75.8989004073592, 32.70023194109604, 0.0], [75.89879910744615, 32.69993887386788, 0.0], [75.89879898129762, 32.69971345702933, 0.0], [75.89879889580553, 32.6994068561505, 0.0], [75.89878281608588, 32.699154401575065, 0.0], [75.8986548481156, 32.69886134503596, 0.0], [75.89846805090923, 32.69859541009822, 0.0], [75.89831342227414, 32.69835648687312, 0.0], [75.89808941587732, 32.698049955600666, 0.0], [75.89783867054622, 32.69781099781002, 0.0], [75.89755605822972, 32.6977028818295, 0.0], [75.89741311134803, 32.69762113470159, 0.0], [75.89737570713268, 32.697536845113454, 0.0], [75.89836634276735, 32.696534823590156, 0.0], [75.89873943879144, 32.696359126051355, 0.0], [75.89909124495973, 32.69613362165193, 0.0], [75.89930454780229, 32.695926157398326, 0.0], [75.8994963999138, 32.69566463492053, 0.0], [75.89967217903278, 32.69547069934654, 0.0], [75.8999281682337, 32.695105433424935, 0.0], [75.90014134803518, 32.694726672149315, 0.0], [75.90029053355576, 32.69437047075581, 0.0], [75.90038636952316, 32.69396016867522, 0.0], [75.90045552374038, 32.693527326009146, 0.0], [75.9004448012316, 32.69317118929888, 0.0], [75.90041271118277, 32.69298181176388, 0.0], [75.90036990818489, 32.692787911602366, 0.0], [75.90024727195697, 32.69255805108513, 0.0], [75.89990057951653, 32.692143256867766, 0.0], [75.89961259509981, 32.691827715914464, 0.0], [75.89943129252575, 32.691597823803335, 0.0], [75.89931927113716, 32.69145809032315, 0.0], [75.8992658835622, 32.6913679088958, 0.0], [75.8992339058123, 32.691295794627166, 0.0], [75.8992552256954, 32.69115600668666, 0.0], [75.89930843869851, 32.69089899548119, 0.0], [75.89937768489646, 32.690624010305115, 0.0], [75.8994416101329, 32.69037152308719, 0.0], [75.8994522111629, 32.69014151781157, 0.0], [75.89942015193022, 32.68984849550785, 0.0], [75.8993560741067, 32.68956445270105, 0.0], [75.89918535701953, 32.68929398335073, 0.0], [75.8990254066076, 32.6890866692963, 0.0], [75.89872140279714, 32.68878910155623, 0.0], [75.89851331316595, 32.68848254645472, 0.0], [75.89833204077756, 32.68832932642249, 0.0], [75.89821050002118, 32.68821461613319, 0.0], [75.89803952088214, 32.687976238965646, 0.0], [75.89802802906118, 32.68789203058454, 0.0], [75.89805468420494, 32.687752294586545, 0.0], [75.8981239394279, 32.68753134153239, 0.0], [75.89817716240536, 32.6873284530816, 0.0], [75.8981877427326, 32.68717061152543, 0.0], [75.89816112508811, 32.68702638548944, 0.0], [75.89803844838974, 32.68685506488429, 0.0], [75.89778242245443, 32.68657555236662, 0.0], [75.89750509464136, 32.68619236713757, 0.0], [75.89731843462435, 32.68592642937361, 0.0], [75.89722235806711, 32.68570548558469, 0.0], [75.89719009121414, 32.68551860286511, 0.0], [75.89729376728212, 32.68475749321261, 0.0], [75.89731813218516, 32.684691092092585, 0.0], [75.89750457906801, 32.68437088802547, 0.0], [75.89768573424912, 32.68396962917167, 0.0], [75.89774969707116, 32.68366753037683, 0.0], [75.89776022853661, 32.68341957470004, 0.0], [75.89774959890826, 32.683252683751824, 0.0], [75.89764816879347, 32.68298676731323, 0.0], [75.89756257364864, 32.68278405422696, 0.0], [75.89758159878424, 32.68264437926185, 0.0], [75.89695090548351, 32.67989163245139, 0.0], [75.8971347670623, 32.67820002531741, 0.0], [75.8971777465614, 32.678054363691864, 0.0], [75.8972203347478, 32.677716246209776, 0.0], [75.89722602331682, 32.67747169039755, 0.0], [75.89862825370733, 32.67584661929962, 0.0], [75.89891305261412, 32.67514694267939, 0.0], [75.89875984342049, 32.67426819273249, 0.0], [75.89868995407399, 32.67419995204719, 0.0], [75.89872266153877, 32.67409102785305, 0.0], [75.89883458613916, 32.67371227193583, 0.0], [75.89885581263636, 32.67344628944939, 0.0], [75.89883440613566, 32.673193781823805, 0.0], [75.8987863874328, 32.67303148824925, 0.0], [75.89867436283791, 32.672878222424885, 0.0], [75.89857840995481, 32.67274297243778, 0.0], [75.89843447267386, 32.672661827087786, 0.0], [75.89817862604468, 32.672598712522905, 0.0], [75.89783206593513, 32.67254021458472, 0.0], [75.89742161133546, 32.67245917097269, 0.0], [75.89719233863894, 32.6723870237259, 0.0], [75.89702176133673, 32.67226529565633, 0.0], [75.89692575495526, 32.672103073567314, 0.0], [75.89686704650937, 32.67192723529411, 0.0], [75.89681896845401, 32.671683757534964, 0.0], [75.89681893144186, 32.67141323611923, 0.0], [75.89688810962598, 32.671142671279874, 0.0], [75.89703207785132, 32.670885734208824, 0.0], [75.8972398304255, 32.67065116198497, 0.0], [75.89741576986722, 32.670434767148095, 0.0], [75.89755427409827, 32.670218279995936, 0.0], [75.89759151639232, 32.6700605173121, 0.0], [75.89759154961125, 32.66992521136901, 0.0], [75.89753817035519, 32.66978099604907, 0.0], [75.89737822253167, 32.66962320099358, 0.0], [75.89705824262175, 32.669267108911285, 0.0], [75.89673839949049, 32.66892445495899, 0.0], [75.89650382805057, 32.66869457746747, 0.0], [75.89613594450822, 32.66841062803936, 0.0], [75.89576275863362, 32.668140154521915, 0.0], [75.8954534572466, 32.66795536943659, 0.0], [75.89511234876153, 32.66775700937994, 0.0], [75.89440326793199, 32.66741450903764, 0.0], [75.89396618339315, 32.66721619873618, 0.0], [75.89358764830034, 32.66701782967371, 0.0], [75.89336372597201, 32.6668601239069, 0.0], [75.89320909972304, 32.6666571829528, 0.0], [75.89307052952492, 32.66639576563279, 0.0], [75.89298520090813, 32.66614777123701, 0.0], [75.89294774964114, 32.66593136738472, 0.0], [75.89296908691055, 32.665728527109316, 0.0], [75.89296894556138, 32.66534976144949, 0.0], [75.8929476164758, 32.665038710100276, 0.0], [75.89293688324894, 32.66476366386312, 0.0], [75.8929474548893, 32.66452914798283, 0.0], [75.89292616374289, 32.664339871771325, 0.0], [75.89283543783557, 32.664127905978134, 0.0], [75.89274484687324, 32.66392956027482, 0.0], [75.89260085832139, 32.66374476456019, 0.0], [75.89256520636718, 32.66371743780211, 0.0], [75.89294824104061, 32.663096251988634, 0.0], [75.8930811155182, 32.661788340086126, 0.0], [75.8921832002549, 32.65880193519941, 0.0], [75.89068039654988, 32.65733748203409, 0.0], [75.89039291848528, 32.656747621458095, 0.0], [75.89005172990127, 32.65620214208605, 0.0], [75.88978510097219, 32.65589562415105, 0.0], [75.88948132391474, 32.65563862101786, 0.0], [75.88902829355716, 32.65539521222389, 0.0], [75.88853254694425, 32.65524194813734, 0.0], [75.88852795567757, 32.655239868781365, 0.0], [75.88835082712063, 32.65506724585283, 0.0], [75.88620013789755, 32.653157761884174, 0.0], [75.88583346693407, 32.65217604121667, 0.0], [75.88603687742798, 32.65115647022432, 0.0], [75.88677441233992, 32.6504012128499, 0.0], [75.88961002316387, 32.649242770328534, 0.0], [75.89160578334484, 32.64861882945762, 0.0], [75.89205810246224, 32.64861742860681, 0.0], [75.89311390613501, 32.648614151823764, 0.0], [75.89379181888067, 32.64923693999416, 0.0], [75.89446973766766, 32.64985972334514, 0.0], [75.89470087130364, 32.650072056660505, 0.0], [75.89471919930767, 32.65010128217696, 0.0], [75.89496968114491, 32.65040330446594, 0.0], [75.89539085547581, 32.65079999602696, 0.0], [75.89573194690489, 32.65117416434583, 0.0], [75.89620103199375, 32.65158440185591, 0.0], [75.8966222672167, 32.651954027284546, 0.0], [75.8970273710838, 32.65234162692165, 0.0], [75.89722462190839, 32.65260767230044, 0.0], [75.89730990198483, 32.65285106456169, 0.0], [75.8973740199393, 32.653238844798395, 0.0], [75.89757129387512, 32.65378434199891, 0.0], [75.89767796720936, 32.654108944891384, 0.0], [75.89783800180956, 32.65432077218851, 0.0], [75.89805111862076, 32.65445599683258, 0.0], [75.89826967021887, 32.65450557919068, 0.0], [75.89864807123377, 32.65446038401476, 0.0], [75.89890921388205, 32.65439726489133, 0.0], [75.89910637284656, 32.65436554473061, 0.0], [75.89918249706152, 32.65437628928884, 0.0], [75.89926632965786, 32.6543881220829, 0.0], [75.8994422112324, 32.65447832867411, 0.0], [75.89970346990647, 32.654703680602104, 0.0], [75.90003392950163, 32.65496064760723, 0.0], [75.9004071095045, 32.65529867238439, 0.0], [75.90080693445505, 32.6556457950693, 0.0], [75.90099873918481, 32.65584963256423, 0.0], [75.9011801754777, 32.65604244889148, 0.0], [75.90166528243415, 32.65652480392073, 0.0], [75.9022463185771, 32.657002588528066, 0.0], [75.90284340538712, 32.65742171265337, 0.0], [75.90315792600934, 32.65759751247732, 0.0], [75.90355778357174, 32.65778676855584, 0.0], [75.90406942548786, 32.65795798978835, 0.0], [75.90460783757511, 32.658066053125964, 0.0], [75.90508197691564, 32.658129903971606, 0.0], [75.90510884122827, 32.658133521759844, 0.0], [75.90549253683535, 32.65814699112012, 0.0], [75.90591891865289, 32.65811080883049, 0.0], [75.90615480446405, 32.658068635280216, 0.0], [75.90625512472252, 32.658142129120705, 0.0], [75.90800905082028, 32.6577490152886, 0.0], [75.9095765980506, 32.65688428041098, 0.0], [75.91088970531007, 32.656163138223384, 0.0], [75.91309134558095, 32.65418924602049, 0.0], [75.91366133303599, 32.65390656635195, 0.0], [75.91440196895964, 32.653550189257714, 0.0], [75.91470569556047, 32.65335620304318, 0.0], [75.91499331702529, 32.65309909957733, 0.0], [75.9151637504106, 32.65277889595633, 0.0], [75.91531275792356, 32.65229197102086, 0.0], [75.91533001900878, 32.65212519708134, 0.0], [75.91553708124707, 32.651526487870136, 0.0], [75.9155345219376, 32.65097193239365, 0.0], [75.91532502503556, 32.65039676862098, 0.0], [75.91530644731343, 32.650217956874165, 0.0], [75.9152209666528, 32.649645424055024, 0.0], [75.91509819263074, 32.649253210798626, 0.0], [75.91466088715111, 32.64853647976965, 0.0], [75.91434746958139, 32.64796173949728, 0.0], [75.91417041122355, 32.647549883416985, 0.0], [75.91408288615116, 32.64526825324325, 0.0], [75.91406129466999, 32.644705370831716, 0.0], [75.91477921659913, 32.64379616559727, 0.0], [75.91502874280697, 32.643596156171654, 0.0], [75.91586709571928, 32.643312111198654, 0.0], [75.91610274707082, 32.643351049182684, 0.0], [75.91658780165713, 32.64360783820154, 0.0], [75.91714748792101, 32.64403149747082, 0.0], [75.91774458471858, 32.6444325109872, 0.0], [75.91809627677175, 32.644554150236345, 0.0], [75.91844799313833, 32.64459460450533, 0.0], [75.91847281750742, 32.644592366808624, 0.0], [75.91879971865018, 32.6445628952125, 0.0], [75.91910348876017, 32.64445008072183, 0.0], [75.91928812171972, 32.64431562454049, 0.0], [75.91936975287742, 32.644256177279466, 0.0], [75.91966268210987, 32.64388636011925, 0.0], [75.91996619339656, 32.643363207615565, 0.0], [75.92030686990188, 32.64288796225838, 0.0], [75.9212566180099, 32.642661518906486, 0.0], [75.9234099143317, 32.642744471024606, 0.0], [75.9249674752736, 32.64365422837993, 0.0], [75.92515194104587, 32.643761971229736, 0.0], [75.92561526871407, 32.6440823720361, 0.0], [75.92632430539403, 32.64458255445333, 0.0], [75.92669218987324, 32.64489807884721, 0.0], [75.92704938919805, 32.64508721493435, 0.0], [75.92751312884192, 32.64533049669537, 0.0], [75.92803550910266, 32.645573794428536, 0.0], [75.92948011737586, 32.64615475422581, 0.0], [75.93064733792042, 32.64654201068236, 0.0], [75.93086919316121, 32.64659704371617, 0.0], [75.93159078555718, 32.64677603727485, 0.0], [75.93258753068287, 32.64713170635824, 0.0], [75.93277940679148, 32.647158694734784, 0.0], [75.93299801936485, 32.647203705475356, 0.0], [75.9331086917705, 32.64715679759655, 0.0], [75.93322954169722, 32.64710557603868, 0.0], [75.93316672539831, 32.64707923005281, 0.0], [75.93374928120932, 32.64630056416588, 0.0], [75.9339077650881, 32.645694008856516, 0.0], [75.93415215188023, 32.64475866799475, 0.0], [75.93398375002587, 32.643716245791225, 0.0], [75.93381147256828, 32.642649804808244, 0.0], [75.93311830364338, 32.641988234941614, 0.0], [75.93235705013399, 32.64126167179877, 0.0], [75.93183314677054, 32.64076163412138, 0.0], [75.93170750448803, 32.64064171479175, 0.0], [75.93081576714158, 32.640209452298144, 0.0], [75.92993421777247, 32.63978212029701, 0.0], [75.9293701368832, 32.63888574653452, 0.0], [75.92913558195082, 32.63851301491183, 0.0], [75.92899999111222, 32.638297544356945, 0.0], [75.92884528686201, 32.637363440354115, 0.0], [75.92881341281276, 32.63717098628179, 0.0], [75.92883800011484, 32.63712494932609, 0.0], [75.9289058292912, 32.63699794503056, 0.0], [75.92898387947415, 32.63685180179719, 0.0], [75.9289979180397, 32.63679997416072, 0.0], [75.92899912203822, 32.636795529470035, 0.0], [75.9297987601534, 32.63529828074456, 0.0], [75.92981150120157, 32.635274423657144, 0.0], [75.9298134919648, 32.63526409084124, 0.0], [75.929821922216, 32.63522031385054, 0.0], [75.93091996674345, 32.6331878637842, 0.0], [75.9309469020852, 32.633138006709224, 0.0], [75.9308668447657, 32.63290174905652, 0.0], [75.93099560873372, 32.63256051984669, 0.0], [75.9309953779907, 32.63220881562044, 0.0], [75.93087253411792, 32.63176249461935, 0.0], [75.93070716008447, 32.63138838103806, 0.0], [75.93044055659135, 32.63113147164255, 0.0], [75.93019004502413, 32.63098728769888, 0.0], [75.92978511145206, 32.63088835555571, 0.0], [75.9292788274022, 32.63084348448105, 0.0], [75.9286714337849, 32.630834718064015, 0.0], [75.92820259030933, 32.630916030999714, 0.0], [75.9277285090018, 32.63107856506959, 0.0], [75.9273396297445, 32.63132670270327, 0.0], [75.92711339153772, 32.6315399723517, 0.0], [75.92708162038119, 32.63155069059647, 0.0], [75.92706743687314, 32.63158329261185, 0.0], [75.92696156654459, 32.631683094109945, 0.0], [75.92666342767096, 32.632088958473204, 0.0], [75.92634935376668, 32.63256250238153, 0.0], [75.92612580153873, 32.633058559827745, 0.0], [75.92591837804933, 32.63367185439671, 0.0], [75.9255993174204, 32.63471795817741, 0.0], [75.92539185429244, 32.6353177212621, 0.0], [75.92511509117882, 32.63598961657866, 0.0], [75.92490863815483, 32.636276396302, 0.0], [75.92419692120558, 32.6367498529795, 0.0], [75.92258940714102, 32.636267269650794, 0.0], [75.92251497712594, 32.63622054778465, 0.0], [75.92215445213152, 32.63596976159765, 0.0], [75.92057354022917, 32.63448068880173, 0.0], [75.91862750609683, 32.63310760186936, 0.0], [75.91857483519203, 32.63208425988848, 0.0], [75.91888789666409, 32.63066305711733, 0.0], [75.91887695434983, 32.63064528571621, 0.0], [75.91908565200131, 32.63015312843438, 0.0], [75.9191760996463, 32.62988708568451, 0.0], [75.91912806761019, 32.629693227787804, 0.0], [75.91898398116777, 32.62957160454469, 0.0], [75.91879226158387, 32.629472429413205, 0.0], [75.91846719115406, 32.6294049897604, 0.0], [75.9179770456303, 32.62934200333824, 0.0], [75.91755074082812, 32.62931959168035, 0.0], [75.9173998118051, 32.62929061868611, 0.0], [75.91616098547196, 32.62861622368454, 0.0], [75.91611367432611, 32.62864343714771, 0.0], [75.91604860047242, 32.62854391628821, 0.0], [75.91555612826744, 32.627791017424876, 0.0], [75.91554003153351, 32.62776640867221, 0.0], [75.91550124236822, 32.62770710680857, 0.0], [75.91551384538619, 32.62764612955214, 0.0], [75.91576700312673, 32.626421260736926, 0.0], [75.91577602719933, 32.62641297557245, 0.0], [75.91578819705175, 32.62635409363137, 0.0], [75.91772020913612, 32.62458024645403, 0.0], [75.91772997191127, 32.624571281745396, 0.0], [75.91797978749062, 32.62330644505652, 0.0], [75.91826151534714, 32.62267806577245, 0.0], [75.91853294329798, 32.62215046047202, 0.0], [75.91857536117604, 32.62172212986328, 0.0], [75.91853254740343, 32.62140203764335, 0.0], [75.9184044500118, 32.62092417005081, 0.0], [75.91814850472038, 32.62037868101027, 0.0], [75.91767390035525, 32.61953576245328, 0.0], [75.91728462121634, 32.61872884136998, 0.0], [75.91679934171431, 32.617840804724096, 0.0], [75.9165699779264, 32.61718263330799, 0.0], [75.9164951051311, 32.61656040839698, 0.0], [75.9164360477465, 32.61555505997255, 0.0], [75.91641435049033, 32.61474346877231, 0.0], [75.91635560650992, 32.61442791034175, 0.0], [75.91619569720373, 32.6142881783257, 0.0], [75.91583832380658, 32.61407923848864, 0.0], [75.9157845201663, 32.61404778204108, 0.0], [75.91578284286405, 32.61368492447135, 0.0], [75.91282423003405, 32.612094146954185, 0.0], [75.91109334893324, 32.61117551142431, 0.0], [75.91006341117428, 32.61062887355145, 0.0], [75.90722701304638, 32.60892035051896, 0.0], [75.90591048320141, 32.607585533132, 0.0], [75.90540383930097, 32.606426265817426, 0.0], [75.90538402122166, 32.60610356686895, 0.0], [75.90538372613099, 32.60530101758281, 0.0], [75.90537280942517, 32.60466082397161, 0.0], [75.90537257913323, 32.60382219161591, 0.0], [75.90538289827242, 32.60298357398411, 0.0], [75.9053293394159, 32.602140455828795, 0.0], [75.90531300918114, 32.60121615430446, 0.0], [75.90524363313699, 32.60082390296743, 0.0], [75.90502517873638, 32.600368590052405, 0.0], [75.90459888347455, 32.599877247846095, 0.0], [75.90407670701595, 32.5993137992954, 0.0], [75.90362366475779, 32.598768342477435, 0.0], [75.90333605884804, 32.59837621633455, 0.0], [75.90310689256442, 32.59802002114886, 0.0], [75.90269126338939, 32.597357386749884, 0.0], [75.90223822343583, 32.596672107344254, 0.0], [75.90189187594147, 32.59609511834306, 0.0], [75.90146564512246, 32.59550002920503, 0.0], [75.90114062714935, 32.59497709733217, 0.0], [75.90076231742864, 32.59446320655452, 0.0], [75.90044795529387, 32.594003340211394, 0.0], [75.9001868172103, 32.5935164814519, 0.0], [75.89988303497435, 32.592984554680676, 0.0], [75.89947285273465, 32.59245708658669, 0.0], [75.89914247447696, 32.59210999742445, 0.0], [75.89889653451188, 32.5919100629363, 0.0], [75.8988410637018, 32.591814477776694, 0.0], [75.89769079677511, 32.59065941785349, 0.0], [75.896909148069, 32.59018308039225, 0.0], [75.89554802115589, 32.589868020937466, 0.0], [75.89524322631486, 32.58979746833757, 0.0], [75.89439038418918, 32.589400258155294, 0.0], [75.89431657898172, 32.58932674313443, 0.0], [75.8941485338411, 32.58928761478085, 0.0], [75.89272898193292, 32.588957070959, 0.0], [75.8922767386768, 32.58894160148942, 0.0], [75.89174953963627, 32.58893262565209, 0.0], [75.89089741497564, 32.588950758075484, 0.0], [75.89035949403582, 32.58903196650026, 0.0], [75.89001864802886, 32.58910871087027, 0.0], [75.8895234367273, 32.58925302833752, 0.0], [75.88919171925, 32.58937452061855, 0.0], [75.88901143989274, 32.589136080496054, 0.0], [75.88865713424514, 32.5891953834625, 0.0], [75.88624759731606, 32.58990165978448, 0.0], [75.88449140554248, 32.58983522742191, 0.0], [75.88404241853542, 32.58981824003783, 0.0], [75.88299434924797, 32.589476964340484, 0.0], [75.8825093916481, 32.58907336840059, 0.0], [75.88178511722866, 32.58856843379289, 0.0], [75.88107142562068, 32.588207748617485, 0.0], [75.88028848491483, 32.587923767194994, 0.0], [75.88004832642929, 32.587827189998926, 0.0], [75.87894958620426, 32.586975251249974, 0.0], [75.87821775847124, 32.58598480265741, 0.0], [75.87822733938495, 32.585876910824126, 0.0], [75.87831779859941, 32.585592853909304, 0.0], [75.87849892659568, 32.585232119121024, 0.0], [75.87869599001658, 32.58479026892408, 0.0], [75.87891958442776, 32.58401023364467, 0.0], [75.87918579515645, 32.58330684455267, 0.0], [75.87939349788245, 32.58263507592919, 0.0], [75.87956923515159, 32.58196325901788, 0.0], [75.87964907792905, 32.58155298808477, 0.0], [75.87984067168127, 32.580497958600624, 0.0], [75.87988854098343, 32.57985770658275, 0.0], [75.8799524786846, 32.578888363127305, 0.0], [75.87993103585573, 32.57799106001033, 0.0], [75.87988838049345, 32.57738698320846, 0.0], [75.87982453532868, 32.576958593643866, 0.0], [75.87968599688278, 32.576147083253936, 0.0], [75.87957411081722, 32.575664636561214, 0.0], [75.8793025698363, 32.57461862004873, 0.0], [75.87909578761243, 32.573907714858734, 0.0], [75.8786243198077, 32.571696377869145, 0.0], [75.87831733365762, 32.57096737025163, 0.0], [75.87825861363697, 32.57071416014308, 0.0], [75.87798173474755, 32.56989342058531, 0.0], [75.87771014816273, 32.56914507910531, 0.0], [75.87743319636483, 32.56862210659505, 0.0], [75.87710303491062, 32.56827946530057, 0.0], [75.87675700343054, 32.5680134280842, 0.0], [75.87628845023931, 32.56775645250507, 0.0], [75.87619219345045, 32.5677252337866, 0.0], [75.87580847044394, 32.56765575698315, 0.0], [75.87547500856407, 32.56752711382154, 0.0], [75.87486154100019, 32.5673957383413, 0.0], [75.87308314898571, 32.56711619867275, 0.0], [75.8726971281819, 32.567051734691596, 0.0], [75.87205162471125, 32.56659881332603, 0.0], [75.871900074275, 32.56649247529864, 0.0], [75.86973557363919, 32.56610059951638, 0.0], [75.86670958173701, 32.563960566232964, 0.0], [75.86645193645742, 32.5636065666878, 0.0], [75.86613743750483, 32.56245912611201, 0.0], [75.86775692545321, 32.55987749095842, 0.0], [75.86823843729829, 32.55950536767645, 0.0], [75.86931398532934, 32.5587479636096, 0.0], [75.87011252963758, 32.55808520039698, 0.0], [75.87065564000315, 32.557521622884295, 0.0], [75.8710548977938, 32.557007661268976, 0.0], [75.8714542511583, 32.556371918817895, 0.0], [75.87189075876077, 32.55576776099173, 0.0], [75.87225164245307, 32.555309378886435, 0.0], [75.87333314176877, 32.55412845300112, 0.0], [75.87407514267389, 32.552056771932364, 0.0], [75.87372155561556, 32.550980955160924, 0.0], [75.87368496653433, 32.55054673239513, 0.0], [75.87350932082705, 32.550028187675, 0.0], [75.87326379847606, 32.54963249813407, 0.0], [75.87320741789235, 32.54947136960895, 0.0], [75.87309444286274, 32.549373281101786, 0.0], [75.87258835126867, 32.54863954944938, 0.0], [75.87220512704457, 32.5481525715488, 0.0], [75.87178460177347, 32.5478279503041, 0.0], [75.87117773539292, 32.54736353703204, 0.0], [75.86986819084042, 32.54654740055989, 0.0], [75.86985521514195, 32.54653915638217, 0.0], [75.86985518686247, 32.546539135668105, 0.0], [75.86829220096301, 32.54516659703926, 0.0], [75.86520753523695, 32.54322335571539, 0.0], [75.86172823054352, 32.541002722793266, 0.0], [75.86084748204004, 32.5404405661328, 0.0], [75.85696444220088, 32.53844078945282, 0.0], [75.85489848687114, 32.53690014827407, 0.0], [75.85498302335982, 32.53403236963649, 0.0], [75.85564646055238, 32.53087893762976, 0.0], [75.85564319528983, 32.530040311493856, 0.0], [75.85506766284719, 32.529225829882996, 0.0], [75.8549137578826, 32.528934923069976, 0.0], [75.85464239128596, 32.52850206273955, 0.0], [75.85441892570785, 32.528190926805806, 0.0], [75.85392830917706, 32.52778257219083, 0.0], [75.85382831551534, 32.52769934395836, 0.0], [75.85373260874675, 32.52763387846514, 0.0], [75.85308336126135, 32.52718977224339, 0.0], [75.85266291688059, 32.526946179018864, 0.0], [75.85230644786586, 32.52680183003244, 0.0], [75.85200837261687, 32.52672969920002, 0.0], [75.8516517752679, 32.52672958884341, 0.0], [75.8514777582881, 32.52674021933192, 0.0], [75.85121003804943, 32.52675657394973, 0.0], [75.85108846835892, 32.526769984617694, 0.0], [75.85074951563769, 32.526677061368126, 0.0], [75.84860144542411, 32.526308956120076, 0.0], [75.84738375034668, 32.526100271096, 0.0], [75.84554839882102, 32.52517581605872, 0.0], [75.84495188792377, 32.52472185982103, 0.0], [75.84405555999962, 32.524108648752126, 0.0], [75.84393395282503, 32.52402545264215, 0.0], [75.8438772735659, 32.5239866757937, 0.0], [75.84298334863824, 32.52338675253037, 0.0], [75.84238748793183, 32.52307547285349, 0.0], [75.84221698595312, 32.523022565960424, 0.0], [75.84200958236507, 32.522958209039906, 0.0], [75.84140295058387, 32.52282731984278, 0.0], [75.84068455841779, 32.52274588601068, 0.0], [75.84051824071724, 32.52274017764415, 0.0], [75.8404869560778, 32.522739103836635, 0.0], [75.84002463610611, 32.52272323358599, 0.0], [75.83948715812744, 32.5227004815667, 0.0], [75.83892313975558, 32.522583096847114, 0.0], [75.838577201856, 32.52247932071894, 0.0], [75.83825967572405, 32.52231531922851, 0.0], [75.83723360244971, 32.521182016914345, 0.0], [75.83720476100547, 32.521090261393255, 0.0], [75.83702949082948, 32.52021552176152, 0.0], [75.83683841415782, 32.519151363307124, 0.0], [75.83668918958134, 32.51847218831236, 0.0], [75.83733279326906, 32.51676761071058, 0.0], [75.83800909178294, 32.515486699971895, 0.0], [75.83811895640578, 32.5152786111952, 0.0], [75.83819806071818, 32.51512878338426, 0.0], [75.83831676849483, 32.5149039449769, 0.0], [75.838416435044, 32.51471517195392, 0.0], [75.83847939833167, 32.514595914554086, 0.0], [75.83851500724458, 32.514447726622755, 0.0], [75.83857108853668, 32.514214343273764, 0.0], [75.83876614682414, 32.51406824887533, 0.0], [75.83882171676493, 32.51369656107386, 0.0], [75.83823635474177, 32.51341779324384, 0.0], [75.83823490891348, 32.51341710478051, 0.0], [75.83723984654219, 32.513440329766645, 0.0], [75.83704230700803, 32.5135049545366, 0.0], [75.83597549672271, 32.51385395226771, 0.0], [75.83500419538086, 32.514010141895255, 0.0], [75.83394522652664, 32.51423633751648, 0.0], [75.83336649596902, 32.514335343744534, 0.0], [75.83324771981172, 32.51435566266237, 0.0], [75.83290212416834, 32.51441478468403, 0.0], [75.83152556582203, 32.51438027285802, 0.0], [75.83129098169627, 32.51430606443014, 0.0], [75.83113588846882, 32.514280122715824, 0.0], [75.83102713848594, 32.51422259966442, 0.0], [75.83082314173154, 32.51415806645467, 0.0], [75.83041210623225, 32.51372653847737, 0.0], [75.83032957199225, 32.513243075584064, 0.0], [75.83044361294797, 32.512824716036036, 0.0], [75.83057849549154, 32.512660156657574, 0.0], [75.83092488081566, 32.51223755926798, 0.0], [75.83108155268685, 32.51204641416793, 0.0], [75.83145471617061, 32.511651518988735, 0.0], [75.83193696766281, 32.51114117748439, 0.0], [75.8320665249874, 32.51093152411333, 0.0], [75.8321418521759, 32.51080962747911, 0.0], [75.83217837439777, 32.510750525005754, 0.0], [75.83219627529247, 32.51072155787178, 0.0], [75.83220794142488, 32.51070267973621, 0.0], [75.83224817565853, 32.51071775010749, 0.0], [75.83225513872345, 32.51070955612622, 0.0], [75.83311765934256, 32.5095420731304, 0.0], [75.83359678961885, 32.50883429470299, 0.0], [75.83407597874658, 32.50822583042179, 0.0], [75.83425172815896, 32.50767133673697, 0.0], [75.83436481259648, 32.50706536182901, 0.0], [75.8343745663656, 32.50701309550737, 0.0], [75.8344759545733, 32.50639540821423, 0.0], [75.83447611771976, 32.50591749148022, 0.0], [75.83440188782538, 32.50534931962439, 0.0], [75.83425310529393, 32.50475412956224, 0.0], [75.83404591553868, 32.5042085782868, 0.0], [75.8337640906563, 32.503730545787334, 0.0], [75.83346623282803, 32.50346442436699, 0.0], [75.8334161816778, 32.50343223391977, 0.0], [75.8331365138761, 32.50325236739997, 0.0], [75.83281198042965, 32.50309448845902, 0.0], [75.83238104294577, 32.502918459793435, 0.0], [75.8321523790536, 32.50285980457838, 0.0], [75.83184376482761, 32.50282359721747, 0.0], [75.83153510584239, 32.50280552210972, 0.0], [75.83115742465226, 32.502863945237536, 0.0], [75.83081674820346, 32.50299907018854, 0.0], [75.83053997774832, 32.50316137584484, 0.0], [75.83028989697351, 32.50335516719729, 0.0], [75.83003967741817, 32.503580440837645, 0.0], [75.82975222253043, 32.50387794497204, 0.0], [75.8294328779575, 32.50415734678137, 0.0], [75.82938934288735, 32.5041886085257, 0.0], [75.82742456867611, 32.50444394787363, 0.0], [75.82740021684089, 32.50444071924657, 0.0], [75.82699717845026, 32.50437472678866, 0.0], [75.82615595657454, 32.503883683177015, 0.0], [75.8260916072924, 32.503754905140234, 0.0], [75.82607506848277, 32.5035710226134, 0.0], [75.8260599686222, 32.5034031257701, 0.0], [75.82614529902212, 32.502839584089706, 0.0], [75.8262255010955, 32.50212272386942, 0.0], [75.82632700789694, 32.501279614341186, 0.0], [75.82642321355955, 32.50064843564358, 0.0], [75.82632308383597, 32.499989138902315, 0.0], [75.82615767937092, 32.499655204050015, 0.0], [75.82585739455536, 32.499048951189295, 0.0], [75.8256036111919, 32.49853657616744, 0.0], [75.82538707805887, 32.498099401917976, 0.0], [75.82439864053951, 32.49593026749851, 0.0], [75.82427306346165, 32.49577237426403, 0.0], [75.82405947818059, 32.49550382101227, 0.0], [75.82336204558204, 32.49462688651077, 0.0], [75.82202191649591, 32.49349912888181, 0.0], [75.82118908464572, 32.493002208864, 0.0], [75.82105403144692, 32.49292162704962, 0.0], [75.82104139016846, 32.49291653743278, 0.0], [75.82072995158242, 32.49252015641551, 0.0], [75.8201714907273, 32.492014379736126, 0.0], [75.81994297298469, 32.49180741814829, 0.0], [75.8196843359533, 32.491662094643296, 0.0], [75.8184140162814, 32.49094831180517, 0.0], [75.81792744171354, 32.490674903648156, 0.0], [75.81717217411558, 32.49027303555486, 0.0], [75.81698207816103, 32.490171887036404, 0.0], [75.81583949854753, 32.48956392117113, 0.0], [75.81533220344693, 32.48929398269175, 0.0], [75.81359849029234, 32.4884545482844, 0.0], [75.81171035237804, 32.48784945224125, 0.0], [75.8091624007254, 32.487582158815634, 0.0], [75.80649236984793, 32.48689540867834, 0.0], [75.80509897670436, 32.48653844974405, 0.0], [75.80234924662265, 32.48577490383159, 0.0], [75.80108343116073, 32.48542249841677, 0.0], [75.80068352110689, 32.48521816831399, 0.0], [75.80050919572355, 32.48512909835896, 0.0], [75.7990945856289, 32.48357937287119, 0.0], [75.79880848201918, 32.48326593447909, 0.0], [75.79853387956341, 32.48305277068922, 0.0], [75.79731023222807, 32.482102882867956, 0.0], [75.79729973690905, 32.48209473488099, 0.0], [75.7966927002129, 32.48162349575553, 0.0], [75.79458291054334, 32.47991951830017, 0.0], [75.79406685665857, 32.47950271094208, 0.0], [75.79253334745601, 32.47847294328805, 0.0], [75.79241352675174, 32.4783924812879, 0.0], [75.79007976986496, 32.47716230852835, 0.0], [75.78924481203856, 32.47672216923008, 0.0], [75.78843165870352, 32.476063336788776, 0.0], [75.78588593856026, 32.47388838138543, 0.0], [75.78361694105206, 32.47170452413104, 0.0], [75.78281160813022, 32.47078666622341, 0.0], [75.7812592740467, 32.46901736716646, 0.0], [75.78117850774962, 32.468925311150386, 0.0], [75.78092456923332, 32.46868181805181, 0.0], [75.77973857140132, 32.467544585519825, 0.0], [75.77917392833344, 32.46699794435251, 0.0], [75.77821905422037, 32.466073495285166, 0.0], [75.7779471392066, 32.46587036542868, 0.0], [75.77693830756445, 32.46511672240308, 0.0], [75.77458437858802, 32.46392268067263, 0.0], [75.77439222283637, 32.463825204695965, 0.0], [75.77201086691662, 32.46271412408894, 0.0], [75.77083084420472, 32.46217658780704, 0.0], [75.76986840809887, 32.46197846573839, 0.0], [75.76986311393735, 32.46197737558582, 0.0], [75.76980239086168, 32.46197952079691, 0.0], [75.7673687107082, 32.462065491051604, 0.0], [75.76626789959232, 32.46201951388159, 0.0], [75.7655821946671, 32.46177543336837, 0.0], [75.76450855485896, 32.461179276241445, 0.0], [75.76340877585108, 32.460371280323734, 0.0], [75.76272851038433, 32.45998741733929, 0.0], [75.76202117623804, 32.45996427734712, 0.0], [75.76131902241143, 32.46007632301495, 0.0], [75.76052634691003, 32.460305551657, 0.0], [75.7597124420287, 32.46050323993492, 0.0], [75.75934313089984, 32.46051834460087, 0.0], [75.75933622932642, 32.46051181209372, 0.0], [75.75914692355744, 32.46033263717852, 0.0], [75.75892113370737, 32.46020916179103, 0.0], [75.75758632214816, 32.459479196013646, 0.0], [75.75728194544419, 32.459360050280964, 0.0], [75.75716249838078, 32.45931329318915, 0.0], [75.75701947404096, 32.45925730735206, 0.0], [75.75688476746033, 32.459179593147894, 0.0], [75.75393071799013, 32.45701256249977, 0.0], [75.75157181910733, 32.45527436885726, 0.0], [75.75093387228723, 32.45497479794402, 0.0], [75.74999870782419, 32.45453565091927, 0.0], [75.74902433439682, 32.45408292995601, 0.0], [75.74899880695531, 32.4540866241711, 0.0], [75.74618450836458, 32.45449434899141, 0.0], [75.74562913253008, 32.454631813369694, 0.0], [75.74435587762447, 32.45494695615388, 0.0], [75.74319685467603, 32.45511034471141, 0.0], [75.7423418820775, 32.45512946605892, 0.0], [75.74195948159677, 32.45513801653909, 0.0], [75.74151105513775, 32.45514804277203, 0.0], [75.74098465959177, 32.45507682144512, 0.0], [75.740666486241, 32.45503377080627, 0.0], [75.74041061590685, 32.45499915030407, 0.0], [75.74018675045868, 32.45496885951002, 0.0], [75.73859090744797, 32.45460968238019, 0.0], [75.73660175848761, 32.45434089237445, 0.0], [75.73434599131285, 32.45389438209234, 0.0], [75.73358582274088, 32.45374390497164, 0.0], [75.73222835872893, 32.45359570425119, 0.0], [75.73079888907431, 32.45343963016879, 0.0], [75.72979366550159, 32.453201527547485, 0.0], [75.72978953591956, 32.4531974797373, 0.0], [75.72925588059478, 32.45267442327562, 0.0], [75.72869599704129, 32.45137193051335, 0.0], [75.72863111189753, 32.45033499463713, 0.0], [75.72879883702147, 32.44834192606976, 0.0], [75.728840694523, 32.44767007605344, 0.0], [75.7287609643149, 32.447472565868914, 0.0], [75.72872500975285, 32.44738349943378, 0.0], [75.72868602603484, 32.447286928400324, 0.0], [75.72854230345465, 32.44720605878053, 0.0], [75.72760589560845, 32.44667915516093, 0.0], [75.7273152271429, 32.44636409611218, 0.0], [75.72730251477029, 32.44635031699011, 0.0], [75.72670615397121, 32.445678963819034, 0.0], [75.72660951159473, 32.44480884673542, 0.0], [75.7266563296165, 32.44401080312536, 0.0], [75.7271449046423, 32.44342872928479, 0.0], [75.72759084091, 32.442756559834876, 0.0], [75.72798420103298, 32.44223213204327, 0.0], [75.72809511474816, 32.44208425965074, 0.0], [75.72847670978706, 32.44094324538345, 0.0], [75.72851755675896, 32.439473345801694, 0.0], [75.7286437370543, 32.43921769943475, 0.0], [75.72869786973513, 32.43910802274823, 0.0], [75.7287768841182, 32.43906811961972, 0.0], [75.72923451924831, 32.43883700504382, 0.0], [75.72923455202665, 32.43883698859796, 0.0], [75.72983859027869, 32.43885816235058, 0.0], [75.7302395346975, 32.43887221504777, 0.0], [75.73201573360018, 32.43921332884204, 0.0], [75.73340793527744, 32.43923644151979, 0.0], [75.73382876241574, 32.439243419256876, 0.0], [75.73382885763164, 32.43924342716205, 0.0], [75.73409014990753, 32.43917854686359, 0.0], [75.73433898752658, 32.43911675852406, 0.0], [75.7343390969054, 32.43911673039551, 0.0], [75.73449955891859, 32.43900617385116, 0.0], [75.73523684063267, 32.438498187932495, 0.0], [75.73553371323673, 32.43777206011121, 0.0], [75.7358571952389, 32.43704585281, 0.0], [75.7363028436353, 32.43622937292395, 0.0], [75.7363943992378, 32.43606323307964, 0.0], [75.73662105156276, 32.43565194162293, 0.0], [75.73713597501954, 32.434979732158375, 0.0], [75.73799153256691, 32.43459566126005, 0.0], [75.73984104628637, 32.43406639167135, 0.0], [75.74050303940642, 32.43399613185544, 0.0], [75.74069685729383, 32.43397556040094, 0.0], [75.7417440331492, 32.43381222252779, 0.0], [75.74185691904016, 32.433783463538774, 0.0], [75.74226690655507, 32.433679014201644, 0.0], [75.74247215016658, 32.43362672548839, 0.0], [75.74323175915549, 32.433138970687345, 0.0], [75.7437201557193, 32.43257940363883, 0.0], [75.7438472339067, 32.43216004570916, 0.0], [75.74380395620949, 32.431601004406325, 0.0], [75.74333516717513, 32.43085743696652, 0.0], [75.743087017996, 32.43072575676791, 0.0], [75.74260845512654, 32.43047180634454, 0.0], [75.74247853281871, 32.43040286205962, 0.0], [75.74233517295711, 32.43035927288124, 0.0], [75.74147336124567, 32.43009723132533, 0.0], [75.74119047736146, 32.430069920383694, 0.0], [75.7396229917937, 32.42991858070963, 0.0], [75.73815028090762, 32.42981167248492, 0.0], [75.73709972663899, 32.42985637535971, 0.0], [75.73641717762035, 32.42988541386986, 0.0], [75.73549771172517, 32.430102644707496, 0.0], [75.734706146949, 32.4304505520513, 0.0], [75.73266626104024, 32.4318455004735, 0.0], [75.73166207160502, 32.43235138712671, 0.0], [75.7308828543436, 32.43263204765136, 0.0], [75.73044509247411, 32.43278971971366, 0.0], [75.72988686208035, 32.43289843388095, 0.0], [75.72944600061591, 32.432849582369165, 0.0], [75.7290787648703, 32.43280888889098, 0.0], [75.7286476856171, 32.43251613081859, 0.0], [75.72805212831715, 32.43196429794443, 0.0], [75.7277482327227, 32.431682710052876, 0.0], [75.72740737589814, 32.431029231888886, 0.0], [75.72733175713692, 32.430073520060596, 0.0], [75.72750115129112, 32.42940153801772, 0.0], [75.7275936311968, 32.42930115950939, 0.0], [75.72841984543352, 32.428404365308545, 0.0], [75.73013955006333, 32.42672822830013, 0.0], [75.73015611221984, 32.42671208554508, 0.0], [75.73131142926869, 32.42576468683911, 0.0], [75.73137239539214, 32.42571469261916, 0.0], [75.73199361527591, 32.42498819885109, 0.0], [75.73210976818808, 32.42437036210305, 0.0], [75.73208789409941, 32.42382485110854, 0.0], [75.73203422618835, 32.423507439600655, 0.0], [75.73187370086274, 32.42255801641122, 0.0], [75.73106913621395, 32.420958084007125, 0.0], [75.72998255258342, 32.41921413375246, 0.0], [75.7292070944149, 32.41800308930845, 0.0], [75.72836377394275, 32.41668602827151, 0.0], [75.7282887663831, 32.41658559346324, 0.0], [75.72748539044265, 32.41550986477622, 0.0], [75.72727118286593, 32.41511425250047, 0.0], [75.72649467085763, 32.41368011753501, 0.0], [75.72549944058694, 32.412648489710364, 0.0], [75.72549938186779, 32.412648451798844, 0.0], [75.72534672626477, 32.41254831688225, 0.0], [75.72490901068275, 32.41226119249571, 0.0], [75.7245335915, 32.41186042825305, 0.0], [75.72441937183918, 32.41173849728339, 0.0], [75.72323267231391, 32.41038232264478, 0.0], [75.72269479488217, 32.409381807888714, 0.0], [75.72279302391536, 32.40883473702034, 0.0], [75.72291665301829, 32.408146196864514, 0.0], [75.72289107843974, 32.407478554227716, 0.0], [75.72287278234448, 32.407000913967416, 0.0], [75.72275976173684, 32.4055988446728, 0.0], [75.72275966976147, 32.40559886687384, 0.0], [75.72252490663666, 32.40565450168919, 0.0], [75.72130905383001, 32.40594263141308, 0.0], [75.7179510383777, 32.40683788804673, 0.0], [75.71607009309741, 32.40747053661506, 0.0], [75.71495972258704, 32.40796277305271, 0.0], [75.71383397600712, 32.40897806030365, 0.0], [75.71289426505179, 32.41002929780957, 0.0], [75.71195425801136, 32.410976791786176, 0.0], [75.71134367734787, 32.41155885024043, 0.0], [75.71114940013737, 32.411262999340714, 0.0], [75.71072467239996, 32.41061620620061, 0.0], [75.7104972849103, 32.41026992750572, 0.0], [75.7091675020165, 32.40911203378707, 0.0], [75.70807632621676, 32.408053338213875, 0.0], [75.70752358628702, 32.40751703959989, 0.0], [75.70609767763376, 32.40583171652193, 0.0], [75.70519870963889, 32.4050161899503, 0.0], [75.7039320470284, 32.40281468865931, 0.0], [75.70388388281665, 32.402730976531814, 0.0], [75.70211199888425, 32.40037850611038, 0.0], [75.70128224760677, 32.399441161944374, 0.0], [75.69997422155346, 32.39875212654954, 0.0], [75.69995193513114, 32.39874130045389, 0.0], [75.69926021783847, 32.39840528130833, 0.0], [75.69918989691837, 32.39837112043553, 0.0], [75.69908645341835, 32.398320869197605, 0.0], [75.69888961866175, 32.39822524993457, 0.0], [75.69885647045317, 32.398205014560936, 0.0], [75.69853079324727, 32.39800620250769, 0.0], [75.6973104533656, 32.39726122169913, 0.0], [75.6950667970026, 32.39608575895306, 0.0], [75.69301963071361, 32.39450884160233, 0.0], [75.69162103284113, 32.393332780013, 0.0], [75.69033965385297, 32.39244520931309, 0.0], [75.68963263947784, 32.392044250414095, 0.0], [75.68890443163426, 32.39168391683605, 0.0], [75.6885917459564, 32.3915249438624, 0.0], [75.68837277729732, 32.39141361611603, 0.0], [75.68823246755802, 32.39127369391158, 0.0], [75.68768141442781, 32.39072415660646, 0.0], [75.68725066939446, 32.39025094672233, 0.0], [75.68725055977632, 32.39025092294299, 0.0], [75.68616100975113, 32.38996293085075, 0.0], [75.68577794247251, 32.389902431781756, 0.0], [75.6851377006356, 32.38980131923191, 0.0], [75.68479522339018, 32.38974722315304, 0.0], [75.68479513159588, 32.38974721075615, 0.0], [75.68366023750124, 32.38961768303043, 0.0], [75.6833391239446, 32.38958104658535, 0.0], [75.68254141673013, 32.38961369321973, 0.0], [75.68188840282002, 32.389640415879384, 0.0], [75.68089483985415, 32.38973097374743, 0.0], [75.68089469531036, 32.38973099637858, 0.0], [75.68051548580674, 32.389812793265094, 0.0], [75.67980550111726, 32.38996593692528, 0.0], [75.67869515373094, 32.39034959125896, 0.0], [75.67725855944316, 32.39139543229818, 0.0], [75.67698470098807, 32.391594797689194, 0.0], [75.67674420823828, 32.39222633036933, 0.0], [75.67668761034307, 32.39237495448764, 0.0], [75.6764328769505, 32.3930107449262, 0.0], [75.67615677906434, 32.39339417914386, 0.0], [75.67549280738972, 32.39386333527211, 0.0], [75.67537934718021, 32.393898001381906, 0.0], [75.67501988126884, 32.39400783055184, 0.0], [75.67501975053224, 32.39400782714581, 0.0], [75.67463512634, 32.39399865085114, 0.0], [75.67427582208778, 32.393990077911, 0.0], [75.67361404537384, 32.39394988294058, 0.0], [75.67309610551038, 32.393918422367236, 0.0], [75.67309588078336, 32.39391837828755, 0.0], [75.67158131763739, 32.39361236171033, 0.0], [75.67070792957887, 32.393427094596206, 0.0], [75.66630135256406, 32.39249227046495, 0.0], [75.66602204128368, 32.392433012335, 0.0], [75.66521405852423, 32.39224180829897, 0.0], [75.6652117784092, 32.39224126915747, 0.0], [75.66434802865413, 32.392036859255306, 0.0], [75.66434789576078, 32.39203682666245, 0.0], [75.66392567905662, 32.3919226068379, 0.0], [75.65966744431434, 32.390770540203825, 0.0], [75.65957006562626, 32.39074419312256, 0.0], [75.6550367364776, 32.389406206137664, 0.0], [75.65367890126177, 32.38893915013174, 0.0], [75.65354338771652, 32.38889253639627, 0.0], [75.65337027454713, 32.3888627144945, 0.0], [75.65308253448855, 32.388813144540485, 0.0], [75.65294282603837, 32.38878907036484, 0.0], [75.65294275477304, 32.388789053937465, 0.0], [75.65262404494267, 32.3887138143909, 0.0], [75.65252291533942, 32.38868994294846, 0.0], [75.65252282923775, 32.38868992158194, 0.0], [75.65156554607069, 32.38848817060711, 0.0], [75.64978857320068, 32.388113635757186, 0.0], [75.64978845518502, 32.38811360718229, 0.0], [75.64849586261715, 32.38784114693532, 0.0], [75.64651793143278, 32.3874241948031, 0.0], [75.6457260825165, 32.387081648070776, 0.0], [75.64382258974287, 32.38586481417366, 0.0], [75.6435683916197, 32.38570231129622, 0.0], [75.64201058211778, 32.384723426938855, 0.0], [75.64109618726927, 32.38414883118445, 0.0], [75.6403903566095, 32.38370528678223, 0.0], [75.63915278544917, 32.38272236839469, 0.0], [75.63855699521905, 32.38224916274016, 0.0], [75.63730068660243, 32.38122205512637, 0.0], [75.63709029598064, 32.38105004572455, 0.0], [75.63623467040996, 32.38056313697104, 0.0], [75.63457149868697, 32.37990949940997, 0.0], [75.63457127554571, 32.379909471698824, 0.0], [75.63255766838576, 32.37961661275662, 0.0], [75.63255746051193, 32.37961657816368, 0.0], [75.632121733778, 32.37953499552511, 0.0], [75.62906683184514, 32.37896294183121, 0.0], [75.62764277581769, 32.37875558935677, 0.0], [75.6262187215488, 32.3785482235537, 0.0], [75.62621851153573, 32.37854818889625, 0.0], [75.62556972898808, 32.378429909555635, 0.0], [75.6241412458462, 32.37816948792504, 0.0], [75.61876260194887, 32.37756701240039, 0.0], [75.61794067442511, 32.37747492749247, 0.0], [75.61462523771334, 32.377064469470795, 0.0], [75.6146250913257, 32.37706445468164, 0.0], [75.61367912740656, 32.37699168647983, 0.0], [75.6119260926034, 32.376856799157856, 0.0], [75.60999858363441, 32.37683759460582, 0.0], [75.60970552994044, 32.376834673227265, 0.0], [75.60825994534034, 32.37682025267256, 0.0], [75.6073194097296, 32.376978016992894, 0.0], [75.60536287402559, 32.37703357267261, 0.0], [75.60337168321917, 32.37709010132077, 0.0], [75.60040236253086, 32.377071638231726, 0.0], [75.60016381674778, 32.37707015214513, 0.0], [75.59984333997015, 32.37706815465997, 0.0], [75.59927212608235, 32.377064592606054, 0.0], [75.59878204553142, 32.377061533615965, 0.0], [75.5966610528848, 32.37704827073859, 0.0], [75.59666083303854, 32.377048270366835, 0.0], [75.59531158010783, 32.3770389548254, 0.0], [75.5939037858747, 32.37628113215682, 0.0], [75.59384482836813, 32.37624837273163, 0.0], [75.58958499781356, 32.373881295135185, 0.0], [75.58683880174952, 32.37237450100403, 0.0], [75.58183535366942, 32.36956843646971, 0.0], [75.57862732343997, 32.36765110755682, 0.0], [75.5786271007526, 32.367650981485276, 0.0], [75.57635552863395, 32.36643643527489, 0.0], [75.57564076946277, 32.36605425922649, 0.0], [75.57511669004901, 32.365774033632135, 0.0], [75.5742152660818, 32.36523089003929, 0.0], [75.57179210766962, 32.363770787796305, 0.0], [75.57031859994837, 32.362980050890684, 0.0], [75.5693704454496, 32.36247122449885, 0.0], [75.5682776085201, 32.3618369743478, 0.0], [75.5664549051514, 32.36077909817699, 0.0], [75.5638774071855, 32.35938252018229, 0.0], [75.56371476655394, 32.35929439320423, 0.0], [75.56180853101401, 32.358035473751045, 0.0], [75.55978013857342, 32.3569793890826, 0.0], [75.55916954687449, 32.35638389621383, 0.0], [75.55846949856972, 32.35481453087292, 0.0], [75.55777444611593, 32.35384478662667, 0.0], [75.55682943690954, 32.353122828570456, 0.0], [75.55529603138888, 32.35247095942467, 0.0], [75.55473734034084, 32.35223344694291, 0.0], [75.55370731164828, 32.35150686378279, 0.0], [75.55357705314044, 32.35140852789554, 0.0], [75.55290093887274, 32.35089810569564, 0.0], [75.55261368916076, 32.35068124841663, 0.0], [75.55137698103661, 32.34962986012526, 0.0], [75.55127778432215, 32.349546822152, 0.0], [75.55032591796224, 32.34875000733987, 0.0], [75.54926993516318, 32.34760421679369, 0.0], [75.54812417816653, 32.346011772443546, 0.0], [75.54777377388118, 32.34552474726557, 0.0], [75.54697281581842, 32.34426175666207, 0.0], [75.54602298643194, 32.34317005137358, 0.0], [75.54502152695399, 32.342237192935414, 0.0], [75.54469098987389, 32.341929293298655, 0.0], [75.54321059769944, 32.34032765527207, 0.0], [75.54201149053017, 32.339032779538925, 0.0], [75.54108301273622, 32.33793212323115, 0.0], [75.54057537524679, 32.337326270425656, 0.0], [75.53979390992743, 32.33639359439752, 0.0], [75.53928516803367, 32.33521646368888, 0.0], [75.53908305989175, 32.334531041163444, 0.0], [75.53899398151559, 32.33422894248068, 0.0], [75.53897078351936, 32.33407497568372, 0.0], [75.53856118799114, 32.331356434907235, 0.0], [75.53855668351773, 32.33133788770113, 0.0], [75.53812747046724, 32.329570623067205, 0.0], [75.53796985870318, 32.328646217005904, 0.0], [75.53784221715014, 32.3278975778652, 0.0], [75.53766366670067, 32.32589556752093, 0.0], [75.5386184340714, 32.325854203731105, 0.0], [75.53909726150576, 32.32583346348451, 0.0], [75.53909742794679, 32.325833456127114, 0.0], [75.54008396271502, 32.32479999150368, 0.0], [75.54096836851214, 32.32387335053034, 0.0], [75.54283957289545, 32.321602171708044, 0.0], [75.54279051423424, 32.321356250802, 0.0], [75.54279057116973, 32.32135616130506, 0.0], [75.54203093410993, 32.317547993602204, 0.0], [75.5418946409171, 32.31558656897343, 0.0], [75.54202023051363, 32.31486509727251, 0.0], [75.54205473825627, 32.31466685983523, 0.0], [75.54352763317046, 32.31227368999622, 0.0], [75.54348219666677, 32.311623695837355, 0.0], [75.54341294722231, 32.310633040882024, 0.0], [75.54331266569018, 32.309198415062944, 0.0], [75.54271016275231, 32.306086922814636, 0.0], [75.54261522752677, 32.305651892339654, 0.0], [75.54221318568614, 32.303809531306705, 0.0], [75.54146003229138, 32.303051560005024, 0.0], [75.53990620887593, 32.301129779417884, 0.0], [75.53988018469818, 32.30106703389733, 0.0], [75.53953021332664, 32.30022323773834, 0.0], [75.53953029759644, 32.300169063976455, 0.0], [75.53953005931652, 32.3001615992937, 0.0], [75.53945808431425, 32.297910126022494, 0.0], [75.53962919600698, 32.296485413706385, 0.0], [75.53946986217574, 32.2950187785119, 0.0], [75.53938720023787, 32.29425787397815, 0.0], [75.53933067831501, 32.29217472386582, 0.0], [75.53857988147459, 32.28909915199663, 0.0], [75.53807219501604, 32.28693003941698, 0.0], [75.5370343752011, 32.284309576030445, 0.0], [75.53682858477471, 32.28311458029309, 0.0], [75.53554078018321, 32.281111755724915, 0.0], [75.53491100673361, 32.28033114582742, 0.0], [75.53389199104285, 32.27906803665175, 0.0], [75.53254484492739, 32.27817882403022, 0.0], [75.53224267824477, 32.277831456603614, 0.0], [75.53037394605657, 32.278326090550536, 0.0], [75.52955750346761, 32.27828365911588, 0.0], [75.52953501528697, 32.278282490128646, 0.0], [75.52861190377183, 32.27823450760274, 0.0], [75.52603862770452, 32.27749303587475, 0.0], [75.52616474002102, 32.2767320935952, 0.0], [75.52618281902403, 32.27662301026849, 0.0], [75.52618351158563, 32.2760052648628, 0.0], [75.52618334184791, 32.27600530489139, 0.0], [75.52599590001856, 32.276049867279035, 0.0], [75.52461494101192, 32.27637821593337, 0.0], [75.52446348399214, 32.27641422623244, 0.0], [75.52324757780832, 32.27682804322501, 0.0], [75.52095733027703, 32.27723036300952, 0.0], [75.52092248812014, 32.277236483555654, 0.0], [75.52096333158718, 32.27809265367913, 0.0], [75.52102101265577, 32.27930173011653, 0.0], [75.5190155394982, 32.27965297804133, 0.0], [75.51877838887437, 32.27969450343991, 0.0], [75.5186639269388, 32.27971455148015, 0.0], [75.51838568415491, 32.28164858920151, 0.0], [75.51607622744497, 32.282268838566225, 0.0], [75.51391501657525, 32.283011051561985, 0.0], [75.51237002391485, 32.28343798254529, 0.0], [75.51187648200332, 32.28352305461212, 0.0], [75.51184969448698, 32.28352768429463, 0.0], [75.50957748675879, 32.28391345857188, 0.0], [75.50918986524296, 32.28399423936586, 0.0], [75.50879004177885, 32.28473686919526, 0.0], [75.50816832081965, 32.28589162459805, 0.0], [75.50769021000457, 32.28681786055544, 0.0], [75.5073673900538, 32.28744324409869, 0.0], [75.50724246014845, 32.2876852614856, 0.0], [75.50613752992474, 32.28836507574169, 0.0], [75.50581767173549, 32.28941989329917, 0.0], [75.50501484923535, 32.29038853416665, 0.0], [75.50475372912273, 32.29056654591305, 0.0], [75.50430822758669, 32.290870253136966, 0.0], [75.50424476052525, 32.2909452287296, 0.0], [75.50393065187467, 32.29131629093569, 0.0], [75.5039335553096, 32.2914279378812, 0.0], [75.5039458949252, 32.291902523722264, 0.0], [75.50403045223628, 32.292191114380614, 0.0], [75.50447012291761, 32.292885859654525, 0.0], [75.50477659546998, 32.2939592339323, 0.0], [75.50488180034866, 32.29468981078089, 0.0], [75.50513506184527, 32.2958533503165, 0.0], [75.50548436808788, 32.29668788264368, 0.0], [75.50622646088074, 32.297536298457466, 0.0], [75.50762078980509, 32.298984854858446, 0.0], [75.50869090176491, 32.30069466014954, 0.0], [75.50910383011856, 32.301637437364306, 0.0], [75.50963891523718, 32.30256681869957, 0.0], [75.51028011664754, 32.303570895560874, 0.0], [75.51039662321374, 32.303753334419156, 0.0], [75.51101675666327, 32.304528746264786, 0.0], [75.51124463951096, 32.30481368628732, 0.0], [75.51217752100341, 32.30607702090436, 0.0], [75.51264824503747, 32.30651198675464, 0.0], [75.5132911844444, 32.30710607765648, 0.0], [75.51153197492201, 32.3085924108875, 0.0], [75.5107221958149, 32.30910704079356, 0.0], [75.51002296747376, 32.309551406881916, 0.0], [75.50765318610439, 32.31101012025484, 0.0], [75.50656615903364, 32.311611293409086, 0.0], [75.50548002520017, 32.312211959513974, 0.0], [75.50546611234843, 32.31221849985119, 0.0], [75.50467621783675, 32.31258979086728, 0.0], [75.50446526617554, 32.3126889476942, 0.0], [75.50416747470572, 32.31225700973084, 0.0], [75.50332059514551, 32.311028612378955, 0.0], [75.50272532357654, 32.31131364375356, 0.0], [75.50108398531641, 32.31209954066858, 0.0], [75.50052491272213, 32.31230595070451, 0.0], [75.50000005578366, 32.31249972549192, 0.0], [75.4992724018993, 32.31237806854017, 0.0], [75.49902363033641, 32.312336475836446, 0.0], [75.49902356609613, 32.31233650231242, 0.0], [75.49829874007712, 32.312635640208974, 0.0], [75.49439101566463, 32.31424826134172, 0.0], [75.49030503287567, 32.31612771454684, 0.0], [75.48941372167724, 32.31666062931974, 0.0], [75.48941351161452, 32.31666062815863, 0.0], [75.4863923442295, 32.316631805954664, 0.0], [75.48592488631306, 32.31701403622308, 0.0], [75.481915324546, 32.320292379105666, 0.0], [75.48215765457972, 32.32042275729139, 0.0], [75.48337114185959, 32.32107562686704, 0.0], [75.48451414368199, 32.322165787651876, 0.0], [75.4856629371629, 32.323639227102454, 0.0], [75.48551499163752, 32.323781005644825, 0.0], [75.48469754554048, 32.32456436589294, 0.0], [75.48435105480047, 32.325436133522, 0.0], [75.48422114663444, 32.325762975729305, 0.0], [75.48379758400658, 32.326828624493984, 0.0], [75.48370903277376, 32.327071845318976, 0.0], [75.48320476765257, 32.32845687851102, 0.0], [75.48307616057302, 32.328759744514244, 0.0], [75.48275469062878, 32.32951678873412, 0.0], [75.48209028741337, 32.3309989589178, 0.0], [75.4817800969245, 32.3316909250088, 0.0], [75.48167990230542, 32.33231322910944, 0.0], [75.48174390545084, 32.33249752350986, 0.0], [75.48187714346778, 32.332881172535274, 0.0], [75.48229755810515, 32.333656382253956, 0.0], [75.48221842445412, 32.33406218716107, 0.0], [75.48150800764752, 32.33516747127823, 0.0], [75.48277893763124, 32.3365415114559, 0.0], [75.4827790149028, 32.33654159457144, 0.0], [75.48329087459345, 32.3362236484914, 0.0], [75.48364397028409, 32.336004317077936, 0.0], [75.48410075135355, 32.336872005021874, 0.0], [75.48447433366727, 32.33758163847387, 0.0], [75.48447438472013, 32.33758173452831, 0.0], [75.48463164362529, 32.33748639908529, 0.0], [75.4846607335863, 32.33746876394621, 0.0], [75.48613547207866, 32.336574714170006, 0.0], [75.48644081743441, 32.337373899462506, 0.0], [75.48672466570245, 32.338116809177414, 0.0], [75.48692940502202, 32.33865266076607, 0.0], [75.48806720310932, 32.33963455099909, 0.0], [75.48832201778494, 32.33970190468329, 0.0], [75.48832216957695, 32.33970194522045, 0.0], [75.48863884872632, 32.33948175331288, 0.0], [75.48887405063931, 32.33931821190327, 0.0], [75.48927232611545, 32.33929979787047, 0.0], [75.48976649813572, 32.3394481732683, 0.0], [75.49012251443894, 32.33963271805876, 0.0], [75.49083449888951, 32.33983491085255, 0.0], [75.49326213156509, 32.34022039033516, 0.0], [75.4940166409653, 32.340404537323245, 0.0], [75.4949416505442, 32.34112513252167, 0.0], [75.4948232483744, 32.34125973861519, 0.0], [75.49429467752523, 32.34186063977496, 0.0], [75.49284244149139, 32.34275648438476, 0.0], [75.4926548633153, 32.342872194360304, 0.0], [75.49166778623409, 32.34354496564443, 0.0], [75.49118558139118, 32.344043939185084, 0.0], [75.49106239858813, 32.34417140489307, 0.0], [75.49095342808027, 32.3442841634413, 0.0], [75.4903681725991, 32.344889759682715, 0.0], [75.48910497066584, 32.34556277154689, 0.0], [75.48910481410132, 32.3455627436246, 0.0], [75.48868397740593, 32.34548871126242, 0.0], [75.48824516773956, 32.34541151575494, 0.0], [75.48795745768582, 32.34536090153324, 0.0], [75.48649074225457, 32.344726423506486, 0.0], [75.48644450192587, 32.34459220511606, 0.0], [75.4862935275976, 32.34415397786577, 0.0], [75.48658732279878, 32.343940953850215, 0.0], [75.48708416747405, 32.34358069876017, 0.0], [75.48647728141763, 32.34228025120517, 0.0], [75.48633328740581, 32.341971690857356, 0.0], [75.48593490331706, 32.34187281944909, 0.0], [75.485934692036, 32.34187282098241, 0.0], [75.4852128776152, 32.341873512054086, 0.0], [75.4851859537293, 32.341873537609835, 0.0], [75.48517770033534, 32.34186265151402, 0.0], [75.48475668999282, 32.341307324322784, 0.0], [75.48464722378976, 32.34116293367188, 0.0], [75.48411675452174, 32.34046321279415, 0.0], [75.48233702010916, 32.34009501889742, 0.0], [75.48144410091795, 32.33995417856256, 0.0], [75.48074606078106, 32.339844073852284, 0.0], [75.48036395208744, 32.3397838003596, 0.0], [75.48000505746711, 32.33972718768212, 0.0], [75.479884717701, 32.33958770699617, 0.0], [75.47976071941378, 32.339443985820935, 0.0], [75.4789361225821, 32.33848822022998, 0.0], [75.4789359111694, 32.3384882253916, 0.0], [75.47822445085836, 32.33852032512748, 0.0], [75.47767234771914, 32.338687598814275, 0.0], [75.47704070282748, 32.33902629891501, 0.0], [75.4770405846561, 32.33902624836103, 0.0], [75.47579200881499, 32.33849524543619, 0.0], [75.47504810791541, 32.338135125129604, 0.0], [75.47504818512257, 32.338135266502015, 0.0], [75.47546308276003, 32.338892335164225, 0.0], [75.47543193302413, 32.33896826872479, 0.0], [75.47515376401631, 32.33964635430698, 0.0], [75.47503939553559, 32.3399251440119, 0.0], [75.47503924100322, 32.339925005992605, 0.0], [75.47384326731577, 32.338857473294986, 0.0], [75.47384305486553, 32.33885747751154, 0.0], [75.47213317422262, 32.33891295693134, 0.0], [75.47121446034598, 32.33899928660793, 0.0], [75.47120406461175, 32.33849383485712, 0.0], [75.47120323945104, 32.33845373903815, 0.0], [75.46912686281063, 32.33863116539043, 0.0], [75.47001174547862, 32.33668723108996, 0.0], [75.47002680488822, 32.33526132306756, 0.0], [75.47003107976029, 32.33485657677068, 0.0], [75.47060827355234, 32.33442374027708, 0.0], [75.47154242117864, 32.33372321286848, 0.0], [75.471587943584, 32.3336890749326, 0.0], [75.47182461909577, 32.33351158707129, 0.0], [75.47185092632617, 32.33310081002199, 0.0], [75.47186649205723, 32.33285775305324, 0.0], [75.47099501313129, 32.33238947142065, 0.0], [75.46878464698206, 32.33128195916972, 0.0], [75.46789427810486, 32.33067435161334, 0.0], [75.46755716296369, 32.33044429383632, 0.0], [75.4665972294763, 32.32967166690327, 0.0], [75.46597322357476, 32.32916941121794, 0.0], [75.46880304934918, 32.32810446478417, 0.0], [75.46964658503148, 32.3277870035604, 0.0], [75.46944895103077, 32.32671403406365, 0.0], [75.46870117365278, 32.32639560838416, 0.0], [75.46842364952617, 32.32627742829289, 0.0], [75.46778466625983, 32.32460058915307, 0.0], [75.46778449201736, 32.324600689074, 0.0], [75.46486578348127, 32.32628002999226, 0.0], [75.46209977758829, 32.327057534930276, 0.0], [75.4620996671746, 32.327057506422165, 0.0], [75.44950631865049, 32.32382371711466, 0.0], [75.4495063101835, 32.32382377058899, 0.0], [75.4493109129532, 32.325131408384664, 0.0], [75.44812747361418, 32.32604297240839, 0.0], [75.44571425147545, 32.32301885076353, 0.0], [75.44525481654529, 32.321916759476856, 0.0], [75.44495882091616, 32.32120671465252, 0.0], [75.44377422017173, 32.320571641327675, 0.0], [75.44377414869571, 32.320571660300985, 0.0], [75.44290355737843, 32.320806545907075, 0.0], [75.44290352815557, 32.32080652507781, 0.0], [75.44214355254357, 32.3202567809793, 0.0], [75.44199251013374, 32.32014751994444, 0.0], [75.4416018990796, 32.31986495949422, 0.0], [75.44116425218496, 32.31913877667898, 0.0], [75.44071467929037, 32.31839279293227, 0.0], [75.44062942096897, 32.31825132043841, 0.0], [75.44049084929962, 32.31802138149868, 0.0], [75.43764424295442, 32.317251849542835, 0.0], [75.43764419831597, 32.31725189565059, 0.0], [75.43709241973674, 32.31782020560929, 0.0], [75.43709225876833, 32.317820153845474, 0.0], [75.43524946973194, 32.317230450621054, 0.0], [75.43344926046949, 32.31684359080087, 0.0], [75.4320335116287, 32.3167017754658, 0.0], [75.4317261506318, 32.316670985020984, 0.0], [75.43161188958142, 32.31665953869082, 0.0], [75.43156013478304, 32.31653825262649, 0.0], [75.43134837216981, 32.31604199155222, 0.0], [75.43113866868049, 32.315550549826355, 0.0], [75.43074011093884, 32.31506377036323, 0.0], [75.42999148278753, 32.31499649862749, 0.0], [75.42999142751432, 32.31499651440033, 0.0], [75.42880230483838, 32.31533514275033, 0.0], [75.42724454709382, 32.316311706362605, 0.0], [75.42625453778922, 32.31693232638916, 0.0], [75.4262549421961, 32.317653754260085, 0.0], [75.42535301840341, 32.317821477089815, 0.0], [75.42499134233093, 32.317888733189115, 0.0], [75.42372773860802, 32.31812370146126, 0.0], [75.41993175099148, 32.31906296245937, 0.0], [75.41842955867186, 32.32003746616153, 0.0], [75.41776077592834, 32.32077716872134, 0.0], [75.41677344296444, 32.32141778536153, 0.0], [75.41641799265241, 32.32212126292976, 0.0], [75.41609965416995, 32.3226939894336, 0.0], [75.41433755027785, 32.32461535913889, 0.0], [75.41155261089403, 32.32788082527696, 0.0], [75.4112219606937, 32.328268511118736, 0.0], [75.41051050990079, 32.32862040057752, 0.0], [75.41051040463245, 32.32862040585752, 0.0], [75.40974050592598, 32.328688217607294, 0.0], [75.40974037108951, 32.32868821114526, 0.0], [75.4097402938406, 32.32868821264878, 0.0], [75.40831730680992, 32.32862102754997, 0.0], [75.40715424806267, 32.328301187210926, 0.0], [75.40715420440947, 32.32830123515731, 0.0], [75.40701675276254, 32.328452702932516, 0.0], [75.40661809833304, 32.328892003534605, 0.0], [75.40661793864348, 32.32889194631667, 0.0], [75.40635377739133, 32.328797767227535, 0.0], [75.40535354534748, 32.32844115577971, 0.0], [75.40530984487557, 32.32825335453282, 0.0], [75.40540345589604, 32.3280022779615, 0.0], [75.4054526326439, 32.32787037960407, 0.0], [75.4054919244562, 32.327764994222925, 0.0], [75.40547051494087, 32.32739528230362, 0.0], [75.40527393052551, 32.32724652248882, 0.0], [75.40505617519271, 32.3271631886784, 0.0], [75.40483842123417, 32.32707985459251, 0.0], [75.40369142564796, 32.32687721315162, 0.0], [75.4036914050429, 32.326877247171396, 0.0], [75.40331979431855, 32.32748147157237, 0.0], [75.40311830462065, 32.328238998216776, 0.0], [75.40246523238288, 32.32860887939921, 0.0], [75.40218951973152, 32.33005180533452, 0.0], [75.40218930750419, 32.33005180400366, 0.0], [75.39938560186596, 32.33001632836705, 0.0], [75.39529544555234, 32.32744019126659, 0.0], [75.39448326806166, 32.32692861733532, 0.0], [75.39448313737736, 32.32692867014462, 0.0], [75.39198231772596, 32.327943453890356, 0.0], [75.38801043562984, 32.32984225458555, 0.0], [75.38627399801894, 32.330699098108624, 0.0], [75.38535037612473, 32.33114115748986, 0.0], [75.38472871283122, 32.331438690011446, 0.0], [75.38415882631404, 32.3317431050943, 0.0], [75.38209476482446, 32.332845620015156, 0.0], [75.3802945851186, 32.33398647307056, 0.0], [75.3798378496057, 32.33415329871684, 0.0], [75.37977500976656, 32.334159062871116, 0.0], [75.37944485205915, 32.33418939314916, 0.0], [75.37944477851126, 32.334189381997966, 0.0], [75.37857383698815, 32.334054165191915, 0.0], [75.37857362478914, 32.33405416292155, 0.0], [75.37782508061022, 32.334036204779984, 0.0], [75.37721431380437, 32.33408575151065, 0.0], [75.37653986391041, 32.334306711887756, 0.0], [75.37593444940781, 32.33464943071021, 0.0], [75.37541930433585, 32.335032653584435, 0.0], [75.37502633018276, 32.33548804218109, 0.0], [75.37490950881994, 32.33617346374565, 0.0], [75.37496787870911, 32.336980511310465, 0.0], [75.37453243764251, 32.33731865771936, 0.0], [75.37453235461743, 32.33731855891672, 0.0], [75.37324721906815, 32.33579011741783, 0.0], [75.37249838150218, 32.33495145880722, 0.0], [75.37209773052129, 32.334795770771514, 0.0], [75.37067679703246, 32.334243603596896, 0.0], [75.37034158146767, 32.334168465375484, 0.0], [75.36858440756922, 32.33377458352918, 0.0], [75.36616274964449, 32.33327842919493, 0.0], [75.36493598789882, 32.332976252408066, 0.0], [75.36355526628844, 32.332858903183045, 0.0], [75.3635552003941, 32.33285891590584, 0.0], [75.36311975070736, 32.3329445960442, 0.0], [75.36252591489297, 32.333354946697725, 0.0], [75.36229122438789, 32.333517120743416, 0.0], [75.3619937039197, 32.33410327392071, 0.0], [75.36199373346209, 32.33410331388846, 0.0], [75.3620136597294, 32.33413053744868, 0.0], [75.36343272690826, 32.33606928951016, 0.0], [75.36347521598873, 32.33611887415809, 0.0], [75.36347491955924, 32.33611877666711, 0.0], [75.36245951178374, 32.33578616811181, 0.0], [75.36229090463348, 32.33573093836711, 0.0], [75.36086777354633, 32.33492373570094, 0.0], [75.3608676158037, 32.33492376679037, 0.0], [75.3597577266814, 32.33514458863734, 0.0], [75.35865300479938, 32.3353427735349, 0.0], [75.3574474050061, 32.33588368126624, 0.0], [75.35536537692086, 32.33669949102946, 0.0], [75.35557247734802, 32.3375894653324, 0.0], [75.35573683456413, 32.33829574805398, 0.0], [75.35547766422772, 32.33846698530356, 0.0], [75.35517279379943, 32.33866841677496, 0.0], [75.35271432840054, 32.340292698981756, 0.0], [75.3498295309336, 32.34364671406666, 0.0], [75.34937598987757, 32.34497105808859, 0.0], [75.34927676442217, 32.34526079408095, 0.0], [75.349276552027, 32.345260796319494, 0.0], [75.34519221595708, 32.34532309656775, 0.0], [75.34207294580989, 32.34579064868548, 0.0], [75.34206901552298, 32.34579123741516, 0.0], [75.34206882429235, 32.34579121930298, 0.0], [75.34172509513117, 32.34575869437917, 0.0], [75.34159094869116, 32.34574598384942, 0.0], [75.3411980093507, 32.34547541690289, 0.0], [75.34076270695283, 32.344902661206525, 0.0], [75.34032836674866, 32.34154792675189, 0.0], [75.34060547328451, 32.3392980893355, 0.0], [75.34062399851081, 32.33903843761007, 0.0], [75.34071511259648, 32.33776139393131, 0.0], [75.34072288997992, 32.33765238372836, 0.0], [75.34013864865345, 32.33699012481357, 0.0], [75.33983737212353, 32.33664861372849, 0.0], [75.33924352241213, 32.335975447622836, 0.0], [75.33919304324374, 32.335918225999414, 0.0], [75.33894443709845, 32.335636411235036, 0.0], [75.33894434114856, 32.335636452232364, 0.0], [75.33625215190177, 32.33679224574412, 0.0], [75.33590082075699, 32.33694307168341, 0.0], [75.33503076847883, 32.33489584312566, 0.0], [75.33519075690066, 32.33321403390042, 0.0], [75.33543109527693, 32.330157078197836, 0.0], [75.33277413710397, 32.32750310683526, 0.0], [75.33277395666762, 32.32750317003068, 0.0], [75.33277288346125, 32.32750209936561, 0.0], [75.33216718091727, 32.32718760731843, 0.0], [75.33168234820164, 32.32693586948352, 0.0], [75.33147630899796, 32.326720047596005, 0.0], [75.33168835231916, 32.3267041216936, 0.0], [75.33195409054434, 32.32668416195573, 0.0], [75.33195429258812, 32.326684149435586, 0.0], [75.33223218095367, 32.32668297383079, 0.0], [75.32779448480113, 32.32611961108605, 0.0], [75.32777143752772, 32.32611668525342, 0.0], [75.32777012732593, 32.326122313153284, 0.0], [75.32700469140194, 32.32940859842171, 0.0], [75.32724542802337, 32.332378354719175, 0.0], [75.32683349168158, 32.33494745088127, 0.0], [75.32581130808461, 32.337639956087095, 0.0], [75.32581071508962, 32.337641356673345, 0.0], [75.3242496074318, 32.34132931258145, 0.0], [75.32267035712293, 32.34352776015121, 0.0], [75.31683067285745, 32.342903264614236, 0.0], [75.31595562022382, 32.34287047121827, 0.0], [75.315115239863, 32.34283897177386, 0.0], [75.31133506828458, 32.34269723542983, 0.0], [75.30680787593647, 32.3429610949596, 0.0], [75.3021595605999, 32.34428493886682, 0.0], [75.29964660811855, 32.3464496650211, 0.0], [75.29964593955043, 32.34645404261448, 0.0], [75.29903800496724, 32.35043418764185, 0.0], [75.29887332054358, 32.353515293435564, 0.0], [75.29887137906002, 32.353515470538895, 0.0], [75.2962048749434, 32.35375831127292, 0.0], [75.29147127605349, 32.35403359067594, 0.0], [75.2883023604502, 32.354481047626855, 0.0], [75.28830313800864, 32.35448635090428, 0.0], [75.28853207698874, 32.35604732628196, 0.0], [75.28760438203356, 32.35864618612305, 0.0], [75.28735476051439, 32.360679100252355, 0.0], [75.28848101674117, 32.3643872148029, 0.0], [75.28966095701797, 32.367477903128005, 0.0], [75.28974831277569, 32.369842267689684, 0.0], [75.28974590048833, 32.369843335150044, 0.0], [75.28495590416713, 32.371963559832864, 0.0], [75.2807315683739, 32.37343739279747, 0.0], [75.27538190328717, 32.37506409755661, 0.0], [75.27290455757316, 32.37511998593115, 0.0], [75.27062352722064, 32.373760352548516, 0.0], [75.26786059207355, 32.371551044026326, 0.0], [75.26639152444885, 32.371285123159176, 0.0], [75.26578226019353, 32.37179333203373, 0.0], [75.2650348448475, 32.372416767772975, 0.0], [75.26481747413756, 32.37228211798772, 0.0], [75.26231421381287, 32.37073143022604, 0.0], [75.2601106590509, 32.37033244516948, 0.0], [75.25812933852544, 32.37141240338954, 0.0], [75.2581287863301, 32.37141721167618, 0.0], [75.2577035518431, 32.3751227564419, 0.0], [75.25770137859674, 32.37512789881804, 0.0], [75.25709529610593, 32.37656202538294, 0.0], [75.25535947116435, 32.37683793447334, 0.0], [75.25535989767631, 32.376843239406924, 0.0], [75.25547872472174, 32.3783228718651, 0.0], [75.25622721911638, 32.38249182528369, 0.0], [75.25703662519894, 32.386130722047106, 0.0], [75.25718398729794, 32.38796505456703, 0.0], [75.25718149587311, 32.387967666527196, 0.0], [75.25594392229786, 32.38926534164301, 0.0], [75.2543318416013, 32.38979732913464, 0.0], [75.25203893672094, 32.38957885465582, 0.0], [75.2497999178717, 32.388742942143224, 0.0], [75.24757495605833, 32.38808168936244, 0.0], [75.24580169770095, 32.38660452625937, 0.0], [75.24482402060052, 32.384730385505684, 0.0], [75.24155085598531, 32.38518260611616, 0.0], [75.23830565425992, 32.38598414170761, 0.0], [75.23552814913423, 32.38746065082613, 0.0], [75.23378003382004, 32.38887775113792, 0.0], [75.23081937526268, 32.39194426777633, 0.0], [75.22861734484677, 32.39286092231207, 0.0], [75.22739400300684, 32.39179059794141, 0.0], [75.2260085789326, 32.39257241416308, 0.0], [75.22482204989174, 32.3932550087253, 0.0], [75.22293577520993, 32.39424113153326, 0.0], [75.22293612498042, 32.39424550394822, 0.0], [75.22308944564134, 32.396162852456, 0.0], [75.22308693995605, 32.396165287802276, 0.0], [75.2209780150226, 32.398214934843594, 0.0], [75.21798694855856, 32.399615552584805, 0.0], [75.21501672214839, 32.40127815238946, 0.0], [75.21186504060381, 32.40066954277258, 0.0], [75.20955477168292, 32.397643208345, 0.0], [75.20756049601398, 32.394686443516115, 0.0], [75.20483640794383, 32.395544896221764, 0.0], [75.20274226041265, 32.39630842830882, 0.0], [75.20121937488057, 32.396863653187275, 0.0], [75.19940896287034, 32.397523681286025, 0.0], [75.19395484778225, 32.40046901174483, 0.0], [75.19241176213914, 32.40187372931907, 0.0], [75.19241123412851, 32.401877893378675, 0.0], [75.19233461559851, 32.40248180816836, 0.0], [75.19220230369926, 32.4035246838085, 0.0], [75.19203045822613, 32.40487912301658, 0.0], [75.19199282796217, 32.40830357447323, 0.0], [75.1924478316475, 32.410120273939405, 0.0], [75.19450037001546, 32.40991488032867, 0.0], [75.19749358973064, 32.40983101222067, 0.0], [75.19915657428135, 32.41122740844865, 0.0], [75.20039526468103, 32.413788896800426, 0.0], [75.20039287802818, 32.41379433030353, 0.0], [75.19916942788845, 32.41657951092713, 0.0], [75.1991691383902, 32.41658078761513, 0.0], [75.19878682041951, 32.41826873289151, 0.0], [75.19957882646173, 32.420417091886016, 0.0], [75.19957609469239, 32.42042149691484, 0.0], [75.19884546403425, 32.421599921790715, 0.0], [75.19767798636474, 32.42137437440035, 0.0], [75.19765416438513, 32.4213697729827, 0.0], [75.1976426601507, 32.421367550017656, 0.0], [75.196743938246, 32.4211939211957, 0.0], [75.19355132582429, 32.42137692834861, 0.0], [75.19174624391344, 32.4220946192706, 0.0], [75.19174685743033, 32.42209921021554, 0.0], [75.19200228868323, 32.424010470864324, 0.0], [75.1919995709132, 32.42401265281297, 0.0], [75.1897656434701, 32.42580586429477, 0.0], [75.18709477399712, 32.42604656408853, 0.0], [75.18493759399352, 32.42494154495694, 0.0], [75.18250623297193, 32.424290933697264, 0.0], [75.18032951168935, 32.424239964522904, 0.0], [75.17903110646238, 32.42352447605589, 0.0], [75.17825344827627, 32.42155069486968, 0.0], [75.17679077480547, 32.42137108099402, 0.0], [75.17466964922905, 32.422018838869036, 0.0], [75.17131260620627, 32.42273717338192, 0.0], [75.16762573233737, 32.42321100069391, 0.0], [75.16385565960998, 32.422636472784625, 0.0], [75.16195931784377, 32.42090194934206, 0.0], [75.16012448065284, 32.41863739686615, 0.0], [75.15868266391693, 32.41871963489686, 0.0], [75.15518193301239, 32.4202354748549, 0.0], [75.15266255814971, 32.421081051769804, 0.0], [75.15076646391284, 32.41934635920657, 0.0], [75.14731181984436, 32.41752489997073, 0.0], [75.14430312912975, 32.41480048775982, 0.0], [75.14393506730933, 32.41451806678463, 0.0], [75.1411093824489, 32.41234978597839, 0.0], [75.13551279537302, 32.40959690389373, 0.0], [75.13325366059657, 32.40849685052509, 0.0], [75.13142076565356, 32.40886425505365, 0.0], [75.13142040287168, 32.40886960327754, 0.0], [75.1311817744112, 32.41238774387383, 0.0], [75.13165627306095, 32.41446672884345, 0.0], [75.13165339394952, 32.414469687860425, 0.0], [75.13002968509497, 32.41613859638077, 0.0], [75.1275308732234, 32.41724573832038, 0.0], [75.12708487730077, 32.418148538454076, 0.0], [75.12708443906365, 32.41815060155381, 0.0], [75.12663239537335, 32.42028016689404, 0.0], [75.12706588778546, 32.423151218207266, 0.0], [75.12725204392741, 32.42550982753712, 0.0], [75.1299235220887, 32.426586585793665, 0.0], [75.13301344945597, 32.42641104786089, 0.0], [75.13322685855469, 32.42780288420279, 0.0], [75.13322433372723, 32.42780680638471, 0.0], [75.13193666183471, 32.429806636518016, 0.0], [75.12935518384188, 32.4311817313998, 0.0], [75.12840145633831, 32.43351732105211, 0.0], [75.12666414593166, 32.43379144855203, 0.0], [75.12445314882187, 32.43461891800842, 0.0], [75.124453009546, 32.43462385468001, 0.0], [75.12439877581802, 32.43655243822771, 0.0], [75.12439662631049, 32.43655464664103, 0.0], [75.12277165801187, 32.43822420763181, 0.0], [75.12179012306136, 32.44021032092977, 0.0], [75.12096634592139, 32.44157324810452, 0.0], [75.11859758813982, 32.444339971929, 0.0], [75.11859700204045, 32.444343755959416, 0.0], [75.1181861016567, 32.446995699063294, 0.0], [75.11920377699012, 32.45202730684009, 0.0], [75.11927297977918, 32.45421704796252, 0.0], [75.11927059975939, 32.45421863608541, 0.0], [75.11740494587316, 32.45546364503135, 0.0], [75.1110997384488, 32.45819000213483, 0.0], [75.10776850418831, 32.4605722430286, 0.0], [75.10776921837002, 32.46057584857124, 0.0], [75.10845582962806, 32.46404317306527, 0.0], [75.10850410360648, 32.46465613669847, 0.0], [75.10871600371183, 32.46734669498395, 0.0], [75.1087253875426, 32.46746583561312, 0.0], [75.10872811669805, 32.46750048819149, 0.0], [75.1087379065028, 32.467624785784444, 0.0], [75.10794149213028, 32.47196940430633, 0.0], [75.10793978062142, 32.4719721912145, 0.0], [75.10665698420668, 32.474060239849045, 0.0], [75.10651104075846, 32.47415390246929, 0.0], [75.10320824020256, 32.47627347151839, 0.0], [75.10135327701106, 32.47769454014638, 0.0], [75.09897607138913, 32.477741171507034, 0.0], [75.09673630516319, 32.47558636691128, 0.0], [75.09594625889896, 32.4734373783254, 0.0], [75.09449669461077, 32.47211534563688, 0.0], [75.09268310205901, 32.47011189578918, 0.0], [75.09075271070012, 32.46925570325358, 0.0], [75.08830011479591, 32.46965738037013, 0.0], [75.08713211431439, 32.47060073972132, 0.0], [75.0862871331696, 32.47038518263679, 0.0], [75.08553852762897, 32.46876027293896, 0.0], [75.08424003348841, 32.469359988100166, 0.0], [75.08423965412277, 32.469364848039156, 0.0], [75.08403352836896, 32.47200396862843, 0.0], [75.08403163957504, 32.47200505112663, 0.0], [75.08284488539003, 32.47268521543759, 0.0], [75.07659223312461, 32.476108697502276, 0.0], [75.07321150255733, 32.47787850984197, 0.0], [75.06994054570653, 32.47972978799003, 0.0], [75.06959071227796, 32.477906863376, 0.0], [75.0678181636552, 32.477743385113286, 0.0], [75.06483577275186, 32.47931505724491, 0.0], [75.06223870943953, 32.479197871172666, 0.0], [75.05946229976031, 32.48075782595494, 0.0], [75.05720172003753, 32.48097259444018, 0.0], [75.05476914453617, 32.48163569352702, 0.0], [75.05312500298882, 32.48272471544001, 0.0], [75.05268428925868, 32.48301662258022, 0.0], [75.05250811224364, 32.48313331239857, 0.0], [75.052308560152, 32.48326548413486, 0.0], [75.0501348286645, 32.48474582075987, 0.0], [75.04956560665089, 32.48513345564596, 0.0], [75.04837690133859, 32.48594293743668, 0.0], [75.04800355228731, 32.486234648250985, 0.0], [75.04535221231205, 32.48830616325522, 0.0], [75.0446068292723, 32.488040866820356, 0.0], [75.0438614484722, 32.48777556681109, 0.0], [75.04163555994258, 32.48711067819066, 0.0], [75.03688562191296, 32.48992134761851, 0.0], [75.03287056246832, 32.492866165823195, 0.0], [75.03044173608791, 32.49457437701194, 0.0], [75.03029174998125, 32.494679860009775, 0.0], [75.03002417735809, 32.49486803976613, 0.0], [75.0296554214423, 32.49527666417589, 0.0], [75.02949296607984, 32.495456681732364, 0.0], [75.02802275309213, 32.4970858011732, 0.0], [75.02609344607406, 32.494912445776976, 0.0], [75.02474081507275, 32.49282655434938, 0.0], [75.02362271602836, 32.4911022602941, 0.0], [75.0232525590987, 32.490283825025195, 0.0], [75.02232239670201, 32.488227133271785, 0.0], [75.02199717772395, 32.48750801716296, 0.0], [75.01818127945502, 32.4823690767552, 0.0], [75.01731677292683, 32.48052761004708, 0.0], [75.0168165814593, 32.47946213463138, 0.0], [75.01669130947593, 32.47785086139328, 0.0], [75.01648377723676, 32.47518143226533, 0.0], [75.0165563768798, 32.47079393877934, 0.0], [75.01655643594167, 32.47079033786357, 0.0], [75.01701137923388, 32.470350257856396, 0.0], [75.01790411410234, 32.46948667280188, 0.0], [75.01974358426185, 32.467894749104026, 0.0], [75.01974663232258, 32.46789211137001, 0.0], [75.01930160159003, 32.46616216525509, 0.0], [75.01735840624902, 32.46513012218987, 0.0], [75.01602555741427, 32.46529232557486, 0.0], [75.01469270821386, 32.46545451738375, 0.0], [75.01189804928283, 32.464118986215475, 0.0], [75.01078954163249, 32.46317185497015, 0.0], [75.00968104834512, 32.46222471368919, 0.0], [75.00329090089934, 32.45722906292615, 0.0], [75.0009630228011, 32.45656919829019, 0.0], [75.00040985828754, 32.45685839421152, 0.0], [74.99927230050429, 32.45745310243767, 0.0], [74.99816738815794, 32.45654953972963, 0.0], [74.9967533793011, 32.455663190220776, 0.0], [74.99597455804235, 32.45496079337562, 0.0], [74.99519574391257, 32.45425838869061, 0.0], [74.99372088902619, 32.45258574106704, 0.0], [74.99187454692958, 32.451460199838856, 0.0], [74.99065842150257, 32.45179112605447, 0.0], [74.99061173599438, 32.45180654498683, 0.0], [74.98874132482358, 32.45242427126089, 0.0], [74.98734775818144, 32.45179990525347, 0.0], [74.9870036101485, 32.45123657454624, 0.0], [74.98651833511518, 32.45044222407794, 0.0], [74.98436137332371, 32.45064995111905, 0.0], [74.9838014414493, 32.45076883186024, 0.0], [74.98324150846052, 32.450887710674614, 0.0], [74.98057439877445, 32.45252756488684, 0.0], [74.97721968083253, 32.45464425663464, 0.0], [74.97717609659036, 32.454675619512564, 0.0], [74.97654308787385, 32.4551311305414, 0.0], [74.97418068046952, 32.456831056001164, 0.0], [74.97128505948606, 32.45953624330244, 0.0], [74.96993197828078, 32.45943586637118, 0.0], [74.96857889716723, 32.45933547923845, 0.0], [74.96546923372924, 32.45792870340633, 0.0], [74.96071298398368, 32.455297063087144, 0.0], [74.95670726558261, 32.45165856753172, 0.0], [74.95575067774229, 32.4506587071321, 0.0], [74.95479410178018, 32.449658834627385, 0.0], [74.95266150152806, 32.447495751660064, 0.0], [74.95193690745167, 32.447491999271875, 0.0], [74.95121231338248, 32.447488244632765, 0.0], [74.94864993266374, 32.4478055389661, 0.0], [74.94704172891745, 32.448420943897965, 0.0], [74.94704028169444, 32.44842635666803, 0.0], [74.94639894455256, 32.45082540855612, 0.0], [74.94639793154249, 32.450827838555995, 0.0], [74.94639691849392, 32.450830269464774, 0.0], [74.94548179574988, 32.45302552195217, 0.0], [74.94508861430745, 32.45396868259543, 0.0], [74.94357210323008, 32.457123337514915, 0.0], [74.94357151201693, 32.4571250813777, 0.0], [74.94357092084235, 32.45712682433166, 0.0], [74.94163202367984, 32.46284574705699, 0.0], [74.94163109552156, 32.46284667615348, 0.0], [74.94163016625268, 32.462847606126154, 0.0], [74.93894134445038, 32.46553879600809, 0.0], [74.93619679693415, 32.467532862005115, 0.0], [74.9361960091536, 32.467537515527525, 0.0], [74.93610164307853, 32.46809531677227, 0.0], [74.93591211921651, 32.4692155744613, 0.0], [74.93792576395573, 32.471287702294816, 0.0], [74.93793505448778, 32.47129726207805, 0.0], [74.93793134437786, 32.471297466628315, 0.0], [74.93792763422947, 32.47129767208736, 0.0], [74.93717501759075, 32.471339238597835, 0.0], [74.93463709752575, 32.471479384151245, 0.0], [74.93386856068494, 32.471429205703394, 0.0], [74.93099639745465, 32.47124165256879, 0.0], [74.92816926731986, 32.46946743196195, 0.0], [74.92510932152861, 32.46735504688795, 0.0], [74.92151414533791, 32.46500888420094, 0.0], [74.9192830228551, 32.46425446294654, 0.0], [74.91835218680484, 32.464261871448, 0.0], [74.91742135060055, 32.464269275644654, 0.0], [74.91394827804879, 32.46621521797288, 0.0], [74.91304618160589, 32.46727382885911, 0.0], [74.91214407131662, 32.4683324317333, 0.0], [74.90964509864459, 32.47083877528759, 0.0], [74.90830921359331, 32.4723160139745, 0.0], [74.90659723445464, 32.472936567789844, 0.0], [74.90375048395292, 32.470899697755335, 0.0], [74.90079031287421, 32.46737751344764, 0.0], [74.89745612453324, 32.46843799926688, 0.0], [74.89174843261388, 32.47094465512827, 0.0], [74.88895634004663, 32.47241812315399, 0.0], [74.88735947825602, 32.47326079276838, 0.0], [74.88560073450792, 32.474188854830864, 0.0], [74.88488359474414, 32.4745672679338, 0.0], [74.88471454760857, 32.47463183445763, 0.0], [74.87925160175668, 32.476718232713615, 0.0], [74.8783473997363, 32.47843467894874, 0.0], [74.87834762285976, 32.47843568410948, 0.0], [74.87913578479979, 32.4819885704273, 0.0], [74.88046355344201, 32.48396649880697, 0.0], [74.8812376369891, 32.48511958779644, 0.0], [74.88389503971335, 32.48874653605729, 0.0], [74.88365496716513, 32.49018169931866, 0.0], [74.88353955742221, 32.490871613573184, 0.0], [74.8835381706951, 32.490872103212425, 0.0], [74.88124376338581, 32.491682449124184, 0.0], [74.88079660827208, 32.49184037144673, 0.0], [74.88001144420336, 32.49211766641688, 0.0], [74.87899994004118, 32.49243309092027, 0.0], [74.87798843482429, 32.49274850911823, 0.0]]]}}]}