sequence_number,longitude,latitude,easting_epsg32643,northing_epsg32643,cumulative_distance_km,source_edge_id,osm_way_id,road_name,source_coordinate_index,vertex_type
1,75.191949,32.991498,517932.78,3650360.8,0.0,OSM_WAY_NH44_MAINLINE,NH44_MAINLINE,NH-44 Jammu-Srinagar Highway,0,Original Winding Source Vertex
2,75.191897,32.991469,517927.95,3650357.54,0.006,OSM_WAY_NH44_MAINLINE,NH44_MAINLINE,NH-44 Jammu-Srinagar Highway,1,Original Winding Source Vertex
3,75.191738,32.991377,517913.09,3650347.29,0.024,OSM_WAY_NH44_MAINLINE,NH44_MAINLINE,NH-44 Jammu-Srinagar Highway,2,Original Winding Source Vertex
4,75.19151,32.991253,517891.84,3650333.53,0.049,OSM_WAY_NH44_MAINLINE,NH44_MAINLINE,NH-44 Jammu-Srinagar Highway,3,Original Winding Source Vertex
5,75.19145,32.991226,517886.28,3650330.51,0.056,OSM_WAY_NH44_MAINLINE,NH44_MAINLINE,NH-44 Jammu-Srinagar Highway,4,Original Winding Source Vertex
6,75.191396,32.991211,517881.2,3650328.81,0.061,OSM_WAY_NH44_MAINLINE,NH44_MAINLINE,NH-44 Jammu-Srinagar Highway,5,Original Winding Source Vertex
7,75.19134,32.991207,517876.01,3650328.45,0.066,OSM_WAY_NH44_MAINLINE,NH44_MAINLINE,NH-44 Jammu-Srinagar Highway,6,Original Winding Source Vertex
8,75.191281,32.991209,517870.45,3650328.67,0.072,OSM_WAY_NH44_MAINLINE,NH44_MAINLINE,NH-44 Jammu-Srinagar Highway,7,Original Winding Source Vertex
9,75.191193,32.991215,517862.22,3650329.27,0.08,OSM_WAY_NH44_MAINLINE,NH44_MAINLINE,NH-44 Jammu-Srinagar Highway,8,Original Winding Source Vertex
10,75.191127,32.99122,517856.05,3650329.85,0.086,OSM_WAY_NH44_MAINLINE,NH44_MAINLINE,NH-44 Jammu-Srinagar Highway,9,Original Winding Source Vertex
11,75.191065,32.991222,517850.25,3650329.97,0.092,OSM_WAY_NH44_MAINLINE,NH44_MAINLINE,NH-44 Jammu-Srinagar Highway,10,Original Winding Source Vertex
12,75.191018,32.991222,517845.9,3650329.96,0.096,OSM_WAY_NH44_MAINLINE,NH44_MAINLINE,NH-44 Jammu-Srinagar Highway,11,Original Winding Source Vertex
13,75.190964,32.991215,517840.82,3650329.23,0.101,OSM_WAY_NH44_MAINLINE,NH44_MAINLINE,NH-44 Jammu-Srinagar Highway,12,Original Winding Source Vertex
14,75.190923,32.991208,517837.02,3650328.39,0.105,OSM_WAY_NH44_MAINLINE,NH44_MAINLINE,NH-44 Jammu-Srinagar Highway,13,Original Winding Source Vertex
15,75.193082,32.991545,518038.64,3650366.14,0.105,OSM_WAY_NH44_MAINLINE,NH44_MAINLINE,NH-44 Jammu-Srinagar Highway,0,Original Winding Source Vertex
16,75.192988,32.99156,518029.82,3650367.81,0.114,OSM_WAY_NH44_MAINLINE,NH44_MAINLINE,NH-44 Jammu-Srinagar Highway,1,Original Winding Source Vertex
17,75.192774,32.991582,518009.86,3650370.18,0.134,OSM_WAY_NH44_MAINLINE,NH44_MAINLINE,NH-44 Jammu-Srinagar Highway,2,Original Winding Source Vertex
18,75.19262,32.991596,517995.47,3650371.71,0.149,OSM_WAY_NH44_MAINLINE,NH44_MAINLINE,NH-44 Jammu-Srinagar Highway,3,Original Winding Source Vertex
19,75.19243,32.99161,517977.7,3650373.24,0.167,OSM_WAY_NH44_MAINLINE,NH44_MAINLINE,NH-44 Jammu-Srinagar Highway,4,Original Winding Source Vertex
20,75.192331,32.991611,517968.5,3650373.35,0.176,OSM_WAY_NH44_MAINLINE,NH44_MAINLINE,NH-44 Jammu-Srinagar Highway,5,Original Winding Source Vertex
21,75.192276,32.99161,517963.3,3650373.22,0.181,OSM_WAY_NH44_MAINLINE,NH44_MAINLINE,NH-44 Jammu-Srinagar Highway,6,Original Winding Source Vertex
22,75.192225,32.991603,517958.59,3650372.49,0.186,OSM_WAY_NH44_MAINLINE,NH44_MAINLINE,NH-44 Jammu-Srinagar Highway,7,Original Winding Source Vertex
23,75.192163,32.99159,517952.76,3650371.04,0.192,OSM_WAY_NH44_MAINLINE,NH44_MAINLINE,NH-44 Jammu-Srinagar Highway,8,Original Winding Source Vertex
24,75.193316,32.991645,518060.46,3650377.32,0.192,OSM_WAY_NH44_MAINLINE,NH44_MAINLINE,NH-44 Jammu-Srinagar Highway,0,Original Winding Source Vertex
25,75.193387,32.991616,518067.13,3650374.07,0.199,OSM_WAY_NH44_MAINLINE,NH44_MAINLINE,NH-44 Jammu-Srinagar Highway,1,Original Winding Source Vertex
26,75.193444,32.991589,518072.41,3650371.09,0.205,OSM_WAY_NH44_MAINLINE,NH44_MAINLINE,NH-44 Jammu-Srinagar Highway,2,Original Winding Source Vertex
27,75.193508,32.991555,518078.48,3650367.37,0.212,OSM_WAY_NH44_MAINLINE,NH44_MAINLINE,NH-44 Jammu-Srinagar Highway,3,Original Winding Source Vertex
28,75.193575,32.991516,518084.73,3650363.04,0.22,OSM_WAY_NH44_MAINLINE,NH44_MAINLINE,NH-44 Jammu-Srinagar Highway,4,Original Winding Source Vertex
29,75.193632,32.991479,518090.02,3650358.94,0.227,OSM_WAY_NH44_MAINLINE,NH44_MAINLINE,NH-44 Jammu-Srinagar Highway,5,Original Winding Source Vertex
30,75.193712,32.991428,518097.54,3650353.37,0.236,OSM_WAY_NH44_MAINLINE,NH44_MAINLINE,NH-44 Jammu-Srinagar Highway,6,Original Winding Source Vertex
31,75.193789,32.991383,518104.7,3650348.3,0.245,OSM_WAY_NH44_MAINLINE,NH44_MAINLINE,NH-44 Jammu-Srinagar Highway,7,Original Winding Source Vertex
32,75.193839,32.991354,518109.42,3650345.16,0.251,OSM_WAY_NH44_MAINLINE,NH44_MAINLINE,NH-44 Jammu-Srinagar Highway,8,Original Winding Source Vertex
33,75.193888,32.99133,518114.01,3650342.43,0.256,OSM_WAY_NH44_MAINLINE,NH44_MAINLINE,NH-44 Jammu-Srinagar Highway,9,Original Winding Source Vertex
34,75.193945,32.991302,518119.33,3650339.39,0.262,OSM_WAY_NH44_MAINLINE,NH44_MAINLINE,NH-44 Jammu-Srinagar Highway,10,Original Winding Source Vertex
35,75.193997,32.991282,518124.17,3650337.15,0.267,OSM_WAY_NH44_MAINLINE,NH44_MAINLINE,NH-44 Jammu-Srinagar Highway,11,Original Winding Source Vertex
36,75.194045,32.991268,518128.64,3650335.63,0.272,OSM_WAY_NH44_MAINLINE,NH44_MAINLINE,NH-44 Jammu-Srinagar Highway,12,Original Winding Source Vertex
37,75.194092,32.991259,518133.03,3650334.63,0.277,OSM_WAY_NH44_MAINLINE,NH44_MAINLINE,NH-44 Jammu-Srinagar Highway,13,Original Winding Source Vertex
38,75.194162,32.991249,518139.58,3650333.53,0.283,OSM_WAY_NH44_MAINLINE,NH44_MAINLINE,NH-44 Jammu-Srinagar Highway,14,Original Winding Source Vertex
39,75.19426,32.991241,518148.79,3650332.68,0.292,OSM_WAY_NH44_MAINLINE,NH44_MAINLINE,NH-44 Jammu-Srinagar Highway,15,Original Winding Source Vertex
40,75.194362,32.991241,518158.3,3650332.67,0.302,OSM_WAY_NH44_MAINLINE,NH44_MAINLINE,NH-44 Jammu-Srinagar Highway,16,Original Winding Source Vertex
41,75.194489,32.991243,518170.13,3650332.92,0.314,OSM_WAY_NH44_MAINLINE,NH44_MAINLINE,NH-44 Jammu-Srinagar Highway,17,Original Winding Source Vertex
42,75.194698,32.991251,518189.7,3650333.91,0.333,OSM_WAY_NH44_MAINLINE,NH44_MAINLINE,NH-44 Jammu-Srinagar Highway,18,Original Winding Source Vertex
43,75.194839,32.991254,518202.87,3650334.24,0.347,OSM_WAY_NH44_MAINLINE,NH44_MAINLINE,NH-44 Jammu-Srinagar Highway,19,Original Winding Source Vertex
44,75.19501,32.991253,518218.81,3650334.09,0.363,OSM_WAY_NH44_MAINLINE,NH44_MAINLINE,NH-44 Jammu-Srinagar Highway,20,Original Winding Source Vertex
45,75.195179,32.991253,518234.65,3650334.15,0.378,OSM_WAY_NH44_MAINLINE,NH44_MAINLINE,NH-44 Jammu-Srinagar Highway,21,Original Winding Source Vertex
46,75.195388,32.991251,518254.14,3650334.0,0.398,OSM_WAY_NH44_MAINLINE,NH44_MAINLINE,NH-44 Jammu-Srinagar Highway,22,Original Winding Source Vertex
47,75.195534,32.99125,518267.76,3650333.95,0.411,OSM_WAY_NH44_MAINLINE,NH44_MAINLINE,NH-44 Jammu-Srinagar Highway,23,Original Winding Source Vertex
48,75.19559,32.991248,518272.99,3650333.74,0.417,OSM_WAY_NH44_MAINLINE,NH44_MAINLINE,NH-44 Jammu-Srinagar Highway,24,Original Winding Source Vertex
49,75.195632,32.991246,518276.9,3650333.42,0.421,OSM_WAY_NH44_MAINLINE,NH44_MAINLINE,NH-44 Jammu-Srinagar Highway,25,Original Winding Source Vertex
50,75.195671,32.99124,518280.54,3650332.78,0.424,OSM_WAY_NH44_MAINLINE,NH44_MAINLINE,NH-44 Jammu-Srinagar Highway,26,Original Winding Source Vertex
51,75.195718,32.99123,518285.02,3650331.75,0.429,OSM_WAY_NH44_MAINLINE,NH44_MAINLINE,NH-44 Jammu-Srinagar Highway,27,Original Winding Source Vertex
52,75.195781,32.991215,518290.9,3650330.04,0.435,OSM_WAY_NH44_MAINLINE,NH44_MAINLINE,NH-44 Jammu-Srinagar Highway,28,Original Winding Source Vertex
53,75.195848,32.991194,518297.14,3650327.73,0.442,OSM_WAY_NH44_MAINLINE,NH44_MAINLINE,NH-44 Jammu-Srinagar Highway,29,Original Winding Source Vertex
54,75.19591,32.991174,518302.9,3650325.48,0.448,OSM_WAY_NH44_MAINLINE,NH44_MAINLINE,NH-44 Jammu-Srinagar Highway,30,Original Winding Source Vertex
55,75.195978,32.99115,518309.28,3650322.86,0.455,OSM_WAY_NH44_MAINLINE,NH44_MAINLINE,NH-44 Jammu-Srinagar Highway,31,Original Winding Source Vertex
56,75.196042,32.991126,518315.23,3650320.26,0.461,OSM_WAY_NH44_MAINLINE,NH44_MAINLINE,NH-44 Jammu-Srinagar Highway,32,Original Winding Source Vertex
57,75.196103,32.991106,518320.99,3650317.99,0.467,OSM_WAY_NH44_MAINLINE,NH44_MAINLINE,NH-44 Jammu-Srinagar Highway,33,Original Winding Source Vertex
58,75.196168,32.991086,518327.1,3650315.84,0.474,OSM_WAY_NH44_MAINLINE,NH44_MAINLINE,NH-44 Jammu-Srinagar Highway,34,Original Winding Source Vertex
59,75.196226,32.991072,518332.49,3650314.27,0.48,OSM_WAY_NH44_MAINLINE,NH44_MAINLINE,NH-44 Jammu-Srinagar Highway,35,Original Winding Source Vertex
60,75.19629,32.991059,518338.42,3650312.82,0.486,OSM_WAY_NH44_MAINLINE,NH44_MAINLINE,NH-44 Jammu-Srinagar Highway,36,Original Winding Source Vertex
61,75.19635,32.991049,518344.11,3650311.73,0.491,OSM_WAY_NH44_MAINLINE,NH44_MAINLINE,NH-44 Jammu-Srinagar Highway,37,Original Winding Source Vertex
62,75.19641,32.991043,518349.63,3650311.12,0.497,OSM_WAY_NH44_MAINLINE,NH44_MAINLINE,NH-44 Jammu-Srinagar Highway,38,Original Winding Source Vertex
63,75.19648,32.99104,518356.22,3650310.76,0.504,OSM_WAY_NH44_MAINLINE,NH44_MAINLINE,NH-44 Jammu-Srinagar Highway,39,Original Winding Source Vertex
64,75.196585,32.991043,518365.98,3650311.15,0.513,OSM_WAY_NH44_MAINLINE,NH44_MAINLINE,NH-44 Jammu-Srinagar Highway,40,Original Winding Source Vertex
65,75.196694,32.991053,518376.22,3650312.27,0.524,OSM_WAY_NH44_MAINLINE,NH44_MAINLINE,NH-44 Jammu-Srinagar Highway,41,Original Winding Source Vertex
66,75.196835,32.991076,518389.4,3650314.83,0.537,OSM_WAY_NH44_MAINLINE,NH44_MAINLINE,NH-44 Jammu-Srinagar Highway,42,Original Winding Source Vertex
67,75.197049,32.991132,518409.32,3650321.07,0.558,OSM_WAY_NH44_MAINLINE,NH44_MAINLINE,NH-44 Jammu-Srinagar Highway,43,Original Winding Source Vertex
68,75.197259,32.991192,518428.93,3650327.77,0.579,OSM_WAY_NH44_MAINLINE,NH44_MAINLINE,NH-44 Jammu-Srinagar Highway,44,Original Winding Source Vertex
69,75.197505,32.991268,518451.94,3650336.28,0.603,OSM_WAY_NH44_MAINLINE,NH44_MAINLINE,NH-44 Jammu-Srinagar Highway,45,Original Winding Source Vertex
70,75.1979,32.991393,518488.77,3650350.19,0.643,OSM_WAY_NH44_MAINLINE,NH44_MAINLINE,NH-44 Jammu-Srinagar Highway,46,Original Winding Source Vertex
71,75.198026,32.991441,518500.6,3650355.52,0.656,OSM_WAY_NH44_MAINLINE,NH44_MAINLINE,NH-44 Jammu-Srinagar Highway,47,Original Winding Source Vertex
72,75.19813,32.991484,518510.24,3650360.32,0.666,OSM_WAY_NH44_MAINLINE,NH44_MAINLINE,NH-44 Jammu-Srinagar Highway,48,Original Winding Source Vertex
73,75.198199,32.991517,518516.7,3650363.92,0.674,OSM_WAY_NH44_MAINLINE,NH44_MAINLINE,NH-44 Jammu-Srinagar Highway,49,Original Winding Source Vertex
74,75.19826,32.991552,518522.38,3650367.85,0.681,OSM_WAY_NH44_MAINLINE,NH44_MAINLINE,NH-44 Jammu-Srinagar Highway,50,Original Winding Source Vertex
75,75.198316,32.991588,518527.64,3650371.79,0.687,OSM_WAY_NH44_MAINLINE,NH44_MAINLINE,NH-44 Jammu-Srinagar Highway,51,Original Winding Source Vertex
76,75.198364,32.991623,518532.14,3650375.73,0.693,OSM_WAY_NH44_MAINLINE,NH44_MAINLINE,NH-44 Jammu-Srinagar Highway,52,Original Winding Source Vertex
77,75.198403,32.991658,518535.77,3650379.61,0.698,OSM_WAY_NH44_MAINLINE,NH44_MAINLINE,NH-44 Jammu-Srinagar Highway,53,Original Winding Source Vertex
78,75.198455,32.991713,518540.62,3650385.78,0.706,OSM_WAY_NH44_MAINLINE,NH44_MAINLINE,NH-44 Jammu-Srinagar Highway,54,Original Winding Source Vertex
79,75.198555,32.991839,518549.9,3650399.76,0.723,OSM_WAY_NH44_MAINLINE,NH44_MAINLINE,NH-44 Jammu-Srinagar Highway,55,Original Winding Source Vertex
80,75.198691,32.992017,518562.56,3650419.43,0.747,OSM_WAY_NH44_MAINLINE,NH44_MAINLINE,NH-44 Jammu-Srinagar Highway,56,Original Winding Source Vertex
81,75.198775,32.992143,518570.36,3650433.47,0.763,OSM_WAY_NH44_MAINLINE,NH44_MAINLINE,NH-44 Jammu-Srinagar Highway,57,Original Winding Source Vertex
82,75.198823,32.992223,518574.88,3650442.31,0.773,OSM_WAY_NH44_MAINLINE,NH44_MAINLINE,NH-44 Jammu-Srinagar Highway,58,Original Winding Source Vertex
83,75.198854,32.992284,518577.74,3650449.16,0.78,OSM_WAY_NH44_MAINLINE,NH44_MAINLINE,NH-44 Jammu-Srinagar Highway,59,Original Winding Source Vertex
84,75.198874,32.992332,518579.63,3650454.41,0.786,OSM_WAY_NH44_MAINLINE,NH44_MAINLINE,NH-44 Jammu-Srinagar Highway,60,Original Winding Source Vertex
85,75.198891,32.992387,518581.21,3650460.55,0.792,OSM_WAY_NH44_MAINLINE,NH44_MAINLINE,NH-44 Jammu-Srinagar Highway,61,Original Winding Source Vertex
86,75.198903,32.992438,518582.32,3650466.2,0.798,OSM_WAY_NH44_MAINLINE,NH44_MAINLINE,NH-44 Jammu-Srinagar Highway,62,Original Winding Source Vertex
87,75.19891,32.992493,518582.95,3650472.28,0.804,OSM_WAY_NH44_MAINLINE,NH44_MAINLINE,NH-44 Jammu-Srinagar Highway,63,Original Winding Source Vertex
88,75.198911,32.992564,518582.97,3650480.19,0.812,OSM_WAY_NH44_MAINLINE,NH44_MAINLINE,NH-44 Jammu-Srinagar Highway,64,Original Winding Source Vertex
89,75.1989,32.992702,518582.0,3650495.47,0.827,OSM_WAY_NH44_MAINLINE,NH44_MAINLINE,NH-44 Jammu-Srinagar Highway,65,Original Winding Source Vertex
90,75.198887,32.992889,518580.74,3650516.17,0.848,OSM_WAY_NH44_MAINLINE,NH44_MAINLINE,NH-44 Jammu-Srinagar Highway,66,Original Winding Source Vertex
91,75.198868,32.993213,518578.81,3650552.08,0.884,OSM_WAY_NH44_MAINLINE,NH44_MAINLINE,NH-44 Jammu-Srinagar Highway,67,Original Winding Source Vertex
92,75.198856,32.993496,518577.7,3650583.42,0.915,OSM_WAY_NH44_MAINLINE,NH44_MAINLINE,NH-44 Jammu-Srinagar Highway,68,Original Winding Source Vertex
93,75.19885,32.993758,518577.09,3650612.45,0.944,OSM_WAY_NH44_MAINLINE,NH44_MAINLINE,NH-44 Jammu-Srinagar Highway,69,Original Winding Source Vertex
94,75.198837,32.994013,518575.78,3650640.74,0.972,OSM_WAY_NH44_MAINLINE,NH44_MAINLINE,NH-44 Jammu-Srinagar Highway,70,Original Winding Source Vertex
95,75.19883,32.994233,518575.08,3650665.13,0.997,OSM_WAY_NH44_MAINLINE,NH44_MAINLINE,NH-44 Jammu-Srinagar Highway,71,Original Winding Source Vertex
96,75.198829,32.994383,518574.99,3650681.78,1.013,OSM_WAY_NH44_MAINLINE,NH44_MAINLINE,NH-44 Jammu-Srinagar Highway,72,Original Winding Source Vertex
97,75.198833,32.994465,518575.33,3650690.84,1.022,OSM_WAY_NH44_MAINLINE,NH44_MAINLINE,NH-44 Jammu-Srinagar Highway,73,Original Winding Source Vertex
98,75.198839,32.994541,518575.86,3650699.31,1.031,OSM_WAY_NH44_MAINLINE,NH44_MAINLINE,NH-44 Jammu-Srinagar Highway,74,Original Winding Source Vertex
99,75.198847,32.994607,518576.63,3650706.64,1.038,OSM_WAY_NH44_MAINLINE,NH44_MAINLINE,NH-44 Jammu-Srinagar Highway,75,Original Winding Source Vertex
100,75.19886,32.994673,518577.79,3650713.98,1.046,OSM_WAY_NH44_MAINLINE,NH44_MAINLINE,NH-44 Jammu-Srinagar Highway,76,Original Winding Source Vertex
101,75.198877,32.994737,518579.42,3650721.04,1.053,OSM_WAY_NH44_MAINLINE,NH44_MAINLINE,NH-44 Jammu-Srinagar Highway,77,Original Winding Source Vertex
102,75.198899,32.994809,518581.41,3650729.08,1.061,OSM_WAY_NH44_MAINLINE,NH44_MAINLINE,NH-44 Jammu-Srinagar Highway,78,Original Winding Source Vertex
103,75.198934,32.994899,518584.68,3650739.03,1.072,OSM_WAY_NH44_MAINLINE,NH44_MAINLINE,NH-44 Jammu-Srinagar Highway,79,Original Winding Source Vertex
104,75.198966,32.994972,518587.65,3650747.15,1.08,OSM_WAY_NH44_MAINLINE,NH44_MAINLINE,NH-44 Jammu-Srinagar Highway,80,Original Winding Source Vertex
105,75.199023,32.995084,518592.94,3650759.51,1.094,OSM_WAY_NH44_MAINLINE,NH44_MAINLINE,NH-44 Jammu-Srinagar Highway,81,Original Winding Source Vertex
106,75.199111,32.995241,518601.09,3650776.95,1.113,OSM_WAY_NH44_MAINLINE,NH44_MAINLINE,NH-44 Jammu-Srinagar Highway,82,Original Winding Source Vertex
107,75.199196,32.99538,518609.09,3650792.42,1.131,OSM_WAY_NH44_MAINLINE,NH44_MAINLINE,NH-44 Jammu-Srinagar Highway,83,Original Winding Source Vertex
108,75.199306,32.995553,518619.28,3650811.64,1.152,OSM_WAY_NH44_MAINLINE,NH44_MAINLINE,NH-44 Jammu-Srinagar Highway,84,Original Winding Source Vertex
109,75.199347,32.995627,518623.08,3650819.77,1.161,OSM_WAY_NH44_MAINLINE,NH44_MAINLINE,NH-44 Jammu-Srinagar Highway,85,Original Winding Source Vertex
110,75.199376,32.995684,518625.78,3650826.11,1.168,OSM_WAY_NH44_MAINLINE,NH44_MAINLINE,NH-44 Jammu-Srinagar Highway,86,Original Winding Source Vertex
111,75.1994,32.995738,518628.03,3650832.13,1.175,OSM_WAY_NH44_MAINLINE,NH44_MAINLINE,NH-44 Jammu-Srinagar Highway,87,Original Winding Source Vertex
112,75.199437,32.995815,518631.5,3650840.66,1.184,OSM_WAY_NH44_MAINLINE,NH44_MAINLINE,NH-44 Jammu-Srinagar Highway,88,Original Winding Source Vertex
113,75.199474,32.995906,518634.89,3650850.7,1.194,OSM_WAY_NH44_MAINLINE,NH44_MAINLINE,NH-44 Jammu-Srinagar Highway,89,Original Winding Source Vertex
114,75.1995,32.995977,518637.35,3650858.67,1.203,OSM_WAY_NH44_MAINLINE,NH44_MAINLINE,NH-44 Jammu-Srinagar Highway,90,Original Winding Source Vertex
115,75.19954,32.99609,518641.0,3650871.19,1.216,OSM_WAY_NH44_MAINLINE,NH44_MAINLINE,NH-44 Jammu-Srinagar Highway,91,Original Winding Source Vertex
116,75.199592,32.996272,518645.82,3650891.37,1.236,OSM_WAY_NH44_MAINLINE,NH44_MAINLINE,NH-44 Jammu-Srinagar Highway,92,Original Winding Source Vertex
117,75.199623,32.996384,518648.71,3650903.77,1.249,OSM_WAY_NH44_MAINLINE,NH44_MAINLINE,NH-44 Jammu-Srinagar Highway,93,Original Winding Source Vertex
118,75.199686,32.996609,518654.6,3650928.72,1.275,OSM_WAY_NH44_MAINLINE,NH44_MAINLINE,NH-44 Jammu-Srinagar Highway,94,Original Winding Source Vertex
119,75.199713,32.996685,518657.11,3650937.1,1.284,OSM_WAY_NH44_MAINLINE,NH44_MAINLINE,NH-44 Jammu-Srinagar Highway,95,Original Winding Source Vertex
120,75.199736,32.996741,518659.2,3650943.33,1.29,OSM_WAY_NH44_MAINLINE,NH44_MAINLINE,NH-44 Jammu-Srinagar Highway,96,Original Winding Source Vertex
121,75.199761,32.996792,518661.58,3650949.0,1.296,OSM_WAY_NH44_MAINLINE,NH44_MAINLINE,NH-44 Jammu-Srinagar Highway,97,Original Winding Source Vertex
122,75.199786,32.996832,518663.87,3650953.47,1.301,OSM_WAY_NH44_MAINLINE,NH44_MAINLINE,NH-44 Jammu-Srinagar Highway,98,Original Winding Source Vertex
123,75.199816,32.996874,518666.65,3650958.13,1.307,OSM_WAY_NH44_MAINLINE,NH44_MAINLINE,NH-44 Jammu-Srinagar Highway,99,Original Winding Source Vertex
124,75.199846,32.996913,518669.42,3650962.43,1.312,OSM_WAY_NH44_MAINLINE,NH44_MAINLINE,NH-44 Jammu-Srinagar Highway,100,Original Winding Source Vertex
125,75.199883,32.996953,518672.93,3650966.86,1.318,OSM_WAY_NH44_MAINLINE,NH44_MAINLINE,NH-44 Jammu-Srinagar Highway,101,Original Winding Source Vertex
126,75.199923,32.996989,518676.6,3650970.83,1.323,OSM_WAY_NH44_MAINLINE,NH44_MAINLINE,NH-44 Jammu-Srinagar Highway,102,Original Winding Source Vertex
127,75.199975,32.997033,518681.48,3650975.75,1.33,OSM_WAY_NH44_MAINLINE,NH44_MAINLINE,NH-44 Jammu-Srinagar Highway,103,Original Winding Source Vertex
128,75.200029,32.997075,518686.55,3650980.44,1.337,OSM_WAY_NH44_MAINLINE,NH44_MAINLINE,NH-44 Jammu-Srinagar Highway,104,Original Winding Source Vertex
129,75.200112,32.997133,518694.27,3650986.89,1.347,OSM_WAY_NH44_MAINLINE,NH44_MAINLINE,NH-44 Jammu-Srinagar Highway,105,Original Winding Source Vertex
130,75.200196,32.997185,518702.08,3650992.69,1.357,OSM_WAY_NH44_MAINLINE,NH44_MAINLINE,NH-44 Jammu-Srinagar Highway,106,Original Winding Source Vertex
131,75.200287,32.997235,518710.55,3650998.18,1.367,OSM_WAY_NH44_MAINLINE,NH44_MAINLINE,NH-44 Jammu-Srinagar Highway,107,Original Winding Source Vertex
132,75.200407,32.997294,518721.76,3651004.74,1.38,OSM_WAY_NH44_MAINLINE,NH44_MAINLINE,NH-44 Jammu-Srinagar Highway,108,Original Winding Source Vertex
133,75.200407,32.997294,518721.76,3651004.74,1.38,OSM_WAY_NH44_MAINLINE,NH44_MAINLINE,NH-44 Jammu-Srinagar Highway,0,Original Winding Source Vertex
134,75.200716,32.99742,518750.65,3651018.87,1.412,OSM_WAY_NH44_MAINLINE,NH44_MAINLINE,NH-44 Jammu-Srinagar Highway,1,Original Winding Source Vertex
135,75.200931,32.997517,518770.71,3651029.65,1.435,OSM_WAY_NH44_MAINLINE,NH44_MAINLINE,NH-44 Jammu-Srinagar Highway,2,Original Winding Source Vertex
136,75.206058,32.999018,519249.27,3651196.94,1.435,OSM_WAY_NH44_MAINLINE,NH44_MAINLINE,NH-44 Jammu-Srinagar Highway,0,Original Winding Source Vertex
137,75.205639,32.998903,519210.21,3651184.15,1.476,OSM_WAY_NH44_MAINLINE,NH44_MAINLINE,NH-44 Jammu-Srinagar Highway,1,Original Winding Source Vertex
138,75.205528,32.998869,519199.81,3651180.26,1.487,OSM_WAY_NH44_MAINLINE,NH44_MAINLINE,NH-44 Jammu-Srinagar Highway,2,Original Winding Source Vertex
139,75.205446,32.998671,519192.21,3651158.31,1.51,OSM_WAY_NH44_MAINLINE,NH44_MAINLINE,NH-44 Jammu-Srinagar Highway,3,Original Winding Source Vertex
140,75.205423,32.998493,519190.12,3651138.59,1.53,OSM_WAY_NH44_MAINLINE,NH44_MAINLINE,NH-44 Jammu-Srinagar Highway,4,Original Winding Source Vertex
141,75.205403,32.998248,519188.3,3651111.4,1.557,OSM_WAY_NH44_MAINLINE,NH44_MAINLINE,NH-44 Jammu-Srinagar Highway,5,Original Winding Source Vertex
142,75.205364,32.998091,519184.7,3651094.07,1.575,OSM_WAY_NH44_MAINLINE,NH44_MAINLINE,NH-44 Jammu-Srinagar Highway,6,Original Winding Source Vertex
143,75.2053,32.997969,519178.72,3651080.47,1.59,OSM_WAY_NH44_MAINLINE,NH44_MAINLINE,NH-44 Jammu-Srinagar Highway,7,Original Winding Source Vertex
144,75.20519,32.997892,519168.46,3651071.97,1.603,OSM_WAY_NH44_MAINLINE,NH44_MAINLINE,NH-44 Jammu-Srinagar Highway,8,Original Winding Source Vertex
145,75.20503,32.997818,519153.56,3651063.71,1.62,OSM_WAY_NH44_MAINLINE,NH44_MAINLINE,NH-44 Jammu-Srinagar Highway,9,Original Winding Source Vertex
146,75.204817,32.997797,519133.65,3651061.3,1.64,OSM_WAY_NH44_MAINLINE,NH44_MAINLINE,NH-44 Jammu-Srinagar Highway,10,Original Winding Source Vertex
147,75.20464,32.997829,519117.1,3651064.88,1.657,OSM_WAY_NH44_MAINLINE,NH44_MAINLINE,NH-44 Jammu-Srinagar Highway,11,Original Winding Source Vertex
148,75.20424,32.997965,519079.74,3651079.9,1.697,OSM_WAY_NH44_MAINLINE,NH44_MAINLINE,NH-44 Jammu-Srinagar Highway,12,Original Winding Source Vertex
149,75.203707,32.998106,519029.84,3651095.39,1.75,OSM_WAY_NH44_MAINLINE,NH44_MAINLINE,NH-44 Jammu-Srinagar Highway,13,Original Winding Source Vertex
150,75.203263,32.998213,518988.35,3651107.16,1.793,OSM_WAY_NH44_MAINLINE,NH44_MAINLINE,NH-44 Jammu-Srinagar Highway,14,Original Winding Source Vertex
151,75.203063,32.998189,518969.69,3651104.51,1.811,OSM_WAY_NH44_MAINLINE,NH44_MAINLINE,NH-44 Jammu-Srinagar Highway,15,Original Winding Source Vertex
152,75.202902,32.998161,518954.67,3651101.35,1.827,OSM_WAY_NH44_MAINLINE,NH44_MAINLINE,NH-44 Jammu-Srinagar Highway,16,Original Winding Source Vertex
153,75.202569,32.998076,518923.62,3651091.82,1.859,OSM_WAY_NH44_MAINLINE,NH44_MAINLINE,NH-44 Jammu-Srinagar Highway,17,Original Winding Source Vertex
154,75.202154,32.997922,518884.84,3651074.75,1.902,OSM_WAY_NH44_MAINLINE,NH44_MAINLINE,NH-44 Jammu-Srinagar Highway,18,Original Winding Source Vertex
155,75.201705,32.997737,518842.92,3651054.12,1.948,OSM_WAY_NH44_MAINLINE,NH44_MAINLINE,NH-44 Jammu-Srinagar Highway,19,Original Winding Source Vertex
156,75.201107,32.997425,518787.15,3651019.47,2.014,OSM_WAY_NH44_MAINLINE,NH44_MAINLINE,NH-44 Jammu-Srinagar Highway,20,Original Winding Source Vertex
157,75.206058,32.999018,519249.27,3651196.94,2.014,OSM_WAY_NH44_MAINLINE,NH44_MAINLINE,NH-44 Jammu-Srinagar Highway,0,Original Winding Source Vertex
158,75.206427,32.999298,519283.67,3651228.01,2.06,OSM_WAY_NH44_MAINLINE,NH44_MAINLINE,NH-44 Jammu-Srinagar Highway,1,Original Winding Source Vertex
159,75.206797,32.999746,519318.21,3651277.75,2.121,OSM_WAY_NH44_MAINLINE,NH44_MAINLINE,NH-44 Jammu-Srinagar Highway,2,Original Winding Source Vertex
160,75.206875,32.999853,519325.48,3651289.67,2.135,OSM_WAY_NH44_MAINLINE,NH44_MAINLINE,NH-44 Jammu-Srinagar Highway,3,Original Winding Source Vertex
161,75.206935,32.999947,519331.06,3651300.08,2.135,OSM_WAY_NH44_MAINLINE,NH44_MAINLINE,NH-44 Jammu-Srinagar Highway,0,Original Winding Source Vertex
162,75.206956,33.000061,519332.99,3651312.68,2.148,OSM_WAY_NH44_MAINLINE,NH44_MAINLINE,NH-44 Jammu-Srinagar Highway,1,Original Winding Source Vertex
163,75.206954,33.000284,519332.75,3651337.43,2.172,OSM_WAY_NH44_MAINLINE,NH44_MAINLINE,NH-44 Jammu-Srinagar Highway,2,Original Winding Source Vertex
164,75.206976,33.000405,519334.81,3651350.89,2.186,OSM_WAY_NH44_MAINLINE,NH44_MAINLINE,NH-44 Jammu-Srinagar Highway,3,Original Winding Source Vertex
165,75.207012,33.000488,519338.11,3651360.09,2.196,OSM_WAY_NH44_MAINLINE,NH44_MAINLINE,NH-44 Jammu-Srinagar Highway,4,Original Winding Source Vertex
166,75.20723,33.000651,519358.41,3651378.19,2.196,OSM_WAY_NH44_MAINLINE,NH44_MAINLINE,NH-44 Jammu-Srinagar Highway,0,Original Winding Source Vertex
167,75.207305,33.000723,519365.43,3651386.19,2.206,OSM_WAY_NH44_MAINLINE,NH44_MAINLINE,NH-44 Jammu-Srinagar Highway,1,Original Winding Source Vertex
168,75.207527,33.000788,519386.15,3651393.43,2.228,OSM_WAY_NH44_MAINLINE,NH44_MAINLINE,NH-44 Jammu-Srinagar Highway,2,Original Winding Source Vertex
169,75.207627,33.000804,519395.52,3651395.26,2.238,OSM_WAY_NH44_MAINLINE,NH44_MAINLINE,NH-44 Jammu-Srinagar Highway,3,Original Winding Source Vertex
170,75.207804,33.000828,519412.07,3651397.95,2.255,OSM_WAY_NH44_MAINLINE,NH44_MAINLINE,NH-44 Jammu-Srinagar Highway,4,Original Winding Source Vertex
171,75.208044,33.000893,519434.46,3651405.15,2.278,OSM_WAY_NH44_MAINLINE,NH44_MAINLINE,NH-44 Jammu-Srinagar Highway,5,Original Winding Source Vertex
172,75.208645,33.001055,519490.56,3651423.2,2.337,OSM_WAY_NH44_MAINLINE,NH44_MAINLINE,NH-44 Jammu-Srinagar Highway,6,Original Winding Source Vertex
173,75.208974,33.001178,519521.22,3651436.96,2.371,OSM_WAY_NH44_MAINLINE,NH44_MAINLINE,NH-44 Jammu-Srinagar Highway,7,Original Winding Source Vertex
174,75.209188,33.001222,519541.18,3651441.84,2.391,OSM_WAY_NH44_MAINLINE,NH44_MAINLINE,NH-44 Jammu-Srinagar Highway,8,Original Winding Source Vertex
175,75.209407,33.00126,519561.63,3651446.13,2.412,OSM_WAY_NH44_MAINLINE,NH44_MAINLINE,NH-44 Jammu-Srinagar Highway,9,Original Winding Source Vertex
176,75.209609,33.001285,519580.5,3651448.95,2.431,OSM_WAY_NH44_MAINLINE,NH44_MAINLINE,NH-44 Jammu-Srinagar Highway,10,Original Winding Source Vertex
177,75.209747,33.001327,519593.4,3651453.59,2.445,OSM_WAY_NH44_MAINLINE,NH44_MAINLINE,NH-44 Jammu-Srinagar Highway,11,Original Winding Source Vertex
178,75.209925,33.001389,519610.07,3651460.53,2.463,OSM_WAY_NH44_MAINLINE,NH44_MAINLINE,NH-44 Jammu-Srinagar Highway,12,Original Winding Source Vertex
179,75.210234,33.001475,519638.9,3651470.03,2.493,OSM_WAY_NH44_MAINLINE,NH44_MAINLINE,NH-44 Jammu-Srinagar Highway,13,Original Winding Source Vertex
180,75.210702,33.001607,519682.59,3651484.79,2.54,OSM_WAY_NH44_MAINLINE,NH44_MAINLINE,NH-44 Jammu-Srinagar Highway,14,Original Winding Source Vertex
181,75.211169,33.001705,519726.17,3651495.78,2.585,OSM_WAY_NH44_MAINLINE,NH44_MAINLINE,NH-44 Jammu-Srinagar Highway,15,Original Winding Source Vertex
182,75.211385,33.00175,519746.36,3651500.79,2.605,OSM_WAY_NH44_MAINLINE,NH44_MAINLINE,NH-44 Jammu-Srinagar Highway,16,Original Winding Source Vertex
183,75.211587,33.001807,519765.23,3651507.13,2.625,OSM_WAY_NH44_MAINLINE,NH44_MAINLINE,NH-44 Jammu-Srinagar Highway,17,Original Winding Source Vertex
184,75.21187,33.001911,519791.63,3651518.7,2.654,OSM_WAY_NH44_MAINLINE,NH44_MAINLINE,NH-44 Jammu-Srinagar Highway,18,Original Winding Source Vertex
185,75.212115,33.00202,519814.49,3651530.87,2.68,OSM_WAY_NH44_MAINLINE,NH44_MAINLINE,NH-44 Jammu-Srinagar Highway,19,Original Winding Source Vertex
186,75.212329,33.002119,519834.44,3651541.93,2.703,OSM_WAY_NH44_MAINLINE,NH44_MAINLINE,NH-44 Jammu-Srinagar Highway,20,Original Winding Source Vertex
187,75.212611,33.002279,519860.71,3651559.68,2.734,OSM_WAY_NH44_MAINLINE,NH44_MAINLINE,NH-44 Jammu-Srinagar Highway,21,Original Winding Source Vertex
188,75.212744,33.002335,519873.12,3651565.89,2.748,OSM_WAY_NH44_MAINLINE,NH44_MAINLINE,NH-44 Jammu-Srinagar Highway,22,Original Winding Source Vertex
189,75.212925,33.002404,519890.03,3651573.56,2.767,OSM_WAY_NH44_MAINLINE,NH44_MAINLINE,NH-44 Jammu-Srinagar Highway,23,Original Winding Source Vertex
190,75.213021,33.002452,519899.03,3651578.91,2.777,OSM_WAY_NH44_MAINLINE,NH44_MAINLINE,NH-44 Jammu-Srinagar Highway,24,Original Winding Source Vertex
191,75.213103,33.002534,519906.68,3651588.02,2.789,OSM_WAY_NH44_MAINLINE,NH44_MAINLINE,NH-44 Jammu-Srinagar Highway,25,Original Winding Source Vertex
192,75.213192,33.002641,519914.93,3651599.91,2.804,OSM_WAY_NH44_MAINLINE,NH44_MAINLINE,NH-44 Jammu-Srinagar Highway,26,Original Winding Source Vertex
193,75.213718,33.002875,519963.98,3651625.99,2.859,OSM_WAY_NH44_MAINLINE,NH44_MAINLINE,NH-44 Jammu-Srinagar Highway,27,Original Winding Source Vertex
194,75.213966,33.003029,519987.18,3651643.08,2.888,OSM_WAY_NH44_MAINLINE,NH44_MAINLINE,NH-44 Jammu-Srinagar Highway,28,Original Winding Source Vertex
195,75.214065,33.003076,519996.42,3651648.31,2.899,OSM_WAY_NH44_MAINLINE,NH44_MAINLINE,NH-44 Jammu-Srinagar Highway,29,Original Winding Source Vertex
196,75.214265,33.003178,520015.03,3651659.62,2.92,OSM_WAY_NH44_MAINLINE,NH44_MAINLINE,NH-44 Jammu-Srinagar Highway,30,Original Winding Source Vertex
197,75.21443,33.00323,520030.48,3651665.46,2.937,OSM_WAY_NH44_MAINLINE,NH44_MAINLINE,NH-44 Jammu-Srinagar Highway,31,Original Winding Source Vertex
198,75.214567,33.00326,520043.27,3651668.76,2.95,OSM_WAY_NH44_MAINLINE,NH44_MAINLINE,NH-44 Jammu-Srinagar Highway,32,Original Winding Source Vertex
199,75.214741,33.003282,520059.45,3651671.22,2.967,OSM_WAY_NH44_MAINLINE,NH44_MAINLINE,NH-44 Jammu-Srinagar Highway,33,Original Winding Source Vertex
200,75.214961,33.00333,520080.02,3651676.59,2.988,OSM_WAY_NH44_MAINLINE,NH44_MAINLINE,NH-44 Jammu-Srinagar Highway,34,Original Winding Source Vertex
201,75.215197,33.003413,520102.04,3651685.85,3.012,OSM_WAY_NH44_MAINLINE,NH44_MAINLINE,NH-44 Jammu-Srinagar Highway,35,Original Winding Source Vertex
202,75.215491,33.003557,520129.53,3651701.9,3.044,OSM_WAY_NH44_MAINLINE,NH44_MAINLINE,NH-44 Jammu-Srinagar Highway,36,Original Winding Source Vertex
203,75.215729,33.003671,520151.66,3651714.55,3.069,OSM_WAY_NH44_MAINLINE,NH44_MAINLINE,NH-44 Jammu-Srinagar Highway,37,Original Winding Source Vertex
204,75.215918,33.003791,520169.29,3651727.92,3.091,OSM_WAY_NH44_MAINLINE,NH44_MAINLINE,NH-44 Jammu-Srinagar Highway,38,Original Winding Source Vertex
205,75.216053,33.003875,520181.94,3651737.28,3.107,OSM_WAY_NH44_MAINLINE,NH44_MAINLINE,NH-44 Jammu-Srinagar Highway,39,Original Winding Source Vertex
206,75.216053,33.003875,520181.94,3651737.28,3.107,OSM_WAY_NH44_MAINLINE,NH44_MAINLINE,NH-44 Jammu-Srinagar Highway,0,Original Winding Source Vertex
207,75.216176,33.004023,520193.38,3651753.7,3.127,OSM_WAY_NH44_MAINLINE,NH44_MAINLINE,NH-44 Jammu-Srinagar Highway,1,Original Winding Source Vertex
208,75.216463,33.004147,520220.16,3651767.46,3.157,OSM_WAY_NH44_MAINLINE,NH44_MAINLINE,NH-44 Jammu-Srinagar Highway,2,Original Winding Source Vertex
209,75.217169,33.004385,520286.0,3651794.04,3.228,OSM_WAY_NH44_MAINLINE,NH44_MAINLINE,NH-44 Jammu-Srinagar Highway,3,Original Winding Source Vertex
210,75.217539,33.004523,520320.55,3651809.32,3.266,OSM_WAY_NH44_MAINLINE,NH44_MAINLINE,NH-44 Jammu-Srinagar Highway,4,Original Winding Source Vertex
211,75.217794,33.004633,520344.33,3651821.59,3.293,OSM_WAY_NH44_MAINLINE,NH44_MAINLINE,NH-44 Jammu-Srinagar Highway,5,Original Winding Source Vertex
212,75.218215,33.004878,520383.61,3651848.85,3.34,OSM_WAY_NH44_MAINLINE,NH44_MAINLINE,NH-44 Jammu-Srinagar Highway,6,Original Winding Source Vertex
213,75.218515,33.005096,520411.62,3651873.1,3.377,OSM_WAY_NH44_MAINLINE,NH44_MAINLINE,NH-44 Jammu-Srinagar Highway,7,Original Winding Source Vertex
214,75.218955,33.005496,520452.62,3651917.57,3.438,OSM_WAY_NH44_MAINLINE,NH44_MAINLINE,NH-44 Jammu-Srinagar Highway,8,Original Winding Source Vertex
215,75.219178,33.00573,520473.35,3651943.55,3.471,OSM_WAY_NH44_MAINLINE,NH44_MAINLINE,NH-44 Jammu-Srinagar Highway,9,Original Winding Source Vertex
216,75.2194,33.005994,520494.09,3651972.77,3.507,OSM_WAY_NH44_MAINLINE,NH44_MAINLINE,NH-44 Jammu-Srinagar Highway,10,Original Winding Source Vertex
217,75.21954,33.006248,520507.06,3652000.97,3.538,OSM_WAY_NH44_MAINLINE,NH44_MAINLINE,NH-44 Jammu-Srinagar Highway,11,Original Winding Source Vertex
218,75.219566,33.006585,520509.48,3652038.38,3.576,OSM_WAY_NH44_MAINLINE,NH44_MAINLINE,NH-44 Jammu-Srinagar Highway,12,Original Winding Source Vertex
219,75.219623,33.007015,520514.64,3652086.02,3.623,OSM_WAY_NH44_MAINLINE,NH44_MAINLINE,NH-44 Jammu-Srinagar Highway,13,Original Winding Source Vertex
220,75.219655,33.007458,520517.55,3652135.15,3.673,OSM_WAY_NH44_MAINLINE,NH44_MAINLINE,NH-44 Jammu-Srinagar Highway,14,Original Winding Source Vertex
221,75.219636,33.007779,520515.73,3652170.8,3.708,OSM_WAY_NH44_MAINLINE,NH44_MAINLINE,NH-44 Jammu-Srinagar Highway,15,Original Winding Source Vertex
222,75.219601,33.007923,520512.39,3652186.75,3.725,OSM_WAY_NH44_MAINLINE,NH44_MAINLINE,NH-44 Jammu-Srinagar Highway,16,Original Winding Source Vertex
223,75.219564,33.008074,520508.89,3652203.46,3.742,OSM_WAY_NH44_MAINLINE,NH44_MAINLINE,NH-44 Jammu-Srinagar Highway,17,Original Winding Source Vertex
224,75.219462,33.008407,520499.29,3652240.34,3.78,OSM_WAY_NH44_MAINLINE,NH44_MAINLINE,NH-44 Jammu-Srinagar Highway,18,Original Winding Source Vertex
225,75.21936,33.008688,520489.71,3652271.49,3.812,OSM_WAY_NH44_MAINLINE,NH44_MAINLINE,NH-44 Jammu-Srinagar Highway,19,Original Winding Source Vertex
226,75.219416,33.00894,520494.91,3652299.43,3.841,OSM_WAY_NH44_MAINLINE,NH44_MAINLINE,NH-44 Jammu-Srinagar Highway,20,Original Winding Source Vertex
227,75.219617,33.0093,520513.62,3652339.36,3.885,OSM_WAY_NH44_MAINLINE,NH44_MAINLINE,NH-44 Jammu-Srinagar Highway,21,Original Winding Source Vertex
228,75.219808,33.009525,520531.35,3652364.34,3.916,OSM_WAY_NH44_MAINLINE,NH44_MAINLINE,NH-44 Jammu-Srinagar Highway,22,Original Winding Source Vertex
229,75.219969,33.009613,520546.37,3652374.1,3.933,OSM_WAY_NH44_MAINLINE,NH44_MAINLINE,NH-44 Jammu-Srinagar Highway,23,Original Winding Source Vertex
230,75.220183,33.009718,520566.38,3652385.86,3.957,OSM_WAY_NH44_MAINLINE,NH44_MAINLINE,NH-44 Jammu-Srinagar Highway,24,Original Winding Source Vertex
231,75.220645,33.009822,520609.45,3652397.42,4.001,OSM_WAY_NH44_MAINLINE,NH44_MAINLINE,NH-44 Jammu-Srinagar Highway,25,Original Winding Source Vertex
232,75.220994,33.009921,520642.0,3652408.45,4.036,OSM_WAY_NH44_MAINLINE,NH44_MAINLINE,NH-44 Jammu-Srinagar Highway,26,Original Winding Source Vertex
233,75.221409,33.010049,520680.8,3652422.75,4.077,OSM_WAY_NH44_MAINLINE,NH44_MAINLINE,NH-44 Jammu-Srinagar Highway,27,Original Winding Source Vertex
234,75.221613,33.010137,520699.82,3652432.52,4.098,OSM_WAY_NH44_MAINLINE,NH44_MAINLINE,NH-44 Jammu-Srinagar Highway,28,Original Winding Source Vertex
235,75.22182,33.010236,520719.09,3652443.53,4.121,OSM_WAY_NH44_MAINLINE,NH44_MAINLINE,NH-44 Jammu-Srinagar Highway,29,Original Winding Source Vertex
236,75.222123,33.010265,520747.4,3652446.83,4.149,OSM_WAY_NH44_MAINLINE,NH44_MAINLINE,NH-44 Jammu-Srinagar Highway,30,Original Winding Source Vertex
237,75.222434,33.010254,520776.46,3652445.64,4.178,OSM_WAY_NH44_MAINLINE,NH44_MAINLINE,NH-44 Jammu-Srinagar Highway,31,Original Winding Source Vertex
238,75.222707,33.010335,520801.99,3652454.68,4.205,OSM_WAY_NH44_MAINLINE,NH44_MAINLINE,NH-44 Jammu-Srinagar Highway,32,Original Winding Source Vertex
239,75.22293,33.010456,520822.76,3652468.18,4.23,OSM_WAY_NH44_MAINLINE,NH44_MAINLINE,NH-44 Jammu-Srinagar Highway,33,Original Winding Source Vertex
240,75.223225,33.010553,520850.3,3652478.97,4.26,OSM_WAY_NH44_MAINLINE,NH44_MAINLINE,NH-44 Jammu-Srinagar Highway,34,Original Winding Source Vertex
241,75.223646,33.010593,520889.62,3652483.53,4.299,OSM_WAY_NH44_MAINLINE,NH44_MAINLINE,NH-44 Jammu-Srinagar Highway,35,Original Winding Source Vertex
242,75.224081,33.010616,520930.2,3652486.11,4.34,OSM_WAY_NH44_MAINLINE,NH44_MAINLINE,NH-44 Jammu-Srinagar Highway,36,Original Winding Source Vertex
243,75.224967,33.010746,521012.97,3652500.76,4.424,OSM_WAY_NH44_MAINLINE,NH44_MAINLINE,NH-44 Jammu-Srinagar Highway,37,Original Winding Source Vertex
244,75.225369,33.010837,521050.53,3652510.94,4.463,OSM_WAY_NH44_MAINLINE,NH44_MAINLINE,NH-44 Jammu-Srinagar Highway,38,Original Winding Source Vertex
245,75.225781,33.010911,521088.97,3652519.12,4.502,OSM_WAY_NH44_MAINLINE,NH44_MAINLINE,NH-44 Jammu-Srinagar Highway,39,Original Winding Source Vertex
246,75.226071,33.010966,521116.01,3652525.29,4.53,OSM_WAY_NH44_MAINLINE,NH44_MAINLINE,NH-44 Jammu-Srinagar Highway,40,Original Winding Source Vertex
247,75.226233,33.011031,521131.16,3652532.55,4.547,OSM_WAY_NH44_MAINLINE,NH44_MAINLINE,NH-44 Jammu-Srinagar Highway,41,Original Winding Source Vertex
248,75.226353,33.011115,521142.28,3652541.93,4.561,OSM_WAY_NH44_MAINLINE,NH44_MAINLINE,NH-44 Jammu-Srinagar Highway,42,Original Winding Source Vertex
249,75.22646,33.01124,521152.27,3652555.79,4.578,OSM_WAY_NH44_MAINLINE,NH44_MAINLINE,NH-44 Jammu-Srinagar Highway,43,Original Winding Source Vertex
250,75.22655,33.011477,521160.61,3652582.11,4.606,OSM_WAY_NH44_MAINLINE,NH44_MAINLINE,NH-44 Jammu-Srinagar Highway,44,Original Winding Source Vertex
251,75.226611,33.011804,521166.29,3652618.4,4.643,OSM_WAY_NH44_MAINLINE,NH44_MAINLINE,NH-44 Jammu-Srinagar Highway,45,Original Winding Source Vertex
252,75.226697,33.012052,521174.25,3652645.85,4.671,OSM_WAY_NH44_MAINLINE,NH44_MAINLINE,NH-44 Jammu-Srinagar Highway,46,Original Winding Source Vertex
253,75.22677,33.012192,521180.98,3652661.44,4.688,OSM_WAY_NH44_MAINLINE,NH44_MAINLINE,NH-44 Jammu-Srinagar Highway,47,Original Winding Source Vertex
254,75.226902,33.012428,521193.33,3652687.53,4.717,OSM_WAY_NH44_MAINLINE,NH44_MAINLINE,NH-44 Jammu-Srinagar Highway,48,Original Winding Source Vertex
255,75.227003,33.012633,521202.67,3652710.37,4.742,OSM_WAY_NH44_MAINLINE,NH44_MAINLINE,NH-44 Jammu-Srinagar Highway,49,Original Winding Source Vertex
256,75.227112,33.012848,521212.77,3652734.2,4.768,OSM_WAY_NH44_MAINLINE,NH44_MAINLINE,NH-44 Jammu-Srinagar Highway,50,Original Winding Source Vertex
257,75.227191,33.013021,521220.11,3652753.41,4.788,OSM_WAY_NH44_MAINLINE,NH44_MAINLINE,NH-44 Jammu-Srinagar Highway,51,Original Winding Source Vertex
258,75.227293,33.013236,521229.58,3652777.24,4.814,OSM_WAY_NH44_MAINLINE,NH44_MAINLINE,NH-44 Jammu-Srinagar Highway,52,Original Winding Source Vertex
259,75.227399,33.013351,521239.45,3652789.98,4.83,OSM_WAY_NH44_MAINLINE,NH44_MAINLINE,NH-44 Jammu-Srinagar Highway,53,Original Winding Source Vertex
260,75.227541,33.013452,521252.7,3652801.24,4.847,OSM_WAY_NH44_MAINLINE,NH44_MAINLINE,NH-44 Jammu-Srinagar Highway,54,Original Winding Source Vertex
261,75.227757,33.013544,521272.84,3652811.5,4.87,OSM_WAY_NH44_MAINLINE,NH44_MAINLINE,NH-44 Jammu-Srinagar Highway,55,Original Winding Source Vertex
262,75.227966,33.013588,521292.38,3652816.4,4.89,OSM_WAY_NH44_MAINLINE,NH44_MAINLINE,NH-44 Jammu-Srinagar Highway,56,Original Winding Source Vertex
263,75.228163,33.01363,521310.78,3652821.05,4.909,OSM_WAY_NH44_MAINLINE,NH44_MAINLINE,NH-44 Jammu-Srinagar Highway,57,Original Winding Source Vertex
264,75.228438,33.01364,521336.46,3652822.24,4.935,OSM_WAY_NH44_MAINLINE,NH44_MAINLINE,NH-44 Jammu-Srinagar Highway,58,Original Winding Source Vertex
265,75.228758,33.013614,521366.41,3652819.43,4.965,OSM_WAY_NH44_MAINLINE,NH44_MAINLINE,NH-44 Jammu-Srinagar Highway,59,Original Winding Source Vertex
266,75.229066,33.013606,521395.09,3652818.62,4.994,OSM_WAY_NH44_MAINLINE,NH44_MAINLINE,NH-44 Jammu-Srinagar Highway,60,Original Winding Source Vertex
267,75.229312,33.013662,521418.12,3652824.91,5.017,OSM_WAY_NH44_MAINLINE,NH44_MAINLINE,NH-44 Jammu-Srinagar Highway,61,Original Winding Source Vertex
268,75.229594,33.013762,521444.41,3652836.06,5.046,OSM_WAY_NH44_MAINLINE,NH44_MAINLINE,NH-44 Jammu-Srinagar Highway,62,Original Winding Source Vertex
269,75.229838,33.013883,521467.17,3652849.45,5.072,OSM_WAY_NH44_MAINLINE,NH44_MAINLINE,NH-44 Jammu-Srinagar Highway,63,Original Winding Source Vertex
270,75.230038,33.014007,521485.81,3652863.21,5.096,OSM_WAY_NH44_MAINLINE,NH44_MAINLINE,NH-44 Jammu-Srinagar Highway,64,Original Winding Source Vertex
271,75.230243,33.014177,521504.93,3652882.2,5.122,OSM_WAY_NH44_MAINLINE,NH44_MAINLINE,NH-44 Jammu-Srinagar Highway,65,Original Winding Source Vertex
272,75.230428,33.014329,521522.18,3652899.06,5.147,OSM_WAY_NH44_MAINLINE,NH44_MAINLINE,NH-44 Jammu-Srinagar Highway,66,Original Winding Source Vertex
273,75.230601,33.014415,521538.31,3652908.58,5.165,OSM_WAY_NH44_MAINLINE,NH44_MAINLINE,NH-44 Jammu-Srinagar Highway,67,Original Winding Source Vertex
274,75.23077,33.014472,521554.09,3652914.96,5.182,OSM_WAY_NH44_MAINLINE,NH44_MAINLINE,NH-44 Jammu-Srinagar Highway,68,Original Winding Source Vertex
275,75.231076,33.014493,521582.64,3652917.4,5.211,OSM_WAY_NH44_MAINLINE,NH44_MAINLINE,NH-44 Jammu-Srinagar Highway,69,Original Winding Source Vertex
276,75.231335,33.014477,521606.82,3652915.58,5.235,OSM_WAY_NH44_MAINLINE,NH44_MAINLINE,NH-44 Jammu-Srinagar Highway,70,Original Winding Source Vertex
277,75.231614,33.014441,521632.89,3652911.66,5.262,OSM_WAY_NH44_MAINLINE,NH44_MAINLINE,NH-44 Jammu-Srinagar Highway,71,Original Winding Source Vertex
278,75.232226,33.014346,521690.14,3652901.31,5.32,OSM_WAY_NH44_MAINLINE,NH44_MAINLINE,NH-44 Jammu-Srinagar Highway,72,Original Winding Source Vertex
279,75.232699,33.0143,521734.25,3652896.29,5.364,OSM_WAY_NH44_MAINLINE,NH44_MAINLINE,NH-44 Jammu-Srinagar Highway,73,Original Winding Source Vertex
280,75.232909,33.014303,521753.92,3652896.71,5.384,OSM_WAY_NH44_MAINLINE,NH44_MAINLINE,NH-44 Jammu-Srinagar Highway,74,Original Winding Source Vertex
281,75.233051,33.014365,521767.18,3652903.59,5.399,OSM_WAY_NH44_MAINLINE,NH44_MAINLINE,NH-44 Jammu-Srinagar Highway,75,Original Winding Source Vertex
282,75.233152,33.014442,521776.55,3652912.09,5.411,OSM_WAY_NH44_MAINLINE,NH44_MAINLINE,NH-44 Jammu-Srinagar Highway,76,Original Winding Source Vertex
283,75.233226,33.01452,521783.43,3652920.84,5.423,OSM_WAY_NH44_MAINLINE,NH44_MAINLINE,NH-44 Jammu-Srinagar Highway,77,Original Winding Source Vertex
284,75.233259,33.014578,521786.54,3652927.19,5.43,OSM_WAY_NH44_MAINLINE,NH44_MAINLINE,NH-44 Jammu-Srinagar Highway,78,Original Winding Source Vertex
285,75.233283,33.014657,521788.77,3652935.94,5.439,OSM_WAY_NH44_MAINLINE,NH44_MAINLINE,NH-44 Jammu-Srinagar Highway,79,Original Winding Source Vertex
286,75.233306,33.014769,521790.88,3652948.4,5.451,OSM_WAY_NH44_MAINLINE,NH44_MAINLINE,NH-44 Jammu-Srinagar Highway,80,Original Winding Source Vertex
287,75.233321,33.014933,521792.22,3652966.61,5.47,OSM_WAY_NH44_MAINLINE,NH44_MAINLINE,NH-44 Jammu-Srinagar Highway,81,Original Winding Source Vertex
288,75.233411,33.015098,521800.57,3652984.95,5.49,OSM_WAY_NH44_MAINLINE,NH44_MAINLINE,NH-44 Jammu-Srinagar Highway,82,Original Winding Source Vertex
289,75.233533,33.015254,521811.93,3653002.18,5.51,OSM_WAY_NH44_MAINLINE,NH44_MAINLINE,NH-44 Jammu-Srinagar Highway,83,Original Winding Source Vertex
290,75.233813,33.015464,521838.06,3653025.55,5.545,OSM_WAY_NH44_MAINLINE,NH44_MAINLINE,NH-44 Jammu-Srinagar Highway,84,Original Winding Source Vertex
291,75.233983,33.015557,521853.94,3653035.93,5.564,OSM_WAY_NH44_MAINLINE,NH44_MAINLINE,NH-44 Jammu-Srinagar Highway,85,Original Winding Source Vertex
292,75.234186,33.015641,521872.84,3653045.21,5.585,OSM_WAY_NH44_MAINLINE,NH44_MAINLINE,NH-44 Jammu-Srinagar Highway,86,Original Winding Source Vertex
293,75.234454,33.015683,521897.87,3653050.0,5.611,OSM_WAY_NH44_MAINLINE,NH44_MAINLINE,NH-44 Jammu-Srinagar Highway,87,Original Winding Source Vertex
294,75.234647,33.015685,521915.91,3653050.28,5.629,OSM_WAY_NH44_MAINLINE,NH44_MAINLINE,NH-44 Jammu-Srinagar Highway,88,Original Winding Source Vertex
295,75.234753,33.015697,521925.81,3653051.56,5.639,OSM_WAY_NH44_MAINLINE,NH44_MAINLINE,NH-44 Jammu-Srinagar Highway,89,Original Winding Source Vertex
296,75.234925,33.015726,521941.84,3653054.83,5.655,OSM_WAY_NH44_MAINLINE,NH44_MAINLINE,NH-44 Jammu-Srinagar Highway,90,Original Winding Source Vertex
297,75.235083,33.01578,521956.6,3653060.85,5.671,OSM_WAY_NH44_MAINLINE,NH44_MAINLINE,NH-44 Jammu-Srinagar Highway,91,Original Winding Source Vertex
298,75.235339,33.0159,521980.5,3653074.24,5.699,OSM_WAY_NH44_MAINLINE,NH44_MAINLINE,NH-44 Jammu-Srinagar Highway,92,Original Winding Source Vertex
299,75.235703,33.016073,522014.4,3653093.52,5.738,OSM_WAY_NH44_MAINLINE,NH44_MAINLINE,NH-44 Jammu-Srinagar Highway,93,Original Winding Source Vertex
300,75.236014,33.016184,522043.43,3653105.8,5.769,OSM_WAY_NH44_MAINLINE,NH44_MAINLINE,NH-44 Jammu-Srinagar Highway,94,Original Winding Source Vertex
301,75.236471,33.016337,522086.1,3653122.85,5.815,OSM_WAY_NH44_MAINLINE,NH44_MAINLINE,NH-44 Jammu-Srinagar Highway,95,Original Winding Source Vertex
302,75.2367,33.016431,522107.5,3653133.37,5.839,OSM_WAY_NH44_MAINLINE,NH44_MAINLINE,NH-44 Jammu-Srinagar Highway,96,Original Winding Source Vertex
303,75.236828,33.016476,522119.39,3653138.39,5.852,OSM_WAY_NH44_MAINLINE,NH44_MAINLINE,NH-44 Jammu-Srinagar Highway,97,Original Winding Source Vertex
304,75.236971,33.016583,522132.76,3653150.26,5.87,OSM_WAY_NH44_MAINLINE,NH44_MAINLINE,NH-44 Jammu-Srinagar Highway,98,Original Winding Source Vertex
305,75.237089,33.016702,522143.76,3653163.5,5.887,OSM_WAY_NH44_MAINLINE,NH44_MAINLINE,NH-44 Jammu-Srinagar Highway,99,Original Winding Source Vertex
306,75.237126,33.016825,522147.11,3653177.1,5.901,OSM_WAY_NH44_MAINLINE,NH44_MAINLINE,NH-44 Jammu-Srinagar Highway,100,Original Winding Source Vertex
307,75.237135,33.016971,522147.95,3653193.3,5.917,OSM_WAY_NH44_MAINLINE,NH44_MAINLINE,NH-44 Jammu-Srinagar Highway,101,Original Winding Source Vertex
308,75.237093,33.017111,522144.03,3653208.87,5.933,OSM_WAY_NH44_MAINLINE,NH44_MAINLINE,NH-44 Jammu-Srinagar Highway,102,Original Winding Source Vertex
309,75.236971,33.017342,522132.58,3653234.41,5.961,OSM_WAY_NH44_MAINLINE,NH44_MAINLINE,NH-44 Jammu-Srinagar Highway,103,Original Winding Source Vertex
310,75.236869,33.01757,522123.0,3653259.7,5.988,OSM_WAY_NH44_MAINLINE,NH44_MAINLINE,NH-44 Jammu-Srinagar Highway,104,Original Winding Source Vertex
311,75.236831,33.017813,522119.31,3653286.61,6.015,OSM_WAY_NH44_MAINLINE,NH44_MAINLINE,NH-44 Jammu-Srinagar Highway,105,Original Winding Source Vertex
312,75.236804,33.018214,522116.69,3653331.11,6.06,OSM_WAY_NH44_MAINLINE,NH44_MAINLINE,NH-44 Jammu-Srinagar Highway,106,Original Winding Source Vertex
313,75.236773,33.018476,522113.75,3653360.15,6.089,OSM_WAY_NH44_MAINLINE,NH44_MAINLINE,NH-44 Jammu-Srinagar Highway,107,Original Winding Source Vertex
314,75.236836,33.018718,522119.58,3653386.97,6.117,OSM_WAY_NH44_MAINLINE,NH44_MAINLINE,NH-44 Jammu-Srinagar Highway,108,Original Winding Source Vertex
315,75.236962,33.018977,522131.29,3653415.67,6.148,OSM_WAY_NH44_MAINLINE,NH44_MAINLINE,NH-44 Jammu-Srinagar Highway,109,Original Winding Source Vertex
316,75.237122,33.019191,522146.14,3653439.39,6.176,OSM_WAY_NH44_MAINLINE,NH44_MAINLINE,NH-44 Jammu-Srinagar Highway,110,Original Winding Source Vertex
317,75.237407,33.019445,522172.75,3653467.62,6.214,OSM_WAY_NH44_MAINLINE,NH44_MAINLINE,NH-44 Jammu-Srinagar Highway,111,Original Winding Source Vertex
318,75.237649,33.019608,522195.26,3653485.75,6.243,OSM_WAY_NH44_MAINLINE,NH44_MAINLINE,NH-44 Jammu-Srinagar Highway,112,Original Winding Source Vertex
319,75.237869,33.019681,522215.78,3653493.9,6.265,OSM_WAY_NH44_MAINLINE,NH44_MAINLINE,NH-44 Jammu-Srinagar Highway,113,Original Winding Source Vertex
320,75.238051,33.019724,522232.81,3653498.68,6.283,OSM_WAY_NH44_MAINLINE,NH44_MAINLINE,NH-44 Jammu-Srinagar Highway,114,Original Winding Source Vertex
321,75.23824,33.019747,522250.46,3653501.33,6.301,OSM_WAY_NH44_MAINLINE,NH44_MAINLINE,NH-44 Jammu-Srinagar Highway,115,Original Winding Source Vertex
322,75.238475,33.019718,522272.39,3653498.14,6.323,OSM_WAY_NH44_MAINLINE,NH44_MAINLINE,NH-44 Jammu-Srinagar Highway,116,Original Winding Source Vertex
323,75.238671,33.019657,522290.69,3653491.45,6.343,OSM_WAY_NH44_MAINLINE,NH44_MAINLINE,NH-44 Jammu-Srinagar Highway,117,Original Winding Source Vertex
324,75.238951,33.019564,522316.89,3653481.16,6.371,OSM_WAY_NH44_MAINLINE,NH44_MAINLINE,NH-44 Jammu-Srinagar Highway,118,Original Winding Source Vertex
325,75.23921,33.019455,522341.09,3653469.12,6.398,OSM_WAY_NH44_MAINLINE,NH44_MAINLINE,NH-44 Jammu-Srinagar Highway,119,Original Winding Source Vertex
326,75.239529,33.019277,522370.95,3653449.5,6.434,OSM_WAY_NH44_MAINLINE,NH44_MAINLINE,NH-44 Jammu-Srinagar Highway,120,Original Winding Source Vertex
327,75.239756,33.019139,522392.15,3653434.21,6.46,OSM_WAY_NH44_MAINLINE,NH44_MAINLINE,NH-44 Jammu-Srinagar Highway,121,Original Winding Source Vertex
328,75.240025,33.018913,522417.39,3653409.21,6.495,OSM_WAY_NH44_MAINLINE,NH44_MAINLINE,NH-44 Jammu-Srinagar Highway,122,Original Winding Source Vertex
329,75.240244,33.018785,522437.84,3653395.04,6.52,OSM_WAY_NH44_MAINLINE,NH44_MAINLINE,NH-44 Jammu-Srinagar Highway,123,Original Winding Source Vertex
330,75.240486,33.018726,522460.52,3653388.62,6.544,OSM_WAY_NH44_MAINLINE,NH44_MAINLINE,NH-44 Jammu-Srinagar Highway,124,Original Winding Source Vertex
331,75.240623,33.018731,522473.29,3653389.14,6.556,OSM_WAY_NH44_MAINLINE,NH44_MAINLINE,NH-44 Jammu-Srinagar Highway,125,Original Winding Source Vertex
332,75.240861,33.018749,522495.46,3653391.18,6.579,OSM_WAY_NH44_MAINLINE,NH44_MAINLINE,NH-44 Jammu-Srinagar Highway,126,Original Winding Source Vertex
333,75.241055,33.018793,522513.61,3653396.09,6.597,OSM_WAY_NH44_MAINLINE,NH44_MAINLINE,NH-44 Jammu-Srinagar Highway,127,Original Winding Source Vertex
334,75.241337,33.018904,522539.89,3653408.49,6.627,OSM_WAY_NH44_MAINLINE,NH44_MAINLINE,NH-44 Jammu-Srinagar Highway,128,Original Winding Source Vertex
335,75.241683,33.018985,522572.18,3653417.55,6.66,OSM_WAY_NH44_MAINLINE,NH44_MAINLINE,NH-44 Jammu-Srinagar Highway,129,Original Winding Source Vertex
336,75.241951,33.019019,522597.22,3653421.34,6.685,OSM_WAY_NH44_MAINLINE,NH44_MAINLINE,NH-44 Jammu-Srinagar Highway,130,Original Winding Source Vertex
337,75.242206,33.019053,522621.01,3653425.26,6.71,OSM_WAY_NH44_MAINLINE,NH44_MAINLINE,NH-44 Jammu-Srinagar Highway,131,Original Winding Source Vertex
338,75.242458,33.019033,522644.56,3653423.07,6.733,OSM_WAY_NH44_MAINLINE,NH44_MAINLINE,NH-44 Jammu-Srinagar Highway,132,Original Winding Source Vertex
339,75.242781,33.018958,522674.77,3653414.79,6.764,OSM_WAY_NH44_MAINLINE,NH44_MAINLINE,NH-44 Jammu-Srinagar Highway,133,Original Winding Source Vertex
340,75.242958,33.018927,522691.31,3653411.46,6.781,OSM_WAY_NH44_MAINLINE,NH44_MAINLINE,NH-44 Jammu-Srinagar Highway,134,Original Winding Source Vertex
341,75.243186,33.01883,522712.63,3653400.66,6.805,OSM_WAY_NH44_MAINLINE,NH44_MAINLINE,NH-44 Jammu-Srinagar Highway,135,Original Winding Source Vertex
342,75.243315,33.018768,522724.67,3653393.84,6.819,OSM_WAY_NH44_MAINLINE,NH44_MAINLINE,NH-44 Jammu-Srinagar Highway,136,Original Winding Source Vertex
343,75.243477,33.018738,522739.84,3653390.63,6.835,OSM_WAY_NH44_MAINLINE,NH44_MAINLINE,NH-44 Jammu-Srinagar Highway,137,Original Winding Source Vertex
344,75.243655,33.01878,522756.48,3653395.28,6.852,OSM_WAY_NH44_MAINLINE,NH44_MAINLINE,NH-44 Jammu-Srinagar Highway,138,Original Winding Source Vertex
345,75.243744,33.018827,522764.74,3653400.54,6.862,OSM_WAY_NH44_MAINLINE,NH44_MAINLINE,NH-44 Jammu-Srinagar Highway,139,Original Winding Source Vertex
346,75.243883,33.018936,522777.73,3653412.65,6.879,OSM_WAY_NH44_MAINLINE,NH44_MAINLINE,NH-44 Jammu-Srinagar Highway,140,Original Winding Source Vertex
347,75.24405,33.01903,522793.24,3653423.04,6.898,OSM_WAY_NH44_MAINLINE,NH44_MAINLINE,NH-44 Jammu-Srinagar Highway,141,Original Winding Source Vertex
348,75.244342,33.019115,522820.53,3653432.58,6.927,OSM_WAY_NH44_MAINLINE,NH44_MAINLINE,NH-44 Jammu-Srinagar Highway,142,Original Winding Source Vertex
349,75.244708,33.019195,522854.7,3653441.51,6.962,OSM_WAY_NH44_MAINLINE,NH44_MAINLINE,NH-44 Jammu-Srinagar Highway,143,Original Winding Source Vertex
350,75.244915,33.019284,522873.96,3653451.4,6.984,OSM_WAY_NH44_MAINLINE,NH44_MAINLINE,NH-44 Jammu-Srinagar Highway,144,Original Winding Source Vertex
351,75.245211,33.019446,522901.6,3653469.42,7.017,OSM_WAY_NH44_MAINLINE,NH44_MAINLINE,NH-44 Jammu-Srinagar Highway,145,Original Winding Source Vertex
352,75.245524,33.019634,522930.74,3653490.3,7.053,OSM_WAY_NH44_MAINLINE,NH44_MAINLINE,NH-44 Jammu-Srinagar Highway,146,Original Winding Source Vertex
353,75.245781,33.019803,522954.74,3653509.18,7.083,OSM_WAY_NH44_MAINLINE,NH44_MAINLINE,NH-44 Jammu-Srinagar Highway,147,Original Winding Source Vertex
354,75.245934,33.019996,522968.97,3653530.54,7.109,OSM_WAY_NH44_MAINLINE,NH44_MAINLINE,NH-44 Jammu-Srinagar Highway,148,Original Winding Source Vertex
355,75.246029,33.02017,522977.82,3653549.88,7.13,OSM_WAY_NH44_MAINLINE,NH44_MAINLINE,NH-44 Jammu-Srinagar Highway,149,Original Winding Source Vertex
356,75.246076,33.020379,522982.15,3653573.08,7.154,OSM_WAY_NH44_MAINLINE,NH44_MAINLINE,NH-44 Jammu-Srinagar Highway,150,Original Winding Source Vertex
357,75.246076,33.020537,522982.11,3653590.53,7.171,OSM_WAY_NH44_MAINLINE,NH44_MAINLINE,NH-44 Jammu-Srinagar Highway,151,Original Winding Source Vertex
358,75.246049,33.020671,522979.57,3653605.48,7.187,OSM_WAY_NH44_MAINLINE,NH44_MAINLINE,NH-44 Jammu-Srinagar Highway,152,Original Winding Source Vertex
359,75.245955,33.020907,522970.74,3653631.51,7.214,OSM_WAY_NH44_MAINLINE,NH44_MAINLINE,NH-44 Jammu-Srinagar Highway,153,Original Winding Source Vertex
360,75.245855,33.021188,522961.28,3653662.66,7.247,OSM_WAY_NH44_MAINLINE,NH44_MAINLINE,NH-44 Jammu-Srinagar Highway,154,Original Winding Source Vertex
361,75.245793,33.021391,522955.46,3653685.21,7.27,OSM_WAY_NH44_MAINLINE,NH44_MAINLINE,NH-44 Jammu-Srinagar Highway,155,Original Winding Source Vertex
362,75.245805,33.021555,522956.54,3653703.42,7.288,OSM_WAY_NH44_MAINLINE,NH44_MAINLINE,NH-44 Jammu-Srinagar Highway,156,Original Winding Source Vertex
363,75.245832,33.021897,522958.96,3653741.32,7.326,OSM_WAY_NH44_MAINLINE,NH44_MAINLINE,NH-44 Jammu-Srinagar Highway,157,Original Winding Source Vertex
364,75.245891,33.02214,522964.41,3653768.26,7.354,OSM_WAY_NH44_MAINLINE,NH44_MAINLINE,NH-44 Jammu-Srinagar Highway,158,Original Winding Source Vertex
365,75.245942,33.022416,522969.09,3653798.81,7.384,OSM_WAY_NH44_MAINLINE,NH44_MAINLINE,NH-44 Jammu-Srinagar Highway,159,Original Winding Source Vertex
366,75.246115,33.022692,522985.18,3653829.51,7.419,OSM_WAY_NH44_MAINLINE,NH44_MAINLINE,NH-44 Jammu-Srinagar Highway,160,Original Winding Source Vertex
367,75.246159,33.022765,522989.3,3653837.63,7.428,OSM_WAY_NH44_MAINLINE,NH44_MAINLINE,NH-44 Jammu-Srinagar Highway,161,Original Winding Source Vertex
368,75.246257,33.022878,522998.41,3653850.11,7.444,OSM_WAY_NH44_MAINLINE,NH44_MAINLINE,NH-44 Jammu-Srinagar Highway,162,Original Winding Source Vertex
369,75.246363,33.022972,523008.28,3653860.61,7.458,OSM_WAY_NH44_MAINLINE,NH44_MAINLINE,NH-44 Jammu-Srinagar Highway,163,Original Winding Source Vertex
370,75.246568,33.023087,523027.41,3653873.37,7.481,OSM_WAY_NH44_MAINLINE,NH44_MAINLINE,NH-44 Jammu-Srinagar Highway,164,Original Winding Source Vertex
371,75.246981,33.02322,523065.96,3653888.17,7.522,OSM_WAY_NH44_MAINLINE,NH44_MAINLINE,NH-44 Jammu-Srinagar Highway,165,Original Winding Source Vertex
372,75.247377,33.023341,523102.87,3653901.71,7.562,OSM_WAY_NH44_MAINLINE,NH44_MAINLINE,NH-44 Jammu-Srinagar Highway,166,Original Winding Source Vertex
373,75.247846,33.023494,523146.67,3653918.77,7.609,OSM_WAY_NH44_MAINLINE,NH44_MAINLINE,NH-44 Jammu-Srinagar Highway,167,Original Winding Source Vertex
374,75.248027,33.023574,523163.55,3653927.67,7.628,OSM_WAY_NH44_MAINLINE,NH44_MAINLINE,NH-44 Jammu-Srinagar Highway,168,Original Winding Source Vertex
375,75.248098,33.023626,523170.18,3653933.41,7.637,OSM_WAY_NH44_MAINLINE,NH44_MAINLINE,NH-44 Jammu-Srinagar Highway,169,Original Winding Source Vertex
376,75.248188,33.023722,523178.55,3653944.15,7.65,OSM_WAY_NH44_MAINLINE,NH44_MAINLINE,NH-44 Jammu-Srinagar Highway,170,Original Winding Source Vertex
377,75.248313,33.023866,523190.16,3653960.13,7.67,OSM_WAY_NH44_MAINLINE,NH44_MAINLINE,NH-44 Jammu-Srinagar Highway,171,Original Winding Source Vertex
378,75.248416,33.024074,523199.75,3653983.22,7.695,OSM_WAY_NH44_MAINLINE,NH44_MAINLINE,NH-44 Jammu-Srinagar Highway,172,Original Winding Source Vertex
379,75.248454,33.024302,523203.19,3654008.53,7.72,OSM_WAY_NH44_MAINLINE,NH44_MAINLINE,NH-44 Jammu-Srinagar Highway,173,Original Winding Source Vertex
380,75.248509,33.024689,523208.23,3654051.43,7.764,OSM_WAY_NH44_MAINLINE,NH44_MAINLINE,NH-44 Jammu-Srinagar Highway,174,Original Winding Source Vertex
381,75.248525,33.025004,523209.65,3654086.33,7.799,OSM_WAY_NH44_MAINLINE,NH44_MAINLINE,NH-44 Jammu-Srinagar Highway,175,Original Winding Source Vertex
382,75.248654,33.025351,523221.58,3654124.88,7.839,OSM_WAY_NH44_MAINLINE,NH44_MAINLINE,NH-44 Jammu-Srinagar Highway,176,Original Winding Source Vertex
383,75.248726,33.02551,523228.31,3654142.47,7.858,OSM_WAY_NH44_MAINLINE,NH44_MAINLINE,NH-44 Jammu-Srinagar Highway,177,Original Winding Source Vertex
384,75.248831,33.025634,523238.04,3654156.21,7.875,OSM_WAY_NH44_MAINLINE,NH44_MAINLINE,NH-44 Jammu-Srinagar Highway,178,Original Winding Source Vertex
385,75.24904,33.025782,523257.54,3654172.7,7.9,OSM_WAY_NH44_MAINLINE,NH44_MAINLINE,NH-44 Jammu-Srinagar Highway,179,Original Winding Source Vertex
386,75.249263,33.025849,523278.31,3654180.11,7.922,OSM_WAY_NH44_MAINLINE,NH44_MAINLINE,NH-44 Jammu-Srinagar Highway,180,Original Winding Source Vertex
387,75.24961,33.025883,523310.74,3654184.05,7.955,OSM_WAY_NH44_MAINLINE,NH44_MAINLINE,NH-44 Jammu-Srinagar Highway,181,Original Winding Source Vertex
388,75.249818,33.025859,523330.16,3654181.36,7.974,OSM_WAY_NH44_MAINLINE,NH44_MAINLINE,NH-44 Jammu-Srinagar Highway,182,Original Winding Source Vertex
389,75.250338,33.025756,523378.78,3654170.13,8.024,OSM_WAY_NH44_MAINLINE,NH44_MAINLINE,NH-44 Jammu-Srinagar Highway,183,Original Winding Source Vertex
390,75.250624,33.025675,523405.48,3654161.22,8.053,OSM_WAY_NH44_MAINLINE,NH44_MAINLINE,NH-44 Jammu-Srinagar Highway,184,Original Winding Source Vertex
391,75.251058,33.025551,523446.09,3654147.48,8.095,OSM_WAY_NH44_MAINLINE,NH44_MAINLINE,NH-44 Jammu-Srinagar Highway,185,Original Winding Source Vertex
392,75.251304,33.025494,523469.03,3654141.3,8.119,OSM_WAY_NH44_MAINLINE,NH44_MAINLINE,NH-44 Jammu-Srinagar Highway,186,Original Winding Source Vertex
393,75.251552,33.025377,523492.23,3654128.4,8.146,OSM_WAY_NH44_MAINLINE,NH44_MAINLINE,NH-44 Jammu-Srinagar Highway,187,Original Winding Source Vertex
394,75.251671,33.025269,523503.4,3654116.45,8.162,OSM_WAY_NH44_MAINLINE,NH44_MAINLINE,NH-44 Jammu-Srinagar Highway,188,Original Winding Source Vertex
395,75.251771,33.025111,523512.72,3654098.9,8.182,OSM_WAY_NH44_MAINLINE,NH44_MAINLINE,NH-44 Jammu-Srinagar Highway,189,Original Winding Source Vertex
396,75.251886,33.024982,523523.52,3654084.59,8.2,OSM_WAY_NH44_MAINLINE,NH44_MAINLINE,NH-44 Jammu-Srinagar Highway,190,Original Winding Source Vertex
397,75.252013,33.024874,523535.45,3654072.65,8.217,OSM_WAY_NH44_MAINLINE,NH44_MAINLINE,NH-44 Jammu-Srinagar Highway,191,Original Winding Source Vertex
398,75.252111,33.02484,523544.6,3654068.93,8.227,OSM_WAY_NH44_MAINLINE,NH44_MAINLINE,NH-44 Jammu-Srinagar Highway,192,Original Winding Source Vertex
399,75.2522,33.024824,523552.87,3654067.2,8.235,OSM_WAY_NH44_MAINLINE,NH44_MAINLINE,NH-44 Jammu-Srinagar Highway,193,Original Winding Source Vertex
400,75.252307,33.024824,523562.89,3654067.23,8.245,OSM_WAY_NH44_MAINLINE,NH44_MAINLINE,NH-44 Jammu-Srinagar Highway,194,Original Winding Source Vertex
401,75.252403,33.024859,523571.9,3654071.12,8.255,OSM_WAY_NH44_MAINLINE,NH44_MAINLINE,NH-44 Jammu-Srinagar Highway,195,Original Winding Source Vertex
402,75.252558,33.02496,523586.27,3654082.37,8.273,OSM_WAY_NH44_MAINLINE,NH44_MAINLINE,NH-44 Jammu-Srinagar Highway,196,Original Winding Source Vertex
403,75.252719,33.025121,523601.26,3654100.23,8.296,OSM_WAY_NH44_MAINLINE,NH44_MAINLINE,NH-44 Jammu-Srinagar Highway,197,Original Winding Source Vertex
404,75.252827,33.025276,523611.37,3654117.46,8.316,OSM_WAY_NH44_MAINLINE,NH44_MAINLINE,NH-44 Jammu-Srinagar Highway,198,Original Winding Source Vertex
405,75.252913,33.025485,523619.32,3654140.66,8.341,OSM_WAY_NH44_MAINLINE,NH44_MAINLINE,NH-44 Jammu-Srinagar Highway,199,Original Winding Source Vertex
406,75.253028,33.0258,523630.01,3654175.59,8.377,OSM_WAY_NH44_MAINLINE,NH44_MAINLINE,NH-44 Jammu-Srinagar Highway,200,Original Winding Source Vertex
407,75.253116,33.025952,523638.11,3654192.44,8.396,OSM_WAY_NH44_MAINLINE,NH44_MAINLINE,NH-44 Jammu-Srinagar Highway,201,Original Winding Source Vertex
408,75.253224,33.026087,523648.22,3654207.43,8.414,OSM_WAY_NH44_MAINLINE,NH44_MAINLINE,NH-44 Jammu-Srinagar Highway,202,Original Winding Source Vertex
409,75.253342,33.026171,523659.21,3654216.8,8.429,OSM_WAY_NH44_MAINLINE,NH44_MAINLINE,NH-44 Jammu-Srinagar Highway,203,Original Winding Source Vertex
410,75.253518,33.026268,523675.6,3654227.56,8.448,OSM_WAY_NH44_MAINLINE,NH44_MAINLINE,NH-44 Jammu-Srinagar Highway,204,Original Winding Source Vertex
411,75.253779,33.026321,523700.0,3654233.47,8.473,OSM_WAY_NH44_MAINLINE,NH44_MAINLINE,NH-44 Jammu-Srinagar Highway,205,Original Winding Source Vertex
412,75.253928,33.026325,523713.91,3654234.0,8.487,OSM_WAY_NH44_MAINLINE,NH44_MAINLINE,NH-44 Jammu-Srinagar Highway,206,Original Winding Source Vertex
413,75.254092,33.026303,523729.19,3654231.55,8.503,OSM_WAY_NH44_MAINLINE,NH44_MAINLINE,NH-44 Jammu-Srinagar Highway,207,Original Winding Source Vertex
414,75.254332,33.026232,523751.63,3654223.75,8.527,OSM_WAY_NH44_MAINLINE,NH44_MAINLINE,NH-44 Jammu-Srinagar Highway,208,Original Winding Source Vertex
415,75.254612,33.026117,523777.84,3654211.1,8.556,OSM_WAY_NH44_MAINLINE,NH44_MAINLINE,NH-44 Jammu-Srinagar Highway,209,Original Winding Source Vertex
416,75.254825,33.026069,523797.77,3654205.79,8.576,OSM_WAY_NH44_MAINLINE,NH44_MAINLINE,NH-44 Jammu-Srinagar Highway,210,Original Winding Source Vertex
417,75.254913,33.026066,523805.91,3654205.44,8.584,OSM_WAY_NH44_MAINLINE,NH44_MAINLINE,NH-44 Jammu-Srinagar Highway,211,Original Winding Source Vertex
418,75.255016,33.026076,523815.55,3654206.58,8.594,OSM_WAY_NH44_MAINLINE,NH44_MAINLINE,NH-44 Jammu-Srinagar Highway,212,Original Winding Source Vertex
419,75.255103,33.026115,523823.68,3654210.97,8.603,OSM_WAY_NH44_MAINLINE,NH44_MAINLINE,NH-44 Jammu-Srinagar Highway,213,Original Winding Source Vertex
420,75.25518,33.026213,523830.8,3654221.83,8.616,OSM_WAY_NH44_MAINLINE,NH44_MAINLINE,NH-44 Jammu-Srinagar Highway,214,Original Winding Source Vertex
421,75.255324,33.026421,523844.26,3654244.92,8.643,OSM_WAY_NH44_MAINLINE,NH44_MAINLINE,NH-44 Jammu-Srinagar Highway,215,Original Winding Source Vertex
422,75.255481,33.026555,523858.88,3654259.79,8.664,OSM_WAY_NH44_MAINLINE,NH44_MAINLINE,NH-44 Jammu-Srinagar Highway,216,Original Winding Source Vertex
423,75.255811,33.026708,523889.65,3654276.81,8.699,OSM_WAY_NH44_MAINLINE,NH44_MAINLINE,NH-44 Jammu-Srinagar Highway,217,Original Winding Source Vertex
424,75.255961,33.026753,523903.66,3654281.84,8.714,OSM_WAY_NH44_MAINLINE,NH44_MAINLINE,NH-44 Jammu-Srinagar Highway,218,Original Winding Source Vertex
425,75.256203,33.026766,523926.2,3654283.39,8.737,OSM_WAY_NH44_MAINLINE,NH44_MAINLINE,NH-44 Jammu-Srinagar Highway,219,Original Winding Source Vertex
426,75.256447,33.026766,523949.0,3654283.44,8.759,OSM_WAY_NH44_MAINLINE,NH44_MAINLINE,NH-44 Jammu-Srinagar Highway,220,Original Winding Source Vertex
427,75.256656,33.026739,523968.54,3654280.5,8.779,OSM_WAY_NH44_MAINLINE,NH44_MAINLINE,NH-44 Jammu-Srinagar Highway,221,Original Winding Source Vertex
428,75.256831,33.026728,523984.83,3654279.3,8.795,OSM_WAY_NH44_MAINLINE,NH44_MAINLINE,NH-44 Jammu-Srinagar Highway,222,Original Winding Source Vertex
429,75.257152,33.026759,524014.88,3654282.86,8.826,OSM_WAY_NH44_MAINLINE,NH44_MAINLINE,NH-44 Jammu-Srinagar Highway,223,Original Winding Source Vertex
430,75.257466,33.026809,524044.17,3654288.41,8.856,OSM_WAY_NH44_MAINLINE,NH44_MAINLINE,NH-44 Jammu-Srinagar Highway,224,Original Winding Source Vertex
431,75.257683,33.026912,524064.43,3654299.93,8.879,OSM_WAY_NH44_MAINLINE,NH44_MAINLINE,NH-44 Jammu-Srinagar Highway,225,Original Winding Source Vertex
432,75.257885,33.027117,524083.17,3654322.66,8.908,OSM_WAY_NH44_MAINLINE,NH44_MAINLINE,NH-44 Jammu-Srinagar Highway,226,Original Winding Source Vertex
433,75.257994,33.027409,524093.35,3654355.1,8.942,OSM_WAY_NH44_MAINLINE,NH44_MAINLINE,NH-44 Jammu-Srinagar Highway,227,Original Winding Source Vertex
434,75.258045,33.027659,524098.04,3654382.79,8.97,OSM_WAY_NH44_MAINLINE,NH44_MAINLINE,NH-44 Jammu-Srinagar Highway,228,Original Winding Source Vertex
435,75.257997,33.027908,524093.47,3654410.45,8.998,OSM_WAY_NH44_MAINLINE,NH44_MAINLINE,NH-44 Jammu-Srinagar Highway,229,Original Winding Source Vertex
436,75.257893,33.02819,524083.62,3654441.58,9.031,OSM_WAY_NH44_MAINLINE,NH44_MAINLINE,NH-44 Jammu-Srinagar Highway,230,Original Winding Source Vertex
437,75.257709,33.028507,524066.34,3654476.74,9.07,OSM_WAY_NH44_MAINLINE,NH44_MAINLINE,NH-44 Jammu-Srinagar Highway,231,Original Winding Source Vertex
438,75.25742,33.028735,524039.33,3654501.96,9.107,OSM_WAY_NH44_MAINLINE,NH44_MAINLINE,NH-44 Jammu-Srinagar Highway,232,Original Winding Source Vertex
439,75.25771,33.029382,524066.2,3654573.7,9.107,OSM_WAY_NH44_MAINLINE,NH44_MAINLINE,NH-44 Jammu-Srinagar Highway,0,Original Winding Source Vertex
440,75.25768,33.029356,524063.46,3654570.84,9.111,OSM_WAY_NH44_MAINLINE,NH44_MAINLINE,NH-44 Jammu-Srinagar Highway,1,Original Winding Source Vertex
441,75.257644,33.029317,524060.1,3654566.58,9.117,OSM_WAY_NH44_MAINLINE,NH44_MAINLINE,NH-44 Jammu-Srinagar Highway,2,Original Winding Source Vertex
442,75.257615,33.029276,524057.42,3654562.02,9.122,OSM_WAY_NH44_MAINLINE,NH44_MAINLINE,NH-44 Jammu-Srinagar Highway,3,Original Winding Source Vertex
443,75.257593,33.029232,524055.35,3654557.07,9.127,OSM_WAY_NH44_MAINLINE,NH44_MAINLINE,NH-44 Jammu-Srinagar Highway,4,Original Winding Source Vertex
444,75.257575,33.029187,524053.67,3654552.12,9.132,OSM_WAY_NH44_MAINLINE,NH44_MAINLINE,NH-44 Jammu-Srinagar Highway,5,Original Winding Source Vertex
445,75.257561,33.029139,524052.39,3654546.77,9.138,OSM_WAY_NH44_MAINLINE,NH44_MAINLINE,NH-44 Jammu-Srinagar Highway,6,Original Winding Source Vertex
446,75.257554,33.02909,524051.8,3654541.33,9.143,OSM_WAY_NH44_MAINLINE,NH44_MAINLINE,NH-44 Jammu-Srinagar Highway,7,Original Winding Source Vertex
447,75.257556,33.029038,524051.92,3654535.59,9.149,OSM_WAY_NH44_MAINLINE,NH44_MAINLINE,NH-44 Jammu-Srinagar Highway,8,Original Winding Source Vertex
448,75.257558,33.028998,524052.13,3654531.14,9.154,OSM_WAY_NH44_MAINLINE,NH44_MAINLINE,NH-44 Jammu-Srinagar Highway,9,Original Winding Source Vertex
449,75.257563,33.02896,524052.64,3654526.88,9.158,OSM_WAY_NH44_MAINLINE,NH44_MAINLINE,NH-44 Jammu-Srinagar Highway,10,Original Winding Source Vertex
450,75.257928,33.029638,524086.5,3654602.21,9.158,OSM_WAY_NH44_MAINLINE,NH44_MAINLINE,NH-44 Jammu-Srinagar Highway,0,Original Winding Source Vertex
451,75.258085,33.029606,524101.22,3654598.64,9.173,OSM_WAY_NH44_MAINLINE,NH44_MAINLINE,NH-44 Jammu-Srinagar Highway,1,Original Winding Source Vertex
452,75.258294,33.029564,524120.77,3654594.03,9.193,OSM_WAY_NH44_MAINLINE,NH44_MAINLINE,NH-44 Jammu-Srinagar Highway,2,Original Winding Source Vertex
453,75.25862,33.029506,524151.17,3654587.74,9.224,OSM_WAY_NH44_MAINLINE,NH44_MAINLINE,NH-44 Jammu-Srinagar Highway,3,Original Winding Source Vertex
454,75.259049,33.02943,524191.26,3654579.37,9.265,OSM_WAY_NH44_MAINLINE,NH44_MAINLINE,NH-44 Jammu-Srinagar Highway,4,Original Winding Source Vertex
455,75.259328,33.029372,524217.35,3654573.0,9.292,OSM_WAY_NH44_MAINLINE,NH44_MAINLINE,NH-44 Jammu-Srinagar Highway,5,Original Winding Source Vertex
456,75.259557,33.029322,524238.72,3654567.55,9.314,OSM_WAY_NH44_MAINLINE,NH44_MAINLINE,NH-44 Jammu-Srinagar Highway,6,Original Winding Source Vertex
457,75.259866,33.029246,524267.57,3654559.12,9.344,OSM_WAY_NH44_MAINLINE,NH44_MAINLINE,NH-44 Jammu-Srinagar Highway,7,Original Winding Source Vertex
458,75.260127,33.029179,524292.0,3654551.83,9.37,OSM_WAY_NH44_MAINLINE,NH44_MAINLINE,NH-44 Jammu-Srinagar Highway,8,Original Winding Source Vertex
459,75.260292,33.029128,524307.46,3654546.19,9.386,OSM_WAY_NH44_MAINLINE,NH44_MAINLINE,NH-44 Jammu-Srinagar Highway,9,Original Winding Source Vertex
460,75.260435,33.02909,524320.83,3654541.96,9.4,OSM_WAY_NH44_MAINLINE,NH44_MAINLINE,NH-44 Jammu-Srinagar Highway,10,Original Winding Source Vertex
461,75.260562,33.029055,524332.69,3654538.09,9.413,OSM_WAY_NH44_MAINLINE,NH44_MAINLINE,NH-44 Jammu-Srinagar Highway,11,Original Winding Source Vertex
462,75.260659,33.029027,524341.69,3654535.1,9.422,OSM_WAY_NH44_MAINLINE,NH44_MAINLINE,NH-44 Jammu-Srinagar Highway,12,Original Winding Source Vertex
463,75.260756,33.028995,524350.82,3654531.5,9.432,OSM_WAY_NH44_MAINLINE,NH44_MAINLINE,NH-44 Jammu-Srinagar Highway,13,Original Winding Source Vertex
464,75.260835,33.028964,524358.21,3654528.12,9.44,OSM_WAY_NH44_MAINLINE,NH44_MAINLINE,NH-44 Jammu-Srinagar Highway,14,Original Winding Source Vertex
465,75.260925,33.028926,524366.63,3654523.9,9.449,OSM_WAY_NH44_MAINLINE,NH44_MAINLINE,NH-44 Jammu-Srinagar Highway,15,Original Winding Source Vertex
466,75.261019,33.028883,524375.35,3654519.13,9.459,OSM_WAY_NH44_MAINLINE,NH44_MAINLINE,NH-44 Jammu-Srinagar Highway,16,Original Winding Source Vertex
467,75.261116,33.028834,524384.44,3654513.73,9.47,OSM_WAY_NH44_MAINLINE,NH44_MAINLINE,NH-44 Jammu-Srinagar Highway,17,Original Winding Source Vertex
468,75.261249,33.02876,524396.93,3654505.63,9.485,OSM_WAY_NH44_MAINLINE,NH44_MAINLINE,NH-44 Jammu-Srinagar Highway,18,Original Winding Source Vertex
469,75.261402,33.028686,524411.21,3654497.46,9.501,OSM_WAY_NH44_MAINLINE,NH44_MAINLINE,NH-44 Jammu-Srinagar Highway,19,Original Winding Source Vertex
470,75.261498,33.028641,524420.15,3654492.51,9.512,OSM_WAY_NH44_MAINLINE,NH44_MAINLINE,NH-44 Jammu-Srinagar Highway,20,Original Winding Source Vertex
471,75.261555,33.028621,524425.53,3654490.22,9.517,OSM_WAY_NH44_MAINLINE,NH44_MAINLINE,NH-44 Jammu-Srinagar Highway,21,Original Winding Source Vertex
472,75.261624,33.028599,524431.93,3654487.84,9.524,OSM_WAY_NH44_MAINLINE,NH44_MAINLINE,NH-44 Jammu-Srinagar Highway,22,Original Winding Source Vertex
473,75.261673,33.028585,524436.54,3654486.35,9.529,OSM_WAY_NH44_MAINLINE,NH44_MAINLINE,NH-44 Jammu-Srinagar Highway,23,Original Winding Source Vertex
474,75.261716,33.028576,524440.55,3654485.31,9.533,OSM_WAY_NH44_MAINLINE,NH44_MAINLINE,NH-44 Jammu-Srinagar Highway,24,Original Winding Source Vertex
475,75.261771,33.028568,524445.75,3654484.48,9.538,OSM_WAY_NH44_MAINLINE,NH44_MAINLINE,NH-44 Jammu-Srinagar Highway,25,Original Winding Source Vertex
476,75.261827,33.028565,524450.93,3654484.11,9.544,OSM_WAY_NH44_MAINLINE,NH44_MAINLINE,NH-44 Jammu-Srinagar Highway,26,Original Winding Source Vertex
477,75.261888,33.028565,524456.64,3654484.1,9.549,OSM_WAY_NH44_MAINLINE,NH44_MAINLINE,NH-44 Jammu-Srinagar Highway,27,Original Winding Source Vertex
478,75.261939,33.028567,524461.44,3654484.37,9.554,OSM_WAY_NH44_MAINLINE,NH44_MAINLINE,NH-44 Jammu-Srinagar Highway,28,Original Winding Source Vertex
479,75.262011,33.028574,524468.09,3654485.18,9.561,OSM_WAY_NH44_MAINLINE,NH44_MAINLINE,NH-44 Jammu-Srinagar Highway,29,Original Winding Source Vertex
480,75.262075,33.028583,524474.12,3654486.16,9.567,OSM_WAY_NH44_MAINLINE,NH44_MAINLINE,NH-44 Jammu-Srinagar Highway,30,Original Winding Source Vertex
481,75.262143,33.028596,524480.47,3654487.59,9.573,OSM_WAY_NH44_MAINLINE,NH44_MAINLINE,NH-44 Jammu-Srinagar Highway,31,Original Winding Source Vertex
482,75.262235,33.028624,524489.01,3654490.73,9.583,OSM_WAY_NH44_MAINLINE,NH44_MAINLINE,NH-44 Jammu-Srinagar Highway,32,Original Winding Source Vertex
483,75.262339,33.028664,524498.74,3654495.17,9.593,OSM_WAY_NH44_MAINLINE,NH44_MAINLINE,NH-44 Jammu-Srinagar Highway,33,Original Winding Source Vertex
484,75.262477,33.028718,524511.62,3654501.19,9.607,OSM_WAY_NH44_MAINLINE,NH44_MAINLINE,NH-44 Jammu-Srinagar Highway,34,Original Winding Source Vertex
485,75.262676,33.028785,524530.21,3654508.75,9.628,OSM_WAY_NH44_MAINLINE,NH44_MAINLINE,NH-44 Jammu-Srinagar Highway,35,Original Winding Source Vertex
486,75.262808,33.028833,524542.48,3654514.1,9.641,OSM_WAY_NH44_MAINLINE,NH44_MAINLINE,NH-44 Jammu-Srinagar Highway,36,Original Winding Source Vertex
487,75.262939,33.028873,524554.72,3654518.55,9.654,OSM_WAY_NH44_MAINLINE,NH44_MAINLINE,NH-44 Jammu-Srinagar Highway,37,Original Winding Source Vertex
488,75.263047,33.028899,524564.75,3654521.42,9.664,OSM_WAY_NH44_MAINLINE,NH44_MAINLINE,NH-44 Jammu-Srinagar Highway,38,Original Winding Source Vertex
489,75.26317,33.028925,524576.29,3654524.31,9.676,OSM_WAY_NH44_MAINLINE,NH44_MAINLINE,NH-44 Jammu-Srinagar Highway,39,Original Winding Source Vertex
490,75.263286,33.028939,524587.1,3654525.97,9.687,OSM_WAY_NH44_MAINLINE,NH44_MAINLINE,NH-44 Jammu-Srinagar Highway,40,Original Winding Source Vertex
491,75.263407,33.02895,524598.35,3654527.2,9.699,OSM_WAY_NH44_MAINLINE,NH44_MAINLINE,NH-44 Jammu-Srinagar Highway,41,Original Winding Source Vertex
492,75.263505,33.028956,524607.56,3654527.8,9.708,OSM_WAY_NH44_MAINLINE,NH44_MAINLINE,NH-44 Jammu-Srinagar Highway,42,Original Winding Source Vertex
493,75.263649,33.028964,524621.0,3654528.75,9.721,OSM_WAY_NH44_MAINLINE,NH44_MAINLINE,NH-44 Jammu-Srinagar Highway,43,Original Winding Source Vertex
494,75.263807,33.028969,524635.75,3654529.35,9.736,OSM_WAY_NH44_MAINLINE,NH44_MAINLINE,NH-44 Jammu-Srinagar Highway,44,Original Winding Source Vertex
495,75.263958,33.028973,524649.78,3654529.88,9.75,OSM_WAY_NH44_MAINLINE,NH44_MAINLINE,NH-44 Jammu-Srinagar Highway,45,Original Winding Source Vertex
496,75.26411,33.028985,524663.97,3654531.19,9.764,OSM_WAY_NH44_MAINLINE,NH44_MAINLINE,NH-44 Jammu-Srinagar Highway,46,Original Winding Source Vertex
497,75.264199,33.028992,524672.29,3654532.03,9.773,OSM_WAY_NH44_MAINLINE,NH44_MAINLINE,NH-44 Jammu-Srinagar Highway,47,Original Winding Source Vertex
498,75.264287,33.029007,524680.57,3654533.73,9.781,OSM_WAY_NH44_MAINLINE,NH44_MAINLINE,NH-44 Jammu-Srinagar Highway,48,Original Winding Source Vertex
499,75.264366,33.029025,524687.91,3654535.73,9.789,OSM_WAY_NH44_MAINLINE,NH44_MAINLINE,NH-44 Jammu-Srinagar Highway,49,Original Winding Source Vertex
500,75.264434,33.029049,524694.28,3654538.41,9.796,OSM_WAY_NH44_MAINLINE,NH44_MAINLINE,NH-44 Jammu-Srinagar Highway,50,Original Winding Source Vertex
501,75.264509,33.029086,524701.28,3654542.48,9.804,OSM_WAY_NH44_MAINLINE,NH44_MAINLINE,NH-44 Jammu-Srinagar Highway,51,Original Winding Source Vertex
502,75.264584,33.029127,524708.21,3654547.02,9.812,OSM_WAY_NH44_MAINLINE,NH44_MAINLINE,NH-44 Jammu-Srinagar Highway,52,Original Winding Source Vertex
503,75.264668,33.02918,524716.06,3654552.94,9.822,OSM_WAY_NH44_MAINLINE,NH44_MAINLINE,NH-44 Jammu-Srinagar Highway,53,Original Winding Source Vertex
504,75.264782,33.029263,524726.73,3654562.17,9.836,OSM_WAY_NH44_MAINLINE,NH44_MAINLINE,NH-44 Jammu-Srinagar Highway,54,Original Winding Source Vertex
505,75.264897,33.029349,524737.4,3654571.72,9.85,OSM_WAY_NH44_MAINLINE,NH44_MAINLINE,NH-44 Jammu-Srinagar Highway,55,Original Winding Source Vertex
506,75.264983,33.029408,524745.41,3654578.33,9.861,OSM_WAY_NH44_MAINLINE,NH44_MAINLINE,NH-44 Jammu-Srinagar Highway,56,Original Winding Source Vertex
507,75.265059,33.029456,524752.48,3654583.67,9.87,OSM_WAY_NH44_MAINLINE,NH44_MAINLINE,NH-44 Jammu-Srinagar Highway,57,Original Winding Source Vertex
508,75.265116,33.029484,524757.82,3654586.81,9.876,OSM_WAY_NH44_MAINLINE,NH44_MAINLINE,NH-44 Jammu-Srinagar Highway,58,Original Winding Source Vertex
509,75.265185,33.029512,524764.24,3654589.9,9.883,OSM_WAY_NH44_MAINLINE,NH44_MAINLINE,NH-44 Jammu-Srinagar Highway,59,Original Winding Source Vertex
510,75.265262,33.02954,524771.44,3654593.01,9.891,OSM_WAY_NH44_MAINLINE,NH44_MAINLINE,NH-44 Jammu-Srinagar Highway,60,Original Winding Source Vertex
511,75.265328,33.029562,524777.64,3654595.44,9.897,OSM_WAY_NH44_MAINLINE,NH44_MAINLINE,NH-44 Jammu-Srinagar Highway,61,Original Winding Source Vertex
512,75.265462,33.029602,524790.06,3654599.97,9.911,OSM_WAY_NH44_MAINLINE,NH44_MAINLINE,NH-44 Jammu-Srinagar Highway,62,Original Winding Source Vertex
513,75.265633,33.029652,524806.07,3654605.55,9.928,OSM_WAY_NH44_MAINLINE,NH44_MAINLINE,NH-44 Jammu-Srinagar Highway,63,Original Winding Source Vertex
514,75.265747,33.029687,524816.71,3654609.38,9.939,OSM_WAY_NH44_MAINLINE,NH44_MAINLINE,NH-44 Jammu-Srinagar Highway,64,Original Winding Source Vertex
515,75.265823,33.029712,524823.75,3654612.17,9.946,OSM_WAY_NH44_MAINLINE,NH44_MAINLINE,NH-44 Jammu-Srinagar Highway,65,Original Winding Source Vertex
516,75.265883,33.029737,524829.4,3654615.01,9.953,OSM_WAY_NH44_MAINLINE,NH44_MAINLINE,NH-44 Jammu-Srinagar Highway,66,Original Winding Source Vertex
517,75.265936,33.029759,524834.31,3654617.41,9.958,OSM_WAY_NH44_MAINLINE,NH44_MAINLINE,NH-44 Jammu-Srinagar Highway,67,Original Winding Source Vertex
518,75.265994,33.029789,524839.71,3654620.74,9.965,OSM_WAY_NH44_MAINLINE,NH44_MAINLINE,NH-44 Jammu-Srinagar Highway,68,Original Winding Source Vertex
519,75.26606,33.029829,524845.87,3654625.2,9.972,OSM_WAY_NH44_MAINLINE,NH44_MAINLINE,NH-44 Jammu-Srinagar Highway,69,Original Winding Source Vertex
520,75.266124,33.029872,524851.87,3654629.98,9.98,OSM_WAY_NH44_MAINLINE,NH44_MAINLINE,NH-44 Jammu-Srinagar Highway,70,Original Winding Source Vertex
521,75.266206,33.029931,524859.46,3654636.54,9.99,OSM_WAY_NH44_MAINLINE,NH44_MAINLINE,NH-44 Jammu-Srinagar Highway,71,Original Winding Source Vertex
522,75.266311,33.03001,524869.29,3654645.41,10.003,OSM_WAY_NH44_MAINLINE,NH44_MAINLINE,NH-44 Jammu-Srinagar Highway,72,Original Winding Source Vertex
523,75.266516,33.030162,524888.34,3654662.31,10.029,OSM_WAY_NH44_MAINLINE,NH44_MAINLINE,NH-44 Jammu-Srinagar Highway,73,Original Winding Source Vertex
524,75.266857,33.030424,524920.13,3654691.41,10.072,OSM_WAY_NH44_MAINLINE,NH44_MAINLINE,NH-44 Jammu-Srinagar Highway,74,Original Winding Source Vertex
525,75.267053,33.030571,524938.38,3654707.68,10.096,OSM_WAY_NH44_MAINLINE,NH44_MAINLINE,NH-44 Jammu-Srinagar Highway,75,Original Winding Source Vertex
526,75.267231,33.030707,524954.96,3654722.87,10.119,OSM_WAY_NH44_MAINLINE,NH44_MAINLINE,NH-44 Jammu-Srinagar Highway,76,Original Winding Source Vertex
527,75.267368,33.030819,524967.76,3654735.32,10.136,OSM_WAY_NH44_MAINLINE,NH44_MAINLINE,NH-44 Jammu-Srinagar Highway,77,Original Winding Source Vertex
528,75.267512,33.030943,524981.2,3654749.03,10.156,OSM_WAY_NH44_MAINLINE,NH44_MAINLINE,NH-44 Jammu-Srinagar Highway,78,Original Winding Source Vertex
529,75.267672,33.031096,524996.09,3654766.05,10.178,OSM_WAY_NH44_MAINLINE,NH44_MAINLINE,NH-44 Jammu-Srinagar Highway,79,Original Winding Source Vertex
530,75.267837,33.031252,525011.46,3654783.39,10.201,OSM_WAY_NH44_MAINLINE,NH44_MAINLINE,NH-44 Jammu-Srinagar Highway,80,Original Winding Source Vertex
531,75.267948,33.031369,525021.78,3654796.46,10.218,OSM_WAY_NH44_MAINLINE,NH44_MAINLINE,NH-44 Jammu-Srinagar Highway,81,Original Winding Source Vertex
532,75.268066,33.03149,525032.75,3654809.87,10.235,OSM_WAY_NH44_MAINLINE,NH44_MAINLINE,NH-44 Jammu-Srinagar Highway,82,Original Winding Source Vertex
533,75.268113,33.031553,525037.12,3654816.83,10.244,OSM_WAY_NH44_MAINLINE,NH44_MAINLINE,NH-44 Jammu-Srinagar Highway,83,Original Winding Source Vertex
534,75.268143,33.0316,525039.87,3654822.12,10.25,OSM_WAY_NH44_MAINLINE,NH44_MAINLINE,NH-44 Jammu-Srinagar Highway,84,Original Winding Source Vertex
535,75.268162,33.031645,525041.67,3654827.09,10.255,OSM_WAY_NH44_MAINLINE,NH44_MAINLINE,NH-44 Jammu-Srinagar Highway,85,Original Winding Source Vertex
536,75.268177,33.031695,525043.07,3654832.62,10.261,OSM_WAY_NH44_MAINLINE,NH44_MAINLINE,NH-44 Jammu-Srinagar Highway,86,Original Winding Source Vertex
537,75.268189,33.031748,525044.15,3654838.52,10.267,OSM_WAY_NH44_MAINLINE,NH44_MAINLINE,NH-44 Jammu-Srinagar Highway,87,Original Winding Source Vertex
538,75.268199,33.031809,525045.08,3654845.22,10.273,OSM_WAY_NH44_MAINLINE,NH44_MAINLINE,NH-44 Jammu-Srinagar Highway,88,Original Winding Source Vertex
539,75.268229,33.032017,525047.86,3654868.29,10.297,OSM_WAY_NH44_MAINLINE,NH44_MAINLINE,NH-44 Jammu-Srinagar Highway,89,Original Winding Source Vertex
540,75.268269,33.032324,525051.43,3654902.39,10.331,OSM_WAY_NH44_MAINLINE,NH44_MAINLINE,NH-44 Jammu-Srinagar Highway,90,Original Winding Source Vertex
541,75.268301,33.032551,525054.36,3654927.5,10.356,OSM_WAY_NH44_MAINLINE,NH44_MAINLINE,NH-44 Jammu-Srinagar Highway,91,Original Winding Source Vertex
542,75.268324,33.032683,525056.52,3654942.22,10.371,OSM_WAY_NH44_MAINLINE,NH44_MAINLINE,NH-44 Jammu-Srinagar Highway,92,Original Winding Source Vertex
543,75.268358,33.032825,525059.63,3654957.89,10.387,OSM_WAY_NH44_MAINLINE,NH44_MAINLINE,NH-44 Jammu-Srinagar Highway,93,Original Winding Source Vertex
544,75.268402,33.032987,525063.68,3654975.85,10.405,OSM_WAY_NH44_MAINLINE,NH44_MAINLINE,NH-44 Jammu-Srinagar Highway,94,Original Winding Source Vertex
545,75.268506,33.033341,525073.29,3655015.19,10.446,OSM_WAY_NH44_MAINLINE,NH44_MAINLINE,NH-44 Jammu-Srinagar Highway,95,Original Winding Source Vertex
546,75.268626,33.033758,525084.42,3655061.4,10.493,OSM_WAY_NH44_MAINLINE,NH44_MAINLINE,NH-44 Jammu-Srinagar Highway,96,Original Winding Source Vertex
547,75.268706,33.034037,525091.82,3655092.39,10.525,OSM_WAY_NH44_MAINLINE,NH44_MAINLINE,NH-44 Jammu-Srinagar Highway,97,Original Winding Source Vertex
548,75.268782,33.034302,525098.84,3655121.81,10.556,OSM_WAY_NH44_MAINLINE,NH44_MAINLINE,NH-44 Jammu-Srinagar Highway,98,Original Winding Source Vertex
549,75.268838,33.034467,525104.0,3655140.09,10.575,OSM_WAY_NH44_MAINLINE,NH44_MAINLINE,NH-44 Jammu-Srinagar Highway,99,Original Winding Source Vertex
550,75.268882,33.034593,525108.08,3655154.0,10.589,OSM_WAY_NH44_MAINLINE,NH44_MAINLINE,NH-44 Jammu-Srinagar Highway,100,Original Winding Source Vertex
551,75.268914,33.034655,525111.06,3655160.91,10.597,OSM_WAY_NH44_MAINLINE,NH44_MAINLINE,NH-44 Jammu-Srinagar Highway,101,Original Winding Source Vertex
552,75.268953,33.034712,525114.64,3655167.26,10.604,OSM_WAY_NH44_MAINLINE,NH44_MAINLINE,NH-44 Jammu-Srinagar Highway,102,Original Winding Source Vertex
553,75.268995,33.034762,525118.55,3655172.82,10.611,OSM_WAY_NH44_MAINLINE,NH44_MAINLINE,NH-44 Jammu-Srinagar Highway,103,Original Winding Source Vertex
554,75.269034,33.034796,525122.21,3655176.59,10.616,OSM_WAY_NH44_MAINLINE,NH44_MAINLINE,NH-44 Jammu-Srinagar Highway,104,Original Winding Source Vertex
555,75.278161,33.037726,525973.64,3655503.61,10.616,OSM_WAY_NH44_MAINLINE,NH44_MAINLINE,NH-44 Jammu-Srinagar Highway,0,Original Winding Source Vertex
556,75.278163,33.037622,525973.81,3655492.05,10.627,OSM_WAY_NH44_MAINLINE,NH44_MAINLINE,NH-44 Jammu-Srinagar Highway,1,Original Winding Source Vertex
557,75.278148,33.037547,525972.47,3655483.79,10.636,OSM_WAY_NH44_MAINLINE,NH44_MAINLINE,NH-44 Jammu-Srinagar Highway,2,Original Winding Source Vertex
558,75.27813,33.037447,525970.81,3655472.74,10.647,OSM_WAY_NH44_MAINLINE,NH44_MAINLINE,NH-44 Jammu-Srinagar Highway,3,Original Winding Source Vertex
559,75.278116,33.037346,525969.52,3655461.53,10.658,OSM_WAY_NH44_MAINLINE,NH44_MAINLINE,NH-44 Jammu-Srinagar Highway,4,Original Winding Source Vertex
560,75.278115,33.037276,525969.5,3655453.72,10.666,OSM_WAY_NH44_MAINLINE,NH44_MAINLINE,NH-44 Jammu-Srinagar Highway,5,Original Winding Source Vertex
561,75.27812,33.037176,525969.91,3655442.63,10.677,OSM_WAY_NH44_MAINLINE,NH44_MAINLINE,NH-44 Jammu-Srinagar Highway,6,Original Winding Source Vertex
562,75.278126,33.037097,525970.55,3655433.89,10.686,OSM_WAY_NH44_MAINLINE,NH44_MAINLINE,NH-44 Jammu-Srinagar Highway,7,Original Winding Source Vertex
563,75.278128,33.037029,525970.73,3655426.39,10.693,OSM_WAY_NH44_MAINLINE,NH44_MAINLINE,NH-44 Jammu-Srinagar Highway,8,Original Winding Source Vertex
564,75.278129,33.036968,525970.87,3655419.56,10.7,OSM_WAY_NH44_MAINLINE,NH44_MAINLINE,NH-44 Jammu-Srinagar Highway,9,Original Winding Source Vertex
565,75.278124,33.036914,525970.42,3655413.6,10.706,OSM_WAY_NH44_MAINLINE,NH44_MAINLINE,NH-44 Jammu-Srinagar Highway,10,Original Winding Source Vertex
566,75.278104,33.036856,525968.54,3655407.15,10.713,OSM_WAY_NH44_MAINLINE,NH44_MAINLINE,NH-44 Jammu-Srinagar Highway,11,Original Winding Source Vertex
567,75.278082,33.036803,525966.5,3655401.34,10.719,OSM_WAY_NH44_MAINLINE,NH44_MAINLINE,NH-44 Jammu-Srinagar Highway,12,Original Winding Source Vertex
568,75.278048,33.03674,525963.37,3655394.27,10.727,OSM_WAY_NH44_MAINLINE,NH44_MAINLINE,NH-44 Jammu-Srinagar Highway,13,Original Winding Source Vertex
569,75.278006,33.036679,525959.44,3655387.51,10.735,OSM_WAY_NH44_MAINLINE,NH44_MAINLINE,NH-44 Jammu-Srinagar Highway,14,Original Winding Source Vertex
570,75.277945,33.036618,525953.77,3655380.73,10.744,OSM_WAY_NH44_MAINLINE,NH44_MAINLINE,NH-44 Jammu-Srinagar Highway,15,Original Winding Source Vertex
571,75.277888,33.036574,525948.43,3655375.85,10.751,OSM_WAY_NH44_MAINLINE,NH44_MAINLINE,NH-44 Jammu-Srinagar Highway,16,Original Winding Source Vertex
572,75.27782,33.036527,525942.13,3655370.65,10.759,OSM_WAY_NH44_MAINLINE,NH44_MAINLINE,NH-44 Jammu-Srinagar Highway,17,Original Winding Source Vertex
573,75.277751,33.036495,525935.67,3655367.02,10.766,OSM_WAY_NH44_MAINLINE,NH44_MAINLINE,NH-44 Jammu-Srinagar Highway,18,Original Winding Source Vertex
574,75.277688,33.036472,525929.84,3655364.49,10.773,OSM_WAY_NH44_MAINLINE,NH44_MAINLINE,NH-44 Jammu-Srinagar Highway,19,Original Winding Source Vertex
575,75.2776,33.036452,525921.65,3655362.27,10.781,OSM_WAY_NH44_MAINLINE,NH44_MAINLINE,NH-44 Jammu-Srinagar Highway,20,Original Winding Source Vertex
576,75.277474,33.036434,525909.86,3655360.22,10.793,OSM_WAY_NH44_MAINLINE,NH44_MAINLINE,NH-44 Jammu-Srinagar Highway,21,Original Winding Source Vertex
577,75.277343,33.03641,525897.64,3655357.52,10.806,OSM_WAY_NH44_MAINLINE,NH44_MAINLINE,NH-44 Jammu-Srinagar Highway,22,Original Winding Source Vertex
578,75.277254,33.036388,525889.3,3655355.12,10.814,OSM_WAY_NH44_MAINLINE,NH44_MAINLINE,NH-44 Jammu-Srinagar Highway,23,Original Winding Source Vertex
579,75.277156,33.036358,525880.17,3655351.73,10.824,OSM_WAY_NH44_MAINLINE,NH44_MAINLINE,NH-44 Jammu-Srinagar Highway,24,Original Winding Source Vertex
580,75.277077,33.03633,525872.82,3655348.55,10.832,OSM_WAY_NH44_MAINLINE,NH44_MAINLINE,NH-44 Jammu-Srinagar Highway,25,Original Winding Source Vertex
581,75.27701,33.036298,525866.56,3655345.07,10.839,OSM_WAY_NH44_MAINLINE,NH44_MAINLINE,NH-44 Jammu-Srinagar Highway,26,Original Winding Source Vertex
582,75.276908,33.036237,525857.03,3655338.31,10.851,OSM_WAY_NH44_MAINLINE,NH44_MAINLINE,NH-44 Jammu-Srinagar Highway,27,Original Winding Source Vertex
583,75.276755,33.036122,525842.76,3655325.51,10.87,OSM_WAY_NH44_MAINLINE,NH44_MAINLINE,NH-44 Jammu-Srinagar Highway,28,Original Winding Source Vertex
584,75.276603,33.035984,525828.68,3655310.15,10.891,OSM_WAY_NH44_MAINLINE,NH44_MAINLINE,NH-44 Jammu-Srinagar Highway,29,Original Winding Source Vertex
585,75.276512,33.035916,525820.16,3655302.61,10.902,OSM_WAY_NH44_MAINLINE,NH44_MAINLINE,NH-44 Jammu-Srinagar Highway,30,Original Winding Source Vertex
586,75.276439,33.035865,525813.41,3655296.85,10.911,OSM_WAY_NH44_MAINLINE,NH44_MAINLINE,NH-44 Jammu-Srinagar Highway,31,Original Winding Source Vertex
587,75.276348,33.035804,525804.88,3655290.11,10.922,OSM_WAY_NH44_MAINLINE,NH44_MAINLINE,NH-44 Jammu-Srinagar Highway,32,Original Winding Source Vertex
588,75.276273,33.035758,525797.94,3655285.04,10.931,OSM_WAY_NH44_MAINLINE,NH44_MAINLINE,NH-44 Jammu-Srinagar Highway,33,Original Winding Source Vertex
589,75.276204,33.035721,525791.48,3655280.87,10.938,OSM_WAY_NH44_MAINLINE,NH44_MAINLINE,NH-44 Jammu-Srinagar Highway,34,Original Winding Source Vertex
590,75.276116,33.035682,525783.25,3655276.49,10.948,OSM_WAY_NH44_MAINLINE,NH44_MAINLINE,NH-44 Jammu-Srinagar Highway,35,Original Winding Source Vertex
591,75.276028,33.03565,525775.01,3655273.01,10.957,OSM_WAY_NH44_MAINLINE,NH44_MAINLINE,NH-44 Jammu-Srinagar Highway,36,Original Winding Source Vertex
592,75.275943,33.035627,525767.17,3655270.42,10.965,OSM_WAY_NH44_MAINLINE,NH44_MAINLINE,NH-44 Jammu-Srinagar Highway,37,Original Winding Source Vertex
593,75.275831,33.0356,525756.63,3655267.42,10.976,OSM_WAY_NH44_MAINLINE,NH44_MAINLINE,NH-44 Jammu-Srinagar Highway,38,Original Winding Source Vertex
594,75.275653,33.035567,525740.05,3655263.62,10.993,OSM_WAY_NH44_MAINLINE,NH44_MAINLINE,NH-44 Jammu-Srinagar Highway,39,Original Winding Source Vertex
595,75.275526,33.035549,525728.22,3655261.6,11.005,OSM_WAY_NH44_MAINLINE,NH44_MAINLINE,NH-44 Jammu-Srinagar Highway,40,Original Winding Source Vertex
596,75.27537,33.035533,525713.61,3655259.79,11.02,OSM_WAY_NH44_MAINLINE,NH44_MAINLINE,NH-44 Jammu-Srinagar Highway,41,Original Winding Source Vertex
597,75.275213,33.035516,525699.01,3655257.87,11.034,OSM_WAY_NH44_MAINLINE,NH44_MAINLINE,NH-44 Jammu-Srinagar Highway,42,Original Winding Source Vertex
598,75.275126,33.0355,525690.87,3655256.07,11.043,OSM_WAY_NH44_MAINLINE,NH44_MAINLINE,NH-44 Jammu-Srinagar Highway,43,Original Winding Source Vertex
599,75.275007,33.035471,525679.75,3655252.87,11.054,OSM_WAY_NH44_MAINLINE,NH44_MAINLINE,NH-44 Jammu-Srinagar Highway,44,Original Winding Source Vertex
600,75.274886,33.035437,525668.52,3655249.08,11.066,OSM_WAY_NH44_MAINLINE,NH44_MAINLINE,NH-44 Jammu-Srinagar Highway,45,Original Winding Source Vertex
601,75.274752,33.035391,525656.01,3655243.91,11.08,OSM_WAY_NH44_MAINLINE,NH44_MAINLINE,NH-44 Jammu-Srinagar Highway,46,Original Winding Source Vertex
602,75.274643,33.035362,525645.78,3655240.71,11.09,OSM_WAY_NH44_MAINLINE,NH44_MAINLINE,NH-44 Jammu-Srinagar Highway,47,Original Winding Source Vertex
603,75.274543,33.035337,525636.45,3655237.92,11.1,OSM_WAY_NH44_MAINLINE,NH44_MAINLINE,NH-44 Jammu-Srinagar Highway,48,Original Winding Source Vertex
604,75.274473,33.035323,525629.99,3655236.32,11.107,OSM_WAY_NH44_MAINLINE,NH44_MAINLINE,NH-44 Jammu-Srinagar Highway,49,Original Winding Source Vertex
605,75.274426,33.035317,525625.52,3655235.71,11.111,OSM_WAY_NH44_MAINLINE,NH44_MAINLINE,NH-44 Jammu-Srinagar Highway,50,Original Winding Source Vertex
606,75.274373,33.035315,525620.64,3655235.41,11.116,OSM_WAY_NH44_MAINLINE,NH44_MAINLINE,NH-44 Jammu-Srinagar Highway,51,Original Winding Source Vertex
607,75.274319,33.035317,525615.57,3655235.69,11.121,OSM_WAY_NH44_MAINLINE,NH44_MAINLINE,NH-44 Jammu-Srinagar Highway,52,Original Winding Source Vertex
608,75.274271,33.035327,525611.1,3655236.76,11.126,OSM_WAY_NH44_MAINLINE,NH44_MAINLINE,NH-44 Jammu-Srinagar Highway,53,Original Winding Source Vertex
609,75.274217,33.035344,525606.02,3655238.63,11.131,OSM_WAY_NH44_MAINLINE,NH44_MAINLINE,NH-44 Jammu-Srinagar Highway,54,Original Winding Source Vertex
610,75.274163,33.035367,525600.95,3655241.09,11.137,OSM_WAY_NH44_MAINLINE,NH44_MAINLINE,NH-44 Jammu-Srinagar Highway,55,Original Winding Source Vertex
611,75.274113,33.035394,525596.27,3655244.15,11.142,OSM_WAY_NH44_MAINLINE,NH44_MAINLINE,NH-44 Jammu-Srinagar Highway,56,Original Winding Source Vertex
612,75.274064,33.035429,525591.69,3655248.0,11.148,OSM_WAY_NH44_MAINLINE,NH44_MAINLINE,NH-44 Jammu-Srinagar Highway,57,Original Winding Source Vertex
613,75.274014,33.035474,525587.0,3655252.93,11.155,OSM_WAY_NH44_MAINLINE,NH44_MAINLINE,NH-44 Jammu-Srinagar Highway,58,Original Winding Source Vertex
614,75.273934,33.035565,525579.52,3655263.0,11.168,OSM_WAY_NH44_MAINLINE,NH44_MAINLINE,NH-44 Jammu-Srinagar Highway,59,Original Winding Source Vertex
615,75.273827,33.035691,525569.55,3655277.02,11.185,OSM_WAY_NH44_MAINLINE,NH44_MAINLINE,NH-44 Jammu-Srinagar Highway,60,Original Winding Source Vertex
616,75.273777,33.035745,525564.86,3655282.95,11.192,OSM_WAY_NH44_MAINLINE,NH44_MAINLINE,NH-44 Jammu-Srinagar Highway,61,Original Winding Source Vertex
617,75.273732,33.03579,525560.58,3655287.98,11.199,OSM_WAY_NH44_MAINLINE,NH44_MAINLINE,NH-44 Jammu-Srinagar Highway,62,Original Winding Source Vertex
618,75.2737,33.035815,525557.58,3655290.64,11.203,OSM_WAY_NH44_MAINLINE,NH44_MAINLINE,NH-44 Jammu-Srinagar Highway,63,Original Winding Source Vertex
619,75.273652,33.035844,525553.1,3655293.89,11.209,OSM_WAY_NH44_MAINLINE,NH44_MAINLINE,NH-44 Jammu-Srinagar Highway,64,Original Winding Source Vertex
620,75.27361,33.035865,525549.22,3655296.15,11.213,OSM_WAY_NH44_MAINLINE,NH44_MAINLINE,NH-44 Jammu-Srinagar Highway,65,Original Winding Source Vertex
621,75.273562,33.035883,525544.74,3655298.23,11.218,OSM_WAY_NH44_MAINLINE,NH44_MAINLINE,NH-44 Jammu-Srinagar Highway,66,Original Winding Source Vertex
622,75.273512,33.035897,525540.07,3655299.7,11.223,OSM_WAY_NH44_MAINLINE,NH44_MAINLINE,NH-44 Jammu-Srinagar Highway,67,Original Winding Source Vertex
623,75.273457,33.035905,525534.89,3655300.57,11.228,OSM_WAY_NH44_MAINLINE,NH44_MAINLINE,NH-44 Jammu-Srinagar Highway,68,Original Winding Source Vertex
624,75.273411,33.035907,525530.62,3655300.76,11.232,OSM_WAY_NH44_MAINLINE,NH44_MAINLINE,NH-44 Jammu-Srinagar Highway,69,Original Winding Source Vertex
625,75.273348,33.035907,525524.76,3655300.85,11.238,OSM_WAY_NH44_MAINLINE,NH44_MAINLINE,NH-44 Jammu-Srinagar Highway,70,Original Winding Source Vertex
626,75.27329,33.0359,525519.29,3655300.03,11.244,OSM_WAY_NH44_MAINLINE,NH44_MAINLINE,NH-44 Jammu-Srinagar Highway,71,Original Winding Source Vertex
627,75.273238,33.035891,525514.43,3655299.04,11.249,OSM_WAY_NH44_MAINLINE,NH44_MAINLINE,NH-44 Jammu-Srinagar Highway,72,Original Winding Source Vertex
628,75.273196,33.035881,525510.56,3655297.84,11.253,OSM_WAY_NH44_MAINLINE,NH44_MAINLINE,NH-44 Jammu-Srinagar Highway,73,Original Winding Source Vertex
629,75.27315,33.035864,525506.28,3655295.94,11.258,OSM_WAY_NH44_MAINLINE,NH44_MAINLINE,NH-44 Jammu-Srinagar Highway,74,Original Winding Source Vertex
630,75.273091,33.035832,525500.73,3655292.37,11.264,OSM_WAY_NH44_MAINLINE,NH44_MAINLINE,NH-44 Jammu-Srinagar Highway,75,Original Winding Source Vertex
631,75.273025,33.035796,525494.57,3655288.4,11.272,OSM_WAY_NH44_MAINLINE,NH44_MAINLINE,NH-44 Jammu-Srinagar Highway,76,Original Winding Source Vertex
632,75.272954,33.03576,525488.02,3655284.42,11.279,OSM_WAY_NH44_MAINLINE,NH44_MAINLINE,NH-44 Jammu-Srinagar Highway,77,Original Winding Source Vertex
633,75.272893,33.035729,525482.27,3655280.95,11.286,OSM_WAY_NH44_MAINLINE,NH44_MAINLINE,NH-44 Jammu-Srinagar Highway,78,Original Winding Source Vertex
634,75.272844,33.035704,525477.7,3655278.16,11.291,OSM_WAY_NH44_MAINLINE,NH44_MAINLINE,NH-44 Jammu-Srinagar Highway,79,Original Winding Source Vertex
635,75.272789,33.035676,525472.54,3655275.09,11.297,OSM_WAY_NH44_MAINLINE,NH44_MAINLINE,NH-44 Jammu-Srinagar Highway,80,Original Winding Source Vertex
636,75.272742,33.035658,525468.17,3655273.1,11.302,OSM_WAY_NH44_MAINLINE,NH44_MAINLINE,NH-44 Jammu-Srinagar Highway,81,Original Winding Source Vertex
637,75.272703,33.035649,525464.6,3655272.0,11.306,OSM_WAY_NH44_MAINLINE,NH44_MAINLINE,NH-44 Jammu-Srinagar Highway,82,Original Winding Source Vertex
638,75.272647,33.035634,525459.33,3655270.4,11.311,OSM_WAY_NH44_MAINLINE,NH44_MAINLINE,NH-44 Jammu-Srinagar Highway,83,Original Winding Source Vertex
639,75.272595,33.035626,525454.46,3655269.5,11.316,OSM_WAY_NH44_MAINLINE,NH44_MAINLINE,NH-44 Jammu-Srinagar Highway,84,Original Winding Source Vertex
640,75.272535,33.035624,525448.9,3655269.19,11.322,OSM_WAY_NH44_MAINLINE,NH44_MAINLINE,NH-44 Jammu-Srinagar Highway,85,Original Winding Source Vertex
641,75.272481,33.035622,525443.84,3655268.97,11.327,OSM_WAY_NH44_MAINLINE,NH44_MAINLINE,NH-44 Jammu-Srinagar Highway,86,Original Winding Source Vertex
642,75.272416,33.035625,525437.77,3655269.36,11.333,OSM_WAY_NH44_MAINLINE,NH44_MAINLINE,NH-44 Jammu-Srinagar Highway,87,Original Winding Source Vertex
643,75.27235,33.035637,525431.6,3655270.63,11.339,OSM_WAY_NH44_MAINLINE,NH44_MAINLINE,NH-44 Jammu-Srinagar Highway,88,Original Winding Source Vertex
644,75.272296,33.035652,525426.52,3655272.3,11.345,OSM_WAY_NH44_MAINLINE,NH44_MAINLINE,NH-44 Jammu-Srinagar Highway,89,Original Winding Source Vertex
645,75.272212,33.035683,525418.67,3655275.64,11.353,OSM_WAY_NH44_MAINLINE,NH44_MAINLINE,NH-44 Jammu-Srinagar Highway,90,Original Winding Source Vertex
646,75.272128,33.035719,525410.9,3655279.68,11.362,OSM_WAY_NH44_MAINLINE,NH44_MAINLINE,NH-44 Jammu-Srinagar Highway,91,Original Winding Source Vertex
647,75.272031,33.035767,525401.75,3655285.0,11.372,OSM_WAY_NH44_MAINLINE,NH44_MAINLINE,NH-44 Jammu-Srinagar Highway,92,Original Winding Source Vertex
648,75.271913,33.03582,525390.8,3655290.8,11.385,OSM_WAY_NH44_MAINLINE,NH44_MAINLINE,NH-44 Jammu-Srinagar Highway,93,Original Winding Source Vertex
649,75.271793,33.035874,525379.56,3655296.76,11.398,OSM_WAY_NH44_MAINLINE,NH44_MAINLINE,NH-44 Jammu-Srinagar Highway,94,Original Winding Source Vertex
650,75.271736,33.035893,525374.18,3655298.86,11.403,OSM_WAY_NH44_MAINLINE,NH44_MAINLINE,NH-44 Jammu-Srinagar Highway,95,Original Winding Source Vertex
651,75.271684,33.035909,525369.37,3655300.58,11.408,OSM_WAY_NH44_MAINLINE,NH44_MAINLINE,NH-44 Jammu-Srinagar Highway,96,Original Winding Source Vertex
652,75.271624,33.035921,525363.76,3655301.98,11.414,OSM_WAY_NH44_MAINLINE,NH44_MAINLINE,NH-44 Jammu-Srinagar Highway,97,Original Winding Source Vertex
653,75.271573,33.035928,525358.95,3655302.67,11.419,OSM_WAY_NH44_MAINLINE,NH44_MAINLINE,NH-44 Jammu-Srinagar Highway,98,Original Winding Source Vertex
654,75.271521,33.03593,525354.13,3655302.9,11.424,OSM_WAY_NH44_MAINLINE,NH44_MAINLINE,NH-44 Jammu-Srinagar Highway,99,Original Winding Source Vertex
655,75.271467,33.035927,525349.08,3655302.56,11.429,OSM_WAY_NH44_MAINLINE,NH44_MAINLINE,NH-44 Jammu-Srinagar Highway,100,Original Winding Source Vertex
656,75.271416,33.035919,525344.27,3655301.69,11.434,OSM_WAY_NH44_MAINLINE,NH44_MAINLINE,NH-44 Jammu-Srinagar Highway,101,Original Winding Source Vertex
657,75.271356,33.035907,525338.68,3655300.26,11.44,OSM_WAY_NH44_MAINLINE,NH44_MAINLINE,NH-44 Jammu-Srinagar Highway,102,Original Winding Source Vertex
658,75.271265,33.035882,525330.24,3655297.57,11.449,OSM_WAY_NH44_MAINLINE,NH44_MAINLINE,NH-44 Jammu-Srinagar Highway,103,Original Winding Source Vertex
659,75.271163,33.035846,525320.68,3655293.52,11.459,OSM_WAY_NH44_MAINLINE,NH44_MAINLINE,NH-44 Jammu-Srinagar Highway,104,Original Winding Source Vertex
660,75.271088,33.035816,525313.68,3655290.15,11.467,OSM_WAY_NH44_MAINLINE,NH44_MAINLINE,NH-44 Jammu-Srinagar Highway,105,Original Winding Source Vertex
661,75.271026,33.035795,525307.92,3655287.88,11.473,OSM_WAY_NH44_MAINLINE,NH44_MAINLINE,NH-44 Jammu-Srinagar Highway,106,Original Winding Source Vertex
662,75.270967,33.035782,525302.41,3655286.38,11.479,OSM_WAY_NH44_MAINLINE,NH44_MAINLINE,NH-44 Jammu-Srinagar Highway,107,Original Winding Source Vertex
663,75.270892,33.035766,525295.41,3655284.62,11.486,OSM_WAY_NH44_MAINLINE,NH44_MAINLINE,NH-44 Jammu-Srinagar Highway,108,Original Winding Source Vertex
664,75.270816,33.035758,525288.35,3655283.62,11.493,OSM_WAY_NH44_MAINLINE,NH44_MAINLINE,NH-44 Jammu-Srinagar Highway,109,Original Winding Source Vertex
665,75.270709,33.035751,525278.31,3655282.89,11.503,OSM_WAY_NH44_MAINLINE,NH44_MAINLINE,NH-44 Jammu-Srinagar Highway,110,Original Winding Source Vertex
666,75.270597,33.035744,525267.88,3655282.08,11.513,OSM_WAY_NH44_MAINLINE,NH44_MAINLINE,NH-44 Jammu-Srinagar Highway,111,Original Winding Source Vertex
667,75.27049,33.035742,525257.94,3655281.85,11.523,OSM_WAY_NH44_MAINLINE,NH44_MAINLINE,NH-44 Jammu-Srinagar Highway,112,Original Winding Source Vertex
668,75.270414,33.035736,525250.79,3655281.15,11.531,OSM_WAY_NH44_MAINLINE,NH44_MAINLINE,NH-44 Jammu-Srinagar Highway,113,Original Winding Source Vertex
669,75.270351,33.035727,525244.92,3655280.15,11.537,OSM_WAY_NH44_MAINLINE,NH44_MAINLINE,NH-44 Jammu-Srinagar Highway,114,Original Winding Source Vertex
670,75.270299,33.035716,525240.06,3655278.85,11.542,OSM_WAY_NH44_MAINLINE,NH44_MAINLINE,NH-44 Jammu-Srinagar Highway,115,Original Winding Source Vertex
671,75.270248,33.035699,525235.29,3655277.05,11.547,OSM_WAY_NH44_MAINLINE,NH44_MAINLINE,NH-44 Jammu-Srinagar Highway,116,Original Winding Source Vertex
672,75.270197,33.035679,525230.52,3655274.77,11.552,OSM_WAY_NH44_MAINLINE,NH44_MAINLINE,NH-44 Jammu-Srinagar Highway,117,Original Winding Source Vertex
673,75.270144,33.035654,525225.56,3655271.98,11.558,OSM_WAY_NH44_MAINLINE,NH44_MAINLINE,NH-44 Jammu-Srinagar Highway,118,Original Winding Source Vertex
674,75.270097,33.035628,525221.19,3655269.1,11.563,OSM_WAY_NH44_MAINLINE,NH44_MAINLINE,NH-44 Jammu-Srinagar Highway,119,Original Winding Source Vertex
675,75.270043,33.035592,525216.23,3655265.03,11.569,OSM_WAY_NH44_MAINLINE,NH44_MAINLINE,NH-44 Jammu-Srinagar Highway,120,Original Winding Source Vertex
676,75.270005,33.035553,525212.67,3655260.76,11.575,OSM_WAY_NH44_MAINLINE,NH44_MAINLINE,NH-44 Jammu-Srinagar Highway,121,Original Winding Source Vertex
677,75.269956,33.035494,525208.11,3655254.23,11.583,OSM_WAY_NH44_MAINLINE,NH44_MAINLINE,NH-44 Jammu-Srinagar Highway,122,Original Winding Source Vertex
678,75.269908,33.035426,525203.66,3655246.69,11.592,OSM_WAY_NH44_MAINLINE,NH44_MAINLINE,NH-44 Jammu-Srinagar Highway,123,Original Winding Source Vertex
679,75.269842,33.035328,525197.52,3655235.8,11.604,OSM_WAY_NH44_MAINLINE,NH44_MAINLINE,NH-44 Jammu-Srinagar Highway,124,Original Winding Source Vertex
680,75.269796,33.035258,525193.27,3655227.97,11.613,OSM_WAY_NH44_MAINLINE,NH44_MAINLINE,NH-44 Jammu-Srinagar Highway,125,Original Winding Source Vertex
681,75.269749,33.035185,525188.82,3655219.85,11.622,OSM_WAY_NH44_MAINLINE,NH44_MAINLINE,NH-44 Jammu-Srinagar Highway,126,Original Winding Source Vertex
682,75.26971,33.035134,525185.26,3655214.2,11.629,OSM_WAY_NH44_MAINLINE,NH44_MAINLINE,NH-44 Jammu-Srinagar Highway,127,Original Winding Source Vertex
683,75.269663,33.035073,525180.9,3655207.47,11.637,OSM_WAY_NH44_MAINLINE,NH44_MAINLINE,NH-44 Jammu-Srinagar Highway,128,Original Winding Source Vertex
684,75.269613,33.035019,525176.24,3655201.41,11.645,OSM_WAY_NH44_MAINLINE,NH44_MAINLINE,NH-44 Jammu-Srinagar Highway,129,Original Winding Source Vertex
685,75.269561,33.034973,525171.38,3655196.36,11.652,OSM_WAY_NH44_MAINLINE,NH44_MAINLINE,NH-44 Jammu-Srinagar Highway,130,Original Winding Source Vertex
686,75.269509,33.034931,525166.53,3655191.7,11.658,OSM_WAY_NH44_MAINLINE,NH44_MAINLINE,NH-44 Jammu-Srinagar Highway,131,Original Winding Source Vertex
687,75.269421,33.034873,525158.29,3655185.25,11.669,OSM_WAY_NH44_MAINLINE,NH44_MAINLINE,NH-44 Jammu-Srinagar Highway,132,Original Winding Source Vertex
688,75.269357,33.034829,525152.35,3655180.29,11.677,OSM_WAY_NH44_MAINLINE,NH44_MAINLINE,NH-44 Jammu-Srinagar Highway,133,Original Winding Source Vertex
689,75.279098,33.047323,526058.26,3656567.84,11.677,OSM_WAY_NH44_MAINLINE,NH44_MAINLINE,NH-44 Jammu-Srinagar Highway,0,Original Winding Source Vertex
690,75.27896,33.047147,526045.46,3656548.28,11.7,OSM_WAY_NH44_MAINLINE,NH44_MAINLINE,NH-44 Jammu-Srinagar Highway,1,Original Winding Source Vertex
691,75.27881,33.046961,526031.47,3656527.58,11.725,OSM_WAY_NH44_MAINLINE,NH44_MAINLINE,NH-44 Jammu-Srinagar Highway,2,Original Winding Source Vertex
692,75.278764,33.0469,526027.21,3656520.85,11.733,OSM_WAY_NH44_MAINLINE,NH44_MAINLINE,NH-44 Jammu-Srinagar Highway,3,Original Winding Source Vertex
693,75.278721,33.046838,526023.23,3656513.97,11.741,OSM_WAY_NH44_MAINLINE,NH44_MAINLINE,NH-44 Jammu-Srinagar Highway,4,Original Winding Source Vertex
694,75.278679,33.046765,526019.37,3656505.83,11.75,OSM_WAY_NH44_MAINLINE,NH44_MAINLINE,NH-44 Jammu-Srinagar Highway,5,Original Winding Source Vertex
695,75.278636,33.046676,526015.37,3656495.99,11.76,OSM_WAY_NH44_MAINLINE,NH44_MAINLINE,NH-44 Jammu-Srinagar Highway,6,Original Winding Source Vertex
696,75.278584,33.046549,526010.51,3656481.88,11.775,OSM_WAY_NH44_MAINLINE,NH44_MAINLINE,NH-44 Jammu-Srinagar Highway,7,Original Winding Source Vertex
697,75.278557,33.046476,526007.99,3656473.77,11.784,OSM_WAY_NH44_MAINLINE,NH44_MAINLINE,NH-44 Jammu-Srinagar Highway,8,Original Winding Source Vertex
698,75.278537,33.046399,526006.2,3656465.24,11.793,OSM_WAY_NH44_MAINLINE,NH44_MAINLINE,NH-44 Jammu-Srinagar Highway,9,Original Winding Source Vertex
699,75.278521,33.046316,526004.68,3656456.06,11.802,OSM_WAY_NH44_MAINLINE,NH44_MAINLINE,NH-44 Jammu-Srinagar Highway,10,Original Winding Source Vertex
700,75.278513,33.046244,526003.95,3656448.01,11.81,OSM_WAY_NH44_MAINLINE,NH44_MAINLINE,NH-44 Jammu-Srinagar Highway,11,Original Winding Source Vertex
701,75.278509,33.046167,526003.64,3656439.52,11.818,OSM_WAY_NH44_MAINLINE,NH44_MAINLINE,NH-44 Jammu-Srinagar Highway,12,Original Winding Source Vertex
702,75.278518,33.045935,526004.5,3656413.82,11.844,OSM_WAY_NH44_MAINLINE,NH44_MAINLINE,NH-44 Jammu-Srinagar Highway,13,Original Winding Source Vertex
703,75.278534,33.045812,526006.03,3656400.21,11.858,OSM_WAY_NH44_MAINLINE,NH44_MAINLINE,NH-44 Jammu-Srinagar Highway,14,Original Winding Source Vertex
704,75.278544,33.045731,526007.07,3656391.15,11.867,OSM_WAY_NH44_MAINLINE,NH44_MAINLINE,NH-44 Jammu-Srinagar Highway,15,Original Winding Source Vertex
705,75.278585,33.045598,526010.86,3656376.45,11.882,OSM_WAY_NH44_MAINLINE,NH44_MAINLINE,NH-44 Jammu-Srinagar Highway,16,Original Winding Source Vertex
706,75.278676,33.045389,526019.44,3656353.3,11.907,OSM_WAY_NH44_MAINLINE,NH44_MAINLINE,NH-44 Jammu-Srinagar Highway,17,Original Winding Source Vertex
707,75.278756,33.04516,526027.02,3656327.88,11.933,OSM_WAY_NH44_MAINLINE,NH44_MAINLINE,NH-44 Jammu-Srinagar Highway,18,Original Winding Source Vertex
708,75.278904,33.04469,526040.93,3656275.83,11.987,OSM_WAY_NH44_MAINLINE,NH44_MAINLINE,NH-44 Jammu-Srinagar Highway,19,Original Winding Source Vertex
709,75.278998,33.044433,526049.77,3656247.44,12.017,OSM_WAY_NH44_MAINLINE,NH44_MAINLINE,NH-44 Jammu-Srinagar Highway,20,Original Winding Source Vertex
710,75.27907,33.044157,526056.61,3656216.8,12.048,OSM_WAY_NH44_MAINLINE,NH44_MAINLINE,NH-44 Jammu-Srinagar Highway,21,Original Winding Source Vertex
711,75.279153,33.043842,526064.47,3656181.92,12.084,OSM_WAY_NH44_MAINLINE,NH44_MAINLINE,NH-44 Jammu-Srinagar Highway,22,Original Winding Source Vertex
712,75.279207,33.043635,526069.54,3656159.01,12.108,OSM_WAY_NH44_MAINLINE,NH44_MAINLINE,NH-44 Jammu-Srinagar Highway,23,Original Winding Source Vertex
713,75.279287,33.043116,526077.2,3656101.45,12.166,OSM_WAY_NH44_MAINLINE,NH44_MAINLINE,NH-44 Jammu-Srinagar Highway,24,Original Winding Source Vertex
714,75.279344,33.042738,526082.58,3656059.59,12.208,OSM_WAY_NH44_MAINLINE,NH44_MAINLINE,NH-44 Jammu-Srinagar Highway,25,Original Winding Source Vertex
715,75.279352,33.042659,526083.35,3656050.87,12.217,OSM_WAY_NH44_MAINLINE,NH44_MAINLINE,NH-44 Jammu-Srinagar Highway,26,Original Winding Source Vertex
716,75.27936,33.042583,526084.13,3656042.39,12.225,OSM_WAY_NH44_MAINLINE,NH44_MAINLINE,NH-44 Jammu-Srinagar Highway,27,Original Winding Source Vertex
717,75.279352,33.042493,526083.4,3656032.42,12.235,OSM_WAY_NH44_MAINLINE,NH44_MAINLINE,NH-44 Jammu-Srinagar Highway,28,Original Winding Source Vertex
718,75.279344,33.04241,526082.68,3656023.19,12.244,OSM_WAY_NH44_MAINLINE,NH44_MAINLINE,NH-44 Jammu-Srinagar Highway,29,Original Winding Source Vertex
719,75.279328,33.042331,526081.2,3656014.47,12.253,OSM_WAY_NH44_MAINLINE,NH44_MAINLINE,NH-44 Jammu-Srinagar Highway,30,Original Winding Source Vertex
720,75.279306,33.042259,526079.21,3656006.48,12.261,OSM_WAY_NH44_MAINLINE,NH44_MAINLINE,NH-44 Jammu-Srinagar Highway,31,Original Winding Source Vertex
721,75.279285,33.042196,526077.23,3655999.5,12.269,OSM_WAY_NH44_MAINLINE,NH44_MAINLINE,NH-44 Jammu-Srinagar Highway,32,Original Winding Source Vertex
722,75.279261,33.042122,526074.99,3655991.27,12.277,OSM_WAY_NH44_MAINLINE,NH44_MAINLINE,NH-44 Jammu-Srinagar Highway,33,Original Winding Source Vertex
723,75.279239,33.042061,526073.01,3655984.53,12.284,OSM_WAY_NH44_MAINLINE,NH44_MAINLINE,NH-44 Jammu-Srinagar Highway,34,Original Winding Source Vertex
724,75.27921,33.042005,526070.27,3655978.3,12.291,OSM_WAY_NH44_MAINLINE,NH44_MAINLINE,NH-44 Jammu-Srinagar Highway,35,Original Winding Source Vertex
725,75.279172,33.041927,526066.79,3655969.56,12.3,OSM_WAY_NH44_MAINLINE,NH44_MAINLINE,NH-44 Jammu-Srinagar Highway,36,Original Winding Source Vertex
726,75.27911,33.041848,526061.05,3655960.82,12.311,OSM_WAY_NH44_MAINLINE,NH44_MAINLINE,NH-44 Jammu-Srinagar Highway,37,Original Winding Source Vertex
727,75.279059,33.041787,526056.3,3655954.08,12.319,OSM_WAY_NH44_MAINLINE,NH44_MAINLINE,NH-44 Jammu-Srinagar Highway,38,Original Winding Source Vertex
728,75.278992,33.041708,526050.07,3655945.34,12.33,OSM_WAY_NH44_MAINLINE,NH44_MAINLINE,NH-44 Jammu-Srinagar Highway,39,Original Winding Source Vertex
729,75.278939,33.041648,526045.07,3655938.6,12.338,OSM_WAY_NH44_MAINLINE,NH44_MAINLINE,NH-44 Jammu-Srinagar Highway,40,Original Winding Source Vertex
730,75.278877,33.041569,526039.35,3655929.86,12.349,OSM_WAY_NH44_MAINLINE,NH44_MAINLINE,NH-44 Jammu-Srinagar Highway,41,Original Winding Source Vertex
731,75.278829,33.041513,526034.85,3655923.61,12.356,OSM_WAY_NH44_MAINLINE,NH44_MAINLINE,NH-44 Jammu-Srinagar Highway,42,Original Winding Source Vertex
732,75.278778,33.041443,526030.11,3655915.87,12.366,OSM_WAY_NH44_MAINLINE,NH44_MAINLINE,NH-44 Jammu-Srinagar Highway,43,Original Winding Source Vertex
733,75.278743,33.04136,526026.88,3655906.64,12.375,OSM_WAY_NH44_MAINLINE,NH44_MAINLINE,NH-44 Jammu-Srinagar Highway,44,Original Winding Source Vertex
734,75.278724,33.041292,526025.15,3655899.15,12.383,OSM_WAY_NH44_MAINLINE,NH44_MAINLINE,NH-44 Jammu-Srinagar Highway,45,Original Winding Source Vertex
735,75.278713,33.041241,526024.16,3655893.42,12.389,OSM_WAY_NH44_MAINLINE,NH44_MAINLINE,NH-44 Jammu-Srinagar Highway,46,Original Winding Source Vertex
736,75.278708,33.04116,526023.69,3655884.45,12.398,OSM_WAY_NH44_MAINLINE,NH44_MAINLINE,NH-44 Jammu-Srinagar Highway,47,Original Winding Source Vertex
737,75.278713,33.041083,526024.2,3655875.97,12.406,OSM_WAY_NH44_MAINLINE,NH44_MAINLINE,NH-44 Jammu-Srinagar Highway,48,Original Winding Source Vertex
738,75.278721,33.041018,526024.98,3655868.74,12.414,OSM_WAY_NH44_MAINLINE,NH44_MAINLINE,NH-44 Jammu-Srinagar Highway,49,Original Winding Source Vertex
739,75.278754,33.040941,526028.01,3655860.16,12.423,OSM_WAY_NH44_MAINLINE,NH44_MAINLINE,NH-44 Jammu-Srinagar Highway,50,Original Winding Source Vertex
740,75.27877,33.040901,526029.52,3655855.8,12.427,OSM_WAY_NH44_MAINLINE,NH44_MAINLINE,NH-44 Jammu-Srinagar Highway,51,Original Winding Source Vertex
741,75.278791,33.040857,526031.53,3655850.93,12.433,OSM_WAY_NH44_MAINLINE,NH44_MAINLINE,NH-44 Jammu-Srinagar Highway,52,Original Winding Source Vertex
742,75.278813,33.040813,526033.62,3655846.08,12.438,OSM_WAY_NH44_MAINLINE,NH44_MAINLINE,NH-44 Jammu-Srinagar Highway,53,Original Winding Source Vertex
743,75.278846,33.04076,526036.71,3655840.11,12.445,OSM_WAY_NH44_MAINLINE,NH44_MAINLINE,NH-44 Jammu-Srinagar Highway,54,Original Winding Source Vertex
744,75.278886,33.040706,526040.47,3655834.13,12.452,OSM_WAY_NH44_MAINLINE,NH44_MAINLINE,NH-44 Jammu-Srinagar Highway,55,Original Winding Source Vertex
745,75.278943,33.040635,526045.76,3655826.31,12.461,OSM_WAY_NH44_MAINLINE,NH44_MAINLINE,NH-44 Jammu-Srinagar Highway,56,Original Winding Source Vertex
746,75.278996,33.040564,526050.78,3655818.46,12.47,OSM_WAY_NH44_MAINLINE,NH44_MAINLINE,NH-44 Jammu-Srinagar Highway,57,Original Winding Source Vertex
747,75.279057,33.04048,526056.44,3655809.13,12.481,OSM_WAY_NH44_MAINLINE,NH44_MAINLINE,NH-44 Jammu-Srinagar Highway,58,Original Winding Source Vertex
748,75.279088,33.040429,526059.34,3655803.54,12.488,OSM_WAY_NH44_MAINLINE,NH44_MAINLINE,NH-44 Jammu-Srinagar Highway,59,Original Winding Source Vertex
749,75.279121,33.040376,526062.49,3655797.68,12.494,OSM_WAY_NH44_MAINLINE,NH44_MAINLINE,NH-44 Jammu-Srinagar Highway,60,Original Winding Source Vertex
750,75.279155,33.040324,526065.63,3655791.89,12.501,OSM_WAY_NH44_MAINLINE,NH44_MAINLINE,NH-44 Jammu-Srinagar Highway,61,Original Winding Source Vertex
751,75.279185,33.040266,526068.54,3655785.48,12.508,OSM_WAY_NH44_MAINLINE,NH44_MAINLINE,NH-44 Jammu-Srinagar Highway,62,Original Winding Source Vertex
752,75.279208,33.040211,526070.67,3655779.38,12.514,OSM_WAY_NH44_MAINLINE,NH44_MAINLINE,NH-44 Jammu-Srinagar Highway,63,Original Winding Source Vertex
753,75.279228,33.040154,526072.56,3655773.03,12.521,OSM_WAY_NH44_MAINLINE,NH44_MAINLINE,NH-44 Jammu-Srinagar Highway,64,Original Winding Source Vertex
754,75.27925,33.040079,526074.58,3655764.81,12.529,OSM_WAY_NH44_MAINLINE,NH44_MAINLINE,NH-44 Jammu-Srinagar Highway,65,Original Winding Source Vertex
755,75.27926,33.040036,526075.54,3655760.01,12.534,OSM_WAY_NH44_MAINLINE,NH44_MAINLINE,NH-44 Jammu-Srinagar Highway,66,Original Winding Source Vertex
756,75.279267,33.039993,526076.24,3655755.21,12.539,OSM_WAY_NH44_MAINLINE,NH44_MAINLINE,NH-44 Jammu-Srinagar Highway,67,Original Winding Source Vertex
757,75.279273,33.039929,526076.77,3655748.11,12.546,OSM_WAY_NH44_MAINLINE,NH44_MAINLINE,NH-44 Jammu-Srinagar Highway,68,Original Winding Source Vertex
758,75.279277,33.039851,526077.16,3655739.52,12.555,OSM_WAY_NH44_MAINLINE,NH44_MAINLINE,NH-44 Jammu-Srinagar Highway,69,Original Winding Source Vertex
759,75.279275,33.039777,526077.06,3655731.29,12.563,OSM_WAY_NH44_MAINLINE,NH44_MAINLINE,NH-44 Jammu-Srinagar Highway,70,Original Winding Source Vertex
760,75.279265,33.039704,526076.09,3655723.18,12.571,OSM_WAY_NH44_MAINLINE,NH44_MAINLINE,NH-44 Jammu-Srinagar Highway,71,Original Winding Source Vertex
761,75.279255,33.039657,526075.22,3655718.0,12.577,OSM_WAY_NH44_MAINLINE,NH44_MAINLINE,NH-44 Jammu-Srinagar Highway,72,Original Winding Source Vertex
762,75.279242,33.0396,526073.98,3655711.7,12.583,OSM_WAY_NH44_MAINLINE,NH44_MAINLINE,NH-44 Jammu-Srinagar Highway,73,Original Winding Source Vertex
763,75.279228,33.039558,526072.68,3655707.03,12.588,OSM_WAY_NH44_MAINLINE,NH44_MAINLINE,NH-44 Jammu-Srinagar Highway,74,Original Winding Source Vertex
764,75.279211,33.039515,526071.13,3655702.24,12.593,OSM_WAY_NH44_MAINLINE,NH44_MAINLINE,NH-44 Jammu-Srinagar Highway,75,Original Winding Source Vertex
765,75.279171,33.039437,526067.39,3655693.62,12.602,OSM_WAY_NH44_MAINLINE,NH44_MAINLINE,NH-44 Jammu-Srinagar Highway,76,Original Winding Source Vertex
766,75.27913,33.039371,526063.59,3655686.26,12.611,OSM_WAY_NH44_MAINLINE,NH44_MAINLINE,NH-44 Jammu-Srinagar Highway,77,Original Winding Source Vertex
767,75.27909,33.039316,526059.92,3655680.14,12.618,OSM_WAY_NH44_MAINLINE,NH44_MAINLINE,NH-44 Jammu-Srinagar Highway,78,Original Winding Source Vertex
768,75.279039,33.039255,526055.17,3655673.4,12.626,OSM_WAY_NH44_MAINLINE,NH44_MAINLINE,NH-44 Jammu-Srinagar Highway,79,Original Winding Source Vertex
769,75.278996,33.03921,526051.18,3655668.41,12.632,OSM_WAY_NH44_MAINLINE,NH44_MAINLINE,NH-44 Jammu-Srinagar Highway,80,Original Winding Source Vertex
770,75.278957,33.039173,526047.5,3655664.22,12.638,OSM_WAY_NH44_MAINLINE,NH44_MAINLINE,NH-44 Jammu-Srinagar Highway,81,Original Winding Source Vertex
771,75.278913,33.039135,526043.44,3655660.03,12.644,OSM_WAY_NH44_MAINLINE,NH44_MAINLINE,NH-44 Jammu-Srinagar Highway,82,Original Winding Source Vertex
772,75.278857,33.039096,526038.19,3655655.66,12.651,OSM_WAY_NH44_MAINLINE,NH44_MAINLINE,NH-44 Jammu-Srinagar Highway,83,Original Winding Source Vertex
773,75.27877,33.039039,526030.07,3655649.39,12.661,OSM_WAY_NH44_MAINLINE,NH44_MAINLINE,NH-44 Jammu-Srinagar Highway,84,Original Winding Source Vertex
774,75.278687,33.03898,526022.33,3655642.83,12.671,OSM_WAY_NH44_MAINLINE,NH44_MAINLINE,NH-44 Jammu-Srinagar Highway,85,Original Winding Source Vertex
775,75.278621,33.038924,526016.27,3655636.59,12.68,OSM_WAY_NH44_MAINLINE,NH44_MAINLINE,NH-44 Jammu-Srinagar Highway,86,Original Winding Source Vertex
776,75.278565,33.038866,526010.98,3655630.1,12.688,OSM_WAY_NH44_MAINLINE,NH44_MAINLINE,NH-44 Jammu-Srinagar Highway,87,Original Winding Source Vertex
777,75.278487,33.038792,526003.78,3655621.92,12.699,OSM_WAY_NH44_MAINLINE,NH44_MAINLINE,NH-44 Jammu-Srinagar Highway,88,Original Winding Source Vertex
778,75.278415,33.03872,525997.09,3655613.92,12.709,OSM_WAY_NH44_MAINLINE,NH44_MAINLINE,NH-44 Jammu-Srinagar Highway,89,Original Winding Source Vertex
779,75.278368,33.038664,525992.64,3655607.66,12.717,OSM_WAY_NH44_MAINLINE,NH44_MAINLINE,NH-44 Jammu-Srinagar Highway,90,Original Winding Source Vertex
780,75.278322,33.03859,525988.36,3655599.48,12.726,OSM_WAY_NH44_MAINLINE,NH44_MAINLINE,NH-44 Jammu-Srinagar Highway,91,Original Winding Source Vertex
781,75.278284,33.038513,525984.9,3655590.95,12.735,OSM_WAY_NH44_MAINLINE,NH44_MAINLINE,NH-44 Jammu-Srinagar Highway,92,Original Winding Source Vertex
782,75.278262,33.038445,525982.87,3655583.34,12.743,OSM_WAY_NH44_MAINLINE,NH44_MAINLINE,NH-44 Jammu-Srinagar Highway,93,Original Winding Source Vertex
783,75.278236,33.038371,525980.43,3655575.2,12.752,OSM_WAY_NH44_MAINLINE,NH44_MAINLINE,NH-44 Jammu-Srinagar Highway,94,Original Winding Source Vertex
784,75.278203,33.038255,525977.36,3655562.35,12.765,OSM_WAY_NH44_MAINLINE,NH44_MAINLINE,NH-44 Jammu-Srinagar Highway,95,Original Winding Source Vertex
785,75.278184,33.038145,525975.63,3655550.15,12.777,OSM_WAY_NH44_MAINLINE,NH44_MAINLINE,NH-44 Jammu-Srinagar Highway,96,Original Winding Source Vertex
786,75.278177,33.03806,525975.06,3655540.69,12.787,OSM_WAY_NH44_MAINLINE,NH44_MAINLINE,NH-44 Jammu-Srinagar Highway,97,Original Winding Source Vertex
787,75.278178,33.037988,525975.17,3655532.68,12.795,OSM_WAY_NH44_MAINLINE,NH44_MAINLINE,NH-44 Jammu-Srinagar Highway,98,Original Winding Source Vertex
788,75.278168,33.037905,525974.19,3655523.53,12.804,OSM_WAY_NH44_MAINLINE,NH44_MAINLINE,NH-44 Jammu-Srinagar Highway,99,Original Winding Source Vertex
789,75.279295,33.047572,526076.63,3656595.45,12.804,OSM_WAY_NH44_MAINLINE,NH44_MAINLINE,NH-44 Jammu-Srinagar Highway,0,Original Winding Source Vertex
790,75.279601,33.047898,526105.04,3656631.69,12.85,OSM_WAY_NH44_MAINLINE,NH44_MAINLINE,NH-44 Jammu-Srinagar Highway,1,Original Winding Source Vertex
791,75.292732,33.128494,527306.1,3665570.03,12.85,OSM_WAY_NH44_MAINLINE,NH44_MAINLINE,NH-44 Jammu-Srinagar Highway,0,Original Winding Source Vertex
792,75.281184,33.050173,526252.24,3656884.27,21.6,OSM_WAY_NH44_MAINLINE,NH44_MAINLINE,NH-44 Jammu-Srinagar Highway,1,Original Winding Source Vertex
793,75.28114,33.049934,526248.19,3656857.82,21.626,OSM_WAY_NH44_MAINLINE,NH44_MAINLINE,NH-44 Jammu-Srinagar Highway,2,Original Winding Source Vertex
794,75.281064,33.049696,526241.13,3656831.36,21.654,OSM_WAY_NH44_MAINLINE,NH44_MAINLINE,NH-44 Jammu-Srinagar Highway,3,Original Winding Source Vertex
795,75.280957,33.049445,526231.27,3656803.57,21.683,OSM_WAY_NH44_MAINLINE,NH44_MAINLINE,NH-44 Jammu-Srinagar Highway,4,Original Winding Source Vertex
796,75.28088,33.049278,526224.12,3656785.01,21.703,OSM_WAY_NH44_MAINLINE,NH44_MAINLINE,NH-44 Jammu-Srinagar Highway,5,Original Winding Source Vertex
797,75.280778,33.049142,526214.65,3656769.88,21.721,OSM_WAY_NH44_MAINLINE,NH44_MAINLINE,NH-44 Jammu-Srinagar Highway,6,Original Winding Source Vertex
798,75.280595,33.048928,526197.58,3656746.1,21.75,OSM_WAY_NH44_MAINLINE,NH44_MAINLINE,NH-44 Jammu-Srinagar Highway,7,Original Winding Source Vertex
799,75.280494,33.048822,526188.15,3656734.37,21.765,OSM_WAY_NH44_MAINLINE,NH44_MAINLINE,NH-44 Jammu-Srinagar Highway,8,Original Winding Source Vertex
800,75.280391,33.048717,526178.62,3656722.69,21.78,OSM_WAY_NH44_MAINLINE,NH44_MAINLINE,NH-44 Jammu-Srinagar Highway,9,Original Winding Source Vertex
801,75.280182,33.048487,526159.16,3656697.13,21.812,OSM_WAY_NH44_MAINLINE,NH44_MAINLINE,NH-44 Jammu-Srinagar Highway,10,Original Winding Source Vertex
802,75.27984,33.048127,526127.35,3656657.07,21.864,OSM_WAY_NH44_MAINLINE,NH44_MAINLINE,NH-44 Jammu-Srinagar Highway,11,Original Winding Source Vertex
803,75.292859,33.128822,527317.87,3665606.41,21.864,OSM_WAY_NH44_MAINLINE,NH44_MAINLINE,NH-44 Jammu-Srinagar Highway,0,Original Winding Source Vertex
804,75.292821,33.128751,527314.34,3665598.53,21.872,OSM_WAY_NH44_MAINLINE,NH44_MAINLINE,NH-44 Jammu-Srinagar Highway,1,Original Winding Source Vertex
805,75.29279,33.128676,527311.48,3665590.32,21.881,OSM_WAY_NH44_MAINLINE,NH44_MAINLINE,NH-44 Jammu-Srinagar Highway,2,Original Winding Source Vertex
806,75.292756,33.128582,527308.38,3665579.83,21.892,OSM_WAY_NH44_MAINLINE,NH44_MAINLINE,NH-44 Jammu-Srinagar Highway,3,Original Winding Source Vertex
807,75.292732,33.128494,527306.1,3665570.03,21.902,OSM_WAY_NH44_MAINLINE,NH44_MAINLINE,NH-44 Jammu-Srinagar Highway,4,Original Winding Source Vertex
808,75.2933,33.129472,527358.82,3665678.65,21.902,OSM_WAY_NH44_MAINLINE,NH44_MAINLINE,NH-44 Jammu-Srinagar Highway,0,Original Winding Source Vertex
809,75.292958,33.128992,527327.05,3665625.36,21.964,OSM_WAY_NH44_MAINLINE,NH44_MAINLINE,NH-44 Jammu-Srinagar Highway,1,Original Winding Source Vertex
810,75.293531,33.129757,527380.24,3665710.31,21.964,OSM_WAY_NH44_MAINLINE,NH44_MAINLINE,NH-44 Jammu-Srinagar Highway,0,Original Winding Source Vertex
811,75.293497,33.129718,527377.12,3665705.97,21.969,OSM_WAY_NH44_MAINLINE,NH44_MAINLINE,NH-44 Jammu-Srinagar Highway,1,Original Winding Source Vertex
812,75.293402,33.129609,527368.26,3665693.88,21.984,OSM_WAY_NH44_MAINLINE,NH44_MAINLINE,NH-44 Jammu-Srinagar Highway,2,Original Winding Source Vertex
813,75.2933,33.129472,527358.82,3665678.65,22.002,OSM_WAY_NH44_MAINLINE,NH44_MAINLINE,NH-44 Jammu-Srinagar Highway,3,Original Winding Source Vertex
814,75.295816,33.131431,527592.94,3665896.43,22.002,OSM_WAY_NH44_MAINLINE,NH44_MAINLINE,NH-44 Jammu-Srinagar Highway,0,Original Winding Source Vertex
815,75.295652,33.131364,527577.58,3665889.01,22.019,OSM_WAY_NH44_MAINLINE,NH44_MAINLINE,NH-44 Jammu-Srinagar Highway,1,Original Winding Source Vertex
816,75.295457,33.131251,527559.5,3665876.38,22.041,OSM_WAY_NH44_MAINLINE,NH44_MAINLINE,NH-44 Jammu-Srinagar Highway,2,Original Winding Source Vertex
817,75.29505,33.131078,527521.52,3665857.18,22.084,OSM_WAY_NH44_MAINLINE,NH44_MAINLINE,NH-44 Jammu-Srinagar Highway,3,Original Winding Source Vertex
818,75.294747,33.130953,527493.29,3665843.25,22.115,OSM_WAY_NH44_MAINLINE,NH44_MAINLINE,NH-44 Jammu-Srinagar Highway,4,Original Winding Source Vertex
819,75.294527,33.130869,527472.83,3665833.88,22.138,OSM_WAY_NH44_MAINLINE,NH44_MAINLINE,NH-44 Jammu-Srinagar Highway,5,Original Winding Source Vertex
820,75.294466,33.130837,527467.14,3665830.32,22.145,OSM_WAY_NH44_MAINLINE,NH44_MAINLINE,NH-44 Jammu-Srinagar Highway,6,Original Winding Source Vertex
821,75.294443,33.130825,527465.01,3665828.91,22.147,OSM_WAY_NH44_MAINLINE,NH44_MAINLINE,NH-44 Jammu-Srinagar Highway,7,Original Winding Source Vertex
822,75.294419,33.130809,527462.76,3665827.11,22.15,OSM_WAY_NH44_MAINLINE,NH44_MAINLINE,NH-44 Jammu-Srinagar Highway,8,Original Winding Source Vertex
823,75.294398,33.130791,527460.81,3665825.12,22.153,OSM_WAY_NH44_MAINLINE,NH44_MAINLINE,NH-44 Jammu-Srinagar Highway,9,Original Winding Source Vertex
824,75.294192,33.130555,527441.72,3665798.96,22.185,OSM_WAY_NH44_MAINLINE,NH44_MAINLINE,NH-44 Jammu-Srinagar Highway,10,Original Winding Source Vertex
825,75.294,33.130321,527423.86,3665772.97,22.217,OSM_WAY_NH44_MAINLINE,NH44_MAINLINE,NH-44 Jammu-Srinagar Highway,11,Original Winding Source Vertex
826,75.293826,33.130106,527407.69,3665749.02,22.246,OSM_WAY_NH44_MAINLINE,NH44_MAINLINE,NH-44 Jammu-Srinagar Highway,12,Original Winding Source Vertex
827,75.293531,33.129757,527380.24,3665710.31,22.293,OSM_WAY_NH44_MAINLINE,NH44_MAINLINE,NH-44 Jammu-Srinagar Highway,13,Original Winding Source Vertex
828,75.297538,33.133652,527752.78,3666143.18,22.293,OSM_WAY_NH44_MAINLINE,NH44_MAINLINE,NH-44 Jammu-Srinagar Highway,0,Original Winding Source Vertex
829,75.297322,33.133477,527732.75,3666123.7,22.321,OSM_WAY_NH44_MAINLINE,NH44_MAINLINE,NH-44 Jammu-Srinagar Highway,1,Original Winding Source Vertex
830,75.296908,33.133148,527694.22,3666087.17,22.374,OSM_WAY_NH44_MAINLINE,NH44_MAINLINE,NH-44 Jammu-Srinagar Highway,2,Original Winding Source Vertex
831,75.296658,33.132868,527671.0,3666056.06,22.413,OSM_WAY_NH44_MAINLINE,NH44_MAINLINE,NH-44 Jammu-Srinagar Highway,3,Original Winding Source Vertex
832,75.296584,33.132768,527664.16,3666044.89,22.426,OSM_WAY_NH44_MAINLINE,NH44_MAINLINE,NH-44 Jammu-Srinagar Highway,4,Original Winding Source Vertex
833,75.296564,33.132681,527662.25,3666035.24,22.436,OSM_WAY_NH44_MAINLINE,NH44_MAINLINE,NH-44 Jammu-Srinagar Highway,5,Original Winding Source Vertex
834,75.29655,33.132575,527661.04,3666023.54,22.448,OSM_WAY_NH44_MAINLINE,NH44_MAINLINE,NH-44 Jammu-Srinagar Highway,6,Original Winding Source Vertex
835,75.296562,33.132459,527662.19,3666010.6,22.461,OSM_WAY_NH44_MAINLINE,NH44_MAINLINE,NH-44 Jammu-Srinagar Highway,7,Original Winding Source Vertex
836,75.296577,33.132315,527663.6,3665994.72,22.477,OSM_WAY_NH44_MAINLINE,NH44_MAINLINE,NH-44 Jammu-Srinagar Highway,8,Original Winding Source Vertex
837,75.296558,33.132115,527661.93,3665972.54,22.499,OSM_WAY_NH44_MAINLINE,NH44_MAINLINE,NH-44 Jammu-Srinagar Highway,9,Original Winding Source Vertex
838,75.296492,33.131938,527655.8,3665952.86,22.519,OSM_WAY_NH44_MAINLINE,NH44_MAINLINE,NH-44 Jammu-Srinagar Highway,10,Original Winding Source Vertex
839,75.296454,33.131838,527652.31,3665941.78,22.531,OSM_WAY_NH44_MAINLINE,NH44_MAINLINE,NH-44 Jammu-Srinagar Highway,11,Original Winding Source Vertex
840,75.296343,33.131728,527641.93,3665929.5,22.547,OSM_WAY_NH44_MAINLINE,NH44_MAINLINE,NH-44 Jammu-Srinagar Highway,12,Original Winding Source Vertex
841,75.296108,33.131617,527620.07,3665917.18,22.572,OSM_WAY_NH44_MAINLINE,NH44_MAINLINE,NH-44 Jammu-Srinagar Highway,13,Original Winding Source Vertex
842,75.297515,33.133864,527750.57,3666166.66,22.572,OSM_WAY_NH44_MAINLINE,NH44_MAINLINE,NH-44 Jammu-Srinagar Highway,0,Original Winding Source Vertex
843,75.297851,33.134153,527781.85,3666198.83,22.617,OSM_WAY_NH44_MAINLINE,NH44_MAINLINE,NH-44 Jammu-Srinagar Highway,1,Original Winding Source Vertex
844,75.302988,33.140456,528258.96,3666898.92,22.617,OSM_WAY_NH44_MAINLINE,NH44_MAINLINE,NH-44 Jammu-Srinagar Highway,0,Original Winding Source Vertex
845,75.302831,33.140296,528244.43,3666881.14,22.64,OSM_WAY_NH44_MAINLINE,NH44_MAINLINE,NH-44 Jammu-Srinagar Highway,1,Original Winding Source Vertex
846,75.302321,33.139774,528197.03,3666823.15,22.715,OSM_WAY_NH44_MAINLINE,NH44_MAINLINE,NH-44 Jammu-Srinagar Highway,2,Original Winding Source Vertex
847,75.302126,33.139558,528178.91,3666799.1,22.745,OSM_WAY_NH44_MAINLINE,NH44_MAINLINE,NH-44 Jammu-Srinagar Highway,3,Original Winding Source Vertex
848,75.301945,33.139396,528162.09,3666781.19,22.77,OSM_WAY_NH44_MAINLINE,NH44_MAINLINE,NH-44 Jammu-Srinagar Highway,4,Original Winding Source Vertex
849,75.301796,33.13936,528148.22,3666777.07,22.784,OSM_WAY_NH44_MAINLINE,NH44_MAINLINE,NH-44 Jammu-Srinagar Highway,5,Original Winding Source Vertex
850,75.301423,33.13932,528113.4,3666772.55,22.819,OSM_WAY_NH44_MAINLINE,NH44_MAINLINE,NH-44 Jammu-Srinagar Highway,6,Original Winding Source Vertex
851,75.301231,33.139281,528095.46,3666768.24,22.838,OSM_WAY_NH44_MAINLINE,NH44_MAINLINE,NH-44 Jammu-Srinagar Highway,7,Original Winding Source Vertex
852,75.30112,33.139241,528085.19,3666763.74,22.849,OSM_WAY_NH44_MAINLINE,NH44_MAINLINE,NH-44 Jammu-Srinagar Highway,8,Original Winding Source Vertex
853,75.301,33.139187,528073.99,3666757.66,22.862,OSM_WAY_NH44_MAINLINE,NH44_MAINLINE,NH-44 Jammu-Srinagar Highway,9,Original Winding Source Vertex
854,75.300901,33.13911,528064.77,3666749.2,22.874,OSM_WAY_NH44_MAINLINE,NH44_MAINLINE,NH-44 Jammu-Srinagar Highway,10,Original Winding Source Vertex
855,75.300838,33.139016,528058.92,3666738.7,22.886,OSM_WAY_NH44_MAINLINE,NH44_MAINLINE,NH-44 Jammu-Srinagar Highway,11,Original Winding Source Vertex
856,75.300706,33.138772,528046.71,3666711.67,22.916,OSM_WAY_NH44_MAINLINE,NH44_MAINLINE,NH-44 Jammu-Srinagar Highway,12,Original Winding Source Vertex
857,75.300597,33.138623,528036.61,3666695.05,22.935,OSM_WAY_NH44_MAINLINE,NH44_MAINLINE,NH-44 Jammu-Srinagar Highway,13,Original Winding Source Vertex
858,75.300464,33.138439,528024.22,3666674.63,22.959,OSM_WAY_NH44_MAINLINE,NH44_MAINLINE,NH-44 Jammu-Srinagar Highway,14,Original Winding Source Vertex
859,75.300271,33.138133,528006.34,3666640.62,22.998,OSM_WAY_NH44_MAINLINE,NH44_MAINLINE,NH-44 Jammu-Srinagar Highway,15,Original Winding Source Vertex
860,75.299914,33.13759,527973.21,3666580.4,23.066,OSM_WAY_NH44_MAINLINE,NH44_MAINLINE,NH-44 Jammu-Srinagar Highway,16,Original Winding Source Vertex
861,75.2992,33.136474,527906.94,3666456.42,23.207,OSM_WAY_NH44_MAINLINE,NH44_MAINLINE,NH-44 Jammu-Srinagar Highway,17,Original Winding Source Vertex
862,75.298965,33.136141,527885.18,3666419.51,23.25,OSM_WAY_NH44_MAINLINE,NH44_MAINLINE,NH-44 Jammu-Srinagar Highway,18,Original Winding Source Vertex
863,75.298845,33.135931,527873.98,3666396.19,23.276,OSM_WAY_NH44_MAINLINE,NH44_MAINLINE,NH-44 Jammu-Srinagar Highway,19,Original Winding Source Vertex
864,75.298718,33.135797,527862.22,3666381.3,23.295,OSM_WAY_NH44_MAINLINE,NH44_MAINLINE,NH-44 Jammu-Srinagar Highway,20,Original Winding Source Vertex
865,75.298631,33.135696,527854.12,3666370.03,23.308,OSM_WAY_NH44_MAINLINE,NH44_MAINLINE,NH-44 Jammu-Srinagar Highway,21,Original Winding Source Vertex
866,75.298488,33.135517,527840.87,3666350.15,23.332,OSM_WAY_NH44_MAINLINE,NH44_MAINLINE,NH-44 Jammu-Srinagar Highway,22,Original Winding Source Vertex
867,75.298394,33.135328,527832.17,3666329.22,23.355,OSM_WAY_NH44_MAINLINE,NH44_MAINLINE,NH-44 Jammu-Srinagar Highway,23,Original Winding Source Vertex
868,75.29832,33.135154,527825.31,3666309.9,23.375,OSM_WAY_NH44_MAINLINE,NH44_MAINLINE,NH-44 Jammu-Srinagar Highway,24,Original Winding Source Vertex
869,75.298304,33.134935,527823.85,3666285.57,23.4,OSM_WAY_NH44_MAINLINE,NH44_MAINLINE,NH-44 Jammu-Srinagar Highway,25,Original Winding Source Vertex
870,75.298307,33.134813,527824.18,3666272.11,23.413,OSM_WAY_NH44_MAINLINE,NH44_MAINLINE,NH-44 Jammu-Srinagar Highway,26,Original Winding Source Vertex
871,75.298307,33.13465,527824.26,3666254.07,23.431,OSM_WAY_NH44_MAINLINE,NH44_MAINLINE,NH-44 Jammu-Srinagar Highway,27,Original Winding Source Vertex
872,75.298312,33.134497,527824.78,3666237.05,23.448,OSM_WAY_NH44_MAINLINE,NH44_MAINLINE,NH-44 Jammu-Srinagar Highway,28,Original Winding Source Vertex
873,75.298249,33.134343,527818.89,3666219.91,23.467,OSM_WAY_NH44_MAINLINE,NH44_MAINLINE,NH-44 Jammu-Srinagar Highway,29,Original Winding Source Vertex
874,75.298106,33.134161,527805.64,3666199.72,23.491,OSM_WAY_NH44_MAINLINE,NH44_MAINLINE,NH-44 Jammu-Srinagar Highway,30,Original Winding Source Vertex
875,75.304151,33.144963,528366.06,3667398.95,23.491,OSM_WAY_NH44_MAINLINE,NH44_MAINLINE,NH-44 Jammu-Srinagar Highway,0,Original Winding Source Vertex
876,75.303954,33.144636,528347.72,3667362.66,23.531,OSM_WAY_NH44_MAINLINE,NH44_MAINLINE,NH-44 Jammu-Srinagar Highway,1,Original Winding Source Vertex
877,75.303797,33.144432,528333.18,3667339.94,23.558,OSM_WAY_NH44_MAINLINE,NH44_MAINLINE,NH-44 Jammu-Srinagar Highway,2,Original Winding Source Vertex
878,75.303776,33.144244,528331.26,3667319.13,23.579,OSM_WAY_NH44_MAINLINE,NH44_MAINLINE,NH-44 Jammu-Srinagar Highway,3,Original Winding Source Vertex
879,75.303761,33.144092,528329.95,3667302.29,23.596,OSM_WAY_NH44_MAINLINE,NH44_MAINLINE,NH-44 Jammu-Srinagar Highway,4,Original Winding Source Vertex
880,75.303754,33.14384,528329.37,3667274.26,23.624,OSM_WAY_NH44_MAINLINE,NH44_MAINLINE,NH-44 Jammu-Srinagar Highway,5,Original Winding Source Vertex
881,75.303783,33.143739,528332.08,3667263.16,23.636,OSM_WAY_NH44_MAINLINE,NH44_MAINLINE,NH-44 Jammu-Srinagar Highway,6,Original Winding Source Vertex
882,75.303791,33.143605,528332.88,3667248.2,23.651,OSM_WAY_NH44_MAINLINE,NH44_MAINLINE,NH-44 Jammu-Srinagar Highway,7,Original Winding Source Vertex
883,75.303808,33.143389,528334.56,3667224.28,23.675,OSM_WAY_NH44_MAINLINE,NH44_MAINLINE,NH-44 Jammu-Srinagar Highway,8,Original Winding Source Vertex
884,75.303907,33.142939,528343.94,3667174.46,23.725,OSM_WAY_NH44_MAINLINE,NH44_MAINLINE,NH-44 Jammu-Srinagar Highway,9,Original Winding Source Vertex
885,75.303958,33.142675,528348.76,3667145.17,23.755,OSM_WAY_NH44_MAINLINE,NH44_MAINLINE,NH-44 Jammu-Srinagar Highway,10,Original Winding Source Vertex
886,75.303931,33.14254,528346.26,3667130.26,23.77,OSM_WAY_NH44_MAINLINE,NH44_MAINLINE,NH-44 Jammu-Srinagar Highway,11,Original Winding Source Vertex
887,75.303878,33.142392,528341.4,3667113.85,23.787,OSM_WAY_NH44_MAINLINE,NH44_MAINLINE,NH-44 Jammu-Srinagar Highway,12,Original Winding Source Vertex
888,75.303546,33.142021,528310.52,3667072.64,23.839,OSM_WAY_NH44_MAINLINE,NH44_MAINLINE,NH-44 Jammu-Srinagar Highway,13,Original Winding Source Vertex
889,75.303458,33.141883,528302.39,3667057.25,23.856,OSM_WAY_NH44_MAINLINE,NH44_MAINLINE,NH-44 Jammu-Srinagar Highway,14,Original Winding Source Vertex
890,75.30341,33.141743,528297.91,3667041.75,23.872,OSM_WAY_NH44_MAINLINE,NH44_MAINLINE,NH-44 Jammu-Srinagar Highway,15,Original Winding Source Vertex
891,75.303376,33.141654,528294.76,3667031.83,23.883,OSM_WAY_NH44_MAINLINE,NH44_MAINLINE,NH-44 Jammu-Srinagar Highway,16,Original Winding Source Vertex
892,75.303315,33.141436,528289.18,3667007.71,23.907,OSM_WAY_NH44_MAINLINE,NH44_MAINLINE,NH-44 Jammu-Srinagar Highway,17,Original Winding Source Vertex
893,75.303283,33.141151,528286.27,3666976.12,23.939,OSM_WAY_NH44_MAINLINE,NH44_MAINLINE,NH-44 Jammu-Srinagar Highway,18,Original Winding Source Vertex
894,75.303206,33.140863,528279.18,3666944.15,23.972,OSM_WAY_NH44_MAINLINE,NH44_MAINLINE,NH-44 Jammu-Srinagar Highway,19,Original Winding Source Vertex
895,75.302988,33.140456,528258.96,3666898.92,24.021,OSM_WAY_NH44_MAINLINE,NH44_MAINLINE,NH-44 Jammu-Srinagar Highway,20,Original Winding Source Vertex
896,75.304151,33.144963,528366.06,3667398.95,24.021,OSM_WAY_NH44_MAINLINE,NH44_MAINLINE,NH-44 Jammu-Srinagar Highway,0,Original Winding Source Vertex
897,75.30432,33.145368,528381.69,3667443.82,24.069,OSM_WAY_NH44_MAINLINE,NH44_MAINLINE,NH-44 Jammu-Srinagar Highway,1,Original Winding Source Vertex
898,75.304511,33.145528,528399.45,3667461.61,24.094,OSM_WAY_NH44_MAINLINE,NH44_MAINLINE,NH-44 Jammu-Srinagar Highway,2,Original Winding Source Vertex
899,75.304598,33.14575,528407.43,3667486.22,24.12,OSM_WAY_NH44_MAINLINE,NH44_MAINLINE,NH-44 Jammu-Srinagar Highway,3,Original Winding Source Vertex
900,75.30461,33.14591,528408.5,3667503.96,24.138,OSM_WAY_NH44_MAINLINE,NH44_MAINLINE,NH-44 Jammu-Srinagar Highway,4,Original Winding Source Vertex
901,75.304583,33.146053,528405.95,3667519.89,24.154,OSM_WAY_NH44_MAINLINE,NH44_MAINLINE,NH-44 Jammu-Srinagar Highway,5,Original Winding Source Vertex
902,75.304594,33.146161,528406.92,3667531.84,24.166,OSM_WAY_NH44_MAINLINE,NH44_MAINLINE,NH-44 Jammu-Srinagar Highway,6,Original Winding Source Vertex
903,75.304626,33.146264,528409.88,3667543.3,24.178,OSM_WAY_NH44_MAINLINE,NH44_MAINLINE,NH-44 Jammu-Srinagar Highway,7,Original Winding Source Vertex
904,75.304693,33.14635,528416.11,3667552.78,24.189,OSM_WAY_NH44_MAINLINE,NH44_MAINLINE,NH-44 Jammu-Srinagar Highway,8,Original Winding Source Vertex
905,75.30474,33.146402,528420.5,3667558.62,24.196,OSM_WAY_NH44_MAINLINE,NH44_MAINLINE,NH-44 Jammu-Srinagar Highway,9,Original Winding Source Vertex
906,75.304992,33.146593,528443.95,3667579.84,24.228,OSM_WAY_NH44_MAINLINE,NH44_MAINLINE,NH-44 Jammu-Srinagar Highway,10,Original Winding Source Vertex
907,75.305378,33.146961,528479.84,3667620.78,24.282,OSM_WAY_NH44_MAINLINE,NH44_MAINLINE,NH-44 Jammu-Srinagar Highway,11,Original Winding Source Vertex
908,75.305732,33.147676,528512.55,3667700.12,24.368,OSM_WAY_NH44_MAINLINE,NH44_MAINLINE,NH-44 Jammu-Srinagar Highway,12,Original Winding Source Vertex
909,75.305727,33.147842,528512.08,3667718.48,24.387,OSM_WAY_NH44_MAINLINE,NH44_MAINLINE,NH-44 Jammu-Srinagar Highway,13,Original Winding Source Vertex
910,75.305584,33.147976,528498.68,3667733.36,24.407,OSM_WAY_NH44_MAINLINE,NH44_MAINLINE,NH-44 Jammu-Srinagar Highway,14,Original Winding Source Vertex
911,75.305354,33.148068,528477.2,3667743.44,24.43,OSM_WAY_NH44_MAINLINE,NH44_MAINLINE,NH-44 Jammu-Srinagar Highway,15,Original Winding Source Vertex
912,75.304849,33.148275,528430.06,3667766.28,24.483,OSM_WAY_NH44_MAINLINE,NH44_MAINLINE,NH-44 Jammu-Srinagar Highway,16,Original Winding Source Vertex
913,75.304646,33.148523,528410.99,3667793.69,24.516,OSM_WAY_NH44_MAINLINE,NH44_MAINLINE,NH-44 Jammu-Srinagar Highway,17,Original Winding Source Vertex
914,75.304581,33.148837,528404.85,3667828.51,24.551,OSM_WAY_NH44_MAINLINE,NH44_MAINLINE,NH-44 Jammu-Srinagar Highway,18,Original Winding Source Vertex
915,75.304697,33.149252,528415.58,3667874.55,24.599,OSM_WAY_NH44_MAINLINE,NH44_MAINLINE,NH-44 Jammu-Srinagar Highway,19,Original Winding Source Vertex
916,75.304742,33.149383,528419.73,3667889.1,24.614,OSM_WAY_NH44_MAINLINE,NH44_MAINLINE,NH-44 Jammu-Srinagar Highway,20,Original Winding Source Vertex
917,75.304742,33.149383,528419.73,3667889.1,24.614,OSM_WAY_NH44_MAINLINE,NH44_MAINLINE,NH-44 Jammu-Srinagar Highway,0,Original Winding Source Vertex
918,75.304939,33.149665,528437.98,3667920.39,24.65,OSM_WAY_NH44_MAINLINE,NH44_MAINLINE,NH-44 Jammu-Srinagar Highway,1,Original Winding Source Vertex
919,75.304939,33.149665,528437.98,3667920.39,24.65,OSM_WAY_NH44_MAINLINE,NH44_MAINLINE,NH-44 Jammu-Srinagar Highway,0,Original Winding Source Vertex
920,75.305159,33.14998,528458.36,3667955.33,24.69,OSM_WAY_NH44_MAINLINE,NH44_MAINLINE,NH-44 Jammu-Srinagar Highway,1,Original Winding Source Vertex
921,75.305243,33.150137,528466.16,3667972.81,24.71,OSM_WAY_NH44_MAINLINE,NH44_MAINLINE,NH-44 Jammu-Srinagar Highway,2,Original Winding Source Vertex
922,75.305816,33.150797,528519.39,3668046.15,24.71,OSM_WAY_NH44_MAINLINE,NH44_MAINLINE,NH-44 Jammu-Srinagar Highway,0,Original Winding Source Vertex
923,75.305717,33.150549,528510.28,3668018.64,24.739,OSM_WAY_NH44_MAINLINE,NH44_MAINLINE,NH-44 Jammu-Srinagar Highway,1,Original Winding Source Vertex
924,75.305497,33.150211,528489.88,3667981.12,24.781,OSM_WAY_NH44_MAINLINE,NH44_MAINLINE,NH-44 Jammu-Srinagar Highway,2,Original Winding Source Vertex
925,75.305842,33.151383,528521.7,3668111.07,24.781,OSM_WAY_NH44_MAINLINE,NH44_MAINLINE,NH-44 Jammu-Srinagar Highway,0,Original Winding Source Vertex
926,75.305886,33.151148,528525.8,3668085.09,24.808,OSM_WAY_NH44_MAINLINE,NH44_MAINLINE,NH-44 Jammu-Srinagar Highway,1,Original Winding Source Vertex
927,75.305831,33.150889,528520.77,3668056.35,24.837,OSM_WAY_NH44_MAINLINE,NH44_MAINLINE,NH-44 Jammu-Srinagar Highway,2,Original Winding Source Vertex
928,75.305816,33.150797,528519.39,3668046.15,24.847,OSM_WAY_NH44_MAINLINE,NH44_MAINLINE,NH-44 Jammu-Srinagar Highway,3,Original Winding Source Vertex
929,75.307717,33.15759,528694.48,3668799.75,24.847,OSM_WAY_NH44_MAINLINE,NH44_MAINLINE,NH-44 Jammu-Srinagar Highway,0,Original Winding Source Vertex
930,75.30765,33.15737,528688.36,3668775.3,24.872,OSM_WAY_NH44_MAINLINE,NH44_MAINLINE,NH-44 Jammu-Srinagar Highway,1,Original Winding Source Vertex
931,75.307649,33.157121,528688.29,3668747.76,24.9,OSM_WAY_NH44_MAINLINE,NH44_MAINLINE,NH-44 Jammu-Srinagar Highway,2,Original Winding Source Vertex
932,75.307676,33.15692,528690.92,3668725.48,24.922,OSM_WAY_NH44_MAINLINE,NH44_MAINLINE,NH-44 Jammu-Srinagar Highway,3,Original Winding Source Vertex
933,75.30773,33.156668,528695.97,3668697.49,24.951,OSM_WAY_NH44_MAINLINE,NH44_MAINLINE,NH-44 Jammu-Srinagar Highway,4,Original Winding Source Vertex
934,75.307742,33.156373,528697.17,3668664.8,24.983,OSM_WAY_NH44_MAINLINE,NH44_MAINLINE,NH-44 Jammu-Srinagar Highway,5,Original Winding Source Vertex
935,75.307636,33.155999,528687.44,3668623.38,25.026,OSM_WAY_NH44_MAINLINE,NH44_MAINLINE,NH-44 Jammu-Srinagar Highway,6,Original Winding Source Vertex
936,75.307387,33.155565,528664.41,3668575.21,25.079,OSM_WAY_NH44_MAINLINE,NH44_MAINLINE,NH-44 Jammu-Srinagar Highway,7,Original Winding Source Vertex
937,75.30727,33.155404,528653.52,3668557.29,25.1,OSM_WAY_NH44_MAINLINE,NH44_MAINLINE,NH-44 Jammu-Srinagar Highway,8,Original Winding Source Vertex
938,75.30713,33.155209,528640.48,3668535.6,25.126,OSM_WAY_NH44_MAINLINE,NH44_MAINLINE,NH-44 Jammu-Srinagar Highway,9,Original Winding Source Vertex
939,75.30704,33.155002,528632.2,3668512.7,25.15,OSM_WAY_NH44_MAINLINE,NH44_MAINLINE,NH-44 Jammu-Srinagar Highway,10,Original Winding Source Vertex
940,75.306999,33.154741,528628.41,3668483.65,25.179,OSM_WAY_NH44_MAINLINE,NH44_MAINLINE,NH-44 Jammu-Srinagar Highway,11,Original Winding Source Vertex
941,75.307003,33.154567,528628.92,3668464.47,25.198,OSM_WAY_NH44_MAINLINE,NH44_MAINLINE,NH-44 Jammu-Srinagar Highway,12,Original Winding Source Vertex
942,75.306977,33.154276,528626.59,3668432.14,25.231,OSM_WAY_NH44_MAINLINE,NH44_MAINLINE,NH-44 Jammu-Srinagar Highway,13,Original Winding Source Vertex
943,75.306844,33.15381,528614.28,3668380.48,25.284,OSM_WAY_NH44_MAINLINE,NH44_MAINLINE,NH-44 Jammu-Srinagar Highway,14,Original Winding Source Vertex
944,75.306771,33.153492,528607.6,3668345.2,25.32,OSM_WAY_NH44_MAINLINE,NH44_MAINLINE,NH-44 Jammu-Srinagar Highway,15,Original Winding Source Vertex
945,75.306698,33.153229,528600.88,3668316.03,25.35,OSM_WAY_NH44_MAINLINE,NH44_MAINLINE,NH-44 Jammu-Srinagar Highway,16,Original Winding Source Vertex
946,75.306603,33.153064,528592.04,3668297.72,25.37,OSM_WAY_NH44_MAINLINE,NH44_MAINLINE,NH-44 Jammu-Srinagar Highway,17,Original Winding Source Vertex
947,75.306396,33.152887,528572.83,3668277.97,25.398,OSM_WAY_NH44_MAINLINE,NH44_MAINLINE,NH-44 Jammu-Srinagar Highway,18,Original Winding Source Vertex
948,75.306146,33.152659,528549.61,3668252.68,25.432,OSM_WAY_NH44_MAINLINE,NH44_MAINLINE,NH-44 Jammu-Srinagar Highway,19,Original Winding Source Vertex
949,75.306006,33.152391,528536.62,3668222.95,25.464,OSM_WAY_NH44_MAINLINE,NH44_MAINLINE,NH-44 Jammu-Srinagar Highway,20,Original Winding Source Vertex
950,75.305885,33.152107,528525.45,3668191.37,25.498,OSM_WAY_NH44_MAINLINE,NH44_MAINLINE,NH-44 Jammu-Srinagar Highway,21,Original Winding Source Vertex
951,75.305842,33.151383,528521.7,3668111.07,25.578,OSM_WAY_NH44_MAINLINE,NH44_MAINLINE,NH-44 Jammu-Srinagar Highway,22,Original Winding Source Vertex
952,75.307717,33.15759,528694.48,3668799.75,25.578,OSM_WAY_NH44_MAINLINE,NH44_MAINLINE,NH-44 Jammu-Srinagar Highway,0,Original Winding Source Vertex
953,75.307827,33.157947,528704.65,3668839.34,25.619,OSM_WAY_NH44_MAINLINE,NH44_MAINLINE,NH-44 Jammu-Srinagar Highway,1,Original Winding Source Vertex
954,75.307945,33.158248,528715.56,3668872.73,25.654,OSM_WAY_NH44_MAINLINE,NH44_MAINLINE,NH-44 Jammu-Srinagar Highway,2,Original Winding Source Vertex
955,75.308174,33.158859,528736.72,3668940.51,25.725,OSM_WAY_NH44_MAINLINE,NH44_MAINLINE,NH-44 Jammu-Srinagar Highway,3,Original Winding Source Vertex
956,75.308562,33.159469,528772.69,3669008.32,25.802,OSM_WAY_NH44_MAINLINE,NH44_MAINLINE,NH-44 Jammu-Srinagar Highway,4,Original Winding Source Vertex
957,75.308873,33.159889,528801.57,3669054.96,25.857,OSM_WAY_NH44_MAINLINE,NH44_MAINLINE,NH-44 Jammu-Srinagar Highway,5,Original Winding Source Vertex
958,75.30893,33.160051,528806.76,3669072.89,25.876,OSM_WAY_NH44_MAINLINE,NH44_MAINLINE,NH-44 Jammu-Srinagar Highway,6,Original Winding Source Vertex
959,75.308919,33.160235,528805.71,3669093.31,25.896,OSM_WAY_NH44_MAINLINE,NH44_MAINLINE,NH-44 Jammu-Srinagar Highway,7,Original Winding Source Vertex
960,75.308844,33.160403,528798.64,3669111.95,25.916,OSM_WAY_NH44_MAINLINE,NH44_MAINLINE,NH-44 Jammu-Srinagar Highway,8,Original Winding Source Vertex
961,75.308466,33.160985,528763.19,3669176.32,25.99,OSM_WAY_NH44_MAINLINE,NH44_MAINLINE,NH-44 Jammu-Srinagar Highway,9,Original Winding Source Vertex
962,75.308353,33.161375,528752.56,3669219.6,26.034,OSM_WAY_NH44_MAINLINE,NH44_MAINLINE,NH-44 Jammu-Srinagar Highway,10,Original Winding Source Vertex
963,75.308361,33.161571,528753.25,3669241.27,26.056,OSM_WAY_NH44_MAINLINE,NH44_MAINLINE,NH-44 Jammu-Srinagar Highway,11,Original Winding Source Vertex
964,75.308412,33.161762,528757.93,3669262.43,26.077,OSM_WAY_NH44_MAINLINE,NH44_MAINLINE,NH-44 Jammu-Srinagar Highway,12,Original Winding Source Vertex
965,75.309297,33.162774,528840.13,3669374.95,26.217,OSM_WAY_NH44_MAINLINE,NH44_MAINLINE,NH-44 Jammu-Srinagar Highway,13,Original Winding Source Vertex
966,75.309493,33.163091,528858.29,3669410.1,26.256,OSM_WAY_NH44_MAINLINE,NH44_MAINLINE,NH-44 Jammu-Srinagar Highway,14,Original Winding Source Vertex
967,75.309557,33.163416,528864.18,3669446.2,26.293,OSM_WAY_NH44_MAINLINE,NH44_MAINLINE,NH-44 Jammu-Srinagar Highway,15,Original Winding Source Vertex
968,75.309662,33.163731,528873.83,3669481.09,26.329,OSM_WAY_NH44_MAINLINE,NH44_MAINLINE,NH-44 Jammu-Srinagar Highway,16,Original Winding Source Vertex
969,75.309748,33.163987,528881.76,3669509.48,26.359,OSM_WAY_NH44_MAINLINE,NH44_MAINLINE,NH-44 Jammu-Srinagar Highway,17,Original Winding Source Vertex
970,75.309828,33.164189,528889.19,3669531.91,26.382,OSM_WAY_NH44_MAINLINE,NH44_MAINLINE,NH-44 Jammu-Srinagar Highway,18,Original Winding Source Vertex
971,75.310056,33.164418,528910.37,3669557.36,26.415,OSM_WAY_NH44_MAINLINE,NH44_MAINLINE,NH-44 Jammu-Srinagar Highway,19,Original Winding Source Vertex
972,75.310303,33.164692,528933.3,3669587.81,26.453,OSM_WAY_NH44_MAINLINE,NH44_MAINLINE,NH-44 Jammu-Srinagar Highway,20,Original Winding Source Vertex
973,75.310378,33.164876,528940.24,3669608.24,26.475,OSM_WAY_NH44_MAINLINE,NH44_MAINLINE,NH-44 Jammu-Srinagar Highway,21,Original Winding Source Vertex
974,75.310349,33.165074,528937.42,3669630.14,26.497,OSM_WAY_NH44_MAINLINE,NH44_MAINLINE,NH-44 Jammu-Srinagar Highway,22,Original Winding Source Vertex
975,75.310185,33.165253,528922.11,3669650.0,26.522,OSM_WAY_NH44_MAINLINE,NH44_MAINLINE,NH-44 Jammu-Srinagar Highway,23,Original Winding Source Vertex
976,75.309984,33.165388,528903.31,3669664.88,26.546,OSM_WAY_NH44_MAINLINE,NH44_MAINLINE,NH-44 Jammu-Srinagar Highway,24,Original Winding Source Vertex
977,75.309718,33.165491,528878.51,3669676.26,26.573,OSM_WAY_NH44_MAINLINE,NH44_MAINLINE,NH-44 Jammu-Srinagar Highway,25,Original Winding Source Vertex
978,75.309488,33.165579,528856.98,3669685.89,26.597,OSM_WAY_NH44_MAINLINE,NH44_MAINLINE,NH-44 Jammu-Srinagar Highway,26,Original Winding Source Vertex
979,75.308774,33.165868,528790.35,3669717.82,26.671,OSM_WAY_NH44_MAINLINE,NH44_MAINLINE,NH-44 Jammu-Srinagar Highway,27,Original Winding Source Vertex
980,75.308281,33.165954,528744.31,3669727.14,26.718,OSM_WAY_NH44_MAINLINE,NH44_MAINLINE,NH-44 Jammu-Srinagar Highway,28,Original Winding Source Vertex
981,75.308058,33.165976,528723.55,3669729.57,26.739,OSM_WAY_NH44_MAINLINE,NH44_MAINLINE,NH-44 Jammu-Srinagar Highway,29,Original Winding Source Vertex
982,75.307841,33.166039,528703.27,3669736.47,26.76,OSM_WAY_NH44_MAINLINE,NH44_MAINLINE,NH-44 Jammu-Srinagar Highway,30,Original Winding Source Vertex
983,75.307674,33.166156,528687.72,3669749.38,26.78,OSM_WAY_NH44_MAINLINE,NH44_MAINLINE,NH-44 Jammu-Srinagar Highway,31,Original Winding Source Vertex
984,75.307479,33.166374,528669.4,3669773.47,26.811,OSM_WAY_NH44_MAINLINE,NH44_MAINLINE,NH-44 Jammu-Srinagar Highway,32,Original Winding Source Vertex
985,75.307159,33.166679,528639.53,3669807.23,26.856,OSM_WAY_NH44_MAINLINE,NH44_MAINLINE,NH-44 Jammu-Srinagar Highway,33,Original Winding Source Vertex
986,75.306638,33.166966,528590.86,3669838.88,26.914,OSM_WAY_NH44_MAINLINE,NH44_MAINLINE,NH-44 Jammu-Srinagar Highway,34,Original Winding Source Vertex
987,75.306458,33.16711,528573.97,3669854.83,26.937,OSM_WAY_NH44_MAINLINE,NH44_MAINLINE,NH-44 Jammu-Srinagar Highway,35,Original Winding Source Vertex
988,75.305963,33.167544,528527.65,3669902.77,27.004,OSM_WAY_NH44_MAINLINE,NH44_MAINLINE,NH-44 Jammu-Srinagar Highway,36,Original Winding Source Vertex
989,75.305777,33.167702,528510.34,3669920.23,27.028,OSM_WAY_NH44_MAINLINE,NH44_MAINLINE,NH-44 Jammu-Srinagar Highway,37,Original Winding Source Vertex
990,75.305669,33.167781,528500.23,3669929.0,27.042,OSM_WAY_NH44_MAINLINE,NH44_MAINLINE,NH-44 Jammu-Srinagar Highway,38,Original Winding Source Vertex
991,75.305525,33.167854,528486.72,3669937.08,27.057,OSM_WAY_NH44_MAINLINE,NH44_MAINLINE,NH-44 Jammu-Srinagar Highway,39,Original Winding Source Vertex
992,75.305402,33.167885,528475.31,3669940.43,27.069,OSM_WAY_NH44_MAINLINE,NH44_MAINLINE,NH-44 Jammu-Srinagar Highway,40,Original Winding Source Vertex
993,75.304786,33.168002,528417.83,3669953.29,27.128,OSM_WAY_NH44_MAINLINE,NH44_MAINLINE,NH-44 Jammu-Srinagar Highway,41,Original Winding Source Vertex
994,75.304575,33.16811,528398.11,3669965.14,27.151,OSM_WAY_NH44_MAINLINE,NH44_MAINLINE,NH-44 Jammu-Srinagar Highway,42,Original Winding Source Vertex
995,75.30437,33.168248,528378.9,3669980.46,27.176,OSM_WAY_NH44_MAINLINE,NH44_MAINLINE,NH-44 Jammu-Srinagar Highway,43,Original Winding Source Vertex
996,75.304189,33.168495,528362.01,3670007.77,27.208,OSM_WAY_NH44_MAINLINE,NH44_MAINLINE,NH-44 Jammu-Srinagar Highway,44,Original Winding Source Vertex
997,75.304045,33.168657,528348.52,3670025.65,27.23,OSM_WAY_NH44_MAINLINE,NH44_MAINLINE,NH-44 Jammu-Srinagar Highway,45,Original Winding Source Vertex
998,75.303882,33.168748,528333.25,3670035.68,27.249,OSM_WAY_NH44_MAINLINE,NH44_MAINLINE,NH-44 Jammu-Srinagar Highway,46,Original Winding Source Vertex
999,75.303679,33.168797,528314.36,3670041.16,27.268,OSM_WAY_NH44_MAINLINE,NH44_MAINLINE,NH-44 Jammu-Srinagar Highway,47,Original Winding Source Vertex
1000,75.303297,33.168793,528278.77,3670040.53,27.304,OSM_WAY_NH44_MAINLINE,NH44_MAINLINE,NH-44 Jammu-Srinagar Highway,48,Original Winding Source Vertex
1001,75.303111,33.168794,528261.35,3670040.57,27.321,OSM_WAY_NH44_MAINLINE,NH44_MAINLINE,NH-44 Jammu-Srinagar Highway,49,Original Winding Source Vertex
1002,75.302905,33.168858,528242.14,3670047.63,27.342,OSM_WAY_NH44_MAINLINE,NH44_MAINLINE,NH-44 Jammu-Srinagar Highway,50,Original Winding Source Vertex
1003,75.302762,33.168925,528228.84,3670055.08,27.357,OSM_WAY_NH44_MAINLINE,NH44_MAINLINE,NH-44 Jammu-Srinagar Highway,51,Original Winding Source Vertex
1004,75.302361,33.169272,528191.34,3670093.43,27.411,OSM_WAY_NH44_MAINLINE,NH44_MAINLINE,NH-44 Jammu-Srinagar Highway,52,Original Winding Source Vertex
1005,75.302135,33.169374,528170.22,3670104.67,27.435,OSM_WAY_NH44_MAINLINE,NH44_MAINLINE,NH-44 Jammu-Srinagar Highway,53,Original Winding Source Vertex
1006,75.301891,33.169405,528147.45,3670107.98,27.458,OSM_WAY_NH44_MAINLINE,NH44_MAINLINE,NH-44 Jammu-Srinagar Highway,54,Original Winding Source Vertex
1007,75.301646,33.169377,528124.58,3670104.81,27.481,OSM_WAY_NH44_MAINLINE,NH44_MAINLINE,NH-44 Jammu-Srinagar Highway,55,Original Winding Source Vertex
1008,75.30136,33.169305,528097.92,3670096.76,27.508,OSM_WAY_NH44_MAINLINE,NH44_MAINLINE,NH-44 Jammu-Srinagar Highway,56,Original Winding Source Vertex
1009,75.300949,33.169225,528059.66,3670087.77,27.548,OSM_WAY_NH44_MAINLINE,NH44_MAINLINE,NH-44 Jammu-Srinagar Highway,57,Original Winding Source Vertex
1010,75.299462,33.169115,527921.01,3670075.22,27.687,OSM_WAY_NH44_MAINLINE,NH44_MAINLINE,NH-44 Jammu-Srinagar Highway,58,Original Winding Source Vertex
1011,75.298139,33.169153,527797.67,3670079.12,27.81,OSM_WAY_NH44_MAINLINE,NH44_MAINLINE,NH-44 Jammu-Srinagar Highway,59,Original Winding Source Vertex
1012,75.297647,33.169222,527751.78,3670086.66,27.857,OSM_WAY_NH44_MAINLINE,NH44_MAINLINE,NH-44 Jammu-Srinagar Highway,60,Original Winding Source Vertex
1013,75.297211,33.169346,527711.08,3670100.25,27.9,OSM_WAY_NH44_MAINLINE,NH44_MAINLINE,NH-44 Jammu-Srinagar Highway,61,Original Winding Source Vertex
1014,75.296812,33.169519,527673.8,3670119.32,27.942,OSM_WAY_NH44_MAINLINE,NH44_MAINLINE,NH-44 Jammu-Srinagar Highway,62,Original Winding Source Vertex
1015,75.296586,33.169621,527652.71,3670130.6,27.966,OSM_WAY_NH44_MAINLINE,NH44_MAINLINE,NH-44 Jammu-Srinagar Highway,63,Original Winding Source Vertex
1016,75.296414,33.169726,527636.72,3670142.11,27.985,OSM_WAY_NH44_MAINLINE,NH44_MAINLINE,NH-44 Jammu-Srinagar Highway,64,Original Winding Source Vertex
1017,75.296253,33.169855,527621.64,3670156.47,28.006,OSM_WAY_NH44_MAINLINE,NH44_MAINLINE,NH-44 Jammu-Srinagar Highway,65,Original Winding Source Vertex
1018,75.29618,33.169953,527614.79,3670167.2,28.019,OSM_WAY_NH44_MAINLINE,NH44_MAINLINE,NH-44 Jammu-Srinagar Highway,66,Original Winding Source Vertex
1019,75.296609,33.170608,527654.57,3670240.0,28.019,OSM_WAY_NH44_MAINLINE,NH44_MAINLINE,NH-44 Jammu-Srinagar Highway,0,Original Winding Source Vertex
1020,75.29647,33.170202,527641.76,3670194.9,28.066,OSM_WAY_NH44_MAINLINE,NH44_MAINLINE,NH-44 Jammu-Srinagar Highway,1,Original Winding Source Vertex
1021,75.296454,33.170084,527640.27,3670181.82,28.079,OSM_WAY_NH44_MAINLINE,NH44_MAINLINE,NH-44 Jammu-Srinagar Highway,2,Original Winding Source Vertex
1022,75.296334,33.170746,527628.93,3670255.27,28.079,OSM_WAY_NH44_MAINLINE,NH44_MAINLINE,NH-44 Jammu-Srinagar Highway,0,Original Winding Source Vertex
1023,75.296384,33.170831,527633.52,3670264.66,28.089,OSM_WAY_NH44_MAINLINE,NH44_MAINLINE,NH-44 Jammu-Srinagar Highway,1,Original Winding Source Vertex
1024,75.296525,33.17094,527646.65,3670276.79,28.107,OSM_WAY_NH44_MAINLINE,NH44_MAINLINE,NH-44 Jammu-Srinagar Highway,2,Original Winding Source Vertex
1025,75.296654,33.170999,527658.68,3670283.35,28.121,OSM_WAY_NH44_MAINLINE,NH44_MAINLINE,NH-44 Jammu-Srinagar Highway,3,Original Winding Source Vertex
1026,75.296835,33.171025,527675.52,3670286.22,28.138,OSM_WAY_NH44_MAINLINE,NH44_MAINLINE,NH-44 Jammu-Srinagar Highway,4,Original Winding Source Vertex
1027,75.29701,33.171017,527691.84,3670285.39,28.154,OSM_WAY_NH44_MAINLINE,NH44_MAINLINE,NH-44 Jammu-Srinagar Highway,5,Original Winding Source Vertex
1028,75.29741,33.17091,527729.17,3670273.66,28.193,OSM_WAY_NH44_MAINLINE,NH44_MAINLINE,NH-44 Jammu-Srinagar Highway,6,Original Winding Source Vertex
1029,75.297592,33.170878,527746.15,3670270.21,28.211,OSM_WAY_NH44_MAINLINE,NH44_MAINLINE,NH-44 Jammu-Srinagar Highway,7,Original Winding Source Vertex
1030,75.297759,33.170894,527761.69,3670271.99,28.226,OSM_WAY_NH44_MAINLINE,NH44_MAINLINE,NH-44 Jammu-Srinagar Highway,8,Original Winding Source Vertex
1031,75.297901,33.170943,527774.96,3670277.46,28.241,OSM_WAY_NH44_MAINLINE,NH44_MAINLINE,NH-44 Jammu-Srinagar Highway,9,Original Winding Source Vertex
1032,75.298426,33.171321,527823.73,3670319.51,28.305,OSM_WAY_NH44_MAINLINE,NH44_MAINLINE,NH-44 Jammu-Srinagar Highway,10,Original Winding Source Vertex
1033,75.298563,33.171386,527836.48,3670326.73,28.32,OSM_WAY_NH44_MAINLINE,NH44_MAINLINE,NH-44 Jammu-Srinagar Highway,11,Original Winding Source Vertex
1034,75.298694,33.171432,527848.75,3670331.88,28.333,OSM_WAY_NH44_MAINLINE,NH44_MAINLINE,NH-44 Jammu-Srinagar Highway,12,Original Winding Source Vertex
1035,75.29912,33.171546,527888.42,3670344.68,28.375,OSM_WAY_NH44_MAINLINE,NH44_MAINLINE,NH-44 Jammu-Srinagar Highway,13,Original Winding Source Vertex
1036,75.299248,33.171624,527900.3,3670353.31,28.39,OSM_WAY_NH44_MAINLINE,NH44_MAINLINE,NH-44 Jammu-Srinagar Highway,14,Original Winding Source Vertex
1037,75.299348,33.171728,527909.63,3670364.85,28.404,OSM_WAY_NH44_MAINLINE,NH44_MAINLINE,NH-44 Jammu-Srinagar Highway,15,Original Winding Source Vertex
1038,75.299408,33.171927,527915.17,3670386.96,28.427,OSM_WAY_NH44_MAINLINE,NH44_MAINLINE,NH-44 Jammu-Srinagar Highway,16,Original Winding Source Vertex
1039,75.299468,33.172207,527920.65,3670417.99,28.459,OSM_WAY_NH44_MAINLINE,NH44_MAINLINE,NH-44 Jammu-Srinagar Highway,17,Original Winding Source Vertex
1040,75.299527,33.172331,527926.11,3670431.82,28.474,OSM_WAY_NH44_MAINLINE,NH44_MAINLINE,NH-44 Jammu-Srinagar Highway,18,Original Winding Source Vertex
1041,75.29965,33.172478,527937.53,3670448.16,28.493,OSM_WAY_NH44_MAINLINE,NH44_MAINLINE,NH-44 Jammu-Srinagar Highway,19,Original Winding Source Vertex
1042,75.299802,33.1726,527951.6,3670461.71,28.513,OSM_WAY_NH44_MAINLINE,NH44_MAINLINE,NH-44 Jammu-Srinagar Highway,20,Original Winding Source Vertex
1043,75.299897,33.172765,527960.42,3670479.96,28.533,OSM_WAY_NH44_MAINLINE,NH44_MAINLINE,NH-44 Jammu-Srinagar Highway,21,Original Winding Source Vertex
1044,75.300144,33.173287,527983.35,3670537.92,28.596,OSM_WAY_NH44_MAINLINE,NH44_MAINLINE,NH-44 Jammu-Srinagar Highway,22,Original Winding Source Vertex
1045,75.300144,33.173287,527983.35,3670537.92,28.596,OSM_WAY_NH44_MAINLINE,NH44_MAINLINE,NH-44 Jammu-Srinagar Highway,0,Original Winding Source Vertex
1046,75.300585,33.174099,528024.19,3670628.05,28.695,OSM_WAY_NH44_MAINLINE,NH44_MAINLINE,NH-44 Jammu-Srinagar Highway,1,Original Winding Source Vertex
1047,75.300741,33.174506,528038.63,3670673.21,28.742,OSM_WAY_NH44_MAINLINE,NH44_MAINLINE,NH-44 Jammu-Srinagar Highway,2,Original Winding Source Vertex
1048,75.300721,33.174968,528036.62,3670724.46,28.793,OSM_WAY_NH44_MAINLINE,NH44_MAINLINE,NH-44 Jammu-Srinagar Highway,3,Original Winding Source Vertex
1049,75.300631,33.175284,528028.08,3670759.51,28.829,OSM_WAY_NH44_MAINLINE,NH44_MAINLINE,NH-44 Jammu-Srinagar Highway,4,Original Winding Source Vertex
1050,75.298522,33.17925,527830.22,3671198.62,29.311,OSM_WAY_NH44_MAINLINE,NH44_MAINLINE,NH-44 Jammu-Srinagar Highway,5,Original Winding Source Vertex
1051,75.298339,33.179703,527813.04,3671248.8,29.364,OSM_WAY_NH44_MAINLINE,NH44_MAINLINE,NH-44 Jammu-Srinagar Highway,6,Original Winding Source Vertex
1052,75.298271,33.180087,527806.59,3671291.29,29.407,OSM_WAY_NH44_MAINLINE,NH44_MAINLINE,NH-44 Jammu-Srinagar Highway,7,Original Winding Source Vertex
1053,75.298273,33.180459,527806.57,3671332.54,29.448,OSM_WAY_NH44_MAINLINE,NH44_MAINLINE,NH-44 Jammu-Srinagar Highway,8,Original Winding Source Vertex
1054,75.298367,33.180769,527815.26,3671366.9,29.484,OSM_WAY_NH44_MAINLINE,NH44_MAINLINE,NH-44 Jammu-Srinagar Highway,9,Original Winding Source Vertex
1055,75.300824,33.182251,528043.86,3671531.84,29.484,OSM_WAY_NH44_MAINLINE,NH44_MAINLINE,NH-44 Jammu-Srinagar Highway,0,Original Winding Source Vertex
1056,75.300619,33.182017,528024.84,3671505.88,29.516,OSM_WAY_NH44_MAINLINE,NH44_MAINLINE,NH-44 Jammu-Srinagar Highway,1,Original Winding Source Vertex
1057,75.300316,33.181893,527996.6,3671492.1,29.547,OSM_WAY_NH44_MAINLINE,NH44_MAINLINE,NH-44 Jammu-Srinagar Highway,2,Original Winding Source Vertex
1058,75.299922,33.181832,527959.92,3671485.15,29.585,OSM_WAY_NH44_MAINLINE,NH44_MAINLINE,NH-44 Jammu-Srinagar Highway,3,Original Winding Source Vertex
1059,75.299459,33.181701,527916.77,3671470.57,29.63,OSM_WAY_NH44_MAINLINE,NH44_MAINLINE,NH-44 Jammu-Srinagar Highway,4,Original Winding Source Vertex
1060,75.299246,33.181615,527896.93,3671461.0,29.652,OSM_WAY_NH44_MAINLINE,NH44_MAINLINE,NH-44 Jammu-Srinagar Highway,5,Original Winding Source Vertex
1061,75.299024,33.181478,527876.34,3671445.73,29.678,OSM_WAY_NH44_MAINLINE,NH44_MAINLINE,NH-44 Jammu-Srinagar Highway,6,Original Winding Source Vertex
1062,75.298953,33.181415,527869.67,3671438.7,29.688,OSM_WAY_NH44_MAINLINE,NH44_MAINLINE,NH-44 Jammu-Srinagar Highway,7,Original Winding Source Vertex
1063,75.298888,33.181347,527863.64,3671431.12,29.697,OSM_WAY_NH44_MAINLINE,NH44_MAINLINE,NH-44 Jammu-Srinagar Highway,8,Original Winding Source Vertex
1064,75.29883,33.181274,527858.29,3671423.07,29.707,OSM_WAY_NH44_MAINLINE,NH44_MAINLINE,NH-44 Jammu-Srinagar Highway,9,Original Winding Source Vertex
1065,75.29878,33.181198,527853.65,3671414.58,29.717,OSM_WAY_NH44_MAINLINE,NH44_MAINLINE,NH-44 Jammu-Srinagar Highway,10,Original Winding Source Vertex
1066,75.298738,33.181118,527849.77,3671405.72,29.726,OSM_WAY_NH44_MAINLINE,NH44_MAINLINE,NH-44 Jammu-Srinagar Highway,11,Original Winding Source Vertex
1067,75.298705,33.181035,527846.66,3671396.56,29.736,OSM_WAY_NH44_MAINLINE,NH44_MAINLINE,NH-44 Jammu-Srinagar Highway,12,Original Winding Source Vertex
1068,75.298679,33.180946,527844.27,3671386.69,29.746,OSM_WAY_NH44_MAINLINE,NH44_MAINLINE,NH-44 Jammu-Srinagar Highway,13,Original Winding Source Vertex
1069,75.298662,33.180856,527842.78,3671376.64,29.756,OSM_WAY_NH44_MAINLINE,NH44_MAINLINE,NH-44 Jammu-Srinagar Highway,14,Original Winding Source Vertex
1070,75.298656,33.180764,527842.22,3671366.5,29.766,OSM_WAY_NH44_MAINLINE,NH44_MAINLINE,NH-44 Jammu-Srinagar Highway,15,Original Winding Source Vertex
1071,75.300824,33.182251,528043.86,3671531.84,29.766,OSM_WAY_NH44_MAINLINE,NH44_MAINLINE,NH-44 Jammu-Srinagar Highway,0,Original Winding Source Vertex
1072,75.300961,33.182414,528056.56,3671550.04,29.789,OSM_WAY_NH44_MAINLINE,NH44_MAINLINE,NH-44 Jammu-Srinagar Highway,1,Original Winding Source Vertex
1073,75.301449,33.183613,528101.69,3671683.07,29.929,OSM_WAY_NH44_MAINLINE,NH44_MAINLINE,NH-44 Jammu-Srinagar Highway,2,Original Winding Source Vertex
1074,75.272457,33.213062,525390.45,3674940.54,29.929,OSM_WAY_NH44_MAINLINE,NH44_MAINLINE,NH-44 Jammu-Srinagar Highway,0,Original Winding Source Vertex
1075,75.272391,33.212996,525384.36,3674933.13,29.939,OSM_WAY_NH44_MAINLINE,NH44_MAINLINE,NH-44 Jammu-Srinagar Highway,1,Original Winding Source Vertex
1076,75.272363,33.212888,525381.82,3674921.22,29.951,OSM_WAY_NH44_MAINLINE,NH44_MAINLINE,NH-44 Jammu-Srinagar Highway,2,Original Winding Source Vertex
1077,75.272383,33.212769,525383.66,3674908.03,29.964,OSM_WAY_NH44_MAINLINE,NH44_MAINLINE,NH-44 Jammu-Srinagar Highway,3,Original Winding Source Vertex
1078,75.272468,33.212653,525391.62,3674895.17,29.979,OSM_WAY_NH44_MAINLINE,NH44_MAINLINE,NH-44 Jammu-Srinagar Highway,4,Original Winding Source Vertex
1079,75.273181,33.211976,525458.27,3674820.3,30.079,OSM_WAY_NH44_MAINLINE,NH44_MAINLINE,NH-44 Jammu-Srinagar Highway,5,Original Winding Source Vertex
1080,75.273634,33.211636,525500.59,3674782.71,30.136,OSM_WAY_NH44_MAINLINE,NH44_MAINLINE,NH-44 Jammu-Srinagar Highway,6,Original Winding Source Vertex
1081,75.273911,33.211285,525526.52,3674743.85,30.183,OSM_WAY_NH44_MAINLINE,NH44_MAINLINE,NH-44 Jammu-Srinagar Highway,7,Original Winding Source Vertex
1082,75.274049,33.211083,525539.42,3674721.51,30.209,OSM_WAY_NH44_MAINLINE,NH44_MAINLINE,NH-44 Jammu-Srinagar Highway,8,Original Winding Source Vertex
1083,75.274164,33.210987,525550.2,3674710.84,30.224,OSM_WAY_NH44_MAINLINE,NH44_MAINLINE,NH-44 Jammu-Srinagar Highway,9,Original Winding Source Vertex
1084,75.274323,33.210905,525565.0,3674701.85,30.241,OSM_WAY_NH44_MAINLINE,NH44_MAINLINE,NH-44 Jammu-Srinagar Highway,10,Original Winding Source Vertex
1085,75.274694,33.210726,525599.61,3674682.0,30.281,OSM_WAY_NH44_MAINLINE,NH44_MAINLINE,NH-44 Jammu-Srinagar Highway,11,Original Winding Source Vertex
1086,75.275522,33.210121,525676.99,3674615.14,30.383,OSM_WAY_NH44_MAINLINE,NH44_MAINLINE,NH-44 Jammu-Srinagar Highway,12,Original Winding Source Vertex
1087,75.27583,33.209854,525705.72,3674585.63,30.424,OSM_WAY_NH44_MAINLINE,NH44_MAINLINE,NH-44 Jammu-Srinagar Highway,13,Original Winding Source Vertex
1088,75.276107,33.209698,525731.6,3674568.44,30.456,OSM_WAY_NH44_MAINLINE,NH44_MAINLINE,NH-44 Jammu-Srinagar Highway,14,Original Winding Source Vertex
1089,75.276296,33.209622,525749.26,3674560.05,30.475,OSM_WAY_NH44_MAINLINE,NH44_MAINLINE,NH-44 Jammu-Srinagar Highway,15,Original Winding Source Vertex
1090,75.276533,33.209549,525771.32,3674551.99,30.499,OSM_WAY_NH44_MAINLINE,NH44_MAINLINE,NH-44 Jammu-Srinagar Highway,16,Original Winding Source Vertex
1091,75.276801,33.20943,525796.38,3674538.87,30.527,OSM_WAY_NH44_MAINLINE,NH44_MAINLINE,NH-44 Jammu-Srinagar Highway,17,Original Winding Source Vertex
1092,75.277084,33.209221,525822.77,3674515.84,30.562,OSM_WAY_NH44_MAINLINE,NH44_MAINLINE,NH-44 Jammu-Srinagar Highway,18,Original Winding Source Vertex
1093,75.277379,33.20895,525850.37,3674485.8,30.603,OSM_WAY_NH44_MAINLINE,NH44_MAINLINE,NH-44 Jammu-Srinagar Highway,19,Original Winding Source Vertex
1094,75.277778,33.208482,525887.71,3674434.01,30.666,OSM_WAY_NH44_MAINLINE,NH44_MAINLINE,NH-44 Jammu-Srinagar Highway,20,Original Winding Source Vertex
1095,75.278239,33.207944,525930.79,3674374.48,30.74,OSM_WAY_NH44_MAINLINE,NH44_MAINLINE,NH-44 Jammu-Srinagar Highway,21,Original Winding Source Vertex
1096,75.278555,33.207646,525960.34,3674341.5,30.784,OSM_WAY_NH44_MAINLINE,NH44_MAINLINE,NH-44 Jammu-Srinagar Highway,22,Original Winding Source Vertex
1097,75.279106,33.207346,526011.8,3674308.47,30.845,OSM_WAY_NH44_MAINLINE,NH44_MAINLINE,NH-44 Jammu-Srinagar Highway,23,Original Winding Source Vertex
1098,75.279322,33.207251,526031.96,3674297.92,30.868,OSM_WAY_NH44_MAINLINE,NH44_MAINLINE,NH-44 Jammu-Srinagar Highway,24,Original Winding Source Vertex
1099,75.279476,33.207195,526046.3,3674291.74,30.884,OSM_WAY_NH44_MAINLINE,NH44_MAINLINE,NH-44 Jammu-Srinagar Highway,25,Original Winding Source Vertex
1100,75.279649,33.207079,526062.45,3674278.95,30.904,OSM_WAY_NH44_MAINLINE,NH44_MAINLINE,NH-44 Jammu-Srinagar Highway,26,Original Winding Source Vertex
1101,75.279856,33.206878,526081.86,3674256.74,30.934,OSM_WAY_NH44_MAINLINE,NH44_MAINLINE,NH-44 Jammu-Srinagar Highway,27,Original Winding Source Vertex
1102,75.280012,33.206757,526096.41,3674243.34,30.954,OSM_WAY_NH44_MAINLINE,NH44_MAINLINE,NH-44 Jammu-Srinagar Highway,28,Original Winding Source Vertex
1103,75.28028,33.206628,526121.44,3674229.16,30.982,OSM_WAY_NH44_MAINLINE,NH44_MAINLINE,NH-44 Jammu-Srinagar Highway,29,Original Winding Source Vertex
1104,75.280566,33.206485,526148.16,3674213.35,31.013,OSM_WAY_NH44_MAINLINE,NH44_MAINLINE,NH-44 Jammu-Srinagar Highway,30,Original Winding Source Vertex
1105,75.280814,33.206388,526171.29,3674202.61,31.039,OSM_WAY_NH44_MAINLINE,NH44_MAINLINE,NH-44 Jammu-Srinagar Highway,31,Original Winding Source Vertex
1106,75.280959,33.206344,526184.81,3674197.83,31.053,OSM_WAY_NH44_MAINLINE,NH44_MAINLINE,NH-44 Jammu-Srinagar Highway,32,Original Winding Source Vertex
1107,75.281067,33.206333,526194.88,3674196.66,31.063,OSM_WAY_NH44_MAINLINE,NH44_MAINLINE,NH-44 Jammu-Srinagar Highway,33,Original Winding Source Vertex
1108,75.281212,33.20631,526208.4,3674194.08,31.077,OSM_WAY_NH44_MAINLINE,NH44_MAINLINE,NH-44 Jammu-Srinagar Highway,34,Original Winding Source Vertex
1109,75.28137,33.206274,526223.12,3674190.12,31.092,OSM_WAY_NH44_MAINLINE,NH44_MAINLINE,NH-44 Jammu-Srinagar Highway,35,Original Winding Source Vertex
1110,75.281575,33.20623,526242.28,3674185.28,31.112,OSM_WAY_NH44_MAINLINE,NH44_MAINLINE,NH-44 Jammu-Srinagar Highway,36,Original Winding Source Vertex
1111,75.281733,33.206142,526257.03,3674175.55,31.13,OSM_WAY_NH44_MAINLINE,NH44_MAINLINE,NH-44 Jammu-Srinagar Highway,37,Original Winding Source Vertex
1112,75.28189,33.206016,526271.69,3674161.67,31.15,OSM_WAY_NH44_MAINLINE,NH44_MAINLINE,NH-44 Jammu-Srinagar Highway,38,Original Winding Source Vertex
1113,75.282092,33.20585,526290.57,3674143.35,31.176,OSM_WAY_NH44_MAINLINE,NH44_MAINLINE,NH-44 Jammu-Srinagar Highway,39,Original Winding Source Vertex
1114,75.282259,33.205774,526306.11,3674134.97,31.194,OSM_WAY_NH44_MAINLINE,NH44_MAINLINE,NH-44 Jammu-Srinagar Highway,40,Original Winding Source Vertex
1115,75.28246,33.205704,526324.87,3674127.2,31.214,OSM_WAY_NH44_MAINLINE,NH44_MAINLINE,NH-44 Jammu-Srinagar Highway,41,Original Winding Source Vertex
1116,75.282886,33.205646,526364.62,3674120.9,31.255,OSM_WAY_NH44_MAINLINE,NH44_MAINLINE,NH-44 Jammu-Srinagar Highway,42,Original Winding Source Vertex
1117,75.283377,33.205569,526410.34,3674112.5,31.301,OSM_WAY_NH44_MAINLINE,NH44_MAINLINE,NH-44 Jammu-Srinagar Highway,43,Original Winding Source Vertex
1118,75.283946,33.20539,526463.42,3674092.79,31.358,OSM_WAY_NH44_MAINLINE,NH44_MAINLINE,NH-44 Jammu-Srinagar Highway,44,Original Winding Source Vertex
1119,75.28449,33.205216,526514.2,3674073.58,31.412,OSM_WAY_NH44_MAINLINE,NH44_MAINLINE,NH-44 Jammu-Srinagar Highway,45,Original Winding Source Vertex
1120,75.285206,33.204982,526581.06,3674047.85,31.484,OSM_WAY_NH44_MAINLINE,NH44_MAINLINE,NH-44 Jammu-Srinagar Highway,46,Original Winding Source Vertex
1121,75.28539,33.204958,526598.2,3674045.29,31.501,OSM_WAY_NH44_MAINLINE,NH44_MAINLINE,NH-44 Jammu-Srinagar Highway,47,Original Winding Source Vertex
1122,75.285565,33.204964,526614.52,3674045.93,31.517,OSM_WAY_NH44_MAINLINE,NH44_MAINLINE,NH-44 Jammu-Srinagar Highway,48,Original Winding Source Vertex
1123,75.285756,33.204975,526632.26,3674047.19,31.535,OSM_WAY_NH44_MAINLINE,NH44_MAINLINE,NH-44 Jammu-Srinagar Highway,49,Original Winding Source Vertex
1124,75.285923,33.20498,526647.81,3674047.87,31.551,OSM_WAY_NH44_MAINLINE,NH44_MAINLINE,NH-44 Jammu-Srinagar Highway,50,Original Winding Source Vertex
1125,75.286058,33.204957,526660.44,3674045.35,31.564,OSM_WAY_NH44_MAINLINE,NH44_MAINLINE,NH-44 Jammu-Srinagar Highway,51,Original Winding Source Vertex
1126,75.2863,33.204886,526682.97,3674037.49,31.587,OSM_WAY_NH44_MAINLINE,NH44_MAINLINE,NH-44 Jammu-Srinagar Highway,52,Original Winding Source Vertex
1127,75.287025,33.204634,526750.67,3674009.8,31.661,OSM_WAY_NH44_MAINLINE,NH44_MAINLINE,NH-44 Jammu-Srinagar Highway,53,Original Winding Source Vertex
1128,75.287661,33.204428,526810.04,3673987.06,31.724,OSM_WAY_NH44_MAINLINE,NH44_MAINLINE,NH-44 Jammu-Srinagar Highway,54,Original Winding Source Vertex
1129,75.288432,33.204121,526881.94,3673953.23,31.804,OSM_WAY_NH44_MAINLINE,NH44_MAINLINE,NH-44 Jammu-Srinagar Highway,55,Original Winding Source Vertex
1130,75.288921,33.203955,526927.6,3673934.93,31.853,OSM_WAY_NH44_MAINLINE,NH44_MAINLINE,NH-44 Jammu-Srinagar Highway,56,Original Winding Source Vertex
1131,75.289584,33.20379,526989.39,3673916.82,31.917,OSM_WAY_NH44_MAINLINE,NH44_MAINLINE,NH-44 Jammu-Srinagar Highway,57,Original Winding Source Vertex
1132,75.290088,33.203668,527036.41,3673903.41,31.966,OSM_WAY_NH44_MAINLINE,NH44_MAINLINE,NH-44 Jammu-Srinagar Highway,58,Original Winding Source Vertex
1133,75.290276,33.203591,527053.96,3673894.98,31.986,OSM_WAY_NH44_MAINLINE,NH44_MAINLINE,NH-44 Jammu-Srinagar Highway,59,Original Winding Source Vertex
1134,75.290486,33.203445,527073.59,3673878.82,32.011,OSM_WAY_NH44_MAINLINE,NH44_MAINLINE,NH-44 Jammu-Srinagar Highway,60,Original Winding Source Vertex
1135,75.290855,33.203031,527108.11,3673833.05,32.068,OSM_WAY_NH44_MAINLINE,NH44_MAINLINE,NH-44 Jammu-Srinagar Highway,61,Original Winding Source Vertex
1136,75.291168,33.202818,527137.32,3673809.51,32.106,OSM_WAY_NH44_MAINLINE,NH44_MAINLINE,NH-44 Jammu-Srinagar Highway,62,Original Winding Source Vertex
1137,75.291369,33.20271,527156.12,3673797.53,32.128,OSM_WAY_NH44_MAINLINE,NH44_MAINLINE,NH-44 Jammu-Srinagar Highway,63,Original Winding Source Vertex
1138,75.291725,33.202552,527189.37,3673780.13,32.166,OSM_WAY_NH44_MAINLINE,NH44_MAINLINE,NH-44 Jammu-Srinagar Highway,64,Original Winding Source Vertex
1139,75.292199,33.20237,527233.57,3673760.09,32.214,OSM_WAY_NH44_MAINLINE,NH44_MAINLINE,NH-44 Jammu-Srinagar Highway,65,Original Winding Source Vertex
1140,75.292456,33.202241,527257.61,3673745.86,32.242,OSM_WAY_NH44_MAINLINE,NH44_MAINLINE,NH-44 Jammu-Srinagar Highway,66,Original Winding Source Vertex
1141,75.292887,33.20193,527297.87,3673711.48,32.295,OSM_WAY_NH44_MAINLINE,NH44_MAINLINE,NH-44 Jammu-Srinagar Highway,67,Original Winding Source Vertex
1142,75.29331,33.201571,527337.33,3673671.79,32.351,OSM_WAY_NH44_MAINLINE,NH44_MAINLINE,NH-44 Jammu-Srinagar Highway,68,Original Winding Source Vertex
1143,75.293906,33.201088,527393.11,3673618.39,32.428,OSM_WAY_NH44_MAINLINE,NH44_MAINLINE,NH-44 Jammu-Srinagar Highway,69,Original Winding Source Vertex
1144,75.294159,33.200838,527416.77,3673590.77,32.465,OSM_WAY_NH44_MAINLINE,NH44_MAINLINE,NH-44 Jammu-Srinagar Highway,70,Original Winding Source Vertex
1145,75.294343,33.200605,527433.97,3673564.93,32.496,OSM_WAY_NH44_MAINLINE,NH44_MAINLINE,NH-44 Jammu-Srinagar Highway,71,Original Winding Source Vertex
1146,75.294505,33.200208,527449.21,3673521.04,32.542,OSM_WAY_NH44_MAINLINE,NH44_MAINLINE,NH-44 Jammu-Srinagar Highway,72,Original Winding Source Vertex
1147,75.294683,33.199812,527465.89,3673477.14,32.589,OSM_WAY_NH44_MAINLINE,NH44_MAINLINE,NH-44 Jammu-Srinagar Highway,73,Original Winding Source Vertex
1148,75.294793,33.199579,527476.22,3673451.3,32.617,OSM_WAY_NH44_MAINLINE,NH44_MAINLINE,NH-44 Jammu-Srinagar Highway,74,Original Winding Source Vertex
1149,75.295161,33.199287,527510.58,3673419.11,32.664,OSM_WAY_NH44_MAINLINE,NH44_MAINLINE,NH-44 Jammu-Srinagar Highway,75,Original Winding Source Vertex
1150,75.295479,33.199021,527540.29,3673389.7,32.706,OSM_WAY_NH44_MAINLINE,NH44_MAINLINE,NH-44 Jammu-Srinagar Highway,76,Original Winding Source Vertex
1151,75.295665,33.198829,527557.69,3673368.47,32.733,OSM_WAY_NH44_MAINLINE,NH44_MAINLINE,NH-44 Jammu-Srinagar Highway,77,Original Winding Source Vertex
1152,75.29587,33.198419,527576.96,3673323.0,32.783,OSM_WAY_NH44_MAINLINE,NH44_MAINLINE,NH-44 Jammu-Srinagar Highway,78,Original Winding Source Vertex
1153,75.295996,33.19816,527588.74,3673294.34,32.814,OSM_WAY_NH44_MAINLINE,NH44_MAINLINE,NH-44 Jammu-Srinagar Highway,79,Original Winding Source Vertex
1154,75.296153,33.197934,527603.52,3673269.3,32.843,OSM_WAY_NH44_MAINLINE,NH44_MAINLINE,NH-44 Jammu-Srinagar Highway,80,Original Winding Source Vertex
1155,75.296374,33.197724,527624.15,3673246.09,32.874,OSM_WAY_NH44_MAINLINE,NH44_MAINLINE,NH-44 Jammu-Srinagar Highway,81,Original Winding Source Vertex
1156,75.296791,33.197405,527663.15,3673210.89,32.926,OSM_WAY_NH44_MAINLINE,NH44_MAINLINE,NH-44 Jammu-Srinagar Highway,82,Original Winding Source Vertex
1157,75.297198,33.197221,527701.13,3673190.54,32.969,OSM_WAY_NH44_MAINLINE,NH44_MAINLINE,NH-44 Jammu-Srinagar Highway,83,Original Winding Source Vertex
1158,75.297471,33.196982,527726.67,3673164.14,33.006,OSM_WAY_NH44_MAINLINE,NH44_MAINLINE,NH-44 Jammu-Srinagar Highway,84,Original Winding Source Vertex
1159,75.297702,33.196704,527748.25,3673133.35,33.044,OSM_WAY_NH44_MAINLINE,NH44_MAINLINE,NH-44 Jammu-Srinagar Highway,85,Original Winding Source Vertex
1160,75.298238,33.195941,527798.5,3673048.89,33.142,OSM_WAY_NH44_MAINLINE,NH44_MAINLINE,NH-44 Jammu-Srinagar Highway,86,Original Winding Source Vertex
1161,75.299081,33.194531,527877.44,3672892.85,33.317,OSM_WAY_NH44_MAINLINE,NH44_MAINLINE,NH-44 Jammu-Srinagar Highway,87,Original Winding Source Vertex
1162,75.299322,33.193956,527900.13,3672829.21,33.384,OSM_WAY_NH44_MAINLINE,NH44_MAINLINE,NH-44 Jammu-Srinagar Highway,88,Original Winding Source Vertex
1163,75.299606,33.19335,527926.82,3672762.09,33.457,OSM_WAY_NH44_MAINLINE,NH44_MAINLINE,NH-44 Jammu-Srinagar Highway,89,Original Winding Source Vertex
1164,75.299719,33.192866,527937.48,3672708.38,33.511,OSM_WAY_NH44_MAINLINE,NH44_MAINLINE,NH-44 Jammu-Srinagar Highway,90,Original Winding Source Vertex
1165,75.299842,33.192533,527949.09,3672671.58,33.55,OSM_WAY_NH44_MAINLINE,NH44_MAINLINE,NH-44 Jammu-Srinagar Highway,91,Original Winding Source Vertex
1166,75.300014,33.192174,527965.19,3672631.82,33.593,OSM_WAY_NH44_MAINLINE,NH44_MAINLINE,NH-44 Jammu-Srinagar Highway,92,Original Winding Source Vertex
1167,75.300239,33.191838,527986.3,3672594.55,33.636,OSM_WAY_NH44_MAINLINE,NH44_MAINLINE,NH-44 Jammu-Srinagar Highway,93,Original Winding Source Vertex
1168,75.300383,33.191586,527999.81,3672566.67,33.667,OSM_WAY_NH44_MAINLINE,NH44_MAINLINE,NH-44 Jammu-Srinagar Highway,94,Original Winding Source Vertex
1169,75.300443,33.191389,528005.45,3672544.84,33.689,OSM_WAY_NH44_MAINLINE,NH44_MAINLINE,NH-44 Jammu-Srinagar Highway,95,Original Winding Source Vertex
1170,75.300506,33.190897,528011.46,3672490.3,33.744,OSM_WAY_NH44_MAINLINE,NH44_MAINLINE,NH-44 Jammu-Srinagar Highway,96,Original Winding Source Vertex
1171,75.300642,33.190037,528024.38,3672395.08,33.84,OSM_WAY_NH44_MAINLINE,NH44_MAINLINE,NH-44 Jammu-Srinagar Highway,97,Original Winding Source Vertex
1172,75.300733,33.189207,528033.14,3672303.03,33.933,OSM_WAY_NH44_MAINLINE,NH44_MAINLINE,NH-44 Jammu-Srinagar Highway,98,Original Winding Source Vertex
1173,75.300947,33.188345,528053.42,3672207.53,34.03,OSM_WAY_NH44_MAINLINE,NH44_MAINLINE,NH-44 Jammu-Srinagar Highway,99,Original Winding Source Vertex
1174,75.301033,33.187739,528061.62,3672140.36,34.098,OSM_WAY_NH44_MAINLINE,NH44_MAINLINE,NH-44 Jammu-Srinagar Highway,100,Original Winding Source Vertex
1175,75.301148,33.18718,528072.49,3672078.41,34.161,OSM_WAY_NH44_MAINLINE,NH44_MAINLINE,NH-44 Jammu-Srinagar Highway,101,Original Winding Source Vertex
1176,75.301357,33.186567,528092.18,3672010.56,34.231,OSM_WAY_NH44_MAINLINE,NH44_MAINLINE,NH-44 Jammu-Srinagar Highway,102,Original Winding Source Vertex
1177,75.301576,33.186123,528112.69,3671961.4,34.285,OSM_WAY_NH44_MAINLINE,NH44_MAINLINE,NH-44 Jammu-Srinagar Highway,103,Original Winding Source Vertex
1178,75.301819,33.18582,528135.45,3671927.84,34.325,OSM_WAY_NH44_MAINLINE,NH44_MAINLINE,NH-44 Jammu-Srinagar Highway,104,Original Winding Source Vertex
1179,75.301984,33.185522,528150.95,3671894.83,34.362,OSM_WAY_NH44_MAINLINE,NH44_MAINLINE,NH-44 Jammu-Srinagar Highway,105,Original Winding Source Vertex
1180,75.302044,33.185287,528156.67,3671868.84,34.388,OSM_WAY_NH44_MAINLINE,NH44_MAINLINE,NH-44 Jammu-Srinagar Highway,106,Original Winding Source Vertex
1181,75.302056,33.184918,528157.86,3671827.93,34.429,OSM_WAY_NH44_MAINLINE,NH44_MAINLINE,NH-44 Jammu-Srinagar Highway,107,Original Winding Source Vertex
1182,75.301991,33.184558,528151.89,3671787.98,34.47,OSM_WAY_NH44_MAINLINE,NH44_MAINLINE,NH-44 Jammu-Srinagar Highway,108,Original Winding Source Vertex
1183,75.301886,33.184345,528142.21,3671764.32,34.495,OSM_WAY_NH44_MAINLINE,NH44_MAINLINE,NH-44 Jammu-Srinagar Highway,109,Original Winding Source Vertex
1184,75.301823,33.184239,528136.37,3671752.62,34.508,OSM_WAY_NH44_MAINLINE,NH44_MAINLINE,NH-44 Jammu-Srinagar Highway,110,Original Winding Source Vertex
1185,75.301449,33.183613,528101.69,3671683.07,34.586,OSM_WAY_NH44_MAINLINE,NH44_MAINLINE,NH-44 Jammu-Srinagar Highway,111,Original Winding Source Vertex
1186,75.27239,33.213179,525384.22,3674953.42,34.586,OSM_WAY_NH44_MAINLINE,NH44_MAINLINE,NH-44 Jammu-Srinagar Highway,0,Original Winding Source Vertex
1187,75.273183,33.213799,525457.94,3675022.41,34.687,OSM_WAY_NH44_MAINLINE,NH44_MAINLINE,NH-44 Jammu-Srinagar Highway,1,Original Winding Source Vertex
1188,75.272448,33.21753,525388.32,3675435.8,34.687,OSM_WAY_NH44_MAINLINE,NH44_MAINLINE,NH-44 Jammu-Srinagar Highway,0,Original Winding Source Vertex
1189,75.272487,33.217372,525392.01,3675418.33,34.705,OSM_WAY_NH44_MAINLINE,NH44_MAINLINE,NH-44 Jammu-Srinagar Highway,1,Original Winding Source Vertex
1190,75.272564,33.21696,525399.37,3675372.7,34.751,OSM_WAY_NH44_MAINLINE,NH44_MAINLINE,NH-44 Jammu-Srinagar Highway,2,Original Winding Source Vertex
1191,75.27268,33.216351,525410.29,3675305.15,34.819,OSM_WAY_NH44_MAINLINE,NH44_MAINLINE,NH-44 Jammu-Srinagar Highway,3,Original Winding Source Vertex
1192,75.272751,33.215798,525417.07,3675243.83,34.881,OSM_WAY_NH44_MAINLINE,NH44_MAINLINE,NH-44 Jammu-Srinagar Highway,4,Original Winding Source Vertex
1193,75.272777,33.215193,525419.72,3675176.82,34.948,OSM_WAY_NH44_MAINLINE,NH44_MAINLINE,NH-44 Jammu-Srinagar Highway,5,Original Winding Source Vertex
1194,75.272805,33.215021,525422.37,3675157.7,34.968,OSM_WAY_NH44_MAINLINE,NH44_MAINLINE,NH-44 Jammu-Srinagar Highway,6,Original Winding Source Vertex
1195,75.272886,33.214822,525430.0,3675135.72,34.991,OSM_WAY_NH44_MAINLINE,NH44_MAINLINE,NH-44 Jammu-Srinagar Highway,7,Original Winding Source Vertex
1196,75.273363,33.214089,525474.66,3675054.57,35.083,OSM_WAY_NH44_MAINLINE,NH44_MAINLINE,NH-44 Jammu-Srinagar Highway,8,Original Winding Source Vertex
1197,75.273417,33.213962,525479.71,3675040.49,35.098,OSM_WAY_NH44_MAINLINE,NH44_MAINLINE,NH-44 Jammu-Srinagar Highway,9,Original Winding Source Vertex
1198,75.273435,33.213864,525481.4,3675029.61,35.109,OSM_WAY_NH44_MAINLINE,NH44_MAINLINE,NH-44 Jammu-Srinagar Highway,10,Original Winding Source Vertex
1199,75.273401,33.21377,525478.24,3675019.2,35.12,OSM_WAY_NH44_MAINLINE,NH44_MAINLINE,NH-44 Jammu-Srinagar Highway,11,Original Winding Source Vertex
1200,75.273332,33.213702,525471.81,3675011.67,35.13,OSM_WAY_NH44_MAINLINE,NH44_MAINLINE,NH-44 Jammu-Srinagar Highway,12,Original Winding Source Vertex
1201,75.272098,33.21757,525355.68,3675440.12,35.13,OSM_WAY_NH44_MAINLINE,NH44_MAINLINE,NH-44 Jammu-Srinagar Highway,0,Original Winding Source Vertex
1202,75.272125,33.217768,525358.18,3675462.16,35.152,OSM_WAY_NH44_MAINLINE,NH44_MAINLINE,NH-44 Jammu-Srinagar Highway,1,Original Winding Source Vertex
1203,75.272105,33.217896,525356.25,3675476.29,35.167,OSM_WAY_NH44_MAINLINE,NH44_MAINLINE,NH-44 Jammu-Srinagar Highway,2,Original Winding Source Vertex
1204,75.272105,33.217896,525356.25,3675476.29,35.167,OSM_WAY_NH44_MAINLINE,NH44_MAINLINE,NH-44 Jammu-Srinagar Highway,0,Original Winding Source Vertex
1205,75.27207,33.21796,525353.01,3675483.46,35.175,OSM_WAY_NH44_MAINLINE,NH44_MAINLINE,NH-44 Jammu-Srinagar Highway,1,Original Winding Source Vertex
1206,75.272003,33.21802,525346.71,3675490.03,35.184,OSM_WAY_NH44_MAINLINE,NH44_MAINLINE,NH-44 Jammu-Srinagar Highway,2,Original Winding Source Vertex
1207,75.27174,33.218166,525322.2,3675506.18,35.213,OSM_WAY_NH44_MAINLINE,NH44_MAINLINE,NH-44 Jammu-Srinagar Highway,3,Original Winding Source Vertex
1208,75.271572,33.218265,525306.53,3675517.12,35.232,OSM_WAY_NH44_MAINLINE,NH44_MAINLINE,NH-44 Jammu-Srinagar Highway,4,Original Winding Source Vertex
1209,75.271344,33.218398,525285.23,3675531.74,35.258,OSM_WAY_NH44_MAINLINE,NH44_MAINLINE,NH-44 Jammu-Srinagar Highway,5,Original Winding Source Vertex
1210,75.270824,33.21879,525236.69,3675575.11,35.323,OSM_WAY_NH44_MAINLINE,NH44_MAINLINE,NH-44 Jammu-Srinagar Highway,6,Original Winding Source Vertex
1211,75.270308,33.219119,525188.5,3675611.48,35.383,OSM_WAY_NH44_MAINLINE,NH44_MAINLINE,NH-44 Jammu-Srinagar Highway,7,Original Winding Source Vertex
1212,75.270123,33.219237,525171.26,3675624.46,35.405,OSM_WAY_NH44_MAINLINE,NH44_MAINLINE,NH-44 Jammu-Srinagar Highway,8,Original Winding Source Vertex
1213,75.270002,33.219367,525159.89,3675638.86,35.423,OSM_WAY_NH44_MAINLINE,NH44_MAINLINE,NH-44 Jammu-Srinagar Highway,9,Original Winding Source Vertex
1214,75.269916,33.219527,525151.81,3675656.56,35.443,OSM_WAY_NH44_MAINLINE,NH44_MAINLINE,NH-44 Jammu-Srinagar Highway,10,Original Winding Source Vertex
1215,75.269855,33.219778,525146.11,3675684.45,35.471,OSM_WAY_NH44_MAINLINE,NH44_MAINLINE,NH-44 Jammu-Srinagar Highway,11,Original Winding Source Vertex
1216,75.269781,33.220208,525139.09,3675732.09,35.519,OSM_WAY_NH44_MAINLINE,NH44_MAINLINE,NH-44 Jammu-Srinagar Highway,12,Original Winding Source Vertex
1217,75.269741,33.220391,525135.25,3675752.35,35.54,OSM_WAY_NH44_MAINLINE,NH44_MAINLINE,NH-44 Jammu-Srinagar Highway,13,Original Winding Source Vertex
1218,75.269658,33.220601,525127.46,3675775.6,35.565,OSM_WAY_NH44_MAINLINE,NH44_MAINLINE,NH-44 Jammu-Srinagar Highway,14,Original Winding Source Vertex
1219,75.269544,33.220846,525116.81,3675802.79,35.594,OSM_WAY_NH44_MAINLINE,NH44_MAINLINE,NH-44 Jammu-Srinagar Highway,15,Original Winding Source Vertex
1220,75.269398,33.221061,525103.11,3675826.53,35.621,OSM_WAY_NH44_MAINLINE,NH44_MAINLINE,NH-44 Jammu-Srinagar Highway,16,Original Winding Source Vertex
1221,75.269248,33.221238,525089.07,3675846.19,35.645,OSM_WAY_NH44_MAINLINE,NH44_MAINLINE,NH-44 Jammu-Srinagar Highway,17,Original Winding Source Vertex
1222,75.268999,33.221499,525065.79,3675874.99,35.682,OSM_WAY_NH44_MAINLINE,NH44_MAINLINE,NH-44 Jammu-Srinagar Highway,18,Original Winding Source Vertex
1223,75.268744,33.221765,525042.0,3675904.45,35.72,OSM_WAY_NH44_MAINLINE,NH44_MAINLINE,NH-44 Jammu-Srinagar Highway,19,Original Winding Source Vertex
1224,75.268497,33.222056,525018.92,3675936.65,35.76,OSM_WAY_NH44_MAINLINE,NH44_MAINLINE,NH-44 Jammu-Srinagar Highway,20,Original Winding Source Vertex
1225,75.268175,33.222454,524988.78,3675980.65,35.813,OSM_WAY_NH44_MAINLINE,NH44_MAINLINE,NH-44 Jammu-Srinagar Highway,21,Original Winding Source Vertex
1226,75.26792,33.222713,524964.93,3676009.37,35.85,OSM_WAY_NH44_MAINLINE,NH44_MAINLINE,NH-44 Jammu-Srinagar Highway,22,Original Winding Source Vertex
1227,75.267554,33.223081,524930.74,3676050.04,35.904,OSM_WAY_NH44_MAINLINE,NH44_MAINLINE,NH-44 Jammu-Srinagar Highway,23,Original Winding Source Vertex
1228,75.267352,33.223298,524911.8,3676074.04,35.934,OSM_WAY_NH44_MAINLINE,NH44_MAINLINE,NH-44 Jammu-Srinagar Highway,24,Original Winding Source Vertex
1229,75.26725,33.223429,524902.3,3676088.53,35.952,OSM_WAY_NH44_MAINLINE,NH44_MAINLINE,NH-44 Jammu-Srinagar Highway,25,Original Winding Source Vertex
1230,75.267118,33.223598,524889.92,3676107.31,35.974,OSM_WAY_NH44_MAINLINE,NH44_MAINLINE,NH-44 Jammu-Srinagar Highway,26,Original Winding Source Vertex
1231,75.266928,33.223886,524872.18,3676139.16,36.01,OSM_WAY_NH44_MAINLINE,NH44_MAINLINE,NH-44 Jammu-Srinagar Highway,27,Original Winding Source Vertex
1232,75.266711,33.224266,524851.81,3676181.28,36.057,OSM_WAY_NH44_MAINLINE,NH44_MAINLINE,NH-44 Jammu-Srinagar Highway,28,Original Winding Source Vertex
1233,75.266648,33.224355,524845.93,3676191.08,36.069,OSM_WAY_NH44_MAINLINE,NH44_MAINLINE,NH-44 Jammu-Srinagar Highway,29,Original Winding Source Vertex
1234,75.266586,33.224416,524840.13,3676197.87,36.078,OSM_WAY_NH44_MAINLINE,NH44_MAINLINE,NH-44 Jammu-Srinagar Highway,30,Original Winding Source Vertex
1235,75.266514,33.224465,524833.48,3676203.21,36.086,OSM_WAY_NH44_MAINLINE,NH44_MAINLINE,NH-44 Jammu-Srinagar Highway,31,Original Winding Source Vertex
1236,75.266224,33.22462,524806.4,3676220.32,36.086,OSM_WAY_NH44_MAINLINE,NH44_MAINLINE,NH-44 Jammu-Srinagar Highway,0,Original Winding Source Vertex
1237,75.266374,33.224629,524820.29,3676221.41,36.1,OSM_WAY_NH44_MAINLINE,NH44_MAINLINE,NH-44 Jammu-Srinagar Highway,1,Original Winding Source Vertex
1238,75.266516,33.224597,524833.57,3676217.93,36.114,OSM_WAY_NH44_MAINLINE,NH44_MAINLINE,NH-44 Jammu-Srinagar Highway,2,Original Winding Source Vertex
1239,75.26604,33.224483,524789.22,3676205.19,36.114,OSM_WAY_NH44_MAINLINE,NH44_MAINLINE,NH-44 Jammu-Srinagar Highway,0,Original Winding Source Vertex
1240,75.264861,33.224412,524679.42,3676196.96,36.224,OSM_WAY_NH44_MAINLINE,NH44_MAINLINE,NH-44 Jammu-Srinagar Highway,1,Original Winding Source Vertex
1241,75.264574,33.224418,524652.64,3676197.54,36.251,OSM_WAY_NH44_MAINLINE,NH44_MAINLINE,NH-44 Jammu-Srinagar Highway,2,Original Winding Source Vertex
1242,75.26435,33.22444,524631.76,3676199.97,36.272,OSM_WAY_NH44_MAINLINE,NH44_MAINLINE,NH-44 Jammu-Srinagar Highway,3,Original Winding Source Vertex
1243,75.263968,33.224507,524596.16,3676207.34,36.308,OSM_WAY_NH44_MAINLINE,NH44_MAINLINE,NH-44 Jammu-Srinagar Highway,4,Original Winding Source Vertex
1244,75.263342,33.224645,524537.78,3676222.42,36.368,OSM_WAY_NH44_MAINLINE,NH44_MAINLINE,NH-44 Jammu-Srinagar Highway,5,Original Winding Source Vertex
1245,75.263025,33.224689,524508.27,3676227.22,36.398,OSM_WAY_NH44_MAINLINE,NH44_MAINLINE,NH-44 Jammu-Srinagar Highway,6,Original Winding Source Vertex
1246,75.262721,33.224732,524479.94,3676232.0,36.427,OSM_WAY_NH44_MAINLINE,NH44_MAINLINE,NH-44 Jammu-Srinagar Highway,7,Original Winding Source Vertex
1247,75.262208,33.224778,524432.12,3676236.95,36.475,OSM_WAY_NH44_MAINLINE,NH44_MAINLINE,NH-44 Jammu-Srinagar Highway,8,Original Winding Source Vertex
1248,75.261776,33.224771,524391.84,3676236.06,36.515,OSM_WAY_NH44_MAINLINE,NH44_MAINLINE,NH-44 Jammu-Srinagar Highway,9,Original Winding Source Vertex
1249,75.261579,33.224771,524373.47,3676236.01,36.534,OSM_WAY_NH44_MAINLINE,NH44_MAINLINE,NH-44 Jammu-Srinagar Highway,10,Original Winding Source Vertex
1250,75.261367,33.224748,524353.75,3676233.44,36.554,OSM_WAY_NH44_MAINLINE,NH44_MAINLINE,NH-44 Jammu-Srinagar Highway,11,Original Winding Source Vertex
1251,75.26113,33.224713,524331.69,3676229.49,36.576,OSM_WAY_NH44_MAINLINE,NH44_MAINLINE,NH-44 Jammu-Srinagar Highway,12,Original Winding Source Vertex
1252,75.260931,33.224694,524313.14,3676227.3,36.595,OSM_WAY_NH44_MAINLINE,NH44_MAINLINE,NH-44 Jammu-Srinagar Highway,13,Original Winding Source Vertex
1253,75.260755,33.224694,524296.73,3676227.26,36.611,OSM_WAY_NH44_MAINLINE,NH44_MAINLINE,NH-44 Jammu-Srinagar Highway,14,Original Winding Source Vertex
1254,75.260449,33.224731,524268.21,3676231.28,36.64,OSM_WAY_NH44_MAINLINE,NH44_MAINLINE,NH-44 Jammu-Srinagar Highway,15,Original Winding Source Vertex
1255,75.259933,33.224811,524220.13,3676240.1,36.689,OSM_WAY_NH44_MAINLINE,NH44_MAINLINE,NH-44 Jammu-Srinagar Highway,16,Original Winding Source Vertex
1256,75.259654,33.224822,524194.15,3676241.21,36.715,OSM_WAY_NH44_MAINLINE,NH44_MAINLINE,NH-44 Jammu-Srinagar Highway,17,Original Winding Source Vertex
1257,75.259436,33.224838,524173.84,3676242.9,36.735,OSM_WAY_NH44_MAINLINE,NH44_MAINLINE,NH-44 Jammu-Srinagar Highway,18,Original Winding Source Vertex
1258,75.259076,33.224888,524140.22,3676248.46,36.769,OSM_WAY_NH44_MAINLINE,NH44_MAINLINE,NH-44 Jammu-Srinagar Highway,19,Original Winding Source Vertex
1259,75.258635,33.225009,524099.17,3676261.77,36.812,OSM_WAY_NH44_MAINLINE,NH44_MAINLINE,NH-44 Jammu-Srinagar Highway,20,Original Winding Source Vertex
1260,75.258204,33.225171,524058.89,3676279.56,36.856,OSM_WAY_NH44_MAINLINE,NH44_MAINLINE,NH-44 Jammu-Srinagar Highway,21,Original Winding Source Vertex
1261,75.25781,33.225364,524022.12,3676300.85,36.899,OSM_WAY_NH44_MAINLINE,NH44_MAINLINE,NH-44 Jammu-Srinagar Highway,22,Original Winding Source Vertex
1262,75.257441,33.225558,523987.69,3676322.34,36.94,OSM_WAY_NH44_MAINLINE,NH44_MAINLINE,NH-44 Jammu-Srinagar Highway,23,Original Winding Source Vertex
1263,75.257155,33.225742,523960.99,3676342.66,36.973,OSM_WAY_NH44_MAINLINE,NH44_MAINLINE,NH-44 Jammu-Srinagar Highway,24,Original Winding Source Vertex
1264,75.256644,33.226076,523913.33,3676379.51,37.033,OSM_WAY_NH44_MAINLINE,NH44_MAINLINE,NH-44 Jammu-Srinagar Highway,25,Original Winding Source Vertex
1265,75.256244,33.226405,523875.93,3676415.97,37.086,OSM_WAY_NH44_MAINLINE,NH44_MAINLINE,NH-44 Jammu-Srinagar Highway,26,Original Winding Source Vertex
1266,75.25604,33.226503,523856.96,3676426.81,37.107,OSM_WAY_NH44_MAINLINE,NH44_MAINLINE,NH-44 Jammu-Srinagar Highway,27,Original Winding Source Vertex
1267,75.25587,33.226605,523841.09,3676438.01,37.127,OSM_WAY_NH44_MAINLINE,NH44_MAINLINE,NH-44 Jammu-Srinagar Highway,28,Original Winding Source Vertex
1268,75.255726,33.226682,523827.66,3676446.57,37.143,OSM_WAY_NH44_MAINLINE,NH44_MAINLINE,NH-44 Jammu-Srinagar Highway,29,Original Winding Source Vertex
1269,75.255537,33.226828,523809.99,3676462.66,37.167,OSM_WAY_NH44_MAINLINE,NH44_MAINLINE,NH-44 Jammu-Srinagar Highway,30,Original Winding Source Vertex
1270,75.255319,33.226982,523789.66,3676479.65,37.193,OSM_WAY_NH44_MAINLINE,NH44_MAINLINE,NH-44 Jammu-Srinagar Highway,31,Original Winding Source Vertex
1271,75.254892,33.227244,523749.73,3676508.59,37.242,OSM_WAY_NH44_MAINLINE,NH44_MAINLINE,NH-44 Jammu-Srinagar Highway,32,Original Winding Source Vertex
1272,75.254329,33.227633,523697.23,3676551.66,37.31,OSM_WAY_NH44_MAINLINE,NH44_MAINLINE,NH-44 Jammu-Srinagar Highway,33,Original Winding Source Vertex
1273,75.253908,33.227934,523657.93,3676584.96,37.362,OSM_WAY_NH44_MAINLINE,NH44_MAINLINE,NH-44 Jammu-Srinagar Highway,34,Original Winding Source Vertex
1274,75.253579,33.22821,523627.19,3676615.41,37.405,OSM_WAY_NH44_MAINLINE,NH44_MAINLINE,NH-44 Jammu-Srinagar Highway,35,Original Winding Source Vertex
1275,75.25328,33.228487,523599.19,3676646.05,37.447,OSM_WAY_NH44_MAINLINE,NH44_MAINLINE,NH-44 Jammu-Srinagar Highway,36,Original Winding Source Vertex
1276,75.252802,33.228969,523554.53,3676699.4,37.516,OSM_WAY_NH44_MAINLINE,NH44_MAINLINE,NH-44 Jammu-Srinagar Highway,37,Original Winding Source Vertex
1277,75.252494,33.229225,523525.8,3676727.7,37.557,OSM_WAY_NH44_MAINLINE,NH44_MAINLINE,NH-44 Jammu-Srinagar Highway,38,Original Winding Source Vertex
1278,75.252313,33.229407,523508.86,3676747.86,37.583,OSM_WAY_NH44_MAINLINE,NH44_MAINLINE,NH-44 Jammu-Srinagar Highway,39,Original Winding Source Vertex
1279,75.252193,33.229608,523497.66,3676770.11,37.608,OSM_WAY_NH44_MAINLINE,NH44_MAINLINE,NH-44 Jammu-Srinagar Highway,40,Original Winding Source Vertex
1280,75.25184,33.230119,523464.57,3676826.71,37.673,OSM_WAY_NH44_MAINLINE,NH44_MAINLINE,NH-44 Jammu-Srinagar Highway,41,Original Winding Source Vertex
1281,75.25171,33.230359,523452.4,3676853.31,37.703,OSM_WAY_NH44_MAINLINE,NH44_MAINLINE,NH-44 Jammu-Srinagar Highway,42,Original Winding Source Vertex
1282,75.251559,33.230522,523438.3,3676871.36,37.726,OSM_WAY_NH44_MAINLINE,NH44_MAINLINE,NH-44 Jammu-Srinagar Highway,43,Original Winding Source Vertex
1283,75.251244,33.230793,523408.86,3676901.27,37.767,OSM_WAY_NH44_MAINLINE,NH44_MAINLINE,NH-44 Jammu-Srinagar Highway,44,Original Winding Source Vertex
1284,75.250925,33.23104,523379.14,3676928.65,37.808,OSM_WAY_NH44_MAINLINE,NH44_MAINLINE,NH-44 Jammu-Srinagar Highway,45,Original Winding Source Vertex
1285,75.250672,33.231261,523355.47,3676953.0,37.842,OSM_WAY_NH44_MAINLINE,NH44_MAINLINE,NH-44 Jammu-Srinagar Highway,46,Original Winding Source Vertex
1286,75.250348,33.231502,523325.2,3676979.7,37.882,OSM_WAY_NH44_MAINLINE,NH44_MAINLINE,NH-44 Jammu-Srinagar Highway,47,Original Winding Source Vertex
1287,75.24988,33.231822,523281.51,3677015.03,37.938,OSM_WAY_NH44_MAINLINE,NH44_MAINLINE,NH-44 Jammu-Srinagar Highway,48,Original Winding Source Vertex
1288,75.24968,33.231934,523262.92,3677027.43,37.961,OSM_WAY_NH44_MAINLINE,NH44_MAINLINE,NH-44 Jammu-Srinagar Highway,49,Original Winding Source Vertex
1289,75.249475,33.232092,523243.74,3677044.88,37.987,OSM_WAY_NH44_MAINLINE,NH44_MAINLINE,NH-44 Jammu-Srinagar Highway,50,Original Winding Source Vertex
1290,75.249303,33.23223,523227.68,3677060.19,38.009,OSM_WAY_NH44_MAINLINE,NH44_MAINLINE,NH-44 Jammu-Srinagar Highway,51,Original Winding Source Vertex
1291,75.249029,33.232486,523202.04,3677088.52,38.047,OSM_WAY_NH44_MAINLINE,NH44_MAINLINE,NH-44 Jammu-Srinagar Highway,52,Original Winding Source Vertex
1292,75.248918,33.232571,523191.67,3677097.89,38.061,OSM_WAY_NH44_MAINLINE,NH44_MAINLINE,NH-44 Jammu-Srinagar Highway,53,Original Winding Source Vertex
1293,75.248765,33.232778,523177.4,3677120.81,38.061,OSM_WAY_NH44_MAINLINE,NH44_MAINLINE,NH-44 Jammu-Srinagar Highway,0,Original Winding Source Vertex
1294,75.248384,33.233153,523141.82,3677162.27,38.116,OSM_WAY_NH44_MAINLINE,NH44_MAINLINE,NH-44 Jammu-Srinagar Highway,1,Original Winding Source Vertex
1295,75.247247,33.234315,523035.56,3677290.86,38.282,OSM_WAY_NH44_MAINLINE,NH44_MAINLINE,NH-44 Jammu-Srinagar Highway,2,Original Winding Source Vertex
1296,75.246716,33.234755,522985.96,3677339.5,38.352,OSM_WAY_NH44_MAINLINE,NH44_MAINLINE,NH-44 Jammu-Srinagar Highway,3,Original Winding Source Vertex
1297,75.246147,33.235105,522932.9,3677378.18,38.418,OSM_WAY_NH44_MAINLINE,NH44_MAINLINE,NH-44 Jammu-Srinagar Highway,4,Original Winding Source Vertex
1298,75.245294,33.235531,522853.31,3677425.24,38.51,OSM_WAY_NH44_MAINLINE,NH44_MAINLINE,NH-44 Jammu-Srinagar Highway,5,Original Winding Source Vertex
1299,75.244822,33.235733,522809.29,3677447.52,38.559,OSM_WAY_NH44_MAINLINE,NH44_MAINLINE,NH-44 Jammu-Srinagar Highway,6,Original Winding Source Vertex
1300,75.244211,33.235935,522752.25,3677469.77,38.621,OSM_WAY_NH44_MAINLINE,NH44_MAINLINE,NH-44 Jammu-Srinagar Highway,7,Original Winding Source Vertex
1301,75.242544,33.236061,522596.96,3677483.45,38.777,OSM_WAY_NH44_MAINLINE,NH44_MAINLINE,NH-44 Jammu-Srinagar Highway,8,Original Winding Source Vertex
1302,75.240477,33.236763,522404.24,3677560.74,38.777,OSM_WAY_NH44_MAINLINE,NH44_MAINLINE,NH-44 Jammu-Srinagar Highway,0,Original Winding Source Vertex
1303,75.240714,33.236493,522426.33,3677530.89,38.814,OSM_WAY_NH44_MAINLINE,NH44_MAINLINE,NH-44 Jammu-Srinagar Highway,1,Original Winding Source Vertex
1304,75.240836,33.236399,522437.76,3677520.47,38.829,OSM_WAY_NH44_MAINLINE,NH44_MAINLINE,NH-44 Jammu-Srinagar Highway,2,Original Winding Source Vertex
1305,75.240972,33.236352,522450.43,3677515.29,38.843,OSM_WAY_NH44_MAINLINE,NH44_MAINLINE,NH-44 Jammu-Srinagar Highway,3,Original Winding Source Vertex
1306,75.241736,33.23617,522521.64,3677495.3,38.917,OSM_WAY_NH44_MAINLINE,NH44_MAINLINE,NH-44 Jammu-Srinagar Highway,4,Original Winding Source Vertex
1307,75.242136,33.236116,522558.95,3677489.39,38.955,OSM_WAY_NH44_MAINLINE,NH44_MAINLINE,NH-44 Jammu-Srinagar Highway,5,Original Winding Source Vertex
1308,75.242544,33.236061,522596.96,3677483.45,38.993,OSM_WAY_NH44_MAINLINE,NH44_MAINLINE,NH-44 Jammu-Srinagar Highway,6,Original Winding Source Vertex
1309,75.231584,33.242318,521574.29,3678174.75,38.993,OSM_WAY_NH44_MAINLINE,NH44_MAINLINE,NH-44 Jammu-Srinagar Highway,0,Original Winding Source Vertex
1310,75.231905,33.242242,521604.19,3678166.39,39.024,OSM_WAY_NH44_MAINLINE,NH44_MAINLINE,NH-44 Jammu-Srinagar Highway,1,Original Winding Source Vertex
1311,75.232196,33.242115,521631.35,3678152.35,39.055,OSM_WAY_NH44_MAINLINE,NH44_MAINLINE,NH-44 Jammu-Srinagar Highway,2,Original Winding Source Vertex
1312,75.232549,33.24192,521664.34,3678130.9,39.094,OSM_WAY_NH44_MAINLINE,NH44_MAINLINE,NH-44 Jammu-Srinagar Highway,3,Original Winding Source Vertex
1313,75.233012,33.241619,521707.53,3678097.59,39.149,OSM_WAY_NH44_MAINLINE,NH44_MAINLINE,NH-44 Jammu-Srinagar Highway,4,Original Winding Source Vertex
1314,75.233411,33.241433,521744.69,3678077.03,39.191,OSM_WAY_NH44_MAINLINE,NH44_MAINLINE,NH-44 Jammu-Srinagar Highway,5,Original Winding Source Vertex
1315,75.235745,33.24085,521962.34,3678012.87,39.418,OSM_WAY_NH44_MAINLINE,NH44_MAINLINE,NH-44 Jammu-Srinagar Highway,6,Original Winding Source Vertex
1316,75.236088,33.240738,521994.28,3678000.59,39.452,OSM_WAY_NH44_MAINLINE,NH44_MAINLINE,NH-44 Jammu-Srinagar Highway,7,Original Winding Source Vertex
1317,75.236767,33.240544,522057.61,3677979.18,39.519,OSM_WAY_NH44_MAINLINE,NH44_MAINLINE,NH-44 Jammu-Srinagar Highway,8,Original Winding Source Vertex
1318,75.237381,33.240324,522114.85,3677954.94,39.581,OSM_WAY_NH44_MAINLINE,NH44_MAINLINE,NH-44 Jammu-Srinagar Highway,9,Original Winding Source Vertex
1319,75.237785,33.240087,522152.56,3677928.77,39.627,OSM_WAY_NH44_MAINLINE,NH44_MAINLINE,NH-44 Jammu-Srinagar Highway,10,Original Winding Source Vertex
1320,75.238176,33.239764,522189.03,3677892.94,39.678,OSM_WAY_NH44_MAINLINE,NH44_MAINLINE,NH-44 Jammu-Srinagar Highway,11,Original Winding Source Vertex
1321,75.238404,33.239579,522210.36,3677872.56,39.708,OSM_WAY_NH44_MAINLINE,NH44_MAINLINE,NH-44 Jammu-Srinagar Highway,12,Original Winding Source Vertex
1322,75.238953,33.238942,522261.63,3677801.97,39.795,OSM_WAY_NH44_MAINLINE,NH44_MAINLINE,NH-44 Jammu-Srinagar Highway,13,Original Winding Source Vertex
1323,75.239182,33.238676,522283.11,3677772.54,39.831,OSM_WAY_NH44_MAINLINE,NH44_MAINLINE,NH-44 Jammu-Srinagar Highway,14,Original Winding Source Vertex
1324,75.239423,33.238312,522305.58,3677732.31,39.877,OSM_WAY_NH44_MAINLINE,NH44_MAINLINE,NH-44 Jammu-Srinagar Highway,15,Original Winding Source Vertex
1325,75.240101,33.237199,522369.09,3677609.04,40.016,OSM_WAY_NH44_MAINLINE,NH44_MAINLINE,NH-44 Jammu-Srinagar Highway,16,Original Winding Source Vertex
1326,75.240477,33.236763,522404.24,3677560.74,40.076,OSM_WAY_NH44_MAINLINE,NH44_MAINLINE,NH-44 Jammu-Srinagar Highway,17,Original Winding Source Vertex
1327,75.230941,33.242329,521514.4,3678175.9,40.076,OSM_WAY_NH44_MAINLINE,NH44_MAINLINE,NH-44 Jammu-Srinagar Highway,0,Original Winding Source Vertex
1328,75.231265,33.242351,521544.58,3678178.38,40.106,OSM_WAY_NH44_MAINLINE,NH44_MAINLINE,NH-44 Jammu-Srinagar Highway,1,Original Winding Source Vertex
1329,75.231584,33.242318,521574.29,3678174.75,40.136,OSM_WAY_NH44_MAINLINE,NH44_MAINLINE,NH-44 Jammu-Srinagar Highway,2,Original Winding Source Vertex
1330,75.220079,33.245111,520501.83,3678482.08,40.136,OSM_WAY_NH44_MAINLINE,NH44_MAINLINE,NH-44 Jammu-Srinagar Highway,0,Original Winding Source Vertex
1331,75.220232,33.244991,520516.1,3678468.8,40.156,OSM_WAY_NH44_MAINLINE,NH44_MAINLINE,NH-44 Jammu-Srinagar Highway,1,Original Winding Source Vertex
1332,75.220321,33.244944,520524.43,3678463.67,40.165,OSM_WAY_NH44_MAINLINE,NH44_MAINLINE,NH-44 Jammu-Srinagar Highway,2,Original Winding Source Vertex
1333,75.220415,33.244913,520533.15,3678460.19,40.175,OSM_WAY_NH44_MAINLINE,NH44_MAINLINE,NH-44 Jammu-Srinagar Highway,3,Original Winding Source Vertex
1334,75.220508,33.244897,520541.89,3678458.45,40.184,OSM_WAY_NH44_MAINLINE,NH44_MAINLINE,NH-44 Jammu-Srinagar Highway,4,Original Winding Source Vertex
1335,75.220833,33.24488,520572.18,3678456.63,40.214,OSM_WAY_NH44_MAINLINE,NH44_MAINLINE,NH-44 Jammu-Srinagar Highway,5,Original Winding Source Vertex
1336,75.221307,33.244921,520616.27,3678461.29,40.258,OSM_WAY_NH44_MAINLINE,NH44_MAINLINE,NH-44 Jammu-Srinagar Highway,6,Original Winding Source Vertex
1337,75.222668,33.245049,520743.07,3678475.75,40.386,OSM_WAY_NH44_MAINLINE,NH44_MAINLINE,NH-44 Jammu-Srinagar Highway,7,Original Winding Source Vertex
1338,75.222895,33.245054,520764.2,3678476.33,40.407,OSM_WAY_NH44_MAINLINE,NH44_MAINLINE,NH-44 Jammu-Srinagar Highway,8,Original Winding Source Vertex
1339,75.223212,33.245032,520793.69,3678473.91,40.437,OSM_WAY_NH44_MAINLINE,NH44_MAINLINE,NH-44 Jammu-Srinagar Highway,9,Original Winding Source Vertex
1340,75.223587,33.244937,520828.69,3678463.54,40.473,OSM_WAY_NH44_MAINLINE,NH44_MAINLINE,NH-44 Jammu-Srinagar Highway,10,Original Winding Source Vertex
1341,75.224252,33.244668,520890.73,3678433.83,40.542,OSM_WAY_NH44_MAINLINE,NH44_MAINLINE,NH-44 Jammu-Srinagar Highway,11,Original Winding Source Vertex
1342,75.226302,33.243744,521081.85,3678331.78,40.759,OSM_WAY_NH44_MAINLINE,NH44_MAINLINE,NH-44 Jammu-Srinagar Highway,12,Original Winding Source Vertex
1343,75.226656,33.243511,521114.89,3678305.99,40.801,OSM_WAY_NH44_MAINLINE,NH44_MAINLINE,NH-44 Jammu-Srinagar Highway,13,Original Winding Source Vertex
1344,75.226951,33.24321,521142.44,3678272.72,40.844,OSM_WAY_NH44_MAINLINE,NH44_MAINLINE,NH-44 Jammu-Srinagar Highway,14,Original Winding Source Vertex
1345,75.227181,33.242905,521164.01,3678238.94,40.884,OSM_WAY_NH44_MAINLINE,NH44_MAINLINE,NH-44 Jammu-Srinagar Highway,15,Original Winding Source Vertex
1346,75.22738,33.242537,521182.59,3678198.19,40.929,OSM_WAY_NH44_MAINLINE,NH44_MAINLINE,NH-44 Jammu-Srinagar Highway,16,Original Winding Source Vertex
1347,75.227857,33.241716,521227.26,3678107.26,41.03,OSM_WAY_NH44_MAINLINE,NH44_MAINLINE,NH-44 Jammu-Srinagar Highway,17,Original Winding Source Vertex
1348,75.228066,33.241554,521246.79,3678089.4,41.056,OSM_WAY_NH44_MAINLINE,NH44_MAINLINE,NH-44 Jammu-Srinagar Highway,18,Original Winding Source Vertex
1349,75.228244,33.241519,521263.3,3678085.45,41.073,OSM_WAY_NH44_MAINLINE,NH44_MAINLINE,NH-44 Jammu-Srinagar Highway,19,Original Winding Source Vertex
1350,75.228501,33.241577,521287.27,3678091.98,41.098,OSM_WAY_NH44_MAINLINE,NH44_MAINLINE,NH-44 Jammu-Srinagar Highway,20,Original Winding Source Vertex
1351,75.230003,33.24203,521427.09,3678142.52,41.247,OSM_WAY_NH44_MAINLINE,NH44_MAINLINE,NH-44 Jammu-Srinagar Highway,21,Original Winding Source Vertex
1352,75.230941,33.242329,521514.4,3678175.9,41.34,OSM_WAY_NH44_MAINLINE,NH44_MAINLINE,NH-44 Jammu-Srinagar Highway,22,Original Winding Source Vertex
1353,75.219984,33.245046,520492.99,3678474.81,41.34,OSM_WAY_NH44_MAINLINE,NH44_MAINLINE,NH-44 Jammu-Srinagar Highway,0,Original Winding Source Vertex
1354,75.21989,33.245126,520484.27,3678483.76,41.353,OSM_WAY_NH44_MAINLINE,NH44_MAINLINE,NH-44 Jammu-Srinagar Highway,1,Original Winding Source Vertex
1355,75.21979,33.245202,520474.93,3678492.08,41.365,OSM_WAY_NH44_MAINLINE,NH44_MAINLINE,NH-44 Jammu-Srinagar Highway,2,Original Winding Source Vertex
1356,75.219684,33.245271,520465.04,3678499.73,41.378,OSM_WAY_NH44_MAINLINE,NH44_MAINLINE,NH-44 Jammu-Srinagar Highway,3,Original Winding Source Vertex
1357,75.219573,33.245334,520454.64,3678506.68,41.39,OSM_WAY_NH44_MAINLINE,NH44_MAINLINE,NH-44 Jammu-Srinagar Highway,4,Original Winding Source Vertex
1358,75.219456,33.24539,520443.78,3678512.89,41.403,OSM_WAY_NH44_MAINLINE,NH44_MAINLINE,NH-44 Jammu-Srinagar Highway,5,Original Winding Source Vertex
1359,75.219335,33.245439,520432.5,3678518.32,41.415,OSM_WAY_NH44_MAINLINE,NH44_MAINLINE,NH-44 Jammu-Srinagar Highway,6,Original Winding Source Vertex
1360,75.219211,33.245481,520420.87,3678522.97,41.428,OSM_WAY_NH44_MAINLINE,NH44_MAINLINE,NH-44 Jammu-Srinagar Highway,7,Original Winding Source Vertex
1361,75.219083,33.245516,520408.94,3678526.79,41.44,OSM_WAY_NH44_MAINLINE,NH44_MAINLINE,NH-44 Jammu-Srinagar Highway,8,Original Winding Source Vertex
1362,75.210578,33.250674,519615.55,3679096.98,41.44,OSM_WAY_NH44_MAINLINE,NH44_MAINLINE,NH-44 Jammu-Srinagar Highway,0,Original Winding Source Vertex
1363,75.211303,33.250141,519683.14,3679038.11,41.53,OSM_WAY_NH44_MAINLINE,NH44_MAINLINE,NH-44 Jammu-Srinagar Highway,1,Original Winding Source Vertex
1364,75.212402,33.249011,519785.83,3678912.99,41.692,OSM_WAY_NH44_MAINLINE,NH44_MAINLINE,NH-44 Jammu-Srinagar Highway,2,Original Winding Source Vertex
1365,75.21281,33.248666,519823.89,3678874.76,41.746,OSM_WAY_NH44_MAINLINE,NH44_MAINLINE,NH-44 Jammu-Srinagar Highway,3,Original Winding Source Vertex
1366,75.213572,33.248159,519894.97,3678818.71,41.836,OSM_WAY_NH44_MAINLINE,NH44_MAINLINE,NH-44 Jammu-Srinagar Highway,4,Original Winding Source Vertex
1367,75.214612,33.247612,519991.96,3678758.26,41.951,OSM_WAY_NH44_MAINLINE,NH44_MAINLINE,NH-44 Jammu-Srinagar Highway,5,Original Winding Source Vertex
1368,75.215576,33.247093,520081.93,3678700.9,42.057,OSM_WAY_NH44_MAINLINE,NH44_MAINLINE,NH-44 Jammu-Srinagar Highway,6,Original Winding Source Vertex
1369,75.2157,33.247033,520093.46,3678694.33,42.071,OSM_WAY_NH44_MAINLINE,NH44_MAINLINE,NH-44 Jammu-Srinagar Highway,7,Original Winding Source Vertex
1370,75.216258,33.246925,520145.49,3678682.43,42.124,OSM_WAY_NH44_MAINLINE,NH44_MAINLINE,NH-44 Jammu-Srinagar Highway,8,Original Winding Source Vertex
1371,75.216615,33.246842,520178.71,3678673.34,42.158,OSM_WAY_NH44_MAINLINE,NH44_MAINLINE,NH-44 Jammu-Srinagar Highway,9,Original Winding Source Vertex
1372,75.216926,33.2467,520207.76,3678657.69,42.191,OSM_WAY_NH44_MAINLINE,NH44_MAINLINE,NH-44 Jammu-Srinagar Highway,10,Original Winding Source Vertex
1373,75.217248,33.246511,520237.84,3678636.72,42.228,OSM_WAY_NH44_MAINLINE,NH44_MAINLINE,NH-44 Jammu-Srinagar Highway,11,Original Winding Source Vertex
1374,75.2183,33.245872,520335.99,3678566.14,42.349,OSM_WAY_NH44_MAINLINE,NH44_MAINLINE,NH-44 Jammu-Srinagar Highway,12,Original Winding Source Vertex
1375,75.218609,33.245733,520364.79,3678550.81,42.382,OSM_WAY_NH44_MAINLINE,NH44_MAINLINE,NH-44 Jammu-Srinagar Highway,13,Original Winding Source Vertex
1376,75.218876,33.245656,520389.64,3678542.32,42.408,OSM_WAY_NH44_MAINLINE,NH44_MAINLINE,NH-44 Jammu-Srinagar Highway,14,Original Winding Source Vertex
1377,75.219103,33.245598,520410.84,3678535.84,42.43,OSM_WAY_NH44_MAINLINE,NH44_MAINLINE,NH-44 Jammu-Srinagar Highway,15,Original Winding Source Vertex
1378,75.206402,33.254179,519225.73,3679484.85,42.43,OSM_WAY_NH44_MAINLINE,NH44_MAINLINE,NH-44 Jammu-Srinagar Highway,0,Original Winding Source Vertex
1379,75.20643,33.254092,519228.37,3679475.21,42.44,OSM_WAY_NH44_MAINLINE,NH44_MAINLINE,NH-44 Jammu-Srinagar Highway,1,Original Winding Source Vertex
1380,75.206461,33.254017,519231.27,3679466.9,42.449,OSM_WAY_NH44_MAINLINE,NH44_MAINLINE,NH-44 Jammu-Srinagar Highway,2,Original Winding Source Vertex
1381,75.206495,33.253947,519234.48,3679459.07,42.457,OSM_WAY_NH44_MAINLINE,NH44_MAINLINE,NH-44 Jammu-Srinagar Highway,3,Original Winding Source Vertex
1382,75.206566,33.253839,519241.13,3679447.16,42.471,OSM_WAY_NH44_MAINLINE,NH44_MAINLINE,NH-44 Jammu-Srinagar Highway,4,Original Winding Source Vertex
1383,75.206799,33.253573,519262.88,3679417.69,42.508,OSM_WAY_NH44_MAINLINE,NH44_MAINLINE,NH-44 Jammu-Srinagar Highway,5,Original Winding Source Vertex
1384,75.20701,33.253378,519282.61,3679396.08,42.537,OSM_WAY_NH44_MAINLINE,NH44_MAINLINE,NH-44 Jammu-Srinagar Highway,6,Original Winding Source Vertex
1385,75.207509,33.253026,519329.16,3679357.25,42.597,OSM_WAY_NH44_MAINLINE,NH44_MAINLINE,NH-44 Jammu-Srinagar Highway,7,Original Winding Source Vertex
1386,75.207729,33.252899,519349.63,3679343.12,42.622,OSM_WAY_NH44_MAINLINE,NH44_MAINLINE,NH-44 Jammu-Srinagar Highway,8,Original Winding Source Vertex
1387,75.208288,33.252635,519401.78,3679313.95,42.682,OSM_WAY_NH44_MAINLINE,NH44_MAINLINE,NH-44 Jammu-Srinagar Highway,9,Original Winding Source Vertex
1388,75.208464,33.252497,519418.16,3679298.77,42.704,OSM_WAY_NH44_MAINLINE,NH44_MAINLINE,NH-44 Jammu-Srinagar Highway,10,Original Winding Source Vertex
1389,75.208757,33.252237,519445.53,3679270.0,42.744,OSM_WAY_NH44_MAINLINE,NH44_MAINLINE,NH-44 Jammu-Srinagar Highway,11,Original Winding Source Vertex
1390,75.208899,33.252083,519458.78,3679252.95,42.766,OSM_WAY_NH44_MAINLINE,NH44_MAINLINE,NH-44 Jammu-Srinagar Highway,12,Original Winding Source Vertex
1391,75.209131,33.251657,519480.47,3679205.73,42.818,OSM_WAY_NH44_MAINLINE,NH44_MAINLINE,NH-44 Jammu-Srinagar Highway,13,Original Winding Source Vertex
1392,75.209236,33.25153,519490.31,3679191.62,42.835,OSM_WAY_NH44_MAINLINE,NH44_MAINLINE,NH-44 Jammu-Srinagar Highway,14,Original Winding Source Vertex
1393,75.209404,33.251392,519506.0,3679176.44,42.857,OSM_WAY_NH44_MAINLINE,NH44_MAINLINE,NH-44 Jammu-Srinagar Highway,15,Original Winding Source Vertex
1394,75.210578,33.250674,519615.55,3679096.98,42.992,OSM_WAY_NH44_MAINLINE,NH44_MAINLINE,NH-44 Jammu-Srinagar Highway,16,Original Winding Source Vertex
1395,75.205163,33.256835,519109.81,3679779.04,42.992,OSM_WAY_NH44_MAINLINE,NH44_MAINLINE,NH-44 Jammu-Srinagar Highway,0,Original Winding Source Vertex
1396,75.205433,33.25676,519134.9,3679770.77,43.018,OSM_WAY_NH44_MAINLINE,NH44_MAINLINE,NH-44 Jammu-Srinagar Highway,1,Original Winding Source Vertex
1397,75.205468,33.256748,519138.23,3679769.48,43.022,OSM_WAY_NH44_MAINLINE,NH44_MAINLINE,NH-44 Jammu-Srinagar Highway,2,Original Winding Source Vertex
1398,75.2055,33.256736,519141.2,3679768.18,43.025,OSM_WAY_NH44_MAINLINE,NH44_MAINLINE,NH-44 Jammu-Srinagar Highway,3,Original Winding Source Vertex
1399,75.205541,33.256719,519145.01,3679766.21,43.03,OSM_WAY_NH44_MAINLINE,NH44_MAINLINE,NH-44 Jammu-Srinagar Highway,4,Original Winding Source Vertex
1400,75.205571,33.256704,519147.82,3679764.59,43.033,OSM_WAY_NH44_MAINLINE,NH44_MAINLINE,NH-44 Jammu-Srinagar Highway,5,Original Winding Source Vertex
1401,75.205607,33.256684,519151.19,3679762.37,43.037,OSM_WAY_NH44_MAINLINE,NH44_MAINLINE,NH-44 Jammu-Srinagar Highway,6,Original Winding Source Vertex
1402,75.205648,33.256658,519155.03,3679759.5,43.042,OSM_WAY_NH44_MAINLINE,NH44_MAINLINE,NH-44 Jammu-Srinagar Highway,7,Original Winding Source Vertex
1403,75.205687,33.256629,519158.65,3679756.33,43.046,OSM_WAY_NH44_MAINLINE,NH44_MAINLINE,NH-44 Jammu-Srinagar Highway,8,Original Winding Source Vertex
1404,75.205733,33.25659,519162.89,3679752.0,43.053,OSM_WAY_NH44_MAINLINE,NH44_MAINLINE,NH-44 Jammu-Srinagar Highway,9,Original Winding Source Vertex
1405,75.205777,33.256545,519166.99,3679746.96,43.059,OSM_WAY_NH44_MAINLINE,NH44_MAINLINE,NH-44 Jammu-Srinagar Highway,10,Original Winding Source Vertex
1406,75.205808,33.256506,519169.95,3679742.65,43.064,OSM_WAY_NH44_MAINLINE,NH44_MAINLINE,NH-44 Jammu-Srinagar Highway,11,Original Winding Source Vertex
1407,75.205833,33.256469,519172.26,3679738.61,43.069,OSM_WAY_NH44_MAINLINE,NH44_MAINLINE,NH-44 Jammu-Srinagar Highway,12,Original Winding Source Vertex
1408,75.205856,33.25643,519174.37,3679734.27,43.074,OSM_WAY_NH44_MAINLINE,NH44_MAINLINE,NH-44 Jammu-Srinagar Highway,13,Original Winding Source Vertex
1409,75.205878,33.256382,519176.47,3679729.0,43.079,OSM_WAY_NH44_MAINLINE,NH44_MAINLINE,NH-44 Jammu-Srinagar Highway,14,Original Winding Source Vertex
1410,75.205896,33.256331,519178.15,3679723.29,43.085,OSM_WAY_NH44_MAINLINE,NH44_MAINLINE,NH-44 Jammu-Srinagar Highway,15,Original Winding Source Vertex
1411,75.205907,33.256288,519179.19,3679718.57,43.09,OSM_WAY_NH44_MAINLINE,NH44_MAINLINE,NH-44 Jammu-Srinagar Highway,16,Original Winding Source Vertex
1412,75.206402,33.254179,519225.73,3679484.85,43.329,OSM_WAY_NH44_MAINLINE,NH44_MAINLINE,NH-44 Jammu-Srinagar Highway,17,Original Winding Source Vertex
1413,75.205007,33.25671,519095.27,3679765.14,43.329,OSM_WAY_NH44_MAINLINE,NH44_MAINLINE,NH-44 Jammu-Srinagar Highway,0,Original Winding Source Vertex
1414,75.204906,33.256753,519085.87,3679769.93,43.339,OSM_WAY_NH44_MAINLINE,NH44_MAINLINE,NH-44 Jammu-Srinagar Highway,1,Original Winding Source Vertex
1415,75.204491,33.256866,519047.18,3679782.34,43.38,OSM_WAY_NH44_MAINLINE,NH44_MAINLINE,NH-44 Jammu-Srinagar Highway,2,Original Winding Source Vertex
1416,75.199525,33.25723,518584.56,3679821.87,43.38,OSM_WAY_NH44_MAINLINE,NH44_MAINLINE,NH-44 Jammu-Srinagar Highway,0,Original Winding Source Vertex
1417,75.199723,33.25699,518603.01,3679795.27,43.412,OSM_WAY_NH44_MAINLINE,NH44_MAINLINE,NH-44 Jammu-Srinagar Highway,1,Original Winding Source Vertex
1418,75.199945,33.256627,518623.83,3679755.09,43.457,OSM_WAY_NH44_MAINLINE,NH44_MAINLINE,NH-44 Jammu-Srinagar Highway,2,Original Winding Source Vertex
1419,75.200043,33.256499,518632.95,3679740.88,43.474,OSM_WAY_NH44_MAINLINE,NH44_MAINLINE,NH-44 Jammu-Srinagar Highway,3,Original Winding Source Vertex
1420,75.200141,33.256398,518642.08,3679729.72,43.489,OSM_WAY_NH44_MAINLINE,NH44_MAINLINE,NH-44 Jammu-Srinagar Highway,4,Original Winding Source Vertex
1421,75.200266,33.256311,518653.74,3679720.1,43.504,OSM_WAY_NH44_MAINLINE,NH44_MAINLINE,NH-44 Jammu-Srinagar Highway,5,Original Winding Source Vertex
1422,75.200427,33.25626,518668.79,3679714.41,43.52,OSM_WAY_NH44_MAINLINE,NH44_MAINLINE,NH-44 Jammu-Srinagar Highway,6,Original Winding Source Vertex
1423,75.200588,33.256235,518683.72,3679711.7,43.535,OSM_WAY_NH44_MAINLINE,NH44_MAINLINE,NH-44 Jammu-Srinagar Highway,7,Original Winding Source Vertex
1424,75.200773,33.256218,518701.03,3679709.89,43.552,OSM_WAY_NH44_MAINLINE,NH44_MAINLINE,NH-44 Jammu-Srinagar Highway,8,Original Winding Source Vertex
1425,75.201624,33.256237,518780.26,3679712.1,43.632,OSM_WAY_NH44_MAINLINE,NH44_MAINLINE,NH-44 Jammu-Srinagar Highway,9,Original Winding Source Vertex
1426,75.201779,33.256197,518794.68,3679707.75,43.647,OSM_WAY_NH44_MAINLINE,NH44_MAINLINE,NH-44 Jammu-Srinagar Highway,10,Original Winding Source Vertex
1427,75.201899,33.256148,518805.87,3679702.32,43.659,OSM_WAY_NH44_MAINLINE,NH44_MAINLINE,NH-44 Jammu-Srinagar Highway,11,Original Winding Source Vertex
1428,75.202307,33.256032,518843.87,3679689.47,43.699,OSM_WAY_NH44_MAINLINE,NH44_MAINLINE,NH-44 Jammu-Srinagar Highway,12,Original Winding Source Vertex
1429,75.202526,33.256045,518864.35,3679691.0,43.72,OSM_WAY_NH44_MAINLINE,NH44_MAINLINE,NH-44 Jammu-Srinagar Highway,13,Original Winding Source Vertex
1430,75.202777,33.256133,518887.64,3679700.79,43.745,OSM_WAY_NH44_MAINLINE,NH44_MAINLINE,NH-44 Jammu-Srinagar Highway,14,Original Winding Source Vertex
1431,75.203256,33.256458,518932.22,3679736.88,43.802,OSM_WAY_NH44_MAINLINE,NH44_MAINLINE,NH-44 Jammu-Srinagar Highway,15,Original Winding Source Vertex
1432,75.20346,33.256548,518951.2,3679746.86,43.824,OSM_WAY_NH44_MAINLINE,NH44_MAINLINE,NH-44 Jammu-Srinagar Highway,16,Original Winding Source Vertex
1433,75.20383,33.2567,518985.64,3679763.85,43.862,OSM_WAY_NH44_MAINLINE,NH44_MAINLINE,NH-44 Jammu-Srinagar Highway,17,Original Winding Source Vertex
1434,75.204038,33.256846,519004.96,3679780.09,43.888,OSM_WAY_NH44_MAINLINE,NH44_MAINLINE,NH-44 Jammu-Srinagar Highway,18,Original Winding Source Vertex
1435,75.20424,33.257001,519023.79,3679797.29,43.913,OSM_WAY_NH44_MAINLINE,NH44_MAINLINE,NH-44 Jammu-Srinagar Highway,19,Original Winding Source Vertex
1436,75.204343,33.257037,519033.36,3679801.29,43.923,OSM_WAY_NH44_MAINLINE,NH44_MAINLINE,NH-44 Jammu-Srinagar Highway,20,Original Winding Source Vertex
1437,75.204479,33.257019,519046.03,3679799.27,43.936,OSM_WAY_NH44_MAINLINE,NH44_MAINLINE,NH-44 Jammu-Srinagar Highway,21,Original Winding Source Vertex
1438,75.197992,33.258849,518441.36,3680001.08,43.936,OSM_WAY_NH44_MAINLINE,NH44_MAINLINE,NH-44 Jammu-Srinagar Highway,0,Original Winding Source Vertex
1439,75.19814,33.258779,518455.22,3679993.31,43.952,OSM_WAY_NH44_MAINLINE,NH44_MAINLINE,NH-44 Jammu-Srinagar Highway,1,Original Winding Source Vertex
1440,75.198293,33.258669,518469.46,3679981.15,43.971,OSM_WAY_NH44_MAINLINE,NH44_MAINLINE,NH-44 Jammu-Srinagar Highway,2,Original Winding Source Vertex
1441,75.198464,33.258489,518485.42,3679961.21,43.996,OSM_WAY_NH44_MAINLINE,NH44_MAINLINE,NH-44 Jammu-Srinagar Highway,3,Original Winding Source Vertex
1442,75.199525,33.25723,518584.56,3679821.87,44.167,OSM_WAY_NH44_MAINLINE,NH44_MAINLINE,NH-44 Jammu-Srinagar Highway,4,Original Winding Source Vertex
1443,75.196312,33.258951,518284.9,3680012.02,44.167,OSM_WAY_NH44_MAINLINE,NH44_MAINLINE,NH-44 Jammu-Srinagar Highway,0,Original Winding Source Vertex
1444,75.196432,33.259019,518296.11,3680019.61,44.181,OSM_WAY_NH44_MAINLINE,NH44_MAINLINE,NH-44 Jammu-Srinagar Highway,1,Original Winding Source Vertex
1445,75.196579,33.259074,518309.76,3680025.72,44.196,OSM_WAY_NH44_MAINLINE,NH44_MAINLINE,NH-44 Jammu-Srinagar Highway,2,Original Winding Source Vertex
1446,75.196736,33.259105,518324.34,3680029.24,44.211,OSM_WAY_NH44_MAINLINE,NH44_MAINLINE,NH-44 Jammu-Srinagar Highway,3,Original Winding Source Vertex
1447,75.196896,33.259108,518339.27,3680029.55,44.226,OSM_WAY_NH44_MAINLINE,NH44_MAINLINE,NH-44 Jammu-Srinagar Highway,4,Original Winding Source Vertex
1448,75.197066,33.259089,518355.11,3680027.52,44.242,OSM_WAY_NH44_MAINLINE,NH44_MAINLINE,NH-44 Jammu-Srinagar Highway,5,Original Winding Source Vertex
1449,75.197819,33.258912,518425.25,3680007.96,44.315,OSM_WAY_NH44_MAINLINE,NH44_MAINLINE,NH-44 Jammu-Srinagar Highway,6,Original Winding Source Vertex
1450,75.197992,33.258849,518441.36,3680001.08,44.332,OSM_WAY_NH44_MAINLINE,NH44_MAINLINE,NH-44 Jammu-Srinagar Highway,7,Original Winding Source Vertex
1451,75.191868,33.261675,517870.4,3680313.3,44.332,OSM_WAY_NH44_MAINLINE,NH44_MAINLINE,NH-44 Jammu-Srinagar Highway,0,Original Winding Source Vertex
1452,75.191916,33.261336,517874.97,3680275.67,44.37,OSM_WAY_NH44_MAINLINE,NH44_MAINLINE,NH-44 Jammu-Srinagar Highway,1,Original Winding Source Vertex
1453,75.191914,33.261112,517874.84,3680250.84,44.395,OSM_WAY_NH44_MAINLINE,NH44_MAINLINE,NH-44 Jammu-Srinagar Highway,2,Original Winding Source Vertex
1454,75.191869,33.260896,517870.72,3680226.87,44.419,OSM_WAY_NH44_MAINLINE,NH44_MAINLINE,NH-44 Jammu-Srinagar Highway,3,Original Winding Source Vertex
1455,75.191763,33.260653,517860.89,3680199.96,44.448,OSM_WAY_NH44_MAINLINE,NH44_MAINLINE,NH-44 Jammu-Srinagar Highway,4,Original Winding Source Vertex
1456,75.191726,33.260522,517857.44,3680185.43,44.463,OSM_WAY_NH44_MAINLINE,NH44_MAINLINE,NH-44 Jammu-Srinagar Highway,5,Original Winding Source Vertex
1457,75.19171,33.260354,517855.98,3680166.8,44.481,OSM_WAY_NH44_MAINLINE,NH44_MAINLINE,NH-44 Jammu-Srinagar Highway,6,Original Winding Source Vertex
1458,75.191757,33.260197,517860.36,3680149.38,44.499,OSM_WAY_NH44_MAINLINE,NH44_MAINLINE,NH-44 Jammu-Srinagar Highway,7,Original Winding Source Vertex
1459,75.191998,33.259668,517882.95,3680090.75,44.562,OSM_WAY_NH44_MAINLINE,NH44_MAINLINE,NH-44 Jammu-Srinagar Highway,8,Original Winding Source Vertex
1460,75.192115,33.25948,517893.85,3680070.01,44.586,OSM_WAY_NH44_MAINLINE,NH44_MAINLINE,NH-44 Jammu-Srinagar Highway,9,Original Winding Source Vertex
1461,75.192324,33.259252,517913.35,3680044.7,44.618,OSM_WAY_NH44_MAINLINE,NH44_MAINLINE,NH-44 Jammu-Srinagar Highway,10,Original Winding Source Vertex
1462,75.192667,33.258959,517945.42,3680012.27,44.663,OSM_WAY_NH44_MAINLINE,NH44_MAINLINE,NH-44 Jammu-Srinagar Highway,11,Original Winding Source Vertex
1463,75.193039,33.258705,517980.06,3679984.23,44.708,OSM_WAY_NH44_MAINLINE,NH44_MAINLINE,NH-44 Jammu-Srinagar Highway,12,Original Winding Source Vertex
1464,75.193259,33.258598,518000.61,3679972.35,44.732,OSM_WAY_NH44_MAINLINE,NH44_MAINLINE,NH-44 Jammu-Srinagar Highway,13,Original Winding Source Vertex
1465,75.193525,33.258564,518025.41,3679968.63,44.757,OSM_WAY_NH44_MAINLINE,NH44_MAINLINE,NH-44 Jammu-Srinagar Highway,14,Original Winding Source Vertex
1466,75.193863,33.258592,518056.88,3679971.83,44.788,OSM_WAY_NH44_MAINLINE,NH44_MAINLINE,NH-44 Jammu-Srinagar Highway,15,Original Winding Source Vertex
1467,75.19413,33.258606,518081.71,3679973.48,44.813,OSM_WAY_NH44_MAINLINE,NH44_MAINLINE,NH-44 Jammu-Srinagar Highway,16,Original Winding Source Vertex
1468,75.194301,33.25859,518097.68,3679971.74,44.829,OSM_WAY_NH44_MAINLINE,NH44_MAINLINE,NH-44 Jammu-Srinagar Highway,17,Original Winding Source Vertex
1469,75.194416,33.258529,518108.43,3679964.97,44.842,OSM_WAY_NH44_MAINLINE,NH44_MAINLINE,NH-44 Jammu-Srinagar Highway,18,Original Winding Source Vertex
1470,75.1945,33.258436,518116.2,3679954.63,44.855,OSM_WAY_NH44_MAINLINE,NH44_MAINLINE,NH-44 Jammu-Srinagar Highway,19,Original Winding Source Vertex
1471,75.194506,33.258329,518116.78,3679942.74,44.867,OSM_WAY_NH44_MAINLINE,NH44_MAINLINE,NH-44 Jammu-Srinagar Highway,20,Original Winding Source Vertex
1472,75.194495,33.258212,518115.84,3679929.85,44.88,OSM_WAY_NH44_MAINLINE,NH44_MAINLINE,NH-44 Jammu-Srinagar Highway,21,Original Winding Source Vertex
1473,75.194513,33.258112,518117.5,3679918.7,44.891,OSM_WAY_NH44_MAINLINE,NH44_MAINLINE,NH-44 Jammu-Srinagar Highway,22,Original Winding Source Vertex
1474,75.194544,33.258043,518120.42,3679911.09,44.899,OSM_WAY_NH44_MAINLINE,NH44_MAINLINE,NH-44 Jammu-Srinagar Highway,23,Original Winding Source Vertex
1475,75.194621,33.257984,518127.58,3679904.5,44.909,OSM_WAY_NH44_MAINLINE,NH44_MAINLINE,NH-44 Jammu-Srinagar Highway,24,Original Winding Source Vertex
1476,75.194712,33.257955,518136.07,3679901.37,44.918,OSM_WAY_NH44_MAINLINE,NH44_MAINLINE,NH-44 Jammu-Srinagar Highway,25,Original Winding Source Vertex
1477,75.194823,33.257973,518146.45,3679903.38,44.928,OSM_WAY_NH44_MAINLINE,NH44_MAINLINE,NH-44 Jammu-Srinagar Highway,26,Original Winding Source Vertex
1478,75.194944,33.258022,518157.7,3679908.84,44.941,OSM_WAY_NH44_MAINLINE,NH44_MAINLINE,NH-44 Jammu-Srinagar Highway,27,Original Winding Source Vertex
1479,75.195596,33.258359,518218.3,3679946.3,45.012,OSM_WAY_NH44_MAINLINE,NH44_MAINLINE,NH-44 Jammu-Srinagar Highway,28,Original Winding Source Vertex
1480,75.19573,33.258453,518230.84,3679956.71,45.028,OSM_WAY_NH44_MAINLINE,NH44_MAINLINE,NH-44 Jammu-Srinagar Highway,29,Original Winding Source Vertex
1481,75.196312,33.258951,518284.9,3680012.02,45.106,OSM_WAY_NH44_MAINLINE,NH44_MAINLINE,NH-44 Jammu-Srinagar Highway,30,Original Winding Source Vertex
1482,75.190848,33.263016,517775.13,3680461.74,45.106,OSM_WAY_NH44_MAINLINE,NH44_MAINLINE,NH-44 Jammu-Srinagar Highway,0,Original Winding Source Vertex
1483,75.191246,33.262814,517812.28,3680439.47,45.149,OSM_WAY_NH44_MAINLINE,NH44_MAINLINE,NH-44 Jammu-Srinagar Highway,1,Original Winding Source Vertex
1484,75.191462,33.262671,517832.43,3680423.68,45.175,OSM_WAY_NH44_MAINLINE,NH44_MAINLINE,NH-44 Jammu-Srinagar Highway,2,Original Winding Source Vertex
1485,75.191625,33.262497,517847.6,3680404.41,45.199,OSM_WAY_NH44_MAINLINE,NH44_MAINLINE,NH-44 Jammu-Srinagar Highway,3,Original Winding Source Vertex
1486,75.191752,33.262239,517859.55,3680375.79,45.23,OSM_WAY_NH44_MAINLINE,NH44_MAINLINE,NH-44 Jammu-Srinagar Highway,4,Original Winding Source Vertex
1487,75.191868,33.261675,517870.4,3680313.3,45.294,OSM_WAY_NH44_MAINLINE,NH44_MAINLINE,NH-44 Jammu-Srinagar Highway,5,Original Winding Source Vertex
1488,75.18707,33.264045,517423.06,3680575.2,45.294,OSM_WAY_NH44_MAINLINE,NH44_MAINLINE,NH-44 Jammu-Srinagar Highway,0,Original Winding Source Vertex
1489,75.187293,33.263772,517443.89,3680544.99,45.33,OSM_WAY_NH44_MAINLINE,NH44_MAINLINE,NH-44 Jammu-Srinagar Highway,1,Original Winding Source Vertex
1490,75.187535,33.263528,517466.45,3680518.02,45.366,OSM_WAY_NH44_MAINLINE,NH44_MAINLINE,NH-44 Jammu-Srinagar Highway,2,Original Winding Source Vertex
1491,75.187966,33.263276,517506.67,3680490.11,45.415,OSM_WAY_NH44_MAINLINE,NH44_MAINLINE,NH-44 Jammu-Srinagar Highway,3,Original Winding Source Vertex
1492,75.18852,33.263145,517558.35,3680475.65,45.468,OSM_WAY_NH44_MAINLINE,NH44_MAINLINE,NH-44 Jammu-Srinagar Highway,4,Original Winding Source Vertex
1493,75.188973,33.263156,517600.45,3680476.96,45.51,OSM_WAY_NH44_MAINLINE,NH44_MAINLINE,NH-44 Jammu-Srinagar Highway,5,Original Winding Source Vertex
1494,75.189491,33.263213,517648.69,3680483.41,45.559,OSM_WAY_NH44_MAINLINE,NH44_MAINLINE,NH-44 Jammu-Srinagar Highway,6,Original Winding Source Vertex
1495,75.189946,33.263246,517691.08,3680487.13,45.602,OSM_WAY_NH44_MAINLINE,NH44_MAINLINE,NH-44 Jammu-Srinagar Highway,7,Original Winding Source Vertex
1496,75.190346,33.263193,517728.4,3680481.35,45.639,OSM_WAY_NH44_MAINLINE,NH44_MAINLINE,NH-44 Jammu-Srinagar Highway,8,Original Winding Source Vertex
1497,75.190642,33.263107,517755.93,3680471.8,45.668,OSM_WAY_NH44_MAINLINE,NH44_MAINLINE,NH-44 Jammu-Srinagar Highway,9,Original Winding Source Vertex
1498,75.190848,33.263016,517775.13,3680461.74,45.69,OSM_WAY_NH44_MAINLINE,NH44_MAINLINE,NH-44 Jammu-Srinagar Highway,10,Original Winding Source Vertex
1499,75.184462,33.265278,517179.97,3680711.45,45.69,OSM_WAY_NH44_MAINLINE,NH44_MAINLINE,NH-44 Jammu-Srinagar Highway,0,Original Winding Source Vertex
1500,75.184611,33.265327,517193.75,3680716.93,45.705,OSM_WAY_NH44_MAINLINE,NH44_MAINLINE,NH-44 Jammu-Srinagar Highway,1,Original Winding Source Vertex
1501,75.184677,33.265331,517199.96,3680717.42,45.711,OSM_WAY_NH44_MAINLINE,NH44_MAINLINE,NH-44 Jammu-Srinagar Highway,2,Original Winding Source Vertex
1502,75.184854,33.265318,517216.39,3680715.95,45.728,OSM_WAY_NH44_MAINLINE,NH44_MAINLINE,NH-44 Jammu-Srinagar Highway,3,Original Winding Source Vertex
1503,75.185732,33.265088,517298.22,3680690.68,45.813,OSM_WAY_NH44_MAINLINE,NH44_MAINLINE,NH-44 Jammu-Srinagar Highway,4,Original Winding Source Vertex
1504,75.185888,33.265037,517312.77,3680685.06,45.829,OSM_WAY_NH44_MAINLINE,NH44_MAINLINE,NH-44 Jammu-Srinagar Highway,5,Original Winding Source Vertex
1505,75.186084,33.264941,517331.06,3680674.34,45.85,OSM_WAY_NH44_MAINLINE,NH44_MAINLINE,NH-44 Jammu-Srinagar Highway,6,Original Winding Source Vertex
1506,75.186241,33.264851,517345.73,3680664.42,45.868,OSM_WAY_NH44_MAINLINE,NH44_MAINLINE,NH-44 Jammu-Srinagar Highway,7,Original Winding Source Vertex
1507,75.186597,33.264557,517378.9,3680631.94,45.914,OSM_WAY_NH44_MAINLINE,NH44_MAINLINE,NH-44 Jammu-Srinagar Highway,8,Original Winding Source Vertex
1508,75.186866,33.264289,517404.03,3680602.25,45.953,OSM_WAY_NH44_MAINLINE,NH44_MAINLINE,NH-44 Jammu-Srinagar Highway,9,Original Winding Source Vertex
1509,75.18707,33.264045,517423.06,3680575.2,45.986,OSM_WAY_NH44_MAINLINE,NH44_MAINLINE,NH-44 Jammu-Srinagar Highway,10,Original Winding Source Vertex
1510,75.184462,33.265278,517179.97,3680711.45,45.986,OSM_WAY_NH44_MAINLINE,NH44_MAINLINE,NH-44 Jammu-Srinagar Highway,0,Original Winding Source Vertex
1511,75.184313,33.265248,517166.07,3680708.14,46.0,OSM_WAY_NH44_MAINLINE,NH44_MAINLINE,NH-44 Jammu-Srinagar Highway,1,Original Winding Source Vertex
1512,75.184157,33.26524,517151.58,3680707.21,46.015,OSM_WAY_NH44_MAINLINE,NH44_MAINLINE,NH-44 Jammu-Srinagar Highway,2,Original Winding Source Vertex
1513,75.183933,33.265278,517130.7,3680711.43,46.036,OSM_WAY_NH44_MAINLINE,NH44_MAINLINE,NH-44 Jammu-Srinagar Highway,3,Original Winding Source Vertex
1514,75.183784,33.265322,517116.78,3680716.21,46.051,OSM_WAY_NH44_MAINLINE,NH44_MAINLINE,NH-44 Jammu-Srinagar Highway,4,Original Winding Source Vertex
1515,75.183683,33.26537,517107.4,3680721.52,46.062,OSM_WAY_NH44_MAINLINE,NH44_MAINLINE,NH-44 Jammu-Srinagar Highway,5,Original Winding Source Vertex
1516,75.183603,33.265439,517099.89,3680729.23,46.073,OSM_WAY_NH44_MAINLINE,NH44_MAINLINE,NH-44 Jammu-Srinagar Highway,6,Original Winding Source Vertex
1517,75.18356,33.265557,517095.85,3680742.28,46.086,OSM_WAY_NH44_MAINLINE,NH44_MAINLINE,NH-44 Jammu-Srinagar Highway,7,Original Winding Source Vertex
1518,75.183531,33.26573,517093.14,3680761.45,46.106,OSM_WAY_NH44_MAINLINE,NH44_MAINLINE,NH-44 Jammu-Srinagar Highway,8,Original Winding Source Vertex
1519,75.183453,33.26585,517085.89,3680774.76,46.121,OSM_WAY_NH44_MAINLINE,NH44_MAINLINE,NH-44 Jammu-Srinagar Highway,9,Original Winding Source Vertex
1520,75.183373,33.265896,517078.39,3680779.8,46.13,OSM_WAY_NH44_MAINLINE,NH44_MAINLINE,NH-44 Jammu-Srinagar Highway,10,Original Winding Source Vertex
1521,75.183227,33.265927,517064.74,3680783.24,46.144,OSM_WAY_NH44_MAINLINE,NH44_MAINLINE,NH-44 Jammu-Srinagar Highway,11,Original Winding Source Vertex
1522,75.183094,33.265963,517052.42,3680787.21,46.157,OSM_WAY_NH44_MAINLINE,NH44_MAINLINE,NH-44 Jammu-Srinagar Highway,12,Original Winding Source Vertex
1523,75.182905,33.26604,517034.73,3680795.71,46.176,OSM_WAY_NH44_MAINLINE,NH44_MAINLINE,NH-44 Jammu-Srinagar Highway,13,Original Winding Source Vertex
1524,75.18281,33.266136,517025.89,3680806.35,46.19,OSM_WAY_NH44_MAINLINE,NH44_MAINLINE,NH-44 Jammu-Srinagar Highway,14,Original Winding Source Vertex
1525,75.182715,33.26623,517017.04,3680816.72,46.204,OSM_WAY_NH44_MAINLINE,NH44_MAINLINE,NH-44 Jammu-Srinagar Highway,15,Original Winding Source Vertex
1526,75.182729,33.266453,517018.34,3680841.5,46.229,OSM_WAY_NH44_MAINLINE,NH44_MAINLINE,NH-44 Jammu-Srinagar Highway,16,Original Winding Source Vertex
1527,75.182732,33.266698,517018.55,3680868.66,46.256,OSM_WAY_NH44_MAINLINE,NH44_MAINLINE,NH-44 Jammu-Srinagar Highway,17,Original Winding Source Vertex
1528,75.182735,33.266826,517018.8,3680882.79,46.27,OSM_WAY_NH44_MAINLINE,NH44_MAINLINE,NH-44 Jammu-Srinagar Highway,18,Original Winding Source Vertex
1529,75.182701,33.267011,517015.55,3680903.29,46.291,OSM_WAY_NH44_MAINLINE,NH44_MAINLINE,NH-44 Jammu-Srinagar Highway,19,Original Winding Source Vertex
1530,75.182695,33.267196,517014.98,3680923.8,46.311,OSM_WAY_NH44_MAINLINE,NH44_MAINLINE,NH-44 Jammu-Srinagar Highway,20,Original Winding Source Vertex
1531,75.182721,33.267333,517017.36,3680938.98,46.327,OSM_WAY_NH44_MAINLINE,NH44_MAINLINE,NH-44 Jammu-Srinagar Highway,21,Original Winding Source Vertex
1532,75.182729,33.26745,517018.14,3680952.04,46.34,OSM_WAY_NH44_MAINLINE,NH44_MAINLINE,NH-44 Jammu-Srinagar Highway,22,Original Winding Source Vertex
1533,75.182761,33.267551,517021.07,3680963.24,46.351,OSM_WAY_NH44_MAINLINE,NH44_MAINLINE,NH-44 Jammu-Srinagar Highway,23,Original Winding Source Vertex
1534,75.182839,33.267681,517028.27,3680977.63,46.367,OSM_WAY_NH44_MAINLINE,NH44_MAINLINE,NH-44 Jammu-Srinagar Highway,24,Original Winding Source Vertex
1535,75.182899,33.267799,517033.86,3680990.7,46.382,OSM_WAY_NH44_MAINLINE,NH44_MAINLINE,NH-44 Jammu-Srinagar Highway,25,Original Winding Source Vertex
1536,75.182948,33.267888,517038.4,3681000.56,46.392,OSM_WAY_NH44_MAINLINE,NH44_MAINLINE,NH-44 Jammu-Srinagar Highway,26,Original Winding Source Vertex
1537,75.182999,33.267996,517043.19,3681012.55,46.405,OSM_WAY_NH44_MAINLINE,NH44_MAINLINE,NH-44 Jammu-Srinagar Highway,27,Original Winding Source Vertex
1538,75.182979,33.268097,517041.3,3681023.74,46.417,OSM_WAY_NH44_MAINLINE,NH44_MAINLINE,NH-44 Jammu-Srinagar Highway,28,Original Winding Source Vertex
1539,75.182882,33.26821,517032.18,3681036.24,46.432,OSM_WAY_NH44_MAINLINE,NH44_MAINLINE,NH-44 Jammu-Srinagar Highway,29,Original Winding Source Vertex
1540,75.182744,33.268337,517019.3,3681050.34,46.451,OSM_WAY_NH44_MAINLINE,NH44_MAINLINE,NH-44 Jammu-Srinagar Highway,30,Original Winding Source Vertex
1541,75.182635,33.268411,517009.12,3681058.57,46.464,OSM_WAY_NH44_MAINLINE,NH44_MAINLINE,NH-44 Jammu-Srinagar Highway,31,Original Winding Source Vertex
1542,75.182517,33.268445,516998.14,3681062.29,46.476,OSM_WAY_NH44_MAINLINE,NH44_MAINLINE,NH-44 Jammu-Srinagar Highway,32,Original Winding Source Vertex
1543,75.18239,33.268452,516986.37,3681063.06,46.488,OSM_WAY_NH44_MAINLINE,NH44_MAINLINE,NH-44 Jammu-Srinagar Highway,33,Original Winding Source Vertex
1544,75.182264,33.268426,516974.59,3681060.12,46.5,OSM_WAY_NH44_MAINLINE,NH44_MAINLINE,NH-44 Jammu-Srinagar Highway,34,Original Winding Source Vertex
1545,75.182155,33.268385,516964.43,3681055.56,46.511,OSM_WAY_NH44_MAINLINE,NH44_MAINLINE,NH-44 Jammu-Srinagar Highway,35,Original Winding Source Vertex
1546,75.182043,33.268344,516954.01,3681051.02,46.522,OSM_WAY_NH44_MAINLINE,NH44_MAINLINE,NH-44 Jammu-Srinagar Highway,36,Original Winding Source Vertex
1547,75.181899,33.268308,516940.63,3681047.0,46.536,OSM_WAY_NH44_MAINLINE,NH44_MAINLINE,NH-44 Jammu-Srinagar Highway,37,Original Winding Source Vertex
1548,75.181798,33.268272,516931.27,3681042.99,46.547,OSM_WAY_NH44_MAINLINE,NH44_MAINLINE,NH-44 Jammu-Srinagar Highway,38,Original Winding Source Vertex
1549,75.181675,33.268262,516919.77,3681041.91,46.558,OSM_WAY_NH44_MAINLINE,NH44_MAINLINE,NH-44 Jammu-Srinagar Highway,39,Original Winding Source Vertex
1550,75.181606,33.268279,516913.34,3681043.76,46.565,OSM_WAY_NH44_MAINLINE,NH44_MAINLINE,NH-44 Jammu-Srinagar Highway,40,Original Winding Source Vertex
1551,75.181505,33.268296,516903.97,3681045.6,46.574,OSM_WAY_NH44_MAINLINE,NH44_MAINLINE,NH-44 Jammu-Srinagar Highway,41,Original Winding Source Vertex
1552,75.181413,33.26826,516895.42,3681041.6,46.584,OSM_WAY_NH44_MAINLINE,NH44_MAINLINE,NH-44 Jammu-Srinagar Highway,42,Original Winding Source Vertex
1553,75.181103,33.268164,516866.53,3681030.89,46.615,OSM_WAY_NH44_MAINLINE,NH44_MAINLINE,NH-44 Jammu-Srinagar Highway,43,Original Winding Source Vertex
1554,75.180968,33.268106,516853.96,3681024.47,46.629,OSM_WAY_NH44_MAINLINE,NH44_MAINLINE,NH-44 Jammu-Srinagar Highway,44,Original Winding Source Vertex
1555,75.180838,33.268034,516841.93,3681016.46,46.643,OSM_WAY_NH44_MAINLINE,NH44_MAINLINE,NH-44 Jammu-Srinagar Highway,45,Original Winding Source Vertex
1556,75.180724,33.267921,516831.25,3681003.93,46.66,OSM_WAY_NH44_MAINLINE,NH44_MAINLINE,NH-44 Jammu-Srinagar Highway,46,Original Winding Source Vertex
1557,75.180629,33.267806,516822.44,3680991.13,46.675,OSM_WAY_NH44_MAINLINE,NH44_MAINLINE,NH-44 Jammu-Srinagar Highway,47,Original Winding Source Vertex
1558,75.18052,33.267683,516812.29,3680977.52,46.692,OSM_WAY_NH44_MAINLINE,NH44_MAINLINE,NH-44 Jammu-Srinagar Highway,48,Original Winding Source Vertex
1559,75.180353,33.267652,516796.77,3680974.03,46.708,OSM_WAY_NH44_MAINLINE,NH44_MAINLINE,NH-44 Jammu-Srinagar Highway,49,Original Winding Source Vertex
1560,75.18016,33.267674,516778.84,3680976.4,46.726,OSM_WAY_NH44_MAINLINE,NH44_MAINLINE,NH-44 Jammu-Srinagar Highway,50,Original Winding Source Vertex
1561,75.180011,33.267703,516764.91,3680979.58,46.74,OSM_WAY_NH44_MAINLINE,NH44_MAINLINE,NH-44 Jammu-Srinagar Highway,51,Original Winding Source Vertex
1562,75.17987,33.267772,516751.79,3680987.27,46.756,OSM_WAY_NH44_MAINLINE,NH44_MAINLINE,NH-44 Jammu-Srinagar Highway,52,Original Winding Source Vertex
1563,75.179727,33.26784,516738.4,3680994.71,46.771,OSM_WAY_NH44_MAINLINE,NH44_MAINLINE,NH-44 Jammu-Srinagar Highway,53,Original Winding Source Vertex
1564,75.179568,33.267861,516723.67,3680997.08,46.786,OSM_WAY_NH44_MAINLINE,NH44_MAINLINE,NH-44 Jammu-Srinagar Highway,54,Original Winding Source Vertex
1565,75.179428,33.267878,516710.56,3680998.93,46.799,OSM_WAY_NH44_MAINLINE,NH44_MAINLINE,NH-44 Jammu-Srinagar Highway,55,Original Winding Source Vertex
1566,75.179278,33.267873,516696.64,3680998.36,46.813,OSM_WAY_NH44_MAINLINE,NH44_MAINLINE,NH-44 Jammu-Srinagar Highway,56,Original Winding Source Vertex
1567,75.179097,33.267866,516679.78,3680997.53,46.83,OSM_WAY_NH44_MAINLINE,NH44_MAINLINE,NH-44 Jammu-Srinagar Highway,57,Original Winding Source Vertex
1568,75.178956,33.267852,516666.67,3680995.91,46.843,OSM_WAY_NH44_MAINLINE,NH44_MAINLINE,NH-44 Jammu-Srinagar Highway,58,Original Winding Source Vertex
1569,75.178813,33.267861,516653.29,3680996.96,46.857,OSM_WAY_NH44_MAINLINE,NH44_MAINLINE,NH-44 Jammu-Srinagar Highway,59,Original Winding Source Vertex
1570,75.178632,33.267984,516636.4,3681010.52,46.878,OSM_WAY_NH44_MAINLINE,NH44_MAINLINE,NH-44 Jammu-Srinagar Highway,60,Original Winding Source Vertex
1571,75.178462,33.26815,516620.58,3681028.87,46.902,OSM_WAY_NH44_MAINLINE,NH44_MAINLINE,NH-44 Jammu-Srinagar Highway,61,Original Winding Source Vertex
1572,75.178114,33.268415,516588.15,3681058.21,46.946,OSM_WAY_NH44_MAINLINE,NH44_MAINLINE,NH-44 Jammu-Srinagar Highway,62,Original Winding Source Vertex
1573,75.177907,33.268551,516568.77,3681073.25,46.971,OSM_WAY_NH44_MAINLINE,NH44_MAINLINE,NH-44 Jammu-Srinagar Highway,63,Original Winding Source Vertex
1574,75.177817,33.268679,516560.44,3681087.44,46.987,OSM_WAY_NH44_MAINLINE,NH44_MAINLINE,NH-44 Jammu-Srinagar Highway,64,Original Winding Source Vertex
1575,75.177756,33.268831,516554.67,3681104.28,47.005,OSM_WAY_NH44_MAINLINE,NH44_MAINLINE,NH-44 Jammu-Srinagar Highway,65,Original Winding Source Vertex
1576,75.177684,33.268872,516547.95,3681108.85,47.013,OSM_WAY_NH44_MAINLINE,NH44_MAINLINE,NH-44 Jammu-Srinagar Highway,66,Original Winding Source Vertex
1577,75.177535,33.268898,516534.14,3681111.69,47.027,OSM_WAY_NH44_MAINLINE,NH44_MAINLINE,NH-44 Jammu-Srinagar Highway,67,Original Winding Source Vertex
1578,75.177125,33.268942,516495.95,3681116.52,47.066,OSM_WAY_NH44_MAINLINE,NH44_MAINLINE,NH-44 Jammu-Srinagar Highway,68,Original Winding Source Vertex
1579,75.176349,33.268827,516423.69,3681103.66,47.139,OSM_WAY_NH44_MAINLINE,NH44_MAINLINE,NH-44 Jammu-Srinagar Highway,69,Original Winding Source Vertex
1580,75.175983,33.268853,516389.52,3681106.49,47.173,OSM_WAY_NH44_MAINLINE,NH44_MAINLINE,NH-44 Jammu-Srinagar Highway,70,Original Winding Source Vertex
1581,75.175784,33.268816,516371.01,3681102.3,47.192,OSM_WAY_NH44_MAINLINE,NH44_MAINLINE,NH-44 Jammu-Srinagar Highway,71,Original Winding Source Vertex
1582,75.175445,33.268621,516339.5,3681080.7,47.231,OSM_WAY_NH44_MAINLINE,NH44_MAINLINE,NH-44 Jammu-Srinagar Highway,72,Original Winding Source Vertex
1583,75.175264,33.268631,516322.67,3681081.8,47.247,OSM_WAY_NH44_MAINLINE,NH44_MAINLINE,NH-44 Jammu-Srinagar Highway,73,Original Winding Source Vertex
1584,75.175164,33.268723,516313.31,3681091.97,47.261,OSM_WAY_NH44_MAINLINE,NH44_MAINLINE,NH-44 Jammu-Srinagar Highway,74,Original Winding Source Vertex
1585,75.175165,33.268949,516313.37,3681116.92,47.286,OSM_WAY_NH44_MAINLINE,NH44_MAINLINE,NH-44 Jammu-Srinagar Highway,75,Original Winding Source Vertex
1586,75.175189,33.269135,516315.55,3681137.63,47.307,OSM_WAY_NH44_MAINLINE,NH44_MAINLINE,NH-44 Jammu-Srinagar Highway,76,Original Winding Source Vertex
1587,75.175232,33.269646,516319.5,3681194.23,47.364,OSM_WAY_NH44_MAINLINE,NH44_MAINLINE,NH-44 Jammu-Srinagar Highway,77,Original Winding Source Vertex
1588,75.175272,33.269886,516323.12,3681220.89,47.391,OSM_WAY_NH44_MAINLINE,NH44_MAINLINE,NH-44 Jammu-Srinagar Highway,78,Original Winding Source Vertex
1589,75.175303,33.270142,516326.0,3681249.26,47.419,OSM_WAY_NH44_MAINLINE,NH44_MAINLINE,NH-44 Jammu-Srinagar Highway,79,Original Winding Source Vertex
1590,75.175193,33.270416,516315.69,3681279.67,47.451,OSM_WAY_NH44_MAINLINE,NH44_MAINLINE,NH-44 Jammu-Srinagar Highway,80,Original Winding Source Vertex
1591,75.175028,33.270727,516300.3,3681314.07,47.489,OSM_WAY_NH44_MAINLINE,NH44_MAINLINE,NH-44 Jammu-Srinagar Highway,81,Original Winding Source Vertex
1592,75.174933,33.270888,516291.45,3681331.97,47.509,OSM_WAY_NH44_MAINLINE,NH44_MAINLINE,NH-44 Jammu-Srinagar Highway,82,Original Winding Source Vertex
1593,75.174893,33.271044,516287.63,3681349.17,47.527,OSM_WAY_NH44_MAINLINE,NH44_MAINLINE,NH-44 Jammu-Srinagar Highway,83,Original Winding Source Vertex
1594,75.174972,33.271154,516295.03,3681361.4,47.541,OSM_WAY_NH44_MAINLINE,NH44_MAINLINE,NH-44 Jammu-Srinagar Highway,84,Original Winding Source Vertex
1595,75.175162,33.271253,516312.65,3681372.36,47.562,OSM_WAY_NH44_MAINLINE,NH44_MAINLINE,NH-44 Jammu-Srinagar Highway,85,Original Winding Source Vertex
1596,75.175637,33.271408,516356.92,3681389.68,47.609,OSM_WAY_NH44_MAINLINE,NH44_MAINLINE,NH-44 Jammu-Srinagar Highway,86,Original Winding Source Vertex
1597,75.175932,33.2715,516384.34,3681399.87,47.638,OSM_WAY_NH44_MAINLINE,NH44_MAINLINE,NH-44 Jammu-Srinagar Highway,87,Original Winding Source Vertex
1598,75.176122,33.271566,516402.03,3681407.25,47.658,OSM_WAY_NH44_MAINLINE,NH44_MAINLINE,NH-44 Jammu-Srinagar Highway,88,Original Winding Source Vertex
1599,75.176276,33.271721,516416.32,3681424.44,47.68,OSM_WAY_NH44_MAINLINE,NH44_MAINLINE,NH-44 Jammu-Srinagar Highway,89,Original Winding Source Vertex
1600,75.176399,33.27196,516427.74,3681451.01,47.709,OSM_WAY_NH44_MAINLINE,NH44_MAINLINE,NH-44 Jammu-Srinagar Highway,90,Original Winding Source Vertex
1601,75.176457,33.272225,516433.11,3681480.32,47.739,OSM_WAY_NH44_MAINLINE,NH44_MAINLINE,NH-44 Jammu-Srinagar Highway,91,Original Winding Source Vertex
1602,75.176493,33.272636,516436.33,3681525.97,47.784,OSM_WAY_NH44_MAINLINE,NH44_MAINLINE,NH-44 Jammu-Srinagar Highway,92,Original Winding Source Vertex
1603,75.176543,33.272973,516440.94,3681563.34,47.822,OSM_WAY_NH44_MAINLINE,NH44_MAINLINE,NH-44 Jammu-Srinagar Highway,93,Original Winding Source Vertex
1604,75.176649,33.273272,516450.81,3681596.47,47.857,OSM_WAY_NH44_MAINLINE,NH44_MAINLINE,NH-44 Jammu-Srinagar Highway,94,Original Winding Source Vertex
1605,75.176668,33.273405,516452.49,3681611.27,47.872,OSM_WAY_NH44_MAINLINE,NH44_MAINLINE,NH-44 Jammu-Srinagar Highway,95,Original Winding Source Vertex
1606,75.176576,33.273466,516443.96,3681617.93,47.882,OSM_WAY_NH44_MAINLINE,NH44_MAINLINE,NH-44 Jammu-Srinagar Highway,96,Original Winding Source Vertex
1607,75.176409,33.27353,516428.39,3681624.99,47.899,OSM_WAY_NH44_MAINLINE,NH44_MAINLINE,NH-44 Jammu-Srinagar Highway,97,Original Winding Source Vertex
1608,75.1763,33.273604,516418.17,3681633.29,47.913,OSM_WAY_NH44_MAINLINE,NH44_MAINLINE,NH-44 Jammu-Srinagar Highway,98,Original Winding Source Vertex
1609,75.176289,33.273749,516417.15,3681649.32,47.929,OSM_WAY_NH44_MAINLINE,NH44_MAINLINE,NH-44 Jammu-Srinagar Highway,99,Original Winding Source Vertex
1610,75.176374,33.273888,516425.09,3681664.7,47.946,OSM_WAY_NH44_MAINLINE,NH44_MAINLINE,NH-44 Jammu-Srinagar Highway,100,Original Winding Source Vertex
1611,75.176454,33.274022,516432.45,3681679.54,47.963,OSM_WAY_NH44_MAINLINE,NH44_MAINLINE,NH-44 Jammu-Srinagar Highway,101,Original Winding Source Vertex
1612,75.176541,33.274251,516440.55,3681705.0,47.989,OSM_WAY_NH44_MAINLINE,NH44_MAINLINE,NH-44 Jammu-Srinagar Highway,102,Original Winding Source Vertex
1613,75.176571,33.274632,516443.29,3681747.25,48.032,OSM_WAY_NH44_MAINLINE,NH44_MAINLINE,NH-44 Jammu-Srinagar Highway,103,Original Winding Source Vertex
1614,75.176559,33.27491,516442.09,3681778.07,48.062,OSM_WAY_NH44_MAINLINE,NH44_MAINLINE,NH-44 Jammu-Srinagar Highway,104,Original Winding Source Vertex
1615,75.176505,33.275114,516436.97,3681800.66,48.086,OSM_WAY_NH44_MAINLINE,NH44_MAINLINE,NH-44 Jammu-Srinagar Highway,105,Original Winding Source Vertex
1616,75.176359,33.275225,516423.37,3681812.93,48.104,OSM_WAY_NH44_MAINLINE,NH44_MAINLINE,NH-44 Jammu-Srinagar Highway,106,Original Winding Source Vertex
1617,75.176271,33.275369,516415.18,3681828.9,48.122,OSM_WAY_NH44_MAINLINE,NH44_MAINLINE,NH-44 Jammu-Srinagar Highway,107,Original Winding Source Vertex
1618,75.176296,33.275501,516417.46,3681843.59,48.137,OSM_WAY_NH44_MAINLINE,NH44_MAINLINE,NH-44 Jammu-Srinagar Highway,108,Original Winding Source Vertex
1619,75.176382,33.275623,516425.5,3681857.12,48.152,OSM_WAY_NH44_MAINLINE,NH44_MAINLINE,NH-44 Jammu-Srinagar Highway,109,Original Winding Source Vertex
1620,75.176543,33.275762,516440.46,3681872.58,48.174,OSM_WAY_NH44_MAINLINE,NH44_MAINLINE,NH-44 Jammu-Srinagar Highway,110,Original Winding Source Vertex
1621,75.176849,33.275958,516468.91,3681894.3,48.21,OSM_WAY_NH44_MAINLINE,NH44_MAINLINE,NH-44 Jammu-Srinagar Highway,111,Original Winding Source Vertex
1622,75.177143,33.276119,516496.23,3681912.2,48.242,OSM_WAY_NH44_MAINLINE,NH44_MAINLINE,NH-44 Jammu-Srinagar Highway,112,Original Winding Source Vertex
1623,75.177348,33.27621,516515.27,3681922.29,48.264,OSM_WAY_NH44_MAINLINE,NH44_MAINLINE,NH-44 Jammu-Srinagar Highway,113,Original Winding Source Vertex
1624,75.177524,33.276363,516531.63,3681939.35,48.288,OSM_WAY_NH44_MAINLINE,NH44_MAINLINE,NH-44 Jammu-Srinagar Highway,114,Original Winding Source Vertex
1625,75.177682,33.276463,516546.4,3681950.43,48.306,OSM_WAY_NH44_MAINLINE,NH44_MAINLINE,NH-44 Jammu-Srinagar Highway,115,Original Winding Source Vertex
1626,75.177982,33.276496,516574.27,3681954.12,48.334,OSM_WAY_NH44_MAINLINE,NH44_MAINLINE,NH-44 Jammu-Srinagar Highway,116,Original Winding Source Vertex
1627,75.178242,33.276486,516598.48,3681953.07,48.358,OSM_WAY_NH44_MAINLINE,NH44_MAINLINE,NH-44 Jammu-Srinagar Highway,117,Original Winding Source Vertex
1628,75.178584,33.27643,516630.4,3681946.92,48.391,OSM_WAY_NH44_MAINLINE,NH44_MAINLINE,NH-44 Jammu-Srinagar Highway,118,Original Winding Source Vertex
1629,75.179108,33.276372,516679.18,3681940.5,48.44,OSM_WAY_NH44_MAINLINE,NH44_MAINLINE,NH-44 Jammu-Srinagar Highway,119,Original Winding Source Vertex
1630,75.17938,33.276431,516704.51,3681947.09,48.466,OSM_WAY_NH44_MAINLINE,NH44_MAINLINE,NH-44 Jammu-Srinagar Highway,120,Original Winding Source Vertex
1631,75.179563,33.276515,516721.52,3681956.48,48.486,OSM_WAY_NH44_MAINLINE,NH44_MAINLINE,NH-44 Jammu-Srinagar Highway,121,Original Winding Source Vertex
1632,75.17981,33.276635,516744.53,3681969.87,48.512,OSM_WAY_NH44_MAINLINE,NH44_MAINLINE,NH-44 Jammu-Srinagar Highway,122,Original Winding Source Vertex
1633,75.180055,33.276759,516767.29,3681983.62,48.539,OSM_WAY_NH44_MAINLINE,NH44_MAINLINE,NH-44 Jammu-Srinagar Highway,123,Original Winding Source Vertex
1634,75.180306,33.276848,516790.64,3681993.56,48.564,OSM_WAY_NH44_MAINLINE,NH44_MAINLINE,NH-44 Jammu-Srinagar Highway,124,Original Winding Source Vertex
1635,75.180331,33.276954,516792.97,3682005.27,48.576,OSM_WAY_NH44_MAINLINE,NH44_MAINLINE,NH-44 Jammu-Srinagar Highway,125,Original Winding Source Vertex
1636,75.180341,33.277061,516793.89,3682017.18,48.588,OSM_WAY_NH44_MAINLINE,NH44_MAINLINE,NH-44 Jammu-Srinagar Highway,126,Original Winding Source Vertex
1637,75.180296,33.277232,516789.67,3682036.13,48.608,OSM_WAY_NH44_MAINLINE,NH44_MAINLINE,NH-44 Jammu-Srinagar Highway,127,Original Winding Source Vertex
1638,75.180228,33.277506,516783.3,3682066.44,48.639,OSM_WAY_NH44_MAINLINE,NH44_MAINLINE,NH-44 Jammu-Srinagar Highway,128,Original Winding Source Vertex
1639,75.180085,33.277767,516769.92,3682095.39,48.671,OSM_WAY_NH44_MAINLINE,NH44_MAINLINE,NH-44 Jammu-Srinagar Highway,129,Original Winding Source Vertex
1640,75.18003,33.277985,516764.74,3682119.48,48.695,OSM_WAY_NH44_MAINLINE,NH44_MAINLINE,NH-44 Jammu-Srinagar Highway,130,Original Winding Source Vertex
1641,75.180077,33.278222,516769.1,3682145.78,48.722,OSM_WAY_NH44_MAINLINE,NH44_MAINLINE,NH-44 Jammu-Srinagar Highway,131,Original Winding Source Vertex
1642,75.180023,33.278346,516763.96,3682159.57,48.737,OSM_WAY_NH44_MAINLINE,NH44_MAINLINE,NH-44 Jammu-Srinagar Highway,132,Original Winding Source Vertex
1643,75.179933,33.278488,516755.56,3682175.32,48.754,OSM_WAY_NH44_MAINLINE,NH44_MAINLINE,NH-44 Jammu-Srinagar Highway,133,Original Winding Source Vertex
1644,75.179722,33.278706,516735.91,3682199.47,48.786,OSM_WAY_NH44_MAINLINE,NH44_MAINLINE,NH-44 Jammu-Srinagar Highway,134,Original Winding Source Vertex
1645,75.179581,33.278851,516722.76,3682215.43,48.806,OSM_WAY_NH44_MAINLINE,NH44_MAINLINE,NH-44 Jammu-Srinagar Highway,135,Original Winding Source Vertex
1646,75.179629,33.278987,516727.22,3682230.56,48.822,OSM_WAY_NH44_MAINLINE,NH44_MAINLINE,NH-44 Jammu-Srinagar Highway,136,Original Winding Source Vertex
1647,75.179715,33.27916,516735.17,3682249.78,48.843,OSM_WAY_NH44_MAINLINE,NH44_MAINLINE,NH-44 Jammu-Srinagar Highway,137,Original Winding Source Vertex
1648,75.179862,33.279435,516748.82,3682280.21,48.876,OSM_WAY_NH44_MAINLINE,NH44_MAINLINE,NH-44 Jammu-Srinagar Highway,138,Original Winding Source Vertex
1649,75.180034,33.279654,516764.79,3682304.6,48.905,OSM_WAY_NH44_MAINLINE,NH44_MAINLINE,NH-44 Jammu-Srinagar Highway,139,Original Winding Source Vertex
1650,75.180151,33.279827,516775.66,3682323.72,48.927,OSM_WAY_NH44_MAINLINE,NH44_MAINLINE,NH-44 Jammu-Srinagar Highway,140,Original Winding Source Vertex
1651,75.180389,33.279928,516797.75,3682334.95,48.952,OSM_WAY_NH44_MAINLINE,NH44_MAINLINE,NH-44 Jammu-Srinagar Highway,141,Original Winding Source Vertex
1652,75.180648,33.279968,516821.9,3682339.47,48.977,OSM_WAY_NH44_MAINLINE,NH44_MAINLINE,NH-44 Jammu-Srinagar Highway,142,Original Winding Source Vertex
1653,75.180708,33.280007,516827.45,3682343.76,48.984,OSM_WAY_NH44_MAINLINE,NH44_MAINLINE,NH-44 Jammu-Srinagar Highway,143,Original Winding Source Vertex
1654,75.180763,33.280109,516832.59,3682355.13,48.996,OSM_WAY_NH44_MAINLINE,NH44_MAINLINE,NH-44 Jammu-Srinagar Highway,144,Original Winding Source Vertex
1655,75.180719,33.280217,516828.51,3682367.13,49.009,OSM_WAY_NH44_MAINLINE,NH44_MAINLINE,NH-44 Jammu-Srinagar Highway,145,Original Winding Source Vertex
1656,75.180532,33.280389,516810.99,3682386.1,49.035,OSM_WAY_NH44_MAINLINE,NH44_MAINLINE,NH-44 Jammu-Srinagar Highway,146,Original Winding Source Vertex
1657,75.180231,33.28053,516782.96,3682401.73,49.067,OSM_WAY_NH44_MAINLINE,NH44_MAINLINE,NH-44 Jammu-Srinagar Highway,147,Original Winding Source Vertex
1658,75.179945,33.280649,516756.27,3682414.87,49.096,OSM_WAY_NH44_MAINLINE,NH44_MAINLINE,NH-44 Jammu-Srinagar Highway,148,Original Winding Source Vertex
1659,75.179731,33.280814,516736.33,3682433.06,49.123,OSM_WAY_NH44_MAINLINE,NH44_MAINLINE,NH-44 Jammu-Srinagar Highway,149,Original Winding Source Vertex
1660,75.179468,33.280986,516711.77,3682452.2,49.155,OSM_WAY_NH44_MAINLINE,NH44_MAINLINE,NH-44 Jammu-Srinagar Highway,150,Original Winding Source Vertex
1661,75.1792,33.281115,516686.87,3682466.36,49.183,OSM_WAY_NH44_MAINLINE,NH44_MAINLINE,NH-44 Jammu-Srinagar Highway,151,Original Winding Source Vertex
1662,75.178944,33.281244,516662.97,3682480.69,49.211,OSM_WAY_NH44_MAINLINE,NH44_MAINLINE,NH-44 Jammu-Srinagar Highway,152,Original Winding Source Vertex
1663,75.178742,33.28137,516644.14,3682494.6,49.234,OSM_WAY_NH44_MAINLINE,NH44_MAINLINE,NH-44 Jammu-Srinagar Highway,153,Original Winding Source Vertex
1664,75.178521,33.281513,516623.51,3682510.42,49.26,OSM_WAY_NH44_MAINLINE,NH44_MAINLINE,NH-44 Jammu-Srinagar Highway,154,Original Winding Source Vertex
1665,75.178391,33.281663,516611.44,3682527.04,49.281,OSM_WAY_NH44_MAINLINE,NH44_MAINLINE,NH-44 Jammu-Srinagar Highway,155,Original Winding Source Vertex
1666,75.178349,33.281788,516607.51,3682540.87,49.295,OSM_WAY_NH44_MAINLINE,NH44_MAINLINE,NH-44 Jammu-Srinagar Highway,156,Original Winding Source Vertex
1667,75.178383,33.281939,516610.59,3682557.66,49.312,OSM_WAY_NH44_MAINLINE,NH44_MAINLINE,NH-44 Jammu-Srinagar Highway,157,Original Winding Source Vertex
1668,75.178466,33.282164,516618.32,3682582.54,49.339,OSM_WAY_NH44_MAINLINE,NH44_MAINLINE,NH-44 Jammu-Srinagar Highway,158,Original Winding Source Vertex
1669,75.178653,33.282386,516635.64,3682607.25,49.369,OSM_WAY_NH44_MAINLINE,NH44_MAINLINE,NH-44 Jammu-Srinagar Highway,159,Original Winding Source Vertex
1670,75.178789,33.282533,516648.33,3682623.6,49.389,OSM_WAY_NH44_MAINLINE,NH44_MAINLINE,NH-44 Jammu-Srinagar Highway,160,Original Winding Source Vertex
1671,75.178916,33.282719,516660.08,3682644.22,49.413,OSM_WAY_NH44_MAINLINE,NH44_MAINLINE,NH-44 Jammu-Srinagar Highway,161,Original Winding Source Vertex
1672,75.178947,33.282832,516662.95,3682656.73,49.426,OSM_WAY_NH44_MAINLINE,NH44_MAINLINE,NH-44 Jammu-Srinagar Highway,162,Original Winding Source Vertex
1673,75.178894,33.282952,516658.02,3682670.02,49.44,OSM_WAY_NH44_MAINLINE,NH44_MAINLINE,NH-44 Jammu-Srinagar Highway,163,Original Winding Source Vertex
1674,75.178823,33.283138,516651.31,3682690.58,49.462,OSM_WAY_NH44_MAINLINE,NH44_MAINLINE,NH-44 Jammu-Srinagar Highway,164,Original Winding Source Vertex
1675,75.178827,33.283255,516651.73,3682703.55,49.475,OSM_WAY_NH44_MAINLINE,NH44_MAINLINE,NH-44 Jammu-Srinagar Highway,165,Original Winding Source Vertex
1676,75.178877,33.283346,516656.29,3682713.64,49.486,OSM_WAY_NH44_MAINLINE,NH44_MAINLINE,NH-44 Jammu-Srinagar Highway,166,Original Winding Source Vertex
1677,75.178927,33.28346,516660.94,3682726.33,49.499,OSM_WAY_NH44_MAINLINE,NH44_MAINLINE,NH-44 Jammu-Srinagar Highway,167,Original Winding Source Vertex
1678,75.179039,33.283585,516671.41,3682740.24,49.517,OSM_WAY_NH44_MAINLINE,NH44_MAINLINE,NH-44 Jammu-Srinagar Highway,168,Original Winding Source Vertex
1679,75.179593,33.283932,516722.88,3682778.81,49.581,OSM_WAY_NH44_MAINLINE,NH44_MAINLINE,NH-44 Jammu-Srinagar Highway,169,Original Winding Source Vertex
1680,75.179712,33.28405,516733.99,3682791.92,49.598,OSM_WAY_NH44_MAINLINE,NH44_MAINLINE,NH-44 Jammu-Srinagar Highway,170,Original Winding Source Vertex
1681,75.179723,33.284149,516734.93,3682802.87,49.609,OSM_WAY_NH44_MAINLINE,NH44_MAINLINE,NH-44 Jammu-Srinagar Highway,171,Original Winding Source Vertex
1682,75.179646,33.284223,516727.82,3682811.03,49.62,OSM_WAY_NH44_MAINLINE,NH44_MAINLINE,NH-44 Jammu-Srinagar Highway,172,Original Winding Source Vertex
1683,75.179558,33.284267,516719.59,3682815.92,49.63,OSM_WAY_NH44_MAINLINE,NH44_MAINLINE,NH-44 Jammu-Srinagar Highway,173,Original Winding Source Vertex
1684,75.178753,33.284342,516644.64,3682824.05,49.705,OSM_WAY_NH44_MAINLINE,NH44_MAINLINE,NH-44 Jammu-Srinagar Highway,174,Original Winding Source Vertex
1685,75.178465,33.284266,516617.82,3682815.61,49.733,OSM_WAY_NH44_MAINLINE,NH44_MAINLINE,NH-44 Jammu-Srinagar Highway,175,Original Winding Source Vertex
1686,75.178143,33.284216,516587.86,3682810.07,49.764,OSM_WAY_NH44_MAINLINE,NH44_MAINLINE,NH-44 Jammu-Srinagar Highway,176,Original Winding Source Vertex
1687,75.177875,33.284205,516562.91,3682808.8,49.789,OSM_WAY_NH44_MAINLINE,NH44_MAINLINE,NH-44 Jammu-Srinagar Highway,177,Original Winding Source Vertex
1688,75.177635,33.284258,516540.5,3682814.56,49.812,OSM_WAY_NH44_MAINLINE,NH44_MAINLINE,NH-44 Jammu-Srinagar Highway,178,Original Winding Source Vertex
1689,75.17743,33.284231,516521.41,3682811.61,49.831,OSM_WAY_NH44_MAINLINE,NH44_MAINLINE,NH-44 Jammu-Srinagar Highway,179,Original Winding Source Vertex
1690,75.17743,33.284231,516521.41,3682811.61,49.831,OSM_WAY_NH44_MAINLINE,NH44_MAINLINE,NH-44 Jammu-Srinagar Highway,0,Original Winding Source Vertex
1691,75.177194,33.284159,516499.46,3682803.58,49.854,OSM_WAY_NH44_MAINLINE,NH44_MAINLINE,NH-44 Jammu-Srinagar Highway,1,Original Winding Source Vertex
1692,75.176993,33.284113,516480.78,3682798.42,49.874,OSM_WAY_NH44_MAINLINE,NH44_MAINLINE,NH-44 Jammu-Srinagar Highway,2,Original Winding Source Vertex
1693,75.176835,33.284248,516466.06,3682813.38,49.895,OSM_WAY_NH44_MAINLINE,NH44_MAINLINE,NH-44 Jammu-Srinagar Highway,3,Original Winding Source Vertex
1694,75.176642,33.2844,516448.06,3682830.15,49.919,OSM_WAY_NH44_MAINLINE,NH44_MAINLINE,NH-44 Jammu-Srinagar Highway,4,Original Winding Source Vertex
1695,75.176434,33.284535,516428.6,3682845.12,49.944,OSM_WAY_NH44_MAINLINE,NH44_MAINLINE,NH-44 Jammu-Srinagar Highway,5,Original Winding Source Vertex
1696,75.176197,33.284548,516406.52,3682846.56,49.966,OSM_WAY_NH44_MAINLINE,NH44_MAINLINE,NH-44 Jammu-Srinagar Highway,6,Original Winding Source Vertex
1697,75.176024,33.284571,516390.45,3682849.04,49.982,OSM_WAY_NH44_MAINLINE,NH44_MAINLINE,NH-44 Jammu-Srinagar Highway,7,Original Winding Source Vertex
1698,75.17595,33.284613,516383.56,3682853.71,49.991,OSM_WAY_NH44_MAINLINE,NH44_MAINLINE,NH-44 Jammu-Srinagar Highway,8,Original Winding Source Vertex
1699,75.175916,33.284696,516380.4,3682862.88,50.0,OSM_WAY_NH44_MAINLINE,NH44_MAINLINE,NH-44 Jammu-Srinagar Highway,9,Original Winding Source Vertex
1700,75.175941,33.284801,516382.7,3682874.58,50.012,OSM_WAY_NH44_MAINLINE,NH44_MAINLINE,NH-44 Jammu-Srinagar Highway,10,Original Winding Source Vertex
1701,75.176074,33.285002,516394.98,3682896.85,50.038,OSM_WAY_NH44_MAINLINE,NH44_MAINLINE,NH-44 Jammu-Srinagar Highway,11,Original Winding Source Vertex
1702,75.176225,33.285261,516409.02,3682925.56,50.07,OSM_WAY_NH44_MAINLINE,NH44_MAINLINE,NH-44 Jammu-Srinagar Highway,12,Original Winding Source Vertex
1703,75.176575,33.285857,516441.48,3682991.71,50.143,OSM_WAY_NH44_MAINLINE,NH44_MAINLINE,NH-44 Jammu-Srinagar Highway,13,Original Winding Source Vertex
1704,75.176642,33.286082,516447.75,3683016.7,50.169,OSM_WAY_NH44_MAINLINE,NH44_MAINLINE,NH-44 Jammu-Srinagar Highway,14,Original Winding Source Vertex
1705,75.176742,33.28631,516456.95,3683041.96,50.196,OSM_WAY_NH44_MAINLINE,NH44_MAINLINE,NH-44 Jammu-Srinagar Highway,15,Original Winding Source Vertex
1706,75.176916,33.286533,516473.13,3683066.69,50.226,OSM_WAY_NH44_MAINLINE,NH44_MAINLINE,NH-44 Jammu-Srinagar Highway,16,Original Winding Source Vertex
1707,75.177211,33.286849,516500.54,3683101.8,50.27,OSM_WAY_NH44_MAINLINE,NH44_MAINLINE,NH-44 Jammu-Srinagar Highway,17,Original Winding Source Vertex
1708,75.177513,33.287189,516528.6,3683139.51,50.317,OSM_WAY_NH44_MAINLINE,NH44_MAINLINE,NH-44 Jammu-Srinagar Highway,18,Original Winding Source Vertex
1709,75.177843,33.287685,516559.21,3683194.55,50.38,OSM_WAY_NH44_MAINLINE,NH44_MAINLINE,NH-44 Jammu-Srinagar Highway,19,Original Winding Source Vertex
1710,75.177927,33.287969,516566.97,3683226.09,50.413,OSM_WAY_NH44_MAINLINE,NH44_MAINLINE,NH-44 Jammu-Srinagar Highway,20,Original Winding Source Vertex
1711,75.177911,33.288175,516565.5,3683248.95,50.435,OSM_WAY_NH44_MAINLINE,NH44_MAINLINE,NH-44 Jammu-Srinagar Highway,21,Original Winding Source Vertex
1712,75.177946,33.288483,516568.71,3683283.05,50.47,OSM_WAY_NH44_MAINLINE,NH44_MAINLINE,NH-44 Jammu-Srinagar Highway,22,Original Winding Source Vertex
1713,75.178048,33.288718,516578.08,3683309.13,50.497,OSM_WAY_NH44_MAINLINE,NH44_MAINLINE,NH-44 Jammu-Srinagar Highway,23,Original Winding Source Vertex
1714,75.178021,33.28897,516575.58,3683337.09,50.525,OSM_WAY_NH44_MAINLINE,NH44_MAINLINE,NH-44 Jammu-Srinagar Highway,24,Original Winding Source Vertex
1715,75.177979,33.289139,516571.62,3683355.85,50.545,OSM_WAY_NH44_MAINLINE,NH44_MAINLINE,NH-44 Jammu-Srinagar Highway,25,Original Winding Source Vertex
1716,75.178005,33.28928,516574.06,3683371.4,50.56,OSM_WAY_NH44_MAINLINE,NH44_MAINLINE,NH-44 Jammu-Srinagar Highway,26,Original Winding Source Vertex
1717,75.178039,33.289413,516577.13,3683386.17,50.576,OSM_WAY_NH44_MAINLINE,NH44_MAINLINE,NH-44 Jammu-Srinagar Highway,27,Original Winding Source Vertex
1718,75.177967,33.289543,516570.48,3683400.62,50.591,OSM_WAY_NH44_MAINLINE,NH44_MAINLINE,NH-44 Jammu-Srinagar Highway,28,Original Winding Source Vertex
1719,75.177816,33.289668,516556.38,3683414.45,50.611,OSM_WAY_NH44_MAINLINE,NH44_MAINLINE,NH-44 Jammu-Srinagar Highway,29,Original Winding Source Vertex
1720,75.177779,33.289797,516552.89,3683428.73,50.626,OSM_WAY_NH44_MAINLINE,NH44_MAINLINE,NH-44 Jammu-Srinagar Highway,30,Original Winding Source Vertex
1721,75.177778,33.290009,516552.75,3683452.21,50.649,OSM_WAY_NH44_MAINLINE,NH44_MAINLINE,NH-44 Jammu-Srinagar Highway,31,Original Winding Source Vertex
1722,75.177745,33.290192,516549.68,3683472.47,50.67,OSM_WAY_NH44_MAINLINE,NH44_MAINLINE,NH-44 Jammu-Srinagar Highway,32,Original Winding Source Vertex
1723,75.177637,33.290385,516539.55,3683493.89,50.694,OSM_WAY_NH44_MAINLINE,NH44_MAINLINE,NH-44 Jammu-Srinagar Highway,33,Original Winding Source Vertex
1724,75.177489,33.290541,516525.77,3683511.14,50.716,OSM_WAY_NH44_MAINLINE,NH44_MAINLINE,NH-44 Jammu-Srinagar Highway,34,Original Winding Source Vertex
1725,75.177254,33.290649,516503.81,3683523.04,50.741,OSM_WAY_NH44_MAINLINE,NH44_MAINLINE,NH-44 Jammu-Srinagar Highway,35,Original Winding Source Vertex
1726,75.176949,33.290726,516475.42,3683531.57,50.77,OSM_WAY_NH44_MAINLINE,NH44_MAINLINE,NH-44 Jammu-Srinagar Highway,36,Original Winding Source Vertex
1727,75.176906,33.290808,516471.43,3683540.61,50.78,OSM_WAY_NH44_MAINLINE,NH44_MAINLINE,NH-44 Jammu-Srinagar Highway,37,Original Winding Source Vertex
1728,75.176913,33.290955,516472.01,3683556.91,50.796,OSM_WAY_NH44_MAINLINE,NH44_MAINLINE,NH-44 Jammu-Srinagar Highway,38,Original Winding Source Vertex
1729,75.176948,33.291098,516475.31,3683572.81,50.813,OSM_WAY_NH44_MAINLINE,NH44_MAINLINE,NH-44 Jammu-Srinagar Highway,39,Original Winding Source Vertex
1730,75.177017,33.291282,516481.61,3683593.19,50.834,OSM_WAY_NH44_MAINLINE,NH44_MAINLINE,NH-44 Jammu-Srinagar Highway,40,Original Winding Source Vertex
1731,75.177181,33.291633,516496.86,3683632.12,50.876,OSM_WAY_NH44_MAINLINE,NH44_MAINLINE,NH-44 Jammu-Srinagar Highway,41,Original Winding Source Vertex
1732,75.177188,33.291913,516497.43,3683663.25,50.907,OSM_WAY_NH44_MAINLINE,NH44_MAINLINE,NH-44 Jammu-Srinagar Highway,42,Original Winding Source Vertex
1733,75.177052,33.292141,516484.76,3683688.48,50.935,OSM_WAY_NH44_MAINLINE,NH44_MAINLINE,NH-44 Jammu-Srinagar Highway,43,Original Winding Source Vertex
1734,75.176773,33.292372,516458.72,3683714.06,50.972,OSM_WAY_NH44_MAINLINE,NH44_MAINLINE,NH-44 Jammu-Srinagar Highway,44,Original Winding Source Vertex
1735,75.176642,33.29252,516446.54,3683730.4,50.992,OSM_WAY_NH44_MAINLINE,NH44_MAINLINE,NH-44 Jammu-Srinagar Highway,45,Original Winding Source Vertex
1736,75.176642,33.292777,516446.49,3683758.87,51.021,OSM_WAY_NH44_MAINLINE,NH44_MAINLINE,NH-44 Jammu-Srinagar Highway,46,Original Winding Source Vertex
1737,75.176665,33.293141,516448.48,3683799.24,51.061,OSM_WAY_NH44_MAINLINE,NH44_MAINLINE,NH-44 Jammu-Srinagar Highway,47,Original Winding Source Vertex
1738,75.176615,33.293419,516443.8,3683830.05,51.092,OSM_WAY_NH44_MAINLINE,NH44_MAINLINE,NH-44 Jammu-Srinagar Highway,48,Original Winding Source Vertex
1739,75.17642,33.293996,516425.52,3683894.06,51.159,OSM_WAY_NH44_MAINLINE,NH44_MAINLINE,NH-44 Jammu-Srinagar Highway,49,Original Winding Source Vertex
1740,75.176264,33.294334,516411.0,3683931.48,51.199,OSM_WAY_NH44_MAINLINE,NH44_MAINLINE,NH-44 Jammu-Srinagar Highway,50,Original Winding Source Vertex
1741,75.176086,33.294533,516394.38,3683953.5,51.226,OSM_WAY_NH44_MAINLINE,NH44_MAINLINE,NH-44 Jammu-Srinagar Highway,51,Original Winding Source Vertex
1742,75.175839,33.294719,516371.31,3683974.12,51.257,OSM_WAY_NH44_MAINLINE,NH44_MAINLINE,NH-44 Jammu-Srinagar Highway,52,Original Winding Source Vertex
1743,75.17569,33.294846,516357.46,3683988.12,51.277,OSM_WAY_NH44_MAINLINE,NH44_MAINLINE,NH-44 Jammu-Srinagar Highway,53,Original Winding Source Vertex
1744,75.175619,33.294953,516350.83,3683999.94,51.291,OSM_WAY_NH44_MAINLINE,NH44_MAINLINE,NH-44 Jammu-Srinagar Highway,54,Original Winding Source Vertex
1745,75.175651,33.295091,516353.76,3684015.24,51.306,OSM_WAY_NH44_MAINLINE,NH44_MAINLINE,NH-44 Jammu-Srinagar Highway,55,Original Winding Source Vertex
1746,75.175772,33.295226,516364.99,3684030.33,51.325,OSM_WAY_NH44_MAINLINE,NH44_MAINLINE,NH-44 Jammu-Srinagar Highway,56,Original Winding Source Vertex
1747,75.17588,33.295436,516374.99,3684053.56,51.35,OSM_WAY_NH44_MAINLINE,NH44_MAINLINE,NH-44 Jammu-Srinagar Highway,57,Original Winding Source Vertex
1748,75.175807,33.295694,516368.19,3684082.16,51.38,OSM_WAY_NH44_MAINLINE,NH44_MAINLINE,NH-44 Jammu-Srinagar Highway,58,Original Winding Source Vertex
1749,75.175753,33.295967,516363.09,3684112.42,51.41,OSM_WAY_NH44_MAINLINE,NH44_MAINLINE,NH-44 Jammu-Srinagar Highway,59,Original Winding Source Vertex
1750,75.175772,33.296191,516364.81,3684137.28,51.435,OSM_WAY_NH44_MAINLINE,NH44_MAINLINE,NH-44 Jammu-Srinagar Highway,60,Original Winding Source Vertex
1751,75.175875,33.296403,516374.37,3684160.79,51.461,OSM_WAY_NH44_MAINLINE,NH44_MAINLINE,NH-44 Jammu-Srinagar Highway,61,Original Winding Source Vertex
1752,75.176023,33.296638,516388.14,3684186.9,51.49,OSM_WAY_NH44_MAINLINE,NH44_MAINLINE,NH-44 Jammu-Srinagar Highway,62,Original Winding Source Vertex
1753,75.176122,33.296665,516397.35,3684189.9,51.5,OSM_WAY_NH44_MAINLINE,NH44_MAINLINE,NH-44 Jammu-Srinagar Highway,63,Original Winding Source Vertex
1754,75.176313,33.296637,516415.1,3684186.8,51.518,OSM_WAY_NH44_MAINLINE,NH44_MAINLINE,NH-44 Jammu-Srinagar Highway,64,Original Winding Source Vertex
1755,75.176492,33.296437,516431.78,3684164.65,51.546,OSM_WAY_NH44_MAINLINE,NH44_MAINLINE,NH-44 Jammu-Srinagar Highway,65,Original Winding Source Vertex
1756,75.176752,33.296122,516456.07,3684129.77,51.588,OSM_WAY_NH44_MAINLINE,NH44_MAINLINE,NH-44 Jammu-Srinagar Highway,66,Original Winding Source Vertex
1757,75.177036,33.295959,516482.59,3684111.7,51.62,OSM_WAY_NH44_MAINLINE,NH44_MAINLINE,NH-44 Jammu-Srinagar Highway,67,Original Winding Source Vertex
1758,75.177358,33.295807,516512.54,3684094.91,51.655,OSM_WAY_NH44_MAINLINE,NH44_MAINLINE,NH-44 Jammu-Srinagar Highway,68,Original Winding Source Vertex
1759,75.177705,33.295747,516544.86,3684088.34,51.688,OSM_WAY_NH44_MAINLINE,NH44_MAINLINE,NH-44 Jammu-Srinagar Highway,69,Original Winding Source Vertex
1760,75.178011,33.295734,516573.34,3684086.96,51.716,OSM_WAY_NH44_MAINLINE,NH44_MAINLINE,NH-44 Jammu-Srinagar Highway,70,Original Winding Source Vertex
1761,75.178487,33.295767,516617.69,3684090.68,51.761,OSM_WAY_NH44_MAINLINE,NH44_MAINLINE,NH-44 Jammu-Srinagar Highway,71,Original Winding Source Vertex
1762,75.178811,33.295711,516647.85,3684084.53,51.791,OSM_WAY_NH44_MAINLINE,NH44_MAINLINE,NH-44 Jammu-Srinagar Highway,72,Original Winding Source Vertex
1763,75.179144,33.295595,516678.86,3684071.69,51.825,OSM_WAY_NH44_MAINLINE,NH44_MAINLINE,NH-44 Jammu-Srinagar Highway,73,Original Winding Source Vertex
1764,75.179354,33.295582,516698.42,3684070.31,51.844,OSM_WAY_NH44_MAINLINE,NH44_MAINLINE,NH-44 Jammu-Srinagar Highway,74,Original Winding Source Vertex
1765,75.179439,33.295589,516706.34,3684071.15,51.852,OSM_WAY_NH44_MAINLINE,NH44_MAINLINE,NH-44 Jammu-Srinagar Highway,75,Original Winding Source Vertex
1766,75.179551,33.295705,516716.74,3684084.0,51.869,OSM_WAY_NH44_MAINLINE,NH44_MAINLINE,NH-44 Jammu-Srinagar Highway,76,Original Winding Source Vertex
1767,75.17962,33.29577,516723.2,3684091.16,51.879,OSM_WAY_NH44_MAINLINE,NH44_MAINLINE,NH-44 Jammu-Srinagar Highway,77,Original Winding Source Vertex
1768,75.179775,33.295889,516737.6,3684104.44,51.898,OSM_WAY_NH44_MAINLINE,NH44_MAINLINE,NH-44 Jammu-Srinagar Highway,78,Original Winding Source Vertex
1769,75.179987,33.296028,516757.3,3684119.83,51.923,OSM_WAY_NH44_MAINLINE,NH44_MAINLINE,NH-44 Jammu-Srinagar Highway,79,Original Winding Source Vertex
1770,75.180223,33.296043,516779.29,3684121.61,51.945,OSM_WAY_NH44_MAINLINE,NH44_MAINLINE,NH-44 Jammu-Srinagar Highway,80,Original Winding Source Vertex
1771,75.180605,33.296034,516814.78,3684120.67,51.981,OSM_WAY_NH44_MAINLINE,NH44_MAINLINE,NH-44 Jammu-Srinagar Highway,81,Original Winding Source Vertex
1772,75.180885,33.295984,516840.93,3684115.14,52.007,OSM_WAY_NH44_MAINLINE,NH44_MAINLINE,NH-44 Jammu-Srinagar Highway,82,Original Winding Source Vertex
1773,75.18118,33.29578,516868.43,3684092.51,52.043,OSM_WAY_NH44_MAINLINE,NH44_MAINLINE,NH-44 Jammu-Srinagar Highway,83,Original Winding Source Vertex
1774,75.181415,33.295683,516890.32,3684081.8,52.067,OSM_WAY_NH44_MAINLINE,NH44_MAINLINE,NH-44 Jammu-Srinagar Highway,84,Original Winding Source Vertex
1775,75.181965,33.295646,516941.5,3684077.85,52.119,OSM_WAY_NH44_MAINLINE,NH44_MAINLINE,NH-44 Jammu-Srinagar Highway,85,Original Winding Source Vertex
1776,75.182791,33.295625,517018.46,3684075.62,52.196,OSM_WAY_NH44_MAINLINE,NH44_MAINLINE,NH-44 Jammu-Srinagar Highway,86,Original Winding Source Vertex
1777,75.183215,33.295648,517057.89,3684078.27,52.235,OSM_WAY_NH44_MAINLINE,NH44_MAINLINE,NH-44 Jammu-Srinagar Highway,87,Original Winding Source Vertex
1778,75.18332,33.295716,517067.63,3684085.86,52.248,OSM_WAY_NH44_MAINLINE,NH44_MAINLINE,NH-44 Jammu-Srinagar Highway,88,Original Winding Source Vertex
1779,75.183402,33.295847,517075.27,3684100.37,52.264,OSM_WAY_NH44_MAINLINE,NH44_MAINLINE,NH-44 Jammu-Srinagar Highway,89,Original Winding Source Vertex
1780,75.183395,33.296032,517074.52,3684120.86,52.285,OSM_WAY_NH44_MAINLINE,NH44_MAINLINE,NH-44 Jammu-Srinagar Highway,90,Original Winding Source Vertex
1781,75.183278,33.296166,517063.65,3684135.75,52.303,OSM_WAY_NH44_MAINLINE,NH44_MAINLINE,NH-44 Jammu-Srinagar Highway,91,Original Winding Source Vertex
1782,75.182937,33.296326,517031.9,3684153.39,52.339,OSM_WAY_NH44_MAINLINE,NH44_MAINLINE,NH-44 Jammu-Srinagar Highway,92,Original Winding Source Vertex
1783,75.182547,33.296497,516995.55,3684172.31,52.38,OSM_WAY_NH44_MAINLINE,NH44_MAINLINE,NH-44 Jammu-Srinagar Highway,93,Original Winding Source Vertex
1784,75.182177,33.296569,516961.06,3684180.21,52.416,OSM_WAY_NH44_MAINLINE,NH44_MAINLINE,NH-44 Jammu-Srinagar Highway,94,Original Winding Source Vertex
1785,75.181971,33.296642,516941.85,3684188.29,52.437,OSM_WAY_NH44_MAINLINE,NH44_MAINLINE,NH-44 Jammu-Srinagar Highway,95,Original Winding Source Vertex
1786,75.18177,33.296845,516923.13,3684210.76,52.466,OSM_WAY_NH44_MAINLINE,NH44_MAINLINE,NH-44 Jammu-Srinagar Highway,96,Original Winding Source Vertex
1787,75.181651,33.296959,516911.97,3684223.33,52.483,OSM_WAY_NH44_MAINLINE,NH44_MAINLINE,NH-44 Jammu-Srinagar Highway,97,Original Winding Source Vertex
1788,75.18159,33.297162,516906.31,3684245.89,52.506,OSM_WAY_NH44_MAINLINE,NH44_MAINLINE,NH-44 Jammu-Srinagar Highway,98,Original Winding Source Vertex
1789,75.181541,33.297471,516901.72,3684280.11,52.54,OSM_WAY_NH44_MAINLINE,NH44_MAINLINE,NH-44 Jammu-Srinagar Highway,99,Original Winding Source Vertex
1790,75.181438,33.297722,516892.01,3684307.92,52.57,OSM_WAY_NH44_MAINLINE,NH44_MAINLINE,NH-44 Jammu-Srinagar Highway,100,Original Winding Source Vertex
1791,75.181187,33.298013,516868.58,3684340.11,52.61,OSM_WAY_NH44_MAINLINE,NH44_MAINLINE,NH-44 Jammu-Srinagar Highway,101,Original Winding Source Vertex
1792,75.180921,33.298273,516843.81,3684368.93,52.648,OSM_WAY_NH44_MAINLINE,NH44_MAINLINE,NH-44 Jammu-Srinagar Highway,102,Original Winding Source Vertex
1793,75.180702,33.298404,516823.41,3684383.38,52.673,OSM_WAY_NH44_MAINLINE,NH44_MAINLINE,NH-44 Jammu-Srinagar Highway,103,Original Winding Source Vertex
1794,75.18066,33.298529,516819.49,3684397.23,52.687,OSM_WAY_NH44_MAINLINE,NH44_MAINLINE,NH-44 Jammu-Srinagar Highway,104,Original Winding Source Vertex
1795,75.180649,33.298624,516818.37,3684407.81,52.698,OSM_WAY_NH44_MAINLINE,NH44_MAINLINE,NH-44 Jammu-Srinagar Highway,105,Original Winding Source Vertex
1796,75.180772,33.298745,516829.8,3684421.21,52.715,OSM_WAY_NH44_MAINLINE,NH44_MAINLINE,NH-44 Jammu-Srinagar Highway,106,Original Winding Source Vertex
1797,75.180905,33.298973,516842.14,3684446.55,52.743,OSM_WAY_NH44_MAINLINE,NH44_MAINLINE,NH-44 Jammu-Srinagar Highway,107,Original Winding Source Vertex
1798,75.181132,33.299334,516863.22,3684486.61,52.789,OSM_WAY_NH44_MAINLINE,NH44_MAINLINE,NH-44 Jammu-Srinagar Highway,108,Original Winding Source Vertex
1799,75.1812,33.299559,516869.54,3684511.56,52.814,OSM_WAY_NH44_MAINLINE,NH44_MAINLINE,NH-44 Jammu-Srinagar Highway,109,Original Winding Source Vertex
1800,75.181228,33.299961,516872.03,3684556.1,52.859,OSM_WAY_NH44_MAINLINE,NH44_MAINLINE,NH-44 Jammu-Srinagar Highway,110,Original Winding Source Vertex
1801,75.181338,33.30035,516882.22,3684599.19,52.903,OSM_WAY_NH44_MAINLINE,NH44_MAINLINE,NH-44 Jammu-Srinagar Highway,111,Original Winding Source Vertex
1802,75.181567,33.301158,516903.38,3684688.91,52.996,OSM_WAY_NH44_MAINLINE,NH44_MAINLINE,NH-44 Jammu-Srinagar Highway,112,Original Winding Source Vertex
1803,75.181791,33.301705,516924.14,3684749.57,53.06,OSM_WAY_NH44_MAINLINE,NH44_MAINLINE,NH-44 Jammu-Srinagar Highway,113,Original Winding Source Vertex
1804,75.181876,33.301984,516932.01,3684780.51,53.092,OSM_WAY_NH44_MAINLINE,NH44_MAINLINE,NH-44 Jammu-Srinagar Highway,114,Original Winding Source Vertex
1805,75.181978,33.302195,516941.4,3684803.87,53.117,OSM_WAY_NH44_MAINLINE,NH44_MAINLINE,NH-44 Jammu-Srinagar Highway,115,Original Winding Source Vertex
1806,75.182049,33.302327,516948.03,3684818.56,53.133,OSM_WAY_NH44_MAINLINE,NH44_MAINLINE,NH-44 Jammu-Srinagar Highway,116,Original Winding Source Vertex
1807,75.182162,33.30243,516958.53,3684830.0,53.148,OSM_WAY_NH44_MAINLINE,NH44_MAINLINE,NH-44 Jammu-Srinagar Highway,117,Original Winding Source Vertex
1808,75.182297,33.30253,516971.12,3684841.12,53.165,OSM_WAY_NH44_MAINLINE,NH44_MAINLINE,NH-44 Jammu-Srinagar Highway,118,Original Winding Source Vertex
1809,75.182346,33.302636,516975.62,3684852.89,53.178,OSM_WAY_NH44_MAINLINE,NH44_MAINLINE,NH-44 Jammu-Srinagar Highway,119,Original Winding Source Vertex
1810,75.182396,33.302879,516980.26,3684879.81,53.205,OSM_WAY_NH44_MAINLINE,NH44_MAINLINE,NH-44 Jammu-Srinagar Highway,120,Original Winding Source Vertex
1811,75.182538,33.303162,516993.37,3684911.22,53.239,OSM_WAY_NH44_MAINLINE,NH44_MAINLINE,NH-44 Jammu-Srinagar Highway,121,Original Winding Source Vertex
1812,75.182575,33.303268,516996.8,3684922.96,53.251,OSM_WAY_NH44_MAINLINE,NH44_MAINLINE,NH-44 Jammu-Srinagar Highway,122,Original Winding Source Vertex
1813,75.18263,33.303424,517001.86,3684940.24,53.269,OSM_WAY_NH44_MAINLINE,NH44_MAINLINE,NH-44 Jammu-Srinagar Highway,123,Original Winding Source Vertex
1814,75.182759,33.303677,517013.89,3684968.35,53.3,OSM_WAY_NH44_MAINLINE,NH44_MAINLINE,NH-44 Jammu-Srinagar Highway,124,Original Winding Source Vertex
1815,75.182756,33.303794,517013.61,3684981.3,53.313,OSM_WAY_NH44_MAINLINE,NH44_MAINLINE,NH-44 Jammu-Srinagar Highway,125,Original Winding Source Vertex
1816,75.182738,33.303936,517011.82,3684997.06,53.329,OSM_WAY_NH44_MAINLINE,NH44_MAINLINE,NH-44 Jammu-Srinagar Highway,126,Original Winding Source Vertex
1817,75.182677,33.304129,517006.18,3685018.42,53.351,OSM_WAY_NH44_MAINLINE,NH44_MAINLINE,NH-44 Jammu-Srinagar Highway,127,Original Winding Source Vertex
1818,75.182646,33.304426,517003.18,3685051.33,53.384,OSM_WAY_NH44_MAINLINE,NH44_MAINLINE,NH-44 Jammu-Srinagar Highway,128,Original Winding Source Vertex
1819,75.182551,33.304694,516994.33,3685081.09,53.415,OSM_WAY_NH44_MAINLINE,NH44_MAINLINE,NH-44 Jammu-Srinagar Highway,129,Original Winding Source Vertex
1820,75.182384,33.305006,516978.68,3685115.58,53.453,OSM_WAY_NH44_MAINLINE,NH44_MAINLINE,NH-44 Jammu-Srinagar Highway,130,Original Winding Source Vertex
1821,75.182298,33.305333,516970.67,3685151.83,53.49,OSM_WAY_NH44_MAINLINE,NH44_MAINLINE,NH-44 Jammu-Srinagar Highway,131,Original Winding Source Vertex
1822,75.182185,33.305544,516960.08,3685175.26,53.516,OSM_WAY_NH44_MAINLINE,NH44_MAINLINE,NH-44 Jammu-Srinagar Highway,132,Original Winding Source Vertex
1823,75.182067,33.305831,516949.0,3685207.0,53.549,OSM_WAY_NH44_MAINLINE,NH44_MAINLINE,NH-44 Jammu-Srinagar Highway,133,Original Winding Source Vertex
1824,75.181924,33.306065,516935.71,3685232.98,53.578,OSM_WAY_NH44_MAINLINE,NH44_MAINLINE,NH-44 Jammu-Srinagar Highway,134,Original Winding Source Vertex
1825,75.181771,33.306303,516921.39,3685259.29,53.608,OSM_WAY_NH44_MAINLINE,NH44_MAINLINE,NH-44 Jammu-Srinagar Highway,135,Original Winding Source Vertex
1826,75.181585,33.306427,516904.01,3685273.06,53.631,OSM_WAY_NH44_MAINLINE,NH44_MAINLINE,NH-44 Jammu-Srinagar Highway,136,Original Winding Source Vertex
1827,75.181417,33.306583,516888.4,3685290.29,53.654,OSM_WAY_NH44_MAINLINE,NH44_MAINLINE,NH-44 Jammu-Srinagar Highway,137,Original Winding Source Vertex
1828,75.181139,33.306829,516862.46,3685317.52,53.691,OSM_WAY_NH44_MAINLINE,NH44_MAINLINE,NH-44 Jammu-Srinagar Highway,138,Original Winding Source Vertex
1829,75.181029,33.306953,516852.21,3685331.26,53.709,OSM_WAY_NH44_MAINLINE,NH44_MAINLINE,NH-44 Jammu-Srinagar Highway,139,Original Winding Source Vertex
1830,75.181041,33.307087,516853.28,3685346.05,53.723,OSM_WAY_NH44_MAINLINE,NH44_MAINLINE,NH-44 Jammu-Srinagar Highway,140,Original Winding Source Vertex
1831,75.181177,33.307251,516865.9,3685364.3,53.746,OSM_WAY_NH44_MAINLINE,NH44_MAINLINE,NH-44 Jammu-Srinagar Highway,141,Original Winding Source Vertex
1832,75.181236,33.307423,516871.39,3685383.33,53.765,OSM_WAY_NH44_MAINLINE,NH44_MAINLINE,NH-44 Jammu-Srinagar Highway,142,Original Winding Source Vertex
1833,75.18128,33.307596,516875.38,3685402.6,53.785,OSM_WAY_NH44_MAINLINE,NH44_MAINLINE,NH-44 Jammu-Srinagar Highway,143,Original Winding Source Vertex
1834,75.181314,33.307726,516878.61,3685416.96,53.8,OSM_WAY_NH44_MAINLINE,NH44_MAINLINE,NH-44 Jammu-Srinagar Highway,144,Original Winding Source Vertex
1835,75.181385,33.307874,516885.13,3685433.38,53.818,OSM_WAY_NH44_MAINLINE,NH44_MAINLINE,NH-44 Jammu-Srinagar Highway,145,Original Winding Source Vertex
1836,75.181436,33.308025,516889.88,3685450.16,53.835,OSM_WAY_NH44_MAINLINE,NH44_MAINLINE,NH-44 Jammu-Srinagar Highway,146,Original Winding Source Vertex
1837,75.181432,33.30816,516889.48,3685465.12,53.85,OSM_WAY_NH44_MAINLINE,NH44_MAINLINE,NH-44 Jammu-Srinagar Highway,147,Original Winding Source Vertex
1838,75.181417,33.308321,516888.03,3685482.96,53.868,OSM_WAY_NH44_MAINLINE,NH44_MAINLINE,NH-44 Jammu-Srinagar Highway,148,Original Winding Source Vertex
1839,75.181378,33.308517,516884.39,3685504.64,53.89,OSM_WAY_NH44_MAINLINE,NH44_MAINLINE,NH-44 Jammu-Srinagar Highway,149,Original Winding Source Vertex
1840,75.181377,33.308643,516884.23,3685518.69,53.904,OSM_WAY_NH44_MAINLINE,NH44_MAINLINE,NH-44 Jammu-Srinagar Highway,150,Original Winding Source Vertex
1841,75.181528,33.308733,516898.31,3685528.7,53.921,OSM_WAY_NH44_MAINLINE,NH44_MAINLINE,NH-44 Jammu-Srinagar Highway,151,Original Winding Source Vertex
1842,75.181776,33.308797,516921.4,3685535.77,53.945,OSM_WAY_NH44_MAINLINE,NH44_MAINLINE,NH-44 Jammu-Srinagar Highway,152,Original Winding Source Vertex
1843,75.182003,33.308767,516942.52,3685532.55,53.967,OSM_WAY_NH44_MAINLINE,NH44_MAINLINE,NH-44 Jammu-Srinagar Highway,153,Original Winding Source Vertex
1844,75.18213,33.308791,516954.34,3685535.2,53.979,OSM_WAY_NH44_MAINLINE,NH44_MAINLINE,NH-44 Jammu-Srinagar Highway,154,Original Winding Source Vertex
1845,75.182414,33.308849,516980.77,3685541.65,54.006,OSM_WAY_NH44_MAINLINE,NH44_MAINLINE,NH-44 Jammu-Srinagar Highway,155,Original Winding Source Vertex
1846,75.182646,33.308926,517002.35,3685550.2,54.029,OSM_WAY_NH44_MAINLINE,NH44_MAINLINE,NH-44 Jammu-Srinagar Highway,156,Original Winding Source Vertex
1847,75.182859,33.309104,517022.13,3685569.97,54.057,OSM_WAY_NH44_MAINLINE,NH44_MAINLINE,NH-44 Jammu-Srinagar Highway,157,Original Winding Source Vertex
1848,75.183277,33.309375,517060.98,3685600.12,54.106,OSM_WAY_NH44_MAINLINE,NH44_MAINLINE,NH-44 Jammu-Srinagar Highway,158,Original Winding Source Vertex
1849,75.183414,33.309455,517073.7,3685608.98,54.122,OSM_WAY_NH44_MAINLINE,NH44_MAINLINE,NH-44 Jammu-Srinagar Highway,159,Original Winding Source Vertex
1850,75.183753,33.309598,517105.22,3685624.9,54.157,OSM_WAY_NH44_MAINLINE,NH44_MAINLINE,NH-44 Jammu-Srinagar Highway,160,Original Winding Source Vertex
1851,75.184158,33.309778,517142.89,3685644.98,54.2,OSM_WAY_NH44_MAINLINE,NH44_MAINLINE,NH-44 Jammu-Srinagar Highway,161,Original Winding Source Vertex
1852,75.184382,33.309835,517163.74,3685651.27,54.222,OSM_WAY_NH44_MAINLINE,NH44_MAINLINE,NH-44 Jammu-Srinagar Highway,162,Original Winding Source Vertex
1853,75.184768,33.309905,517199.67,3685659.08,54.258,OSM_WAY_NH44_MAINLINE,NH44_MAINLINE,NH-44 Jammu-Srinagar Highway,163,Original Winding Source Vertex
1854,75.18488,33.310008,517210.09,3685670.6,54.274,OSM_WAY_NH44_MAINLINE,NH44_MAINLINE,NH-44 Jammu-Srinagar Highway,164,Original Winding Source Vertex
1855,75.184937,33.310128,517215.32,3685683.89,54.288,OSM_WAY_NH44_MAINLINE,NH44_MAINLINE,NH-44 Jammu-Srinagar Highway,165,Original Winding Source Vertex
1856,75.185043,33.310243,517225.23,3685696.6,54.304,OSM_WAY_NH44_MAINLINE,NH44_MAINLINE,NH-44 Jammu-Srinagar Highway,166,Original Winding Source Vertex
1857,75.185305,33.310452,517249.59,3685719.91,54.338,OSM_WAY_NH44_MAINLINE,NH44_MAINLINE,NH-44 Jammu-Srinagar Highway,167,Original Winding Source Vertex
1858,75.18554,33.310751,517271.38,3685753.03,54.378,OSM_WAY_NH44_MAINLINE,NH44_MAINLINE,NH-44 Jammu-Srinagar Highway,168,Original Winding Source Vertex
1859,75.185771,33.311055,517292.8,3685786.79,54.418,OSM_WAY_NH44_MAINLINE,NH44_MAINLINE,NH-44 Jammu-Srinagar Highway,169,Original Winding Source Vertex
1860,75.186115,33.311597,517324.75,3685846.92,54.486,OSM_WAY_NH44_MAINLINE,NH44_MAINLINE,NH-44 Jammu-Srinagar Highway,170,Original Winding Source Vertex
1861,75.186157,33.31178,517328.64,3685867.24,54.506,OSM_WAY_NH44_MAINLINE,NH44_MAINLINE,NH-44 Jammu-Srinagar Highway,171,Original Winding Source Vertex
1862,75.186104,33.311886,517323.69,3685878.95,54.519,OSM_WAY_NH44_MAINLINE,NH44_MAINLINE,NH-44 Jammu-Srinagar Highway,172,Original Winding Source Vertex
1863,75.185988,33.312001,517312.86,3685891.68,54.536,OSM_WAY_NH44_MAINLINE,NH44_MAINLINE,NH-44 Jammu-Srinagar Highway,173,Original Winding Source Vertex
1864,75.185859,33.312089,517300.77,3685901.42,54.551,OSM_WAY_NH44_MAINLINE,NH44_MAINLINE,NH-44 Jammu-Srinagar Highway,174,Original Winding Source Vertex
1865,75.185776,33.312233,517293.05,3685917.37,54.569,OSM_WAY_NH44_MAINLINE,NH44_MAINLINE,NH-44 Jammu-Srinagar Highway,175,Original Winding Source Vertex
1866,75.185797,33.312395,517295.01,3685935.31,54.587,OSM_WAY_NH44_MAINLINE,NH44_MAINLINE,NH-44 Jammu-Srinagar Highway,176,Original Winding Source Vertex
1867,75.185806,33.312582,517295.77,3685956.13,54.608,OSM_WAY_NH44_MAINLINE,NH44_MAINLINE,NH-44 Jammu-Srinagar Highway,177,Original Winding Source Vertex
1868,75.185861,33.312678,517300.9,3685966.73,54.62,OSM_WAY_NH44_MAINLINE,NH44_MAINLINE,NH-44 Jammu-Srinagar Highway,178,Original Winding Source Vertex
1869,75.185979,33.312793,517311.86,3685979.55,54.637,OSM_WAY_NH44_MAINLINE,NH44_MAINLINE,NH-44 Jammu-Srinagar Highway,179,Original Winding Source Vertex
1870,75.186041,33.312937,517317.55,3685995.46,54.653,OSM_WAY_NH44_MAINLINE,NH44_MAINLINE,NH-44 Jammu-Srinagar Highway,180,Original Winding Source Vertex
1871,75.186128,33.313066,517325.69,3686009.82,54.67,OSM_WAY_NH44_MAINLINE,NH44_MAINLINE,NH-44 Jammu-Srinagar Highway,181,Original Winding Source Vertex
1872,75.186256,33.313157,517337.56,3686019.88,54.686,OSM_WAY_NH44_MAINLINE,NH44_MAINLINE,NH-44 Jammu-Srinagar Highway,182,Original Winding Source Vertex
1873,75.186444,33.313266,517355.06,3686032.07,54.707,OSM_WAY_NH44_MAINLINE,NH44_MAINLINE,NH-44 Jammu-Srinagar Highway,183,Original Winding Source Vertex
1874,75.186501,33.313386,517360.33,3686045.36,54.721,OSM_WAY_NH44_MAINLINE,NH44_MAINLINE,NH-44 Jammu-Srinagar Highway,184,Original Winding Source Vertex
1875,75.186535,33.313511,517363.46,3686059.26,54.735,OSM_WAY_NH44_MAINLINE,NH44_MAINLINE,NH-44 Jammu-Srinagar Highway,185,Original Winding Source Vertex
1876,75.18669,33.313616,517377.88,3686070.91,54.754,OSM_WAY_NH44_MAINLINE,NH44_MAINLINE,NH-44 Jammu-Srinagar Highway,186,Original Winding Source Vertex
1877,75.186896,33.313637,517396.98,3686073.2,54.773,OSM_WAY_NH44_MAINLINE,NH44_MAINLINE,NH-44 Jammu-Srinagar Highway,187,Original Winding Source Vertex
1878,75.187046,33.313609,517411.03,3686070.13,54.788,OSM_WAY_NH44_MAINLINE,NH44_MAINLINE,NH-44 Jammu-Srinagar Highway,188,Original Winding Source Vertex
1879,75.187272,33.313502,517432.02,3686058.38,54.812,OSM_WAY_NH44_MAINLINE,NH44_MAINLINE,NH-44 Jammu-Srinagar Highway,189,Original Winding Source Vertex
1880,75.188145,33.312927,517513.41,3685994.77,54.915,OSM_WAY_NH44_MAINLINE,NH44_MAINLINE,NH-44 Jammu-Srinagar Highway,190,Original Winding Source Vertex
1881,75.188311,33.312827,517528.86,3685983.69,54.934,OSM_WAY_NH44_MAINLINE,NH44_MAINLINE,NH-44 Jammu-Srinagar Highway,191,Original Winding Source Vertex
1882,75.188524,33.312741,517548.71,3685974.16,54.956,OSM_WAY_NH44_MAINLINE,NH44_MAINLINE,NH-44 Jammu-Srinagar Highway,192,Original Winding Source Vertex
1883,75.18875,33.312657,517569.84,3685964.94,54.979,OSM_WAY_NH44_MAINLINE,NH44_MAINLINE,NH-44 Jammu-Srinagar Highway,193,Original Winding Source Vertex
1884,75.189181,33.312571,517609.89,3685955.45,55.02,OSM_WAY_NH44_MAINLINE,NH44_MAINLINE,NH-44 Jammu-Srinagar Highway,194,Original Winding Source Vertex
1885,75.189551,33.312438,517644.37,3685940.8,55.058,OSM_WAY_NH44_MAINLINE,NH44_MAINLINE,NH-44 Jammu-Srinagar Highway,195,Original Winding Source Vertex
1886,75.189782,33.312313,517665.96,3685926.91,55.083,OSM_WAY_NH44_MAINLINE,NH44_MAINLINE,NH-44 Jammu-Srinagar Highway,196,Original Winding Source Vertex
1887,75.189957,33.312235,517682.27,3685918.37,55.102,OSM_WAY_NH44_MAINLINE,NH44_MAINLINE,NH-44 Jammu-Srinagar Highway,197,Original Winding Source Vertex
1888,75.190137,33.312227,517699.0,3685917.43,55.119,OSM_WAY_NH44_MAINLINE,NH44_MAINLINE,NH-44 Jammu-Srinagar Highway,198,Original Winding Source Vertex
1889,75.190451,33.312197,517728.19,3685914.22,55.148,OSM_WAY_NH44_MAINLINE,NH44_MAINLINE,NH-44 Jammu-Srinagar Highway,199,Original Winding Source Vertex
1890,75.190624,33.312145,517744.36,3685908.47,55.165,OSM_WAY_NH44_MAINLINE,NH44_MAINLINE,NH-44 Jammu-Srinagar Highway,200,Original Winding Source Vertex
1891,75.190759,33.312163,517756.93,3685910.5,55.178,OSM_WAY_NH44_MAINLINE,NH44_MAINLINE,NH-44 Jammu-Srinagar Highway,201,Original Winding Source Vertex
1892,75.19084,33.312222,517764.45,3685917.02,55.188,OSM_WAY_NH44_MAINLINE,NH44_MAINLINE,NH-44 Jammu-Srinagar Highway,202,Original Winding Source Vertex
1893,75.190878,33.312314,517767.95,3685927.28,55.199,OSM_WAY_NH44_MAINLINE,NH44_MAINLINE,NH-44 Jammu-Srinagar Highway,203,Original Winding Source Vertex
1894,75.190878,33.312441,517767.93,3685941.28,55.213,OSM_WAY_NH44_MAINLINE,NH44_MAINLINE,NH-44 Jammu-Srinagar Highway,204,Original Winding Source Vertex
1895,75.190856,33.312655,517765.87,3685965.05,55.236,OSM_WAY_NH44_MAINLINE,NH44_MAINLINE,NH-44 Jammu-Srinagar Highway,205,Original Winding Source Vertex
1896,75.190892,33.312784,517769.12,3685979.31,55.251,OSM_WAY_NH44_MAINLINE,NH44_MAINLINE,NH-44 Jammu-Srinagar Highway,206,Original Winding Source Vertex
1897,75.191006,33.313011,517779.75,3686004.54,55.278,OSM_WAY_NH44_MAINLINE,NH44_MAINLINE,NH-44 Jammu-Srinagar Highway,207,Original Winding Source Vertex
1898,75.191121,33.313242,517790.39,3686030.13,55.306,OSM_WAY_NH44_MAINLINE,NH44_MAINLINE,NH-44 Jammu-Srinagar Highway,208,Original Winding Source Vertex
1899,75.191285,33.313486,517805.57,3686057.22,55.337,OSM_WAY_NH44_MAINLINE,NH44_MAINLINE,NH-44 Jammu-Srinagar Highway,209,Original Winding Source Vertex
1900,75.19155,33.313684,517830.26,3686079.24,55.37,OSM_WAY_NH44_MAINLINE,NH44_MAINLINE,NH-44 Jammu-Srinagar Highway,210,Original Winding Source Vertex
1901,75.191698,33.313802,517844.01,3686092.37,55.389,OSM_WAY_NH44_MAINLINE,NH44_MAINLINE,NH-44 Jammu-Srinagar Highway,211,Original Winding Source Vertex
1902,75.191729,33.313991,517846.79,3686113.34,55.41,OSM_WAY_NH44_MAINLINE,NH44_MAINLINE,NH-44 Jammu-Srinagar Highway,212,Original Winding Source Vertex
1903,75.191765,33.314189,517850.15,3686135.25,55.433,OSM_WAY_NH44_MAINLINE,NH44_MAINLINE,NH-44 Jammu-Srinagar Highway,213,Original Winding Source Vertex
1904,75.191856,33.314285,517858.63,3686145.97,55.446,OSM_WAY_NH44_MAINLINE,NH44_MAINLINE,NH-44 Jammu-Srinagar Highway,214,Original Winding Source Vertex
1905,75.192082,33.314359,517879.63,3686154.12,55.469,OSM_WAY_NH44_MAINLINE,NH44_MAINLINE,NH-44 Jammu-Srinagar Highway,215,Original Winding Source Vertex
1906,75.192225,33.314523,517892.92,3686172.4,55.491,OSM_WAY_NH44_MAINLINE,NH44_MAINLINE,NH-44 Jammu-Srinagar Highway,216,Original Winding Source Vertex
1907,75.192346,33.314751,517904.11,3686197.61,55.519,OSM_WAY_NH44_MAINLINE,NH44_MAINLINE,NH-44 Jammu-Srinagar Highway,217,Original Winding Source Vertex
1908,75.192548,33.31508,517922.79,3686234.11,55.56,OSM_WAY_NH44_MAINLINE,NH44_MAINLINE,NH-44 Jammu-Srinagar Highway,218,Original Winding Source Vertex
1909,75.193223,33.31581,517985.54,3686315.22,55.663,OSM_WAY_NH44_MAINLINE,NH44_MAINLINE,NH-44 Jammu-Srinagar Highway,219,Original Winding Source Vertex
1910,75.193392,33.316037,518001.18,3686340.42,55.692,OSM_WAY_NH44_MAINLINE,NH44_MAINLINE,NH-44 Jammu-Srinagar Highway,220,Original Winding Source Vertex
1911,75.193511,33.316214,518012.28,3686360.08,55.715,OSM_WAY_NH44_MAINLINE,NH44_MAINLINE,NH-44 Jammu-Srinagar Highway,221,Original Winding Source Vertex
1912,75.193545,33.316275,518015.38,3686366.87,55.722,OSM_WAY_NH44_MAINLINE,NH44_MAINLINE,NH-44 Jammu-Srinagar Highway,222,Original Winding Source Vertex
1913,75.193606,33.316372,518021.09,3686377.59,55.722,OSM_WAY_NH44_MAINLINE,NH44_MAINLINE,NH-44 Jammu-Srinagar Highway,0,Original Winding Source Vertex
1914,75.197271,33.320731,518361.31,3686861.45,56.314,OSM_WAY_NH44_MAINLINE,NH44_MAINLINE,NH-44 Jammu-Srinagar Highway,1,Original Winding Source Vertex
1915,75.197342,33.320797,518367.88,3686868.83,56.314,OSM_WAY_NH44_MAINLINE,NH44_MAINLINE,NH-44 Jammu-Srinagar Highway,0,Original Winding Source Vertex
1916,75.197502,33.320955,518382.77,3686886.42,56.337,OSM_WAY_NH44_MAINLINE,NH44_MAINLINE,NH-44 Jammu-Srinagar Highway,1,Original Winding Source Vertex
1917,75.197984,33.321531,518427.5,3686950.35,56.415,OSM_WAY_NH44_MAINLINE,NH44_MAINLINE,NH-44 Jammu-Srinagar Highway,2,Original Winding Source Vertex
1918,75.197984,33.321531,518427.5,3686950.35,56.415,OSM_WAY_NH44_MAINLINE,NH44_MAINLINE,NH-44 Jammu-Srinagar Highway,0,Original Winding Source Vertex
1919,75.198059,33.321625,518434.42,3686960.74,56.427,OSM_WAY_NH44_MAINLINE,NH44_MAINLINE,NH-44 Jammu-Srinagar Highway,1,Original Winding Source Vertex
1920,75.198127,33.321678,518440.79,3686966.62,56.436,OSM_WAY_NH44_MAINLINE,NH44_MAINLINE,NH-44 Jammu-Srinagar Highway,2,Original Winding Source Vertex
1921,75.198194,33.32172,518446.97,3686971.28,56.444,OSM_WAY_NH44_MAINLINE,NH44_MAINLINE,NH-44 Jammu-Srinagar Highway,3,Original Winding Source Vertex
1922,75.198247,33.321756,518451.92,3686975.29,56.45,OSM_WAY_NH44_MAINLINE,NH44_MAINLINE,NH-44 Jammu-Srinagar Highway,4,Original Winding Source Vertex
1923,75.19828,33.321794,518455.0,3686979.52,56.455,OSM_WAY_NH44_MAINLINE,NH44_MAINLINE,NH-44 Jammu-Srinagar Highway,5,Original Winding Source Vertex
1924,75.198306,33.321838,518457.41,3686984.42,56.461,OSM_WAY_NH44_MAINLINE,NH44_MAINLINE,NH-44 Jammu-Srinagar Highway,6,Original Winding Source Vertex
1925,75.198316,33.321906,518458.34,3686991.9,56.468,OSM_WAY_NH44_MAINLINE,NH44_MAINLINE,NH-44 Jammu-Srinagar Highway,7,Original Winding Source Vertex
1926,75.198322,33.322219,518458.83,3687026.6,56.503,OSM_WAY_NH44_MAINLINE,NH44_MAINLINE,NH-44 Jammu-Srinagar Highway,8,Original Winding Source Vertex
1927,75.19833,33.322396,518459.49,3687046.23,56.523,OSM_WAY_NH44_MAINLINE,NH44_MAINLINE,NH-44 Jammu-Srinagar Highway,9,Original Winding Source Vertex
1928,75.198369,33.322683,518463.05,3687078.1,56.555,OSM_WAY_NH44_MAINLINE,NH44_MAINLINE,NH-44 Jammu-Srinagar Highway,10,Original Winding Source Vertex
1929,75.198387,33.322755,518464.71,3687086.07,56.563,OSM_WAY_NH44_MAINLINE,NH44_MAINLINE,NH-44 Jammu-Srinagar Highway,11,Original Winding Source Vertex
1930,75.198409,33.322811,518466.8,3687092.3,56.569,OSM_WAY_NH44_MAINLINE,NH44_MAINLINE,NH-44 Jammu-Srinagar Highway,12,Original Winding Source Vertex
1931,75.198462,33.322879,518471.72,3687099.8,56.578,OSM_WAY_NH44_MAINLINE,NH44_MAINLINE,NH-44 Jammu-Srinagar Highway,13,Original Winding Source Vertex
1932,75.198658,33.323106,518489.84,3687125.01,56.609,OSM_WAY_NH44_MAINLINE,NH44_MAINLINE,NH-44 Jammu-Srinagar Highway,14,Original Winding Source Vertex
1933,75.198712,33.323188,518494.85,3687134.12,56.62,OSM_WAY_NH44_MAINLINE,NH44_MAINLINE,NH-44 Jammu-Srinagar Highway,15,Original Winding Source Vertex
1934,75.198764,33.323325,518499.69,3687149.35,56.636,OSM_WAY_NH44_MAINLINE,NH44_MAINLINE,NH-44 Jammu-Srinagar Highway,16,Original Winding Source Vertex
1935,75.198817,33.323411,518504.6,3687158.85,56.646,OSM_WAY_NH44_MAINLINE,NH44_MAINLINE,NH-44 Jammu-Srinagar Highway,17,Original Winding Source Vertex
1936,75.198978,33.323614,518519.58,3687181.43,56.674,OSM_WAY_NH44_MAINLINE,NH44_MAINLINE,NH-44 Jammu-Srinagar Highway,18,Original Winding Source Vertex
1937,75.199014,33.323684,518522.86,3687189.23,56.682,OSM_WAY_NH44_MAINLINE,NH44_MAINLINE,NH-44 Jammu-Srinagar Highway,19,Original Winding Source Vertex
1938,75.199033,33.323762,518524.65,3687197.84,56.691,OSM_WAY_NH44_MAINLINE,NH44_MAINLINE,NH-44 Jammu-Srinagar Highway,20,Original Winding Source Vertex
1939,75.199048,33.323903,518526.03,3687213.45,56.707,OSM_WAY_NH44_MAINLINE,NH44_MAINLINE,NH-44 Jammu-Srinagar Highway,21,Original Winding Source Vertex
1940,75.199069,33.324021,518527.97,3687226.51,56.72,OSM_WAY_NH44_MAINLINE,NH44_MAINLINE,NH-44 Jammu-Srinagar Highway,22,Original Winding Source Vertex
1941,75.199161,33.324364,518536.4,3687264.63,56.759,OSM_WAY_NH44_MAINLINE,NH44_MAINLINE,NH-44 Jammu-Srinagar Highway,23,Original Winding Source Vertex
1942,75.199169,33.324426,518537.21,3687271.51,56.766,OSM_WAY_NH44_MAINLINE,NH44_MAINLINE,NH-44 Jammu-Srinagar Highway,24,Original Winding Source Vertex
1943,75.199167,33.324483,518536.95,3687277.82,56.772,OSM_WAY_NH44_MAINLINE,NH44_MAINLINE,NH-44 Jammu-Srinagar Highway,25,Original Winding Source Vertex
1944,75.199149,33.324549,518535.29,3687285.12,56.779,OSM_WAY_NH44_MAINLINE,NH44_MAINLINE,NH-44 Jammu-Srinagar Highway,26,Original Winding Source Vertex
1945,75.199081,33.324696,518528.92,3687301.38,56.797,OSM_WAY_NH44_MAINLINE,NH44_MAINLINE,NH-44 Jammu-Srinagar Highway,27,Original Winding Source Vertex
1946,75.199043,33.324808,518525.37,3687313.84,56.81,OSM_WAY_NH44_MAINLINE,NH44_MAINLINE,NH-44 Jammu-Srinagar Highway,28,Original Winding Source Vertex
1947,75.199038,33.324925,518524.83,3687326.74,56.823,OSM_WAY_NH44_MAINLINE,NH44_MAINLINE,NH-44 Jammu-Srinagar Highway,29,Original Winding Source Vertex
1948,75.19906,33.325124,518526.89,3687348.84,56.845,OSM_WAY_NH44_MAINLINE,NH44_MAINLINE,NH-44 Jammu-Srinagar Highway,30,Original Winding Source Vertex
1949,75.199061,33.325228,518526.91,3687360.35,56.857,OSM_WAY_NH44_MAINLINE,NH44_MAINLINE,NH-44 Jammu-Srinagar Highway,31,Original Winding Source Vertex
1950,75.198994,33.325629,518520.64,3687404.79,56.901,OSM_WAY_NH44_MAINLINE,NH44_MAINLINE,NH-44 Jammu-Srinagar Highway,32,Original Winding Source Vertex
1951,75.198999,33.325726,518521.07,3687415.59,56.912,OSM_WAY_NH44_MAINLINE,NH44_MAINLINE,NH-44 Jammu-Srinagar Highway,33,Original Winding Source Vertex
1952,75.199034,33.325856,518524.31,3687429.97,56.927,OSM_WAY_NH44_MAINLINE,NH44_MAINLINE,NH-44 Jammu-Srinagar Highway,34,Original Winding Source Vertex
1953,75.199095,33.326029,518529.95,3687449.22,56.927,OSM_WAY_NH44_MAINLINE,NH44_MAINLINE,NH-44 Jammu-Srinagar Highway,0,Original Winding Source Vertex
1954,75.199285,33.326637,518547.49,3687516.58,56.997,OSM_WAY_NH44_MAINLINE,NH44_MAINLINE,NH-44 Jammu-Srinagar Highway,1,Original Winding Source Vertex
1955,75.199523,33.327193,518569.55,3687578.32,57.062,OSM_WAY_NH44_MAINLINE,NH44_MAINLINE,NH-44 Jammu-Srinagar Highway,2,Original Winding Source Vertex
1956,75.199635,33.327407,518579.92,3687602.07,57.088,OSM_WAY_NH44_MAINLINE,NH44_MAINLINE,NH-44 Jammu-Srinagar Highway,3,Original Winding Source Vertex
1957,75.199657,33.327579,518581.93,3687621.16,57.107,OSM_WAY_NH44_MAINLINE,NH44_MAINLINE,NH-44 Jammu-Srinagar Highway,4,Original Winding Source Vertex
1958,75.199662,33.328176,518582.26,3687687.28,57.173,OSM_WAY_NH44_MAINLINE,NH44_MAINLINE,NH-44 Jammu-Srinagar Highway,5,Original Winding Source Vertex
1959,75.199669,33.328281,518582.86,3687698.98,57.173,OSM_WAY_NH44_MAINLINE,NH44_MAINLINE,NH-44 Jammu-Srinagar Highway,0,Original Winding Source Vertex
1960,75.199688,33.329749,518584.32,3687861.76,57.336,OSM_WAY_NH44_MAINLINE,NH44_MAINLINE,NH-44 Jammu-Srinagar Highway,1,Original Winding Source Vertex
1961,75.19971,33.329867,518586.35,3687874.83,57.349,OSM_WAY_NH44_MAINLINE,NH44_MAINLINE,NH-44 Jammu-Srinagar Highway,2,Original Winding Source Vertex
1962,75.199772,33.330025,518592.06,3687892.34,57.368,OSM_WAY_NH44_MAINLINE,NH44_MAINLINE,NH-44 Jammu-Srinagar Highway,3,Original Winding Source Vertex
1963,75.199772,33.330025,518592.06,3687892.34,57.368,OSM_WAY_NH44_MAINLINE,NH44_MAINLINE,NH-44 Jammu-Srinagar Highway,0,Original Winding Source Vertex
1964,75.200176,33.330427,518629.59,3687937.02,57.426,OSM_WAY_NH44_MAINLINE,NH44_MAINLINE,NH-44 Jammu-Srinagar Highway,1,Original Winding Source Vertex
1965,75.200176,33.330427,518629.59,3687937.02,57.426,OSM_WAY_NH44_MAINLINE,NH44_MAINLINE,NH-44 Jammu-Srinagar Highway,0,Original Winding Source Vertex
1966,75.200362,33.330731,518646.88,3687970.65,57.464,OSM_WAY_NH44_MAINLINE,NH44_MAINLINE,NH-44 Jammu-Srinagar Highway,1,Original Winding Source Vertex
1967,75.200445,33.331006,518654.54,3688001.2,57.495,OSM_WAY_NH44_MAINLINE,NH44_MAINLINE,NH-44 Jammu-Srinagar Highway,2,Original Winding Source Vertex
1968,75.20053,33.33127,518662.4,3688030.46,57.526,OSM_WAY_NH44_MAINLINE,NH44_MAINLINE,NH-44 Jammu-Srinagar Highway,3,Original Winding Source Vertex
1969,75.200524,33.331543,518661.74,3688060.76,57.556,OSM_WAY_NH44_MAINLINE,NH44_MAINLINE,NH-44 Jammu-Srinagar Highway,4,Original Winding Source Vertex
1970,75.200457,33.331748,518655.45,3688083.47,57.58,OSM_WAY_NH44_MAINLINE,NH44_MAINLINE,NH-44 Jammu-Srinagar Highway,5,Original Winding Source Vertex
1971,75.200333,33.331952,518643.92,3688106.12,57.605,OSM_WAY_NH44_MAINLINE,NH44_MAINLINE,NH-44 Jammu-Srinagar Highway,6,Original Winding Source Vertex
1972,75.199918,33.332332,518605.24,3688148.11,57.662,OSM_WAY_NH44_MAINLINE,NH44_MAINLINE,NH-44 Jammu-Srinagar Highway,7,Original Winding Source Vertex
1973,75.199528,33.332754,518568.82,3688194.8,57.721,OSM_WAY_NH44_MAINLINE,NH44_MAINLINE,NH-44 Jammu-Srinagar Highway,8,Original Winding Source Vertex
1974,75.199372,33.332917,518554.23,3688212.92,57.745,OSM_WAY_NH44_MAINLINE,NH44_MAINLINE,NH-44 Jammu-Srinagar Highway,9,Original Winding Source Vertex
1975,75.199233,33.333118,518541.32,3688235.2,57.77,OSM_WAY_NH44_MAINLINE,NH44_MAINLINE,NH-44 Jammu-Srinagar Highway,10,Original Winding Source Vertex
1976,75.199087,33.333297,518527.67,3688254.96,57.794,OSM_WAY_NH44_MAINLINE,NH44_MAINLINE,NH-44 Jammu-Srinagar Highway,11,Original Winding Source Vertex
1977,75.198896,33.333408,518509.88,3688267.2,57.816,OSM_WAY_NH44_MAINLINE,NH44_MAINLINE,NH-44 Jammu-Srinagar Highway,12,Original Winding Source Vertex
1978,75.198695,33.333473,518491.14,3688274.37,57.836,OSM_WAY_NH44_MAINLINE,NH44_MAINLINE,NH-44 Jammu-Srinagar Highway,13,Original Winding Source Vertex
1979,75.198503,33.333519,518473.25,3688279.42,57.855,OSM_WAY_NH44_MAINLINE,NH44_MAINLINE,NH-44 Jammu-Srinagar Highway,14,Original Winding Source Vertex
1980,75.198287,33.333582,518453.17,3688286.46,57.876,OSM_WAY_NH44_MAINLINE,NH44_MAINLINE,NH-44 Jammu-Srinagar Highway,15,Original Winding Source Vertex
1981,75.197436,33.33388,518373.9,3688319.35,57.962,OSM_WAY_NH44_MAINLINE,NH44_MAINLINE,NH-44 Jammu-Srinagar Highway,16,Original Winding Source Vertex
1982,75.197154,33.333994,518347.64,3688331.92,57.991,OSM_WAY_NH44_MAINLINE,NH44_MAINLINE,NH-44 Jammu-Srinagar Highway,17,Original Winding Source Vertex
1983,75.196806,33.334215,518315.23,3688356.34,58.031,OSM_WAY_NH44_MAINLINE,NH44_MAINLINE,NH-44 Jammu-Srinagar Highway,18,Original Winding Source Vertex
1984,75.196703,33.334298,518305.58,3688365.47,58.045,OSM_WAY_NH44_MAINLINE,NH44_MAINLINE,NH-44 Jammu-Srinagar Highway,19,Original Winding Source Vertex
1985,75.196604,33.334408,518296.36,3688377.69,58.06,OSM_WAY_NH44_MAINLINE,NH44_MAINLINE,NH-44 Jammu-Srinagar Highway,20,Original Winding Source Vertex
1986,75.196103,33.335,518249.58,3688443.23,58.141,OSM_WAY_NH44_MAINLINE,NH44_MAINLINE,NH-44 Jammu-Srinagar Highway,21,Original Winding Source Vertex
1987,75.195965,33.335154,518236.74,3688460.27,58.162,OSM_WAY_NH44_MAINLINE,NH44_MAINLINE,NH-44 Jammu-Srinagar Highway,22,Original Winding Source Vertex
1988,75.195732,33.335368,518214.98,3688484.02,58.194,OSM_WAY_NH44_MAINLINE,NH44_MAINLINE,NH-44 Jammu-Srinagar Highway,23,Original Winding Source Vertex
1989,75.195732,33.335368,518214.98,3688484.02,58.194,OSM_WAY_NH44_MAINLINE,NH44_MAINLINE,NH-44 Jammu-Srinagar Highway,0,Original Winding Source Vertex
1990,75.1954,33.33565,518184.03,3688515.19,58.238,OSM_WAY_NH44_MAINLINE,NH44_MAINLINE,NH-44 Jammu-Srinagar Highway,1,Original Winding Source Vertex
1991,75.187127,33.342205,517412.8,3689240.53,58.238,OSM_WAY_NH44_MAINLINE,NH44_MAINLINE,NH-44 Jammu-Srinagar Highway,0,Original Winding Source Vertex
1992,75.187381,33.342051,517436.49,3689223.51,58.267,OSM_WAY_NH44_MAINLINE,NH44_MAINLINE,NH-44 Jammu-Srinagar Highway,1,Original Winding Source Vertex
1993,75.187659,33.34183,517462.4,3689198.96,58.303,OSM_WAY_NH44_MAINLINE,NH44_MAINLINE,NH-44 Jammu-Srinagar Highway,2,Original Winding Source Vertex
1994,75.188207,33.341027,517513.59,3689110.04,58.405,OSM_WAY_NH44_MAINLINE,NH44_MAINLINE,NH-44 Jammu-Srinagar Highway,3,Original Winding Source Vertex
1995,75.188546,33.340768,517545.19,3689081.38,58.448,OSM_WAY_NH44_MAINLINE,NH44_MAINLINE,NH-44 Jammu-Srinagar Highway,4,Original Winding Source Vertex
1996,75.188986,33.340447,517586.17,3689045.93,58.502,OSM_WAY_NH44_MAINLINE,NH44_MAINLINE,NH-44 Jammu-Srinagar Highway,5,Original Winding Source Vertex
1997,75.189367,33.340097,517621.75,3689007.12,58.555,OSM_WAY_NH44_MAINLINE,NH44_MAINLINE,NH-44 Jammu-Srinagar Highway,6,Original Winding Source Vertex
1998,75.189626,33.339944,517645.85,3688990.22,58.584,OSM_WAY_NH44_MAINLINE,NH44_MAINLINE,NH-44 Jammu-Srinagar Highway,7,Original Winding Source Vertex
1999,75.189987,33.339868,517679.42,3688981.89,58.619,OSM_WAY_NH44_MAINLINE,NH44_MAINLINE,NH-44 Jammu-Srinagar Highway,8,Original Winding Source Vertex
2000,75.190476,33.339828,517724.93,3688977.56,58.665,OSM_WAY_NH44_MAINLINE,NH44_MAINLINE,NH-44 Jammu-Srinagar Highway,9,Original Winding Source Vertex
2001,75.190784,33.339736,517753.61,3688967.33,58.695,OSM_WAY_NH44_MAINLINE,NH44_MAINLINE,NH-44 Jammu-Srinagar Highway,10,Original Winding Source Vertex
2002,75.191608,33.339323,517830.41,3688921.74,58.784,OSM_WAY_NH44_MAINLINE,NH44_MAINLINE,NH-44 Jammu-Srinagar Highway,11,Original Winding Source Vertex
2003,75.191807,33.339141,517848.95,3688901.63,58.812,OSM_WAY_NH44_MAINLINE,NH44_MAINLINE,NH-44 Jammu-Srinagar Highway,12,Original Winding Source Vertex
2004,75.19196,33.338935,517863.21,3688878.78,58.839,OSM_WAY_NH44_MAINLINE,NH44_MAINLINE,NH-44 Jammu-Srinagar Highway,13,Original Winding Source Vertex
2005,75.192081,33.338688,517874.56,3688851.45,58.868,OSM_WAY_NH44_MAINLINE,NH44_MAINLINE,NH-44 Jammu-Srinagar Highway,14,Original Winding Source Vertex
2006,75.192134,33.338372,517879.56,3688816.38,58.904,OSM_WAY_NH44_MAINLINE,NH44_MAINLINE,NH-44 Jammu-Srinagar Highway,15,Original Winding Source Vertex
2007,75.192097,33.337731,517876.19,3688745.31,58.975,OSM_WAY_NH44_MAINLINE,NH44_MAINLINE,NH-44 Jammu-Srinagar Highway,16,Original Winding Source Vertex
2008,75.192012,33.337372,517868.42,3688705.52,59.015,OSM_WAY_NH44_MAINLINE,NH44_MAINLINE,NH-44 Jammu-Srinagar Highway,17,Original Winding Source Vertex
2009,75.19191,33.337229,517858.96,3688689.6,59.034,OSM_WAY_NH44_MAINLINE,NH44_MAINLINE,NH-44 Jammu-Srinagar Highway,18,Original Winding Source Vertex
2010,75.191733,33.337108,517842.51,3688676.15,59.055,OSM_WAY_NH44_MAINLINE,NH44_MAINLINE,NH-44 Jammu-Srinagar Highway,19,Original Winding Source Vertex
2011,75.191481,33.336987,517819.07,3688662.69,59.082,OSM_WAY_NH44_MAINLINE,NH44_MAINLINE,NH-44 Jammu-Srinagar Highway,20,Original Winding Source Vertex
2012,75.191428,33.336911,517814.1,3688654.24,59.092,OSM_WAY_NH44_MAINLINE,NH44_MAINLINE,NH-44 Jammu-Srinagar Highway,21,Original Winding Source Vertex
2013,75.19139,33.336807,517810.62,3688642.8,59.104,OSM_WAY_NH44_MAINLINE,NH44_MAINLINE,NH-44 Jammu-Srinagar Highway,22,Original Winding Source Vertex
2014,75.191384,33.336682,517810.14,3688628.89,59.118,OSM_WAY_NH44_MAINLINE,NH44_MAINLINE,NH-44 Jammu-Srinagar Highway,23,Original Winding Source Vertex
2015,75.191615,33.336036,517831.74,3688557.37,59.193,OSM_WAY_NH44_MAINLINE,NH44_MAINLINE,NH-44 Jammu-Srinagar Highway,24,Original Winding Source Vertex
2016,75.191728,33.335942,517842.25,3688546.96,59.207,OSM_WAY_NH44_MAINLINE,NH44_MAINLINE,NH-44 Jammu-Srinagar Highway,25,Original Winding Source Vertex
2017,75.191862,33.335902,517854.74,3688542.52,59.221,OSM_WAY_NH44_MAINLINE,NH44_MAINLINE,NH-44 Jammu-Srinagar Highway,26,Original Winding Source Vertex
2018,75.19205,33.335929,517872.2,3688545.53,59.238,OSM_WAY_NH44_MAINLINE,NH44_MAINLINE,NH-44 Jammu-Srinagar Highway,27,Original Winding Source Vertex
2019,75.192699,33.336072,517932.58,3688561.54,59.301,OSM_WAY_NH44_MAINLINE,NH44_MAINLINE,NH-44 Jammu-Srinagar Highway,28,Original Winding Source Vertex
2020,75.192903,33.336072,517951.55,3688561.58,59.32,OSM_WAY_NH44_MAINLINE,NH44_MAINLINE,NH-44 Jammu-Srinagar Highway,29,Original Winding Source Vertex
2021,75.1936,33.335974,518016.47,3688550.76,59.386,OSM_WAY_NH44_MAINLINE,NH44_MAINLINE,NH-44 Jammu-Srinagar Highway,30,Original Winding Source Vertex
2022,75.193734,33.335965,518028.95,3688549.79,59.398,OSM_WAY_NH44_MAINLINE,NH44_MAINLINE,NH-44 Jammu-Srinagar Highway,31,Original Winding Source Vertex
2023,75.194136,33.335978,518066.39,3688551.36,59.436,OSM_WAY_NH44_MAINLINE,NH44_MAINLINE,NH-44 Jammu-Srinagar Highway,32,Original Winding Source Vertex
2024,75.19441,33.335965,518091.85,3688549.91,59.461,OSM_WAY_NH44_MAINLINE,NH44_MAINLINE,NH-44 Jammu-Srinagar Highway,33,Original Winding Source Vertex
2025,75.194652,33.335924,518114.33,3688545.48,59.484,OSM_WAY_NH44_MAINLINE,NH44_MAINLINE,NH-44 Jammu-Srinagar Highway,34,Original Winding Source Vertex
2026,75.195059,33.335817,518152.29,3688533.62,59.524,OSM_WAY_NH44_MAINLINE,NH44_MAINLINE,NH-44 Jammu-Srinagar Highway,35,Original Winding Source Vertex
2027,75.19529,33.335714,518173.77,3688522.23,59.548,OSM_WAY_NH44_MAINLINE,NH44_MAINLINE,NH-44 Jammu-Srinagar Highway,36,Original Winding Source Vertex
2028,75.1954,33.33565,518184.03,3688515.19,59.561,OSM_WAY_NH44_MAINLINE,NH44_MAINLINE,NH-44 Jammu-Srinagar Highway,37,Original Winding Source Vertex
2029,75.187127,33.342205,517412.8,3689240.53,59.561,OSM_WAY_NH44_MAINLINE,NH44_MAINLINE,NH-44 Jammu-Srinagar Highway,0,Original Winding Source Vertex
2030,75.186946,33.342423,517395.92,3689264.59,59.59,OSM_WAY_NH44_MAINLINE,NH44_MAINLINE,NH-44 Jammu-Srinagar Highway,1,Original Winding Source Vertex
2031,75.186651,33.342665,517368.48,3689291.44,59.628,OSM_WAY_NH44_MAINLINE,NH44_MAINLINE,NH-44 Jammu-Srinagar Highway,2,Original Winding Source Vertex
2032,75.186336,33.342968,517339.06,3689324.92,59.673,OSM_WAY_NH44_MAINLINE,NH44_MAINLINE,NH-44 Jammu-Srinagar Highway,3,Original Winding Source Vertex
2033,75.186173,33.343168,517323.93,3689347.12,59.7,OSM_WAY_NH44_MAINLINE,NH44_MAINLINE,NH-44 Jammu-Srinagar Highway,4,Original Winding Source Vertex
2034,75.186077,33.343291,517314.89,3689360.68,59.716,OSM_WAY_NH44_MAINLINE,NH44_MAINLINE,NH-44 Jammu-Srinagar Highway,5,Original Winding Source Vertex
2035,75.185894,33.343463,517297.81,3689379.8,59.742,OSM_WAY_NH44_MAINLINE,NH44_MAINLINE,NH-44 Jammu-Srinagar Highway,6,Original Winding Source Vertex
2036,75.185672,33.343735,517277.12,3689409.83,59.778,OSM_WAY_NH44_MAINLINE,NH44_MAINLINE,NH-44 Jammu-Srinagar Highway,7,Original Winding Source Vertex
2037,75.185524,33.343916,517263.38,3689429.91,59.803,OSM_WAY_NH44_MAINLINE,NH44_MAINLINE,NH-44 Jammu-Srinagar Highway,8,Original Winding Source Vertex
2038,75.185362,33.344045,517248.26,3689444.18,59.823,OSM_WAY_NH44_MAINLINE,NH44_MAINLINE,NH-44 Jammu-Srinagar Highway,9,Original Winding Source Vertex
2039,75.185122,33.344186,517225.84,3689459.84,59.851,OSM_WAY_NH44_MAINLINE,NH44_MAINLINE,NH-44 Jammu-Srinagar Highway,10,Original Winding Source Vertex
2040,75.18486,33.344403,517201.43,3689483.86,59.885,OSM_WAY_NH44_MAINLINE,NH44_MAINLINE,NH-44 Jammu-Srinagar Highway,11,Original Winding Source Vertex
2041,75.184673,33.344622,517183.97,3689508.0,59.915,OSM_WAY_NH44_MAINLINE,NH44_MAINLINE,NH-44 Jammu-Srinagar Highway,12,Original Winding Source Vertex
2042,75.184517,33.344865,517169.43,3689534.94,59.945,OSM_WAY_NH44_MAINLINE,NH44_MAINLINE,NH-44 Jammu-Srinagar Highway,13,Original Winding Source Vertex
2043,75.184417,33.345018,517160.15,3689551.89,59.965,OSM_WAY_NH44_MAINLINE,NH44_MAINLINE,NH-44 Jammu-Srinagar Highway,14,Original Winding Source Vertex
2044,75.184302,33.345147,517149.41,3689566.23,59.983,OSM_WAY_NH44_MAINLINE,NH44_MAINLINE,NH-44 Jammu-Srinagar Highway,15,Original Winding Source Vertex
2045,75.184103,33.345276,517130.88,3689580.44,60.006,OSM_WAY_NH44_MAINLINE,NH44_MAINLINE,NH-44 Jammu-Srinagar Highway,16,Original Winding Source Vertex
2046,75.183774,33.34547,517100.15,3689601.96,60.043,OSM_WAY_NH44_MAINLINE,NH44_MAINLINE,NH-44 Jammu-Srinagar Highway,17,Original Winding Source Vertex
2047,75.18319,33.345779,517045.79,3689636.05,60.108,OSM_WAY_NH44_MAINLINE,NH44_MAINLINE,NH-44 Jammu-Srinagar Highway,18,Original Winding Source Vertex
2048,75.182962,33.345822,517024.54,3689640.78,60.129,OSM_WAY_NH44_MAINLINE,NH44_MAINLINE,NH-44 Jammu-Srinagar Highway,19,Original Winding Source Vertex
2049,75.182774,33.345776,517007.07,3689635.74,60.148,OSM_WAY_NH44_MAINLINE,NH44_MAINLINE,NH-44 Jammu-Srinagar Highway,20,Original Winding Source Vertex
2050,75.182556,33.345759,516986.81,3689633.78,60.168,OSM_WAY_NH44_MAINLINE,NH44_MAINLINE,NH-44 Jammu-Srinagar Highway,21,Original Winding Source Vertex
2051,75.182277,33.345875,516960.78,3689646.56,60.197,OSM_WAY_NH44_MAINLINE,NH44_MAINLINE,NH-44 Jammu-Srinagar Highway,22,Original Winding Source Vertex
2052,75.182106,33.345989,516944.91,3689659.21,60.217,OSM_WAY_NH44_MAINLINE,NH44_MAINLINE,NH-44 Jammu-Srinagar Highway,23,Original Winding Source Vertex
2053,75.181858,33.346233,516921.75,3689686.24,60.253,OSM_WAY_NH44_MAINLINE,NH44_MAINLINE,NH-44 Jammu-Srinagar Highway,24,Original Winding Source Vertex
2054,75.18152,33.346554,516890.27,3689721.69,60.3,OSM_WAY_NH44_MAINLINE,NH44_MAINLINE,NH-44 Jammu-Srinagar Highway,25,Original Winding Source Vertex
2055,75.181197,33.3469,516860.18,3689760.04,60.349,OSM_WAY_NH44_MAINLINE,NH44_MAINLINE,NH-44 Jammu-Srinagar Highway,26,Original Winding Source Vertex
2056,75.181012,33.346997,516842.9,3689770.72,60.369,OSM_WAY_NH44_MAINLINE,NH44_MAINLINE,NH-44 Jammu-Srinagar Highway,27,Original Winding Source Vertex
2057,75.18082,33.34708,516825.06,3689779.96,60.389,OSM_WAY_NH44_MAINLINE,NH44_MAINLINE,NH-44 Jammu-Srinagar Highway,28,Original Winding Source Vertex
2058,75.180594,33.347146,516803.94,3689787.25,60.412,OSM_WAY_NH44_MAINLINE,NH44_MAINLINE,NH-44 Jammu-Srinagar Highway,29,Original Winding Source Vertex
2059,75.180402,33.347173,516786.11,3689790.22,60.43,OSM_WAY_NH44_MAINLINE,NH44_MAINLINE,NH-44 Jammu-Srinagar Highway,30,Original Winding Source Vertex
2060,75.180131,33.347237,516760.9,3689797.27,60.456,OSM_WAY_NH44_MAINLINE,NH44_MAINLINE,NH-44 Jammu-Srinagar Highway,31,Original Winding Source Vertex
2061,75.179835,33.347394,516733.28,3689814.63,60.489,OSM_WAY_NH44_MAINLINE,NH44_MAINLINE,NH-44 Jammu-Srinagar Highway,32,Original Winding Source Vertex
2062,75.179508,33.347649,516702.87,3689842.78,60.53,OSM_WAY_NH44_MAINLINE,NH44_MAINLINE,NH-44 Jammu-Srinagar Highway,33,Original Winding Source Vertex
2063,75.17917,33.347893,516671.32,3689869.78,60.572,OSM_WAY_NH44_MAINLINE,NH44_MAINLINE,NH-44 Jammu-Srinagar Highway,34,Original Winding Source Vertex
2064,75.179021,33.348084,516657.47,3689890.98,60.597,OSM_WAY_NH44_MAINLINE,NH44_MAINLINE,NH-44 Jammu-Srinagar Highway,35,Original Winding Source Vertex
2065,75.178928,33.348284,516648.72,3689913.13,60.621,OSM_WAY_NH44_MAINLINE,NH44_MAINLINE,NH-44 Jammu-Srinagar Highway,36,Original Winding Source Vertex
2066,75.178879,33.348398,516644.2,3689925.73,60.634,OSM_WAY_NH44_MAINLINE,NH44_MAINLINE,NH-44 Jammu-Srinagar Highway,37,Original Winding Source Vertex
2067,75.178924,33.348523,516648.31,3689939.55,60.648,OSM_WAY_NH44_MAINLINE,NH44_MAINLINE,NH-44 Jammu-Srinagar Highway,38,Original Winding Source Vertex
2068,75.17908,33.348754,516662.76,3689965.29,60.678,OSM_WAY_NH44_MAINLINE,NH44_MAINLINE,NH-44 Jammu-Srinagar Highway,39,Original Winding Source Vertex
2069,75.179175,33.348918,516671.61,3689983.46,60.698,OSM_WAY_NH44_MAINLINE,NH44_MAINLINE,NH-44 Jammu-Srinagar Highway,40,Original Winding Source Vertex
2070,75.179377,33.349248,516690.31,3690020.09,60.739,OSM_WAY_NH44_MAINLINE,NH44_MAINLINE,NH-44 Jammu-Srinagar Highway,41,Original Winding Source Vertex
2071,75.179633,33.349514,516714.15,3690049.54,60.777,OSM_WAY_NH44_MAINLINE,NH44_MAINLINE,NH-44 Jammu-Srinagar Highway,42,Original Winding Source Vertex
2072,75.179863,33.349815,516735.45,3690083.04,60.817,OSM_WAY_NH44_MAINLINE,NH44_MAINLINE,NH-44 Jammu-Srinagar Highway,43,Original Winding Source Vertex
2073,75.179935,33.350069,516742.09,3690111.14,60.846,OSM_WAY_NH44_MAINLINE,NH44_MAINLINE,NH-44 Jammu-Srinagar Highway,44,Original Winding Source Vertex
2074,75.17996,33.350256,516744.41,3690131.92,60.867,OSM_WAY_NH44_MAINLINE,NH44_MAINLINE,NH-44 Jammu-Srinagar Highway,45,Original Winding Source Vertex
2075,75.179963,33.350411,516744.63,3690149.14,60.884,OSM_WAY_NH44_MAINLINE,NH44_MAINLINE,NH-44 Jammu-Srinagar Highway,46,Original Winding Source Vertex
2076,75.179903,33.35059,516738.99,3690168.9,60.904,OSM_WAY_NH44_MAINLINE,NH44_MAINLINE,NH-44 Jammu-Srinagar Highway,47,Original Winding Source Vertex
2077,75.17974,33.350985,516723.81,3690212.67,60.951,OSM_WAY_NH44_MAINLINE,NH44_MAINLINE,NH-44 Jammu-Srinagar Highway,48,Original Winding Source Vertex
2078,75.179638,33.351128,516714.3,3690228.58,60.969,OSM_WAY_NH44_MAINLINE,NH44_MAINLINE,NH-44 Jammu-Srinagar Highway,49,Original Winding Source Vertex
2079,75.179549,33.351238,516705.99,3690240.68,60.984,OSM_WAY_NH44_MAINLINE,NH44_MAINLINE,NH-44 Jammu-Srinagar Highway,50,Original Winding Source Vertex
2080,75.179453,33.351332,516696.97,3690251.08,60.998,OSM_WAY_NH44_MAINLINE,NH44_MAINLINE,NH-44 Jammu-Srinagar Highway,51,Original Winding Source Vertex
2081,75.179325,33.351369,516685.13,3690255.23,61.01,OSM_WAY_NH44_MAINLINE,NH44_MAINLINE,NH-44 Jammu-Srinagar Highway,52,Original Winding Source Vertex
2082,75.179125,33.351426,516666.51,3690261.45,61.03,OSM_WAY_NH44_MAINLINE,NH44_MAINLINE,NH-44 Jammu-Srinagar Highway,53,Original Winding Source Vertex
2083,75.17873,33.351467,516629.73,3690266.0,61.067,OSM_WAY_NH44_MAINLINE,NH44_MAINLINE,NH-44 Jammu-Srinagar Highway,54,Original Winding Source Vertex
2084,75.178468,33.351493,516605.37,3690268.87,61.092,OSM_WAY_NH44_MAINLINE,NH44_MAINLINE,NH-44 Jammu-Srinagar Highway,55,Original Winding Source Vertex
2085,75.178138,33.351464,516574.62,3690265.5,61.122,OSM_WAY_NH44_MAINLINE,NH44_MAINLINE,NH-44 Jammu-Srinagar Highway,56,Original Winding Source Vertex
2086,75.177798,33.35145,516543.04,3690263.91,61.154,OSM_WAY_NH44_MAINLINE,NH44_MAINLINE,NH-44 Jammu-Srinagar Highway,57,Original Winding Source Vertex
2087,75.177396,33.351486,516505.55,3690267.84,61.192,OSM_WAY_NH44_MAINLINE,NH44_MAINLINE,NH-44 Jammu-Srinagar Highway,58,Original Winding Source Vertex
2088,75.177066,33.351487,516474.85,3690267.92,61.223,OSM_WAY_NH44_MAINLINE,NH44_MAINLINE,NH-44 Jammu-Srinagar Highway,59,Original Winding Source Vertex
2089,75.176778,33.35148,516448.07,3690267.15,61.249,OSM_WAY_NH44_MAINLINE,NH44_MAINLINE,NH-44 Jammu-Srinagar Highway,60,Original Winding Source Vertex
2090,75.176511,33.351507,516423.22,3690270.11,61.274,OSM_WAY_NH44_MAINLINE,NH44_MAINLINE,NH-44 Jammu-Srinagar Highway,61,Original Winding Source Vertex
2091,75.175876,33.351709,516364.12,3690292.35,61.337,OSM_WAY_NH44_MAINLINE,NH44_MAINLINE,NH-44 Jammu-Srinagar Highway,62,Original Winding Source Vertex
2092,75.175713,33.351793,516348.9,3690301.63,61.355,OSM_WAY_NH44_MAINLINE,NH44_MAINLINE,NH-44 Jammu-Srinagar Highway,63,Original Winding Source Vertex
2093,75.175482,33.351994,516327.43,3690323.9,61.386,OSM_WAY_NH44_MAINLINE,NH44_MAINLINE,NH-44 Jammu-Srinagar Highway,64,Original Winding Source Vertex
2094,75.17532,33.352084,516312.33,3690333.81,61.404,OSM_WAY_NH44_MAINLINE,NH44_MAINLINE,NH-44 Jammu-Srinagar Highway,65,Original Winding Source Vertex
2095,75.175139,33.352123,516295.51,3690338.14,61.422,OSM_WAY_NH44_MAINLINE,NH44_MAINLINE,NH-44 Jammu-Srinagar Highway,66,Original Winding Source Vertex
2096,75.174837,33.35215,516267.36,3690341.07,61.45,OSM_WAY_NH44_MAINLINE,NH44_MAINLINE,NH-44 Jammu-Srinagar Highway,67,Original Winding Source Vertex
2097,75.174556,33.352154,516241.2,3690341.44,61.476,OSM_WAY_NH44_MAINLINE,NH44_MAINLINE,NH-44 Jammu-Srinagar Highway,68,Original Winding Source Vertex
2098,75.174352,33.352179,516222.22,3690344.26,61.495,OSM_WAY_NH44_MAINLINE,NH44_MAINLINE,NH-44 Jammu-Srinagar Highway,69,Original Winding Source Vertex
2099,75.174155,33.35223,516203.93,3690349.87,61.514,OSM_WAY_NH44_MAINLINE,NH44_MAINLINE,NH-44 Jammu-Srinagar Highway,70,Original Winding Source Vertex
2100,75.173866,33.352335,516176.98,3690361.47,61.544,OSM_WAY_NH44_MAINLINE,NH44_MAINLINE,NH-44 Jammu-Srinagar Highway,71,Original Winding Source Vertex
2101,75.173726,33.352405,516163.96,3690369.19,61.559,OSM_WAY_NH44_MAINLINE,NH44_MAINLINE,NH-44 Jammu-Srinagar Highway,72,Original Winding Source Vertex
2102,75.173546,33.352584,516147.13,3690389.04,61.585,OSM_WAY_NH44_MAINLINE,NH44_MAINLINE,NH-44 Jammu-Srinagar Highway,73,Original Winding Source Vertex
2103,75.17337,33.352761,516130.78,3690408.64,61.61,OSM_WAY_NH44_MAINLINE,NH44_MAINLINE,NH-44 Jammu-Srinagar Highway,74,Original Winding Source Vertex
2104,75.173122,33.352995,516107.61,3690434.54,61.645,OSM_WAY_NH44_MAINLINE,NH44_MAINLINE,NH-44 Jammu-Srinagar Highway,75,Original Winding Source Vertex
2105,75.172948,33.353154,516091.38,3690452.08,61.669,OSM_WAY_NH44_MAINLINE,NH44_MAINLINE,NH-44 Jammu-Srinagar Highway,76,Original Winding Source Vertex
2106,75.172823,33.353286,516079.78,3690466.73,61.688,OSM_WAY_NH44_MAINLINE,NH44_MAINLINE,NH-44 Jammu-Srinagar Highway,77,Original Winding Source Vertex
2107,75.172792,33.353402,516076.84,3690479.56,61.701,OSM_WAY_NH44_MAINLINE,NH44_MAINLINE,NH-44 Jammu-Srinagar Highway,78,Original Winding Source Vertex
2108,75.172755,33.353571,516073.39,3690498.31,61.72,OSM_WAY_NH44_MAINLINE,NH44_MAINLINE,NH-44 Jammu-Srinagar Highway,79,Original Winding Source Vertex
2109,75.172687,33.353704,516067.05,3690513.0,61.736,OSM_WAY_NH44_MAINLINE,NH44_MAINLINE,NH-44 Jammu-Srinagar Highway,80,Original Winding Source Vertex
2110,75.17259,33.353811,516058.02,3690524.86,61.751,OSM_WAY_NH44_MAINLINE,NH44_MAINLINE,NH-44 Jammu-Srinagar Highway,81,Original Winding Source Vertex
2111,75.172375,33.353967,516037.97,3690542.13,61.777,OSM_WAY_NH44_MAINLINE,NH44_MAINLINE,NH-44 Jammu-Srinagar Highway,82,Original Winding Source Vertex
2112,75.172111,33.354086,516013.41,3690555.33,61.805,OSM_WAY_NH44_MAINLINE,NH44_MAINLINE,NH-44 Jammu-Srinagar Highway,83,Original Winding Source Vertex
2113,75.171913,33.354178,515994.89,3690565.47,61.826,OSM_WAY_NH44_MAINLINE,NH44_MAINLINE,NH-44 Jammu-Srinagar Highway,84,Original Winding Source Vertex
2114,75.171859,33.354222,515989.87,3690570.32,61.833,OSM_WAY_NH44_MAINLINE,NH44_MAINLINE,NH-44 Jammu-Srinagar Highway,85,Original Winding Source Vertex
2115,75.171788,33.354366,515983.24,3690586.25,61.851,OSM_WAY_NH44_MAINLINE,NH44_MAINLINE,NH-44 Jammu-Srinagar Highway,86,Original Winding Source Vertex
2116,75.171597,33.354676,515965.45,3690620.59,61.889,OSM_WAY_NH44_MAINLINE,NH44_MAINLINE,NH-44 Jammu-Srinagar Highway,87,Original Winding Source Vertex
2117,75.171431,33.354895,515949.95,3690644.82,61.918,OSM_WAY_NH44_MAINLINE,NH44_MAINLINE,NH-44 Jammu-Srinagar Highway,88,Original Winding Source Vertex
2118,75.171334,33.355104,515940.9,3690668.07,61.943,OSM_WAY_NH44_MAINLINE,NH44_MAINLINE,NH-44 Jammu-Srinagar Highway,89,Original Winding Source Vertex
2119,75.171348,33.355302,515942.2,3690690.0,61.965,OSM_WAY_NH44_MAINLINE,NH44_MAINLINE,NH-44 Jammu-Srinagar Highway,90,Original Winding Source Vertex
2120,75.171441,33.355468,515950.78,3690708.41,61.985,OSM_WAY_NH44_MAINLINE,NH44_MAINLINE,NH-44 Jammu-Srinagar Highway,91,Original Winding Source Vertex
2121,75.171556,33.355635,515961.5,3690726.91,62.007,OSM_WAY_NH44_MAINLINE,NH44_MAINLINE,NH-44 Jammu-Srinagar Highway,92,Original Winding Source Vertex
2122,75.171659,33.35584,515971.03,3690749.65,62.031,OSM_WAY_NH44_MAINLINE,NH44_MAINLINE,NH-44 Jammu-Srinagar Highway,93,Original Winding Source Vertex
2123,75.171707,33.35597,515975.46,3690764.14,62.046,OSM_WAY_NH44_MAINLINE,NH44_MAINLINE,NH-44 Jammu-Srinagar Highway,94,Original Winding Source Vertex
2124,75.171714,33.356087,515976.1,3690777.1,62.059,OSM_WAY_NH44_MAINLINE,NH44_MAINLINE,NH-44 Jammu-Srinagar Highway,95,Original Winding Source Vertex
2125,75.171694,33.356234,515974.18,3690793.33,62.076,OSM_WAY_NH44_MAINLINE,NH44_MAINLINE,NH-44 Jammu-Srinagar Highway,96,Original Winding Source Vertex
2126,75.171436,33.356837,515950.08,3690860.17,62.147,OSM_WAY_NH44_MAINLINE,NH44_MAINLINE,NH-44 Jammu-Srinagar Highway,97,Original Winding Source Vertex
2127,75.171399,33.356975,515946.57,3690875.45,62.163,OSM_WAY_NH44_MAINLINE,NH44_MAINLINE,NH-44 Jammu-Srinagar Highway,98,Original Winding Source Vertex
2128,75.171391,33.357175,515945.86,3690897.65,62.185,OSM_WAY_NH44_MAINLINE,NH44_MAINLINE,NH-44 Jammu-Srinagar Highway,99,Original Winding Source Vertex
2129,75.171424,33.357372,515948.81,3690919.46,62.207,OSM_WAY_NH44_MAINLINE,NH44_MAINLINE,NH-44 Jammu-Srinagar Highway,100,Original Winding Source Vertex
2130,75.171391,33.357622,515945.78,3690947.15,62.235,OSM_WAY_NH44_MAINLINE,NH44_MAINLINE,NH-44 Jammu-Srinagar Highway,101,Original Winding Source Vertex
2131,75.171298,33.358075,515937.0,3690997.4,62.286,OSM_WAY_NH44_MAINLINE,NH44_MAINLINE,NH-44 Jammu-Srinagar Highway,102,Original Winding Source Vertex
2132,75.171338,33.358221,515940.66,3691013.59,62.302,OSM_WAY_NH44_MAINLINE,NH44_MAINLINE,NH-44 Jammu-Srinagar Highway,103,Original Winding Source Vertex
2133,75.17141,33.358293,515947.37,3691021.59,62.313,OSM_WAY_NH44_MAINLINE,NH44_MAINLINE,NH-44 Jammu-Srinagar Highway,104,Original Winding Source Vertex
2134,75.171564,33.358383,515961.67,3691031.56,62.33,OSM_WAY_NH44_MAINLINE,NH44_MAINLINE,NH-44 Jammu-Srinagar Highway,105,Original Winding Source Vertex
2135,75.171745,33.358555,515978.52,3691050.71,62.356,OSM_WAY_NH44_MAINLINE,NH44_MAINLINE,NH-44 Jammu-Srinagar Highway,106,Original Winding Source Vertex
2136,75.171736,33.358703,515977.63,3691067.14,62.372,OSM_WAY_NH44_MAINLINE,NH44_MAINLINE,NH-44 Jammu-Srinagar Highway,107,Original Winding Source Vertex
2137,75.17169,33.358886,515973.3,3691087.37,62.393,OSM_WAY_NH44_MAINLINE,NH44_MAINLINE,NH-44 Jammu-Srinagar Highway,108,Original Winding Source Vertex
2138,75.171736,33.359057,515977.57,3691106.34,62.412,OSM_WAY_NH44_MAINLINE,NH44_MAINLINE,NH-44 Jammu-Srinagar Highway,109,Original Winding Source Vertex
2139,75.171833,33.359186,515986.55,3691120.64,62.429,OSM_WAY_NH44_MAINLINE,NH44_MAINLINE,NH-44 Jammu-Srinagar Highway,110,Original Winding Source Vertex
2140,75.172048,33.359488,516006.49,3691154.17,62.468,OSM_WAY_NH44_MAINLINE,NH44_MAINLINE,NH-44 Jammu-Srinagar Highway,111,Original Winding Source Vertex
2141,75.172113,33.359656,516012.58,3691172.8,62.488,OSM_WAY_NH44_MAINLINE,NH44_MAINLINE,NH-44 Jammu-Srinagar Highway,112,Original Winding Source Vertex
2142,75.172152,33.359785,516016.14,3691187.14,62.502,OSM_WAY_NH44_MAINLINE,NH44_MAINLINE,NH-44 Jammu-Srinagar Highway,113,Original Winding Source Vertex
2143,75.172317,33.359911,516031.48,3691201.11,62.523,OSM_WAY_NH44_MAINLINE,NH44_MAINLINE,NH-44 Jammu-Srinagar Highway,114,Original Winding Source Vertex
2144,75.172479,33.360042,516046.49,3691215.63,62.544,OSM_WAY_NH44_MAINLINE,NH44_MAINLINE,NH-44 Jammu-Srinagar Highway,115,Original Winding Source Vertex
2145,75.172758,33.360067,516072.51,3691218.45,62.57,OSM_WAY_NH44_MAINLINE,NH44_MAINLINE,NH-44 Jammu-Srinagar Highway,116,Original Winding Source Vertex
2146,75.17291,33.360092,516086.63,3691221.31,62.585,OSM_WAY_NH44_MAINLINE,NH44_MAINLINE,NH-44 Jammu-Srinagar Highway,117,Original Winding Source Vertex
2147,75.173133,33.360244,516107.36,3691238.14,62.611,OSM_WAY_NH44_MAINLINE,NH44_MAINLINE,NH-44 Jammu-Srinagar Highway,118,Original Winding Source Vertex
2148,75.173347,33.360345,516127.25,3691249.42,62.634,OSM_WAY_NH44_MAINLINE,NH44_MAINLINE,NH-44 Jammu-Srinagar Highway,119,Original Winding Source Vertex
2149,75.173483,33.360381,516139.83,3691253.44,62.647,OSM_WAY_NH44_MAINLINE,NH44_MAINLINE,NH-44 Jammu-Srinagar Highway,120,Original Winding Source Vertex
2150,75.173988,33.360441,516186.81,3691260.12,62.695,OSM_WAY_NH44_MAINLINE,NH44_MAINLINE,NH-44 Jammu-Srinagar Highway,121,Original Winding Source Vertex
2151,75.174269,33.360672,516212.92,3691285.79,62.732,OSM_WAY_NH44_MAINLINE,NH44_MAINLINE,NH-44 Jammu-Srinagar Highway,122,Original Winding Source Vertex
2152,75.174552,33.360924,516239.25,3691313.78,62.77,OSM_WAY_NH44_MAINLINE,NH44_MAINLINE,NH-44 Jammu-Srinagar Highway,123,Original Winding Source Vertex
2153,75.174771,33.361176,516259.55,3691341.69,62.804,OSM_WAY_NH44_MAINLINE,NH44_MAINLINE,NH-44 Jammu-Srinagar Highway,124,Original Winding Source Vertex
2154,75.174864,33.361357,516268.13,3691361.87,62.826,OSM_WAY_NH44_MAINLINE,NH44_MAINLINE,NH-44 Jammu-Srinagar Highway,125,Original Winding Source Vertex
2155,75.175029,33.361508,516283.49,3691378.65,62.849,OSM_WAY_NH44_MAINLINE,NH44_MAINLINE,NH-44 Jammu-Srinagar Highway,126,Original Winding Source Vertex
2156,75.175223,33.361655,516301.52,3691394.91,62.873,OSM_WAY_NH44_MAINLINE,NH44_MAINLINE,NH-44 Jammu-Srinagar Highway,127,Original Winding Source Vertex
2157,75.175527,33.361793,516329.75,3691410.29,62.906,OSM_WAY_NH44_MAINLINE,NH44_MAINLINE,NH-44 Jammu-Srinagar Highway,128,Original Winding Source Vertex
2158,75.175758,33.361862,516351.21,3691417.92,62.928,OSM_WAY_NH44_MAINLINE,NH44_MAINLINE,NH-44 Jammu-Srinagar Highway,129,Original Winding Source Vertex
2159,75.175981,33.361828,516371.99,3691414.22,62.949,OSM_WAY_NH44_MAINLINE,NH44_MAINLINE,NH-44 Jammu-Srinagar Highway,130,Original Winding Source Vertex
2160,75.176238,33.361754,516395.95,3691406.04,62.975,OSM_WAY_NH44_MAINLINE,NH44_MAINLINE,NH-44 Jammu-Srinagar Highway,131,Original Winding Source Vertex
2161,75.176471,33.361739,516417.63,3691404.48,62.997,OSM_WAY_NH44_MAINLINE,NH44_MAINLINE,NH-44 Jammu-Srinagar Highway,132,Original Winding Source Vertex
2162,75.176716,33.361787,516440.34,3691409.76,63.02,OSM_WAY_NH44_MAINLINE,NH44_MAINLINE,NH-44 Jammu-Srinagar Highway,133,Original Winding Source Vertex
2163,75.177176,33.361976,516483.18,3691430.86,63.068,OSM_WAY_NH44_MAINLINE,NH44_MAINLINE,NH-44 Jammu-Srinagar Highway,134,Original Winding Source Vertex
2164,75.177316,33.36204,516496.18,3691437.98,63.082,OSM_WAY_NH44_MAINLINE,NH44_MAINLINE,NH-44 Jammu-Srinagar Highway,135,Original Winding Source Vertex
2165,75.177472,33.362104,516510.64,3691445.09,63.099,OSM_WAY_NH44_MAINLINE,NH44_MAINLINE,NH-44 Jammu-Srinagar Highway,136,Original Winding Source Vertex
2166,75.177472,33.362104,516510.64,3691445.09,63.099,OSM_WAY_NH44_MAINLINE,NH44_MAINLINE,NH-44 Jammu-Srinagar Highway,0,Original Winding Source Vertex
2167,75.177641,33.36221,516526.36,3691456.79,63.118,OSM_WAY_NH44_MAINLINE,NH44_MAINLINE,NH-44 Jammu-Srinagar Highway,1,Original Winding Source Vertex
2168,75.177734,33.362395,516534.94,3691477.41,63.14,OSM_WAY_NH44_MAINLINE,NH44_MAINLINE,NH-44 Jammu-Srinagar Highway,2,Original Winding Source Vertex
2169,75.177896,33.362786,516549.92,3691520.75,63.186,OSM_WAY_NH44_MAINLINE,NH44_MAINLINE,NH-44 Jammu-Srinagar Highway,3,Original Winding Source Vertex
2170,75.177943,33.363039,516554.26,3691548.83,63.215,OSM_WAY_NH44_MAINLINE,NH44_MAINLINE,NH-44 Jammu-Srinagar Highway,4,Original Winding Source Vertex
2171,75.177941,33.363267,516554.07,3691574.02,63.24,OSM_WAY_NH44_MAINLINE,NH44_MAINLINE,NH-44 Jammu-Srinagar Highway,5,Original Winding Source Vertex
2172,75.178107,33.363566,516569.49,3691607.26,63.277,OSM_WAY_NH44_MAINLINE,NH44_MAINLINE,NH-44 Jammu-Srinagar Highway,6,Original Winding Source Vertex
2173,75.178384,33.363778,516595.16,3691630.76,63.311,OSM_WAY_NH44_MAINLINE,NH44_MAINLINE,NH-44 Jammu-Srinagar Highway,7,Original Winding Source Vertex
2174,75.178603,33.363881,516615.52,3691642.28,63.335,OSM_WAY_NH44_MAINLINE,NH44_MAINLINE,NH-44 Jammu-Srinagar Highway,8,Original Winding Source Vertex
2175,75.178884,33.364037,516641.69,3691659.58,63.366,OSM_WAY_NH44_MAINLINE,NH44_MAINLINE,NH-44 Jammu-Srinagar Highway,9,Original Winding Source Vertex
2176,75.17909,33.364252,516660.79,3691683.49,63.397,OSM_WAY_NH44_MAINLINE,NH44_MAINLINE,NH-44 Jammu-Srinagar Highway,10,Original Winding Source Vertex
2177,75.179279,33.364495,516678.32,3691710.43,63.429,OSM_WAY_NH44_MAINLINE,NH44_MAINLINE,NH-44 Jammu-Srinagar Highway,11,Original Winding Source Vertex
2178,75.179446,33.364747,516693.79,3691738.42,63.461,OSM_WAY_NH44_MAINLINE,NH44_MAINLINE,NH-44 Jammu-Srinagar Highway,12,Original Winding Source Vertex
2179,75.179537,33.364938,516702.23,3691759.58,63.484,OSM_WAY_NH44_MAINLINE,NH44_MAINLINE,NH-44 Jammu-Srinagar Highway,13,Original Winding Source Vertex
2180,75.179611,33.365095,516709.07,3691776.98,63.502,OSM_WAY_NH44_MAINLINE,NH44_MAINLINE,NH-44 Jammu-Srinagar Highway,14,Original Winding Source Vertex
2181,75.179695,33.365149,516716.85,3691783.01,63.512,OSM_WAY_NH44_MAINLINE,NH44_MAINLINE,NH-44 Jammu-Srinagar Highway,15,Original Winding Source Vertex
2182,75.179998,33.365314,516745.08,3691801.3,63.546,OSM_WAY_NH44_MAINLINE,NH44_MAINLINE,NH-44 Jammu-Srinagar Highway,16,Original Winding Source Vertex
2183,75.180418,33.36552,516784.08,3691824.28,63.591,OSM_WAY_NH44_MAINLINE,NH44_MAINLINE,NH-44 Jammu-Srinagar Highway,17,Original Winding Source Vertex
2184,75.180882,33.365714,516827.19,3691845.82,63.639,OSM_WAY_NH44_MAINLINE,NH44_MAINLINE,NH-44 Jammu-Srinagar Highway,18,Original Winding Source Vertex
2185,75.181365,33.365883,516872.13,3691864.64,63.688,OSM_WAY_NH44_MAINLINE,NH44_MAINLINE,NH-44 Jammu-Srinagar Highway,19,Original Winding Source Vertex
2186,75.181577,33.365949,516891.76,3691871.95,63.709,OSM_WAY_NH44_MAINLINE,NH44_MAINLINE,NH-44 Jammu-Srinagar Highway,20,Original Winding Source Vertex
2187,75.182039,33.366082,516934.72,3691886.77,63.754,OSM_WAY_NH44_MAINLINE,NH44_MAINLINE,NH-44 Jammu-Srinagar Highway,21,Original Winding Source Vertex
2188,75.182316,33.366135,516960.52,3691892.7,63.781,OSM_WAY_NH44_MAINLINE,NH44_MAINLINE,NH-44 Jammu-Srinagar Highway,22,Original Winding Source Vertex
2189,75.182508,33.366159,516978.37,3691895.42,63.799,OSM_WAY_NH44_MAINLINE,NH44_MAINLINE,NH-44 Jammu-Srinagar Highway,23,Original Winding Source Vertex
2190,75.182621,33.366134,516988.93,3691892.63,63.81,OSM_WAY_NH44_MAINLINE,NH44_MAINLINE,NH-44 Jammu-Srinagar Highway,24,Original Winding Source Vertex
2191,75.182811,33.365946,517006.62,3691871.85,63.837,OSM_WAY_NH44_MAINLINE,NH44_MAINLINE,NH-44 Jammu-Srinagar Highway,25,Original Winding Source Vertex
2192,75.183023,33.365772,517026.34,3691852.61,63.865,OSM_WAY_NH44_MAINLINE,NH44_MAINLINE,NH-44 Jammu-Srinagar Highway,26,Original Winding Source Vertex
2193,75.183224,33.365652,517045.06,3691839.36,63.888,OSM_WAY_NH44_MAINLINE,NH44_MAINLINE,NH-44 Jammu-Srinagar Highway,27,Original Winding Source Vertex
2194,75.183658,33.365484,517085.46,3691820.74,63.932,OSM_WAY_NH44_MAINLINE,NH44_MAINLINE,NH-44 Jammu-Srinagar Highway,28,Original Winding Source Vertex
2195,75.183985,33.365308,517115.94,3691801.34,63.968,OSM_WAY_NH44_MAINLINE,NH44_MAINLINE,NH-44 Jammu-Srinagar Highway,29,Original Winding Source Vertex
2196,75.184153,33.365239,517131.58,3691793.67,63.986,OSM_WAY_NH44_MAINLINE,NH44_MAINLINE,NH-44 Jammu-Srinagar Highway,30,Original Winding Source Vertex
2197,75.184346,33.365239,517149.57,3691793.74,64.004,OSM_WAY_NH44_MAINLINE,NH44_MAINLINE,NH-44 Jammu-Srinagar Highway,31,Original Winding Source Vertex
2198,75.184609,33.365293,517173.96,3691799.72,64.029,OSM_WAY_NH44_MAINLINE,NH44_MAINLINE,NH-44 Jammu-Srinagar Highway,32,Original Winding Source Vertex
2199,75.184967,33.365451,517207.29,3691817.34,64.066,OSM_WAY_NH44_MAINLINE,NH44_MAINLINE,NH-44 Jammu-Srinagar Highway,33,Original Winding Source Vertex
2200,75.185498,33.36564,517256.66,3691838.41,64.12,OSM_WAY_NH44_MAINLINE,NH44_MAINLINE,NH-44 Jammu-Srinagar Highway,34,Original Winding Source Vertex
2201,75.185997,33.365859,517303.01,3691862.74,64.172,OSM_WAY_NH44_MAINLINE,NH44_MAINLINE,NH-44 Jammu-Srinagar Highway,35,Original Winding Source Vertex
2202,75.186519,33.366124,517351.49,3691892.26,64.229,OSM_WAY_NH44_MAINLINE,NH44_MAINLINE,NH-44 Jammu-Srinagar Highway,36,Original Winding Source Vertex
2203,75.187078,33.366503,517403.47,3691934.29,64.296,OSM_WAY_NH44_MAINLINE,NH44_MAINLINE,NH-44 Jammu-Srinagar Highway,37,Original Winding Source Vertex
2204,75.187078,33.366503,517403.47,3691934.29,64.296,OSM_WAY_NH44_MAINLINE,NH44_MAINLINE,NH-44 Jammu-Srinagar Highway,0,Original Winding Source Vertex
2205,75.187143,33.366632,517409.5,3691948.6,64.312,OSM_WAY_NH44_MAINLINE,NH44_MAINLINE,NH-44 Jammu-Srinagar Highway,1,Original Winding Source Vertex
2206,75.1875,33.366968,517442.61,3691986.0,64.362,OSM_WAY_NH44_MAINLINE,NH44_MAINLINE,NH-44 Jammu-Srinagar Highway,2,Original Winding Source Vertex
2207,75.187652,33.36707,517456.75,3691997.34,64.38,OSM_WAY_NH44_MAINLINE,NH44_MAINLINE,NH-44 Jammu-Srinagar Highway,3,Original Winding Source Vertex
2208,75.188101,33.367328,517498.4,3692025.98,64.43,OSM_WAY_NH44_MAINLINE,NH44_MAINLINE,NH-44 Jammu-Srinagar Highway,4,Original Winding Source Vertex
2209,75.188266,33.367442,517513.76,3692038.59,64.45,OSM_WAY_NH44_MAINLINE,NH44_MAINLINE,NH-44 Jammu-Srinagar Highway,5,Original Winding Source Vertex
2210,75.18837,33.367547,517523.44,3692050.26,64.465,OSM_WAY_NH44_MAINLINE,NH44_MAINLINE,NH-44 Jammu-Srinagar Highway,6,Original Winding Source Vertex
2211,75.188562,33.367851,517541.22,3692083.97,64.503,OSM_WAY_NH44_MAINLINE,NH44_MAINLINE,NH-44 Jammu-Srinagar Highway,7,Original Winding Source Vertex
2212,75.188674,33.368002,517551.59,3692100.79,64.523,OSM_WAY_NH44_MAINLINE,NH44_MAINLINE,NH-44 Jammu-Srinagar Highway,8,Original Winding Source Vertex
2213,75.1888,33.368093,517563.34,3692110.89,64.539,OSM_WAY_NH44_MAINLINE,NH44_MAINLINE,NH-44 Jammu-Srinagar Highway,9,Original Winding Source Vertex
2214,75.188987,33.368169,517580.75,3692119.37,64.558,OSM_WAY_NH44_MAINLINE,NH44_MAINLINE,NH-44 Jammu-Srinagar Highway,10,Original Winding Source Vertex
2215,75.18916,33.368262,517596.82,3692129.7,64.577,OSM_WAY_NH44_MAINLINE,NH44_MAINLINE,NH-44 Jammu-Srinagar Highway,11,Original Winding Source Vertex
2216,75.189276,33.368376,517607.56,3692142.36,64.594,OSM_WAY_NH44_MAINLINE,NH44_MAINLINE,NH-44 Jammu-Srinagar Highway,12,Original Winding Source Vertex
2217,75.189351,33.368514,517614.46,3692157.67,64.61,OSM_WAY_NH44_MAINLINE,NH44_MAINLINE,NH-44 Jammu-Srinagar Highway,13,Original Winding Source Vertex
2218,75.189388,33.36863,517617.91,3692170.55,64.624,OSM_WAY_NH44_MAINLINE,NH44_MAINLINE,NH-44 Jammu-Srinagar Highway,14,Original Winding Source Vertex
2219,75.189457,33.368841,517624.31,3692193.92,64.648,OSM_WAY_NH44_MAINLINE,NH44_MAINLINE,NH-44 Jammu-Srinagar Highway,15,Original Winding Source Vertex
2220,75.189523,33.36892,517630.4,3692202.66,64.659,OSM_WAY_NH44_MAINLINE,NH44_MAINLINE,NH-44 Jammu-Srinagar Highway,16,Original Winding Source Vertex
2221,75.189643,33.368996,517641.52,3692211.16,64.673,OSM_WAY_NH44_MAINLINE,NH44_MAINLINE,NH-44 Jammu-Srinagar Highway,17,Original Winding Source Vertex
2222,75.189819,33.369046,517657.91,3692216.68,64.69,OSM_WAY_NH44_MAINLINE,NH44_MAINLINE,NH-44 Jammu-Srinagar Highway,18,Original Winding Source Vertex
2223,75.19194,33.369374,517855.14,3692253.41,64.891,OSM_WAY_NH44_MAINLINE,NH44_MAINLINE,NH-44 Jammu-Srinagar Highway,19,Original Winding Source Vertex
2224,75.19194,33.369374,517855.14,3692253.41,64.891,OSM_WAY_NH44_MAINLINE,NH44_MAINLINE,NH-44 Jammu-Srinagar Highway,0,Original Winding Source Vertex
2225,75.192377,33.369441,517895.82,3692260.98,64.932,OSM_WAY_NH44_MAINLINE,NH44_MAINLINE,NH-44 Jammu-Srinagar Highway,1,Original Winding Source Vertex
2226,75.192377,33.369441,517895.82,3692260.98,64.932,OSM_WAY_NH44_MAINLINE,NH44_MAINLINE,NH-44 Jammu-Srinagar Highway,0,Original Winding Source Vertex
2227,75.192864,33.369517,517941.06,3692269.41,64.978,OSM_WAY_NH44_MAINLINE,NH44_MAINLINE,NH-44 Jammu-Srinagar Highway,1,Original Winding Source Vertex
2228,75.193054,33.369553,517958.76,3692273.48,64.996,OSM_WAY_NH44_MAINLINE,NH44_MAINLINE,NH-44 Jammu-Srinagar Highway,2,Original Winding Source Vertex
2229,75.193219,33.369606,517974.07,3692279.43,65.013,OSM_WAY_NH44_MAINLINE,NH44_MAINLINE,NH-44 Jammu-Srinagar Highway,3,Original Winding Source Vertex
2230,75.193348,33.369697,517986.12,3692289.5,65.028,OSM_WAY_NH44_MAINLINE,NH44_MAINLINE,NH-44 Jammu-Srinagar Highway,4,Original Winding Source Vertex
2231,75.19347,33.369824,517997.41,3692303.62,65.046,OSM_WAY_NH44_MAINLINE,NH44_MAINLINE,NH-44 Jammu-Srinagar Highway,5,Original Winding Source Vertex
2232,75.193549,33.369943,518004.71,3692316.75,65.061,OSM_WAY_NH44_MAINLINE,NH44_MAINLINE,NH-44 Jammu-Srinagar Highway,6,Original Winding Source Vertex
2233,75.193616,33.370145,518010.89,3692339.26,65.085,OSM_WAY_NH44_MAINLINE,NH44_MAINLINE,NH-44 Jammu-Srinagar Highway,7,Original Winding Source Vertex
2234,75.193667,33.370444,518015.58,3692372.42,65.118,OSM_WAY_NH44_MAINLINE,NH44_MAINLINE,NH-44 Jammu-Srinagar Highway,8,Original Winding Source Vertex
2235,75.193731,33.370654,518021.48,3692395.61,65.142,OSM_WAY_NH44_MAINLINE,NH44_MAINLINE,NH-44 Jammu-Srinagar Highway,9,Original Winding Source Vertex
2236,75.193877,33.370969,518035.0,3692430.65,65.18,OSM_WAY_NH44_MAINLINE,NH44_MAINLINE,NH-44 Jammu-Srinagar Highway,10,Original Winding Source Vertex
2237,75.194039,33.371231,518050.04,3692459.73,65.212,OSM_WAY_NH44_MAINLINE,NH44_MAINLINE,NH-44 Jammu-Srinagar Highway,11,Original Winding Source Vertex
2238,75.194209,33.371478,518065.76,3692487.06,65.244,OSM_WAY_NH44_MAINLINE,NH44_MAINLINE,NH-44 Jammu-Srinagar Highway,12,Original Winding Source Vertex
2239,75.195464,33.372971,518182.2,3692652.8,65.447,OSM_WAY_NH44_MAINLINE,NH44_MAINLINE,NH-44 Jammu-Srinagar Highway,13,Original Winding Source Vertex
2240,75.195915,33.373635,518224.1,3692726.57,65.531,OSM_WAY_NH44_MAINLINE,NH44_MAINLINE,NH-44 Jammu-Srinagar Highway,14,Original Winding Source Vertex
2241,75.195915,33.373635,518224.1,3692726.57,65.531,OSM_WAY_NH44_MAINLINE,NH44_MAINLINE,NH-44 Jammu-Srinagar Highway,0,Original Winding Source Vertex
2242,75.196058,33.373845,518237.33,3692749.88,65.558,OSM_WAY_NH44_MAINLINE,NH44_MAINLINE,NH-44 Jammu-Srinagar Highway,1,Original Winding Source Vertex
2243,75.196206,33.374018,518251.06,3692769.1,65.582,OSM_WAY_NH44_MAINLINE,NH44_MAINLINE,NH-44 Jammu-Srinagar Highway,2,Original Winding Source Vertex
2244,75.196705,33.374596,518297.38,3692833.18,65.661,OSM_WAY_NH44_MAINLINE,NH44_MAINLINE,NH-44 Jammu-Srinagar Highway,3,Original Winding Source Vertex
2245,75.19687,33.374767,518312.66,3692852.23,65.661,OSM_WAY_NH44_MAINLINE,NH44_MAINLINE,NH-44 Jammu-Srinagar Highway,0,Original Winding Source Vertex
2246,75.197099,33.374973,518333.92,3692875.04,65.692,OSM_WAY_NH44_MAINLINE,NH44_MAINLINE,NH-44 Jammu-Srinagar Highway,1,Original Winding Source Vertex
2247,75.197582,33.375354,518378.79,3692917.39,65.754,OSM_WAY_NH44_MAINLINE,NH44_MAINLINE,NH-44 Jammu-Srinagar Highway,2,Original Winding Source Vertex
2248,75.197582,33.375354,518378.79,3692917.39,65.754,OSM_WAY_NH44_MAINLINE,NH44_MAINLINE,NH-44 Jammu-Srinagar Highway,0,Original Winding Source Vertex
2249,75.197732,33.375472,518392.71,3692930.53,65.773,OSM_WAY_NH44_MAINLINE,NH44_MAINLINE,NH-44 Jammu-Srinagar Highway,1,Original Winding Source Vertex
2250,75.197881,33.375626,518406.54,3692947.63,65.795,OSM_WAY_NH44_MAINLINE,NH44_MAINLINE,NH-44 Jammu-Srinagar Highway,2,Original Winding Source Vertex
2251,75.197962,33.37576,518414.05,3692962.45,65.811,OSM_WAY_NH44_MAINLINE,NH44_MAINLINE,NH-44 Jammu-Srinagar Highway,3,Original Winding Source Vertex
2252,75.198087,33.376054,518425.61,3692995.06,65.846,OSM_WAY_NH44_MAINLINE,NH44_MAINLINE,NH-44 Jammu-Srinagar Highway,4,Original Winding Source Vertex
2253,75.198142,33.376174,518430.68,3693008.39,65.86,OSM_WAY_NH44_MAINLINE,NH44_MAINLINE,NH-44 Jammu-Srinagar Highway,5,Original Winding Source Vertex
2254,75.198226,33.376272,518438.48,3693019.29,65.874,OSM_WAY_NH44_MAINLINE,NH44_MAINLINE,NH-44 Jammu-Srinagar Highway,6,Original Winding Source Vertex
2255,75.198326,33.376352,518447.76,3693028.21,65.887,OSM_WAY_NH44_MAINLINE,NH44_MAINLINE,NH-44 Jammu-Srinagar Highway,7,Original Winding Source Vertex
2256,75.198438,33.376422,518458.14,3693036.01,65.9,OSM_WAY_NH44_MAINLINE,NH44_MAINLINE,NH-44 Jammu-Srinagar Highway,8,Original Winding Source Vertex
2257,75.198575,33.376474,518470.87,3693041.78,65.914,OSM_WAY_NH44_MAINLINE,NH44_MAINLINE,NH-44 Jammu-Srinagar Highway,9,Original Winding Source Vertex
2258,75.198701,33.376498,518482.59,3693044.43,65.926,OSM_WAY_NH44_MAINLINE,NH44_MAINLINE,NH-44 Jammu-Srinagar Highway,10,Original Winding Source Vertex
2259,75.199228,33.376572,518531.56,3693052.74,65.975,OSM_WAY_NH44_MAINLINE,NH44_MAINLINE,NH-44 Jammu-Srinagar Highway,11,Original Winding Source Vertex
2260,75.199405,33.376613,518548.08,3693057.31,65.992,OSM_WAY_NH44_MAINLINE,NH44_MAINLINE,NH-44 Jammu-Srinagar Highway,12,Original Winding Source Vertex
2261,75.199601,33.376682,518566.31,3693065.0,66.012,OSM_WAY_NH44_MAINLINE,NH44_MAINLINE,NH-44 Jammu-Srinagar Highway,13,Original Winding Source Vertex
2262,75.199601,33.376682,518566.31,3693065.0,66.012,OSM_WAY_NH44_MAINLINE,NH44_MAINLINE,NH-44 Jammu-Srinagar Highway,0,Original Winding Source Vertex
2263,75.199789,33.376777,518583.74,3693075.53,66.033,OSM_WAY_NH44_MAINLINE,NH44_MAINLINE,NH-44 Jammu-Srinagar Highway,1,Original Winding Source Vertex
2264,75.199928,33.376865,518596.69,3693085.34,66.049,OSM_WAY_NH44_MAINLINE,NH44_MAINLINE,NH-44 Jammu-Srinagar Highway,2,Original Winding Source Vertex
2265,75.200056,33.37697,518608.52,3693096.99,66.065,OSM_WAY_NH44_MAINLINE,NH44_MAINLINE,NH-44 Jammu-Srinagar Highway,3,Original Winding Source Vertex
2266,75.200164,33.377088,518618.56,3693110.17,66.082,OSM_WAY_NH44_MAINLINE,NH44_MAINLINE,NH-44 Jammu-Srinagar Highway,4,Original Winding Source Vertex
2267,75.200252,33.377211,518626.75,3693123.8,66.098,OSM_WAY_NH44_MAINLINE,NH44_MAINLINE,NH-44 Jammu-Srinagar Highway,5,Original Winding Source Vertex
2268,75.200317,33.377339,518632.72,3693137.94,66.113,OSM_WAY_NH44_MAINLINE,NH44_MAINLINE,NH-44 Jammu-Srinagar Highway,6,Original Winding Source Vertex
2269,75.200361,33.377472,518636.78,3693152.7,66.129,OSM_WAY_NH44_MAINLINE,NH44_MAINLINE,NH-44 Jammu-Srinagar Highway,7,Original Winding Source Vertex
2270,75.20039,33.377616,518639.47,3693168.73,66.145,OSM_WAY_NH44_MAINLINE,NH44_MAINLINE,NH-44 Jammu-Srinagar Highway,8,Original Winding Source Vertex
2271,75.2004,33.377758,518640.36,3693184.43,66.161,OSM_WAY_NH44_MAINLINE,NH44_MAINLINE,NH-44 Jammu-Srinagar Highway,9,Original Winding Source Vertex
2272,75.200442,33.378392,518644.18,3693254.69,66.231,OSM_WAY_NH44_MAINLINE,NH44_MAINLINE,NH-44 Jammu-Srinagar Highway,10,Original Winding Source Vertex
2273,75.200465,33.378528,518646.28,3693269.85,66.246,OSM_WAY_NH44_MAINLINE,NH44_MAINLINE,NH-44 Jammu-Srinagar Highway,11,Original Winding Source Vertex
2274,75.201538,33.385742,518744.53,3694069.83,66.246,OSM_WAY_NH44_MAINLINE,NH44_MAINLINE,NH-44 Jammu-Srinagar Highway,0,Original Winding Source Vertex
2275,75.201487,33.385597,518739.77,3694053.72,66.263,OSM_WAY_NH44_MAINLINE,NH44_MAINLINE,NH-44 Jammu-Srinagar Highway,1,Original Winding Source Vertex
2276,75.20146,33.385438,518737.32,3694036.05,66.281,OSM_WAY_NH44_MAINLINE,NH44_MAINLINE,NH-44 Jammu-Srinagar Highway,2,Original Winding Source Vertex
2277,75.201444,33.385264,518735.83,3694016.85,66.3,OSM_WAY_NH44_MAINLINE,NH44_MAINLINE,NH-44 Jammu-Srinagar Highway,3,Original Winding Source Vertex
2278,75.201473,33.384985,518738.58,3693985.92,66.331,OSM_WAY_NH44_MAINLINE,NH44_MAINLINE,NH-44 Jammu-Srinagar Highway,4,Original Winding Source Vertex
2279,75.201484,33.384786,518739.67,3693963.86,66.353,OSM_WAY_NH44_MAINLINE,NH44_MAINLINE,NH-44 Jammu-Srinagar Highway,5,Original Winding Source Vertex
2280,75.201432,33.384117,518735.0,3693889.58,66.428,OSM_WAY_NH44_MAINLINE,NH44_MAINLINE,NH-44 Jammu-Srinagar Highway,6,Original Winding Source Vertex
2281,75.201414,33.384011,518733.36,3693877.88,66.439,OSM_WAY_NH44_MAINLINE,NH44_MAINLINE,NH-44 Jammu-Srinagar Highway,7,Original Winding Source Vertex
2282,75.201376,33.38391,518729.8,3693866.68,66.451,OSM_WAY_NH44_MAINLINE,NH44_MAINLINE,NH-44 Jammu-Srinagar Highway,8,Original Winding Source Vertex
2283,75.201321,33.383807,518724.76,3693855.28,66.464,OSM_WAY_NH44_MAINLINE,NH44_MAINLINE,NH-44 Jammu-Srinagar Highway,9,Original Winding Source Vertex
2284,75.201005,33.383363,518695.41,3693805.95,66.521,OSM_WAY_NH44_MAINLINE,NH44_MAINLINE,NH-44 Jammu-Srinagar Highway,10,Original Winding Source Vertex
2285,75.200951,33.383243,518690.48,3693792.65,66.535,OSM_WAY_NH44_MAINLINE,NH44_MAINLINE,NH-44 Jammu-Srinagar Highway,11,Original Winding Source Vertex
2286,75.200909,33.383122,518686.53,3693779.2,66.549,OSM_WAY_NH44_MAINLINE,NH44_MAINLINE,NH-44 Jammu-Srinagar Highway,12,Original Winding Source Vertex
2287,75.200881,33.383009,518683.99,3693766.67,66.562,OSM_WAY_NH44_MAINLINE,NH44_MAINLINE,NH-44 Jammu-Srinagar Highway,13,Original Winding Source Vertex
2288,75.200876,33.382916,518683.54,3693756.38,66.572,OSM_WAY_NH44_MAINLINE,NH44_MAINLINE,NH-44 Jammu-Srinagar Highway,14,Original Winding Source Vertex
2289,75.200872,33.382799,518683.16,3693743.45,66.585,OSM_WAY_NH44_MAINLINE,NH44_MAINLINE,NH-44 Jammu-Srinagar Highway,15,Original Winding Source Vertex
2290,75.20088,33.382683,518684.0,3693730.53,66.598,OSM_WAY_NH44_MAINLINE,NH44_MAINLINE,NH-44 Jammu-Srinagar Highway,16,Original Winding Source Vertex
2291,75.20096,33.382177,518691.51,3693674.52,66.655,OSM_WAY_NH44_MAINLINE,NH44_MAINLINE,NH-44 Jammu-Srinagar Highway,17,Original Winding Source Vertex
2292,75.200995,33.382002,518694.84,3693655.12,66.674,OSM_WAY_NH44_MAINLINE,NH44_MAINLINE,NH-44 Jammu-Srinagar Highway,18,Original Winding Source Vertex
2293,75.201043,33.381822,518699.27,3693635.08,66.695,OSM_WAY_NH44_MAINLINE,NH44_MAINLINE,NH-44 Jammu-Srinagar Highway,19,Original Winding Source Vertex
2294,75.201058,33.381734,518700.67,3693625.39,66.705,OSM_WAY_NH44_MAINLINE,NH44_MAINLINE,NH-44 Jammu-Srinagar Highway,20,Original Winding Source Vertex
2295,75.201056,33.381655,518700.55,3693616.57,66.714,OSM_WAY_NH44_MAINLINE,NH44_MAINLINE,NH-44 Jammu-Srinagar Highway,21,Original Winding Source Vertex
2296,75.20104,33.381542,518699.08,3693604.11,66.726,OSM_WAY_NH44_MAINLINE,NH44_MAINLINE,NH-44 Jammu-Srinagar Highway,22,Original Winding Source Vertex
2297,75.201012,33.381433,518696.48,3693592.01,66.739,OSM_WAY_NH44_MAINLINE,NH44_MAINLINE,NH-44 Jammu-Srinagar Highway,23,Original Winding Source Vertex
2298,75.200968,33.381321,518692.4,3693579.56,66.752,OSM_WAY_NH44_MAINLINE,NH44_MAINLINE,NH-44 Jammu-Srinagar Highway,24,Original Winding Source Vertex
2299,75.200798,33.380965,518676.71,3693540.06,66.794,OSM_WAY_NH44_MAINLINE,NH44_MAINLINE,NH-44 Jammu-Srinagar Highway,25,Original Winding Source Vertex
2300,75.200756,33.380854,518672.79,3693527.7,66.807,OSM_WAY_NH44_MAINLINE,NH44_MAINLINE,NH-44 Jammu-Srinagar Highway,26,Original Winding Source Vertex
2301,75.200739,33.380754,518671.29,3693516.65,66.818,OSM_WAY_NH44_MAINLINE,NH44_MAINLINE,NH-44 Jammu-Srinagar Highway,27,Original Winding Source Vertex
2302,75.200742,33.380678,518671.59,3693508.25,66.827,OSM_WAY_NH44_MAINLINE,NH44_MAINLINE,NH-44 Jammu-Srinagar Highway,28,Original Winding Source Vertex
2303,75.200759,33.380596,518673.19,3693499.17,66.836,OSM_WAY_NH44_MAINLINE,NH44_MAINLINE,NH-44 Jammu-Srinagar Highway,29,Original Winding Source Vertex
2304,75.200787,33.380501,518675.79,3693488.65,66.847,OSM_WAY_NH44_MAINLINE,NH44_MAINLINE,NH-44 Jammu-Srinagar Highway,30,Original Winding Source Vertex
2305,75.20115,33.379635,518709.77,3693392.73,66.948,OSM_WAY_NH44_MAINLINE,NH44_MAINLINE,NH-44 Jammu-Srinagar Highway,31,Original Winding Source Vertex
2306,75.201165,33.379524,518711.15,3693380.41,66.961,OSM_WAY_NH44_MAINLINE,NH44_MAINLINE,NH-44 Jammu-Srinagar Highway,32,Original Winding Source Vertex
2307,75.201159,33.379416,518710.64,3693368.38,66.973,OSM_WAY_NH44_MAINLINE,NH44_MAINLINE,NH-44 Jammu-Srinagar Highway,33,Original Winding Source Vertex
2308,75.201132,33.379313,518708.12,3693356.97,66.985,OSM_WAY_NH44_MAINLINE,NH44_MAINLINE,NH-44 Jammu-Srinagar Highway,34,Original Winding Source Vertex
2309,75.201075,33.379199,518702.84,3693344.33,66.998,OSM_WAY_NH44_MAINLINE,NH44_MAINLINE,NH-44 Jammu-Srinagar Highway,35,Original Winding Source Vertex
2310,75.200993,33.379081,518695.21,3693331.19,67.013,OSM_WAY_NH44_MAINLINE,NH44_MAINLINE,NH-44 Jammu-Srinagar Highway,36,Original Winding Source Vertex
2311,75.200714,33.378747,518669.31,3693294.19,67.059,OSM_WAY_NH44_MAINLINE,NH44_MAINLINE,NH-44 Jammu-Srinagar Highway,37,Original Winding Source Vertex
2312,75.200648,33.378633,518663.21,3693281.52,67.073,OSM_WAY_NH44_MAINLINE,NH44_MAINLINE,NH-44 Jammu-Srinagar Highway,38,Original Winding Source Vertex
2313,75.200617,33.378545,518660.36,3693271.72,67.083,OSM_WAY_NH44_MAINLINE,NH44_MAINLINE,NH-44 Jammu-Srinagar Highway,39,Original Winding Source Vertex
2314,75.200597,33.37845,518658.56,3693261.23,67.094,OSM_WAY_NH44_MAINLINE,NH44_MAINLINE,NH-44 Jammu-Srinagar Highway,40,Original Winding Source Vertex
2315,75.202565,33.388757,518839.35,3694404.24,67.094,OSM_WAY_NH44_MAINLINE,NH44_MAINLINE,NH-44 Jammu-Srinagar Highway,0,Original Winding Source Vertex
2316,75.20264,33.38858,518846.41,3694384.69,67.114,OSM_WAY_NH44_MAINLINE,NH44_MAINLINE,NH-44 Jammu-Srinagar Highway,1,Original Winding Source Vertex
2317,75.202668,33.388406,518849.06,3694365.32,67.134,OSM_WAY_NH44_MAINLINE,NH44_MAINLINE,NH-44 Jammu-Srinagar Highway,2,Original Winding Source Vertex
2318,75.202652,33.38822,518847.61,3694344.77,67.154,OSM_WAY_NH44_MAINLINE,NH44_MAINLINE,NH-44 Jammu-Srinagar Highway,3,Original Winding Source Vertex
2319,75.202591,33.388029,518841.96,3694323.52,67.176,OSM_WAY_NH44_MAINLINE,NH44_MAINLINE,NH-44 Jammu-Srinagar Highway,4,Original Winding Source Vertex
2320,75.201615,33.38592,518751.58,3694089.51,67.427,OSM_WAY_NH44_MAINLINE,NH44_MAINLINE,NH-44 Jammu-Srinagar Highway,5,Original Winding Source Vertex
2321,75.201538,33.385742,518744.53,3694069.83,67.448,OSM_WAY_NH44_MAINLINE,NH44_MAINLINE,NH-44 Jammu-Srinagar Highway,6,Original Winding Source Vertex
2322,75.199152,33.390856,518521.52,3694636.41,67.448,OSM_WAY_NH44_MAINLINE,NH44_MAINLINE,NH-44 Jammu-Srinagar Highway,0,Original Winding Source Vertex
2323,75.199142,33.390743,518520.64,3694623.8,67.461,OSM_WAY_NH44_MAINLINE,NH44_MAINLINE,NH-44 Jammu-Srinagar Highway,1,Original Winding Source Vertex
2324,75.199153,33.390637,518521.66,3694612.1,67.473,OSM_WAY_NH44_MAINLINE,NH44_MAINLINE,NH-44 Jammu-Srinagar Highway,2,Original Winding Source Vertex
2325,75.199209,33.39049,518526.86,3694595.75,67.49,OSM_WAY_NH44_MAINLINE,NH44_MAINLINE,NH-44 Jammu-Srinagar Highway,3,Original Winding Source Vertex
2326,75.199304,33.390253,518535.77,3694569.48,67.518,OSM_WAY_NH44_MAINLINE,NH44_MAINLINE,NH-44 Jammu-Srinagar Highway,4,Original Winding Source Vertex
2327,75.199337,33.390094,518538.86,3694551.87,67.535,OSM_WAY_NH44_MAINLINE,NH44_MAINLINE,NH-44 Jammu-Srinagar Highway,5,Original Winding Source Vertex
2328,75.199359,33.389797,518541.0,3694518.98,67.568,OSM_WAY_NH44_MAINLINE,NH44_MAINLINE,NH-44 Jammu-Srinagar Highway,6,Original Winding Source Vertex
2329,75.199392,33.389703,518544.04,3694508.54,67.579,OSM_WAY_NH44_MAINLINE,NH44_MAINLINE,NH-44 Jammu-Srinagar Highway,7,Original Winding Source Vertex
2330,75.199427,33.389638,518547.38,3694501.33,67.587,OSM_WAY_NH44_MAINLINE,NH44_MAINLINE,NH-44 Jammu-Srinagar Highway,8,Original Winding Source Vertex
2331,75.199512,33.389573,518555.22,3694494.16,67.598,OSM_WAY_NH44_MAINLINE,NH44_MAINLINE,NH-44 Jammu-Srinagar Highway,9,Original Winding Source Vertex
2332,75.199609,33.389541,518564.3,3694490.68,67.608,OSM_WAY_NH44_MAINLINE,NH44_MAINLINE,NH-44 Jammu-Srinagar Highway,10,Original Winding Source Vertex
2333,75.199732,33.389517,518575.71,3694488.05,67.619,OSM_WAY_NH44_MAINLINE,NH44_MAINLINE,NH-44 Jammu-Srinagar Highway,11,Original Winding Source Vertex
2334,75.20007,33.389522,518607.16,3694488.57,67.651,OSM_WAY_NH44_MAINLINE,NH44_MAINLINE,NH-44 Jammu-Srinagar Highway,12,Original Winding Source Vertex
2335,75.200244,33.389527,518623.38,3694489.18,67.667,OSM_WAY_NH44_MAINLINE,NH44_MAINLINE,NH-44 Jammu-Srinagar Highway,13,Original Winding Source Vertex
2336,75.200401,33.389548,518637.93,3694491.54,67.682,OSM_WAY_NH44_MAINLINE,NH44_MAINLINE,NH-44 Jammu-Srinagar Highway,14,Original Winding Source Vertex
2337,75.200572,33.389613,518653.86,3694498.82,67.699,OSM_WAY_NH44_MAINLINE,NH44_MAINLINE,NH-44 Jammu-Srinagar Highway,15,Original Winding Source Vertex
2338,75.200817,33.389694,518676.64,3694507.82,67.724,OSM_WAY_NH44_MAINLINE,NH44_MAINLINE,NH-44 Jammu-Srinagar Highway,16,Original Winding Source Vertex
2339,75.200966,33.389713,518690.48,3694509.9,67.738,OSM_WAY_NH44_MAINLINE,NH44_MAINLINE,NH-44 Jammu-Srinagar Highway,17,Original Winding Source Vertex
2340,75.201103,33.389719,518703.17,3694510.59,67.75,OSM_WAY_NH44_MAINLINE,NH44_MAINLINE,NH-44 Jammu-Srinagar Highway,18,Original Winding Source Vertex
2341,75.201233,33.38971,518715.31,3694509.72,67.763,OSM_WAY_NH44_MAINLINE,NH44_MAINLINE,NH-44 Jammu-Srinagar Highway,19,Original Winding Source Vertex
2342,75.201314,33.389696,518722.87,3694508.08,67.77,OSM_WAY_NH44_MAINLINE,NH44_MAINLINE,NH-44 Jammu-Srinagar Highway,20,Original Winding Source Vertex
2343,75.201401,33.389669,518730.89,3694505.19,67.779,OSM_WAY_NH44_MAINLINE,NH44_MAINLINE,NH-44 Jammu-Srinagar Highway,21,Original Winding Source Vertex
2344,75.201496,33.389616,518739.79,3694499.33,67.789,OSM_WAY_NH44_MAINLINE,NH44_MAINLINE,NH-44 Jammu-Srinagar Highway,22,Original Winding Source Vertex
2345,75.20227,33.389098,518811.85,3694442.02,67.882,OSM_WAY_NH44_MAINLINE,NH44_MAINLINE,NH-44 Jammu-Srinagar Highway,23,Original Winding Source Vertex
2346,75.202359,33.389021,518820.17,3694433.5,67.893,OSM_WAY_NH44_MAINLINE,NH44_MAINLINE,NH-44 Jammu-Srinagar Highway,24,Original Winding Source Vertex
2347,75.20247,33.388898,518830.54,3694419.9,67.911,OSM_WAY_NH44_MAINLINE,NH44_MAINLINE,NH-44 Jammu-Srinagar Highway,25,Original Winding Source Vertex
2348,75.202565,33.388757,518839.35,3694404.24,67.929,OSM_WAY_NH44_MAINLINE,NH44_MAINLINE,NH-44 Jammu-Srinagar Highway,26,Original Winding Source Vertex
2349,75.204847,33.414558,519045.96,3697265.18,67.929,OSM_WAY_NH44_MAINLINE,NH44_MAINLINE,NH-44 Jammu-Srinagar Highway,0,Original Winding Source Vertex
2350,75.2048,33.414401,519041.65,3697247.75,67.946,OSM_WAY_NH44_MAINLINE,NH44_MAINLINE,NH-44 Jammu-Srinagar Highway,1,Original Winding Source Vertex
2351,75.204761,33.414235,519038.09,3697229.34,67.965,OSM_WAY_NH44_MAINLINE,NH44_MAINLINE,NH-44 Jammu-Srinagar Highway,2,Original Winding Source Vertex
2352,75.204772,33.413986,519039.17,3697201.68,67.993,OSM_WAY_NH44_MAINLINE,NH44_MAINLINE,NH-44 Jammu-Srinagar Highway,3,Original Winding Source Vertex
2353,75.204782,33.413822,519040.12,3697183.51,68.011,OSM_WAY_NH44_MAINLINE,NH44_MAINLINE,NH-44 Jammu-Srinagar Highway,4,Original Winding Source Vertex
2354,75.204766,33.413647,519038.63,3697164.18,68.03,OSM_WAY_NH44_MAINLINE,NH44_MAINLINE,NH-44 Jammu-Srinagar Highway,5,Original Winding Source Vertex
2355,75.204696,33.413206,519032.25,3697115.22,68.08,OSM_WAY_NH44_MAINLINE,NH44_MAINLINE,NH-44 Jammu-Srinagar Highway,6,Original Winding Source Vertex
2356,75.2047,33.413045,519032.59,3697097.38,68.098,OSM_WAY_NH44_MAINLINE,NH44_MAINLINE,NH-44 Jammu-Srinagar Highway,7,Original Winding Source Vertex
2357,75.204742,33.412765,519036.57,3697066.37,68.129,OSM_WAY_NH44_MAINLINE,NH44_MAINLINE,NH-44 Jammu-Srinagar Highway,8,Original Winding Source Vertex
2358,75.204734,33.412657,519035.85,3697054.34,68.141,OSM_WAY_NH44_MAINLINE,NH44_MAINLINE,NH-44 Jammu-Srinagar Highway,9,Original Winding Source Vertex
2359,75.204697,33.412542,519032.45,3697041.67,68.154,OSM_WAY_NH44_MAINLINE,NH44_MAINLINE,NH-44 Jammu-Srinagar Highway,10,Original Winding Source Vertex
2360,75.204634,33.412442,519026.6,3697030.54,68.167,OSM_WAY_NH44_MAINLINE,NH44_MAINLINE,NH-44 Jammu-Srinagar Highway,11,Original Winding Source Vertex
2361,75.204434,33.412222,519008.11,3697006.11,68.197,OSM_WAY_NH44_MAINLINE,NH44_MAINLINE,NH-44 Jammu-Srinagar Highway,12,Original Winding Source Vertex
2362,75.204344,33.41209,518999.73,3696991.46,68.214,OSM_WAY_NH44_MAINLINE,NH44_MAINLINE,NH-44 Jammu-Srinagar Highway,13,Original Winding Source Vertex
2363,75.204287,33.41194,518994.45,3696974.8,68.232,OSM_WAY_NH44_MAINLINE,NH44_MAINLINE,NH-44 Jammu-Srinagar Highway,14,Original Winding Source Vertex
2364,75.204273,33.411789,518993.24,3696958.11,68.248,OSM_WAY_NH44_MAINLINE,NH44_MAINLINE,NH-44 Jammu-Srinagar Highway,15,Original Winding Source Vertex
2365,75.204291,33.411664,518994.93,3696944.16,68.262,OSM_WAY_NH44_MAINLINE,NH44_MAINLINE,NH-44 Jammu-Srinagar Highway,16,Original Winding Source Vertex
2366,75.204303,33.411557,518996.09,3696932.37,68.274,OSM_WAY_NH44_MAINLINE,NH44_MAINLINE,NH-44 Jammu-Srinagar Highway,17,Original Winding Source Vertex
2367,75.204296,33.41144,518995.4,3696919.36,68.287,OSM_WAY_NH44_MAINLINE,NH44_MAINLINE,NH-44 Jammu-Srinagar Highway,18,Original Winding Source Vertex
2368,75.204259,33.411339,518992.03,3696908.15,68.299,OSM_WAY_NH44_MAINLINE,NH44_MAINLINE,NH-44 Jammu-Srinagar Highway,19,Original Winding Source Vertex
2369,75.204171,33.411228,518983.8,3696895.81,68.314,OSM_WAY_NH44_MAINLINE,NH44_MAINLINE,NH-44 Jammu-Srinagar Highway,20,Original Winding Source Vertex
2370,75.204032,33.411115,518970.96,3696883.28,68.332,OSM_WAY_NH44_MAINLINE,NH44_MAINLINE,NH-44 Jammu-Srinagar Highway,21,Original Winding Source Vertex
2371,75.203658,33.410893,518936.23,3696858.59,68.374,OSM_WAY_NH44_MAINLINE,NH44_MAINLINE,NH-44 Jammu-Srinagar Highway,22,Original Winding Source Vertex
2372,75.203549,33.410825,518926.1,3696851.05,68.387,OSM_WAY_NH44_MAINLINE,NH44_MAINLINE,NH-44 Jammu-Srinagar Highway,23,Original Winding Source Vertex
2373,75.203458,33.410735,518917.66,3696841.05,68.4,OSM_WAY_NH44_MAINLINE,NH44_MAINLINE,NH-44 Jammu-Srinagar Highway,24,Original Winding Source Vertex
2374,75.203385,33.410637,518910.89,3696830.24,68.413,OSM_WAY_NH44_MAINLINE,NH44_MAINLINE,NH-44 Jammu-Srinagar Highway,25,Original Winding Source Vertex
2375,75.203316,33.410528,518904.54,3696818.11,68.427,OSM_WAY_NH44_MAINLINE,NH44_MAINLINE,NH-44 Jammu-Srinagar Highway,26,Original Winding Source Vertex
2376,75.2032,33.410235,518893.77,3696785.64,68.461,OSM_WAY_NH44_MAINLINE,NH44_MAINLINE,NH-44 Jammu-Srinagar Highway,27,Original Winding Source Vertex
2377,75.203111,33.410064,518885.55,3696766.65,68.481,OSM_WAY_NH44_MAINLINE,NH44_MAINLINE,NH-44 Jammu-Srinagar Highway,28,Original Winding Source Vertex
2378,75.202604,33.40924,518838.54,3696675.15,68.584,OSM_WAY_NH44_MAINLINE,NH44_MAINLINE,NH-44 Jammu-Srinagar Highway,29,Original Winding Source Vertex
2379,75.202459,33.409064,518825.1,3696655.68,68.608,OSM_WAY_NH44_MAINLINE,NH44_MAINLINE,NH-44 Jammu-Srinagar Highway,30,Original Winding Source Vertex
2380,75.20238,33.408904,518817.81,3696637.92,68.627,OSM_WAY_NH44_MAINLINE,NH44_MAINLINE,NH-44 Jammu-Srinagar Highway,31,Original Winding Source Vertex
2381,75.202343,33.408778,518814.37,3696623.87,68.642,OSM_WAY_NH44_MAINLINE,NH44_MAINLINE,NH-44 Jammu-Srinagar Highway,32,Original Winding Source Vertex
2382,75.202299,33.408485,518810.35,3696591.36,68.674,OSM_WAY_NH44_MAINLINE,NH44_MAINLINE,NH-44 Jammu-Srinagar Highway,33,Original Winding Source Vertex
2383,75.202242,33.40832,518805.16,3696573.05,68.693,OSM_WAY_NH44_MAINLINE,NH44_MAINLINE,NH-44 Jammu-Srinagar Highway,34,Original Winding Source Vertex
2384,75.202143,33.408145,518795.96,3696553.72,68.715,OSM_WAY_NH44_MAINLINE,NH44_MAINLINE,NH-44 Jammu-Srinagar Highway,35,Original Winding Source Vertex
2385,75.202002,33.407979,518782.9,3696535.28,68.737,OSM_WAY_NH44_MAINLINE,NH44_MAINLINE,NH-44 Jammu-Srinagar Highway,36,Original Winding Source Vertex
2386,75.201853,33.407855,518769.05,3696521.53,68.757,OSM_WAY_NH44_MAINLINE,NH44_MAINLINE,NH-44 Jammu-Srinagar Highway,37,Original Winding Source Vertex
2387,75.20168,33.407746,518753.01,3696509.36,68.777,OSM_WAY_NH44_MAINLINE,NH44_MAINLINE,NH-44 Jammu-Srinagar Highway,38,Original Winding Source Vertex
2388,75.20149,33.407669,518735.34,3696500.83,68.797,OSM_WAY_NH44_MAINLINE,NH44_MAINLINE,NH-44 Jammu-Srinagar Highway,39,Original Winding Source Vertex
2389,75.201268,33.407619,518714.71,3696495.17,68.818,OSM_WAY_NH44_MAINLINE,NH44_MAINLINE,NH-44 Jammu-Srinagar Highway,40,Original Winding Source Vertex
2390,75.200851,33.40759,518675.92,3696491.97,68.857,OSM_WAY_NH44_MAINLINE,NH44_MAINLINE,NH-44 Jammu-Srinagar Highway,41,Original Winding Source Vertex
2391,75.200661,33.407559,518658.28,3696488.44,68.875,OSM_WAY_NH44_MAINLINE,NH44_MAINLINE,NH-44 Jammu-Srinagar Highway,42,Original Winding Source Vertex
2392,75.200471,33.407516,518640.63,3696483.66,68.893,OSM_WAY_NH44_MAINLINE,NH44_MAINLINE,NH-44 Jammu-Srinagar Highway,43,Original Winding Source Vertex
2393,75.199949,33.407263,518592.1,3696455.47,68.949,OSM_WAY_NH44_MAINLINE,NH44_MAINLINE,NH-44 Jammu-Srinagar Highway,44,Original Winding Source Vertex
2394,75.199574,33.407131,518557.28,3696440.82,68.987,OSM_WAY_NH44_MAINLINE,NH44_MAINLINE,NH-44 Jammu-Srinagar Highway,45,Original Winding Source Vertex
2395,75.19934,33.407058,518535.53,3696432.61,69.01,OSM_WAY_NH44_MAINLINE,NH44_MAINLINE,NH-44 Jammu-Srinagar Highway,46,Original Winding Source Vertex
2396,75.199239,33.407022,518526.12,3696428.62,69.021,OSM_WAY_NH44_MAINLINE,NH44_MAINLINE,NH-44 Jammu-Srinagar Highway,47,Original Winding Source Vertex
2397,75.199147,33.406955,518517.63,3696421.16,69.032,OSM_WAY_NH44_MAINLINE,NH44_MAINLINE,NH-44 Jammu-Srinagar Highway,48,Original Winding Source Vertex
2398,75.199045,33.406854,518508.2,3696410.04,69.047,OSM_WAY_NH44_MAINLINE,NH44_MAINLINE,NH-44 Jammu-Srinagar Highway,49,Original Winding Source Vertex
2399,75.198909,33.406699,518495.59,3696392.78,69.068,OSM_WAY_NH44_MAINLINE,NH44_MAINLINE,NH-44 Jammu-Srinagar Highway,50,Original Winding Source Vertex
2400,75.198654,33.406367,518471.91,3696355.94,69.112,OSM_WAY_NH44_MAINLINE,NH44_MAINLINE,NH-44 Jammu-Srinagar Highway,51,Original Winding Source Vertex
2401,75.198567,33.406208,518463.88,3696338.33,69.131,OSM_WAY_NH44_MAINLINE,NH44_MAINLINE,NH-44 Jammu-Srinagar Highway,52,Original Winding Source Vertex
2402,75.198334,33.405643,518442.28,3696275.66,69.197,OSM_WAY_NH44_MAINLINE,NH44_MAINLINE,NH-44 Jammu-Srinagar Highway,53,Original Winding Source Vertex
2403,75.198266,33.405503,518436.03,3696260.08,69.214,OSM_WAY_NH44_MAINLINE,NH44_MAINLINE,NH-44 Jammu-Srinagar Highway,54,Original Winding Source Vertex
2404,75.198151,33.405338,518425.38,3696241.81,69.235,OSM_WAY_NH44_MAINLINE,NH44_MAINLINE,NH-44 Jammu-Srinagar Highway,55,Original Winding Source Vertex
2405,75.197932,33.405097,518405.07,3696214.97,69.269,OSM_WAY_NH44_MAINLINE,NH44_MAINLINE,NH-44 Jammu-Srinagar Highway,56,Original Winding Source Vertex
2406,75.19783,33.404984,518395.58,3696202.45,69.285,OSM_WAY_NH44_MAINLINE,NH44_MAINLINE,NH-44 Jammu-Srinagar Highway,57,Original Winding Source Vertex
2407,75.197751,33.404816,518388.26,3696183.83,69.305,OSM_WAY_NH44_MAINLINE,NH44_MAINLINE,NH-44 Jammu-Srinagar Highway,58,Original Winding Source Vertex
2408,75.197728,33.404669,518386.21,3696167.49,69.321,OSM_WAY_NH44_MAINLINE,NH44_MAINLINE,NH-44 Jammu-Srinagar Highway,59,Original Winding Source Vertex
2409,75.19763,33.403827,518377.18,3696074.09,69.415,OSM_WAY_NH44_MAINLINE,NH44_MAINLINE,NH-44 Jammu-Srinagar Highway,60,Original Winding Source Vertex
2410,75.197577,33.403642,518372.36,3696053.64,69.436,OSM_WAY_NH44_MAINLINE,NH44_MAINLINE,NH-44 Jammu-Srinagar Highway,61,Original Winding Source Vertex
2411,75.197497,33.403468,518364.96,3696034.34,69.457,OSM_WAY_NH44_MAINLINE,NH44_MAINLINE,NH-44 Jammu-Srinagar Highway,62,Original Winding Source Vertex
2412,75.197382,33.403301,518354.26,3696015.76,69.478,OSM_WAY_NH44_MAINLINE,NH44_MAINLINE,NH-44 Jammu-Srinagar Highway,63,Original Winding Source Vertex
2413,75.197243,33.403149,518341.42,3695998.89,69.499,OSM_WAY_NH44_MAINLINE,NH44_MAINLINE,NH-44 Jammu-Srinagar Highway,64,Original Winding Source Vertex
2414,75.197065,33.403017,518324.83,3695984.22,69.521,OSM_WAY_NH44_MAINLINE,NH44_MAINLINE,NH-44 Jammu-Srinagar Highway,65,Original Winding Source Vertex
2415,75.196307,33.402567,518254.43,3695934.22,69.608,OSM_WAY_NH44_MAINLINE,NH44_MAINLINE,NH-44 Jammu-Srinagar Highway,66,Original Winding Source Vertex
2416,75.196114,33.402422,518236.59,3695918.05,69.632,OSM_WAY_NH44_MAINLINE,NH44_MAINLINE,NH-44 Jammu-Srinagar Highway,67,Original Winding Source Vertex
2417,75.195953,33.402266,518221.57,3695900.82,69.655,OSM_WAY_NH44_MAINLINE,NH44_MAINLINE,NH-44 Jammu-Srinagar Highway,68,Original Winding Source Vertex
2418,75.195818,33.402115,518209.1,3695883.98,69.676,OSM_WAY_NH44_MAINLINE,NH44_MAINLINE,NH-44 Jammu-Srinagar Highway,69,Original Winding Source Vertex
2419,75.195703,33.401965,518198.4,3695867.39,69.695,OSM_WAY_NH44_MAINLINE,NH44_MAINLINE,NH-44 Jammu-Srinagar Highway,70,Original Winding Source Vertex
2420,75.195429,33.401548,518172.99,3695821.15,69.748,OSM_WAY_NH44_MAINLINE,NH44_MAINLINE,NH-44 Jammu-Srinagar Highway,71,Original Winding Source Vertex
2421,75.195329,33.401367,518163.72,3695801.04,69.77,OSM_WAY_NH44_MAINLINE,NH44_MAINLINE,NH-44 Jammu-Srinagar Highway,72,Original Winding Source Vertex
2422,75.195259,33.401199,518157.26,3695782.34,69.79,OSM_WAY_NH44_MAINLINE,NH44_MAINLINE,NH-44 Jammu-Srinagar Highway,73,Original Winding Source Vertex
2423,75.195205,33.401029,518152.28,3695763.52,69.81,OSM_WAY_NH44_MAINLINE,NH44_MAINLINE,NH-44 Jammu-Srinagar Highway,74,Original Winding Source Vertex
2424,75.195097,33.400606,518142.31,3695716.6,69.858,OSM_WAY_NH44_MAINLINE,NH44_MAINLINE,NH-44 Jammu-Srinagar Highway,75,Original Winding Source Vertex
2425,75.195071,33.400421,518140.0,3695696.07,69.878,OSM_WAY_NH44_MAINLINE,NH44_MAINLINE,NH-44 Jammu-Srinagar Highway,76,Original Winding Source Vertex
2426,75.195081,33.400284,518140.94,3695680.88,69.893,OSM_WAY_NH44_MAINLINE,NH44_MAINLINE,NH-44 Jammu-Srinagar Highway,77,Original Winding Source Vertex
2427,75.195105,33.400149,518143.19,3695665.93,69.909,OSM_WAY_NH44_MAINLINE,NH44_MAINLINE,NH-44 Jammu-Srinagar Highway,78,Original Winding Source Vertex
2428,75.195234,33.399771,518155.3,3695623.99,69.952,OSM_WAY_NH44_MAINLINE,NH44_MAINLINE,NH-44 Jammu-Srinagar Highway,79,Original Winding Source Vertex
2429,75.195309,33.399603,518162.28,3695605.42,69.972,OSM_WAY_NH44_MAINLINE,NH44_MAINLINE,NH-44 Jammu-Srinagar Highway,80,Original Winding Source Vertex
2430,75.195394,33.399483,518170.17,3695592.12,69.988,OSM_WAY_NH44_MAINLINE,NH44_MAINLINE,NH-44 Jammu-Srinagar Highway,81,Original Winding Source Vertex
2431,75.195478,33.399394,518178.06,3695582.3,70.0,OSM_WAY_NH44_MAINLINE,NH44_MAINLINE,NH-44 Jammu-Srinagar Highway,82,Original Winding Source Vertex
2432,75.195736,33.399243,518202.03,3695565.65,70.029,OSM_WAY_NH44_MAINLINE,NH44_MAINLINE,NH-44 Jammu-Srinagar Highway,83,Original Winding Source Vertex
2433,75.195886,33.399141,518216.02,3695554.31,70.047,OSM_WAY_NH44_MAINLINE,NH44_MAINLINE,NH-44 Jammu-Srinagar Highway,84,Original Winding Source Vertex
2434,75.195993,33.399039,518225.97,3695542.98,70.062,OSM_WAY_NH44_MAINLINE,NH44_MAINLINE,NH-44 Jammu-Srinagar Highway,85,Original Winding Source Vertex
2435,75.196457,33.398385,518269.26,3695470.55,70.147,OSM_WAY_NH44_MAINLINE,NH44_MAINLINE,NH-44 Jammu-Srinagar Highway,86,Original Winding Source Vertex
2436,75.196543,33.398193,518277.34,3695449.35,70.169,OSM_WAY_NH44_MAINLINE,NH44_MAINLINE,NH-44 Jammu-Srinagar Highway,87,Original Winding Source Vertex
2437,75.196612,33.397979,518283.78,3695425.59,70.194,OSM_WAY_NH44_MAINLINE,NH44_MAINLINE,NH-44 Jammu-Srinagar Highway,88,Original Winding Source Vertex
2438,75.196676,33.397476,518289.84,3695369.87,70.25,OSM_WAY_NH44_MAINLINE,NH44_MAINLINE,NH-44 Jammu-Srinagar Highway,89,Original Winding Source Vertex
2439,75.19672,33.397297,518293.99,3695350.01,70.27,OSM_WAY_NH44_MAINLINE,NH44_MAINLINE,NH-44 Jammu-Srinagar Highway,90,Original Winding Source Vertex
2440,75.196778,33.397174,518299.37,3695336.41,70.285,OSM_WAY_NH44_MAINLINE,NH44_MAINLINE,NH-44 Jammu-Srinagar Highway,91,Original Winding Source Vertex
2441,75.196928,33.396948,518313.44,3695311.35,70.314,OSM_WAY_NH44_MAINLINE,NH44_MAINLINE,NH-44 Jammu-Srinagar Highway,92,Original Winding Source Vertex
2442,75.197007,33.396764,518320.77,3695291.0,70.335,OSM_WAY_NH44_MAINLINE,NH44_MAINLINE,NH-44 Jammu-Srinagar Highway,93,Original Winding Source Vertex
2443,75.197027,33.396587,518322.71,3695271.34,70.355,OSM_WAY_NH44_MAINLINE,NH44_MAINLINE,NH-44 Jammu-Srinagar Highway,94,Original Winding Source Vertex
2444,75.197009,33.396453,518321.01,3695256.54,70.37,OSM_WAY_NH44_MAINLINE,NH44_MAINLINE,NH-44 Jammu-Srinagar Highway,95,Original Winding Source Vertex
2445,75.196976,33.396214,518318.02,3695229.94,70.397,OSM_WAY_NH44_MAINLINE,NH44_MAINLINE,NH-44 Jammu-Srinagar Highway,96,Original Winding Source Vertex
2446,75.196984,33.396038,518318.82,3695210.53,70.416,OSM_WAY_NH44_MAINLINE,NH44_MAINLINE,NH-44 Jammu-Srinagar Highway,97,Original Winding Source Vertex
2447,75.197021,33.395859,518322.3,3695190.6,70.437,OSM_WAY_NH44_MAINLINE,NH44_MAINLINE,NH-44 Jammu-Srinagar Highway,98,Original Winding Source Vertex
2448,75.197338,33.394878,518351.97,3695081.97,70.549,OSM_WAY_NH44_MAINLINE,NH44_MAINLINE,NH-44 Jammu-Srinagar Highway,99,Original Winding Source Vertex
2449,75.197352,33.394844,518353.25,3695078.23,70.553,OSM_WAY_NH44_MAINLINE,NH44_MAINLINE,NH-44 Jammu-Srinagar Highway,100,Original Winding Source Vertex
2450,75.197718,33.393943,518387.53,3694978.3,70.659,OSM_WAY_NH44_MAINLINE,NH44_MAINLINE,NH-44 Jammu-Srinagar Highway,101,Original Winding Source Vertex
2451,75.197809,33.393726,518395.97,3694954.25,70.684,OSM_WAY_NH44_MAINLINE,NH44_MAINLINE,NH-44 Jammu-Srinagar Highway,102,Original Winding Source Vertex
2452,75.197906,33.393527,518405.08,3694932.22,70.708,OSM_WAY_NH44_MAINLINE,NH44_MAINLINE,NH-44 Jammu-Srinagar Highway,103,Original Winding Source Vertex
2453,75.198044,33.393337,518417.98,3694911.21,70.733,OSM_WAY_NH44_MAINLINE,NH44_MAINLINE,NH-44 Jammu-Srinagar Highway,104,Original Winding Source Vertex
2454,75.198386,33.392948,518449.87,3694868.11,70.786,OSM_WAY_NH44_MAINLINE,NH44_MAINLINE,NH-44 Jammu-Srinagar Highway,105,Original Winding Source Vertex
2455,75.198509,33.392801,518461.33,3694851.93,70.806,OSM_WAY_NH44_MAINLINE,NH44_MAINLINE,NH-44 Jammu-Srinagar Highway,106,Original Winding Source Vertex
2456,75.198624,33.392627,518472.01,3694832.64,70.828,OSM_WAY_NH44_MAINLINE,NH44_MAINLINE,NH-44 Jammu-Srinagar Highway,107,Original Winding Source Vertex
2457,75.199162,33.391706,518522.22,3694730.59,70.942,OSM_WAY_NH44_MAINLINE,NH44_MAINLINE,NH-44 Jammu-Srinagar Highway,108,Original Winding Source Vertex
2458,75.199213,33.391598,518527.06,3694718.63,70.955,OSM_WAY_NH44_MAINLINE,NH44_MAINLINE,NH-44 Jammu-Srinagar Highway,109,Original Winding Source Vertex
2459,75.199239,33.391516,518529.44,3694709.5,70.964,OSM_WAY_NH44_MAINLINE,NH44_MAINLINE,NH-44 Jammu-Srinagar Highway,110,Original Winding Source Vertex
2460,75.199251,33.391426,518530.58,3694699.54,70.974,OSM_WAY_NH44_MAINLINE,NH44_MAINLINE,NH-44 Jammu-Srinagar Highway,111,Original Winding Source Vertex
2461,75.199259,33.391338,518531.33,3694689.78,70.984,OSM_WAY_NH44_MAINLINE,NH44_MAINLINE,NH-44 Jammu-Srinagar Highway,112,Original Winding Source Vertex
2462,75.199259,33.391249,518531.37,3694679.94,70.994,OSM_WAY_NH44_MAINLINE,NH44_MAINLINE,NH-44 Jammu-Srinagar Highway,113,Original Winding Source Vertex
2463,75.199232,33.391137,518528.87,3694667.5,71.007,OSM_WAY_NH44_MAINLINE,NH44_MAINLINE,NH-44 Jammu-Srinagar Highway,114,Original Winding Source Vertex
2464,75.204663,33.414498,519028.9,3697258.43,71.007,OSM_WAY_NH44_MAINLINE,NH44_MAINLINE,NH-44 Jammu-Srinagar Highway,0,Original Winding Source Vertex
2465,75.204714,33.414631,519033.56,3697273.18,71.022,OSM_WAY_NH44_MAINLINE,NH44_MAINLINE,NH-44 Jammu-Srinagar Highway,1,Original Winding Source Vertex
2466,75.204752,33.414766,519037.12,3697288.22,71.038,OSM_WAY_NH44_MAINLINE,NH44_MAINLINE,NH-44 Jammu-Srinagar Highway,2,Original Winding Source Vertex
2467,75.204783,33.414896,519039.96,3697302.66,71.052,OSM_WAY_NH44_MAINLINE,NH44_MAINLINE,NH-44 Jammu-Srinagar Highway,3,Original Winding Source Vertex
2468,75.20479,33.415022,519040.61,3697316.62,71.066,OSM_WAY_NH44_MAINLINE,NH44_MAINLINE,NH-44 Jammu-Srinagar Highway,4,Original Winding Source Vertex
2469,75.204741,33.416597,519035.65,3697491.2,71.066,OSM_WAY_NH44_MAINLINE,NH44_MAINLINE,NH-44 Jammu-Srinagar Highway,0,Original Winding Source Vertex
2470,75.204717,33.416486,519033.45,3697478.85,71.079,OSM_WAY_NH44_MAINLINE,NH44_MAINLINE,NH-44 Jammu-Srinagar Highway,1,Original Winding Source Vertex
2471,75.204696,33.416333,519031.54,3697461.87,71.096,OSM_WAY_NH44_MAINLINE,NH44_MAINLINE,NH-44 Jammu-Srinagar Highway,2,Original Winding Source Vertex
2472,75.204687,33.416188,519030.76,3697445.82,71.112,OSM_WAY_NH44_MAINLINE,NH44_MAINLINE,NH-44 Jammu-Srinagar Highway,3,Original Winding Source Vertex
2473,75.204684,33.416016,519030.48,3697426.82,71.131,OSM_WAY_NH44_MAINLINE,NH44_MAINLINE,NH-44 Jammu-Srinagar Highway,4,Original Winding Source Vertex
2474,75.20471,33.415845,519032.92,3697407.86,71.15,OSM_WAY_NH44_MAINLINE,NH44_MAINLINE,NH-44 Jammu-Srinagar Highway,5,Original Winding Source Vertex
2475,75.204759,33.415636,519037.58,3697384.71,71.174,OSM_WAY_NH44_MAINLINE,NH44_MAINLINE,NH-44 Jammu-Srinagar Highway,6,Original Winding Source Vertex
2476,75.204903,33.41526,519050.99,3697343.05,71.217,OSM_WAY_NH44_MAINLINE,NH44_MAINLINE,NH-44 Jammu-Srinagar Highway,7,Original Winding Source Vertex
2477,75.204939,33.415115,519054.42,3697326.97,71.234,OSM_WAY_NH44_MAINLINE,NH44_MAINLINE,NH-44 Jammu-Srinagar Highway,8,Original Winding Source Vertex
2478,75.204583,33.416592,519021.01,3697490.61,71.234,OSM_WAY_NH44_MAINLINE,NH44_MAINLINE,NH-44 Jammu-Srinagar Highway,0,Original Winding Source Vertex
2479,75.204748,33.417285,519036.2,3697567.49,71.312,OSM_WAY_NH44_MAINLINE,NH44_MAINLINE,NH-44 Jammu-Srinagar Highway,1,Original Winding Source Vertex
2480,75.204748,33.417285,519036.2,3697567.49,71.312,OSM_WAY_NH44_MAINLINE,NH44_MAINLINE,NH-44 Jammu-Srinagar Highway,0,Original Winding Source Vertex
2481,75.20476,33.417374,519037.31,3697577.31,71.322,OSM_WAY_NH44_MAINLINE,NH44_MAINLINE,NH-44 Jammu-Srinagar Highway,1,Original Winding Source Vertex
2482,75.204764,33.417446,519037.59,3697585.37,71.33,OSM_WAY_NH44_MAINLINE,NH44_MAINLINE,NH-44 Jammu-Srinagar Highway,2,Original Winding Source Vertex
2483,75.204751,33.417547,519036.35,3697596.53,71.341,OSM_WAY_NH44_MAINLINE,NH44_MAINLINE,NH-44 Jammu-Srinagar Highway,3,Original Winding Source Vertex
2484,75.204718,33.41767,519033.34,3697610.18,71.355,OSM_WAY_NH44_MAINLINE,NH44_MAINLINE,NH-44 Jammu-Srinagar Highway,4,Original Winding Source Vertex
2485,75.204679,33.417799,519029.7,3697624.49,71.37,OSM_WAY_NH44_MAINLINE,NH44_MAINLINE,NH-44 Jammu-Srinagar Highway,5,Original Winding Source Vertex
2486,75.204668,33.417905,519028.61,3697636.21,71.382,OSM_WAY_NH44_MAINLINE,NH44_MAINLINE,NH-44 Jammu-Srinagar Highway,6,Original Winding Source Vertex
2487,75.204673,33.417991,519029.01,3697645.77,71.391,OSM_WAY_NH44_MAINLINE,NH44_MAINLINE,NH-44 Jammu-Srinagar Highway,7,Original Winding Source Vertex
2488,75.204702,33.418113,519031.73,3697659.25,71.405,OSM_WAY_NH44_MAINLINE,NH44_MAINLINE,NH-44 Jammu-Srinagar Highway,8,Original Winding Source Vertex
2489,75.20502,33.418954,519061.07,3697752.54,71.503,OSM_WAY_NH44_MAINLINE,NH44_MAINLINE,NH-44 Jammu-Srinagar Highway,9,Original Winding Source Vertex
2490,75.205073,33.419112,519066.04,3697770.05,71.521,OSM_WAY_NH44_MAINLINE,NH44_MAINLINE,NH-44 Jammu-Srinagar Highway,10,Original Winding Source Vertex
2491,75.205127,33.419277,519070.98,3697788.41,71.54,OSM_WAY_NH44_MAINLINE,NH44_MAINLINE,NH-44 Jammu-Srinagar Highway,11,Original Winding Source Vertex
2492,75.205146,33.419407,519072.75,3697802.81,71.555,OSM_WAY_NH44_MAINLINE,NH44_MAINLINE,NH-44 Jammu-Srinagar Highway,12,Original Winding Source Vertex
2493,75.205141,33.41955,519072.18,3697818.73,71.571,OSM_WAY_NH44_MAINLINE,NH44_MAINLINE,NH-44 Jammu-Srinagar Highway,13,Original Winding Source Vertex
2494,75.205098,33.419685,519068.21,3697833.63,71.586,OSM_WAY_NH44_MAINLINE,NH44_MAINLINE,NH-44 Jammu-Srinagar Highway,14,Original Winding Source Vertex
2495,75.205037,33.419795,519062.51,3697845.86,71.6,OSM_WAY_NH44_MAINLINE,NH44_MAINLINE,NH-44 Jammu-Srinagar Highway,15,Original Winding Source Vertex
2496,75.204905,33.419989,519050.22,3697867.33,71.624,OSM_WAY_NH44_MAINLINE,NH44_MAINLINE,NH-44 Jammu-Srinagar Highway,16,Original Winding Source Vertex
2497,75.204842,33.420086,519044.32,3697878.01,71.637,OSM_WAY_NH44_MAINLINE,NH44_MAINLINE,NH-44 Jammu-Srinagar Highway,17,Original Winding Source Vertex
2498,75.204795,33.420207,519039.95,3697891.4,71.651,OSM_WAY_NH44_MAINLINE,NH44_MAINLINE,NH-44 Jammu-Srinagar Highway,18,Original Winding Source Vertex
2499,75.204759,33.420319,519036.52,3697903.8,71.663,OSM_WAY_NH44_MAINLINE,NH44_MAINLINE,NH-44 Jammu-Srinagar Highway,19,Original Winding Source Vertex
2500,75.204694,33.420603,519030.43,3697935.3,71.696,OSM_WAY_NH44_MAINLINE,NH44_MAINLINE,NH-44 Jammu-Srinagar Highway,20,Original Winding Source Vertex
2501,75.204677,33.420768,519028.83,3697953.63,71.714,OSM_WAY_NH44_MAINLINE,NH44_MAINLINE,NH-44 Jammu-Srinagar Highway,21,Original Winding Source Vertex
2502,75.204679,33.420882,519028.96,3697966.24,71.727,OSM_WAY_NH44_MAINLINE,NH44_MAINLINE,NH-44 Jammu-Srinagar Highway,22,Original Winding Source Vertex
2503,75.204691,33.420965,519030.05,3697975.5,71.736,OSM_WAY_NH44_MAINLINE,NH44_MAINLINE,NH-44 Jammu-Srinagar Highway,23,Original Winding Source Vertex
2504,75.204731,33.421158,519033.78,3697996.92,71.758,OSM_WAY_NH44_MAINLINE,NH44_MAINLINE,NH-44 Jammu-Srinagar Highway,24,Original Winding Source Vertex
2505,75.204747,33.421286,519035.19,3698011.11,71.772,OSM_WAY_NH44_MAINLINE,NH44_MAINLINE,NH-44 Jammu-Srinagar Highway,25,Original Winding Source Vertex
2506,75.204729,33.421406,519033.48,3698024.39,71.785,OSM_WAY_NH44_MAINLINE,NH44_MAINLINE,NH-44 Jammu-Srinagar Highway,26,Original Winding Source Vertex
2507,75.204703,33.421497,519031.11,3698034.44,71.796,OSM_WAY_NH44_MAINLINE,NH44_MAINLINE,NH-44 Jammu-Srinagar Highway,27,Original Winding Source Vertex
2508,75.204619,33.421755,519023.23,3698063.05,71.825,OSM_WAY_NH44_MAINLINE,NH44_MAINLINE,NH-44 Jammu-Srinagar Highway,28,Original Winding Source Vertex
2509,75.204586,33.421858,519020.16,3698074.49,71.837,OSM_WAY_NH44_MAINLINE,NH44_MAINLINE,NH-44 Jammu-Srinagar Highway,29,Original Winding Source Vertex
2510,75.204584,33.42196,519019.95,3698085.72,71.848,OSM_WAY_NH44_MAINLINE,NH44_MAINLINE,NH-44 Jammu-Srinagar Highway,30,Original Winding Source Vertex
2511,75.204633,33.423227,519024.18,3698226.23,71.989,OSM_WAY_NH44_MAINLINE,NH44_MAINLINE,NH-44 Jammu-Srinagar Highway,31,Original Winding Source Vertex
2512,75.20466,33.423419,519026.66,3698247.56,72.01,OSM_WAY_NH44_MAINLINE,NH44_MAINLINE,NH-44 Jammu-Srinagar Highway,32,Original Winding Source Vertex
2513,75.204771,33.424123,519036.82,3698325.59,72.089,OSM_WAY_NH44_MAINLINE,NH44_MAINLINE,NH-44 Jammu-Srinagar Highway,33,Original Winding Source Vertex
2514,75.204781,33.424219,519037.74,3698336.28,72.1,OSM_WAY_NH44_MAINLINE,NH44_MAINLINE,NH-44 Jammu-Srinagar Highway,34,Original Winding Source Vertex
2515,75.204785,33.424313,519038.04,3698346.7,72.11,OSM_WAY_NH44_MAINLINE,NH44_MAINLINE,NH-44 Jammu-Srinagar Highway,35,Original Winding Source Vertex
2516,75.204786,33.424406,519038.15,3698357.02,72.121,OSM_WAY_NH44_MAINLINE,NH44_MAINLINE,NH-44 Jammu-Srinagar Highway,36,Original Winding Source Vertex
2517,75.204776,33.424498,519037.22,3698367.12,72.131,OSM_WAY_NH44_MAINLINE,NH44_MAINLINE,NH-44 Jammu-Srinagar Highway,37,Original Winding Source Vertex
2518,75.204751,33.42459,519034.84,3698377.4,72.141,OSM_WAY_NH44_MAINLINE,NH44_MAINLINE,NH-44 Jammu-Srinagar Highway,38,Original Winding Source Vertex
2519,75.204719,33.424675,519031.86,3698386.74,72.151,OSM_WAY_NH44_MAINLINE,NH44_MAINLINE,NH-44 Jammu-Srinagar Highway,39,Original Winding Source Vertex
2520,75.20465,33.424851,519025.43,3698406.34,72.172,OSM_WAY_NH44_MAINLINE,NH44_MAINLINE,NH-44 Jammu-Srinagar Highway,40,Original Winding Source Vertex
2521,75.204629,33.424935,519023.42,3698415.59,72.181,OSM_WAY_NH44_MAINLINE,NH44_MAINLINE,NH-44 Jammu-Srinagar Highway,41,Original Winding Source Vertex
2522,75.204614,33.425026,519022.05,3698425.65,72.191,OSM_WAY_NH44_MAINLINE,NH44_MAINLINE,NH-44 Jammu-Srinagar Highway,42,Original Winding Source Vertex
2523,75.204611,33.425155,519021.72,3698440.03,72.206,OSM_WAY_NH44_MAINLINE,NH44_MAINLINE,NH-44 Jammu-Srinagar Highway,43,Original Winding Source Vertex
2524,75.20462,33.425244,519022.51,3698449.89,72.216,OSM_WAY_NH44_MAINLINE,NH44_MAINLINE,NH-44 Jammu-Srinagar Highway,44,Original Winding Source Vertex
2525,75.20466,33.42545,519026.22,3698472.71,72.239,OSM_WAY_NH44_MAINLINE,NH44_MAINLINE,NH-44 Jammu-Srinagar Highway,45,Original Winding Source Vertex
2526,75.204655,33.425558,519025.75,3698484.65,72.251,OSM_WAY_NH44_MAINLINE,NH44_MAINLINE,NH-44 Jammu-Srinagar Highway,46,Original Winding Source Vertex
2527,75.204639,33.42564,519024.18,3698493.74,72.26,OSM_WAY_NH44_MAINLINE,NH44_MAINLINE,NH-44 Jammu-Srinagar Highway,47,Original Winding Source Vertex
2528,75.204605,33.425718,519021.08,3698502.38,72.269,OSM_WAY_NH44_MAINLINE,NH44_MAINLINE,NH-44 Jammu-Srinagar Highway,48,Original Winding Source Vertex
2529,75.203601,33.426574,518927.53,3698597.07,72.269,OSM_WAY_NH44_MAINLINE,NH44_MAINLINE,NH-44 Jammu-Srinagar Highway,0,Original Winding Source Vertex
2530,75.20411,33.426304,518974.95,3698567.26,72.325,OSM_WAY_NH44_MAINLINE,NH44_MAINLINE,NH-44 Jammu-Srinagar Highway,1,Original Winding Source Vertex
2531,75.204252,33.426219,518988.14,3698557.9,72.341,OSM_WAY_NH44_MAINLINE,NH44_MAINLINE,NH-44 Jammu-Srinagar Highway,2,Original Winding Source Vertex
2532,75.204327,33.426175,518995.09,3698552.97,72.35,OSM_WAY_NH44_MAINLINE,NH44_MAINLINE,NH-44 Jammu-Srinagar Highway,3,Original Winding Source Vertex
2533,75.204459,33.426075,519007.43,3698541.95,72.366,OSM_WAY_NH44_MAINLINE,NH44_MAINLINE,NH-44 Jammu-Srinagar Highway,4,Original Winding Source Vertex
2534,75.204551,33.425988,519016.0,3698532.34,72.379,OSM_WAY_NH44_MAINLINE,NH44_MAINLINE,NH-44 Jammu-Srinagar Highway,5,Original Winding Source Vertex
2535,75.204629,33.425891,519023.27,3698521.61,72.392,OSM_WAY_NH44_MAINLINE,NH44_MAINLINE,NH-44 Jammu-Srinagar Highway,6,Original Winding Source Vertex
2536,75.204674,33.425826,519027.43,3698514.39,72.401,OSM_WAY_NH44_MAINLINE,NH44_MAINLINE,NH-44 Jammu-Srinagar Highway,7,Original Winding Source Vertex
2537,75.197853,33.430907,518392.28,3699076.45,72.401,OSM_WAY_NH44_MAINLINE,NH44_MAINLINE,NH-44 Jammu-Srinagar Highway,0,Original Winding Source Vertex
2538,75.197947,33.430745,518401.06,3699058.53,72.42,OSM_WAY_NH44_MAINLINE,NH44_MAINLINE,NH-44 Jammu-Srinagar Highway,1,Original Winding Source Vertex
2539,75.198031,33.430567,518408.86,3699038.8,72.442,OSM_WAY_NH44_MAINLINE,NH44_MAINLINE,NH-44 Jammu-Srinagar Highway,2,Original Winding Source Vertex
2540,75.198319,33.429871,518435.75,3698961.75,72.523,OSM_WAY_NH44_MAINLINE,NH44_MAINLINE,NH-44 Jammu-Srinagar Highway,3,Original Winding Source Vertex
2541,75.198433,33.429653,518446.48,3698937.52,72.55,OSM_WAY_NH44_MAINLINE,NH44_MAINLINE,NH-44 Jammu-Srinagar Highway,4,Original Winding Source Vertex
2542,75.198576,33.42946,518459.79,3698916.2,72.575,OSM_WAY_NH44_MAINLINE,NH44_MAINLINE,NH-44 Jammu-Srinagar Highway,5,Original Winding Source Vertex
2543,75.198693,33.429315,518470.63,3698900.1,72.594,OSM_WAY_NH44_MAINLINE,NH44_MAINLINE,NH-44 Jammu-Srinagar Highway,6,Original Winding Source Vertex
2544,75.198876,33.429112,518487.75,3698877.65,72.623,OSM_WAY_NH44_MAINLINE,NH44_MAINLINE,NH-44 Jammu-Srinagar Highway,7,Original Winding Source Vertex
2545,75.199076,33.428924,518506.34,3698856.84,72.65,OSM_WAY_NH44_MAINLINE,NH44_MAINLINE,NH-44 Jammu-Srinagar Highway,8,Original Winding Source Vertex
2546,75.199328,33.428732,518529.79,3698835.56,72.682,OSM_WAY_NH44_MAINLINE,NH44_MAINLINE,NH-44 Jammu-Srinagar Highway,9,Original Winding Source Vertex
2547,75.19958,33.428586,518553.29,3698819.49,72.711,OSM_WAY_NH44_MAINLINE,NH44_MAINLINE,NH-44 Jammu-Srinagar Highway,10,Original Winding Source Vertex
2548,75.203601,33.426574,518927.53,3698597.07,73.146,OSM_WAY_NH44_MAINLINE,NH44_MAINLINE,NH-44 Jammu-Srinagar Highway,11,Original Winding Source Vertex
2549,75.197761,33.430872,518383.66,3699072.62,73.146,OSM_WAY_NH44_MAINLINE,NH44_MAINLINE,NH-44 Jammu-Srinagar Highway,0,Original Winding Source Vertex
2550,75.197594,33.431135,518368.17,3699101.74,73.179,OSM_WAY_NH44_MAINLINE,NH44_MAINLINE,NH-44 Jammu-Srinagar Highway,1,Original Winding Source Vertex
2551,75.197408,33.431395,518350.8,3699130.48,73.213,OSM_WAY_NH44_MAINLINE,NH44_MAINLINE,NH-44 Jammu-Srinagar Highway,2,Original Winding Source Vertex
2552,75.197213,33.431646,518332.59,3699158.28,73.246,OSM_WAY_NH44_MAINLINE,NH44_MAINLINE,NH-44 Jammu-Srinagar Highway,3,Original Winding Source Vertex
2553,75.196883,33.432028,518301.8,3699200.62,73.298,OSM_WAY_NH44_MAINLINE,NH44_MAINLINE,NH-44 Jammu-Srinagar Highway,4,Original Winding Source Vertex
2554,75.194742,33.43422,518102.35,3699443.25,73.612,OSM_WAY_NH44_MAINLINE,NH44_MAINLINE,NH-44 Jammu-Srinagar Highway,5,Original Winding Source Vertex
2555,75.194647,33.43433,518093.55,3699455.44,73.627,OSM_WAY_NH44_MAINLINE,NH44_MAINLINE,NH-44 Jammu-Srinagar Highway,6,Original Winding Source Vertex
2556,75.194647,33.43433,518093.55,3699455.44,73.627,OSM_WAY_NH44_MAINLINE,NH44_MAINLINE,NH-44 Jammu-Srinagar Highway,0,Original Winding Source Vertex
2557,75.194483,33.434544,518078.23,3699479.13,73.655,OSM_WAY_NH44_MAINLINE,NH44_MAINLINE,NH-44 Jammu-Srinagar Highway,1,Original Winding Source Vertex
2558,75.194365,33.434745,518067.2,3699501.42,73.68,OSM_WAY_NH44_MAINLINE,NH44_MAINLINE,NH-44 Jammu-Srinagar Highway,2,Original Winding Source Vertex
2559,75.194255,33.43499,518056.93,3699528.58,73.709,OSM_WAY_NH44_MAINLINE,NH44_MAINLINE,NH-44 Jammu-Srinagar Highway,3,Original Winding Source Vertex
2560,75.194176,33.435254,518049.53,3699557.82,73.739,OSM_WAY_NH44_MAINLINE,NH44_MAINLINE,NH-44 Jammu-Srinagar Highway,4,Original Winding Source Vertex
2561,75.194158,33.435406,518047.79,3699574.63,73.756,OSM_WAY_NH44_MAINLINE,NH44_MAINLINE,NH-44 Jammu-Srinagar Highway,5,Original Winding Source Vertex
2562,75.194153,33.435644,518047.27,3699601.06,73.783,OSM_WAY_NH44_MAINLINE,NH44_MAINLINE,NH-44 Jammu-Srinagar Highway,6,Original Winding Source Vertex
2563,75.19424,33.436579,518055.19,3699704.74,73.887,OSM_WAY_NH44_MAINLINE,NH44_MAINLINE,NH-44 Jammu-Srinagar Highway,7,Original Winding Source Vertex
2564,75.194247,33.436757,518055.84,3699724.42,73.907,OSM_WAY_NH44_MAINLINE,NH44_MAINLINE,NH-44 Jammu-Srinagar Highway,8,Original Winding Source Vertex
2565,75.194231,33.436961,518054.29,3699747.01,73.929,OSM_WAY_NH44_MAINLINE,NH44_MAINLINE,NH-44 Jammu-Srinagar Highway,9,Original Winding Source Vertex
2566,75.194166,33.4372,518048.25,3699773.49,73.956,OSM_WAY_NH44_MAINLINE,NH44_MAINLINE,NH-44 Jammu-Srinagar Highway,10,Original Winding Source Vertex
2567,75.194075,33.437448,518039.74,3699800.99,73.985,OSM_WAY_NH44_MAINLINE,NH44_MAINLINE,NH-44 Jammu-Srinagar Highway,11,Original Winding Source Vertex
2568,75.193723,33.438169,518006.82,3699880.86,74.071,OSM_WAY_NH44_MAINLINE,NH44_MAINLINE,NH-44 Jammu-Srinagar Highway,12,Original Winding Source Vertex
2569,75.193558,33.438485,517991.39,3699915.91,74.11,OSM_WAY_NH44_MAINLINE,NH44_MAINLINE,NH-44 Jammu-Srinagar Highway,13,Original Winding Source Vertex
2570,75.193369,33.438741,517973.77,3699944.24,74.143,OSM_WAY_NH44_MAINLINE,NH44_MAINLINE,NH-44 Jammu-Srinagar Highway,14,Original Winding Source Vertex
2571,75.19308,33.439017,517946.87,3699974.85,74.184,OSM_WAY_NH44_MAINLINE,NH44_MAINLINE,NH-44 Jammu-Srinagar Highway,15,Original Winding Source Vertex
2572,75.192825,33.439186,517923.1,3699993.45,74.214,OSM_WAY_NH44_MAINLINE,NH44_MAINLINE,NH-44 Jammu-Srinagar Highway,16,Original Winding Source Vertex
2573,75.191641,33.439859,517812.91,3700067.91,74.347,OSM_WAY_NH44_MAINLINE,NH44_MAINLINE,NH-44 Jammu-Srinagar Highway,17,Original Winding Source Vertex
2574,75.191313,33.440072,517782.44,3700091.51,74.386,OSM_WAY_NH44_MAINLINE,NH44_MAINLINE,NH-44 Jammu-Srinagar Highway,18,Original Winding Source Vertex
2575,75.191313,33.440072,517782.44,3700091.51,74.386,OSM_WAY_NH44_MAINLINE,NH44_MAINLINE,NH-44 Jammu-Srinagar Highway,0,Original Winding Source Vertex
2576,75.191112,33.440214,517763.7,3700107.2,74.41,OSM_WAY_NH44_MAINLINE,NH44_MAINLINE,NH-44 Jammu-Srinagar Highway,1,Original Winding Source Vertex
2577,75.190875,33.440411,517741.61,3700128.99,74.441,OSM_WAY_NH44_MAINLINE,NH44_MAINLINE,NH-44 Jammu-Srinagar Highway,2,Original Winding Source Vertex
2578,75.190698,33.440592,517725.17,3700149.0,74.467,OSM_WAY_NH44_MAINLINE,NH44_MAINLINE,NH-44 Jammu-Srinagar Highway,3,Original Winding Source Vertex
2579,75.190269,33.441655,517685.05,3700266.75,74.467,OSM_WAY_NH44_MAINLINE,NH44_MAINLINE,NH-44 Jammu-Srinagar Highway,0,Original Winding Source Vertex
2580,75.190338,33.441432,517691.53,3700242.05,74.493,OSM_WAY_NH44_MAINLINE,NH44_MAINLINE,NH-44 Jammu-Srinagar Highway,1,Original Winding Source Vertex
2581,75.1904,33.441248,517697.3,3700221.68,74.514,OSM_WAY_NH44_MAINLINE,NH44_MAINLINE,NH-44 Jammu-Srinagar Highway,2,Original Winding Source Vertex
2582,75.190485,33.441072,517705.23,3700202.15,74.535,OSM_WAY_NH44_MAINLINE,NH44_MAINLINE,NH-44 Jammu-Srinagar Highway,3,Original Winding Source Vertex
2583,75.190588,33.440894,517714.87,3700182.48,74.557,OSM_WAY_NH44_MAINLINE,NH44_MAINLINE,NH-44 Jammu-Srinagar Highway,4,Original Winding Source Vertex
2584,75.190678,33.440768,517723.24,3700168.57,74.573,OSM_WAY_NH44_MAINLINE,NH44_MAINLINE,NH-44 Jammu-Srinagar Highway,5,Original Winding Source Vertex
2585,75.190755,33.440674,517730.47,3700158.05,74.586,OSM_WAY_NH44_MAINLINE,NH44_MAINLINE,NH-44 Jammu-Srinagar Highway,6,Original Winding Source Vertex
2586,75.190175,33.441596,517676.37,3700260.2,74.586,OSM_WAY_NH44_MAINLINE,NH44_MAINLINE,NH-44 Jammu-Srinagar Highway,0,Original Winding Source Vertex
2587,75.18997,33.442382,517657.11,3700347.29,74.675,OSM_WAY_NH44_MAINLINE,NH44_MAINLINE,NH-44 Jammu-Srinagar Highway,1,Original Winding Source Vertex
2588,75.189844,33.442741,517645.32,3700387.17,74.716,OSM_WAY_NH44_MAINLINE,NH44_MAINLINE,NH-44 Jammu-Srinagar Highway,2,Original Winding Source Vertex
2589,75.189711,33.443046,517632.92,3700420.87,74.752,OSM_WAY_NH44_MAINLINE,NH44_MAINLINE,NH-44 Jammu-Srinagar Highway,3,Original Winding Source Vertex
2590,75.189256,33.443991,517590.44,3700525.6,74.865,OSM_WAY_NH44_MAINLINE,NH44_MAINLINE,NH-44 Jammu-Srinagar Highway,4,Original Winding Source Vertex
2591,75.189184,33.444154,517583.68,3700543.69,74.885,OSM_WAY_NH44_MAINLINE,NH44_MAINLINE,NH-44 Jammu-Srinagar Highway,5,Original Winding Source Vertex
2592,75.189111,33.44434,517576.88,3700564.3,74.906,OSM_WAY_NH44_MAINLINE,NH44_MAINLINE,NH-44 Jammu-Srinagar Highway,6,Original Winding Source Vertex
2593,75.189111,33.44434,517576.88,3700564.3,74.906,OSM_WAY_NH44_MAINLINE,NH44_MAINLINE,NH-44 Jammu-Srinagar Highway,0,Original Winding Source Vertex
2594,75.18907,33.444457,517573.1,3700577.17,74.92,OSM_WAY_NH44_MAINLINE,NH44_MAINLINE,NH-44 Jammu-Srinagar Highway,1,Original Winding Source Vertex
2595,75.189049,33.444528,517571.06,3700585.14,74.928,OSM_WAY_NH44_MAINLINE,NH44_MAINLINE,NH-44 Jammu-Srinagar Highway,2,Original Winding Source Vertex
2596,75.189014,33.44465,517567.84,3700598.57,74.942,OSM_WAY_NH44_MAINLINE,NH44_MAINLINE,NH-44 Jammu-Srinagar Highway,3,Original Winding Source Vertex
2597,75.188974,33.444815,517564.06,3700616.86,74.961,OSM_WAY_NH44_MAINLINE,NH44_MAINLINE,NH-44 Jammu-Srinagar Highway,4,Original Winding Source Vertex
2598,75.19,33.448485,517658.65,3701023.94,74.961,OSM_WAY_NH44_MAINLINE,NH44_MAINLINE,NH-44 Jammu-Srinagar Highway,0,Original Winding Source Vertex
2599,75.189476,33.447246,517610.2,3700886.48,75.106,OSM_WAY_NH44_MAINLINE,NH44_MAINLINE,NH-44 Jammu-Srinagar Highway,1,Original Winding Source Vertex
2600,75.189356,33.446935,517599.11,3700852.03,75.142,OSM_WAY_NH44_MAINLINE,NH44_MAINLINE,NH-44 Jammu-Srinagar Highway,2,Original Winding Source Vertex
2601,75.189273,33.446711,517591.43,3700827.11,75.169,OSM_WAY_NH44_MAINLINE,NH44_MAINLINE,NH-44 Jammu-Srinagar Highway,3,Original Winding Source Vertex
2602,75.1892,33.446461,517584.78,3700799.41,75.197,OSM_WAY_NH44_MAINLINE,NH44_MAINLINE,NH-44 Jammu-Srinagar Highway,4,Original Winding Source Vertex
2603,75.189164,33.446262,517581.47,3700777.41,75.219,OSM_WAY_NH44_MAINLINE,NH44_MAINLINE,NH-44 Jammu-Srinagar Highway,5,Original Winding Source Vertex
2604,75.189137,33.446074,517578.91,3700756.55,75.24,OSM_WAY_NH44_MAINLINE,NH44_MAINLINE,NH-44 Jammu-Srinagar Highway,6,Original Winding Source Vertex
2605,75.189115,33.445865,517576.99,3700733.33,75.264,OSM_WAY_NH44_MAINLINE,NH44_MAINLINE,NH-44 Jammu-Srinagar Highway,7,Original Winding Source Vertex
2606,75.18911,33.445614,517576.55,3700705.54,75.291,OSM_WAY_NH44_MAINLINE,NH44_MAINLINE,NH-44 Jammu-Srinagar Highway,8,Original Winding Source Vertex
2607,75.189114,33.445381,517577.0,3700679.7,75.317,OSM_WAY_NH44_MAINLINE,NH44_MAINLINE,NH-44 Jammu-Srinagar Highway,9,Original Winding Source Vertex
2608,75.189121,33.445202,517577.61,3700659.79,75.337,OSM_WAY_NH44_MAINLINE,NH44_MAINLINE,NH-44 Jammu-Srinagar Highway,10,Original Winding Source Vertex
2609,75.189135,33.445047,517579.01,3700642.66,75.354,OSM_WAY_NH44_MAINLINE,NH44_MAINLINE,NH-44 Jammu-Srinagar Highway,11,Original Winding Source Vertex
2610,75.191635,33.45525,517809.24,3701774.24,75.354,OSM_WAY_NH44_MAINLINE,NH44_MAINLINE,NH-44 Jammu-Srinagar Highway,0,Original Winding Source Vertex
2611,75.191691,33.455137,517814.52,3701761.76,75.368,OSM_WAY_NH44_MAINLINE,NH44_MAINLINE,NH-44 Jammu-Srinagar Highway,1,Original Winding Source Vertex
2612,75.191745,33.45502,517819.52,3701748.82,75.382,OSM_WAY_NH44_MAINLINE,NH44_MAINLINE,NH-44 Jammu-Srinagar Highway,2,Original Winding Source Vertex
2613,75.191793,33.454886,517823.99,3701733.92,75.397,OSM_WAY_NH44_MAINLINE,NH44_MAINLINE,NH-44 Jammu-Srinagar Highway,3,Original Winding Source Vertex
2614,75.191856,33.454697,517829.86,3701713.04,75.419,OSM_WAY_NH44_MAINLINE,NH44_MAINLINE,NH-44 Jammu-Srinagar Highway,4,Original Winding Source Vertex
2615,75.191891,33.454518,517833.2,3701693.16,75.439,OSM_WAY_NH44_MAINLINE,NH44_MAINLINE,NH-44 Jammu-Srinagar Highway,5,Original Winding Source Vertex
2616,75.191907,33.454384,517834.69,3701678.26,75.454,OSM_WAY_NH44_MAINLINE,NH44_MAINLINE,NH-44 Jammu-Srinagar Highway,6,Original Winding Source Vertex
2617,75.191928,33.454246,517836.69,3701662.98,75.47,OSM_WAY_NH44_MAINLINE,NH44_MAINLINE,NH-44 Jammu-Srinagar Highway,7,Original Winding Source Vertex
2618,75.191932,33.454119,517837.11,3701648.88,75.484,OSM_WAY_NH44_MAINLINE,NH44_MAINLINE,NH-44 Jammu-Srinagar Highway,8,Original Winding Source Vertex
2619,75.191932,33.453984,517837.13,3701633.99,75.499,OSM_WAY_NH44_MAINLINE,NH44_MAINLINE,NH-44 Jammu-Srinagar Highway,9,Original Winding Source Vertex
2620,75.191928,33.453878,517836.77,3701622.24,75.51,OSM_WAY_NH44_MAINLINE,NH44_MAINLINE,NH-44 Jammu-Srinagar Highway,10,Original Winding Source Vertex
2621,75.191919,33.453786,517835.99,3701612.05,75.52,OSM_WAY_NH44_MAINLINE,NH44_MAINLINE,NH-44 Jammu-Srinagar Highway,11,Original Winding Source Vertex
2622,75.191907,33.453684,517834.84,3701600.7,75.532,OSM_WAY_NH44_MAINLINE,NH44_MAINLINE,NH-44 Jammu-Srinagar Highway,12,Original Winding Source Vertex
2623,75.19189,33.453578,517833.29,3701588.94,75.544,OSM_WAY_NH44_MAINLINE,NH44_MAINLINE,NH-44 Jammu-Srinagar Highway,13,Original Winding Source Vertex
2624,75.191869,33.453476,517831.34,3701577.57,75.555,OSM_WAY_NH44_MAINLINE,NH44_MAINLINE,NH-44 Jammu-Srinagar Highway,14,Original Winding Source Vertex
2625,75.191839,33.453373,517828.61,3701566.2,75.567,OSM_WAY_NH44_MAINLINE,NH44_MAINLINE,NH-44 Jammu-Srinagar Highway,15,Original Winding Source Vertex
2626,75.191809,33.453286,517825.82,3701556.61,75.577,OSM_WAY_NH44_MAINLINE,NH44_MAINLINE,NH-44 Jammu-Srinagar Highway,16,Original Winding Source Vertex
2627,75.190647,33.450176,517718.48,3701211.58,75.938,OSM_WAY_NH44_MAINLINE,NH44_MAINLINE,NH-44 Jammu-Srinagar Highway,17,Original Winding Source Vertex
2628,75.190436,33.449611,517698.96,3701148.87,76.004,OSM_WAY_NH44_MAINLINE,NH44_MAINLINE,NH-44 Jammu-Srinagar Highway,18,Original Winding Source Vertex
2629,75.190131,33.448815,517670.79,3701060.6,76.097,OSM_WAY_NH44_MAINLINE,NH44_MAINLINE,NH-44 Jammu-Srinagar Highway,19,Original Winding Source Vertex
2630,75.191538,33.455205,517800.25,3701769.21,76.097,OSM_WAY_NH44_MAINLINE,NH44_MAINLINE,NH-44 Jammu-Srinagar Highway,0,Original Winding Source Vertex
2631,75.191482,33.455302,517795.04,3701780.05,76.109,OSM_WAY_NH44_MAINLINE,NH44_MAINLINE,NH-44 Jammu-Srinagar Highway,1,Original Winding Source Vertex
2632,75.191416,33.455396,517788.84,3701790.46,76.121,OSM_WAY_NH44_MAINLINE,NH44_MAINLINE,NH-44 Jammu-Srinagar Highway,2,Original Winding Source Vertex
2633,75.191317,33.455523,517779.63,3701804.51,76.138,OSM_WAY_NH44_MAINLINE,NH44_MAINLINE,NH-44 Jammu-Srinagar Highway,3,Original Winding Source Vertex
2634,75.191254,33.455598,517773.73,3701812.75,76.148,OSM_WAY_NH44_MAINLINE,NH44_MAINLINE,NH-44 Jammu-Srinagar Highway,4,Original Winding Source Vertex
2635,75.191204,33.455652,517769.08,3701818.76,76.155,OSM_WAY_NH44_MAINLINE,NH44_MAINLINE,NH-44 Jammu-Srinagar Highway,5,Original Winding Source Vertex
2636,75.191161,33.455697,517765.11,3701823.79,76.162,OSM_WAY_NH44_MAINLINE,NH44_MAINLINE,NH-44 Jammu-Srinagar Highway,6,Original Winding Source Vertex
2637,75.19108,33.455781,517757.57,3701833.07,76.174,OSM_WAY_NH44_MAINLINE,NH44_MAINLINE,NH-44 Jammu-Srinagar Highway,7,Original Winding Source Vertex
2638,75.18914,33.457775,517576.86,3702053.84,76.174,OSM_WAY_NH44_MAINLINE,NH44_MAINLINE,NH-44 Jammu-Srinagar Highway,0,Original Winding Source Vertex
2639,75.191134,33.455876,517762.54,3701843.59,76.454,OSM_WAY_NH44_MAINLINE,NH44_MAINLINE,NH-44 Jammu-Srinagar Highway,1,Original Winding Source Vertex
2640,75.184179,33.481657,517111.2,3704700.78,76.454,OSM_WAY_NH44_MAINLINE,NH44_MAINLINE,NH-44 Jammu-Srinagar Highway,0,Original Winding Source Vertex
2641,75.184245,33.481515,517117.29,3704684.96,76.471,OSM_WAY_NH44_MAINLINE,NH44_MAINLINE,NH-44 Jammu-Srinagar Highway,1,Original Winding Source Vertex
2642,75.184296,33.481365,517122.05,3704668.36,76.488,OSM_WAY_NH44_MAINLINE,NH44_MAINLINE,NH-44 Jammu-Srinagar Highway,2,Original Winding Source Vertex
2643,75.184338,33.481212,517126.0,3704651.41,76.506,OSM_WAY_NH44_MAINLINE,NH44_MAINLINE,NH-44 Jammu-Srinagar Highway,3,Original Winding Source Vertex
2644,75.18438,33.481029,517129.91,3704631.09,76.527,OSM_WAY_NH44_MAINLINE,NH44_MAINLINE,NH-44 Jammu-Srinagar Highway,4,Original Winding Source Vertex
2645,75.184408,33.48084,517132.63,3704610.14,76.548,OSM_WAY_NH44_MAINLINE,NH44_MAINLINE,NH-44 Jammu-Srinagar Highway,5,Original Winding Source Vertex
2646,75.18443,33.480677,517134.69,3704592.1,76.566,OSM_WAY_NH44_MAINLINE,NH44_MAINLINE,NH-44 Jammu-Srinagar Highway,6,Original Winding Source Vertex
2647,75.184444,33.480498,517136.01,3704572.23,76.586,OSM_WAY_NH44_MAINLINE,NH44_MAINLINE,NH-44 Jammu-Srinagar Highway,7,Original Winding Source Vertex
2648,75.184485,33.478789,517140.18,3704382.8,76.775,OSM_WAY_NH44_MAINLINE,NH44_MAINLINE,NH-44 Jammu-Srinagar Highway,8,Original Winding Source Vertex
2649,75.184485,33.478536,517140.24,3704354.77,76.803,OSM_WAY_NH44_MAINLINE,NH44_MAINLINE,NH-44 Jammu-Srinagar Highway,9,Original Winding Source Vertex
2650,75.184459,33.478153,517137.89,3704312.29,76.846,OSM_WAY_NH44_MAINLINE,NH44_MAINLINE,NH-44 Jammu-Srinagar Highway,10,Original Winding Source Vertex
2651,75.184419,33.477854,517134.17,3704279.1,76.879,OSM_WAY_NH44_MAINLINE,NH44_MAINLINE,NH-44 Jammu-Srinagar Highway,11,Original Winding Source Vertex
2652,75.184358,33.477485,517128.58,3704238.19,76.92,OSM_WAY_NH44_MAINLINE,NH44_MAINLINE,NH-44 Jammu-Srinagar Highway,12,Original Winding Source Vertex
2653,75.183856,33.475129,517082.45,3703976.95,77.186,OSM_WAY_NH44_MAINLINE,NH44_MAINLINE,NH-44 Jammu-Srinagar Highway,13,Original Winding Source Vertex
2654,75.183819,33.474856,517079.01,3703946.68,77.216,OSM_WAY_NH44_MAINLINE,NH44_MAINLINE,NH-44 Jammu-Srinagar Highway,14,Original Winding Source Vertex
2655,75.183777,33.47457,517075.17,3703914.93,77.248,OSM_WAY_NH44_MAINLINE,NH44_MAINLINE,NH-44 Jammu-Srinagar Highway,15,Original Winding Source Vertex
2656,75.183742,33.474225,517071.98,3703876.7,77.287,OSM_WAY_NH44_MAINLINE,NH44_MAINLINE,NH-44 Jammu-Srinagar Highway,16,Original Winding Source Vertex
2657,75.183731,33.473995,517071.04,3703851.22,77.312,OSM_WAY_NH44_MAINLINE,NH44_MAINLINE,NH-44 Jammu-Srinagar Highway,17,Original Winding Source Vertex
2658,75.18373,33.473859,517071.02,3703836.1,77.327,OSM_WAY_NH44_MAINLINE,NH44_MAINLINE,NH-44 Jammu-Srinagar Highway,18,Original Winding Source Vertex
2659,75.183735,33.473721,517071.42,3703820.77,77.343,OSM_WAY_NH44_MAINLINE,NH44_MAINLINE,NH-44 Jammu-Srinagar Highway,19,Original Winding Source Vertex
2660,75.183747,33.473528,517072.66,3703799.39,77.364,OSM_WAY_NH44_MAINLINE,NH44_MAINLINE,NH-44 Jammu-Srinagar Highway,20,Original Winding Source Vertex
2661,75.18377,33.473275,517074.76,3703771.32,77.392,OSM_WAY_NH44_MAINLINE,NH44_MAINLINE,NH-44 Jammu-Srinagar Highway,21,Original Winding Source Vertex
2662,75.183793,33.473022,517076.99,3703743.25,77.42,OSM_WAY_NH44_MAINLINE,NH44_MAINLINE,NH-44 Jammu-Srinagar Highway,22,Original Winding Source Vertex
2663,75.183828,33.47279,517080.28,3703717.57,77.446,OSM_WAY_NH44_MAINLINE,NH44_MAINLINE,NH-44 Jammu-Srinagar Highway,23,Original Winding Source Vertex
2664,75.183869,33.472567,517084.13,3703692.85,77.471,OSM_WAY_NH44_MAINLINE,NH44_MAINLINE,NH-44 Jammu-Srinagar Highway,24,Original Winding Source Vertex
2665,75.183919,33.472346,517088.84,3703668.35,77.496,OSM_WAY_NH44_MAINLINE,NH44_MAINLINE,NH-44 Jammu-Srinagar Highway,25,Original Winding Source Vertex
2666,75.183982,33.472094,517094.74,3703640.5,77.525,OSM_WAY_NH44_MAINLINE,NH44_MAINLINE,NH-44 Jammu-Srinagar Highway,26,Original Winding Source Vertex
2667,75.184029,33.471935,517099.11,3703622.8,77.543,OSM_WAY_NH44_MAINLINE,NH44_MAINLINE,NH-44 Jammu-Srinagar Highway,27,Original Winding Source Vertex
2668,75.18408,33.471771,517103.92,3703604.67,77.562,OSM_WAY_NH44_MAINLINE,NH44_MAINLINE,NH-44 Jammu-Srinagar Highway,28,Original Winding Source Vertex
2669,75.184181,33.4715,517113.3,3703574.68,77.593,OSM_WAY_NH44_MAINLINE,NH44_MAINLINE,NH-44 Jammu-Srinagar Highway,29,Original Winding Source Vertex
2670,75.184304,33.471214,517124.85,3703542.94,77.627,OSM_WAY_NH44_MAINLINE,NH44_MAINLINE,NH-44 Jammu-Srinagar Highway,30,Original Winding Source Vertex
2671,75.184386,33.471046,517132.48,3703524.39,77.647,OSM_WAY_NH44_MAINLINE,NH44_MAINLINE,NH-44 Jammu-Srinagar Highway,31,Original Winding Source Vertex
2672,75.184475,33.470882,517140.77,3703506.15,77.667,OSM_WAY_NH44_MAINLINE,NH44_MAINLINE,NH-44 Jammu-Srinagar Highway,32,Original Winding Source Vertex
2673,75.184536,33.47076,517146.43,3703492.61,77.682,OSM_WAY_NH44_MAINLINE,NH44_MAINLINE,NH-44 Jammu-Srinagar Highway,33,Original Winding Source Vertex
2674,75.184613,33.470626,517153.61,3703477.79,77.698,OSM_WAY_NH44_MAINLINE,NH44_MAINLINE,NH-44 Jammu-Srinagar Highway,34,Original Winding Source Vertex
2675,75.184823,33.470287,517173.21,3703440.24,77.74,OSM_WAY_NH44_MAINLINE,NH44_MAINLINE,NH-44 Jammu-Srinagar Highway,35,Original Winding Source Vertex
2676,75.184944,33.470112,517184.52,3703420.93,77.763,OSM_WAY_NH44_MAINLINE,NH44_MAINLINE,NH-44 Jammu-Srinagar Highway,36,Original Winding Source Vertex
2677,75.185061,33.46995,517195.4,3703402.92,77.784,OSM_WAY_NH44_MAINLINE,NH44_MAINLINE,NH-44 Jammu-Srinagar Highway,37,Original Winding Source Vertex
2678,75.18528,33.469673,517215.85,3703372.29,77.821,OSM_WAY_NH44_MAINLINE,NH44_MAINLINE,NH-44 Jammu-Srinagar Highway,38,Original Winding Source Vertex
2679,75.186674,33.467976,517345.66,3703184.31,78.049,OSM_WAY_NH44_MAINLINE,NH44_MAINLINE,NH-44 Jammu-Srinagar Highway,39,Original Winding Source Vertex
2680,75.186837,33.467765,517360.89,3703161.01,78.077,OSM_WAY_NH44_MAINLINE,NH44_MAINLINE,NH-44 Jammu-Srinagar Highway,40,Original Winding Source Vertex
2681,75.186963,33.467588,517372.64,3703141.37,78.1,OSM_WAY_NH44_MAINLINE,NH44_MAINLINE,NH-44 Jammu-Srinagar Highway,41,Original Winding Source Vertex
2682,75.187089,33.467389,517384.39,3703119.37,78.125,OSM_WAY_NH44_MAINLINE,NH44_MAINLINE,NH-44 Jammu-Srinagar Highway,42,Original Winding Source Vertex
2683,75.187211,33.467175,517395.72,3703095.63,78.151,OSM_WAY_NH44_MAINLINE,NH44_MAINLINE,NH-44 Jammu-Srinagar Highway,43,Original Winding Source Vertex
2684,75.187299,33.466994,517404.0,3703075.56,78.173,OSM_WAY_NH44_MAINLINE,NH44_MAINLINE,NH-44 Jammu-Srinagar Highway,44,Original Winding Source Vertex
2685,75.187377,33.466811,517411.2,3703055.28,78.194,OSM_WAY_NH44_MAINLINE,NH44_MAINLINE,NH-44 Jammu-Srinagar Highway,45,Original Winding Source Vertex
2686,75.187449,33.466614,517417.96,3703033.48,78.217,OSM_WAY_NH44_MAINLINE,NH44_MAINLINE,NH-44 Jammu-Srinagar Highway,46,Original Winding Source Vertex
2687,75.187507,33.466425,517423.43,3703012.54,78.239,OSM_WAY_NH44_MAINLINE,NH44_MAINLINE,NH-44 Jammu-Srinagar Highway,47,Original Winding Source Vertex
2688,75.187547,33.466263,517427.14,3702994.63,78.257,OSM_WAY_NH44_MAINLINE,NH44_MAINLINE,NH-44 Jammu-Srinagar Highway,48,Original Winding Source Vertex
2689,75.187569,33.466165,517429.22,3702983.72,78.268,OSM_WAY_NH44_MAINLINE,NH44_MAINLINE,NH-44 Jammu-Srinagar Highway,49,Original Winding Source Vertex
2690,75.187596,33.466035,517431.75,3702969.36,78.283,OSM_WAY_NH44_MAINLINE,NH44_MAINLINE,NH-44 Jammu-Srinagar Highway,50,Original Winding Source Vertex
2691,75.187617,33.465903,517433.73,3702954.68,78.297,OSM_WAY_NH44_MAINLINE,NH44_MAINLINE,NH-44 Jammu-Srinagar Highway,51,Original Winding Source Vertex
2692,75.187633,33.465761,517435.27,3702938.92,78.313,OSM_WAY_NH44_MAINLINE,NH44_MAINLINE,NH-44 Jammu-Srinagar Highway,52,Original Winding Source Vertex
2693,75.187636,33.465593,517435.53,3702920.35,78.332,OSM_WAY_NH44_MAINLINE,NH44_MAINLINE,NH-44 Jammu-Srinagar Highway,53,Original Winding Source Vertex
2694,75.187635,33.465473,517435.44,3702906.96,78.345,OSM_WAY_NH44_MAINLINE,NH44_MAINLINE,NH-44 Jammu-Srinagar Highway,54,Original Winding Source Vertex
2695,75.187619,33.465295,517434.07,3702887.31,78.365,OSM_WAY_NH44_MAINLINE,NH44_MAINLINE,NH-44 Jammu-Srinagar Highway,55,Original Winding Source Vertex
2696,75.187273,33.462367,517402.41,3702562.57,78.691,OSM_WAY_NH44_MAINLINE,NH44_MAINLINE,NH-44 Jammu-Srinagar Highway,56,Original Winding Source Vertex
2697,75.187256,33.462189,517400.91,3702542.84,78.711,OSM_WAY_NH44_MAINLINE,NH44_MAINLINE,NH-44 Jammu-Srinagar Highway,57,Original Winding Source Vertex
2698,75.187249,33.462043,517400.28,3702526.67,78.727,OSM_WAY_NH44_MAINLINE,NH44_MAINLINE,NH-44 Jammu-Srinagar Highway,58,Original Winding Source Vertex
2699,75.187244,33.461897,517399.87,3702510.5,78.743,OSM_WAY_NH44_MAINLINE,NH44_MAINLINE,NH-44 Jammu-Srinagar Highway,59,Original Winding Source Vertex
2700,75.187244,33.461764,517399.88,3702495.7,78.758,OSM_WAY_NH44_MAINLINE,NH44_MAINLINE,NH-44 Jammu-Srinagar Highway,60,Original Winding Source Vertex
2701,75.187246,33.461666,517400.07,3702484.89,78.769,OSM_WAY_NH44_MAINLINE,NH44_MAINLINE,NH-44 Jammu-Srinagar Highway,61,Original Winding Source Vertex
2702,75.187252,33.461528,517400.69,3702469.54,78.784,OSM_WAY_NH44_MAINLINE,NH44_MAINLINE,NH-44 Jammu-Srinagar Highway,62,Original Winding Source Vertex
2703,75.187276,33.461308,517402.92,3702445.2,78.809,OSM_WAY_NH44_MAINLINE,NH44_MAINLINE,NH-44 Jammu-Srinagar Highway,63,Original Winding Source Vertex
2704,75.187296,33.461173,517404.85,3702430.23,78.824,OSM_WAY_NH44_MAINLINE,NH44_MAINLINE,NH-44 Jammu-Srinagar Highway,64,Original Winding Source Vertex
2705,75.187321,33.461036,517407.22,3702415.06,78.839,OSM_WAY_NH44_MAINLINE,NH44_MAINLINE,NH-44 Jammu-Srinagar Highway,65,Original Winding Source Vertex
2706,75.18736,33.460889,517410.87,3702398.75,78.856,OSM_WAY_NH44_MAINLINE,NH44_MAINLINE,NH-44 Jammu-Srinagar Highway,66,Original Winding Source Vertex
2707,75.187384,33.460797,517413.08,3702388.5,78.866,OSM_WAY_NH44_MAINLINE,NH44_MAINLINE,NH-44 Jammu-Srinagar Highway,67,Original Winding Source Vertex
2708,75.187417,33.460675,517416.16,3702375.02,78.88,OSM_WAY_NH44_MAINLINE,NH44_MAINLINE,NH-44 Jammu-Srinagar Highway,68,Original Winding Source Vertex
2709,75.187454,33.460555,517419.59,3702361.67,78.894,OSM_WAY_NH44_MAINLINE,NH44_MAINLINE,NH-44 Jammu-Srinagar Highway,69,Original Winding Source Vertex
2710,75.187496,33.460444,517423.57,3702349.38,78.907,OSM_WAY_NH44_MAINLINE,NH44_MAINLINE,NH-44 Jammu-Srinagar Highway,70,Original Winding Source Vertex
2711,75.187543,33.460325,517427.98,3702336.22,78.921,OSM_WAY_NH44_MAINLINE,NH44_MAINLINE,NH-44 Jammu-Srinagar Highway,71,Original Winding Source Vertex
2712,75.18761,33.46018,517434.22,3702320.13,78.938,OSM_WAY_NH44_MAINLINE,NH44_MAINLINE,NH-44 Jammu-Srinagar Highway,72,Original Winding Source Vertex
2713,75.187698,33.459991,517442.46,3702299.17,78.961,OSM_WAY_NH44_MAINLINE,NH44_MAINLINE,NH-44 Jammu-Srinagar Highway,73,Original Winding Source Vertex
2714,75.188211,33.458992,517490.29,3702188.56,79.081,OSM_WAY_NH44_MAINLINE,NH44_MAINLINE,NH-44 Jammu-Srinagar Highway,74,Original Winding Source Vertex
2715,75.188308,33.458821,517499.32,3702169.56,79.102,OSM_WAY_NH44_MAINLINE,NH44_MAINLINE,NH-44 Jammu-Srinagar Highway,75,Original Winding Source Vertex
2716,75.1884,33.458662,517507.91,3702151.96,79.122,OSM_WAY_NH44_MAINLINE,NH44_MAINLINE,NH-44 Jammu-Srinagar Highway,76,Original Winding Source Vertex
2717,75.18853,33.458476,517520.1,3702131.38,79.146,OSM_WAY_NH44_MAINLINE,NH44_MAINLINE,NH-44 Jammu-Srinagar Highway,77,Original Winding Source Vertex
2718,75.188622,33.458349,517528.62,3702117.39,79.162,OSM_WAY_NH44_MAINLINE,NH44_MAINLINE,NH-44 Jammu-Srinagar Highway,78,Original Winding Source Vertex
2719,75.188718,33.458232,517537.6,3702104.36,79.178,OSM_WAY_NH44_MAINLINE,NH44_MAINLINE,NH-44 Jammu-Srinagar Highway,79,Original Winding Source Vertex
2720,75.188825,33.458111,517547.57,3702091.02,79.195,OSM_WAY_NH44_MAINLINE,NH44_MAINLINE,NH-44 Jammu-Srinagar Highway,80,Original Winding Source Vertex
2721,75.18892,33.458007,517556.41,3702079.45,79.209,OSM_WAY_NH44_MAINLINE,NH44_MAINLINE,NH-44 Jammu-Srinagar Highway,81,Original Winding Source Vertex
2722,75.18914,33.457775,517576.86,3702053.84,79.242,OSM_WAY_NH44_MAINLINE,NH44_MAINLINE,NH-44 Jammu-Srinagar Highway,82,Original Winding Source Vertex
2723,75.184117,33.481693,517105.37,3704704.68,79.242,OSM_WAY_NH44_MAINLINE,NH44_MAINLINE,NH-44 Jammu-Srinagar Highway,0,Original Winding Source Vertex
2724,75.184018,33.481891,517096.13,3704726.6,79.266,OSM_WAY_NH44_MAINLINE,NH44_MAINLINE,NH-44 Jammu-Srinagar Highway,1,Original Winding Source Vertex
2725,75.183915,33.482056,517086.56,3704744.93,79.286,OSM_WAY_NH44_MAINLINE,NH44_MAINLINE,NH-44 Jammu-Srinagar Highway,2,Original Winding Source Vertex
2726,75.183833,33.482171,517078.91,3704757.67,79.301,OSM_WAY_NH44_MAINLINE,NH44_MAINLINE,NH-44 Jammu-Srinagar Highway,3,Original Winding Source Vertex
2727,75.183751,33.482274,517071.26,3704769.09,79.315,OSM_WAY_NH44_MAINLINE,NH44_MAINLINE,NH-44 Jammu-Srinagar Highway,4,Original Winding Source Vertex
2728,75.183664,33.482383,517063.19,3704781.11,79.329,OSM_WAY_NH44_MAINLINE,NH44_MAINLINE,NH-44 Jammu-Srinagar Highway,5,Original Winding Source Vertex
2729,75.183585,33.482486,517055.78,3704792.56,79.343,OSM_WAY_NH44_MAINLINE,NH44_MAINLINE,NH-44 Jammu-Srinagar Highway,6,Original Winding Source Vertex
2730,75.183502,33.482579,517048.1,3704802.79,79.356,OSM_WAY_NH44_MAINLINE,NH44_MAINLINE,NH-44 Jammu-Srinagar Highway,7,Original Winding Source Vertex
2731,75.18342,33.482664,517040.4,3704812.28,79.368,OSM_WAY_NH44_MAINLINE,NH44_MAINLINE,NH-44 Jammu-Srinagar Highway,8,Original Winding Source Vertex
2732,75.183334,33.482749,517032.4,3704821.62,79.38,OSM_WAY_NH44_MAINLINE,NH44_MAINLINE,NH-44 Jammu-Srinagar Highway,9,Original Winding Source Vertex
2733,75.183244,33.482833,517024.02,3704830.95,79.393,OSM_WAY_NH44_MAINLINE,NH44_MAINLINE,NH-44 Jammu-Srinagar Highway,10,Original Winding Source Vertex
2734,75.183145,33.482919,517014.81,3704840.43,79.406,OSM_WAY_NH44_MAINLINE,NH44_MAINLINE,NH-44 Jammu-Srinagar Highway,11,Original Winding Source Vertex
2735,75.182976,33.483049,516999.15,3704854.84,79.427,OSM_WAY_NH44_MAINLINE,NH44_MAINLINE,NH-44 Jammu-Srinagar Highway,12,Original Winding Source Vertex
2736,75.182793,33.483169,516982.13,3704868.13,79.449,OSM_WAY_NH44_MAINLINE,NH44_MAINLINE,NH-44 Jammu-Srinagar Highway,13,Original Winding Source Vertex
2737,75.18261,33.483283,516965.12,3704880.76,79.47,OSM_WAY_NH44_MAINLINE,NH44_MAINLINE,NH-44 Jammu-Srinagar Highway,14,Original Winding Source Vertex
2738,75.182434,33.483382,516948.73,3704891.73,79.49,OSM_WAY_NH44_MAINLINE,NH44_MAINLINE,NH-44 Jammu-Srinagar Highway,15,Original Winding Source Vertex
2739,75.182213,33.483482,516928.11,3704902.76,79.513,OSM_WAY_NH44_MAINLINE,NH44_MAINLINE,NH-44 Jammu-Srinagar Highway,16,Original Winding Source Vertex
2740,75.181982,33.483578,516906.68,3704913.39,79.537,OSM_WAY_NH44_MAINLINE,NH44_MAINLINE,NH-44 Jammu-Srinagar Highway,17,Original Winding Source Vertex
2741,75.181761,33.483659,516886.17,3704922.26,79.56,OSM_WAY_NH44_MAINLINE,NH44_MAINLINE,NH-44 Jammu-Srinagar Highway,18,Original Winding Source Vertex
2742,75.181557,33.483722,516867.2,3704929.24,79.58,OSM_WAY_NH44_MAINLINE,NH44_MAINLINE,NH-44 Jammu-Srinagar Highway,19,Original Winding Source Vertex
2743,75.172961,33.488363,516067.74,3705442.43,79.58,OSM_WAY_NH44_MAINLINE,NH44_MAINLINE,NH-44 Jammu-Srinagar Highway,0,Original Winding Source Vertex
2744,75.172918,33.48794,516063.81,3705395.52,79.627,OSM_WAY_NH44_MAINLINE,NH44_MAINLINE,NH-44 Jammu-Srinagar Highway,1,Original Winding Source Vertex
2745,75.172914,33.487864,516063.39,3705387.13,79.635,OSM_WAY_NH44_MAINLINE,NH44_MAINLINE,NH-44 Jammu-Srinagar Highway,2,Original Winding Source Vertex
2746,75.172914,33.487788,516063.41,3705378.61,79.644,OSM_WAY_NH44_MAINLINE,NH44_MAINLINE,NH-44 Jammu-Srinagar Highway,3,Original Winding Source Vertex
2747,75.17292,33.487668,516064.01,3705365.42,79.657,OSM_WAY_NH44_MAINLINE,NH44_MAINLINE,NH-44 Jammu-Srinagar Highway,4,Original Winding Source Vertex
2748,75.172928,33.487565,516064.74,3705353.96,79.668,OSM_WAY_NH44_MAINLINE,NH44_MAINLINE,NH-44 Jammu-Srinagar Highway,5,Original Winding Source Vertex
2749,75.172946,33.487449,516066.48,3705341.04,79.682,OSM_WAY_NH44_MAINLINE,NH44_MAINLINE,NH-44 Jammu-Srinagar Highway,6,Original Winding Source Vertex
2750,75.172971,33.487329,516068.8,3705327.79,79.695,OSM_WAY_NH44_MAINLINE,NH44_MAINLINE,NH-44 Jammu-Srinagar Highway,7,Original Winding Source Vertex
2751,75.173011,33.487152,516072.59,3705308.21,79.715,OSM_WAY_NH44_MAINLINE,NH44_MAINLINE,NH-44 Jammu-Srinagar Highway,8,Original Winding Source Vertex
2752,75.173056,33.487004,516076.81,3705291.76,79.732,OSM_WAY_NH44_MAINLINE,NH44_MAINLINE,NH-44 Jammu-Srinagar Highway,9,Original Winding Source Vertex
2753,75.173105,33.486883,516081.35,3705278.4,79.746,OSM_WAY_NH44_MAINLINE,NH44_MAINLINE,NH-44 Jammu-Srinagar Highway,10,Original Winding Source Vertex
2754,75.173151,33.486783,516085.61,3705267.28,79.758,OSM_WAY_NH44_MAINLINE,NH44_MAINLINE,NH-44 Jammu-Srinagar Highway,11,Original Winding Source Vertex
2755,75.173215,33.486662,516091.6,3705253.87,79.773,OSM_WAY_NH44_MAINLINE,NH44_MAINLINE,NH-44 Jammu-Srinagar Highway,12,Original Winding Source Vertex
2756,75.173301,33.486534,516099.66,3705239.72,79.789,OSM_WAY_NH44_MAINLINE,NH44_MAINLINE,NH-44 Jammu-Srinagar Highway,13,Original Winding Source Vertex
2757,75.173393,33.486421,516108.15,3705227.18,79.804,OSM_WAY_NH44_MAINLINE,NH44_MAINLINE,NH-44 Jammu-Srinagar Highway,14,Original Winding Source Vertex
2758,75.17351,33.486289,516119.13,3705212.56,79.822,OSM_WAY_NH44_MAINLINE,NH44_MAINLINE,NH-44 Jammu-Srinagar Highway,15,Original Winding Source Vertex
2759,75.173653,33.486147,516132.37,3705196.89,79.843,OSM_WAY_NH44_MAINLINE,NH44_MAINLINE,NH-44 Jammu-Srinagar Highway,16,Original Winding Source Vertex
2760,75.173809,33.486024,516146.94,3705183.25,79.863,OSM_WAY_NH44_MAINLINE,NH44_MAINLINE,NH-44 Jammu-Srinagar Highway,17,Original Winding Source Vertex
2761,75.173935,33.485937,516158.68,3705173.61,79.878,OSM_WAY_NH44_MAINLINE,NH44_MAINLINE,NH-44 Jammu-Srinagar Highway,18,Original Winding Source Vertex
2762,75.174077,33.48585,516171.85,3705164.0,79.894,OSM_WAY_NH44_MAINLINE,NH44_MAINLINE,NH-44 Jammu-Srinagar Highway,19,Original Winding Source Vertex
2763,75.174226,33.485777,516185.74,3705155.9,79.91,OSM_WAY_NH44_MAINLINE,NH44_MAINLINE,NH-44 Jammu-Srinagar Highway,20,Original Winding Source Vertex
2764,75.174408,33.485704,516202.61,3705147.82,79.929,OSM_WAY_NH44_MAINLINE,NH44_MAINLINE,NH-44 Jammu-Srinagar Highway,21,Original Winding Source Vertex
2765,75.174606,33.485629,516221.04,3705139.59,79.949,OSM_WAY_NH44_MAINLINE,NH44_MAINLINE,NH-44 Jammu-Srinagar Highway,22,Original Winding Source Vertex
2766,75.174782,33.485571,516237.41,3705133.2,79.967,OSM_WAY_NH44_MAINLINE,NH44_MAINLINE,NH-44 Jammu-Srinagar Highway,23,Original Winding Source Vertex
2767,75.175044,33.485501,516261.75,3705125.42,79.992,OSM_WAY_NH44_MAINLINE,NH44_MAINLINE,NH-44 Jammu-Srinagar Highway,24,Original Winding Source Vertex
2768,75.181579,33.483805,516869.14,3704938.48,80.628,OSM_WAY_NH44_MAINLINE,NH44_MAINLINE,NH-44 Jammu-Srinagar Highway,25,Original Winding Source Vertex
2769,75.173037,33.488979,516074.64,3705510.73,80.628,OSM_WAY_NH44_MAINLINE,NH44_MAINLINE,NH-44 Jammu-Srinagar Highway,0,Original Winding Source Vertex
2770,75.172961,33.488363,516067.74,3705442.43,80.697,OSM_WAY_NH44_MAINLINE,NH44_MAINLINE,NH-44 Jammu-Srinagar Highway,1,Original Winding Source Vertex
2771,75.17274,33.489164,516047.01,3705531.24,80.697,OSM_WAY_NH44_MAINLINE,NH44_MAINLINE,NH-44 Jammu-Srinagar Highway,0,Original Winding Source Vertex
2772,75.186622,33.564398,517321.6,3713874.61,89.137,OSM_WAY_NH44_MAINLINE,NH44_MAINLINE,NH-44 Jammu-Srinagar Highway,1,Original Winding Source Vertex
2773,75.186665,33.564697,517325.56,3713907.78,89.17,OSM_WAY_NH44_MAINLINE,NH44_MAINLINE,NH-44 Jammu-Srinagar Highway,2,Original Winding Source Vertex
2774,75.186696,33.564998,517328.41,3713941.18,89.204,OSM_WAY_NH44_MAINLINE,NH44_MAINLINE,NH-44 Jammu-Srinagar Highway,3,Original Winding Source Vertex
