{
"type": "FeatureCollection",
"name": "nh44_excluded_branch_edges",
"crs": { "type": "name", "properties": { "name": "urn:ogc:def:crs:OGC:1.3:CRS84" } },
"features": [
{ "type": "Feature", "properties": { "source_edge_id": "OSM_WAY_37236494", "osm_way_id": "37236494", "name": "Samba-Udhampur Highway" }, "geometry": { "type": "LineString", "coordinates": [ [ 75.1528927, 32.8185891, 0.0 ], [ 75.1529713, 32.8187907, 0.0 ], [ 75.1529982, 32.8191232, 0.0 ], [ 75.1529734, 32.8200461, 0.0 ], [ 75.1530108, 32.8208029, 0.0 ], [ 75.1530692, 32.8210014, 0.0 ], [ 75.1532173, 32.8211541, 0.0 ], [ 75.15345, 32.82124, 0.0 ], [ 75.15424, 32.82129, 0.0 ], [ 75.15438, 32.82134, 0.0 ], [ 75.15513, 32.82205, 0.0 ], [ 75.15545, 32.82224, 0.0 ], [ 75.15572, 32.82233, 0.0 ], [ 75.15601, 32.82237, 0.0 ], [ 75.15689, 32.82231, 0.0 ], [ 75.15757, 32.82203, 0.0 ], [ 75.15797, 32.82198, 0.0 ], [ 75.15837, 32.82207, 0.0 ], [ 75.1586542, 32.8222258, 0.0 ], [ 75.1587956, 32.8224148, 0.0 ], [ 75.1588156, 32.82262, 0.0 ], [ 75.1586971, 32.8228607, 0.0 ], [ 75.15822, 32.82329, 0.0 ], [ 75.15364, 32.82618, 0.0 ], [ 75.15197, 32.8271, 0.0 ], [ 75.15151, 32.82756, 0.0 ], [ 75.15115, 32.82783, 0.0 ], [ 75.14899, 32.82886, 0.0 ], [ 75.14802, 32.82958, 0.0 ], [ 75.1472, 32.83011, 0.0 ], [ 75.14706, 32.83025, 0.0 ], [ 75.1468762, 32.8304253, 0.0 ], [ 75.1468501, 32.8305436, 0.0 ], [ 75.1468763, 32.8306619, 0.0 ], [ 75.1469624, 32.8307751, 0.0 ], [ 75.1473573, 32.831122, 0.0 ], [ 75.1474325, 32.8312378, 0.0 ], [ 75.1474647, 32.8313391, 0.0 ], [ 75.1474957, 32.8314483, 0.0 ], [ 75.1474941, 32.8315097, 0.0 ], [ 75.147432, 32.8318529, 0.0 ], [ 75.1473769, 32.8321574, 0.0 ], [ 75.1473312, 32.8322347, 0.0 ], [ 75.1471942, 32.8323726, 0.0 ], [ 75.1470957, 32.8324402, 0.0 ], [ 75.1464808, 32.8327705, 0.0 ], [ 75.14575, 32.83312, 0.0 ], [ 75.14513, 32.83352, 0.0 ], [ 75.1442276, 32.8342203, 0.0 ], [ 75.1441656, 32.8343522, 0.0 ], [ 75.1441683, 32.8344792, 0.0 ], [ 75.1442474, 32.8346058, 0.0 ], [ 75.1446484, 32.8351177, 0.0 ], [ 75.1449716, 32.835336, 0.0 ], [ 75.1450923, 32.8353698, 0.0 ], [ 75.1452143, 32.8353607, 0.0 ], [ 75.1453348, 32.8352958, 0.0 ], [ 75.14641, 32.83435, 0.0 ], [ 75.14729, 32.83388, 0.0 ], [ 75.14819, 32.83327, 0.0 ], [ 75.14931, 32.83221, 0.0 ], [ 75.14948, 32.83211, 0.0 ], [ 75.14964, 32.8321, 0.0 ], [ 75.14976, 32.83212, 0.0 ], [ 75.14984, 32.83221, 0.0 ], [ 75.14984, 32.83233, 0.0 ], [ 75.14977, 32.83244, 0.0 ], [ 75.14887, 32.83291, 0.0 ], [ 75.148, 32.83389, 0.0 ], [ 75.14788, 32.834, 0.0 ], [ 75.147327, 32.8341845, 0.0 ], [ 75.1471604, 32.8342866, 0.0 ], [ 75.1471024, 32.8343855, 0.0 ], [ 75.1470999, 32.8345043, 0.0 ], [ 75.1471764, 32.8346114, 0.0 ], [ 75.1472997, 32.8346656, 0.0 ], [ 75.1474546, 32.8346728, 0.0 ], [ 75.1475998, 32.8345996, 0.0 ], [ 75.14844, 32.83387, 0.0 ], [ 75.14872, 32.83382, 0.0 ], [ 75.14882, 32.83386, 0.0 ], [ 75.14888, 32.83395, 0.0 ], [ 75.1489, 32.83406, 0.0 ], [ 75.14881, 32.83422, 0.0 ], [ 75.14765, 32.83501, 0.0 ], [ 75.14755, 32.83512, 0.0 ], [ 75.1475, 32.8353, 0.0 ], [ 75.14758, 32.83552, 0.0 ], [ 75.14843, 32.83702, 0.0 ], [ 75.14852, 32.83747, 0.0 ], [ 75.14844, 32.83775, 0.0 ], [ 75.14825, 32.83794, 0.0 ], [ 75.14521, 32.84033, 0.0 ], [ 75.14503, 32.84061, 0.0 ], [ 75.145, 32.84089, 0.0 ], [ 75.14503, 32.84105, 0.0 ], [ 75.14528, 32.84144, 0.0 ], [ 75.14725, 32.84277, 0.0 ], [ 75.14932, 32.84428, 0.0 ], [ 75.14954, 32.84457, 0.0 ], [ 75.14964, 32.8448, 0.0 ], [ 75.15063, 32.84755, 0.0 ], [ 75.15079, 32.84812, 0.0 ], [ 75.15077, 32.84846, 0.0 ], [ 75.15065, 32.84877, 0.0 ], [ 75.1502, 32.84957, 0.0 ], [ 75.14913, 32.85055, 0.0 ], [ 75.14785, 32.85161, 0.0 ], [ 75.14707, 32.85239, 0.0 ], [ 75.14682, 32.85285, 0.0 ], [ 75.1466894, 32.8532706, 0.0 ], [ 75.14673, 32.85375, 0.0 ], [ 75.14682, 32.85408, 0.0 ], [ 75.1468836, 32.8542427, 0.0 ], [ 75.1472072, 32.8551735, 0.0 ], [ 75.1480455, 32.8573015, 0.0 ] ] } },
{ "type": "Feature", "properties": { "source_edge_id": "OSM_WAY_608864791", "osm_way_id": "608864791", "name": "Udhampur Bypass" }, "geometry": { "type": "LineString", "coordinates": [ [ 75.081926, 32.8722322, 0.0 ], [ 75.0811677, 32.8717793, 0.0 ] ] } },
{ "type": "Feature", "properties": { "source_edge_id": "OSM_WAY_608864779", "osm_way_id": "608864779", "name": "Udhampur Bypass" }, "geometry": { "type": "LineString", "coordinates": [ [ 75.0810243, 32.8718975, 0.0 ], [ 75.0818172, 32.8723538, 0.0 ] ] } },
{ "type": "Feature", "properties": { "source_edge_id": "OSM_WAY_608864783", "osm_way_id": "608864783", "name": "Udhampur Bypass" }, "geometry": { "type": "LineString", "coordinates": [ [ 75.1054691, 32.874811, 0.0 ], [ 75.1017873, 32.8749801, 0.0 ], [ 75.1012093, 32.8749576, 0.0 ], [ 75.1007252, 32.8749103, 0.0 ], [ 75.0997851, 32.8747369, 0.0 ], [ 75.0963363, 32.8740186, 0.0 ], [ 75.095177, 32.8737772, 0.0 ], [ 75.0944622, 32.8736285, 0.0 ], [ 75.0938909, 32.8735677, 0.0 ], [ 75.0932378, 32.8735891, 0.0 ], [ 75.0916875, 32.8737682, 0.0 ], [ 75.0907272, 32.8738944, 0.0 ], [ 75.0900312, 32.8740363, 0.0 ], [ 75.0896624, 32.874185, 0.0 ], [ 75.0893298, 32.8743652, 0.0 ], [ 75.0889476, 32.8746422, 0.0 ], [ 75.0886432, 32.8749475, 0.0 ], [ 75.0882904, 32.8754983, 0.0 ], [ 75.0880705, 32.875817, 0.0 ], [ 75.0877594, 32.8761031, 0.0 ], [ 75.0871921, 32.8765514, 0.0 ], [ 75.0868099, 32.8767395, 0.0 ], [ 75.0864102, 32.8768318, 0.0 ], [ 75.0860119, 32.8768341, 0.0 ], [ 75.0857088, 32.8767654, 0.0 ], [ 75.0853306, 32.8766167, 0.0 ], [ 75.0849954, 32.8763453, 0.0 ], [ 75.0846601, 32.8760288, 0.0 ], [ 75.084416, 32.8756875, 0.0 ], [ 75.0842832, 32.8753462, 0.0 ], [ 75.0842524, 32.8750917, 0.0 ], [ 75.0842618, 32.8747256, 0.0 ], [ 75.0843382, 32.8741523, 0.0 ], [ 75.0842859, 32.8738696, 0.0 ], [ 75.0841303, 32.8736218, 0.0 ], [ 75.0838889, 32.8734044, 0.0 ], [ 75.081926, 32.8722322, 0.0 ] ] } },
{ "type": "Feature", "properties": { "source_edge_id": "OSM_WAY_608864780", "osm_way_id": "608864780", "name": "Udhampur Bypass" }, "geometry": { "type": "LineString", "coordinates": [ [ 75.0818172, 32.8723538, 0.0 ], [ 75.0838152, 32.8735035, 0.0 ], [ 75.0839922, 32.8736556, 0.0 ], [ 75.0841733, 32.873909, 0.0 ], [ 75.0842054, 32.87415, 0.0 ], [ 75.0841773, 32.874533, 0.0 ], [ 75.0841089, 32.8749419, 0.0 ], [ 75.0841545, 32.8753879, 0.0 ], [ 75.0842645, 32.875674, 0.0 ], [ 75.084412, 32.875915, 0.0 ], [ 75.0846721, 32.8762056, 0.0 ], [ 75.085167, 32.8766539, 0.0 ], [ 75.0856321, 32.8768802, 0.0 ], [ 75.085914, 32.8769287, 0.0 ], [ 75.086319, 32.8769422, 0.0 ], [ 75.0867442, 32.8768836, 0.0 ], [ 75.0871237, 32.8767282, 0.0 ], [ 75.0875341, 32.8764432, 0.0 ], [ 75.088151, 32.8759161, 0.0 ], [ 75.0884259, 32.875514, 0.0 ], [ 75.0889597, 32.8748056, 0.0 ], [ 75.0892976, 32.8745274, 0.0 ], [ 75.0896611, 32.8743122, 0.0 ], [ 75.090058, 32.87415, 0.0 ], [ 75.0904107, 32.8740599, 0.0 ], [ 75.0909767, 32.8739687, 0.0 ], [ 75.0931238, 32.8737108, 0.0 ], [ 75.0937461, 32.8736837, 0.0 ], [ 75.0942222, 32.873713, 0.0 ], [ 75.0948444, 32.87382, 0.0 ], [ 75.096305, 32.8741238, 0.0 ], [ 75.0994739, 32.874783, 0.0 ], [ 75.1009009, 32.8750567, 0.0 ], [ 75.1013904, 32.8750939, 0.0 ], [ 75.1021105, 32.8751063, 0.0 ], [ 75.1030694, 32.8750849, 0.0 ], [ 75.1054384, 32.8750184, 0.0 ] ] } },
{ "type": "Feature", "properties": { "source_edge_id": "OSM_WAY_419337497", "osm_way_id": "419337497", "name": "nan" }, "geometry": { "type": "LineString", "coordinates": [ [ 74.9618907, 32.8575612, 0.0 ], [ 74.9618062, 32.8578688, 0.0 ], [ 74.9617593, 32.8580524, 0.0 ], [ 74.9617231, 32.8582101, 0.0 ], [ 74.9616922, 32.8583825, 0.0 ], [ 74.9616748, 32.8585402, 0.0 ], [ 74.9616534, 32.8587069, 0.0 ], [ 74.9616346, 32.8588736, 0.0 ], [ 74.9616359, 32.859046, 0.0 ], [ 74.9616466, 32.8591834, 0.0 ], [ 74.9616721, 32.8593152, 0.0 ], [ 74.961715, 32.8594245, 0.0 ], [ 74.9617781, 32.8595574, 0.0 ], [ 74.961923, 32.8597456, 0.0 ] ] } },
{ "type": "Feature", "properties": { "source_edge_id": "OSM_WAY_419337463", "osm_way_id": "419337463", "name": "nan" }, "geometry": { "type": "LineString", "coordinates": [ [ 74.9624084, 32.8600407, 0.0 ], [ 74.9620128, 32.8596465, 0.0 ] ] } },
{ "type": "Feature", "properties": { "source_edge_id": "OSM_WAY_419337450", "osm_way_id": "419337450", "name": "nan" }, "geometry": { "type": "LineString", "coordinates": [ [ 74.961923, 32.8597456, 0.0 ], [ 74.9622401, 32.8600931, 0.0 ] ] } },
{ "type": "Feature", "properties": { "source_edge_id": "OSM_WAY_419337481", "osm_way_id": "419337481", "name": "nan" }, "geometry": { "type": "LineString", "coordinates": [ [ 74.9552784, 32.8788647, 0.0 ], [ 74.9552657, 32.8787075, 0.0 ], [ 74.955259, 32.878551, 0.0 ], [ 74.9552536, 32.8783888, 0.0 ], [ 74.9552536, 32.8781827, 0.0 ], [ 74.9552402, 32.8778538, 0.0 ], [ 74.9552362, 32.8775373, 0.0 ], [ 74.9552402, 32.8773335, 0.0 ], [ 74.9552429, 32.877231, 0.0 ], [ 74.9552603, 32.877133, 0.0 ], [ 74.9552831, 32.877035, 0.0 ], [ 74.9553139, 32.8769348, 0.0 ], [ 74.9553595, 32.8768187, 0.0 ], [ 74.9554521, 32.8766464, 0.0 ], [ 74.9555875, 32.8764268, 0.0 ], [ 74.9556412, 32.8763299, 0.0 ], [ 74.9557042, 32.8762139, 0.0 ], [ 74.9557559, 32.8760816, 0.0 ], [ 74.955835, 32.8758371, 0.0 ], [ 74.955919, 32.8753198, 0.0 ], [ 74.9559986, 32.8748291, 0.0 ], [ 74.9560198, 32.8747008, 0.0 ], [ 74.9562382, 32.8733783, 0.0 ], [ 74.956364, 32.8725567, 0.0 ], [ 74.9564284, 32.8722638, 0.0 ], [ 74.956525, 32.8719687, 0.0 ], [ 74.9566269, 32.8717164, 0.0 ], [ 74.9567771, 32.8713807, 0.0 ], [ 74.9572384, 32.8704909, 0.0 ], [ 74.9573565, 32.8702701, 0.0 ], [ 74.957504, 32.870002, 0.0 ], [ 74.9576113, 32.8698252, 0.0 ], [ 74.9577253, 32.8696788, 0.0 ], [ 74.9578808, 32.8695154, 0.0 ], [ 74.9583113, 32.8691054, 0.0 ], [ 74.958491, 32.8689252, 0.0 ], [ 74.9585929, 32.8688204, 0.0 ], [ 74.9586788, 32.8687236, 0.0 ], [ 74.958774, 32.8686019, 0.0 ], [ 74.9588504, 32.8684848, 0.0 ], [ 74.9589698, 32.868282, 0.0 ], [ 74.9590516, 32.8681446, 0.0 ], [ 74.9591321, 32.868015, 0.0 ], [ 74.9592219, 32.8678855, 0.0 ], [ 74.9593104, 32.8677807, 0.0 ], [ 74.9594325, 32.8676523, 0.0 ], [ 74.959572, 32.8675217, 0.0 ], [ 74.9597731, 32.8673392, 0.0 ], [ 74.9599153, 32.8672119, 0.0 ], [ 74.9600132, 32.8671049, 0.0 ], [ 74.9601151, 32.8669765, 0.0 ], [ 74.9601902, 32.8668762, 0.0 ], [ 74.9602613, 32.8667444, 0.0 ], [ 74.9603492, 32.8665456, 0.0 ], [ 74.9604551, 32.8661851, 0.0 ], [ 74.9605134, 32.8659424, 0.0 ], [ 74.9605684, 32.8657036, 0.0 ], [ 74.9606314, 32.8654806, 0.0 ], [ 74.9607092, 32.8652203, 0.0 ], [ 74.9607776, 32.8649849, 0.0 ], [ 74.9608648, 32.8647281, 0.0 ], [ 74.9611324, 32.8639221, 0.0 ], [ 74.9612349, 32.8636399, 0.0 ], [ 74.9612953, 32.8634878, 0.0 ], [ 74.9613409, 32.8633763, 0.0 ], [ 74.9614079, 32.8632423, 0.0 ], [ 74.9615058, 32.8630688, 0.0 ], [ 74.9617278, 32.8626942, 0.0 ], [ 74.9624366, 32.8614759, 0.0 ], [ 74.9625573, 32.8612551, 0.0 ], [ 74.962623, 32.861085, 0.0 ], [ 74.9626552, 32.8609431, 0.0 ], [ 74.9626565, 32.8607842, 0.0 ], [ 74.9626431, 32.8606175, 0.0 ], [ 74.962627, 32.8605082, 0.0 ], [ 74.9625908, 32.8603731, 0.0 ], [ 74.9625318, 32.8602424, 0.0 ], [ 74.9624674, 32.8601275, 0.0 ], [ 74.9624084, 32.8600407, 0.0 ] ] } },
{ "type": "Feature", "properties": { "source_edge_id": "OSM_WAY_419337487", "osm_way_id": "419337487", "name": "nan" }, "geometry": { "type": "LineString", "coordinates": [ [ 74.9622401, 32.8600931, 0.0 ], [ 74.9623722, 32.8602604, 0.0 ], [ 74.9624325, 32.8603494, 0.0 ], [ 74.9624808, 32.8604305, 0.0 ], [ 74.9625251, 32.8605387, 0.0 ], [ 74.9625492, 32.8606592, 0.0 ], [ 74.9625573, 32.8607696, 0.0 ], [ 74.9625559, 32.8608924, 0.0 ], [ 74.9625358, 32.8610208, 0.0 ], [ 74.9625023, 32.861147, 0.0 ], [ 74.9624594, 32.861245, 0.0 ], [ 74.962395, 32.8613621, 0.0 ], [ 74.9623461, 32.8614412, 0.0 ], [ 74.9623413, 32.8614489, 0.0 ], [ 74.9622381, 32.8616314, 0.0 ], [ 74.9621415, 32.8618003, 0.0 ], [ 74.9618518, 32.8622983, 0.0 ], [ 74.9616574, 32.8626328, 0.0 ], [ 74.9615407, 32.8628311, 0.0 ], [ 74.9614133, 32.863044, 0.0 ], [ 74.9613114, 32.8632355, 0.0 ], [ 74.9612443, 32.8633605, 0.0 ], [ 74.9611759, 32.863507, 0.0 ], [ 74.9611075, 32.8637075, 0.0 ], [ 74.9610405, 32.8639024, 0.0 ], [ 74.9609385, 32.8641919, 0.0 ], [ 74.9607937, 32.8646289, 0.0 ], [ 74.9607199, 32.8648464, 0.0 ], [ 74.9606556, 32.865039, 0.0 ], [ 74.9605764, 32.8652665, 0.0 ], [ 74.9605148, 32.8654806, 0.0 ], [ 74.9604598, 32.8657036, 0.0 ], [ 74.9603887, 32.8660021, 0.0 ], [ 74.9603377, 32.8662533, 0.0 ], [ 74.960276, 32.8664639, 0.0 ], [ 74.9602385, 32.8665676, 0.0 ], [ 74.9601654, 32.8667191, 0.0 ], [ 74.9600869, 32.8668593, 0.0 ], [ 74.9599957, 32.8669911, 0.0 ], [ 74.9598965, 32.8671038, 0.0 ], [ 74.9597758, 32.8672198, 0.0 ], [ 74.9596135, 32.8673606, 0.0 ], [ 74.9594486, 32.8675104, 0.0 ], [ 74.9593071, 32.8676506, 0.0 ], [ 74.9592099, 32.867756, 0.0 ], [ 74.9591187, 32.867872, 0.0 ], [ 74.9590409, 32.8679824, 0.0 ], [ 74.9589336, 32.8681592, 0.0 ], [ 74.9588303, 32.8683428, 0.0 ], [ 74.9587458, 32.8684803, 0.0 ], [ 74.9586345, 32.8686368, 0.0 ], [ 74.9585286, 32.8687585, 0.0 ], [ 74.9584253, 32.8688689, 0.0 ], [ 74.9582818, 32.8690074, 0.0 ], [ 74.9581061, 32.8691741, 0.0 ], [ 74.9579278, 32.8693442, 0.0 ], [ 74.9577802, 32.8694704, 0.0 ], [ 74.957563, 32.8697047, 0.0 ], [ 74.9574342, 32.8698759, 0.0 ], [ 74.9573296, 32.8700493, 0.0 ], [ 74.9571982, 32.8702949, 0.0 ], [ 74.9569944, 32.8706553, 0.0 ], [ 74.9567637, 32.8711104, 0.0 ], [ 74.9565893, 32.8714506, 0.0 ], [ 74.9564606, 32.8717502, 0.0 ], [ 74.9563533, 32.8720408, 0.0 ], [ 74.9562809, 32.8722908, 0.0 ], [ 74.9562219, 32.8725522, 0.0 ], [ 74.9561655, 32.8729464, 0.0 ], [ 74.9560744, 32.8737011, 0.0 ], [ 74.9560019, 32.8741032, 0.0 ], [ 74.9559657, 32.8743431, 0.0 ], [ 74.9559215, 32.8746798, 0.0 ], [ 74.9558975, 32.8748387, 0.0 ], [ 74.9558839, 32.8749288, 0.0 ], [ 74.9558356, 32.8752227, 0.0 ], [ 74.9558048, 32.8754525, 0.0 ], [ 74.9557726, 32.8756575, 0.0 ], [ 74.9557431, 32.8757972, 0.0 ], [ 74.9557096, 32.8759233, 0.0 ], [ 74.9556546, 32.8760731, 0.0 ], [ 74.9555929, 32.8762229, 0.0 ], [ 74.9555339, 32.8763434, 0.0 ], [ 74.9554434, 32.8764972, 0.0 ], [ 74.9553649, 32.8766228, 0.0 ], [ 74.9552952, 32.8767376, 0.0 ], [ 74.9552469, 32.8768356, 0.0 ], [ 74.955204, 32.8769471, 0.0 ], [ 74.9551678, 32.877071, 0.0 ], [ 74.9551477, 32.8771859, 0.0 ], [ 74.9551409, 32.8773053, 0.0 ], [ 74.955145, 32.8774551, 0.0 ], [ 74.955145, 32.8776443, 0.0 ], [ 74.9551423, 32.8778842, 0.0 ], [ 74.9551544, 32.8785848, 0.0 ], [ 74.9551611, 32.8787357, 0.0 ], [ 74.9551779, 32.8788883, 0.0 ] ] } },
{ "type": "Feature", "properties": { "source_edge_id": "OSM_WAY_419337462", "osm_way_id": "419337462", "name": "nan" }, "geometry": { "type": "LineString", "coordinates": [ [ 74.9553274, 32.8791592, 0.0 ], [ 74.9552784, 32.8788647, 0.0 ] ] } },
{ "type": "Feature", "properties": { "source_edge_id": "OSM_WAY_419337447", "osm_way_id": "419337447", "name": "nan" }, "geometry": { "type": "LineString", "coordinates": [ [ 74.9551779, 32.8788883, 0.0 ], [ 74.9552254, 32.8791907, 0.0 ] ] } },
{ "type": "Feature", "properties": { "source_edge_id": "OSM_WAY_1115557263", "osm_way_id": "1115557263", "name": "nan" }, "geometry": { "type": "LineString", "coordinates": [ [ 74.9570225, 32.8820317, 0.0 ], [ 74.9564633, 32.8812394, 0.0 ], [ 74.9563237, 32.8810377, 0.0 ], [ 74.9562715, 32.8809623, 0.0 ], [ 74.9560811, 32.8806887, 0.0 ], [ 74.955904, 32.8804454, 0.0 ], [ 74.9557967, 32.8802888, 0.0 ], [ 74.9556935, 32.8801233, 0.0 ], [ 74.9556237, 32.8799971, 0.0 ], [ 74.9555594, 32.8798732, 0.0 ], [ 74.9555004, 32.8797235, 0.0 ], [ 74.955427, 32.8795332, 0.0 ], [ 74.9553944, 32.8794239, 0.0 ], [ 74.9553609, 32.8792977, 0.0 ], [ 74.9553274, 32.8791592, 0.0 ] ] } },
{ "type": "Feature", "properties": { "source_edge_id": "OSM_WAY_1115557266", "osm_way_id": "1115557266", "name": "nan" }, "geometry": { "type": "LineString", "coordinates": [ [ 74.9552254, 32.8791907, 0.0 ], [ 74.955263, 32.8793293, 0.0 ], [ 74.9552952, 32.8794577, 0.0 ], [ 74.9553381, 32.8796063, 0.0 ], [ 74.9554078, 32.8797854, 0.0 ], [ 74.9554655, 32.8799093, 0.0 ], [ 74.9555352, 32.8800366, 0.0 ], [ 74.955617, 32.8801796, 0.0 ], [ 74.9557056, 32.8803204, 0.0 ], [ 74.9558598, 32.8805377, 0.0 ], [ 74.9562433, 32.881084, 0.0 ], [ 74.9564083, 32.8813284, 0.0 ], [ 74.9566282, 32.8816516, 0.0 ], [ 74.9570024, 32.8822114, 0.0 ], [ 74.9570668, 32.882315, 0.0 ] ] } },
{ "type": "Feature", "properties": { "source_edge_id": "OSM_WAY_608859333", "osm_way_id": "608859333", "name": "Samba-Udhampur Highway" }, "geometry": { "type": "LineString", "coordinates": [ [ 75.1480455, 32.8573015, 0.0 ], [ 75.1482267, 32.8577615, 0.0 ] ] } },
{ "type": "Feature", "properties": { "source_edge_id": "OSM_WAY_608859336", "osm_way_id": "608859336", "name": "Samba-Udhampur Highway" }, "geometry": { "type": "LineString", "coordinates": [ [ 75.1482267, 32.8577615, 0.0 ], [ 75.1487084, 32.8589844, 0.0 ] ] } },
{ "type": "Feature", "properties": { "source_edge_id": "OSM_WAY_608859329", "osm_way_id": "608859329", "name": "Samba-Udhampur Highway" }, "geometry": { "type": "LineString", "coordinates": [ [ 75.1487084, 32.8589844, 0.0 ], [ 75.1488756, 32.8594088, 0.0 ] ] } },
{ "type": "Feature", "properties": { "source_edge_id": "OSM_WAY_608864781", "osm_way_id": "608864781", "name": "Udhampur Bypass" }, "geometry": { "type": "LineString", "coordinates": [ [ 75.1062566, 32.8747974, 0.0 ], [ 75.1054691, 32.874811, 0.0 ] ] } },
{ "type": "Feature", "properties": { "source_edge_id": "OSM_WAY_608864784", "osm_way_id": "608864784", "name": "Udhampur Bypass" }, "geometry": { "type": "LineString", "coordinates": [ [ 75.1054384, 32.8750184, 0.0 ], [ 75.1062433, 32.8749958, 0.0 ] ] } },
{ "type": "Feature", "properties": { "source_edge_id": "OSM_WAY_608859325", "osm_way_id": "608859325", "name": "Samba-Udhampur Highway" }, "geometry": { "type": "LineString", "coordinates": [ [ 75.1488756, 32.8594088, 0.0 ], [ 75.14943, 32.86075, 0.0 ], [ 75.14949, 32.86139, 0.0 ], [ 75.14939, 32.86196, 0.0 ], [ 75.1493182, 32.8622379, 0.0 ], [ 75.1482914, 32.8662092, 0.0 ], [ 75.1480466, 32.8671559, 0.0 ], [ 75.1476727, 32.8686021, 0.0 ], [ 75.1475, 32.86927, 0.0 ], [ 75.1470665, 32.8724342, 0.0 ], [ 75.146609, 32.8765877, 0.0 ], [ 75.146607, 32.8766058, 0.0 ], [ 75.146401, 32.8778363, 0.0 ], [ 75.1463283, 32.8785931, 0.0 ], [ 75.1462208, 32.8840807, 0.0 ], [ 75.1461609, 32.8846339, 0.0 ], [ 75.1459085, 32.8857134, 0.0 ], [ 75.1458114, 32.8860982, 0.0 ], [ 75.1451884, 32.8885415, 0.0 ], [ 75.1450695, 32.8891177, 0.0 ], [ 75.1450167, 32.8896467, 0.0 ], [ 75.1450108, 32.8902193, 0.0 ], [ 75.145063, 32.892153, 0.0 ], [ 75.1451102, 32.8939035, 0.0 ], [ 75.1450636, 32.8941951, 0.0 ], [ 75.1449766, 32.8944591, 0.0 ], [ 75.1449656, 32.8944925, 0.0 ], [ 75.1432147, 32.8982034, 0.0 ], [ 75.1425593, 32.8995923, 0.0 ], [ 75.1414974, 32.9013363, 0.0 ], [ 75.141433, 32.9017971, 0.0 ], [ 75.1414585, 32.9022267, 0.0 ], [ 75.1415867, 32.9030073, 0.0 ], [ 75.1415475, 32.9033113, 0.0 ], [ 75.141367, 32.9036196, 0.0 ], [ 75.141105, 32.9038583, 0.0 ], [ 75.1407688, 32.9040386, 0.0 ], [ 75.14033, 32.90422, 0.0 ], [ 75.14003, 32.90442, 0.0 ], [ 75.1396, 32.9049, 0.0 ], [ 75.13947, 32.90495, 0.0 ], [ 75.1393513, 32.9049704, 0.0 ], [ 75.1392461, 32.9049593, 0.0 ], [ 75.1389941, 32.9048803, 0.0 ], [ 75.1388887, 32.9048649, 0.0 ], [ 75.1387932, 32.9048781, 0.0 ], [ 75.1386255, 32.9049318, 0.0 ], [ 75.1382891, 32.9050484, 0.0 ], [ 75.1381881, 32.9050675, 0.0 ], [ 75.1380756, 32.9050645, 0.0 ], [ 75.137976, 32.9050172, 0.0 ], [ 75.1379097, 32.9049114, 0.0 ], [ 75.1377724, 32.9046062, 0.0 ], [ 75.137722, 32.9045301, 0.0 ], [ 75.1374962, 32.9043154, 0.0 ] ] } },
{ "type": "Feature", "properties": { "source_edge_id": "OSM_WAY_419337520", "osm_way_id": "419337520", "name": "Udhampur Bypass" }, "geometry": { "type": "LineString", "coordinates": [ [ 75.1377423, 32.9019281, 0.0 ], [ 75.1375653, 32.9016421, 0.0 ], [ 75.137295, 32.9012812, 0.0 ], [ 75.1370275, 32.9008145, 0.0 ], [ 75.1368881, 32.9004148, 0.0 ], [ 75.1367861, 32.9000286, 0.0 ], [ 75.1367204, 32.8991773, 0.0 ], [ 75.1366547, 32.8978047, 0.0 ], [ 75.1365769, 32.8973711, 0.0 ], [ 75.1364321, 32.8969612, 0.0 ], [ 75.1362644, 32.8966437, 0.0 ], [ 75.1357132, 32.8959286, 0.0 ], [ 75.1352345, 32.895271, 0.0 ], [ 75.1350266, 32.8949366, 0.0 ], [ 75.1348657, 32.8945312, 0.0 ], [ 75.1347678, 32.8941472, 0.0 ], [ 75.1347249, 32.8937722, 0.0 ], [ 75.1347624, 32.8931709, 0.0 ], [ 75.1347852, 32.8926134, 0.0 ], [ 75.134753, 32.892279, 0.0 ], [ 75.1346511, 32.8919344, 0.0 ], [ 75.1344741, 32.8915842, 0.0 ], [ 75.1343473, 32.8914012, 0.0 ], [ 75.134226, 32.8912722, 0.0 ], [ 75.1339336, 32.891002, 0.0 ], [ 75.1325844, 32.8899772, 0.0 ], [ 75.1319568, 32.8895211, 0.0 ], [ 75.1314029, 32.8891731, 0.0 ], [ 75.130888, 32.8888702, 0.0 ], [ 75.1303314, 32.8886731, 0.0 ], [ 75.1299505, 32.8885751, 0.0 ], [ 75.1295589, 32.8885402, 0.0 ], [ 75.1291324, 32.8885503, 0.0 ], [ 75.1272388, 32.8888431, 0.0 ], [ 75.1268526, 32.8888747, 0.0 ], [ 75.1266071, 32.8888747, 0.0 ], [ 75.1263282, 32.8888037, 0.0 ], [ 75.1261042, 32.8887114, 0.0 ], [ 75.1258669, 32.8885413, 0.0 ], [ 75.1256469, 32.8882609, 0.0 ], [ 75.1255705, 32.8880492, 0.0 ], [ 75.125549, 32.8878228, 0.0 ], [ 75.1255906, 32.8875357, 0.0 ], [ 75.1257502, 32.8872305, 0.0 ], [ 75.1259259, 32.8870413, 0.0 ], [ 75.1271248, 32.8861122, 0.0 ], [ 75.127562, 32.8857551, 0.0 ], [ 75.1278678, 32.8853261, 0.0 ], [ 75.1280006, 32.8849792, 0.0 ], [ 75.1280435, 32.8845253, 0.0 ], [ 75.1280153, 32.8842314, 0.0 ], [ 75.127955, 32.8839881, 0.0 ], [ 75.1277806, 32.8836649, 0.0 ], [ 75.1275862, 32.8834014, 0.0 ], [ 75.1272951, 32.8831344, 0.0 ], [ 75.126874, 32.8829002, 0.0 ], [ 75.1252298, 32.8821366, 0.0 ], [ 75.1249174, 32.881935, 0.0 ], [ 75.1246853, 32.8816929, 0.0 ], [ 75.1245459, 32.8814642, 0.0 ], [ 75.1244734, 32.8811984, 0.0 ], [ 75.1241583, 32.8800418, 0.0 ], [ 75.1240014, 32.8797118, 0.0 ], [ 75.1237948, 32.8794054, 0.0 ], [ 75.1233496, 32.8790078, 0.0 ], [ 75.1230251, 32.8787905, 0.0 ], [ 75.122722, 32.8786632, 0.0 ], [ 75.1217922, 32.8783216, 0.0 ], [ 75.1213648, 32.8781687, 0.0 ], [ 75.120864, 32.8779252, 0.0 ], [ 75.1205118, 32.8777137, 0.0 ], [ 75.1200478, 32.8773375, 0.0 ], [ 75.1197581, 32.8770154, 0.0 ], [ 75.1194684, 32.8765829, 0.0 ], [ 75.1171376, 32.8714096, 0.0 ], [ 75.1169499, 32.8711134, 0.0 ], [ 75.116691, 32.8708464, 0.0 ], [ 75.1163611, 32.8706121, 0.0 ], [ 75.1159977, 32.8704443, 0.0 ], [ 75.1155484, 32.870335, 0.0 ], [ 75.1151058, 32.870326, 0.0 ], [ 75.1146941, 32.8703947, 0.0 ], [ 75.1131611, 32.8710087, 0.0 ], [ 75.1110436, 32.8718568, 0.0 ], [ 75.1103744, 32.8721553, 0.0 ], [ 75.1099949, 32.8723591, 0.0 ], [ 75.109555, 32.8727646, 0.0 ], [ 75.109209, 32.8732197, 0.0 ], [ 75.1087637, 32.8738561, 0.0 ], [ 75.1085183, 32.8741388, 0.0 ], [ 75.108124, 32.8744159, 0.0 ], [ 75.1077405, 32.874613, 0.0 ], [ 75.1070512, 32.8748101, 0.0 ], [ 75.106732, 32.8748258, 0.0 ], [ 75.1062566, 32.8747974, 0.0 ] ] } },
{ "type": "Feature", "properties": { "source_edge_id": "OSM_WAY_608864790", "osm_way_id": "608864790", "name": "Udhampur Bypass" }, "geometry": { "type": "LineString", "coordinates": [ [ 75.0811677, 32.8717793, 0.0 ], [ 75.0808553, 32.8715927, 0.0 ], [ 75.0805791, 32.8714693, 0.0 ], [ 75.0802747, 32.8714006, 0.0 ], [ 75.0799622, 32.8713871, 0.0 ], [ 75.0796242, 32.871413, 0.0 ], [ 75.0793721, 32.8714625, 0.0 ], [ 75.0790569, 32.8715797, 0.0 ], [ 75.0787364, 32.871814, 0.0 ], [ 75.0785138, 32.8720516, 0.0 ], [ 75.0781892, 32.8724492, 0.0 ], [ 75.0777896, 32.872839, 0.0 ], [ 75.077449, 32.8731431, 0.0 ], [ 75.0769808, 32.8734475, 0.0 ], [ 75.0765585, 32.873722, 0.0 ], [ 75.0754641, 32.8743314, 0.0 ], [ 75.0751865, 32.8745071, 0.0 ], [ 75.0749049, 32.8747628, 0.0 ], [ 75.0744789, 32.8751768, 0.0 ], [ 75.0739849, 32.8756559, 0.0 ], [ 75.0733518, 32.8760986, 0.0 ], [ 75.0730713, 32.8764061, 0.0 ], [ 75.072946, 32.8766991, 0.0 ], [ 75.0727564, 32.8773927, 0.0 ], [ 75.072574, 32.8778827, 0.0 ], [ 75.0723031, 32.8782194, 0.0 ], [ 75.0720403, 32.8784503, 0.0 ], [ 75.0714274, 32.8787814, 0.0 ], [ 75.0706804, 32.8791925, 0.0 ], [ 75.0700836, 32.8794358, 0.0 ], [ 75.0695123, 32.8795834, 0.0 ], [ 75.068832, 32.8796714, 0.0 ], [ 75.0668931, 32.8801679, 0.0 ], [ 75.0666967, 32.8802303, 0.0 ], [ 75.0665055, 32.8803132, 0.0 ], [ 75.0662051, 32.8804821, 0.0 ], [ 75.0659463, 32.880704, 0.0 ], [ 75.0656258, 32.8811218, 0.0 ], [ 75.0646843, 32.8824531, 0.0 ], [ 75.0638891, 32.8835095, 0.0 ], [ 75.063539, 32.88396, 0.0 ], [ 75.0633419, 32.8842359, 0.0 ], [ 75.0630629, 32.8845377, 0.0 ], [ 75.0626485, 32.8848711, 0.0 ], [ 75.0620517, 32.8851966, 0.0 ], [ 75.061644, 32.88537, 0.0 ], [ 75.0612467, 32.8855322, 0.0 ], [ 75.0601903, 32.8859635, 0.0 ], [ 75.0595828, 32.8862462, 0.0 ], [ 75.0589131, 32.8867096, 0.0 ] ] } },
{ "type": "Feature", "properties": { "source_edge_id": "OSM_WAY_419337519", "osm_way_id": "419337519", "name": "Udhampur Bypass" }, "geometry": { "type": "LineString", "coordinates": [ [ 75.0589463, 32.8868031, 0.0 ], [ 75.0592555, 32.8865829, 0.0 ], [ 75.059631, 32.8863396, 0.0 ], [ 75.0602426, 32.8860468, 0.0 ], [ 75.0615354, 32.885531, 0.0 ], [ 75.0621161, 32.8852866, 0.0 ], [ 75.0625922, 32.88504, 0.0 ], [ 75.0629932, 32.8847483, 0.0 ], [ 75.0632333, 32.8845276, 0.0 ], [ 75.0635565, 32.8841368, 0.0 ], [ 75.0641412, 32.8833653, 0.0 ], [ 75.0649297, 32.8823247, 0.0 ], [ 75.0659061, 32.8809608, 0.0 ], [ 75.0661287, 32.8806849, 0.0 ], [ 75.0664157, 32.880472, 0.0 ], [ 75.0667, 32.8803357, 0.0 ], [ 75.0671855, 32.8801837, 0.0 ], [ 75.0688444, 32.8797929, 0.0 ], [ 75.0696518, 32.879669, 0.0 ], [ 75.0702794, 32.8794854, 0.0 ], [ 75.0706455, 32.8793288, 0.0 ], [ 75.0719169, 32.8786576, 0.0 ], [ 75.0721999, 32.8784683, 0.0 ], [ 75.0724896, 32.8782149, 0.0 ], [ 75.0727149, 32.8779007, 0.0 ], [ 75.0728248, 32.8776146, 0.0 ], [ 75.0730649, 32.8768352, 0.0 ], [ 75.0732406, 32.8764996, 0.0 ], [ 75.0734699, 32.8762461, 0.0 ], [ 75.0736308, 32.8761024, 0.0 ], [ 75.0741573, 32.8757285, 0.0 ], [ 75.0746984, 32.8751682, 0.0 ], [ 75.075158, 32.8747373, 0.0 ], [ 75.0754517, 32.8745012, 0.0 ], [ 75.0760596, 32.8741219, 0.0 ], [ 75.0770501, 32.8735246, 0.0 ], [ 75.0772438, 32.8734078, 0.0 ], [ 75.0776206, 32.873151, 0.0 ], [ 75.0780994, 32.8727229, 0.0 ], [ 75.0784105, 32.8723648, 0.0 ], [ 75.0787123, 32.8720133, 0.0 ], [ 75.0790288, 32.871752, 0.0 ], [ 75.0793252, 32.8716146, 0.0 ], [ 75.0795934, 32.8715448, 0.0 ], [ 75.0800333, 32.8715234, 0.0 ], [ 75.080268, 32.8715515, 0.0 ], [ 75.0806716, 32.8716946, 0.0 ], [ 75.0810243, 32.8718975, 0.0 ] ] } },
{ "type": "Feature", "properties": { "source_edge_id": "OSM_WAY_456713041", "osm_way_id": "456713041", "name": "Udhampur Bypass" }, "geometry": { "type": "LineString", "coordinates": [ [ 75.0589131, 32.8867096, 0.0 ], [ 75.0585997, 32.8869264, 0.0 ], [ 75.0581143, 32.8872811, 0.0 ], [ 75.0574906, 32.887896, 0.0 ], [ 75.0572351, 32.8881927, 0.0 ] ] } },
{ "type": "Feature", "properties": { "source_edge_id": "OSM_WAY_608864788", "osm_way_id": "608864788", "name": "Udhampur Bypass" }, "geometry": { "type": "LineString", "coordinates": [ [ 75.0572946, 32.8882604, 0.0 ], [ 75.0575537, 32.887967, 0.0 ], [ 75.0581599, 32.8873859, 0.0 ], [ 75.0585313, 32.8870987, 0.0 ], [ 75.0589463, 32.8868031, 0.0 ] ] } },
{ "type": "Feature", "properties": { "source_edge_id": "OSM_WAY_608867809", "osm_way_id": "608867809", "name": "Udhampur Bypass" }, "geometry": { "type": "LineString", "coordinates": [ [ 75.0572351, 32.8881927, 0.0 ], [ 75.0567049, 32.88876, 0.0 ] ] } },
{ "type": "Feature", "properties": { "source_edge_id": "OSM_WAY_608878516", "osm_way_id": "608878516", "name": "Udhampur Bypass" }, "geometry": { "type": "LineString", "coordinates": [ [ 75.0567814, 32.8888051, 0.0 ], [ 75.0572946, 32.8882604, 0.0 ] ] } },
{ "type": "Feature", "properties": { "source_edge_id": "OSM_WAY_608878512", "osm_way_id": "608878512", "name": "nan" }, "geometry": { "type": "LineString", "coordinates": [ [ 75.0567049, 32.88876, 0.0 ], [ 75.056034, 32.8894549, 0.0 ] ] } },
{ "type": "Feature", "properties": { "source_edge_id": "OSM_WAY_608878515", "osm_way_id": "608878515", "name": "nan" }, "geometry": { "type": "LineString", "coordinates": [ [ 75.0561069, 32.8895155, 0.0 ], [ 75.0567814, 32.8888051, 0.0 ] ] } },
{ "type": "Feature", "properties": { "source_edge_id": "OSM_WAY_608864782", "osm_way_id": "608864782", "name": "Udhampur Bypass" }, "geometry": { "type": "LineString", "coordinates": [ [ 75.1062433, 32.8749958, 0.0 ], [ 75.1067199, 32.8749824, 0.0 ], [ 75.1070579, 32.8749655, 0.0 ], [ 75.1074025, 32.8749126, 0.0 ], [ 75.1077391, 32.8747808, 0.0 ], [ 75.1080744, 32.8746287, 0.0 ], [ 75.1083628, 32.8744564, 0.0 ], [ 75.1087101, 32.8741545, 0.0 ], [ 75.1089636, 32.8738516, 0.0 ], [ 75.1094839, 32.8730327, 0.0 ], [ 75.1099238, 32.8725754, 0.0 ], [ 75.1103556, 32.8722758, 0.0 ], [ 75.1140632, 32.87077, 0.0 ], [ 75.1146995, 32.8705265, 0.0 ], [ 75.1151327, 32.8704454, 0.0 ], [ 75.1156061, 32.8704589, 0.0 ], [ 75.1160567, 32.8705963, 0.0 ], [ 75.1164469, 32.8708047, 0.0 ], [ 75.1167876, 32.871101, 0.0 ], [ 75.116974, 32.8713983, 0.0 ], [ 75.1186934, 32.8751423, 0.0 ], [ 75.1194228, 32.8767305, 0.0 ], [ 75.1195865, 32.8769726, 0.0 ], [ 75.11986, 32.8773128, 0.0 ], [ 75.1202919, 32.8777058, 0.0 ], [ 75.120658, 32.8779457, 0.0 ], [ 75.1208285, 32.8780281, 0.0 ], [ 75.1211475, 32.8781823, 0.0 ], [ 75.1216223, 32.8783726, 0.0 ], [ 75.1226576, 32.8787398, 0.0 ], [ 75.1231122, 32.8789842, 0.0 ], [ 75.1235266, 32.8793209, 0.0 ], [ 75.1238069, 32.8796645, 0.0 ], [ 75.1239839, 32.8799573, 0.0 ], [ 75.1240966, 32.8802985, 0.0 ], [ 75.1243849, 32.8813933, 0.0 ], [ 75.1245378, 32.8817109, 0.0 ], [ 75.1247685, 32.8819789, 0.0 ], [ 75.1250676, 32.8821794, 0.0 ], [ 75.1256925, 32.8824733, 0.0 ], [ 75.1270832, 32.8831378, 0.0 ], [ 75.1274373, 32.883425, 0.0 ], [ 75.1276693, 32.8837449, 0.0 ], [ 75.1278503, 32.8841334, 0.0 ], [ 75.1278959, 32.8844882, 0.0 ], [ 75.1278664, 32.8849364, 0.0 ], [ 75.1277015, 32.8853407, 0.0 ], [ 75.1273474, 32.8857653, 0.0 ], [ 75.1266353, 32.8863363, 0.0 ], [ 75.1257247, 32.887048, 0.0 ], [ 75.1255316, 32.8873127, 0.0 ], [ 75.1254803, 32.887449, 0.0 ], [ 75.1254069, 32.8876438, 0.0 ], [ 75.1254095, 32.8879287, 0.0 ], [ 75.1254699, 32.8882665, 0.0 ], [ 75.1256348, 32.8885211, 0.0 ], [ 75.1258856, 32.8887328, 0.0 ], [ 75.1262678, 32.888922, 0.0 ], [ 75.1265736, 32.8889907, 0.0 ], [ 75.1269397, 32.889003, 0.0 ], [ 75.128938, 32.8886945, 0.0 ], [ 75.1293926, 32.8886539, 0.0 ], [ 75.1298566, 32.8886967, 0.0 ], [ 75.130322, 32.8887744, 0.0 ], [ 75.130778, 32.8889557, 0.0 ], [ 75.1319099, 32.8896303, 0.0 ], [ 75.1329693, 32.8904389, 0.0 ], [ 75.1337619, 32.8910177, 0.0 ], [ 75.1340945, 32.8913094, 0.0 ], [ 75.1342395, 32.8914644, 0.0 ], [ 75.1343332, 32.8916022, 0.0 ], [ 75.1345827, 32.8921303, 0.0 ], [ 75.1346444, 32.892476, 0.0 ], [ 75.1346149, 32.8934558, 0.0 ], [ 75.1346149, 32.8938904, 0.0 ], [ 75.1346672, 32.894351, 0.0 ], [ 75.1348523, 32.8948668, 0.0 ], [ 75.1350588, 32.8952282, 0.0 ], [ 75.1355858, 32.8959478, 0.0 ], [ 75.136125, 32.8966662, 0.0 ], [ 75.1362805, 32.896932, 0.0 ], [ 75.1364307, 32.8973396, 0.0 ], [ 75.1365192, 32.8977821, 0.0 ], [ 75.1365514, 32.8983868, 0.0 ], [ 75.1366641, 32.9001502, 0.0 ], [ 75.1367714, 32.9005274, 0.0 ], [ 75.1369712, 32.9009969, 0.0 ], [ 75.1372588, 32.9014781, 0.0 ], [ 75.1375573, 32.9019236, 0.0 ], [ 75.1377209, 32.9022198, 0.0 ], [ 75.1378369, 32.9025377, 0.0 ], [ 75.1380186, 32.9029438, 0.0 ] ] } },
{ "type": "Feature", "properties": { "source_edge_id": "OSM_WAY_608852932", "osm_way_id": "608852932", "name": "Udhampur Bypass" }, "geometry": { "type": "LineString", "coordinates": [ [ 75.1385534, 32.9045356, 0.0 ], [ 75.1385291, 32.9043777, 0.0 ], [ 75.1384331, 32.9037545, 0.0 ], [ 75.1383807, 32.903518, 0.0 ], [ 75.1383203, 32.9033075, 0.0 ], [ 75.1382225, 32.9030654, 0.0 ], [ 75.138022, 32.9025828, 0.0 ], [ 75.1377423, 32.9019281, 0.0 ] ] } },
{ "type": "Feature", "properties": { "source_edge_id": "OSM_WAY_419337523", "osm_way_id": "419337523", "name": "Udhampur Bypass" }, "geometry": { "type": "LineString", "coordinates": [ [ 75.1380186, 32.9029438, 0.0 ], [ 75.1382023, 32.9034742, 0.0 ], [ 75.1382783, 32.9037747, 0.0 ], [ 75.1383933, 32.9045318, 0.0 ] ] } },
{ "type": "Feature", "properties": { "source_edge_id": "OSM_WAY_419337526", "osm_way_id": "419337526", "name": "Udhampur Bypass" }, "geometry": { "type": "LineString", "coordinates": [ [ 75.1374962, 32.9043154, 0.0 ], [ 75.1376941, 32.9043512, 0.0 ], [ 75.1378751, 32.9044447, 0.0 ], [ 75.1379475, 32.9044886, 0.0 ], [ 75.138018, 32.9045206, 0.0 ], [ 75.1381004, 32.9045134, 0.0 ], [ 75.1381983, 32.9044695, 0.0 ], [ 75.1382486, 32.9043765, 0.0 ], [ 75.1382339, 32.9039475, 0.0 ], [ 75.1382321, 32.9038187, 0.0 ], [ 75.1382409, 32.903794, 0.0 ], [ 75.1382555, 32.9037812, 0.0 ], [ 75.1382783, 32.9037747, 0.0 ], [ 75.1384331, 32.9037545, 0.0 ] ] } },
{ "type": "Feature", "properties": { "source_edge_id": "OSM_WAY_608852931", "osm_way_id": "608852931", "name": "Udhampur Bypass" }, "geometry": { "type": "LineString", "coordinates": [ [ 75.1383933, 32.9045318, 0.0 ], [ 75.1383604, 32.9054451, 0.0 ] ] } },
{ "type": "Feature", "properties": { "source_edge_id": "OSM_WAY_608852928", "osm_way_id": "608852928", "name": "Udhampur Bypass" }, "geometry": { "type": "LineString", "coordinates": [ [ 75.1385156, 32.9054577, 0.0 ], [ 75.1385534, 32.9045356, 0.0 ] ] } },
{ "type": "Feature", "properties": { "source_edge_id": "OSM_WAY_608852926", "osm_way_id": "608852926", "name": "Udhampur Bypass" }, "geometry": { "type": "LineString", "coordinates": [ [ 75.1383183, 32.9105044, 0.0 ], [ 75.1383007, 32.9104044, 0.0 ], [ 75.1383304, 32.9102443, 0.0 ], [ 75.1384457, 32.9099572, 0.0 ], [ 75.1386711, 32.9096758, 0.0 ], [ 75.1393993, 32.9088944, 0.0 ], [ 75.139583, 32.9086219, 0.0 ], [ 75.1396594, 32.9083956, 0.0 ], [ 75.1396387, 32.9081068, 0.0 ], [ 75.1395749, 32.9079415, 0.0 ], [ 75.1393806, 32.9076623, 0.0 ], [ 75.1388984, 32.9069567, 0.0 ], [ 75.1387669, 32.9066527, 0.0 ], [ 75.1385229, 32.9057069, 0.0 ], [ 75.1385156, 32.9054577, 0.0 ] ] } },
{ "type": "Feature", "properties": { "source_edge_id": "OSM_WAY_608852930", "osm_way_id": "608852930", "name": "Udhampur Bypass" }, "geometry": { "type": "LineString", "coordinates": [ [ 75.1383604, 32.9054451, 0.0 ], [ 75.1383876, 32.9057362, 0.0 ], [ 75.1386367, 32.9066815, 0.0 ], [ 75.1387814, 32.9069953, 0.0 ], [ 75.1389399, 32.9072427, 0.0 ], [ 75.1392667, 32.9077, 0.0 ], [ 75.1394583, 32.9079813, 0.0 ], [ 75.1395173, 32.9082414, 0.0 ], [ 75.1394878, 32.9084361, 0.0 ], [ 75.1394154, 32.9086512, 0.0 ], [ 75.1391753, 32.9089574, 0.0 ], [ 75.1384484, 32.9097287, 0.0 ], [ 75.1382915, 32.9099595, 0.0 ], [ 75.1381792, 32.9102286, 0.0 ], [ 75.138154, 32.9104218, 0.0 ], [ 75.1381681, 32.9105335, 0.0 ] ] } },
{ "type": "Feature", "properties": { "source_edge_id": "OSM_WAY_608852924", "osm_way_id": "608852924", "name": "Udhampur Bypass" }, "geometry": { "type": "LineString", "coordinates": [ [ 75.1385081, 32.9110863, 0.0 ], [ 75.1383183, 32.9105044, 0.0 ] ] } },
{ "type": "Feature", "properties": { "source_edge_id": "OSM_WAY_419337495", "osm_way_id": "419337495", "name": "nan" }, "geometry": { "type": "LineString", "coordinates": [ [ 74.9498557, 32.8499149, 0.0 ], [ 74.9502298, 32.8500084, 0.0 ], [ 74.9505168, 32.8500738, 0.0 ], [ 74.9507046, 32.8501211, 0.0 ], [ 74.9508682, 32.8501572, 0.0 ], [ 74.9509943, 32.8501752, 0.0 ], [ 74.951123, 32.850191, 0.0 ], [ 74.9512403, 32.8501949, 0.0 ], [ 74.9513362, 32.850196, 0.0 ], [ 74.951461, 32.850191, 0.0 ], [ 74.9515944, 32.8501758, 0.0 ], [ 74.9517091, 32.8501515, 0.0 ], [ 74.9518814, 32.8501025, 0.0 ], [ 74.9520376, 32.8500575, 0.0 ], [ 74.9526505, 32.8498732, 0.0 ] ] } },
{ "type": "Feature", "properties": { "source_edge_id": "OSM_WAY_419337442", "osm_way_id": "419337442", "name": "nan" }, "geometry": { "type": "LineString", "coordinates": [ [ 74.9595211, 32.8524161, 0.0 ], [ 74.9571352, 32.8487309, 0.0 ] ] } },
{ "type": "Feature", "properties": { "source_edge_id": "OSM_WAY_419337458", "osm_way_id": "419337458", "name": "nan" }, "geometry": { "type": "LineString", "coordinates": [ [ 74.9568549, 32.8487871, 0.0 ], [ 74.9592327, 32.8524724, 0.0 ] ] } },
{ "type": "Feature", "properties": { "source_edge_id": "OSM_WAY_419337438", "osm_way_id": "419337438", "name": "nan" }, "geometry": { "type": "LineString", "coordinates": [ [ 74.9599341, 32.853011, 0.0 ], [ 74.9595211, 32.8524161, 0.0 ] ] } },
{ "type": "Feature", "properties": { "source_edge_id": "OSM_WAY_419337461", "osm_way_id": "419337461", "name": "nan" }, "geometry": { "type": "LineString", "coordinates": [ [ 74.9592327, 32.8524724, 0.0 ], [ 74.9597209, 32.8532002, 0.0 ] ] } },
{ "type": "Feature", "properties": { "source_edge_id": "OSM_WAY_419337490", "osm_way_id": "419337490", "name": "nan" }, "geometry": { "type": "LineString", "coordinates": [ [ 74.9621858, 32.8574936, 0.0 ], [ 74.9622649, 32.8571331, 0.0 ], [ 74.962289, 32.8568154, 0.0 ], [ 74.9622139, 32.8565586, 0.0 ], [ 74.9621066, 32.8563107, 0.0 ], [ 74.9619752, 32.8560449, 0.0 ], [ 74.9599341, 32.853011, 0.0 ] ] } },
{ "type": "Feature", "properties": { "source_edge_id": "OSM_WAY_419337491", "osm_way_id": "419337491", "name": "nan" }, "geometry": { "type": "LineString", "coordinates": [ [ 74.9597209, 32.8532002, 0.0 ], [ 74.9617459, 32.8562533, 0.0 ], [ 74.9619001, 32.8565473, 0.0 ], [ 74.961998, 32.8567985, 0.0 ], [ 74.9620235, 32.8569867, 0.0 ], [ 74.962002, 32.8571714, 0.0 ], [ 74.9618907, 32.8575612, 0.0 ] ] } },
{ "type": "Feature", "properties": { "source_edge_id": "OSM_WAY_419337499", "osm_way_id": "419337499", "name": "nan" }, "geometry": { "type": "LineString", "coordinates": [ [ 74.9620128, 32.8596465, 0.0 ], [ 74.9619082, 32.8595169, 0.0 ], [ 74.9618572, 32.859429, 0.0 ], [ 74.9618277, 32.8593333, 0.0 ], [ 74.9618076, 32.8592386, 0.0 ], [ 74.9617995, 32.8591553, 0.0 ], [ 74.9617995, 32.8590404, 0.0 ], [ 74.9618129, 32.8589424, 0.0 ], [ 74.9618398, 32.8588027, 0.0 ], [ 74.9619202, 32.8584534, 0.0 ], [ 74.9619699, 32.8582709, 0.0 ], [ 74.9620275, 32.8580479, 0.0 ], [ 74.9620919, 32.8578248, 0.0 ], [ 74.9621308, 32.8576784, 0.0 ], [ 74.9621858, 32.8574936, 0.0 ] ] } },
{ "type": "Feature", "properties": { "source_edge_id": "OSM_WAY_1115557264", "osm_way_id": "1115557264", "name": "nan" }, "geometry": { "type": "LineString", "coordinates": [ [ 74.9571594, 32.8822435, 0.0 ], [ 74.9570225, 32.8820317, 0.0 ] ] } },
{ "type": "Feature", "properties": { "source_edge_id": "OSM_WAY_1115557265", "osm_way_id": "1115557265", "name": "nan" }, "geometry": { "type": "LineString", "coordinates": [ [ 74.9570668, 32.882315, 0.0 ], [ 74.9571754, 32.8825042, 0.0 ] ] } },
{ "type": "Feature", "properties": { "source_edge_id": "OSM_WAY_419337494", "osm_way_id": "419337494", "name": "nan" }, "geometry": { "type": "LineString", "coordinates": [ [ 74.9612577, 32.8924618, 0.0 ], [ 74.9611692, 32.8924303, 0.0 ], [ 74.9610566, 32.8924022, 0.0 ], [ 74.9609198, 32.8923785, 0.0 ], [ 74.9607709, 32.8923695, 0.0 ], [ 74.9605925, 32.8923763, 0.0 ], [ 74.960449, 32.8923898, 0.0 ], [ 74.9603364, 32.8924123, 0.0 ], [ 74.9601808, 32.8924596, 0.0 ], [ 74.9600682, 32.8925046, 0.0 ], [ 74.9599662, 32.8925564, 0.0 ], [ 74.9598536, 32.8926263, 0.0 ], [ 74.9597383, 32.8927231, 0.0 ], [ 74.9594164, 32.8930407, 0.0 ], [ 74.9589417, 32.8935164, 0.0 ], [ 74.9585339, 32.8939247, 0.0 ], [ 74.958432, 32.8940136, 0.0 ], [ 74.958322, 32.8941014, 0.0 ], [ 74.9581678, 32.8942039, 0.0 ], [ 74.9580002, 32.8943087, 0.0 ], [ 74.9578285, 32.8944066, 0.0 ], [ 74.9575791, 32.8945541, 0.0 ], [ 74.9574423, 32.8946532, 0.0 ], [ 74.9572438, 32.8948131, 0.0 ], [ 74.95704, 32.8949877, 0.0 ], [ 74.956875, 32.8951104, 0.0 ], [ 74.9567033, 32.8952151, 0.0 ], [ 74.9565719, 32.8952872, 0.0 ], [ 74.9564418, 32.8953492, 0.0 ], [ 74.9563117, 32.8953998, 0.0 ], [ 74.9561642, 32.8954359, 0.0 ], [ 74.9559496, 32.8954741, 0.0 ], [ 74.9557874, 32.8954865, 0.0 ], [ 74.9556439, 32.8954865, 0.0 ], [ 74.9555057, 32.8954798, 0.0 ], [ 74.9553958, 32.8954606, 0.0 ], [ 74.9552523, 32.8954201, 0.0 ], [ 74.9551249, 32.8953739, 0.0 ], [ 74.9550122, 32.8953278, 0.0 ], [ 74.9548875, 32.8952647, 0.0 ], [ 74.9547601, 32.8951735, 0.0 ], [ 74.9546595, 32.8950845, 0.0 ], [ 74.9545723, 32.8949989, 0.0 ], [ 74.9544919, 32.8949043, 0.0 ], [ 74.9544141, 32.894776, 0.0 ], [ 74.954347, 32.8946341, 0.0 ], [ 74.9543014, 32.8945249, 0.0 ], [ 74.9542679, 32.8944145, 0.0 ], [ 74.9542444, 32.8942715, 0.0 ], [ 74.9542451, 32.8940812, 0.0 ], [ 74.9542545, 32.8939753, 0.0 ], [ 74.9542692, 32.8938819, 0.0 ], [ 74.9543108, 32.8937625, 0.0 ], [ 74.9543671, 32.8936319, 0.0 ], [ 74.9544342, 32.8935136, 0.0 ], [ 74.9545307, 32.8933841, 0.0 ], [ 74.95474, 32.8931161, 0.0 ], [ 74.954921, 32.8928824, 0.0 ], [ 74.9555124, 32.8921803, 0.0 ], [ 74.9560516, 32.8916139, 0.0 ], [ 74.9563949, 32.8912456, 0.0 ], [ 74.9565196, 32.891115, 0.0 ], [ 74.9566215, 32.8910024, 0.0 ], [ 74.9567288, 32.8908537, 0.0 ], [ 74.956816, 32.8907175, 0.0 ], [ 74.9568897, 32.8905823, 0.0 ], [ 74.9569635, 32.8904067, 0.0 ], [ 74.9570319, 32.8902158, 0.0 ], [ 74.9570721, 32.8900429, 0.0 ], [ 74.9570909, 32.8898059, 0.0 ], [ 74.9570936, 32.8894714, 0.0 ], [ 74.9570601, 32.8892974, 0.0 ], [ 74.9570413, 32.8891927, 0.0 ], [ 74.9569622, 32.8889325, 0.0 ], [ 74.9568759, 32.8886831, 0.0 ], [ 74.9567556, 32.8883559, 0.0 ], [ 74.9566886, 32.8881577, 0.0 ], [ 74.9566515, 32.8880388, 0.0 ], [ 74.9566162, 32.8878041, 0.0 ], [ 74.9566001, 32.8876374, 0.0 ], [ 74.956592, 32.8875046, 0.0 ], [ 74.9565947, 32.887366, 0.0 ], [ 74.9566095, 32.8872106, 0.0 ], [ 74.956639, 32.8870349, 0.0 ], [ 74.9566886, 32.88683, 0.0 ], [ 74.9568214, 32.8863525, 0.0 ], [ 74.9570373, 32.885563, 0.0 ], [ 74.9572934, 32.8846226, 0.0 ], [ 74.9573712, 32.8843208, 0.0 ], [ 74.9574329, 32.8841034, 0.0 ], [ 74.9574691, 32.8839289, 0.0 ], [ 74.9574973, 32.8837374, 0.0 ], [ 74.9575309, 32.8834452, 0.0 ], [ 74.9575389, 32.8833438, 0.0 ], [ 74.957509, 32.8831722, 0.0 ], [ 74.9574973, 32.883105, 0.0 ], [ 74.957445, 32.8828725, 0.0 ], [ 74.9573981, 32.8827142, 0.0 ], [ 74.9573497, 32.8825932, 0.0 ], [ 74.9572679, 32.8824366, 0.0 ], [ 74.9571594, 32.8822435, 0.0 ] ] } },
{ "type": "Feature", "properties": { "source_edge_id": "OSM_WAY_419337493", "osm_way_id": "419337493", "name": "nan" }, "geometry": { "type": "LineString", "coordinates": [ [ 74.9571754, 32.8825042, 0.0 ], [ 74.9572639, 32.8826799, 0.0 ], [ 74.9573095, 32.8828128, 0.0 ], [ 74.957339, 32.8829445, 0.0 ], [ 74.9573739, 32.8831101, 0.0 ], [ 74.957386, 32.8832745, 0.0 ], [ 74.9573913, 32.8834908, 0.0 ], [ 74.9573815, 32.8835904, 0.0 ], [ 74.9573712, 32.8836946, 0.0 ], [ 74.9573484, 32.8838726, 0.0 ], [ 74.9573189, 32.8840437, 0.0 ], [ 74.9572733, 32.8842408, 0.0 ], [ 74.9571311, 32.8848186, 0.0 ], [ 74.9569273, 32.8855405, 0.0 ], [ 74.9566711, 32.8864955, 0.0 ], [ 74.9565893, 32.8867894, 0.0 ], [ 74.9565478, 32.8869415, 0.0 ], [ 74.9565089, 32.887116, 0.0 ], [ 74.9564847, 32.887294, 0.0 ], [ 74.9564713, 32.8874482, 0.0 ], [ 74.956466, 32.8876025, 0.0 ], [ 74.956474, 32.8877478, 0.0 ], [ 74.9564888, 32.8878796, 0.0 ], [ 74.9565156, 32.8880327, 0.0 ], [ 74.9565531, 32.8881746, 0.0 ], [ 74.9566068, 32.8883165, 0.0 ], [ 74.9566899, 32.8885001, 0.0 ], [ 74.9567918, 32.8887929, 0.0 ], [ 74.9568509, 32.8890283, 0.0 ], [ 74.9568958, 32.8892597, 0.0 ], [ 74.9569111, 32.889335, 0.0 ], [ 74.9569233, 32.8893988, 0.0 ], [ 74.9569568, 32.8895452, 0.0 ], [ 74.9569702, 32.8896871, 0.0 ], [ 74.9569662, 32.8898199, 0.0 ], [ 74.9569528, 32.8899461, 0.0 ], [ 74.9569273, 32.8900677, 0.0 ], [ 74.9568884, 32.8902073, 0.0 ], [ 74.9568415, 32.8903413, 0.0 ], [ 74.9567731, 32.8905148, 0.0 ], [ 74.9567167, 32.8906364, 0.0 ], [ 74.9566671, 32.8907175, 0.0 ], [ 74.9565813, 32.8908459, 0.0 ], [ 74.9565008, 32.8909618, 0.0 ], [ 74.9564244, 32.8910542, 0.0 ], [ 74.9562702, 32.8912231, 0.0 ], [ 74.9558879, 32.8916443, 0.0 ], [ 74.9555862, 32.8919686, 0.0 ], [ 74.955377, 32.8921972, 0.0 ], [ 74.9552107, 32.8923836, 0.0 ], [ 74.9544972, 32.893276, 0.0 ], [ 74.9543725, 32.8934416, 0.0 ], [ 74.9543001, 32.8935553, 0.0 ], [ 74.9542384, 32.893678, 0.0 ], [ 74.9541847, 32.8938132, 0.0 ], [ 74.9541593, 32.8939235, 0.0 ], [ 74.9541445, 32.8940373, 0.0 ], [ 74.9541311, 32.8941611, 0.0 ], [ 74.9541378, 32.8942771, 0.0 ], [ 74.9541539, 32.8944201, 0.0 ], [ 74.9542196, 32.8946341, 0.0 ], [ 74.9542558, 32.8947219, 0.0 ], [ 74.9543054, 32.894821, 0.0 ], [ 74.9543618, 32.8949122, 0.0 ], [ 74.9544543, 32.8950429, 0.0 ], [ 74.9545334, 32.8951262, 0.0 ], [ 74.9546032, 32.8951926, 0.0 ], [ 74.9546944, 32.8952557, 0.0 ], [ 74.9548151, 32.8953323, 0.0 ], [ 74.9549773, 32.8954088, 0.0 ], [ 74.9551034, 32.8954663, 0.0 ], [ 74.9552321, 32.8955102, 0.0 ], [ 74.9553756, 32.8955485, 0.0 ], [ 74.9555017, 32.895571, 0.0 ], [ 74.9557391, 32.8955822, 0.0 ], [ 74.9558749, 32.8955813, 0.0 ], [ 74.9560052, 32.8955712, 0.0 ], [ 74.9562058, 32.8955045, 0.0 ], [ 74.9563667, 32.8954618, 0.0 ], [ 74.9565156, 32.8953976, 0.0 ], [ 74.9567154, 32.8952996, 0.0 ], [ 74.9569112, 32.8951825, 0.0 ], [ 74.9570386, 32.895089, 0.0 ], [ 74.9571607, 32.8949922, 0.0 ], [ 74.9572867, 32.8948818, 0.0 ], [ 74.9574436, 32.8947546, 0.0 ], [ 74.9576032, 32.8946352, 0.0 ], [ 74.9577816, 32.8945237, 0.0 ], [ 74.9579962, 32.8943999, 0.0 ], [ 74.9581893, 32.8942844, 0.0 ], [ 74.9584065, 32.8941386, 0.0 ], [ 74.9585554, 32.8940237, 0.0 ], [ 74.9586613, 32.8939235, 0.0 ], [ 74.9587995, 32.8937828, 0.0 ], [ 74.9591656, 32.8934157, 0.0 ], [ 74.9595317, 32.8930553, 0.0 ], [ 74.9597047, 32.892883, 0.0 ], [ 74.9598214, 32.8927681, 0.0 ], [ 74.9599113, 32.8926893, 0.0 ], [ 74.9600185, 32.8926218, 0.0 ], [ 74.9601594, 32.8925587, 0.0 ], [ 74.9602988, 32.8925125, 0.0 ], [ 74.9604383, 32.8924832, 0.0 ], [ 74.9605711, 32.8924697, 0.0 ], [ 74.9607454, 32.8924641, 0.0 ], [ 74.9608929, 32.892481, 0.0 ], [ 74.9610297, 32.8925148, 0.0 ], [ 74.9611679, 32.8925654, 0.0 ] ] } },
{ "type": "Feature", "properties": { "source_edge_id": "OSM_WAY_239961170", "osm_way_id": "239961170", "name": "nan" }, "geometry": { "type": "LineString", "coordinates": [ [ 75.183471, 32.9770213, 0.0 ], [ 75.1834657, 32.9770908, 0.0 ], [ 75.1834573, 32.9771842, 0.0 ], [ 75.1834594, 32.9772712, 0.0 ], [ 75.183467, 32.9773605, 0.0 ], [ 75.1834893, 32.9774575, 0.0 ], [ 75.1835151, 32.9775447, 0.0 ], [ 75.1835552, 32.9776291, 0.0 ], [ 75.1836101, 32.9777382, 0.0 ], [ 75.1836583, 32.9778289, 0.0 ], [ 75.1837132, 32.9779095, 0.0 ], [ 75.1838104, 32.9780596, 0.0 ], [ 75.1839574, 32.978275, 0.0 ], [ 75.1840856, 32.978478, 0.0 ], [ 75.1842064, 32.9786629, 0.0 ], [ 75.1842827, 32.9787646, 0.0 ], [ 75.1843411, 32.9788245, 0.0 ], [ 75.1844049, 32.9788837, 0.0 ], [ 75.1844661, 32.9789323, 0.0 ], [ 75.184529, 32.9789774, 0.0 ], [ 75.1845979, 32.9790191, 0.0 ], [ 75.1846847, 32.9790624, 0.0 ], [ 75.1847724, 32.9790987, 0.0 ], [ 75.1848372, 32.9791193, 0.0 ], [ 75.1849232, 32.9791419, 0.0 ], [ 75.1850225, 32.9791622, 0.0 ], [ 75.1851801, 32.9791891, 0.0 ], [ 75.1852903, 32.9792085, 0.0 ], [ 75.1853661, 32.9792236, 0.0 ], [ 75.1854357, 32.9792492, 0.0 ], [ 75.1855001, 32.9792789, 0.0 ], [ 75.1855604, 32.9793118, 0.0 ], [ 75.1856147, 32.9793484, 0.0 ], [ 75.1856637, 32.9793874, 0.0 ], [ 75.1857016, 32.979426, 0.0 ], [ 75.1857367, 32.9794656, 0.0 ], [ 75.1857677, 32.9795074, 0.0 ], [ 75.18581, 32.9795661, 0.0 ], [ 75.1858486, 32.9796325, 0.0 ], [ 75.1858826, 32.979713, 0.0 ], [ 75.1859032, 32.9797766, 0.0 ], [ 75.1859473, 32.979914, 0.0 ], [ 75.1859721, 32.9800367, 0.0 ], [ 75.1859807, 32.9801043, 0.0 ], [ 75.1859761, 32.9801481, 0.0 ], [ 75.1859685, 32.9801993, 0.0 ], [ 75.1859539, 32.980244, 0.0 ], [ 75.18593, 32.9802899, 0.0 ], [ 75.1859055, 32.9803298, 0.0 ], [ 75.1858508, 32.9803863, 0.0 ], [ 75.1858067, 32.9804315, 0.0 ], [ 75.1857565, 32.9804805, 0.0 ], [ 75.1857005, 32.9805326, 0.0 ], [ 75.1856511, 32.9805779, 0.0 ], [ 75.1856085, 32.9806252, 0.0 ], [ 75.1855758, 32.9806707, 0.0 ], [ 75.1855513, 32.9807058, 0.0 ], [ 75.1855202, 32.9807559, 0.0 ], [ 75.1855046, 32.9807924, 0.0 ], [ 75.1854906, 32.980833, 0.0 ], [ 75.185479, 32.980876, 0.0 ], [ 75.1854707, 32.9809246, 0.0 ], [ 75.1854661, 32.980983, 0.0 ], [ 75.185467, 32.9810396, 0.0 ], [ 75.1854741, 32.9810925, 0.0 ], [ 75.185489, 32.9811531, 0.0 ], [ 75.185516, 32.9812231, 0.0 ], [ 75.1855446, 32.9812917, 0.0 ], [ 75.1855823, 32.9813649, 0.0 ], [ 75.1856232, 32.9814339, 0.0 ], [ 75.1856842, 32.9815348, 0.0 ], [ 75.1857429, 32.9816275, 0.0 ], [ 75.1857967, 32.9817189, 0.0 ], [ 75.1858421, 32.9817999, 0.0 ], [ 75.1858941, 32.9819033, 0.0 ], [ 75.1859282, 32.9819875, 0.0 ], [ 75.1859588, 32.9820809, 0.0 ], [ 75.1860085, 32.9822301, 0.0 ], [ 75.1860729, 32.9824298, 0.0 ], [ 75.1861383, 32.9826146, 0.0 ], [ 75.1862114, 32.9828398, 0.0 ], [ 75.1862903, 32.9830861, 0.0 ], [ 75.1864252, 32.9835089, 0.0 ], [ 75.186526, 32.9838161, 0.0 ], [ 75.1865937, 32.9840052, 0.0 ], [ 75.1866286, 32.9840904, 0.0 ], [ 75.1866679, 32.984166, 0.0 ], [ 75.1867136, 32.9842462, 0.0 ], [ 75.1867642, 32.9843291, 0.0 ], [ 75.1868217, 32.9844098, 0.0 ], [ 75.1868743, 32.9844836, 0.0 ], [ 75.1869794, 32.9846248, 0.0 ], [ 75.1871058, 32.9847948, 0.0 ], [ 75.1872424, 32.9849788, 0.0 ], [ 75.1873899, 32.9851793, 0.0 ], [ 75.1874625, 32.9852869, 0.0 ], [ 75.1875218, 32.9853635, 0.0 ], [ 75.1875727, 32.9854223, 0.0 ], [ 75.187621, 32.9854708, 0.0 ], [ 75.1876643, 32.9855084, 0.0 ], [ 75.1877143, 32.9855436, 0.0 ], [ 75.1877769, 32.9855831, 0.0 ], [ 75.1878687, 32.9856404, 0.0 ], [ 75.1879556, 32.985691, 0.0 ], [ 75.1880864, 32.9857729, 0.0 ], [ 75.1881583, 32.9858208, 0.0 ], [ 75.1882089, 32.9858583, 0.0 ], [ 75.1882473, 32.9858894, 0.0 ], [ 75.1882869, 32.9859235, 0.0 ], [ 75.1883254, 32.9859617, 0.0 ], [ 75.1883675, 32.9860122, 0.0 ], [ 75.1883949, 32.9860505, 0.0 ], [ 75.1884175, 32.9860958, 0.0 ], [ 75.188432, 32.9861369, 0.0 ], [ 75.1884387, 32.9861831, 0.0 ], [ 75.1884426, 32.9862331, 0.0 ], [ 75.1884383, 32.9862817, 0.0 ], [ 75.1884299, 32.986334, 0.0 ], [ 75.1884129, 32.9863848, 0.0 ], [ 75.1883945, 32.9864258, 0.0 ], [ 75.1883598, 32.9864818, 0.0 ], [ 75.1883152, 32.9865516, 0.0 ], [ 75.1882404, 32.9866671, 0.0 ], [ 75.1881603, 32.9868156, 0.0 ], [ 75.1880981, 32.9869382, 0.0 ], [ 75.1880419, 32.9870694, 0.0 ], [ 75.1880055, 32.9871798, 0.0 ], [ 75.1879956, 32.9872574, 0.0 ], [ 75.1880009, 32.9873289, 0.0 ], [ 75.18802, 32.9874129, 0.0 ], [ 75.188048, 32.9874877, 0.0 ], [ 75.188076, 32.9875435, 0.0 ], [ 75.188117, 32.9876027, 0.0 ], [ 75.1881683, 32.9876586, 0.0 ], [ 75.1882318, 32.987713, 0.0 ] ] } },
{ "type": "Feature", "properties": { "source_edge_id": "OSM_WAY_1243203830", "osm_way_id": "1243203830", "name": "nan" }, "geometry": { "type": "LineString", "coordinates": [ [ 75.188488, 32.9876821, 0.0 ], [ 75.1882867, 32.9875529, 0.0 ] ] } },
{ "type": "Feature", "properties": { "source_edge_id": "OSM_WAY_1243203829", "osm_way_id": "1243203829", "name": "nan" }, "geometry": { "type": "LineString", "coordinates": [ [ 75.1882318, 32.987713, 0.0 ], [ 75.188323, 32.9877829, 0.0 ] ] } },
{ "type": "Feature", "properties": { "source_edge_id": "OSM_WAY_1243203831", "osm_way_id": "1243203831", "name": "nan" }, "geometry": { "type": "LineString", "coordinates": [ [ 75.1906642, 32.9911124, 0.0 ], [ 75.1906413, 32.9910988, 0.0 ], [ 75.1906103, 32.9910755, 0.0 ], [ 75.1905794, 32.9910481, 0.0 ], [ 75.1905386, 32.9910071, 0.0 ], [ 75.190475, 32.9909333, 0.0 ], [ 75.1903902, 32.9908252, 0.0 ], [ 75.1902614, 32.990657, 0.0 ], [ 75.1901521, 32.9905284, 0.0 ], [ 75.1900771, 32.9904491, 0.0 ], [ 75.189994, 32.9903793, 0.0 ], [ 75.1898603, 32.9902713, 0.0 ], [ 75.189738, 32.9901756, 0.0 ], [ 75.1893939, 32.9899143, 0.0 ], [ 75.1892749, 32.9898254, 0.0 ], [ 75.1892211, 32.9897789, 0.0 ], [ 75.1891656, 32.9897324, 0.0 ], [ 75.1890808, 32.989649, 0.0 ], [ 75.1889879, 32.9895355, 0.0 ], [ 75.188833, 32.9893166, 0.0 ], [ 75.1887417, 32.9891744, 0.0 ], [ 75.1887074, 32.9891142, 0.0 ], [ 75.1886748, 32.9890513, 0.0 ], [ 75.1886503, 32.9889884, 0.0 ], [ 75.1886324, 32.9889391, 0.0 ], [ 75.188621, 32.9888844, 0.0 ], [ 75.1886128, 32.9888174, 0.0 ], [ 75.1886047, 32.9887312, 0.0 ], [ 75.1886079, 32.9886123, 0.0 ], [ 75.1886291, 32.9884905, 0.0 ], [ 75.1886715, 32.9883018, 0.0 ], [ 75.1887025, 32.9881472, 0.0 ], [ 75.188709, 32.9880706, 0.0 ], [ 75.1887058, 32.9879872, 0.0 ], [ 75.1886911, 32.9879298, 0.0 ], [ 75.1886618, 32.9878723, 0.0 ], [ 75.1886259, 32.9878176, 0.0 ], [ 75.1885851, 32.987767, 0.0 ], [ 75.1885411, 32.9877232, 0.0 ], [ 75.188488, 32.9876821, 0.0 ] ] } },
{ "type": "Feature", "properties": { "source_edge_id": "OSM_WAY_1243203828", "osm_way_id": "1243203828", "name": "nan" }, "geometry": { "type": "LineString", "coordinates": [ [ 75.188323, 32.9877829, 0.0 ], [ 75.1884001, 32.9878445, 0.0 ], [ 75.188456, 32.9878934, 0.0 ], [ 75.1884924, 32.9879328, 0.0 ], [ 75.1885174, 32.9879696, 0.0 ], [ 75.1885361, 32.9880144, 0.0 ], [ 75.1885467, 32.9880606, 0.0 ], [ 75.1885467, 32.9881112, 0.0 ], [ 75.1885385, 32.9881789, 0.0 ], [ 75.1884994, 32.988349, 0.0 ], [ 75.188475, 32.9884781, 0.0 ], [ 75.1884582, 32.9886076, 0.0 ], [ 75.1884495, 32.9886989, 0.0 ], [ 75.1884497, 32.9888184, 0.0 ], [ 75.1884579, 32.9889137, 0.0 ], [ 75.1884767, 32.9889914, 0.0 ], [ 75.1885053, 32.9890856, 0.0 ], [ 75.1885477, 32.989179, 0.0 ], [ 75.1886113, 32.9892821, 0.0 ], [ 75.1887387, 32.9894649, 0.0 ], [ 75.1888708, 32.9896317, 0.0 ], [ 75.1890366, 32.9898151, 0.0 ], [ 75.1891318, 32.9899096, 0.0 ], [ 75.1892576, 32.9900157, 0.0 ], [ 75.1894007, 32.9901234, 0.0 ], [ 75.1895536, 32.9902371, 0.0 ], [ 75.1896832, 32.9903425, 0.0 ], [ 75.1898459, 32.9904757, 0.0 ], [ 75.1899588, 32.9905799, 0.0 ], [ 75.1900473, 32.9906704, 0.0 ], [ 75.1901257, 32.9907565, 0.0 ], [ 75.1902041, 32.990855, 0.0 ], [ 75.1902836, 32.9909654, 0.0 ], [ 75.19036, 32.9910711, 0.0 ], [ 75.1904122, 32.9911418, 0.0 ], [ 75.1904532, 32.9911884, 0.0 ], [ 75.1904944, 32.9912286, 0.0 ], [ 75.1905329, 32.9912637, 0.0 ], [ 75.1905767, 32.9912943, 0.0 ], [ 75.190633, 32.9913247, 0.0 ] ] } },
{ "type": "Feature", "properties": { "source_edge_id": "OSM_WAY_1243203832", "osm_way_id": "1243203832", "name": "nan" }, "geometry": { "type": "LineString", "coordinates": [ [ 75.1909231, 32.9912075, 0.0 ], [ 75.190885, 32.9912007, 0.0 ], [ 75.1908398, 32.9911895, 0.0 ], [ 75.1908018, 32.9911774, 0.0 ], [ 75.1907628, 32.9911627, 0.0 ], [ 75.190731, 32.9911498, 0.0 ], [ 75.1907001, 32.9911334, 0.0 ], [ 75.1906642, 32.9911124, 0.0 ] ] } },
{ "type": "Feature", "properties": { "source_edge_id": "OSM_WAY_608878520", "osm_way_id": "608878520", "name": "Udhampur Bypass" }, "geometry": { "type": "LineString", "coordinates": [ [ 75.056034, 32.8894549, 0.0 ], [ 75.0542497, 32.891303, 0.0 ], [ 75.0538354, 32.8916531, 0.0 ], [ 75.0524425, 32.8926807, 0.0 ], [ 75.052224, 32.8928563, 0.0 ], [ 75.0519869, 32.8930892, 0.0 ], [ 75.0505092, 32.8947999, 0.0 ], [ 75.0502883, 32.8950419, 0.0 ], [ 75.0499883, 32.895279, 0.0 ], [ 75.0496357, 32.8954703, 0.0 ], [ 75.0488704, 32.89578, 0.0 ], [ 75.0474645, 32.8965221, 0.0 ], [ 75.0471964, 32.8967071, 0.0 ], [ 75.0468909, 32.8970079, 0.0 ], [ 75.0467643, 32.8971325, 0.0 ], [ 75.0466291, 32.8972392, 0.0 ], [ 75.0464807, 32.8973256, 0.0 ], [ 75.0463205, 32.8973879, 0.0 ], [ 75.0461504, 32.8974253, 0.0 ], [ 75.0459737, 32.8974388, 0.0 ], [ 75.0457986, 32.8974307, 0.0 ], [ 75.0454218, 32.8973581, 0.0 ], [ 75.0452237, 32.8973146, 0.0 ], [ 75.0450169, 32.897281, 0.0 ], [ 75.0448075, 32.8972639, 0.0 ], [ 75.0445989, 32.8972683, 0.0 ], [ 75.0443904, 32.8972951, 0.0 ], [ 75.0418531, 32.8982333, 0.0 ], [ 75.0413944, 32.8984033, 0.0 ] ] } },
{ "type": "Feature", "properties": { "source_edge_id": "OSM_WAY_608867802", "osm_way_id": "608867802", "name": "Udhampur Bypass" }, "geometry": { "type": "LineString", "coordinates": [ [ 75.0414524, 32.8985006, 0.0 ], [ 75.0419702, 32.8983165, 0.0 ], [ 75.044424, 32.897397, 0.0 ], [ 75.04461, 32.897373, 0.0 ], [ 75.044803, 32.897369, 0.0 ], [ 75.044999, 32.897385, 0.0 ], [ 75.045196, 32.897417, 0.0 ], [ 75.045392, 32.89746, 0.0 ], [ 75.045781, 32.897535, 0.0 ], [ 75.045976, 32.897544, 0.0 ], [ 75.046172, 32.897529, 0.0 ], [ 75.046363, 32.897487, 0.0 ], [ 75.046543, 32.897417, 0.0 ], [ 75.046708, 32.897321, 0.0 ], [ 75.046855, 32.897205, 0.0 ], [ 75.046986, 32.897076, 0.0 ], [ 75.0472843, 32.8967823, 0.0 ], [ 75.0475377, 32.8966074, 0.0 ], [ 75.048931, 32.895872, 0.0 ], [ 75.049697, 32.895562, 0.0 ], [ 75.0500657, 32.895362, 0.0 ], [ 75.0503814, 32.8951125, 0.0 ], [ 75.0506094, 32.8948627, 0.0 ], [ 75.0520851, 32.8931542, 0.0 ], [ 75.052315, 32.8929285, 0.0 ], [ 75.052527, 32.892758, 0.0 ], [ 75.0539211, 32.8917296, 0.0 ], [ 75.054343, 32.891373, 0.0 ], [ 75.0561069, 32.8895155, 0.0 ] ] } },
{ "type": "Feature", "properties": { "source_edge_id": "OSM_WAY_419337486", "osm_way_id": "419337486", "name": "nan" }, "geometry": { "type": "LineString", "coordinates": [ [ 75.0329001, 32.8982607, 0.0 ], [ 75.0325112, 32.8981571, 0.0 ], [ 75.0320982, 32.898013, 0.0 ], [ 75.0308271, 32.8975529, 0.0 ] ] } },
{ "type": "Feature", "properties": { "source_edge_id": "OSM_WAY_419337483", "osm_way_id": "419337483", "name": "nan" }, "geometry": { "type": "LineString", "coordinates": [ [ 75.0307713, 32.8976509, 0.0 ], [ 75.032062, 32.8981109, 0.0 ], [ 75.0324965, 32.8982494, 0.0 ], [ 75.0328572, 32.8983519, 0.0 ] ] } },
{ "type": "Feature", "properties": { "source_edge_id": "OSM_WAY_419337500", "osm_way_id": "419337500", "name": "nan" }, "geometry": { "type": "LineString", "coordinates": [ [ 75.0387246, 32.89871, 0.0 ], [ 75.0378086, 32.8985625, 0.0 ], [ 75.0371541, 32.8984882, 0.0 ], [ 75.0364138, 32.8984656, 0.0 ], [ 75.0354563, 32.8984792, 0.0 ], [ 75.0348716, 32.8984994, 0.0 ], [ 75.034032, 32.8984611, 0.0 ], [ 75.0329001, 32.8982607, 0.0 ] ] } },
{ "type": "Feature", "properties": { "source_edge_id": "OSM_WAY_419337433", "osm_way_id": "419337433", "name": "nan" }, "geometry": { "type": "LineString", "coordinates": [ [ 75.0328572, 32.8983519, 0.0 ], [ 75.0333669, 32.8984589, 0.0 ], [ 75.0340387, 32.8985659, 0.0 ], [ 75.0346087, 32.8986041, 0.0 ], [ 75.0352296, 32.8986075, 0.0 ], [ 75.0361738, 32.8985782, 0.0 ], [ 75.0366941, 32.8985704, 0.0 ], [ 75.0372574, 32.898621, 0.0 ], [ 75.0379561, 32.8986942, 0.0 ], [ 75.0387058, 32.8988203, 0.0 ] ] } },
{ "type": "Feature", "properties": { "source_edge_id": "OSM_WAY_419337468", "osm_way_id": "419337468", "name": "nan" }, "geometry": { "type": "LineString", "coordinates": [ [ 75.0413944, 32.8984033, 0.0 ], [ 75.0403983, 32.8987821, 0.0 ] ] } },
{ "type": "Feature", "properties": { "source_edge_id": "OSM_WAY_419337470", "osm_way_id": "419337470", "name": "nan" }, "geometry": { "type": "LineString", "coordinates": [ [ 75.0403996, 32.8988902, 0.0 ], [ 75.0414524, 32.8985006, 0.0 ] ] } },
{ "type": "Feature", "properties": { "source_edge_id": "OSM_WAY_419337449", "osm_way_id": "419337449", "name": "nan" }, "geometry": { "type": "LineString", "coordinates": [ [ 75.0392181, 32.8987978, 0.0 ], [ 75.0387246, 32.89871, 0.0 ] ] } },
{ "type": "Feature", "properties": { "source_edge_id": "OSM_WAY_419337489", "osm_way_id": "419337489", "name": "nan" }, "geometry": { "type": "LineString", "coordinates": [ [ 75.0403983, 32.8987821, 0.0 ], [ 75.0403218, 32.8987956, 0.0 ], [ 75.0400161, 32.8988305, 0.0 ], [ 75.0396727, 32.8988384, 0.0 ], [ 75.0392181, 32.8987978, 0.0 ] ] } },
{ "type": "Feature", "properties": { "source_edge_id": "OSM_WAY_419337454", "osm_way_id": "419337454", "name": "nan" }, "geometry": { "type": "LineString", "coordinates": [ [ 75.0387058, 32.8988203, 0.0 ], [ 75.039206, 32.8989104, 0.0 ] ] } },
{ "type": "Feature", "properties": { "source_edge_id": "OSM_WAY_419337485", "osm_way_id": "419337485", "name": "nan" }, "geometry": { "type": "LineString", "coordinates": [ [ 75.039206, 32.8989104, 0.0 ], [ 75.0396392, 32.8989532, 0.0 ], [ 75.0401314, 32.8989375, 0.0 ], [ 75.0403996, 32.8988902, 0.0 ] ] } },
{ "type": "Feature", "properties": { "source_edge_id": "OSM_WAY_1115428211", "osm_way_id": "1115428211", "name": "nan" }, "geometry": { "type": "LineString", "coordinates": [ [ 75.0308271, 32.8975529, 0.0 ], [ 75.0303829, 32.8974027, 0.0 ], [ 75.0296828, 32.8972338, 0.0 ], [ 75.0289332, 32.8971144, 0.0 ], [ 75.0274285, 32.8969264, 0.0 ], [ 75.0269202, 32.8968858, 0.0 ], [ 75.0265738, 32.8968881, 0.0 ], [ 75.0264012, 32.8968892, 0.0 ], [ 75.0258553, 32.8969647, 0.0 ], [ 75.0248777, 32.897173, 0.0 ], [ 75.0243077, 32.8973205, 0.0 ], [ 75.0224811, 32.8979117, 0.0 ], [ 75.0214967, 32.8982123, 0.0 ], [ 75.0207283, 32.8985186, 0.0 ], [ 75.0199813, 32.8989014, 0.0 ], [ 75.0198348, 32.898987, 0.0 ], [ 75.0195239, 32.8991688, 0.0 ], [ 75.0190989, 32.8994172, 0.0 ], [ 75.0186147, 32.8996807, 0.0 ], [ 75.0181265, 32.8998462, 0.0 ], [ 75.017633, 32.8999464, 0.0 ], [ 75.0171556, 32.8999881, 0.0 ], [ 75.0166352, 32.8999532, 0.0 ], [ 75.0157836, 32.8998315, 0.0 ], [ 75.0154269, 32.8998034, 0.0 ], [ 75.0151104, 32.8998203, 0.0 ], [ 75.015035, 32.8998364, 0.0 ], [ 75.0148207, 32.8998822, 0.0 ], [ 75.0145525, 32.8999779, 0.0 ], [ 75.0143285, 32.9000928, 0.0 ], [ 75.0139061, 32.9004441, 0.0 ], [ 75.0133442, 32.9009181, 0.0 ], [ 75.0128077, 32.9013359, 0.0 ], [ 75.0121965, 32.9017899, 0.0 ], [ 75.0109758, 32.9027411, 0.0 ], [ 75.0096059, 32.9040128, 0.0 ], [ 75.0093967, 32.9042109, 0.0 ], [ 75.0091204, 32.9044474, 0.0 ], [ 75.0083774, 32.9050205, 0.0 ], [ 75.0076693, 32.9055621, 0.0 ], [ 75.0072093, 32.9059077, 0.0 ], [ 75.0067627, 32.9062388, 0.0 ], [ 75.0065039, 32.9064155, 0.0 ], [ 75.0062826, 32.9065563, 0.0 ], [ 75.0060332, 32.9067027, 0.0 ], [ 75.0057515, 32.9068625, 0.0 ], [ 75.0054377, 32.9070213, 0.0 ], [ 75.0051293, 32.9071733, 0.0 ], [ 75.0048758, 32.9073095, 0.0 ], [ 75.0046988, 32.9074199, 0.0 ], [ 75.0044815, 32.9075629, 0.0 ], [ 75.0042629, 32.9077137, 0.0 ], [ 75.0041234, 32.9078275, 0.0 ], [ 75.003937, 32.9079817, 0.0 ], [ 75.0037882, 32.9081213, 0.0 ], [ 75.0036205, 32.9082868, 0.0 ], [ 75.0033899, 32.9085458, 0.0 ], [ 75.0031887, 32.9087687, 0.0 ], [ 75.0029875, 32.9089917, 0.0 ], [ 75.0028548, 32.9091301, 0.0 ], [ 75.0026911, 32.9093047, 0.0 ], [ 75.0024906, 32.9094731, 0.0 ] ] } },
{ "type": "Feature", "properties": { "source_edge_id": "OSM_WAY_1115428208", "osm_way_id": "1115428208", "name": "nan" }, "geometry": { "type": "LineString", "coordinates": [ [ 75.0025624, 32.9095771, 0.0 ], [ 75.0027341, 32.9094308, 0.0 ], [ 75.0028574, 32.9093137, 0.0 ], [ 75.0030184, 32.9091448, 0.0 ], [ 75.0031605, 32.9089781, 0.0 ], [ 75.0033932, 32.9087057, 0.0 ], [ 75.0035776, 32.9084929, 0.0 ], [ 75.0037332, 32.9083307, 0.0 ], [ 75.0039075, 32.9081641, 0.0 ], [ 75.004161, 32.9079412, 0.0 ], [ 75.0043353, 32.9078106, 0.0 ], [ 75.0045754, 32.9076383, 0.0 ], [ 75.0048007, 32.9074897, 0.0 ], [ 75.0050394, 32.9073501, 0.0 ], [ 75.0052902, 32.9072206, 0.0 ], [ 75.005655, 32.9070359, 0.0 ], [ 75.0059809, 32.9068637, 0.0 ], [ 75.0062089, 32.9067376, 0.0 ], [ 75.0063738, 32.9066374, 0.0 ], [ 75.0066514, 32.9064516, 0.0 ], [ 75.006972, 32.9062219, 0.0 ], [ 75.0071999, 32.906053, 0.0 ], [ 75.0075848, 32.9057557, 0.0 ], [ 75.0078785, 32.9055317, 0.0 ], [ 75.0081964, 32.9052874, 0.0 ], [ 75.0086483, 32.9049462, 0.0 ], [ 75.0091405, 32.9045803, 0.0 ], [ 75.0094101, 32.9043573, 0.0 ], [ 75.0111541, 32.9027366, 0.0 ], [ 75.012388, 32.9017615, 0.0 ], [ 75.01308, 32.9012582, 0.0 ], [ 75.0135574, 32.900881, 0.0 ], [ 75.0140214, 32.9004666, 0.0 ], [ 75.0144171, 32.9001772, 0.0 ], [ 75.0146504, 32.9000556, 0.0 ], [ 75.0148382, 32.8999914, 0.0 ], [ 75.0150782, 32.899943, 0.0 ], [ 75.0153277, 32.8999261, 0.0 ], [ 75.0157005, 32.8999284, 0.0 ], [ 75.0167854, 32.9000691, 0.0 ], [ 75.0173353, 32.9000703, 0.0 ], [ 75.0177738, 32.9000196, 0.0 ], [ 75.0181654, 32.899934, 0.0 ], [ 75.0186295, 32.8997809, 0.0 ], [ 75.019064, 32.8995636, 0.0 ], [ 75.020161, 32.8989082, 0.0 ], [ 75.0205955, 32.8986886, 0.0 ], [ 75.021313, 32.8984004, 0.0 ], [ 75.0221753, 32.8981132, 0.0 ], [ 75.0232375, 32.8977991, 0.0 ], [ 75.0245156, 32.8974061, 0.0 ], [ 75.025343, 32.8971809, 0.0 ], [ 75.0261946, 32.8970266, 0.0 ], [ 75.0266627, 32.8969894, 0.0 ], [ 75.0270449, 32.8970007, 0.0 ], [ 75.0274687, 32.897039, 0.0 ], [ 75.0287535, 32.8972022, 0.0 ], [ 75.0296292, 32.8973362, 0.0 ], [ 75.030407, 32.8975243, 0.0 ], [ 75.0307713, 32.8976509, 0.0 ] ] } },
{ "type": "Feature", "properties": { "source_edge_id": "OSM_WAY_1115561803", "osm_way_id": "1115561803", "name": "nan" }, "geometry": { "type": "LineString", "coordinates": [ [ 74.9500313, 32.8964955, 0.0 ], [ 74.9498717, 32.8963986, 0.0 ] ] } },
{ "type": "Feature", "properties": { "source_edge_id": "OSM_WAY_1115561802", "osm_way_id": "1115561802", "name": "nan" }, "geometry": { "type": "LineString", "coordinates": [ [ 74.9498717, 32.8963986, 0.0 ], [ 74.9497604, 32.8963378, 0.0 ], [ 74.949684, 32.8963108, 0.0 ], [ 74.9496035, 32.8963018, 0.0 ], [ 74.949519, 32.8963153, 0.0 ], [ 74.9494238, 32.8963525, 0.0 ], [ 74.9493366, 32.8964122, 0.0 ], [ 74.9492468, 32.8964955, 0.0 ], [ 74.9491502, 32.8965923, 0.0 ], [ 74.9490537, 32.8967027, 0.0 ], [ 74.9489437, 32.8968423, 0.0 ], [ 74.948815, 32.8970157, 0.0 ], [ 74.9487291, 32.8971148, 0.0 ], [ 74.9486406, 32.8972117, 0.0 ], [ 74.9484424, 32.8974286, 0.0 ] ] } },
{ "type": "Feature", "properties": { "source_edge_id": "OSM_WAY_895648339", "osm_way_id": "895648339", "name": "nan" }, "geometry": { "type": "LineString", "coordinates": [ [ 74.9484424, 32.8974286, 0.0 ], [ 74.9484012, 32.8974774, 0.0 ], [ 74.9483771, 32.8975092, 0.0 ], [ 74.948338, 32.8975579, 0.0 ], [ 74.948309, 32.8975937, 0.0 ], [ 74.9482792, 32.8976245, 0.0 ], [ 74.9482448, 32.8976529, 0.0 ], [ 74.9482014, 32.8976851, 0.0 ], [ 74.948135, 32.8977325, 0.0 ], [ 74.9480559, 32.8977758, 0.0 ], [ 74.9478541, 32.8978766, 0.0 ], [ 74.9476147, 32.8979945, 0.0 ], [ 74.947557, 32.8980283, 0.0 ], [ 74.9475201, 32.8980542, 0.0 ], [ 74.9474846, 32.8980832, 0.0 ] ] } },
{ "type": "Feature", "properties": { "source_edge_id": "OSM_WAY_877750279", "osm_way_id": "877750279", "name": "nan" }, "geometry": { "type": "LineString", "coordinates": [ [ 74.9474846, 32.8980832, 0.0 ], [ 74.9472955, 32.8982668, 0.0 ] ] } },
{ "type": "Feature", "properties": { "source_edge_id": "OSM_WAY_1115428210", "osm_way_id": "1115428210", "name": "nan" }, "geometry": { "type": "LineString", "coordinates": [ [ 75.0024906, 32.9094731, 0.0 ], [ 75.0018288, 32.9099273, 0.0 ] ] } },
{ "type": "Feature", "properties": { "source_edge_id": "OSM_WAY_1115428209", "osm_way_id": "1115428209", "name": "nan" }, "geometry": { "type": "LineString", "coordinates": [ [ 75.0018784, 32.9100455, 0.0 ], [ 75.0025624, 32.9095771, 0.0 ] ] } },
{ "type": "Feature", "properties": { "source_edge_id": "OSM_WAY_419337436", "osm_way_id": "419337436", "name": "nan" }, "geometry": { "type": "LineString", "coordinates": [ [ 74.9632882, 32.893879, 0.0 ], [ 74.9634477, 32.8939866, 0.0 ], [ 74.963598, 32.894062, 0.0 ], [ 74.9637039, 32.8940947, 0.0 ], [ 74.9638152, 32.8941172, 0.0 ], [ 74.9639466, 32.8941262, 0.0 ], [ 74.9641263, 32.8941307, 0.0 ], [ 74.9643208, 32.8941364, 0.0 ], [ 74.9645139, 32.8941465, 0.0 ], [ 74.9647298, 32.8941623, 0.0 ], [ 74.9649578, 32.8941994, 0.0 ], [ 74.9651214, 32.8942377, 0.0 ], [ 74.9652569, 32.894276, 0.0 ], [ 74.9653991, 32.89433, 0.0 ], [ 74.9655506, 32.8944032, 0.0 ], [ 74.9657021, 32.89449, 0.0 ], [ 74.9658604, 32.8945992, 0.0 ], [ 74.9660186, 32.8947444, 0.0 ], [ 74.9661125, 32.8948379, 0.0 ], [ 74.9662064, 32.8949528, 0.0 ], [ 74.9662882, 32.895089, 0.0 ], [ 74.9663687, 32.8952422, 0.0 ], [ 74.9664263, 32.8953919, 0.0 ], [ 74.9664679, 32.8955293, 0.0 ], [ 74.9664947, 32.895723, 0.0 ], [ 74.9665001, 32.895964, 0.0 ], [ 74.9665055, 32.8963288, 0.0 ], [ 74.966529, 32.8972133, 0.0 ], [ 74.9665618, 32.8974189, 0.0 ], [ 74.966594, 32.89759, 0.0 ], [ 74.9666272, 32.8976876, 0.0 ], [ 74.9666912, 32.8978755, 0.0 ], [ 74.9667737, 32.8980483, 0.0 ], [ 74.9668662, 32.8982229, 0.0 ], [ 74.9669869, 32.8984041, 0.0 ], [ 74.967115, 32.8985804, 0.0 ], [ 74.9673705, 32.8988838, 0.0 ], [ 74.967455, 32.8989964, 0.0 ], [ 74.9675515, 32.8991327, 0.0 ], [ 74.9676461, 32.8992931, 0.0 ], [ 74.9677621, 32.8995685, 0.0 ], [ 74.967809, 32.8997284, 0.0 ], [ 74.9678399, 32.8998759, 0.0 ], [ 74.967856, 32.8999963, 0.0 ], [ 74.9678566, 32.9001208, 0.0 ], [ 74.9678506, 32.900306, 0.0 ], [ 74.9678358, 32.900449, 0.0 ], [ 74.967809, 32.9005717, 0.0 ], [ 74.9677715, 32.9006979, 0.0 ], [ 74.9677239, 32.9008391, 0.0 ], [ 74.9676918, 32.9009182, 0.0 ], [ 74.9676615, 32.9009929, 0.0 ], [ 74.967579, 32.9011713, 0.0 ], [ 74.9672833, 32.9017203, 0.0 ], [ 74.9669869, 32.9023272, 0.0 ], [ 74.9668488, 32.9026177, 0.0 ], [ 74.966708, 32.9029194, 0.0 ], [ 74.9665919, 32.9031579, 0.0 ], [ 74.9665551, 32.9032336, 0.0 ], [ 74.9664867, 32.9033879, 0.0 ], [ 74.9664398, 32.9035297, 0.0 ], [ 74.9663419, 32.9038822, 0.0 ], [ 74.9662963, 32.9040578, 0.0 ], [ 74.9662831, 32.9041096, 0.0 ], [ 74.966244, 32.9042639, 0.0 ], [ 74.9661863, 32.9044789, 0.0 ], [ 74.9659623, 32.9053335, 0.0 ], [ 74.9658698, 32.9056826, 0.0 ], [ 74.9658322, 32.9058875, 0.0 ], [ 74.9658121, 32.9060609, 0.0 ], [ 74.9658105, 32.9061, 0.0 ], [ 74.9658054, 32.9062286, 0.0 ], [ 74.9658054, 32.9064234, 0.0 ], [ 74.9658108, 32.9066396, 0.0 ], [ 74.9658322, 32.9068344, 0.0 ], [ 74.965851, 32.9069763, 0.0 ], [ 74.9658725, 32.9071035, 0.0 ], [ 74.9658993, 32.9072375, 0.0 ], [ 74.9659241, 32.9073473, 0.0 ], [ 74.965965, 32.9075032, 0.0 ], [ 74.9660052, 32.9076361, 0.0 ], [ 74.9660589, 32.9077802, 0.0 ], [ 74.9661233, 32.9079355, 0.0 ], [ 74.9661715, 32.9080515, 0.0 ], [ 74.9663767, 32.9085154, 0.0 ], [ 74.9665698, 32.9089275, 0.0 ], [ 74.9670862, 32.9100173, 0.0 ], [ 74.9671532, 32.9101851, 0.0 ], [ 74.9671988, 32.9103213, 0.0 ], [ 74.967231, 32.9104362, 0.0 ], [ 74.9672551, 32.9105566, 0.0 ], [ 74.9672779, 32.9107312, 0.0 ], [ 74.9672867, 32.9110042, 0.0 ], [ 74.967282, 32.9111099, 0.0 ], [ 74.9672779, 32.9112018, 0.0 ], [ 74.9672491, 32.9114005, 0.0 ], [ 74.9672136, 32.9115947, 0.0 ], [ 74.9671116, 32.9120383, 0.0 ], [ 74.9669174, 32.912906, 0.0 ], [ 74.9668401, 32.9132278, 0.0 ], [ 74.9667656, 32.9134929, 0.0 ], [ 74.9666792, 32.9137592, 0.0 ], [ 74.9665035, 32.914268, 0.0 ], [ 74.9664408, 32.914439, 0.0 ], [ 74.9661487, 32.9152357, 0.0 ], [ 74.9660763, 32.9154721, 0.0 ], [ 74.9660352, 32.9156282, 0.0 ], [ 74.96602, 32.915686, 0.0 ], [ 74.9660066, 32.9158752, 0.0 ], [ 74.9660173, 32.9161296, 0.0 ], [ 74.9660468, 32.9164651, 0.0 ], [ 74.9660897, 32.9169582, 0.0 ], [ 74.9661387, 32.9173212, 0.0 ], [ 74.9662031, 32.9176466, 0.0 ], [ 74.9663892, 32.9185026, 0.0 ], [ 74.9664558, 32.918809, 0.0 ], [ 74.9665095, 32.9190477, 0.0 ], [ 74.9665121, 32.9190592, 0.0 ], [ 74.9665739, 32.9193291, 0.0 ], [ 74.9666463, 32.919668, 0.0 ], [ 74.9666959, 32.9199032, 0.0 ], [ 74.9667388, 32.9200721, 0.0 ], [ 74.9667737, 32.9202185, 0.0 ], [ 74.96683, 32.9203986, 0.0 ], [ 74.9668837, 32.9205393, 0.0 ], [ 74.9669534, 32.9206879, 0.0 ], [ 74.9670216, 32.92082, 0.0 ], [ 74.9670446, 32.9208646, 0.0 ], [ 74.9671425, 32.9210267, 0.0 ], [ 74.9672525, 32.9212057, 0.0 ], [ 74.9673919, 32.9214185, 0.0 ], [ 74.9675287, 32.9216121, 0.0 ], [ 74.967636, 32.9217562, 0.0 ], [ 74.9677755, 32.9219172, 0.0 ], [ 74.9679364, 32.9220996, 0.0 ], [ 74.9680611, 32.9222335, 0.0 ], [ 74.9681966, 32.9223968, 0.0 ], [ 74.9683025, 32.9225352, 0.0 ], [ 74.9684246, 32.9227097, 0.0 ], [ 74.9685842, 32.922954, 0.0 ], [ 74.9687451, 32.9232163, 0.0 ], [ 74.9689141, 32.9234977, 0.0 ], [ 74.9690241, 32.923679, 0.0 ], [ 74.9691662, 32.9239221, 0.0 ], [ 74.9692655, 32.9241157, 0.0 ], [ 74.9693701, 32.9243251, 0.0 ], [ 74.9694827, 32.924539, 0.0 ], [ 74.9695511, 32.9247, 0.0 ], [ 74.9696182, 32.9248902, 0.0 ], [ 74.9696758, 32.9250895, 0.0 ], [ 74.969712, 32.9252516, 0.0 ], [ 74.9697348, 32.9253799, 0.0 ], [ 74.9697576, 32.9255544, 0.0 ], [ 74.9697744, 32.9257936, 0.0 ] ] } },
{ "type": "Feature", "properties": { "source_edge_id": "OSM_WAY_419337434", "osm_way_id": "419337434", "name": "nan" }, "geometry": { "type": "LineString", "coordinates": [ [ 74.9698964, 32.9260003, 0.0 ], [ 74.969893, 32.9259257, 0.0 ], [ 74.9698924, 32.9259127, 0.0 ], [ 74.9698797, 32.9256309, 0.0 ], [ 74.969863, 32.9254615, 0.0 ], [ 74.9698247, 32.9252786, 0.0 ], [ 74.9697791, 32.925076, 0.0 ], [ 74.9697281, 32.9248947, 0.0 ], [ 74.9696745, 32.9247405, 0.0 ], [ 74.9696155, 32.9245998, 0.0 ], [ 74.9695189, 32.9244062, 0.0 ], [ 74.9694277, 32.9242249, 0.0 ], [ 74.9693137, 32.9240111, 0.0 ], [ 74.9691769, 32.9237724, 0.0 ], [ 74.9690777, 32.923599, 0.0 ], [ 74.9689758, 32.9234201, 0.0 ], [ 74.9688075, 32.9231369, 0.0 ], [ 74.9686767, 32.9229292, 0.0 ], [ 74.9685171, 32.9226872, 0.0 ], [ 74.9684259, 32.92256, 0.0 ], [ 74.9683334, 32.9224339, 0.0 ], [ 74.9682181, 32.9222842, 0.0 ], [ 74.9680772, 32.9221266, 0.0 ], [ 74.967813, 32.921835, 0.0 ], [ 74.9676561, 32.9216493, 0.0 ], [ 74.9675314, 32.9214815, 0.0 ], [ 74.9674429, 32.9213622, 0.0 ], [ 74.9673383, 32.9211843, 0.0 ], [ 74.9671197, 32.9207903, 0.0 ], [ 74.9669883, 32.9205202, 0.0 ], [ 74.9669024, 32.9202882, 0.0 ], [ 74.9668407, 32.9200608, 0.0 ], [ 74.9667656, 32.9196983, 0.0 ], [ 74.9666718, 32.9192661, 0.0 ], [ 74.9665993, 32.9189418, 0.0 ], [ 74.9665403, 32.9186018, 0.0 ], [ 74.9664277, 32.9180435, 0.0 ], [ 74.9663472, 32.9176359, 0.0 ], [ 74.9662748, 32.9172982, 0.0 ], [ 74.9662346, 32.9169762, 0.0 ], [ 74.9662051, 32.9166407, 0.0 ], [ 74.9661675, 32.9162197, 0.0 ], [ 74.966146, 32.9159697, 0.0 ], [ 74.9661407, 32.9157671, 0.0 ], [ 74.9661675, 32.9155982, 0.0 ], [ 74.9662024, 32.9154361, 0.0 ], [ 74.9663767, 32.9149317, 0.0 ], [ 74.966391, 32.9148909, 0.0 ], [ 74.9666339, 32.9141984, 0.0 ], [ 74.9668133, 32.9136871, 0.0 ], [ 74.9669427, 32.9132677, 0.0 ], [ 74.9670231, 32.9129322, 0.0 ], [ 74.9671142, 32.9125211, 0.0 ], [ 74.9671437, 32.9123943, 0.0 ], [ 74.967174, 32.912264, 0.0 ], [ 74.9672887, 32.9117568, 0.0 ], [ 74.967345, 32.9114596, 0.0 ], [ 74.9673866, 32.9112097, 0.0 ], [ 74.9673933, 32.9110115, 0.0 ], [ 74.9673879, 32.9108088, 0.0 ], [ 74.9673758, 32.9106782, 0.0 ], [ 74.9673484, 32.9105245, 0.0 ], [ 74.9673128, 32.9103641, 0.0 ], [ 74.9672612, 32.9101924, 0.0 ], [ 74.9671707, 32.909996, 0.0 ], [ 74.966822, 32.909245, 0.0 ], [ 74.9665752, 32.9087361, 0.0 ], [ 74.9664344, 32.9084208, 0.0 ], [ 74.9663271, 32.9081799, 0.0 ], [ 74.9662372, 32.9079693, 0.0 ], [ 74.9661665, 32.9077942, 0.0 ], [ 74.9660991, 32.907627, 0.0 ], [ 74.9660347, 32.9073917, 0.0 ], [ 74.9659932, 32.9072352, 0.0 ], [ 74.9659663, 32.907108, 0.0 ], [ 74.9659435, 32.9069695, 0.0 ], [ 74.9659275, 32.9068107, 0.0 ], [ 74.9659127, 32.9066587, 0.0 ], [ 74.9659033, 32.9064741, 0.0 ], [ 74.9659047, 32.9063435, 0.0 ], [ 74.965906, 32.9061712, 0.0 ], [ 74.9659234, 32.9059832, 0.0 ], [ 74.9659422, 32.9058222, 0.0 ], [ 74.9660019, 32.9055131, 0.0 ], [ 74.966197, 32.9048167, 0.0 ], [ 74.9663774, 32.9041197, 0.0 ], [ 74.9664137, 32.903984, 0.0 ], [ 74.9665014, 32.9036558, 0.0 ], [ 74.9665484, 32.9035027, 0.0 ], [ 74.9665833, 32.9034059, 0.0 ], [ 74.9666329, 32.9032843, 0.0 ], [ 74.9670229, 32.902538, 0.0 ], [ 74.9671264, 32.90234, 0.0 ], [ 74.9672143, 32.9021509, 0.0 ], [ 74.9673996, 32.901791, 0.0 ], [ 74.9674384, 32.901714, 0.0 ], [ 74.9676289, 32.9013358, 0.0 ], [ 74.9676635, 32.901267, 0.0 ], [ 74.9677339, 32.9011325, 0.0 ], [ 74.9677983, 32.9009929, 0.0 ], [ 74.9678546, 32.900842, 0.0 ], [ 74.9679063, 32.9006804, 0.0 ], [ 74.9679351, 32.9005425, 0.0 ], [ 74.9679592, 32.9004096, 0.0 ], [ 74.9679659, 32.9002902, 0.0 ], [ 74.9679713, 32.900181, 0.0 ], [ 74.9679659, 32.9000763, 0.0 ], [ 74.9679552, 32.8999524, 0.0 ], [ 74.9679431, 32.8998545, 0.0 ], [ 74.9679136, 32.899725, 0.0 ], [ 74.9678788, 32.8995989, 0.0 ], [ 74.9678643, 32.8995568, 0.0 ], [ 74.9678439, 32.8994975, 0.0 ], [ 74.9678017, 32.8993956, 0.0 ], [ 74.9677514, 32.899287, 0.0 ], [ 74.9676843, 32.8991608, 0.0 ], [ 74.9676052, 32.8990291, 0.0 ], [ 74.9674369, 32.8988146, 0.0 ], [ 74.967227, 32.8985607, 0.0 ], [ 74.9670339, 32.8983118, 0.0 ], [ 74.9669467, 32.8981711, 0.0 ], [ 74.9668635, 32.8980202, 0.0 ], [ 74.9668032, 32.8978974, 0.0 ], [ 74.9667257, 32.8977059, 0.0 ], [ 74.9667087, 32.8976638, 0.0 ], [ 74.9666363, 32.8972775, 0.0 ], [ 74.9666262, 32.8970608, 0.0 ], [ 74.9666128, 32.896464, 0.0 ], [ 74.9666074, 32.8960158, 0.0 ], [ 74.9665993, 32.8956712, 0.0 ], [ 74.9665672, 32.8954663, 0.0 ], [ 74.9664867, 32.895241, 0.0 ], [ 74.9664143, 32.8950857, 0.0 ], [ 74.966256, 32.8948559, 0.0 ], [ 74.9661273, 32.8947095, 0.0 ], [ 74.9659529, 32.8945519, 0.0 ], [ 74.9657679, 32.894419, 0.0 ], [ 74.96567, 32.8943582, 0.0 ], [ 74.9655265, 32.8942895, 0.0 ], [ 74.9653159, 32.8942005, 0.0 ], [ 74.9651805, 32.89416, 0.0 ], [ 74.9650316, 32.894124, 0.0 ], [ 74.9648559, 32.8940992, 0.0 ], [ 74.9646896, 32.8940778, 0.0 ], [ 74.964522, 32.8940677, 0.0 ], [ 74.9643369, 32.8940508, 0.0 ], [ 74.9641505, 32.8940328, 0.0 ], [ 74.9639828, 32.8940204, 0.0 ], [ 74.9638568, 32.893999, 0.0 ], [ 74.9637213, 32.8939641, 0.0 ], [ 74.96361, 32.8939224, 0.0 ], [ 74.9635027, 32.8938695, 0.0 ], [ 74.9633995, 32.8938042, 0.0 ] ] } },
{ "type": "Feature", "properties": { "source_edge_id": "OSM_WAY_608852925", "osm_way_id": "608852925", "name": "Udhampur Bypass" }, "geometry": { "type": "LineString", "coordinates": [ [ 75.1381681, 32.9105335, 0.0 ], [ 75.1383588, 32.9111144, 0.0 ] ] } },
{ "type": "Feature", "properties": { "source_edge_id": "OSM_WAY_419337524", "osm_way_id": "419337524", "name": "Udhampur Bypass" }, "geometry": { "type": "LineString", "coordinates": [ [ 75.1514954, 32.9371326, 0.0 ], [ 75.1515863, 32.9370504, 0.0 ], [ 75.1516852, 32.9369884, 0.0 ], [ 75.1518966, 32.9368549, 0.0 ], [ 75.1520178, 32.9367633, 0.0 ], [ 75.1521277, 32.9366643, 0.0 ], [ 75.1521988, 32.9365884, 0.0 ], [ 75.1522538, 32.9365146, 0.0 ], [ 75.152294, 32.9364482, 0.0 ], [ 75.1523209, 32.9363919, 0.0 ], [ 75.1523504, 32.9362917, 0.0 ], [ 75.1523692, 32.9361803, 0.0 ], [ 75.1523745, 32.936106, 0.0 ], [ 75.1523826, 32.9355297, 0.0 ], [ 75.1523692, 32.9344514, 0.0 ], [ 75.1523718, 32.9338324, 0.0 ], [ 75.1523343, 32.9333281, 0.0 ], [ 75.1521841, 32.9324254, 0.0 ], [ 75.1521358, 32.9321935, 0.0 ], [ 75.1520929, 32.9320224, 0.0 ], [ 75.1519722, 32.931723, 0.0 ], [ 75.151881, 32.9315721, 0.0 ], [ 75.1517254, 32.9313425, 0.0 ], [ 75.151535, 32.9311286, 0.0 ], [ 75.1513655, 32.9309731, 0.0 ], [ 75.1512685, 32.9308964, 0.0 ], [ 75.1511308, 32.9307931, 0.0 ], [ 75.1510092, 32.9307122, 0.0 ], [ 75.1508818, 32.9306503, 0.0 ], [ 75.1507744, 32.9306025, 0.0 ], [ 75.1506865, 32.9305699, 0.0 ], [ 75.150499, 32.9305113, 0.0 ], [ 75.150074, 32.9304166, 0.0 ], [ 75.1492314, 32.9302195, 0.0 ], [ 75.1483048, 32.9299636, 0.0 ], [ 75.1478276, 32.929851, 0.0 ], [ 75.1474417, 32.929778, 0.0 ], [ 75.1472999, 32.9297209, 0.0 ], [ 75.147066, 32.9295864, 0.0 ], [ 75.1467318, 32.929368, 0.0 ], [ 75.1464577, 32.9291654, 0.0 ], [ 75.1459372, 32.9287175, 0.0 ], [ 75.1453194, 32.9281661, 0.0 ], [ 75.145222, 32.9280628, 0.0 ], [ 75.1451017, 32.927913, 0.0 ], [ 75.14499, 32.9277279, 0.0 ], [ 75.1449154, 32.9275746, 0.0 ], [ 75.1448577, 32.9274184, 0.0 ], [ 75.1448099, 32.9272537, 0.0 ], [ 75.1447902, 32.9270691, 0.0 ], [ 75.1447818, 32.9268998, 0.0 ], [ 75.1447969, 32.9267248, 0.0 ], [ 75.1449224, 32.9262391, 0.0 ], [ 75.1450063, 32.9259049, 0.0 ], [ 75.1451104, 32.9255197, 0.0 ], [ 75.14517, 32.9253051, 0.0 ], [ 75.1452486, 32.9250575, 0.0 ], [ 75.1453637, 32.9247731, 0.0 ], [ 75.14551, 32.9244959, 0.0 ], [ 75.1456631, 32.9242245, 0.0 ], [ 75.1459856, 32.9237562, 0.0 ], [ 75.1463261, 32.9233633, 0.0 ], [ 75.1472515, 32.9224219, 0.0 ], [ 75.1474761, 32.9221397, 0.0 ], [ 75.1475419, 32.9220029, 0.0 ], [ 75.147576, 32.9217896, 0.0 ], [ 75.1475443, 32.9216262, 0.0 ], [ 75.1463313, 32.9191153, 0.0 ], [ 75.1460787, 32.9188324, 0.0 ], [ 75.1457597, 32.9186079, 0.0 ], [ 75.1452959, 32.9184919, 0.0 ], [ 75.1443065, 32.9183417, 0.0 ], [ 75.1440496, 32.9182852, 0.0 ], [ 75.1438611, 32.9181916, 0.0 ], [ 75.1436153, 32.9180005, 0.0 ], [ 75.1426702, 32.9170838, 0.0 ], [ 75.1423282, 32.9167664, 0.0 ], [ 75.141714, 32.9161111, 0.0 ], [ 75.1414619, 32.9157813, 0.0 ], [ 75.1413385, 32.9155449, 0.0 ], [ 75.1411749, 32.9151508, 0.0 ], [ 75.1410507, 32.9147748, 0.0 ], [ 75.1409536, 32.914481, 0.0 ], [ 75.1406827, 32.9139664, 0.0 ], [ 75.1404252, 32.9136118, 0.0 ], [ 75.1397238, 32.9129205, 0.0 ], [ 75.1393094, 32.9124916, 0.0 ], [ 75.1388534, 32.9117981, 0.0 ], [ 75.1386536, 32.9114119, 0.0 ], [ 75.1385081, 32.9110863, 0.0 ] ] } },
{ "type": "Feature", "properties": { "source_edge_id": "OSM_WAY_1021624777", "osm_way_id": "1021624777", "name": "Udhampur Bypass" }, "geometry": { "type": "LineString", "coordinates": [ [ 75.1383588, 32.9111144, 0.0 ], [ 75.1385356, 32.9115121, 0.0 ], [ 75.1388575, 32.9120683, 0.0 ], [ 75.1392491, 32.9126019, 0.0 ], [ 75.139579, 32.9129667, 0.0 ], [ 75.1399853, 32.9133506, 0.0 ], [ 75.1403608, 32.9137289, 0.0 ], [ 75.1405888, 32.9140385, 0.0 ], [ 75.1408088, 32.9144663, 0.0 ], [ 75.1409213, 32.914802, 0.0 ], [ 75.1411427, 32.9154627, 0.0 ], [ 75.1412969, 32.9157498, 0.0 ], [ 75.1415973, 32.9161708, 0.0 ], [ 75.142174, 32.9168294, 0.0 ], [ 75.1432751, 32.9178742, 0.0 ], [ 75.1436506, 32.9182029, 0.0 ], [ 75.1438987, 32.9183582, 0.0 ], [ 75.1441666, 32.9184331, 0.0 ], [ 75.1444428, 32.9184773, 0.0 ], [ 75.1452894, 32.9185906, 0.0 ], [ 75.1456904, 32.9186836, 0.0 ], [ 75.1459775, 32.918872, 0.0 ], [ 75.1462315, 32.9191411, 0.0 ], [ 75.1463998, 32.9195155, 0.0 ], [ 75.1473493, 32.9214057, 0.0 ], [ 75.1474472, 32.9216714, 0.0 ], [ 75.1474658, 32.9218585, 0.0 ], [ 75.1474413, 32.9219796, 0.0 ], [ 75.1473921, 32.9220827, 0.0 ], [ 75.1471085, 32.9224038, 0.0 ], [ 75.146149, 32.9233543, 0.0 ], [ 75.1458255, 32.92379, 0.0 ], [ 75.1457076, 32.9239484, 0.0 ], [ 75.1455864, 32.9241295, 0.0 ], [ 75.1453912, 32.9244748, 0.0 ], [ 75.1452763, 32.9246903, 0.0 ], [ 75.1451918, 32.9248917, 0.0 ], [ 75.145104, 32.9251544, 0.0 ], [ 75.1450162, 32.9254313, 0.0 ], [ 75.144744, 32.9264723, 0.0 ], [ 75.1446967, 32.9266784, 0.0 ], [ 75.1446697, 32.9268788, 0.0 ], [ 75.1446703, 32.9270398, 0.0 ], [ 75.144693, 32.9272334, 0.0 ], [ 75.1447325, 32.9274299, 0.0 ], [ 75.1447815, 32.9275671, 0.0 ], [ 75.1448441, 32.9277156, 0.0 ], [ 75.1449344, 32.9278647, 0.0 ], [ 75.1450572, 32.9280385, 0.0 ], [ 75.1451794, 32.9281878, 0.0 ], [ 75.145964, 32.9288931, 0.0 ], [ 75.1463987, 32.9292629, 0.0 ], [ 75.1468036, 32.9295483, 0.0 ], [ 75.1471309, 32.9297564, 0.0 ], [ 75.1473834, 32.9298807, 0.0 ], [ 75.1475182, 32.9299347, 0.0 ], [ 75.1481956, 32.9300751, 0.0 ], [ 75.1486672, 32.9301708, 0.0 ], [ 75.1491552, 32.9303049, 0.0 ], [ 75.1497775, 32.9304627, 0.0 ], [ 75.1502512, 32.9305548, 0.0 ], [ 75.1504594, 32.9306109, 0.0 ], [ 75.1506512, 32.9306829, 0.0 ], [ 75.1508476, 32.9307808, 0.0 ], [ 75.1510173, 32.9308788, 0.0 ], [ 75.1511313, 32.9309643, 0.0 ], [ 75.1512587, 32.9310589, 0.0 ], [ 75.1514787, 32.9312547, 0.0 ], [ 75.1516517, 32.9314619, 0.0 ], [ 75.1517838, 32.9316667, 0.0 ], [ 75.1518863, 32.9318716, 0.0 ], [ 75.1519614, 32.9320922, 0.0 ], [ 75.1520312, 32.9323488, 0.0 ], [ 75.1522029, 32.9332763, 0.0 ], [ 75.1522485, 32.9337018, 0.0 ], [ 75.1522396, 32.9338864, 0.0 ], [ 75.152243, 32.9344942, 0.0 ], [ 75.1522243, 32.9353181, 0.0 ], [ 75.1522109, 32.9357931, 0.0 ], [ 75.1522122, 32.9360666, 0.0 ], [ 75.1521968, 32.9362191, 0.0 ], [ 75.1521734, 32.9363266, 0.0 ], [ 75.1521331, 32.9364279, 0.0 ], [ 75.1520768, 32.9365247, 0.0 ], [ 75.1520124, 32.9366069, 0.0 ], [ 75.1519373, 32.9366823, 0.0 ], [ 75.1518301, 32.9367633, 0.0 ], [ 75.1517544, 32.9368082, 0.0 ], [ 75.1516745, 32.9368556, 0.0 ], [ 75.1516021, 32.9368916, 0.0 ], [ 75.1514894, 32.9369569, 0.0 ], [ 75.1514723, 32.9369717, 0.0 ], [ 75.1514116, 32.9370244, 0.0 ], [ 75.1513459, 32.9371055, 0.0 ] ] } },
{ "type": "Feature", "properties": { "source_edge_id": "OSM_WAY_1021624771", "osm_way_id": "1021624771", "name": "Udhampur Bypass" }, "geometry": { "type": "LineString", "coordinates": [ [ 75.1547667, 32.9438723, 0.0 ], [ 75.1546964, 32.942995, 0.0 ], [ 75.1547255, 32.9426232, 0.0 ], [ 75.1547936, 32.9421868, 0.0 ], [ 75.1548032, 32.9420208, 0.0 ], [ 75.1547679, 32.9418468, 0.0 ], [ 75.1546879, 32.9416458, 0.0 ], [ 75.1545283, 32.9414174, 0.0 ], [ 75.1543902, 32.9412137, 0.0 ], [ 75.1543567, 32.9410043, 0.0 ], [ 75.1543325, 32.9406565, 0.0 ], [ 75.1542722, 32.9402784, 0.0 ], [ 75.1542293, 32.9400071, 0.0 ], [ 75.1540616, 32.9396042, 0.0 ], [ 75.1539074, 32.9393307, 0.0 ], [ 75.1536351, 32.939011, 0.0 ], [ 75.1534125, 32.9388141, 0.0 ], [ 75.1531993, 32.9386565, 0.0 ], [ 75.1525153, 32.9382727, 0.0 ], [ 75.1516429, 32.937742, 0.0 ], [ 75.1515243, 32.9376311, 0.0 ], [ 75.1514786, 32.9375796, 0.0 ], [ 75.1514437, 32.9375282, 0.0 ], [ 75.1514237, 32.9374527, 0.0 ], [ 75.151417, 32.9373565, 0.0 ], [ 75.1514223, 32.9372864, 0.0 ], [ 75.1514438, 32.9372163, 0.0 ], [ 75.1514954, 32.9371326, 0.0 ] ] } },
{ "type": "Feature", "properties": { "source_edge_id": "OSM_WAY_608852927", "osm_way_id": "608852927", "name": "Udhampur Bypass" }, "geometry": { "type": "LineString", "coordinates": [ [ 75.1513459, 32.9371055, 0.0 ], [ 75.1512828, 32.9372293, 0.0 ], [ 75.151275, 32.9372547, 0.0 ], [ 75.1512386, 32.9373734, 0.0 ], [ 75.1512372, 32.9375017, 0.0 ], [ 75.1513003, 32.9376019, 0.0 ], [ 75.1514518, 32.9377605, 0.0 ], [ 75.1516101, 32.937908, 0.0 ], [ 75.152353, 32.9383008, 0.0 ], [ 75.1529431, 32.9386531, 0.0 ], [ 75.153269, 32.9388726, 0.0 ], [ 75.1533978, 32.9389694, 0.0 ], [ 75.1535225, 32.9390853, 0.0 ], [ 75.1537304, 32.9393521, 0.0 ], [ 75.1538551, 32.9395569, 0.0 ], [ 75.1539771, 32.9398034, 0.0 ], [ 75.1540656, 32.940015, 0.0 ], [ 75.1541314, 32.9402435, 0.0 ], [ 75.1541783, 32.9408175, 0.0 ], [ 75.1541997, 32.9410673, 0.0 ], [ 75.1542494, 32.9412103, 0.0 ], [ 75.1543325, 32.9414005, 0.0 ], [ 75.1544398, 32.9415929, 0.0 ], [ 75.1544854, 32.9417494, 0.0 ], [ 75.154476, 32.9419328, 0.0 ], [ 75.1543917, 32.9423446, 0.0 ], [ 75.1543677, 32.9424881, 0.0 ], [ 75.1543744, 32.9426844, 0.0 ], [ 75.1543996, 32.9428377, 0.0 ], [ 75.1545216, 32.9434759, 0.0 ], [ 75.154539, 32.9436942, 0.0 ], [ 75.1545714, 32.9439373, 0.0 ] ] } },
{ "type": "Feature", "properties": { "source_edge_id": "OSM_WAY_1021624768", "osm_way_id": "1021624768", "name": "Udhampur Bypass" }, "geometry": { "type": "LineString", "coordinates": [ [ 75.1548823, 32.9448921, 0.0 ], [ 75.1547667, 32.9438723, 0.0 ] ] } },
{ "type": "Feature", "properties": { "source_edge_id": "OSM_WAY_1021624769", "osm_way_id": "1021624769", "name": "Udhampur Bypass" }, "geometry": { "type": "LineString", "coordinates": [ [ 75.1545714, 32.9439373, 0.0 ], [ 75.1547017, 32.9448342, 0.0 ] ] } },
{ "type": "Feature", "properties": { "source_edge_id": "OSM_WAY_1021624770", "osm_way_id": "1021624770", "name": "Udhampur Bypass" }, "geometry": { "type": "LineString", "coordinates": [ [ 75.1547017, 32.9448342, 0.0 ], [ 75.1547177, 32.9450667, 0.0 ], [ 75.1546866, 32.9452203, 0.0 ], [ 75.1546437, 32.945361, 0.0 ], [ 75.1544908, 32.9456784, 0.0 ], [ 75.1544613, 32.9458134, 0.0 ], [ 75.1544371, 32.9460025, 0.0 ], [ 75.1544505, 32.9462929, 0.0 ], [ 75.1545055, 32.9465067, 0.0 ], [ 75.1546463, 32.9466733, 0.0 ], [ 75.1548757, 32.9468815, 0.0 ], [ 75.1550969, 32.9469839, 0.0 ], [ 75.155278, 32.9470244, 0.0 ], [ 75.15551, 32.9470323, 0.0 ], [ 75.1557729, 32.9470424, 0.0 ], [ 75.1559566, 32.9470863, 0.0 ], [ 75.1561873, 32.9471707, 0.0 ], [ 75.1563388, 32.9472877, 0.0 ], [ 75.1564193, 32.9474082, 0.0 ], [ 75.1564836, 32.9475758, 0.0 ], [ 75.1564836, 32.9477188, 0.0 ], [ 75.1564582, 32.9479078, 0.0 ], [ 75.1563509, 32.9485212, 0.0 ], [ 75.1563469, 32.9489916, 0.0 ], [ 75.1563643, 32.9492223, 0.0 ], [ 75.1564193, 32.9494249, 0.0 ], [ 75.156548, 32.9497017, 0.0 ], [ 75.1567559, 32.9500123, 0.0 ], [ 75.1570281, 32.9504298, 0.0 ], [ 75.1571341, 32.9506054, 0.0 ], [ 75.1572186, 32.950934, 0.0 ], [ 75.1572402, 32.9512326, 0.0 ], [ 75.1572178, 32.9514356, 0.0 ] ] } },
{ "type": "Feature", "properties": { "source_edge_id": "OSM_WAY_1021624778", "osm_way_id": "1021624778", "name": "Udhampur Bypass" }, "geometry": { "type": "LineString", "coordinates": [ [ 75.1573953, 32.9514596, 0.0 ], [ 75.1574197, 32.9511017, 0.0 ], [ 75.1573353, 32.9507843, 0.0 ], [ 75.1572575, 32.9505638, 0.0 ], [ 75.1569866, 32.9501271, 0.0 ], [ 75.156666, 32.9496229, 0.0 ], [ 75.1565373, 32.9493889, 0.0 ], [ 75.156485, 32.949184, 0.0 ], [ 75.1564582, 32.9489713, 0.0 ], [ 75.1564635, 32.948717, 0.0 ], [ 75.156548, 32.9481363, 0.0 ], [ 75.156599, 32.947748, 0.0 ], [ 75.1566057, 32.9475533, 0.0 ], [ 75.1565829, 32.9474363, 0.0 ], [ 75.1565172, 32.9472934, 0.0 ], [ 75.1563777, 32.9471482, 0.0 ], [ 75.1562355, 32.9470368, 0.0 ], [ 75.1560076, 32.9469265, 0.0 ], [ 75.1558144, 32.9468815, 0.0 ], [ 75.1554926, 32.9468646, 0.0 ], [ 75.1551104, 32.9468308, 0.0 ], [ 75.1549347, 32.9467453, 0.0 ], [ 75.1547523, 32.9466181, 0.0 ], [ 75.1546463, 32.9464921, 0.0 ], [ 75.154586, 32.9462805, 0.0 ], [ 75.1545256, 32.9460261, 0.0 ], [ 75.1545189, 32.9458483, 0.0 ], [ 75.1545565, 32.9457189, 0.0 ], [ 75.154788, 32.9453368, 0.0 ], [ 75.1548254, 32.9452597, 0.0 ], [ 75.1548469, 32.9452013, 0.0 ], [ 75.1548611, 32.9451489, 0.0 ], [ 75.1548838, 32.9450209, 0.0 ], [ 75.1548823, 32.9448921, 0.0 ] ] } },
{ "type": "Feature", "properties": { "source_edge_id": "OSM_WAY_1021624773", "osm_way_id": "1021624773", "name": "Udhampur Bypass" }, "geometry": { "type": "LineString", "coordinates": [ [ 75.1572178, 32.9514356, 0.0 ], [ 75.157165, 32.9516045, 0.0 ], [ 75.157108, 32.9517877, 0.0 ], [ 75.1570834, 32.9519255, 0.0 ], [ 75.1570767, 32.9520367, 0.0 ], [ 75.1570803, 32.9521411, 0.0 ] ] } },
{ "type": "Feature", "properties": { "source_edge_id": "OSM_WAY_1021624772", "osm_way_id": "1021624772", "name": "Udhampur Bypass" }, "geometry": { "type": "LineString", "coordinates": [ [ 75.1573041, 32.9521691, 0.0 ], [ 75.157292, 32.9520158, 0.0 ], [ 75.1572926, 32.9519089, 0.0 ], [ 75.157311, 32.9517952, 0.0 ], [ 75.1573604, 32.9516036, 0.0 ], [ 75.1573953, 32.9514596, 0.0 ] ] } },
{ "type": "Feature", "properties": { "source_edge_id": "OSM_WAY_1021624775", "osm_way_id": "1021624775", "name": "Udhampur Bypass" }, "geometry": { "type": "LineString", "coordinates": [ [ 75.1581083, 32.9533141, 0.0 ], [ 75.1574233, 32.9524749, 0.0 ], [ 75.1573772, 32.9523801, 0.0 ], [ 75.1573356, 32.9522732, 0.0 ], [ 75.1573041, 32.9521691, 0.0 ] ] } },
{ "type": "Feature", "properties": { "source_edge_id": "OSM_WAY_1021624774", "osm_way_id": "1021624774", "name": "Udhampur Bypass" }, "geometry": { "type": "LineString", "coordinates": [ [ 75.1570803, 32.9521411, 0.0 ], [ 75.1571032, 32.9522799, 0.0 ], [ 75.157185, 32.9524274, 0.0 ], [ 75.1574828, 32.9528494, 0.0 ], [ 75.1579422, 32.9534515, 0.0 ] ] } },
{ "type": "Feature", "properties": { "source_edge_id": "OSM_WAY_1243062090", "osm_way_id": "1243062090", "name": "nan" }, "geometry": { "type": "LineString", "coordinates": [ [ 75.1589606, 32.9545404, 0.0 ], [ 75.1588131, 32.9542512, 0.0 ], [ 75.1586495, 32.9539789, 0.0 ], [ 75.158399, 32.9536311, 0.0 ], [ 75.1581083, 32.9533141, 0.0 ] ] } },
{ "type": "Feature", "properties": { "source_edge_id": "OSM_WAY_1243062089", "osm_way_id": "1243062089", "name": "nan" }, "geometry": { "type": "LineString", "coordinates": [ [ 75.1579422, 32.9534515, 0.0 ], [ 75.1581862, 32.9537641, 0.0 ], [ 75.1584211, 32.9540987, 0.0 ], [ 75.1586255, 32.9544943, 0.0 ] ] } },
{ "type": "Feature", "properties": { "source_edge_id": "OSM_WAY_239956567", "osm_way_id": "239956567", "name": "nan" }, "geometry": { "type": "LineString", "coordinates": [ [ 75.1586255, 32.9544943, 0.0 ], [ 75.1587337, 32.9546865, 0.0 ], [ 75.158865, 32.9549093, 0.0 ], [ 75.1589814, 32.9550764, 0.0 ], [ 75.1590718, 32.9551797, 0.0 ], [ 75.1591507, 32.9552626, 0.0 ], [ 75.1592595, 32.9553593, 0.0 ], [ 75.1593628, 32.955436, 0.0 ], [ 75.1595835, 32.9555722, 0.0 ], [ 75.1598628, 32.9557126, 0.0 ], [ 75.1601015, 32.9558374, 0.0 ], [ 75.1601876, 32.9558805, 0.0 ], [ 75.1602679, 32.9559184, 0.0 ], [ 75.1603376, 32.9559419, 0.0 ], [ 75.160419, 32.9559639, 0.0 ], [ 75.160495, 32.9559758, 0.0 ], [ 75.1605697, 32.9559811, 0.0 ], [ 75.1606596, 32.955985, 0.0 ], [ 75.1607636, 32.9559787, 0.0 ], [ 75.1608574, 32.9559653, 0.0 ], [ 75.1609432, 32.9559537, 0.0 ], [ 75.1610021, 32.955955, 0.0 ], [ 75.161064, 32.9559638, 0.0 ], [ 75.1611311, 32.9559779, 0.0 ], [ 75.1612079, 32.9560048, 0.0 ], [ 75.1613071, 32.9560494, 0.0 ], [ 75.1614333, 32.9561352, 0.0 ], [ 75.161574, 32.9562499, 0.0 ], [ 75.1617087, 32.9563482, 0.0 ], [ 75.1618122, 32.956427, 0.0 ], [ 75.161888, 32.9564872, 0.0 ], [ 75.1619532, 32.9565443, 0.0 ], [ 75.1620108, 32.9566069, 0.0 ], [ 75.1620582, 32.956671, 0.0 ], [ 75.1621184, 32.9567621, 0.0 ], [ 75.1621634, 32.956856, 0.0 ], [ 75.1622069, 32.9569514, 0.0 ], [ 75.1622487, 32.957044, 0.0 ], [ 75.1623429, 32.9572677, 0.0 ], [ 75.1624629, 32.9575307, 0.0 ], [ 75.1625733, 32.9577437, 0.0 ], [ 75.1626205, 32.9578209, 0.0 ], [ 75.1626727, 32.9578867, 0.0 ], [ 75.1627148, 32.9579328, 0.0 ], [ 75.1627621, 32.9579733, 0.0 ], [ 75.1628278, 32.9580237, 0.0 ], [ 75.1629156, 32.9580827, 0.0 ], [ 75.1629881, 32.9581291, 0.0 ], [ 75.1630581, 32.9581763, 0.0 ], [ 75.1631315, 32.9582293, 0.0 ], [ 75.1631996, 32.9582821, 0.0 ], [ 75.1632873, 32.9583551, 0.0 ], [ 75.1633597, 32.9584196, 0.0 ], [ 75.1634218, 32.9584894, 0.0 ], [ 75.1634872, 32.9585804, 0.0 ], [ 75.1635563, 32.9586785, 0.0 ], [ 75.1636237, 32.9587822, 0.0 ], [ 75.1637416, 32.9589598, 0.0 ], [ 75.1638684, 32.9591434, 0.0 ], [ 75.163996, 32.9593374, 0.0 ], [ 75.1640924, 32.9594944, 0.0 ], [ 75.1642027, 32.9596691, 0.0 ], [ 75.1642666, 32.9597781, 0.0 ], [ 75.1642982, 32.9598448, 0.0 ], [ 75.1643185, 32.9599087, 0.0 ], [ 75.1643269, 32.9599619, 0.0 ], [ 75.1643303, 32.9600165, 0.0 ], [ 75.1643317, 32.9600748, 0.0 ], [ 75.164328, 32.9601388, 0.0 ], [ 75.1643196, 32.9601969, 0.0 ], [ 75.1643053, 32.9602571, 0.0 ], [ 75.1642791, 32.9603244, 0.0 ], [ 75.1642049, 32.960492, 0.0 ], [ 75.164119, 32.9606703, 0.0 ], [ 75.1640077, 32.9608912, 0.0 ], [ 75.1638918, 32.9611184, 0.0 ], [ 75.1638117, 32.9612534, 0.0 ], [ 75.1637463, 32.9613521, 0.0 ], [ 75.1636893, 32.9614338, 0.0 ], [ 75.1635852, 32.9615497, 0.0 ], [ 75.1634503, 32.9616751, 0.0 ], [ 75.1632855, 32.9618207, 0.0 ], [ 75.16308, 32.9619918, 0.0 ], [ 75.1629611, 32.9621087, 0.0 ], [ 75.1628995, 32.9621916, 0.0 ], [ 75.1628698, 32.9622398, 0.0 ], [ 75.1628466, 32.9623021, 0.0 ] ] } },
{ "type": "Feature", "properties": { "source_edge_id": "OSM_WAY_1243062091", "osm_way_id": "1243062091", "name": "nan" }, "geometry": { "type": "LineString", "coordinates": [ [ 75.1630436, 32.9622699, 0.0 ], [ 75.163058, 32.9622295, 0.0 ], [ 75.1630789, 32.962191, 0.0 ], [ 75.1631285, 32.9621337, 0.0 ], [ 75.1631768, 32.9620864, 0.0 ], [ 75.1632331, 32.9620324, 0.0 ], [ 75.1633632, 32.9619142, 0.0 ], [ 75.1635416, 32.96175, 0.0 ], [ 75.1637038, 32.9616037, 0.0 ], [ 75.163791, 32.961508, 0.0 ], [ 75.1638701, 32.9614079, 0.0 ], [ 75.1639305, 32.9613224, 0.0 ], [ 75.1640002, 32.9612076, 0.0 ], [ 75.1640713, 32.9610737, 0.0 ], [ 75.1642041, 32.9607958, 0.0 ], [ 75.1643865, 32.9604042, 0.0 ], [ 75.1644415, 32.9602646, 0.0 ], [ 75.164471, 32.9601735, 0.0 ], [ 75.1644871, 32.960088, 0.0 ], [ 75.1644911, 32.9600047, 0.0 ], [ 75.1644817, 32.9599192, 0.0 ], [ 75.1644575, 32.9598404, 0.0 ], [ 75.1644075, 32.9597309, 0.0 ], [ 75.164078, 32.959178, 0.0 ], [ 75.1637654, 32.9587158, 0.0 ], [ 75.1635779, 32.9584422, 0.0 ], [ 75.1634951, 32.9583373, 0.0 ], [ 75.1634343, 32.9582763, 0.0 ], [ 75.1633785, 32.9582253, 0.0 ], [ 75.163321, 32.9581785, 0.0 ], [ 75.1632247, 32.9581133, 0.0 ], [ 75.1630912, 32.9580296, 0.0 ], [ 75.1629814, 32.957963, 0.0 ], [ 75.1629155, 32.9579133, 0.0 ], [ 75.1628513, 32.9578609, 0.0 ], [ 75.1627922, 32.9578056, 0.0 ], [ 75.1627398, 32.9577475, 0.0 ], [ 75.1626975, 32.9576851, 0.0 ], [ 75.162657, 32.9576128, 0.0 ], [ 75.1625032, 32.9572598, 0.0 ], [ 75.1622819, 32.9567706, 0.0 ], [ 75.1622194, 32.9566373, 0.0 ], [ 75.1621535, 32.9565324, 0.0 ], [ 75.1620977, 32.9564587, 0.0 ], [ 75.1620487, 32.9564077, 0.0 ], [ 75.1619845, 32.956358, 0.0 ], [ 75.1617756, 32.9562115, 0.0 ], [ 75.1616372, 32.9561097, 0.0 ], [ 75.1614669, 32.9559722, 0.0 ], [ 75.1613605, 32.9558989, 0.0 ], [ 75.1612945, 32.9558632, 0.0 ], [ 75.1612264, 32.9558382, 0.0 ], [ 75.1611582, 32.9558239, 0.0 ], [ 75.1611008, 32.9558168, 0.0 ], [ 75.1610497, 32.955815, 0.0 ], [ 75.1609709, 32.9558186, 0.0 ], [ 75.1608836, 32.9558275, 0.0 ], [ 75.1607942, 32.9558382, 0.0 ], [ 75.1607197, 32.9558453, 0.0 ], [ 75.1606516, 32.9558471, 0.0 ], [ 75.160592, 32.9558453, 0.0 ], [ 75.1605409, 32.95584, 0.0 ], [ 75.1604919, 32.9558275, 0.0 ], [ 75.1604408, 32.9558114, 0.0 ], [ 75.1603791, 32.9557793, 0.0 ], [ 75.1602769, 32.9557132, 0.0 ], [ 75.160113, 32.9555917, 0.0 ], [ 75.1600044, 32.9555077, 0.0 ], [ 75.1599427, 32.9554649, 0.0 ], [ 75.1598767, 32.9554309, 0.0 ], [ 75.1597894, 32.9553952, 0.0 ], [ 75.1596829, 32.9553613, 0.0 ], [ 75.1595914, 32.9553345, 0.0 ], [ 75.1595169, 32.9553077, 0.0 ], [ 75.1594637, 32.9552844, 0.0 ], [ 75.1594019, 32.9552487, 0.0 ], [ 75.159353, 32.9552094, 0.0 ], [ 75.159304, 32.9551665, 0.0 ], [ 75.1592657, 32.9551219, 0.0 ], [ 75.1592274, 32.9550719, 0.0 ], [ 75.1591614, 32.9549665, 0.0 ], [ 75.1590698, 32.9547664, 0.0 ], [ 75.1589606, 32.9545404, 0.0 ] ] } },
{ "type": "Feature", "properties": { "source_edge_id": "OSM_WAY_389322888", "osm_way_id": "389322888", "name": "nan" }, "geometry": { "type": "LineString", "coordinates": [ [ 75.1628466, 32.9623021, 0.0 ], [ 75.1628377, 32.9623411, 0.0 ], [ 75.1628299, 32.9623855, 0.0 ], [ 75.1628269, 32.9624253, 0.0 ], [ 75.1628313, 32.9624694, 0.0 ] ] } },
{ "type": "Feature", "properties": { "source_edge_id": "OSM_WAY_1243062094", "osm_way_id": "1243062094", "name": "nan" }, "geometry": { "type": "LineString", "coordinates": [ [ 75.1630327, 32.9625088, 0.0 ], [ 75.1630276, 32.9624925, 0.0 ], [ 75.1630225, 32.9624592, 0.0 ], [ 75.1630208, 32.9624174, 0.0 ], [ 75.1630225, 32.9623819, 0.0 ], [ 75.163025, 32.9623514, 0.0 ], [ 75.1630301, 32.9623195, 0.0 ], [ 75.1630436, 32.9622699, 0.0 ] ] } },
{ "type": "Feature", "properties": { "source_edge_id": "OSM_WAY_1243062092", "osm_way_id": "1243062092", "name": "nan" }, "geometry": { "type": "LineString", "coordinates": [ [ 75.1628313, 32.9624694, 0.0 ], [ 75.1628453, 32.9625341, 0.0 ], [ 75.162868, 32.9625993, 0.0 ], [ 75.1628893, 32.9626395, 0.0 ], [ 75.1629147, 32.9626797, 0.0 ], [ 75.1629538, 32.9627334, 0.0 ], [ 75.1630071, 32.9627893, 0.0 ], [ 75.1630727, 32.9628465, 0.0 ], [ 75.1631489, 32.9629026, 0.0 ], [ 75.1633099, 32.9630112, 0.0 ], [ 75.1634842, 32.9631285, 0.0 ], [ 75.1636385, 32.9632413, 0.0 ], [ 75.163737, 32.9633162, 0.0 ], [ 75.1638078, 32.96338, 0.0 ], [ 75.1638673, 32.9634446, 0.0 ], [ 75.1639174, 32.9635159, 0.0 ], [ 75.1639516, 32.9635879, 0.0 ], [ 75.1639724, 32.9636576, 0.0 ], [ 75.1639831, 32.9637275, 0.0 ], [ 75.1639857, 32.9637966, 0.0 ], [ 75.163979, 32.9638655, 0.0 ], [ 75.1639629, 32.9639457, 0.0 ], [ 75.1639341, 32.9640267, 0.0 ], [ 75.1639023, 32.9640998, 0.0 ], [ 75.1638513, 32.9642033, 0.0 ], [ 75.1637973, 32.9643033, 0.0 ], [ 75.1637602, 32.9643611, 0.0 ], [ 75.1637061, 32.9644529, 0.0 ], [ 75.1636637, 32.9645237, 0.0 ], [ 75.1636298, 32.9645964, 0.0 ], [ 75.1636072, 32.9646657, 0.0 ], [ 75.1635831, 32.9647522, 0.0 ], [ 75.1635732, 32.9648365, 0.0 ], [ 75.1635739, 32.9649405, 0.0 ], [ 75.1635859, 32.965056, 0.0 ] ] } },
{ "type": "Feature", "properties": { "source_edge_id": "OSM_WAY_1243062095", "osm_way_id": "1243062095", "name": "nan" }, "geometry": { "type": "LineString", "coordinates": [ [ 75.1637662, 32.9650253, 0.0 ], [ 75.1637634, 32.9649717, 0.0 ], [ 75.1637622, 32.9649488, 0.0 ], [ 75.1637609, 32.9648554, 0.0 ], [ 75.1637622, 32.9647777, 0.0 ], [ 75.1637689, 32.9647057, 0.0 ], [ 75.1637783, 32.9646393, 0.0 ], [ 75.1637931, 32.964582, 0.0 ], [ 75.1638105, 32.9645381, 0.0 ], [ 75.1638427, 32.9644751, 0.0 ], [ 75.1638936, 32.9643794, 0.0 ], [ 75.1640049, 32.9641735, 0.0 ], [ 75.164064, 32.9640632, 0.0 ], [ 75.1640894, 32.9640025, 0.0 ], [ 75.1641109, 32.9639462, 0.0 ], [ 75.1641216, 32.9638888, 0.0 ], [ 75.1641283, 32.9638314, 0.0 ], [ 75.164131, 32.9637606, 0.0 ], [ 75.164127, 32.9636964, 0.0 ], [ 75.1641096, 32.9636143, 0.0 ], [ 75.1640908, 32.9635389, 0.0 ], [ 75.164064, 32.9634759, 0.0 ], [ 75.1640264, 32.9634095, 0.0 ], [ 75.1639754, 32.963342, 0.0 ], [ 75.1639272, 32.9632846, 0.0 ], [ 75.1638722, 32.963234, 0.0 ], [ 75.1638159, 32.9631856, 0.0 ], [ 75.1637582, 32.9631417, 0.0 ], [ 75.1636777, 32.9630843, 0.0 ], [ 75.163274, 32.9628142, 0.0 ], [ 75.1631963, 32.9627553, 0.0 ], [ 75.1631457, 32.9627098, 0.0 ], [ 75.1631015, 32.962658, 0.0 ], [ 75.1630696, 32.962608, 0.0 ], [ 75.1630472, 32.962558, 0.0 ], [ 75.1630327, 32.9625088, 0.0 ] ] } },
{ "type": "Feature", "properties": { "source_edge_id": "OSM_WAY_239961171", "osm_way_id": "239961171", "name": "nan" }, "geometry": { "type": "LineString", "coordinates": [ [ 75.190633, 32.9913247, 0.0 ], [ 75.1906878, 32.9913449, 0.0 ], [ 75.1907466, 32.9913645, 0.0 ], [ 75.1907874, 32.991377, 0.0 ], [ 75.1908348, 32.9913896, 0.0 ] ] } },
{ "type": "Feature", "properties": { "source_edge_id": "OSM_WAY_1243203840", "osm_way_id": "1243203840", "name": "nan" }, "geometry": { "type": "LineString", "coordinates": [ [ 75.193282, 32.9914841, 0.0 ], [ 75.1932082, 32.9915101, 0.0 ], [ 75.1931422, 32.9915297, 0.0 ], [ 75.1930819, 32.9915447, 0.0 ] ] } },
{ "type": "Feature", "properties": { "source_edge_id": "OSM_WAY_1243203833", "osm_way_id": "1243203833", "name": "nan" }, "geometry": { "type": "LineString", "coordinates": [ [ 75.1908348, 32.9913896, 0.0 ], [ 75.1908881, 32.9913973, 0.0 ], [ 75.1909301, 32.9913999, 0.0 ], [ 75.1909744, 32.9913978, 0.0 ], [ 75.1910243, 32.9913933, 0.0 ], [ 75.1910877, 32.9913855, 0.0 ], [ 75.1911477, 32.9913742, 0.0 ], [ 75.1912046, 32.9913664, 0.0 ], [ 75.1912527, 32.991364, 0.0 ], [ 75.1913003, 32.9913645, 0.0 ], [ 75.1913478, 32.9913682, 0.0 ], [ 75.1913972, 32.9913769, 0.0 ], [ 75.1914384, 32.99139, 0.0 ], [ 75.1914765, 32.9914058, 0.0 ], [ 75.1915335, 32.9914335, 0.0 ], [ 75.1915888, 32.9914645, 0.0 ], [ 75.1916419, 32.9914982, 0.0 ], [ 75.1917211, 32.9915533, 0.0 ], [ 75.1917873, 32.9915964, 0.0 ], [ 75.1918608, 32.9916403, 0.0 ], [ 75.1919058, 32.9916629, 0.0 ], [ 75.1919375, 32.9916777, 0.0 ] ] } },
{ "type": "Feature", "properties": { "source_edge_id": "OSM_WAY_1243203838", "osm_way_id": "1243203838", "name": "nan" }, "geometry": { "type": "LineString", "coordinates": [ [ 75.1921627, 32.9915903, 0.0 ], [ 75.1921316, 32.9915816, 0.0 ], [ 75.1920786, 32.9915621, 0.0 ], [ 75.1920242, 32.9915382, 0.0 ], [ 75.1919487, 32.9914983, 0.0 ] ] } },
{ "type": "Feature", "properties": { "source_edge_id": "OSM_WAY_1243203836", "osm_way_id": "1243203836", "name": "nan" }, "geometry": { "type": "LineString", "coordinates": [ [ 75.1931465, 32.9916872, 0.0 ], [ 75.1931913, 32.9916775, 0.0 ], [ 75.1932467, 32.991664, 0.0 ], [ 75.1932925, 32.9916516, 0.0 ], [ 75.1933157, 32.9916452, 0.0 ] ] } },
{ "type": "Feature", "properties": { "source_edge_id": "OSM_WAY_1243203834", "osm_way_id": "1243203834", "name": "nan" }, "geometry": { "type": "LineString", "coordinates": [ [ 75.1919375, 32.9916777, 0.0 ], [ 75.1919957, 32.9917015, 0.0 ], [ 75.1920495, 32.9917194, 0.0 ], [ 75.1920939, 32.991731, 0.0 ] ] } },
{ "type": "Feature", "properties": { "source_edge_id": "OSM_WAY_1243203835", "osm_way_id": "1243203835", "name": "nan" }, "geometry": { "type": "LineString", "coordinates": [ [ 75.1920939, 32.991731, 0.0 ], [ 75.1921543, 32.9917434, 0.0 ], [ 75.1922212, 32.9917505, 0.0 ], [ 75.1922754, 32.9917525, 0.0 ], [ 75.1923296, 32.9917528, 0.0 ], [ 75.1925076, 32.9917463, 0.0 ], [ 75.1926726, 32.9917361, 0.0 ], [ 75.1928147, 32.9917259, 0.0 ], [ 75.1929948, 32.9917096, 0.0 ], [ 75.193112, 32.9916943, 0.0 ], [ 75.1931465, 32.9916872, 0.0 ] ] } },
{ "type": "Feature", "properties": { "source_edge_id": "OSM_WAY_1243203841", "osm_way_id": "1243203841", "name": "nan" }, "geometry": { "type": "LineString", "coordinates": [ [ 75.200398, 32.9971238, 0.0 ], [ 75.200321, 32.9970902, 0.0 ], [ 75.2002492, 32.9970565, 0.0 ], [ 75.2001728, 32.997012, 0.0 ], [ 75.2001249, 32.9969806, 0.0 ], [ 75.2000835, 32.996948, 0.0 ], [ 75.2000408, 32.9969089, 0.0 ], [ 75.2000033, 32.9968709, 0.0 ], [ 75.1999696, 32.9968318, 0.0 ], [ 75.1999373, 32.9967873, 0.0 ], [ 75.199914, 32.9967461, 0.0 ], [ 75.1998907, 32.9966951, 0.0 ], [ 75.1998104, 32.9964682, 0.0 ], [ 75.1996849, 32.9960742, 0.0 ], [ 75.1995995, 32.995818, 0.0 ], [ 75.1995503, 32.9956932, 0.0 ], [ 75.1995166, 32.995615, 0.0 ], [ 75.1994726, 32.9955271, 0.0 ], [ 75.1994053, 32.9954229, 0.0 ], [ 75.1993005, 32.9952601, 0.0 ], [ 75.1991892, 32.9950788, 0.0 ], [ 75.1991206, 32.994954, 0.0 ], [ 75.1990727, 32.9948487, 0.0 ], [ 75.1990378, 32.9947445, 0.0 ], [ 75.1990132, 32.9946555, 0.0 ], [ 75.1989989, 32.9945914, 0.0 ], [ 75.1989912, 32.9945263, 0.0 ], [ 75.1989886, 32.9944688, 0.0 ], [ 75.1989938, 32.9944134, 0.0 ], [ 75.1990015, 32.9943559, 0.0 ], [ 75.1990158, 32.9942755, 0.0 ], [ 75.19903, 32.9942115, 0.0 ], [ 75.1990611, 32.9941051, 0.0 ], [ 75.199087, 32.9940226, 0.0 ], [ 75.1991038, 32.993951, 0.0 ], [ 75.1991115, 32.9938837, 0.0 ], [ 75.1991141, 32.9938229, 0.0 ], [ 75.1991115, 32.9937708, 0.0 ], [ 75.1991064, 32.9937187, 0.0 ], [ 75.1990973, 32.9936752, 0.0 ], [ 75.1990818, 32.9936036, 0.0 ], [ 75.1990649, 32.9935222, 0.0 ], [ 75.199052, 32.9934657, 0.0 ], [ 75.1990417, 32.9934136, 0.0 ], [ 75.1990378, 32.9933659, 0.0 ], [ 75.1990365, 32.9933116, 0.0 ], [ 75.1990378, 32.9932617, 0.0 ], [ 75.1990455, 32.9931737, 0.0 ], [ 75.1990572, 32.9930305, 0.0 ], [ 75.1990727, 32.9928828, 0.0 ], [ 75.1990882, 32.9927526, 0.0 ], [ 75.199096, 32.9926592, 0.0 ], [ 75.1990973, 32.9925648, 0.0 ], [ 75.1990934, 32.992492, 0.0 ], [ 75.1990857, 32.9924356, 0.0 ], [ 75.1990727, 32.9923759, 0.0 ], [ 75.199052, 32.9923053, 0.0 ], [ 75.1990261, 32.9922413, 0.0 ], [ 75.1989912, 32.9921718, 0.0 ], [ 75.1989485, 32.9921067, 0.0 ], [ 75.1988967, 32.9920405, 0.0 ], [ 75.1988216, 32.9919493, 0.0 ], [ 75.198612, 32.9916746, 0.0 ], [ 75.1985188, 32.9915661, 0.0 ], [ 75.1984605, 32.9915096, 0.0 ], [ 75.1983777, 32.9914434, 0.0 ], [ 75.1982871, 32.991387, 0.0 ], [ 75.1982108, 32.9913479, 0.0 ], [ 75.1981189, 32.9913121, 0.0 ], [ 75.197398, 32.9910787, 0.0 ], [ 75.1969981, 32.9909614, 0.0 ], [ 75.1968531, 32.9909321, 0.0 ], [ 75.1967483, 32.9909158, 0.0 ], [ 75.1966603, 32.9909083, 0.0 ], [ 75.1965774, 32.990905, 0.0 ], [ 75.1964894, 32.9909061, 0.0 ], [ 75.1964014, 32.9909115, 0.0 ], [ 75.1963225, 32.9909191, 0.0 ], [ 75.1962189, 32.9909343, 0.0 ], [ 75.1960895, 32.9909625, 0.0 ], [ 75.1959588, 32.9909951, 0.0 ], [ 75.1958462, 32.9910255, 0.0 ], [ 75.1957414, 32.9910537, 0.0 ], [ 75.1956547, 32.9910722, 0.0 ], [ 75.195555, 32.9910852, 0.0 ], [ 75.1954592, 32.991095, 0.0 ], [ 75.1953557, 32.9911004, 0.0 ], [ 75.1950994, 32.9911102, 0.0 ], [ 75.1949713, 32.9911145, 0.0 ], [ 75.1948768, 32.9911156, 0.0 ], [ 75.1947991, 32.9911153, 0.0 ], [ 75.194737, 32.9911131, 0.0 ], [ 75.1946761, 32.9911066, 0.0 ], [ 75.1945739, 32.9910914, 0.0 ], [ 75.1944626, 32.9910794, 0.0 ], [ 75.1943552, 32.9910697, 0.0 ], [ 75.1942646, 32.9910653, 0.0 ], [ 75.1941791, 32.9910686, 0.0 ], [ 75.1941144, 32.9910751, 0.0 ], [ 75.194051, 32.991087, 0.0 ], [ 75.1939798, 32.9911033, 0.0 ], [ 75.1939138, 32.9911229, 0.0 ], [ 75.1938414, 32.9911522, 0.0 ], [ 75.1937521, 32.9911967, 0.0 ], [ 75.1936835, 32.9912358, 0.0 ], [ 75.1936239, 32.9912748, 0.0 ], [ 75.1935346, 32.9913411, 0.0 ], [ 75.1934699, 32.9913899, 0.0 ], [ 75.1934194, 32.9914225, 0.0 ], [ 75.1933495, 32.9914572, 0.0 ], [ 75.193282, 32.9914841, 0.0 ] ] } },
{ "type": "Feature", "properties": { "source_edge_id": "OSM_WAY_1243203842", "osm_way_id": "1243203842", "name": "nan" }, "geometry": { "type": "LineString", "coordinates": [ [ 75.2011071, 32.9974253, 0.0 ], [ 75.200803, 32.9972857, 0.0 ], [ 75.200398, 32.9971238, 0.0 ] ] } },
{ "type": "Feature", "properties": { "source_edge_id": "OSM_WAY_1243663051", "osm_way_id": "1243663051", "name": "nan" }, "geometry": { "type": "LineString", "coordinates": [ [ 75.2009313, 32.9975174, 0.0 ], [ 75.2012491, 32.9976643, 0.0 ], [ 75.2016529, 32.9978582, 0.0 ], [ 75.201874, 32.9979631, 0.0 ], [ 75.2021647, 32.9980775, 0.0 ], [ 75.2027424, 32.9982499, 0.0 ], [ 75.2030227, 32.9982848, 0.0 ], [ 75.2032909, 32.9982949, 0.0 ], [ 75.2034384, 32.998269, 0.0 ], [ 75.2038555, 32.9981779, 0.0 ], [ 75.2040875, 32.9981205, 0.0 ], [ 75.2045757, 32.997962, 0.0 ], [ 75.2047902, 32.9979271, 0.0 ], [ 75.2049646, 32.9979485, 0.0 ], [ 75.2051429, 32.9980621, 0.0 ], [ 75.2052583, 32.9982285, 0.0 ], [ 75.2052811, 32.9984445, 0.0 ], [ 75.2053213, 32.9987178, 0.0 ], [ 75.2053857, 32.9988899, 0.0 ], [ 75.2055734, 32.9989855, 0.0 ], [ 75.2060576, 32.9990181, 0.0 ] ] } },
{ "type": "Feature", "properties": { "source_edge_id": "OSM_WAY_1305582892", "osm_way_id": "1305582892", "name": "nan" }, "geometry": { "type": "LineString", "coordinates": [ [ 75.2068753, 32.9998532, 0.0 ], [ 75.2069353, 32.999947, 0.0 ] ] } },
{ "type": "Feature", "properties": { "source_edge_id": "OSM_WAY_239961172", "osm_way_id": "239961172", "name": "nan" }, "geometry": { "type": "LineString", "coordinates": [ [ 75.207012, 33.0004882, 0.0 ], [ 75.2072297, 33.0006511, 0.0 ] ] } },
{ "type": "Feature", "properties": { "source_edge_id": "OSM_WAY_1262367060", "osm_way_id": "1262367060", "name": "nan" }, "geometry": { "type": "LineString", "coordinates": [ [ 75.269161, 33.0346733, 0.0 ], [ 75.269086, 33.0345899, 0.0 ], [ 75.2690406, 33.0345275, 0.0 ], [ 75.2690102, 33.0344652, 0.0 ], [ 75.2689713, 33.0343618, 0.0 ], [ 75.2688835, 33.0340842, 0.0 ], [ 75.2686993, 33.0334467, 0.0 ], [ 75.2685405, 33.0328886, 0.0 ], [ 75.2684813, 33.032669, 0.0 ], [ 75.2684526, 33.0325415, 0.0 ], [ 75.2684222, 33.0323715, 0.0 ], [ 75.2683749, 33.0320472, 0.0 ], [ 75.2683428, 33.0317823, 0.0 ], [ 75.2683242, 33.0316888, 0.0 ], [ 75.2683005, 33.031608, 0.0 ], [ 75.2682718, 33.0315499, 0.0 ], [ 75.2682313, 33.0314819, 0.0 ], [ 75.2681586, 33.0313884, 0.0 ], [ 75.2679271, 33.0311505, 0.0 ], [ 75.2678072, 33.03103, 0.0 ], [ 75.2676111, 33.0308388, 0.0 ], [ 75.2674016, 33.0306546, 0.0 ], [ 75.2670721, 33.0304067, 0.0 ], [ 75.2667325, 33.0301588, 0.0 ], [ 75.2664419, 33.0299393, 0.0 ], [ 75.2663861, 33.0298897, 0.0 ], [ 75.266327, 33.0298316, 0.0 ], [ 75.2662425, 33.0297466, 0.0 ], [ 75.2662063, 33.0297161, 0.0 ], [ 75.2661648, 33.0296857, 0.0 ], [ 75.2661208, 33.0296601, 0.0 ], [ 75.2660769, 33.0296389, 0.0 ], [ 75.2659823, 33.0295993, 0.0 ], [ 75.26588, 33.0295704, 0.0 ], [ 75.2656903, 33.0295193, 0.0 ], [ 75.2655455, 33.0294889, 0.0 ], [ 75.2654209, 33.029461, 0.0 ], [ 75.2653498, 33.0294397, 0.0 ], [ 75.2652908, 33.0294194, 0.0 ], [ 75.2652197, 33.0293925, 0.0 ], [ 75.265158, 33.0293644, 0.0 ], [ 75.2650977, 33.0293272, 0.0 ], [ 75.2650226, 33.0292744, 0.0 ], [ 75.2649171, 33.0291937, 0.0 ], [ 75.2647988, 33.0291087, 0.0 ], [ 75.2646974, 33.0290421, 0.0 ], [ 75.2646248, 33.0289953, 0.0 ], [ 75.2645521, 33.0289585, 0.0 ], [ 75.2644996, 33.0289339, 0.0 ], [ 75.2644554, 33.0289195, 0.0 ], [ 75.2644102, 33.0289061, 0.0 ], [ 75.2643221, 33.0288923, 0.0 ], [ 75.2641415, 33.0288777, 0.0 ], [ 75.2638336, 33.0288698, 0.0 ], [ 75.2636525, 33.0288641, 0.0 ], [ 75.2635025, 33.0288578, 0.0 ], [ 75.2633952, 33.0288477, 0.0 ], [ 75.263316, 33.0288399, 0.0 ], [ 75.2631846, 33.028814, 0.0 ], [ 75.263021, 33.0287724, 0.0 ], [ 75.2627112, 33.0286689, 0.0 ], [ 75.2623934, 33.0285554, 0.0 ], [ 75.2622861, 33.028516, 0.0 ], [ 75.2621788, 33.0284845, 0.0 ], [ 75.2620876, 33.0284576, 0.0 ], [ 75.2620111, 33.0284429, 0.0 ], [ 75.2619334, 33.0284351, 0.0 ], [ 75.2618506, 33.0284308, 0.0 ], [ 75.2617762, 33.0284337, 0.0 ], [ 75.2617053, 33.0284422, 0.0 ], [ 75.2616512, 33.0284492, 0.0 ], [ 75.2615908, 33.028465, 0.0 ], [ 75.2615251, 33.0284852, 0.0 ], [ 75.2614379, 33.0285178, 0.0 ], [ 75.261277, 33.0286022, 0.0 ], [ 75.2611268, 33.0286831, 0.0 ], [ 75.2609712, 33.0287618, 0.0 ], [ 75.2608599, 33.0288169, 0.0 ], [ 75.2607889, 33.0288495, 0.0 ], [ 75.2606923, 33.02889, 0.0 ], [ 75.2606333, 33.0289102, 0.0 ], [ 75.2605179, 33.0289428, 0.0 ], [ 75.2603676, 33.0289871, 0.0 ], [ 75.2601294, 33.0290551, 0.0 ], [ 75.2598996, 33.0291189, 0.0 ], [ 75.2596208, 33.0291855, 0.0 ], [ 75.259467, 33.0292209, 0.0 ], [ 75.2592643, 33.0292648, 0.0 ], [ 75.2588875, 33.0293328, 0.0 ], [ 75.2586154, 33.0293809, 0.0 ], [ 75.258362, 33.029422, 0.0 ], [ 75.2582133, 33.0294461, 0.0 ], [ 75.2581204, 33.0294617, 0.0 ], [ 75.2580567, 33.0294685, 0.0 ], [ 75.2580098, 33.0294707, 0.0 ], [ 75.2579702, 33.029469, 0.0 ], [ 75.257917, 33.0294628, 0.0 ], [ 75.2578691, 33.029453, 0.0 ], [ 75.2578244, 33.0294387, 0.0 ], [ 75.2577744, 33.0294173, 0.0 ], [ 75.2577329, 33.0293958, 0.0 ], [ 75.2577095, 33.0293816, 0.0 ] ] } },
{ "type": "Feature", "properties": { "source_edge_id": "OSM_WAY_1262367059", "osm_way_id": "1262367059", "name": "nan" }, "geometry": { "type": "LineString", "coordinates": [ [ 75.2693569, 33.0348286, 0.0 ], [ 75.2693132, 33.0347991, 0.0 ], [ 75.269243, 33.0347465, 0.0 ], [ 75.269161, 33.0346733, 0.0 ] ] } },
{ "type": "Feature", "properties": { "source_edge_id": "OSM_WAY_239961174", "osm_way_id": "239961174", "name": "nan" }, "geometry": { "type": "LineString", "coordinates": [ [ 75.2690341, 33.0347959, 0.0 ], [ 75.2690678, 33.0348267, 0.0 ], [ 75.2691036, 33.0348556, 0.0 ], [ 75.2691448, 33.0348864, 0.0 ], [ 75.2691871, 33.0349154, 0.0 ], [ 75.2692359, 33.0349465, 0.0 ], [ 75.2692911, 33.0349777, 0.0 ] ] } },
{ "type": "Feature", "properties": { "source_edge_id": "OSM_WAY_239961178", "osm_way_id": "239961178", "name": "nan" }, "geometry": { "type": "LineString", "coordinates": [ [ 75.2692911, 33.0349777, 0.0 ], [ 75.2693674, 33.0350245, 0.0 ], [ 75.2694309, 33.0350731, 0.0 ], [ 75.2694897, 33.0351224, 0.0 ], [ 75.2695428, 33.0351759, 0.0 ], [ 75.2696165, 33.0352638, 0.0 ], [ 75.2697081, 33.035399, 0.0 ], [ 75.2698057, 33.0355354, 0.0 ], [ 75.2698871, 33.035632, 0.0 ], [ 75.2699494, 33.0356977, 0.0 ], [ 75.270002, 33.0357401, 0.0 ], [ 75.2700481, 33.0357675, 0.0 ], [ 75.2701049, 33.0357958, 0.0 ], [ 75.2701673, 33.0358202, 0.0 ], [ 75.2702274, 33.0358383, 0.0 ], [ 75.2703013, 33.0358519, 0.0 ], [ 75.2703825, 33.0358608, 0.0 ], [ 75.2704804, 33.0358686, 0.0 ], [ 75.2706243, 33.0358708, 0.0 ], [ 75.270724, 33.0358756, 0.0 ], [ 75.2708248, 33.0358852, 0.0 ], [ 75.2709169, 33.0359031, 0.0 ], [ 75.2709866, 33.035921, 0.0 ], [ 75.2710575, 33.0359438, 0.0 ], [ 75.2711426, 33.0359751, 0.0 ], [ 75.2712269, 33.0360079, 0.0 ], [ 75.2713004, 33.0360297, 0.0 ], [ 75.2713942, 33.036048, 0.0 ], [ 75.2714615, 33.0360565, 0.0 ], [ 75.2715259, 33.036058, 0.0 ], [ 75.2715892, 33.0360532, 0.0 ], [ 75.2716541, 33.0360455, 0.0 ], [ 75.2717158, 33.0360317, 0.0 ], [ 75.2717646, 33.0360168, 0.0 ], [ 75.2718197, 33.0359976, 0.0 ], [ 75.2718532, 33.0359841, 0.0 ], [ 75.2719459, 33.035943, 0.0 ], [ 75.2720865, 33.0358839, 0.0 ], [ 75.2721869, 33.0358403, 0.0 ], [ 75.2722568, 33.035814, 0.0 ], [ 75.2723224, 33.0357949, 0.0 ], [ 75.2723831, 33.0357815, 0.0 ], [ 75.2724454, 33.0357758, 0.0 ], [ 75.2724959, 33.0357747, 0.0 ], [ 75.2725479, 33.0357762, 0.0 ], [ 75.2725978, 33.0357778, 0.0 ], [ 75.2726501, 33.035786, 0.0 ], [ 75.2727121, 33.0358005, 0.0 ], [ 75.2727848, 33.0358258, 0.0 ], [ 75.2728579, 33.035857, 0.0 ], [ 75.2729468, 33.0358995, 0.0 ], [ 75.2730393, 33.0359424, 0.0 ], [ 75.273137, 33.035988, 0.0 ], [ 75.2732183, 33.0360149, 0.0 ], [ 75.2732858, 33.0360278, 0.0 ], [ 75.2733522, 33.0360344, 0.0 ], [ 75.2734169, 33.0360334, 0.0 ], [ 75.2734783, 33.0360278, 0.0 ], [ 75.2735387, 33.0360191, 0.0 ], [ 75.2735948, 33.0360059, 0.0 ], [ 75.2736496, 33.0359867, 0.0 ], [ 75.2736969, 33.0359665, 0.0 ], [ 75.27374, 33.0359437, 0.0 ], [ 75.2737793, 33.0359176, 0.0 ], [ 75.2738179, 33.0358869, 0.0 ], [ 75.2738679, 33.0358421, 0.0 ], [ 75.2739223, 33.0357902, 0.0 ], [ 75.2739635, 33.0357468, 0.0 ], [ 75.274005, 33.0357004, 0.0 ], [ 75.2740529, 33.0356495, 0.0 ], [ 75.2741219, 33.0355779, 0.0 ], [ 75.27419, 33.0355164, 0.0 ], [ 75.2742371, 33.0354812, 0.0 ], [ 75.2742784, 33.0354553, 0.0 ], [ 75.2743176, 33.0354374, 0.0 ], [ 75.2743534, 33.0354257, 0.0 ], [ 75.2743972, 33.0354174, 0.0 ], [ 75.2744359, 33.0354186, 0.0 ], [ 75.2744721, 33.0354206, 0.0 ], [ 75.2745115, 33.0354278, 0.0 ], [ 75.2745563, 33.035437, 0.0 ], [ 75.2746192, 33.0354572, 0.0 ], [ 75.2747035, 33.0354869, 0.0 ], [ 75.2748282, 33.0355343, 0.0 ], [ 75.2750065, 33.0355915, 0.0 ], [ 75.2751044, 33.0356163, 0.0 ], [ 75.2752055, 33.0356331, 0.0 ], [ 75.2752969, 33.0356435, 0.0 ], [ 75.2754308, 33.0356553, 0.0 ], [ 75.2756328, 33.0356697, 0.0 ], [ 75.2757961, 33.0356838, 0.0 ], [ 75.2758972, 33.0356973, 0.0 ], [ 75.2759822, 33.0357206, 0.0 ], [ 75.2760386, 33.0357403, 0.0 ], [ 75.2761024, 33.0357699, 0.0 ], [ 75.2761896, 33.0358218, 0.0 ], [ 75.276298, 33.0358954, 0.0 ], [ 75.2763979, 33.0359688, 0.0 ], [ 75.2765051, 33.0360563, 0.0 ], [ 75.2766614, 33.0361892, 0.0 ], [ 75.2767942, 33.0362871, 0.0 ], [ 75.276879, 33.0363461, 0.0 ], [ 75.2769473, 33.0363853, 0.0 ], [ 75.2770091, 33.0364179, 0.0 ], [ 75.277076, 33.0364474, 0.0 ], [ 75.2771392, 33.0364724, 0.0 ], [ 75.2771837, 33.036486, 0.0 ], [ 75.2772348, 33.0364984, 0.0 ], [ 75.2773133, 33.0365139, 0.0 ] ] } },
{ "type": "Feature", "properties": { "source_edge_id": "OSM_WAY_477835379", "osm_way_id": "477835379", "name": "nan" }, "geometry": { "type": "LineString", "coordinates": [ [ 75.2773133, 33.0365139, 0.0 ], [ 75.2774187, 33.0365353, 0.0 ], [ 75.2775318, 33.0365595, 0.0 ], [ 75.2776555, 33.0365884, 0.0 ], [ 75.277727, 33.0366121, 0.0 ], [ 75.277787, 33.0366471, 0.0 ], [ 75.2778471, 33.0366963, 0.0 ], [ 75.2778982, 33.0367543, 0.0 ], [ 75.2779387, 33.0368165, 0.0 ], [ 75.2779663, 33.0368801, 0.0 ], [ 75.2779789, 33.036941, 0.0 ], [ 75.2779893, 33.0370137, 0.0 ], [ 75.2780016, 33.0372203, 0.0 ], [ 75.2780072, 33.03731, 0.0 ], [ 75.2780086, 33.0374243, 0.0 ] ] } },
{ "type": "Feature", "properties": { "source_edge_id": "OSM_WAY_833651556", "osm_way_id": "833651556", "name": "nan" }, "geometry": { "type": "LineString", "coordinates": [ [ 75.2780086, 33.0374243, 0.0 ], [ 75.2780181, 33.0375603, 0.0 ], [ 75.2780085, 33.0376464, 0.0 ], [ 75.2779785, 33.0377353, 0.0 ] ] } },
{ "type": "Feature", "properties": { "source_edge_id": "OSM_WAY_833651554", "osm_way_id": "833651554", "name": "nan" }, "geometry": { "type": "LineString", "coordinates": [ [ 75.2780311, 33.0379242, 0.0 ], [ 75.2780654, 33.0380879, 0.0 ], [ 75.2780808, 33.0382041, 0.0 ], [ 75.2780992, 33.0383228, 0.0 ], [ 75.2781358, 33.0384268, 0.0 ], [ 75.2781713, 33.0385092, 0.0 ], [ 75.2782089, 33.0385814, 0.0 ], [ 75.2782649, 33.0386582, 0.0 ], [ 75.2783288, 33.03874, 0.0 ], [ 75.2783877, 33.0388061, 0.0 ], [ 75.2784401, 33.0388654, 0.0 ], [ 75.2784998, 33.0389266, 0.0 ], [ 75.2785473, 33.0389691, 0.0 ], [ 75.2786204, 33.0390296, 0.0 ], [ 75.2787212, 33.0391052, 0.0 ], [ 75.2788074, 33.0391689, 0.0 ], [ 75.2788635, 33.0392076, 0.0 ], [ 75.2789103, 33.0392449, 0.0 ], [ 75.2789437, 33.0392733, 0.0 ], [ 75.2789763, 33.0393058, 0.0 ], [ 75.2790007, 33.0393311, 0.0 ], [ 75.2790251, 33.0393642, 0.0 ], [ 75.2790527, 33.0394041, 0.0 ], [ 75.2790777, 33.0394439, 0.0 ], [ 75.2791072, 33.039496, 0.0 ], [ 75.279134, 33.039557, 0.0 ], [ 75.2791537, 33.0396084, 0.0 ], [ 75.2791681, 33.0396586, 0.0 ], [ 75.2791781, 33.0397029, 0.0 ], [ 75.2791882, 33.0397653, 0.0 ], [ 75.2791923, 33.0398349, 0.0 ], [ 75.2791887, 33.0398949, 0.0 ], [ 75.2791838, 33.0399582, 0.0 ], [ 75.279175, 33.0400082, 0.0 ], [ 75.2791609, 33.0400705, 0.0 ], [ 75.2791406, 33.0401352, 0.0 ], [ 75.2791176, 33.0401977, 0.0 ], [ 75.2790959, 33.0402499, 0.0 ], [ 75.2790621, 33.040309, 0.0 ], [ 75.2789671, 33.0404476, 0.0 ], [ 75.2789117, 33.0405203, 0.0 ], [ 75.2788425, 33.0406131, 0.0 ], [ 75.2787849, 33.0406907, 0.0 ], [ 75.2787447, 33.0407516, 0.0 ], [ 75.2787111, 33.0408035, 0.0 ], [ 75.2786562, 33.0408881, 0.0 ], [ 75.278624, 33.0409885, 0.0 ], [ 75.2786132, 33.041103, 0.0 ], [ 75.2786212, 33.0412258, 0.0 ], [ 75.27864, 33.0413194, 0.0 ], [ 75.278673, 33.0414093, 0.0 ], [ 75.2787123, 33.0415029, 0.0 ], [ 75.2787828, 33.0415867, 0.0 ], [ 75.2788695, 33.0416735, 0.0 ], [ 75.2789964, 33.0418059, 0.0 ], [ 75.2791448, 33.0420179, 0.0 ], [ 75.2792002, 33.0421383, 0.0 ], [ 75.2792364, 33.0422719, 0.0 ], [ 75.2792518, 33.0423612, 0.0 ], [ 75.2792619, 33.0424595, 0.0 ], [ 75.2792664, 33.0426086, 0.0 ], [ 75.2792485, 33.0427598, 0.0 ], [ 75.2792039, 33.0430902, 0.0 ], [ 75.2791218, 33.0436131, 0.0 ], [ 75.2790275, 33.0440125, 0.0 ], [ 75.2789063, 33.0443714, 0.0 ], [ 75.2787732, 33.044737, 0.0 ], [ 75.2786713, 33.0449661, 0.0 ], [ 75.2786025, 33.0450657, 0.0 ] ] } },
{ "type": "Feature", "properties": { "source_edge_id": "OSM_WAY_833651562", "osm_way_id": "833651562", "name": "nan" }, "geometry": { "type": "LineString", "coordinates": [ [ 75.2786025, 33.0450657, 0.0 ], [ 75.2786087, 33.0451057, 0.0 ], [ 75.2786087, 33.0451574, 0.0 ], [ 75.27859, 33.0452293, 0.0 ], [ 75.2785605, 33.0452968, 0.0 ], [ 75.2784961, 33.0454092, 0.0 ], [ 75.2784398, 33.0454857, 0.0 ], [ 75.2784076, 33.0455464, 0.0 ], [ 75.27837, 33.0456295, 0.0 ] ] } },
{ "type": "Feature", "properties": { "source_edge_id": "OSM_WAY_833651565", "osm_way_id": "833651565", "name": "nan" }, "geometry": { "type": "LineString", "coordinates": [ [ 75.27837, 33.0456295, 0.0 ], [ 75.2783754, 33.04567, 0.0 ], [ 75.2783754, 33.0457352, 0.0 ], [ 75.2783781, 33.0458139, 0.0 ], [ 75.2783965, 33.0461534, 0.0 ], [ 75.2784076, 33.046358, 0.0 ], [ 75.2784001, 33.0463941, 0.0 ], [ 75.2783968, 33.0464097, 0.0 ], [ 75.2783874, 33.0464917, 0.0 ] ] } },
{ "type": "Feature", "properties": { "source_edge_id": "OSM_WAY_483049617", "osm_way_id": "483049617", "name": "nan" }, "geometry": { "type": "LineString", "coordinates": [ [ 75.2783874, 33.0464917, 0.0 ], [ 75.2784605, 33.0466373, 0.0 ], [ 75.2785524, 33.0467873, 0.0 ], [ 75.278652, 33.0469084, 0.0 ], [ 75.2787793, 33.0470437, 0.0 ], [ 75.2790977, 33.0473233, 0.0 ] ] } },
{ "type": "Feature", "properties": { "source_edge_id": "OSM_WAY_833651566", "osm_way_id": "833651566", "name": "nan" }, "geometry": { "type": "LineString", "coordinates": [ [ 75.2790977, 33.0473233, 0.0 ], [ 75.2792953, 33.0475719, 0.0 ] ] } },
{ "type": "Feature", "properties": { "source_edge_id": "OSM_WAY_497340360", "osm_way_id": "497340360", "name": "nan" }, "geometry": { "type": "LineString", "coordinates": [ [ 75.2796006, 33.0478981, 0.0 ], [ 75.2798402, 33.0481265, 0.0 ] ] } },
{ "type": "Feature", "properties": { "source_edge_id": "OSM_WAY_102024436", "osm_way_id": "102024436", "name": "nan" }, "geometry": { "type": "LineString", "coordinates": [ [ 75.3379017, 33.1158646, 0.0 ], [ 75.3383323, 33.1155161, 0.0 ], [ 75.3384805, 33.1151948, 0.0 ], [ 75.3385328, 33.1146764, 0.0 ], [ 75.3386984, 33.1141288, 0.0 ], [ 75.3387769, 33.113917, 0.0 ], [ 75.3388728, 33.1136396, 0.0 ], [ 75.3390297, 33.112369, 0.0 ], [ 75.3391691, 33.1116681, 0.0 ], [ 75.3393261, 33.1114855, 0.0 ], [ 75.3401455, 33.1106677, 0.0 ], [ 75.3402676, 33.1103975, 0.0 ], [ 75.340224, 33.1100616, 0.0 ], [ 75.3401804, 33.1097988, 0.0 ], [ 75.3402153, 33.1096089, 0.0 ], [ 75.340224, 33.109346, 0.0 ], [ 75.3403547, 33.1089444, 0.0 ], [ 75.3406599, 33.1087765, 0.0 ], [ 75.3409911, 33.1085793, 0.0 ], [ 75.3410609, 33.1085136, 0.0 ], [ 75.3412439, 33.1082507, 0.0 ], [ 75.3413224, 33.1078564, 0.0 ], [ 75.3413921, 33.1076008, 0.0 ], [ 75.3415665, 33.1073744, 0.0 ], [ 75.3416798, 33.1071627, 0.0 ], [ 75.3418019, 33.1063594, 0.0 ], [ 75.3419326, 33.105914, 0.0 ], [ 75.3420285, 33.1056949, 0.0 ], [ 75.3419849, 33.1055708, 0.0 ], [ 75.3415752, 33.1055051, 0.0 ], [ 75.341366, 33.1056146, 0.0 ], [ 75.3411829, 33.1060454, 0.0 ], [ 75.3408691, 33.106301, 0.0 ], [ 75.3407296, 33.1065566, 0.0 ], [ 75.3404942, 33.1070312, 0.0 ], [ 75.340224, 33.1073306, 0.0 ], [ 75.3397707, 33.1075643, 0.0 ], [ 75.3392999, 33.1077688, 0.0 ], [ 75.3388117, 33.1080243, 0.0 ], [ 75.3384543, 33.1081704, 0.0 ], [ 75.3381841, 33.1084406, 0.0 ], [ 75.3381056, 33.1085793, 0.0 ], [ 75.3381056, 33.1090393, 0.0 ], [ 75.3380184, 33.109273, 0.0 ], [ 75.3378354, 33.1094629, 0.0 ], [ 75.3376872, 33.1096235, 0.0 ], [ 75.3376, 33.1096746, 0.0 ], [ 75.3373385, 33.1097111, 0.0 ], [ 75.3371292, 33.1098061, 0.0 ], [ 75.3369462, 33.1100616, 0.0 ], [ 75.3368677, 33.1102077, 0.0 ], [ 75.3367369, 33.1104267, 0.0 ], [ 75.3364231, 33.1107772, 0.0 ], [ 75.3361529, 33.1110182, 0.0 ], [ 75.3360047, 33.1112592, 0.0 ], [ 75.3359611, 33.1114928, 0.0 ], [ 75.3358303, 33.1116827, 0.0 ], [ 75.3355514, 33.1118506, 0.0 ], [ 75.3352462, 33.1118579, 0.0 ], [ 75.3345663, 33.1118725, 0.0 ], [ 75.3342176, 33.1118798, 0.0 ], [ 75.3337555, 33.1117995, 0.0 ], [ 75.3334156, 33.1115804, 0.0 ], [ 75.333093, 33.1113614, 0.0 ], [ 75.3329884, 33.1112519, 0.0 ], [ 75.33257, 33.1112592, 0.0 ], [ 75.3323346, 33.1114563, 0.0 ], [ 75.331951, 33.1114855, 0.0 ], [ 75.3313582, 33.1114928, 0.0 ], [ 75.3311228, 33.1114417, 0.0 ], [ 75.3307044, 33.1112299, 0.0 ], [ 75.3304777, 33.1110766, 0.0 ], [ 75.3303121, 33.1109233, 0.0 ], [ 75.3301029, 33.1108575, 0.0 ], [ 75.3299373, 33.1108575, 0.0 ], [ 75.329545, 33.1109452, 0.0 ], [ 75.3291963, 33.1109744, 0.0 ], [ 75.3288388, 33.1109598, 0.0 ], [ 75.3284378, 33.1109014, 0.0 ], [ 75.3280979, 33.1108064, 0.0 ], [ 75.3278973, 33.1107918, 0.0 ], [ 75.3276968, 33.1108941, 0.0 ], [ 75.3274876, 33.1111204, 0.0 ], [ 75.3274702, 33.1113395, 0.0 ], [ 75.3275574, 33.1115585, 0.0 ], [ 75.3279845, 33.1120697, 0.0 ], [ 75.3285599, 33.1125224, 0.0 ], [ 75.3287691, 33.1127852, 0.0 ], [ 75.3291265, 33.1133621, 0.0 ], [ 75.3292922, 33.113698, 0.0 ], [ 75.3294665, 33.113917, 0.0 ], [ 75.3296147, 33.1141507, 0.0 ], [ 75.3297193, 33.1143113, 0.0 ], [ 75.3297106, 33.1146545, 0.0 ], [ 75.3296234, 33.1148589, 0.0 ], [ 75.329545, 33.1149977, 0.0 ], [ 75.3292922, 33.1153408, 0.0 ], [ 75.328926, 33.1156621, 0.0 ], [ 75.3284291, 33.1162243, 0.0 ], [ 75.3278886, 33.1167062, 0.0 ], [ 75.3275312, 33.1170932, 0.0 ], [ 75.3271999, 33.117378, 0.0 ], [ 75.3269733, 33.1175605, 0.0 ], [ 75.326703, 33.1177284, 0.0 ], [ 75.3264764, 33.1179694, 0.0 ], [ 75.326302, 33.1183928, 0.0 ], [ 75.3261015, 33.118809, 0.0 ], [ 75.325779, 33.119342, 0.0 ], [ 75.3255175, 33.119583, 0.0 ], [ 75.3253169, 33.1197217, 0.0 ], [ 75.3252472, 33.1199115, 0.0 ], [ 75.3252036, 33.1201525, 0.0 ], [ 75.3252211, 33.1204153, 0.0 ], [ 75.3252734, 33.1206562, 0.0 ], [ 75.3252734, 33.1208461, 0.0 ], [ 75.3251513, 33.1211527, 0.0 ], [ 75.32482, 33.1217368, 0.0 ], [ 75.3245847, 33.1221091, 0.0 ], [ 75.3243755, 33.1224523, 0.0 ], [ 75.3240093, 33.12281, 0.0 ], [ 75.3231637, 33.1233868, 0.0 ], [ 75.3224925, 33.1239052, 0.0 ], [ 75.321952, 33.1242483, 0.0 ], [ 75.3214638, 33.1243359, 0.0 ], [ 75.3206531, 33.1244308, 0.0 ], [ 75.320409, 33.1243797, 0.0 ], [ 75.3188834, 33.1237008, 0.0 ], [ 75.3184515, 33.1233956, 0.0 ], [ 75.3182053, 33.1232908, 0.0 ], [ 75.3180294, 33.1232027, 0.0 ], [ 75.318016, 33.1230495, 0.0 ] ] } },
{ "type": "Feature", "properties": { "source_edge_id": "OSM_WAY_102024450", "osm_way_id": "102024450", "name": "nan" }, "geometry": { "type": "LineString", "coordinates": [ [ 75.318016, 33.1230495, 0.0 ], [ 75.317745, 33.1226289, 0.0 ], [ 75.3176128, 33.1225182, 0.0 ], [ 75.3174486, 33.1224943, 0.0 ], [ 75.3171808, 33.1225122, 0.0 ], [ 75.3167916, 33.122593, 0.0 ], [ 75.3165738, 33.122596, 0.0 ], [ 75.3164202, 33.1225362, 0.0 ], [ 75.316081, 33.1222341, 0.0 ], [ 75.3158668, 33.1219829, 0.0 ], [ 75.3158096, 33.1218274, 0.0 ], [ 75.3156847, 33.121633, 0.0 ], [ 75.3155097, 33.1215403, 0.0 ], [ 75.3150669, 33.1214237, 0.0 ], [ 75.3146242, 33.1211396, 0.0 ], [ 75.3143456, 33.121014, 0.0 ], [ 75.3141314, 33.1209153, 0.0 ], [ 75.3139386, 33.1208704, 0.0 ], [ 75.3137208, 33.1207359, 0.0 ], [ 75.3136136, 33.1206521, 0.0 ], [ 75.3132958, 33.1206252, 0.0 ], [ 75.313078, 33.1205893, 0.0 ], [ 75.3128138, 33.1204637, 0.0 ], [ 75.3125067, 33.1202663, 0.0 ], [ 75.3121889, 33.1201407, 0.0 ], [ 75.3119154, 33.1201236, 0.0 ], [ 75.3117057, 33.1201241, 0.0 ], [ 75.3115363, 33.1201417, 0.0 ] ] } },
{ "type": "Feature", "properties": { "source_edge_id": "OSM_WAY_882782410", "osm_way_id": "882782410", "name": "nan" }, "geometry": { "type": "LineString", "coordinates": [ [ 75.3116966, 33.1247426, 0.0 ], [ 75.311701, 33.1246597, 0.0 ], [ 75.3117048, 33.1245689, 0.0 ], [ 75.3116994, 33.1245325, 0.0 ], [ 75.3116921, 33.1245092, 0.0 ], [ 75.3116807, 33.1244894, 0.0 ], [ 75.3116649, 33.1244734, 0.0 ], [ 75.3116436, 33.1244614, 0.0 ], [ 75.311617, 33.1244529, 0.0 ], [ 75.3115835, 33.1244505, 0.0 ], [ 75.3115614, 33.1244526, 0.0 ], [ 75.3115434, 33.1244559, 0.0 ], [ 75.3115237, 33.1244649, 0.0 ], [ 75.3115078, 33.1244745, 0.0 ], [ 75.3114919, 33.1244907, 0.0 ], [ 75.3114803, 33.1245117, 0.0 ], [ 75.3114728, 33.124535, 0.0 ], [ 75.3114682, 33.1245611, 0.0 ], [ 75.3114663, 33.1245873, 0.0 ], [ 75.3114685, 33.1246309, 0.0 ], [ 75.3114789, 33.1246914, 0.0 ], [ 75.3114934, 33.1247565, 0.0 ], [ 75.3115096, 33.1248273, 0.0 ], [ 75.3115245, 33.1248937, 0.0 ], [ 75.3115321, 33.1249436, 0.0 ], [ 75.3115393, 33.1250012, 0.0 ], [ 75.3115415, 33.1250636, 0.0 ], [ 75.3115397, 33.1251351, 0.0 ], [ 75.3115316, 33.1251946, 0.0 ], [ 75.3115221, 33.1252474, 0.0 ], [ 75.3115088, 33.1252957, 0.0 ], [ 75.3114895, 33.1253592, 0.0 ], [ 75.3114594, 33.1254496, 0.0 ], [ 75.311426, 33.1255429, 0.0 ], [ 75.3113931, 33.1256311, 0.0 ], [ 75.3113848, 33.1256561, 0.0 ], [ 75.3113793, 33.1256787, 0.0 ], [ 75.3113751, 33.1257002, 0.0 ], [ 75.311372, 33.1257376, 0.0 ], [ 75.3113771, 33.1258024, 0.0 ], [ 75.311389, 33.1259155, 0.0 ], [ 75.3114046, 33.1260605, 0.0 ], [ 75.3114074, 33.1260951, 0.0 ], [ 75.3114068, 33.1261241, 0.0 ], [ 75.3114022, 33.1261532, 0.0 ], [ 75.3113894, 33.1261886, 0.0 ], [ 75.3113471, 33.1262801, 0.0 ], [ 75.3112989, 33.1263822, 0.0 ], [ 75.3112708, 33.1264513, 0.0 ], [ 75.3112641, 33.1264743, 0.0 ], [ 75.3112564, 33.1265024, 0.0 ], [ 75.3112465, 33.126553, 0.0 ], [ 75.3112285, 33.1266833, 0.0 ], [ 75.311208, 33.1267989, 0.0 ], [ 75.311173, 33.126951, 0.0 ], [ 75.3111138, 33.1271705, 0.0 ], [ 75.3110881, 33.1272427, 0.0 ], [ 75.3110645, 33.1273103, 0.0 ], [ 75.3110208, 33.1274138, 0.0 ], [ 75.3109785, 33.1274973, 0.0 ], [ 75.3109449, 33.1275605, 0.0 ], [ 75.3109106, 33.1276146, 0.0 ], [ 75.3108694, 33.1276675, 0.0 ], [ 75.310808, 33.1277349, 0.0 ], [ 75.3107336, 33.1278206, 0.0 ], [ 75.3106002, 33.1279579, 0.0 ], [ 75.3104491, 33.1281183, 0.0 ], [ 75.3103418, 33.1282409, 0.0 ], [ 75.3102407, 33.1283641, 0.0 ], [ 75.3101835, 33.1284388, 0.0 ], [ 75.3101194, 33.1285233, 0.0 ], [ 75.3100712, 33.1285847, 0.0 ], [ 75.310019, 33.128644, 0.0 ], [ 75.309968, 33.1286933, 0.0 ], [ 75.3099184, 33.1287376, 0.0 ], [ 75.3098675, 33.1287808, 0.0 ], [ 75.309801, 33.1288351, 0.0 ], [ 75.3097624, 33.1288706, 0.0 ], [ 75.3097311, 33.128903, 0.0 ], [ 75.3096997, 33.1289376, 0.0 ], [ 75.3096494, 33.1289965, 0.0 ], [ 75.3095977, 33.1290689, 0.0 ], [ 75.309538, 33.1291515, 0.0 ], [ 75.3094717, 33.1292443, 0.0 ], [ 75.3093791, 33.1293595, 0.0 ], [ 75.3093118, 33.1294391, 0.0 ], [ 75.3092742, 33.1294839, 0.0 ], [ 75.3092432, 33.1295243, 0.0 ], [ 75.3092199, 33.1295571, 0.0 ], [ 75.3091251, 33.1297296, 0.0 ], [ 75.3090737, 33.1298204, 0.0 ], [ 75.3090477, 33.1298583, 0.0 ], [ 75.3090107, 33.129899, 0.0 ], [ 75.30897, 33.1299345, 0.0 ], [ 75.3089101, 33.129973, 0.0 ], [ 75.3087689, 33.1300541, 0.0 ], [ 75.3086196, 33.130134, 0.0 ], [ 75.308539, 33.1301739, 0.0 ], [ 75.3084995, 33.1301881, 0.0 ], [ 75.3084623, 33.1301952, 0.0 ], [ 75.3084263, 33.1301976, 0.0 ], [ 75.3083956, 33.1301933, 0.0 ], [ 75.3083723, 33.1301844, 0.0 ], [ 75.3083444, 33.130169, 0.0 ], [ 75.3083264, 33.1301512, 0.0 ], [ 75.3083151, 33.1301301, 0.0 ], [ 75.3083081, 33.1301045, 0.0 ], [ 75.3083067, 33.1300789, 0.0 ], [ 75.3083132, 33.130051, 0.0 ], [ 75.3083301, 33.1300246, 0.0 ], [ 75.3083522, 33.1300027, 0.0 ], [ 75.3083807, 33.1299834, 0.0 ], [ 75.3084105, 33.1299673, 0.0 ], [ 75.3084661, 33.1299478, 0.0 ], [ 75.3085352, 33.1299293, 0.0 ], [ 75.3086135, 33.1299089, 0.0 ], [ 75.3086959, 33.1298859, 0.0 ], [ 75.3087332, 33.1298734, 0.0 ], [ 75.3087585, 33.1298637, 0.0 ], [ 75.3087701, 33.1298579, 0.0 ], [ 75.3087848, 33.1298483, 0.0 ], [ 75.308801, 33.1298347, 0.0 ], [ 75.3088348, 33.129801, 0.0 ], [ 75.3088927, 33.1297313, 0.0 ], [ 75.3090094, 33.1295501, 0.0 ], [ 75.3091886, 33.1292544, 0.0 ], [ 75.3093429, 33.1289901, 0.0 ], [ 75.3094664, 33.1287199, 0.0 ], [ 75.3095778, 33.1284542, 0.0 ], [ 75.3096715, 33.1282156, 0.0 ], [ 75.309713, 33.1281005, 0.0 ], [ 75.3097331, 33.128032, 0.0 ], [ 75.30977, 33.1278203, 0.0 ], [ 75.3098162, 33.1275861, 0.0 ], [ 75.3098312, 33.1275032, 0.0 ], [ 75.3098649, 33.1273809, 0.0 ], [ 75.3098972, 33.127244, 0.0 ], [ 75.3099062, 33.127193, 0.0 ], [ 75.3099147, 33.1271382, 0.0 ], [ 75.3099203, 33.1270839, 0.0 ], [ 75.3099231, 33.1270152, 0.0 ], [ 75.3099219, 33.1269555, 0.0 ], [ 75.309918, 33.1269047, 0.0 ], [ 75.3099041, 33.1268344, 0.0 ], [ 75.3098512, 33.1265743, 0.0 ], [ 75.3098248, 33.1263868, 0.0 ], [ 75.3097984, 33.1261711, 0.0 ], [ 75.3097714, 33.125933, 0.0 ], [ 75.3097606, 33.1258847, 0.0 ], [ 75.3097471, 33.1258397, 0.0 ], [ 75.3097275, 33.1257749, 0.0 ], [ 75.3097137, 33.1257032, 0.0 ], [ 75.3096907, 33.1256246, 0.0 ], [ 75.3096691, 33.1255416, 0.0 ], [ 75.3096512, 33.1254576, 0.0 ], [ 75.309644, 33.1254039, 0.0 ], [ 75.3096397, 33.1253565, 0.0 ], [ 75.3096395, 33.1252368, 0.0 ], [ 75.3096488, 33.1251174, 0.0 ], [ 75.3096635, 33.1250059, 0.0 ], [ 75.3096817, 33.1249164, 0.0 ], [ 75.3096868, 33.124856, 0.0 ], [ 75.309684, 33.1248044, 0.0 ], [ 75.3096798, 33.1247495, 0.0 ], [ 75.3096736, 33.1245826, 0.0 ], [ 75.3096718, 33.1244543, 0.0 ], [ 75.3096808, 33.124381, 0.0 ], [ 75.3097081, 33.1242105, 0.0 ], [ 75.3097385, 33.1240551, 0.0 ], [ 75.3097676, 33.1238907, 0.0 ], [ 75.3097748, 33.1238253, 0.0 ], [ 75.3097821, 33.1237554, 0.0 ], [ 75.3097868, 33.1236578, 0.0 ], [ 75.3097861, 33.1235491, 0.0 ], [ 75.3097893, 33.1234641, 0.0 ], [ 75.3097978, 33.1233938, 0.0 ], [ 75.3098062, 33.1233464, 0.0 ], [ 75.309815, 33.123312, 0.0 ], [ 75.3098275, 33.1232779, 0.0 ], [ 75.3098431, 33.1232418, 0.0 ], [ 75.3098775, 33.1231821, 0.0 ], [ 75.3099533, 33.1230612, 0.0 ], [ 75.3100371, 33.1229425, 0.0 ], [ 75.3101194, 33.1228402, 0.0 ], [ 75.3101559, 33.1227874, 0.0 ], [ 75.3102375, 33.1226213, 0.0 ], [ 75.3102977, 33.1224857, 0.0 ], [ 75.3103426, 33.1224012, 0.0 ], [ 75.3103902, 33.1223191, 0.0 ], [ 75.3104479, 33.1222344, 0.0 ], [ 75.3105055, 33.1221525, 0.0 ], [ 75.3105853, 33.1220582, 0.0 ], [ 75.3106624, 33.1219594, 0.0 ], [ 75.3106979, 33.1219119, 0.0 ], [ 75.3107223, 33.1218645, 0.0 ], [ 75.310752, 33.1218071, 0.0 ], [ 75.3107789, 33.1217475, 0.0 ], [ 75.3108171, 33.1216486, 0.0 ], [ 75.3108486, 33.1215678, 0.0 ], [ 75.3108822, 33.1214464, 0.0 ], [ 75.3108912, 33.1213946, 0.0 ], [ 75.3108957, 33.1213542, 0.0 ], [ 75.3108959, 33.1213098, 0.0 ], [ 75.3108927, 33.1212578, 0.0 ], [ 75.3108841, 33.1212048, 0.0 ], [ 75.3108598, 33.121108, 0.0 ], [ 75.3108249, 33.1210201, 0.0 ], [ 75.31076, 33.1208646, 0.0 ], [ 75.310697, 33.1207148, 0.0 ], [ 75.3106864, 33.1206795, 0.0 ], [ 75.3106803, 33.1206471, 0.0 ], [ 75.3106765, 33.1206106, 0.0 ], [ 75.3106768, 33.120582, 0.0 ], [ 75.3106812, 33.1205557, 0.0 ], [ 75.3106841, 33.1205407, 0.0 ], [ 75.3106888, 33.120528, 0.0 ], [ 75.3107003, 33.1205128, 0.0 ], [ 75.3107153, 33.1204977, 0.0 ], [ 75.3107462, 33.1204726, 0.0 ], [ 75.3107852, 33.1204487, 0.0 ], [ 75.3108844, 33.1203914, 0.0 ], [ 75.3109983, 33.1203342, 0.0 ], [ 75.3111846, 33.1202635, 0.0 ], [ 75.3113884, 33.1201895, 0.0 ], [ 75.3114677, 33.1201622, 0.0 ], [ 75.3115363, 33.1201417, 0.0 ] ] } },
{ "type": "Feature", "properties": { "source_edge_id": "OSM_WAY_1022603723", "osm_way_id": "1022603723", "name": "nan" }, "geometry": { "type": "LineString", "coordinates": [ [ 75.2929578, 33.1289922, 0.0 ], [ 75.2928588, 33.1288215, 0.0 ] ] } },
{ "type": "Feature", "properties": { "source_edge_id": "OSM_WAY_1305582890", "osm_way_id": "1305582890", "name": "nan" }, "geometry": { "type": "LineString", "coordinates": [ [ 75.2575631, 33.0289596, 0.0 ], [ 75.2576049, 33.0288529, 0.0 ], [ 75.2577511, 33.028682, 0.0 ], [ 75.2579463, 33.0285066, 0.0 ], [ 75.2581058, 33.0281692, 0.0 ], [ 75.258185, 33.0278949, 0.0 ], [ 75.2582319, 33.027697, 0.0 ], [ 75.2582252, 33.0275272, 0.0 ], [ 75.2581407, 33.0272832, 0.0 ], [ 75.2579918, 33.0269909, 0.0 ], [ 75.2578631, 33.0268245, 0.0 ], [ 75.2576512, 33.0267311, 0.0 ], [ 75.257391, 33.0266693, 0.0 ], [ 75.2569284, 33.0266187, 0.0 ], [ 75.2566628, 33.0266131, 0.0 ], [ 75.2565569, 33.0266266, 0.0 ], [ 75.2563839, 33.0266671, 0.0 ], [ 75.2561559, 33.0266918, 0.0 ], [ 75.2558877, 33.0266603, 0.0 ], [ 75.2556798, 33.0265782, 0.0 ], [ 75.255539, 33.0264894, 0.0 ], [ 75.2553941, 33.026359, 0.0 ], [ 75.2552466, 33.0261768, 0.0 ], [ 75.2551675, 33.0260779, 0.0 ], [ 75.2550937, 33.0260183, 0.0 ], [ 75.2550133, 33.025989, 0.0 ], [ 75.2548644, 33.0259744, 0.0 ], [ 75.2547155, 33.0260104, 0.0 ], [ 75.254509, 33.0260801, 0.0 ], [ 75.2542917, 33.0261656, 0.0 ], [ 75.254041, 33.0262274, 0.0 ], [ 75.2538277, 33.0262342, 0.0 ], [ 75.2536131, 33.0261869, 0.0 ], [ 75.2534321, 33.0261161, 0.0 ], [ 75.2532792, 33.0259665, 0.0 ], [ 75.2531451, 33.0257293, 0.0 ], [ 75.2530016, 33.025401, 0.0 ], [ 75.2529158, 33.0252289, 0.0 ], [ 75.2528621, 33.025139, 0.0 ], [ 75.2527226, 33.0249557, 0.0 ], [ 75.2524772, 33.0247792, 0.0 ], [ 75.2523659, 33.0247421, 0.0 ], [ 75.2521312, 33.0247319, 0.0 ], [ 75.2519421, 33.0248028, 0.0 ], [ 75.2518214, 33.0248927, 0.0 ], [ 75.2516538, 33.0251176, 0.0 ], [ 75.251458, 33.0252795, 0.0 ], [ 75.2512608, 33.0253807, 0.0 ], [ 75.2511388, 33.025419, 0.0 ], [ 75.2506573, 33.0255359, 0.0 ], [ 75.2503248, 33.0256157, 0.0 ], [ 75.2499224, 33.0257181, 0.0 ], [ 75.2495724, 33.0257585, 0.0 ], [ 75.249394, 33.0257338, 0.0 ], [ 75.2492988, 33.0257124, 0.0 ], [ 75.2490909, 33.0256393, 0.0 ], [ 75.2488992, 33.0255055, 0.0 ], [ 75.2488106, 33.0253684, 0.0 ], [ 75.2487409, 33.0252188, 0.0 ], [ 75.2487047, 33.0250828, 0.0 ], [ 75.2486336, 33.0247454, 0.0 ], [ 75.2485974, 33.0242799, 0.0 ], [ 75.2485585, 33.0240494, 0.0 ], [ 75.2484512, 33.023838, 0.0 ], [ 75.2483909, 33.0237177, 0.0 ], [ 75.248246, 33.023576, 0.0 ], [ 75.2480771, 33.0234714, 0.0 ], [ 75.2479336, 33.0234006, 0.0 ], [ 75.2476922, 33.0233331, 0.0 ], [ 75.2472268, 33.0231723, 0.0 ], [ 75.2467078, 33.0230025, 0.0 ], [ 75.2465267, 33.022889, 0.0 ], [ 75.2464168, 33.0227833, 0.0 ], [ 75.2462706, 33.0226348, 0.0 ], [ 75.2461137, 33.0223582, 0.0 ], [ 75.2460547, 33.0222064, 0.0 ], [ 75.2460037, 33.0218781, 0.0 ], [ 75.2459568, 33.0216195, 0.0 ], [ 75.2460453, 33.0211326, 0.0 ], [ 75.2461874, 33.0207817, 0.0 ], [ 75.246217, 33.0204736, 0.0 ], [ 75.2461874, 33.0202442, 0.0 ], [ 75.2461365, 33.02008, 0.0 ], [ 75.245989, 33.0198327, 0.0 ], [ 75.2456564, 33.0195583, 0.0 ], [ 75.2451843, 33.0192794, 0.0 ], [ 75.2448812, 33.0191355, 0.0 ], [ 75.2446505, 33.0190545, 0.0 ], [ 75.2442428, 33.0189511, 0.0 ], [ 75.2440014, 33.0188566, 0.0 ], [ 75.2438566, 33.0187554, 0.0 ], [ 75.2437091, 33.0186834, 0.0 ], [ 75.2435133, 33.0186654, 0.0 ], [ 75.2433524, 33.0186789, 0.0 ], [ 75.243127, 33.0187329, 0.0 ], [ 75.242781, 33.0188409, 0.0 ], [ 75.2425182, 33.0188881, 0.0 ], [ 75.2422821, 33.0189308, 0.0 ], [ 75.2420542, 33.0189308, 0.0 ], [ 75.2418289, 33.0189331, 0.0 ], [ 75.2414963, 33.0188319, 0.0 ], [ 75.241161, 33.0187306, 0.0 ], [ 75.2409276, 33.0186654, 0.0 ], [ 75.240764, 33.0186519, 0.0 ], [ 75.2405494, 33.0186182, 0.0 ], [ 75.2403027, 33.0186744, 0.0 ], [ 75.2400425, 33.0187711, 0.0 ], [ 75.2397287, 33.018987, 0.0 ], [ 75.2394256, 33.0192142, 0.0 ], [ 75.2390581, 33.0193851, 0.0 ], [ 75.2387175, 33.019538, 0.0 ], [ 75.2384064, 33.0196145, 0.0 ], [ 75.2381864, 33.0196258, 0.0 ], [ 75.2379557, 33.019601, 0.0 ], [ 75.2376795, 33.0194728, 0.0 ], [ 75.2372128, 33.0191017, 0.0 ], [ 75.2370304, 33.0188566, 0.0 ], [ 75.2369419, 33.0186137, 0.0 ], [ 75.2369606, 33.0183281, 0.0 ], [ 75.2369955, 33.0178648, 0.0 ], [ 75.2370357, 33.0175522, 0.0 ], [ 75.2372074, 33.0172733, 0.0 ], [ 75.2373227, 33.0171001, 0.0 ], [ 75.2373576, 33.0169854, 0.0 ], [ 75.2373603, 33.0168729, 0.0 ], [ 75.2373335, 33.0167335, 0.0 ], [ 75.2372852, 33.0166368, 0.0 ], [ 75.2371725, 33.0165041, 0.0 ], [ 75.2369553, 33.0163871, 0.0 ], [ 75.2365744, 33.0162567, 0.0 ], [ 75.2360567, 33.0160745, 0.0 ], [ 75.2356839, 33.0159396, 0.0 ], [ 75.2351904, 33.0156989, 0.0 ], [ 75.2348632, 33.0155865, 0.0 ], [ 75.2344206, 33.0155572, 0.0 ], [ 75.2341282, 33.015519, 0.0 ], [ 75.2338198, 33.0153278, 0.0 ], [ 75.2336079, 33.0151299, 0.0 ], [ 75.2334979, 33.014995, 0.0 ], [ 75.2334657, 33.0147768, 0.0 ], [ 75.233447, 33.0145744, 0.0 ], [ 75.2333853, 33.0144484, 0.0 ], [ 75.2333263, 33.0143427, 0.0 ], [ 75.2331814, 33.0142573, 0.0 ], [ 75.2330124, 33.0141875, 0.0 ], [ 75.232712, 33.0141943, 0.0 ], [ 75.2320012, 33.014264, 0.0 ], [ 75.2316686, 33.0143157, 0.0 ], [ 75.2312797, 33.0143697, 0.0 ], [ 75.2308613, 33.0143697, 0.0 ], [ 75.2306092, 33.0143045, 0.0 ], [ 75.2304482, 33.0142078, 0.0 ], [ 75.2302793, 33.0140683, 0.0 ], [ 75.2301478, 33.0139379, 0.0 ], [ 75.2299064, 33.0137624, 0.0 ], [ 75.2296436, 33.0136657, 0.0 ], [ 75.2294478, 33.0135893, 0.0 ], [ 75.2291983, 33.013515, 0.0 ], [ 75.2288765, 33.013479, 0.0 ], [ 75.2285519, 33.013506, 0.0 ], [ 75.2282435, 33.0135398, 0.0 ], [ 75.2279994, 33.0134993, 0.0 ], [ 75.2276856, 33.0133688, 0.0 ], [ 75.2274924, 33.0132249, 0.0 ], [ 75.2274361, 33.0131349, 0.0 ], [ 75.2273905, 33.0130202, 0.0 ], [ 75.2273047, 33.0128538, 0.0 ], [ 75.2272242, 33.0126649, 0.0 ], [ 75.2270633, 33.0124129, 0.0 ], [ 75.2268755, 33.0121678, 0.0 ], [ 75.2267843, 33.0119676, 0.0 ], [ 75.226728, 33.0117607, 0.0 ], [ 75.2266878, 33.0114233, 0.0 ], [ 75.2266476, 33.0112389, 0.0 ], [ 75.2265832, 33.0111084, 0.0 ], [ 75.2264759, 33.010978, 0.0 ], [ 75.2262962, 33.0108835, 0.0 ], [ 75.2259985, 33.0108115, 0.0 ], [ 75.2256069, 33.010771, 0.0 ], [ 75.2251402, 33.0107013, 0.0 ], [ 75.2249068, 33.0105888, 0.0 ], [ 75.224711, 33.0105169, 0.0 ], [ 75.224542, 33.0104359, 0.0 ], [ 75.2241182, 33.0104112, 0.0 ], [ 75.2237964, 33.0104112, 0.0 ], [ 75.2235764, 33.0104382, 0.0 ], [ 75.2234128, 33.0104134, 0.0 ], [ 75.2230588, 33.0103279, 0.0 ], [ 75.2228871, 33.010238, 0.0 ], [ 75.2227262, 33.0101278, 0.0 ], [ 75.2223131, 33.010067, 0.0 ], [ 75.2220637, 33.010112, 0.0 ], [ 75.2219081, 33.0100963, 0.0 ], [ 75.2217069, 33.0099928, 0.0 ], [ 75.2212161, 33.0097814, 0.0 ], [ 75.2209586, 33.0097319, 0.0 ], [ 75.2206582, 33.0096644, 0.0 ], [ 75.2203444, 33.0095857, 0.0 ], [ 75.2200788, 33.0094597, 0.0 ], [ 75.2198803, 33.0093315, 0.0 ], [ 75.2197489, 33.0091583, 0.0 ], [ 75.2196953, 33.0090729, 0.0 ], [ 75.2196228, 33.0087782, 0.0 ], [ 75.2196282, 33.0086005, 0.0 ], [ 75.2196711, 33.0083104, 0.0 ], [ 75.2197999, 33.0079212, 0.0 ], [ 75.2198696, 33.0077323, 0.0 ], [ 75.2198186, 33.0073094, 0.0 ], [ 75.2197784, 33.007044, 0.0 ], [ 75.219757, 33.0066616, 0.0 ], [ 75.219757, 33.0063827, 0.0 ], [ 75.2197328, 33.006214, 0.0 ], [ 75.2196041, 33.0059823, 0.0 ], [ 75.2194324, 33.0057821, 0.0 ], [ 75.2192849, 33.0055595, 0.0 ], [ 75.218896, 33.0052648, 0.0 ], [ 75.2183515, 33.0047632, 0.0 ], [ 75.2180082, 33.004563, 0.0 ], [ 75.2177051, 33.0044415, 0.0 ], [ 75.2174851, 33.0043763, 0.0 ], [ 75.2171016, 33.0042188, 0.0 ], [ 75.2165517, 33.0040366, 0.0 ], [ 75.2162245, 33.0039084, 0.0 ], [ 75.2160533, 33.0038752, 0.0 ] ] } },
{ "type": "Feature", "properties": { "source_edge_id": "OSM_WAY_1264604065", "osm_way_id": "1264604065", "name": "nan" }, "geometry": { "type": "LineString", "coordinates": [ [ 75.2574199, 33.0287351, 0.0 ], [ 75.2573788, 33.0287955, 0.0 ], [ 75.257345, 33.028855, 0.0 ], [ 75.2573247, 33.0289117, 0.0 ], [ 75.2573129, 33.0290052, 0.0 ], [ 75.257323, 33.0290739, 0.0 ], [ 75.2573433, 33.0291426, 0.0 ] ] } },
{ "type": "Feature", "properties": { "source_edge_id": "OSM_WAY_1264604067", "osm_way_id": "1264604067", "name": "nan" }, "geometry": { "type": "LineString", "coordinates": [ [ 75.2573433, 33.0291426, 0.0 ], [ 75.2573678, 33.0292071, 0.0 ], [ 75.257399, 33.0292715, 0.0 ], [ 75.2574315, 33.0293291, 0.0 ], [ 75.2574681, 33.0293849, 0.0 ], [ 75.2574974, 33.0294233, 0.0 ], [ 75.2575308, 33.0294599, 0.0 ] ] } },
{ "type": "Feature", "properties": { "source_edge_id": "OSM_WAY_1264604066", "osm_way_id": "1264604066", "name": "nan" }, "geometry": { "type": "LineString", "coordinates": [ [ 75.2575308, 33.0294599, 0.0 ], [ 75.2575596, 33.029484, 0.0 ], [ 75.2576508, 33.0295534, 0.0 ], [ 75.2577387, 33.0295988, 0.0 ], [ 75.2578417, 33.0296328, 0.0 ], [ 75.2579276, 33.0296383, 0.0 ] ] } },
{ "type": "Feature", "properties": { "source_edge_id": "OSM_WAY_240147653", "osm_way_id": "240147653", "name": "nan" }, "geometry": { "type": "LineString", "coordinates": [ [ 75.4094403, 33.1129361, 0.0 ], [ 75.4093248, 33.1129594, 0.0 ], [ 75.4092194, 33.1131165, 0.0 ], [ 75.409258, 33.113445, 0.0 ], [ 75.4095065, 33.1139353, 0.0 ], [ 75.4101333, 33.1141304, 0.0 ], [ 75.410344, 33.1142169, 0.0 ], [ 75.4103791, 33.1143516, 0.0 ], [ 75.4100201, 33.1145505, 0.0 ], [ 75.409744, 33.1150454, 0.0 ], [ 75.4097109, 33.1156005, 0.0 ], [ 75.409606, 33.1158179, 0.0 ], [ 75.4088273, 33.1161555, 0.0 ], [ 75.4082308, 33.1165857, 0.0 ], [ 75.4079105, 33.1174645, 0.0 ], [ 75.408159, 33.1178855, 0.0 ], [ 75.4089322, 33.1187689, 0.0 ], [ 75.4093795, 33.118977, 0.0 ], [ 75.4096998, 33.1192869, 0.0 ], [ 75.4093685, 33.1201056, 0.0 ], [ 75.4094182, 33.1204525, 0.0 ], [ 75.4096777, 33.1214978, 0.0 ], [ 75.4098103, 33.1218493, 0.0 ], [ 75.4100367, 33.1219696, 0.0 ], [ 75.4106055, 33.1218447, 0.0 ], [ 75.4107823, 33.1220991, 0.0 ], [ 75.410843, 33.123334, 0.0 ], [ 75.4105945, 33.1247308, 0.0 ], [ 75.4104399, 33.1256419, 0.0 ], [ 75.4105779, 33.1263449, 0.0 ], [ 75.4105708, 33.1265821, 0.0 ], [ 75.4104564, 33.1266918, 0.0 ], [ 75.4103936, 33.1267287, 0.0 ], [ 75.4102106, 33.126711, 0.0 ], [ 75.409875, 33.1267842, 0.0 ], [ 75.4098317, 33.1267848, 0.0 ], [ 75.4097945, 33.1267641, 0.0 ], [ 75.4097892, 33.1267204, 0.0 ], [ 75.4098103, 33.1266918, 0.0 ], [ 75.4101858, 33.1265577, 0.0 ], [ 75.4102539, 33.1264723, 0.0 ], [ 75.4102521, 33.1263634, 0.0 ], [ 75.4101306, 33.1259425, 0.0 ], [ 75.4100659, 33.1257904, 0.0 ], [ 75.410082, 33.1255467, 0.0 ], [ 75.4100677, 33.1254392, 0.0 ], [ 75.4098221, 33.1250311, 0.0 ], [ 75.4098153, 33.1246101, 0.0 ], [ 75.4099594, 33.1243145, 0.0 ], [ 75.4099018, 33.1235898, 0.0 ], [ 75.409877, 33.1232961, 0.0 ], [ 75.4099608, 33.1230807, 0.0 ], [ 75.4100467, 33.1228904, 0.0 ], [ 75.4099638, 33.1225769, 0.0 ], [ 75.4099035, 33.1225198, 0.0 ], [ 75.409819, 33.1225257, 0.0 ], [ 75.4097846, 33.1225886, 0.0 ], [ 75.4098539, 33.1228201, 0.0 ], [ 75.4098268, 33.1229659, 0.0 ], [ 75.4096991, 33.1232011, 0.0 ], [ 75.4096612, 33.1233016, 0.0 ], [ 75.4095791, 33.1239571, 0.0 ], [ 75.4095574, 33.1241463, 0.0 ], [ 75.4092139, 33.1246799, 0.0 ], [ 75.4091517, 33.1251292, 0.0 ], [ 75.4092447, 33.1255829, 0.0 ], [ 75.4091345, 33.1256719, 0.0 ], [ 75.4089309, 33.1256719, 0.0 ], [ 75.4086616, 33.1255217, 0.0 ], [ 75.4084437, 33.1253087, 0.0 ], [ 75.4080731, 33.1251817, 0.0 ], [ 75.4078093, 33.1250332, 0.0 ], [ 75.4076163, 33.1248357, 0.0 ], [ 75.40763, 33.1243477, 0.0 ], [ 75.4075456, 33.1242, 0.0 ], [ 75.4072836, 33.1240357, 0.0 ], [ 75.4068647, 33.1235758, 0.0 ], [ 75.4064502, 33.1233961, 0.0 ], [ 75.4061006, 33.1232035, 0.0 ], [ 75.4058689, 33.1231621, 0.0 ], [ 75.4057103, 33.1232281, 0.0 ], [ 75.4056565, 33.1233143, 0.0 ], [ 75.4056461, 33.1233733, 0.0 ], [ 75.4057322, 33.1234647, 0.0 ], [ 75.4060029, 33.1236942, 0.0 ], [ 75.4061385, 33.1238674, 0.0 ], [ 75.4061686, 33.1239676, 0.0 ], [ 75.4060736, 33.1242249, 0.0 ], [ 75.4060061, 33.1242914, 0.0 ], [ 75.4058602, 33.1243291, 0.0 ], [ 75.405775, 33.1243681, 0.0 ], [ 75.4057296, 33.1244788, 0.0 ], [ 75.4057662, 33.1251047, 0.0 ], [ 75.4056807, 33.1254552, 0.0 ], [ 75.4054156, 33.1261027, 0.0 ], [ 75.4051118, 33.1263155, 0.0 ], [ 75.4049512, 33.1264279, 0.0 ], [ 75.4048704, 33.1268596, 0.0 ], [ 75.4048063, 33.1270198, 0.0 ], [ 75.4043798, 33.1275843, 0.0 ], [ 75.4043152, 33.1275992, 0.0 ], [ 75.4042677, 33.1275759, 0.0 ], [ 75.4042483, 33.1275411, 0.0 ], [ 75.404289, 33.1274486, 0.0 ], [ 75.4046442, 33.1269141, 0.0 ], [ 75.40465, 33.1266358, 0.0 ], [ 75.4046022, 33.1266058, 0.0 ], [ 75.4045155, 33.1266164, 0.0 ], [ 75.4044009, 33.1268074, 0.0 ], [ 75.4039411, 33.1275041, 0.0 ], [ 75.4037573, 33.1276216, 0.0 ], [ 75.4028476, 33.1279157, 0.0 ], [ 75.4013517, 33.1282256, 0.0 ], [ 75.4010744, 33.1281469, 0.0 ], [ 75.4006931, 33.1278711, 0.0 ], [ 75.4005329, 33.1277842, 0.0 ], [ 75.400145, 33.1279792, 0.0 ], [ 75.3995941, 33.1282966, 0.0 ], [ 75.3994552, 33.1282974, 0.0 ], [ 75.3990853, 33.1281421, 0.0 ], [ 75.3988151, 33.1281044, 0.0 ], [ 75.3980919, 33.1282458, 0.0 ], [ 75.3976185, 33.1284384, 0.0 ], [ 75.3970165, 33.1288433, 0.0 ], [ 75.3965291, 33.128921, 0.0 ], [ 75.3962104, 33.129124, 0.0 ], [ 75.3958498, 33.1294482, 0.0 ], [ 75.3957051, 33.1294973, 0.0 ], [ 75.3955405, 33.1294621, 0.0 ], [ 75.3954157, 33.1293958, 0.0 ], [ 75.3953362, 33.1291476, 0.0 ], [ 75.3952975, 33.1285417, 0.0 ], [ 75.3951873, 33.1283885, 0.0 ], [ 75.3946983, 33.128108, 0.0 ], [ 75.3945553, 33.1277972, 0.0 ], [ 75.3942985, 33.1276627, 0.0 ], [ 75.3938713, 33.1277167, 0.0 ], [ 75.3933426, 33.1279498, 0.0 ], [ 75.39247, 33.1282689, 0.0 ], [ 75.3923815, 33.1282763, 0.0 ], [ 75.3923006, 33.1282556, 0.0 ], [ 75.3922249, 33.1281815, 0.0 ], [ 75.3921994, 33.1280792, 0.0 ], [ 75.3921841, 33.1277578, 0.0 ], [ 75.3922603, 33.1275524, 0.0 ], [ 75.3924208, 33.127153, 0.0 ], [ 75.3925586, 33.1268256, 0.0 ], [ 75.3929352, 33.1262144, 0.0 ], [ 75.3932321, 33.1255679, 0.0 ], [ 75.3935612, 33.1253238, 0.0 ], [ 75.3936275, 33.1251796, 0.0 ], [ 75.3935193, 33.1250453, 0.0 ], [ 75.3932778, 33.1250382, 0.0 ], [ 75.3927793, 33.1251378, 0.0 ], [ 75.3921552, 33.1250499, 0.0 ], [ 75.3917355, 33.1251378, 0.0 ], [ 75.3912108, 33.1251332, 0.0 ], [ 75.3901174, 33.1246013, 0.0 ], [ 75.3895486, 33.123926, 0.0 ], [ 75.389532, 33.1233571, 0.0 ], [ 75.3894381, 33.1230149, 0.0 ], [ 75.389231, 33.1229666, 0.0 ], [ 75.3890298, 33.1229427, 0.0 ], [ 75.3889469, 33.1230146, 0.0 ], [ 75.3888417, 33.1234728, 0.0 ], [ 75.3885324, 33.1243608, 0.0 ], [ 75.3877396, 33.1253668, 0.0 ], [ 75.387591, 33.125729, 0.0 ], [ 75.3874723, 33.1258224, 0.0 ], [ 75.3873076, 33.125836, 0.0 ], [ 75.3870634, 33.1257668, 0.0 ], [ 75.3866658, 33.1253182, 0.0 ], [ 75.3862903, 33.1253089, 0.0 ], [ 75.3854343, 33.1253783, 0.0 ], [ 75.3845065, 33.1253875, 0.0 ], [ 75.3843021, 33.1252349, 0.0 ], [ 75.3837167, 33.1251193, 0.0 ], [ 75.3827779, 33.1255355, 0.0 ], [ 75.382303, 33.1253737, 0.0 ], [ 75.381817, 33.1247863, 0.0 ], [ 75.3816789, 33.124074, 0.0 ], [ 75.3815519, 33.1236069, 0.0 ], [ 75.381482, 33.1234815, 0.0 ], [ 75.3813956, 33.123425, 0.0 ], [ 75.3812371, 33.123445, 0.0 ], [ 75.3808395, 33.1235745, 0.0 ], [ 75.3805799, 33.1235606, 0.0 ], [ 75.380116, 33.1233294, 0.0 ], [ 75.379873, 33.123112, 0.0 ], [ 75.3797129, 33.1231629, 0.0 ], [ 75.3795748, 33.1234635, 0.0 ], [ 75.3795969, 33.1241018, 0.0 ], [ 75.3792821, 33.1248325, 0.0 ], [ 75.37889, 33.1259564, 0.0 ], [ 75.3785918, 33.1261738, 0.0 ], [ 75.3779843, 33.1260952, 0.0 ], [ 75.3774707, 33.1259518, 0.0 ], [ 75.3767583, 33.1259287, 0.0 ], [ 75.3761232, 33.1263218, 0.0 ], [ 75.3756262, 33.1262062, 0.0 ], [ 75.3751347, 33.1259425, 0.0 ], [ 75.3745548, 33.1258639, 0.0 ], [ 75.3745659, 33.1254384, 0.0 ], [ 75.3743947, 33.1248973, 0.0 ], [ 75.3740578, 33.1243515, 0.0 ], [ 75.3736988, 33.1241434, 0.0 ], [ 75.3735552, 33.1243145, 0.0 ], [ 75.3736547, 33.1250175, 0.0 ], [ 75.3732914, 33.1257283, 0.0 ], [ 75.3729048, 33.1263922, 0.0 ], [ 75.3727291, 33.1267061, 0.0 ], [ 75.3724479, 33.1272032, 0.0 ], [ 75.3720691, 33.1274943, 0.0 ], [ 75.3722292, 33.1283086, 0.0 ], [ 75.3722722, 33.1289037, 0.0 ], [ 75.3722097, 33.1290019, 0.0 ], [ 75.3719364, 33.1292079, 0.0 ], [ 75.3715888, 33.1297148, 0.0 ], [ 75.3711124, 33.1304244, 0.0 ], [ 75.3707453, 33.1316213, 0.0 ], [ 75.3705267, 33.132223, 0.0 ], [ 75.3701752, 33.1322164, 0.0 ], [ 75.3695973, 33.1318208, 0.0 ], [ 75.369195, 33.1315722, 0.0 ], [ 75.3686366, 33.1312321, 0.0 ], [ 75.3681407, 33.1311046, 0.0 ], [ 75.3675979, 33.1307449, 0.0 ], [ 75.3672386, 33.1308201, 0.0 ], [ 75.3671722, 33.1311831, 0.0 ], [ 75.3674924, 33.1319941, 0.0 ], [ 75.3674612, 33.1330928, 0.0 ], [ 75.3675461, 33.1338826, 0.0 ], [ 75.3674271, 33.1341405, 0.0 ], [ 75.3669153, 33.1344028, 0.0 ], [ 75.3664875, 33.1344156, 0.0 ], [ 75.3662354, 33.1344092, 0.0 ], [ 75.3659986, 33.1344156, 0.0 ], [ 75.3657084, 33.1343133, 0.0 ], [ 75.3655097, 33.1343133, 0.0 ], [ 75.3652347, 33.1343964, 0.0 ], [ 75.3648452, 33.1343261, 0.0 ], [ 75.3646083, 33.1341469, 0.0 ], [ 75.3644479, 33.1340126, 0.0 ], [ 75.36415, 33.1340062, 0.0 ], [ 75.3638292, 33.1339358, 0.0 ], [ 75.3635007, 33.1337887, 0.0 ], [ 75.3631722, 33.1336864, 0.0 ], [ 75.3631035, 33.1335201, 0.0 ], [ 75.3630958, 33.1333665, 0.0 ], [ 75.3631035, 33.1330787, 0.0 ], [ 75.3628819, 33.1330211, 0.0 ], [ 75.3627292, 33.1331043, 0.0 ], [ 75.3625458, 33.1332706, 0.0 ], [ 75.3625458, 33.1335648, 0.0 ], [ 75.3623854, 33.1338271, 0.0 ], [ 75.3623166, 33.1341022, 0.0 ], [ 75.3625535, 33.1343964, 0.0 ], [ 75.3629049, 33.1346907, 0.0 ], [ 75.3630271, 33.1349913, 0.0 ], [ 75.3631875, 33.1356822, 0.0 ], [ 75.3631417, 33.1361427, 0.0 ], [ 75.3629812, 33.1363922, 0.0 ], [ 75.3628514, 33.1366928, 0.0 ], [ 75.3627597, 33.1369423, 0.0 ], [ 75.3625687, 33.1372749, 0.0 ], [ 75.362393, 33.1375948, 0.0 ], [ 75.3620875, 33.1377611, 0.0 ], [ 75.3618125, 33.137921, 0.0 ], [ 75.3616368, 33.1381449, 0.0 ], [ 75.3614534, 33.1383496, 0.0 ], [ 75.3612396, 33.1385095, 0.0 ], [ 75.360934, 33.1386822, 0.0 ], [ 75.3606208, 33.1387781, 0.0 ], [ 75.3605138, 33.1388741, 0.0 ], [ 75.3604757, 33.1390404, 0.0 ], [ 75.3605291, 33.1395969, 0.0 ], [ 75.3605138, 33.1397952, 0.0 ], [ 75.3603076, 33.1398399, 0.0 ], [ 75.3600402, 33.1398527, 0.0 ], [ 75.3597652, 33.1399359, 0.0 ], [ 75.3594902, 33.140051, 0.0 ], [ 75.3593069, 33.1402301, 0.0 ], [ 75.359093, 33.1403453, 0.0 ], [ 75.358818, 33.1403708, 0.0 ], [ 75.3585277, 33.1404092, 0.0 ], [ 75.3580999, 33.1406011, 0.0 ], [ 75.3577638, 33.140857, 0.0 ], [ 75.3573819, 33.1412344, 0.0 ], [ 75.3572214, 33.1415606, 0.0 ], [ 75.3570839, 33.1419507, 0.0 ], [ 75.3568624, 33.1423345, 0.0 ], [ 75.356595, 33.1426479, 0.0 ], [ 75.3562742, 33.1429294, 0.0 ], [ 75.3561367, 33.1431532, 0.0 ], [ 75.3558617, 33.1434538, 0.0 ], [ 75.3556784, 33.1434794, 0.0 ], [ 75.3555027, 33.1434283, 0.0 ], [ 75.3551971, 33.1431148, 0.0 ], [ 75.3547311, 33.1427247, 0.0 ], [ 75.3545631, 33.1425712, 0.0 ], [ 75.3543568, 33.1423473, 0.0 ], [ 75.3541506, 33.1422769, 0.0 ], [ 75.3538908, 33.1422769, 0.0 ], [ 75.3537075, 33.1421746, 0.0 ], [ 75.3535165, 33.1419763, 0.0 ], [ 75.3533714, 33.1418804, 0.0 ], [ 75.3531728, 33.1416629, 0.0 ], [ 75.3529742, 33.1415478, 0.0 ], [ 75.352745, 33.1416501, 0.0 ], [ 75.3525693, 33.1418804, 0.0 ], [ 75.352111, 33.14252, 0.0 ], [ 75.3519887, 33.1430253, 0.0 ], [ 75.3516832, 33.1433707, 0.0 ], [ 75.3516373, 33.1437097, 0.0 ], [ 75.3515075, 33.1440167, 0.0 ], [ 75.3511103, 33.1442086, 0.0 ], [ 75.3508582, 33.1441574, 0.0 ], [ 75.3505602, 33.1441063, 0.0 ], [ 75.3501325, 33.1442278, 0.0 ], [ 75.3497811, 33.1443877, 0.0 ], [ 75.3494526, 33.1446883, 0.0 ], [ 75.3489943, 33.1449697, 0.0 ], [ 75.3486047, 33.1450721, 0.0 ], [ 75.3482686, 33.1451488, 0.0 ], [ 75.3479095, 33.1452128, 0.0 ], [ 75.3476422, 33.1452959, 0.0 ], [ 75.347306, 33.1453791, 0.0 ], [ 75.3471151, 33.1452128, 0.0 ], [ 75.3470234, 33.1451232, 0.0 ], [ 75.3466873, 33.1451168, 0.0 ], [ 75.3463359, 33.1450849, 0.0 ], [ 75.346071, 33.1450401, 0.0 ] ] } },
{ "type": "Feature", "properties": { "source_edge_id": "OSM_WAY_239956570", "osm_way_id": "239956570", "name": "nan" }, "geometry": { "type": "LineString", "coordinates": [ [ 75.2941635, 33.1294241, 0.0 ], [ 75.2941867, 33.1293991, 0.0 ], [ 75.2942037, 33.1293827, 0.0 ], [ 75.2942256, 33.1293649, 0.0 ], [ 75.2942475, 33.1293528, 0.0 ], [ 75.2942757, 33.1293416, 0.0 ], [ 75.2943093, 33.1293304, 0.0 ], [ 75.2943442, 33.1293227, 0.0 ], [ 75.2943885, 33.1293172, 0.0 ], [ 75.2944442, 33.129315, 0.0 ], [ 75.2945056, 33.1293181, 0.0 ], [ 75.2945625, 33.1293285, 0.0 ], [ 75.2946157, 33.1293494, 0.0 ], [ 75.2946649, 33.1293748, 0.0 ], [ 75.2947262, 33.1294066, 0.0 ], [ 75.2948116, 33.1294474, 0.0 ], [ 75.2948797, 33.1294791, 0.0 ], [ 75.2949451, 33.129504, 0.0 ], [ 75.295005, 33.1295253, 0.0 ], [ 75.2950651, 33.1295394, 0.0 ], [ 75.2951144, 33.1295456, 0.0 ], [ 75.2951968, 33.1295501, 0.0 ], [ 75.2952662, 33.1295479, 0.0 ], [ 75.2953156, 33.1295446, 0.0 ], [ 75.2953583, 33.129539, 0.0 ], [ 75.2954054, 33.1295316, 0.0 ], [ 75.2954692, 33.1295177, 0.0 ], [ 75.2955477, 33.1294983, 0.0 ], [ 75.2956658, 33.1294691, 0.0 ], [ 75.2957449, 33.1294523, 0.0 ], [ 75.2958154, 33.1294346, 0.0 ], [ 75.2958601, 33.1294224, 0.0 ], [ 75.2959012, 33.1294129, 0.0 ], [ 75.2959405, 33.1294076, 0.0 ], [ 75.2959732, 33.1294079, 0.0 ], [ 75.2960214, 33.1294105, 0.0 ], [ 75.2960952, 33.1294161, 0.0 ], [ 75.2961874, 33.1294264, 0.0 ], [ 75.2962369, 33.129431, 0.0 ], [ 75.2962697, 33.1294287, 0.0 ], [ 75.2963008, 33.1294231, 0.0 ], [ 75.2963446, 33.1294125, 0.0 ], [ 75.2964178, 33.1293939, 0.0 ], [ 75.296498, 33.1293786, 0.0 ], [ 75.2965783, 33.1293709, 0.0 ], [ 75.2966545, 33.12937, 0.0 ], [ 75.2967624, 33.1293709, 0.0 ], [ 75.2969487, 33.1293738, 0.0 ], [ 75.2970881, 33.1293823, 0.0 ], [ 75.2972356, 33.1293942, 0.0 ], [ 75.2973049, 33.1294049, 0.0 ], [ 75.2973715, 33.1294168, 0.0 ], [ 75.2974592, 33.1294361, 0.0 ], [ 75.2975509, 33.1294622, 0.0 ], [ 75.2976821, 33.1295045, 0.0 ], [ 75.2977919, 33.1295467, 0.0 ], [ 75.2979215, 33.1296005, 0.0 ], [ 75.2980739, 33.1296644, 0.0 ], [ 75.2982189, 33.1297328, 0.0 ], [ 75.2983773, 33.1298086, 0.0 ], [ 75.298478, 33.1298563, 0.0 ], [ 75.298551, 33.1298861, 0.0 ], [ 75.2986051, 33.1299069, 0.0 ], [ 75.2986505, 33.1299215, 0.0 ], [ 75.2986906, 33.129931, 0.0 ], [ 75.2987335, 33.1299358, 0.0 ], [ 75.2987777, 33.1299382, 0.0 ], [ 75.2988253, 33.1299394, 0.0 ], [ 75.2988689, 33.1299406, 0.0 ], [ 75.2989725, 33.1299389, 0.0 ], [ 75.2990989, 33.1299339, 0.0 ], [ 75.2992482, 33.1299268, 0.0 ], [ 75.2993886, 33.1299165, 0.0 ], [ 75.2994471, 33.1299141, 0.0 ], [ 75.2994894, 33.1299134, 0.0 ], [ 75.2995253, 33.1299164, 0.0 ], [ 75.2995545, 33.1299261, 0.0 ], [ 75.2995824, 33.1299402, 0.0 ], [ 75.2996433, 33.1299731, 0.0 ], [ 75.2997337, 33.1300183, 0.0 ], [ 75.2998213, 33.1300611, 0.0 ], [ 75.2999089, 33.1300973, 0.0 ], [ 75.300013, 33.1301355, 0.0 ], [ 75.300117, 33.1301738, 0.0 ], [ 75.3001665, 33.1301986, 0.0 ], [ 75.3002127, 33.1302278, 0.0 ], [ 75.3002589, 33.1302627, 0.0 ], [ 75.3003689, 33.1303759, 0.0 ], [ 75.3004763, 33.1304926, 0.0 ], [ 75.3005313, 33.1305465, 0.0 ], [ 75.3005796, 33.1305893, 0.0 ], [ 75.3006293, 33.1306258, 0.0 ], [ 75.3006723, 33.1306524, 0.0 ], [ 75.3007246, 33.130678, 0.0 ], [ 75.300801, 33.1307107, 0.0 ], [ 75.3008988, 33.1307512, 0.0 ], [ 75.3009729, 33.1307796, 0.0 ], [ 75.301029, 33.1307983, 0.0 ], [ 75.3010764, 33.1308091, 0.0 ], [ 75.3011363, 33.130819, 0.0 ], [ 75.3012177, 33.13083, 0.0 ], [ 75.3013067, 33.1308455, 0.0 ], [ 75.3013834, 33.1308644, 0.0 ], [ 75.301487, 33.1308935, 0.0 ], [ 75.3015693, 33.1309222, 0.0 ], [ 75.3016417, 33.1309523, 0.0 ], [ 75.3016899, 33.1309757, 0.0 ], [ 75.3017325, 33.1310013, 0.0 ], [ 75.3017725, 33.1310321, 0.0 ], [ 75.3018112, 33.1310685, 0.0 ], [ 75.3018982, 33.131165, 0.0 ], [ 75.3019933, 33.1312918, 0.0 ], [ 75.3021223, 33.1314579, 0.0 ], [ 75.302234, 33.1316184, 0.0 ], [ 75.3022612, 33.1316658, 0.0 ], [ 75.3022748, 33.1317064, 0.0 ], [ 75.302283, 33.1317424, 0.0 ], [ 75.3022912, 33.1318177, 0.0 ], [ 75.3022959, 33.1319584, 0.0 ], [ 75.3023068, 33.1320684, 0.0 ], [ 75.3023149, 33.1321195, 0.0 ], [ 75.3023298, 33.1321683, 0.0 ], [ 75.3023428, 33.1322054, 0.0 ], [ 75.3023553, 33.1322319, 0.0 ], [ 75.3023719, 33.132256, 0.0 ], [ 75.3023892, 33.1322749, 0.0 ], [ 75.3024103, 33.1322922, 0.0 ], [ 75.3024364, 33.1323073, 0.0 ], [ 75.3024852, 33.1323269, 0.0 ], [ 75.302547, 33.1323427, 0.0 ], [ 75.3026322, 33.1323564, 0.0 ], [ 75.3027522, 33.1323702, 0.0 ], [ 75.3028804, 33.1323753, 0.0 ], [ 75.302998, 33.1323738, 0.0 ], [ 75.3031138, 33.1323664, 0.0 ], [ 75.303224, 33.1323593, 0.0 ], [ 75.303322, 33.1323536, 0.0 ], [ 75.3033771, 33.1323534, 0.0 ], [ 75.3034222, 33.1323562, 0.0 ], [ 75.3035002, 33.1323654, 0.0 ], [ 75.3036278, 33.1323904, 0.0 ], [ 75.3038173, 33.1324358, 0.0 ], [ 75.3039222, 33.1324622, 0.0 ], [ 75.3041217, 33.1325132, 0.0 ], [ 75.3042248, 33.1325403, 0.0 ], [ 75.3043015, 33.1325562, 0.0 ], [ 75.3043499, 33.1325653, 0.0 ], [ 75.3043956, 33.1325709, 0.0 ], [ 75.3044331, 33.1325726, 0.0 ], [ 75.3044747, 33.1325724, 0.0 ], [ 75.304519, 33.1325687, 0.0 ], [ 75.304578, 33.1325612, 0.0 ], [ 75.3046612, 33.132547, 0.0 ], [ 75.3048515, 33.1325226, 0.0 ], [ 75.3049534, 33.1325137, 0.0 ], [ 75.3050057, 33.1325103, 0.0 ], [ 75.305052, 33.1325098, 0.0 ], [ 75.3051047, 33.1325117, 0.0 ], [ 75.3051519, 33.1325159, 0.0 ], [ 75.3051956, 33.1325229, 0.0 ], [ 75.3052566, 33.132537, 0.0 ], [ 75.305319, 33.1325557, 0.0 ], [ 75.3054375, 33.1325952, 0.0 ], [ 75.3055531, 33.132635, 0.0 ], [ 75.3056661, 33.1326737, 0.0 ], [ 75.3057717, 33.1327099, 0.0 ], [ 75.3059094, 33.1327563, 0.0 ], [ 75.3060349, 33.1327987, 0.0 ], [ 75.3061361, 33.1328333, 0.0 ], [ 75.3062831, 33.132886, 0.0 ], [ 75.306469, 33.1329499, 0.0 ], [ 75.3064967, 33.1329578, 0.0 ], [ 75.3065271, 33.1329658, 0.0 ], [ 75.3065777, 33.1329727, 0.0 ], [ 75.306619, 33.1329761, 0.0 ], [ 75.3066612, 33.1329767, 0.0 ], [ 75.3067044, 33.1329753, 0.0 ], [ 75.30674, 33.1329718, 0.0 ], [ 75.3067744, 33.1329638, 0.0 ], [ 75.3068055, 33.1329529, 0.0 ], [ 75.3068608, 33.1329308, 0.0 ], [ 75.3069986, 33.1328693, 0.0 ], [ 75.3071425, 33.1328105, 0.0 ], [ 75.3072315, 33.1327792, 0.0 ], [ 75.3073085, 33.1327603, 0.0 ], [ 75.3074083, 33.1327441, 0.0 ], [ 75.307468, 33.1327414, 0.0 ], [ 75.3075214, 33.1327464, 0.0 ], [ 75.3075625, 33.1327552, 0.0 ], [ 75.3076089, 33.1327696, 0.0 ], [ 75.3076537, 33.132789, 0.0 ], [ 75.3077529, 33.1328408, 0.0 ], [ 75.3078727, 33.1329084, 0.0 ], [ 75.3079473, 33.1329485, 0.0 ], [ 75.3080474, 33.1329931, 0.0 ], [ 75.3083223, 33.1331187, 0.0 ], [ 75.3084623, 33.133191, 0.0 ], [ 75.3085608, 33.1332489, 0.0 ], [ 75.3085983, 33.1332746, 0.0 ], [ 75.3086264, 33.1333009, 0.0 ], [ 75.3086472, 33.1333287, 0.0 ], [ 75.3086844, 33.1334156, 0.0 ], [ 75.3087204, 33.1335197, 0.0 ], [ 75.3087357, 33.1335526, 0.0 ], [ 75.3087555, 33.1335859, 0.0 ], [ 75.3087766, 33.133617, 0.0 ], [ 75.3087967, 33.1336443, 0.0 ], [ 75.3088161, 33.1336681, 0.0 ], [ 75.3088436, 33.1336952, 0.0 ], [ 75.3088753, 33.133721, 0.0 ], [ 75.3089262, 33.1337562, 0.0 ], [ 75.3090216, 33.1338088, 0.0 ], [ 75.3091077, 33.1338536, 0.0 ], [ 75.3092083, 33.1338973, 0.0 ], [ 75.3092909, 33.1339229, 0.0 ], [ 75.3093651, 33.1339391, 0.0 ], [ 75.3094263, 33.1339438, 0.0 ], [ 75.3094929, 33.133944, 0.0 ], [ 75.3095644, 33.1339378, 0.0 ], [ 75.3096479, 33.1339237, 0.0 ], [ 75.3097424, 33.1338992, 0.0 ], [ 75.3098728, 33.1338622, 0.0 ], [ 75.3100072, 33.1338253, 0.0 ], [ 75.3101249, 33.1338002, 0.0 ], [ 75.3101824, 33.1337925, 0.0 ], [ 75.3102366, 33.1337897, 0.0 ], [ 75.3102932, 33.1337872, 0.0 ], [ 75.3103498, 33.1337858, 0.0 ], [ 75.3104001, 33.1337816, 0.0 ], [ 75.3104454, 33.1337761, 0.0 ], [ 75.3104842, 33.1337655, 0.0 ], [ 75.3105229, 33.1337504, 0.0 ], [ 75.3105906, 33.1337171, 0.0 ], [ 75.3106605, 33.1336711, 0.0 ], [ 75.3107525, 33.1335977, 0.0 ], [ 75.310854, 33.1335018, 0.0 ], [ 75.3109282, 33.1334184, 0.0 ], [ 75.3109594, 33.1333835, 0.0 ], [ 75.3109817, 33.1333604, 0.0 ], [ 75.3110094, 33.1333373, 0.0 ], [ 75.3110511, 33.133314, 0.0 ], [ 75.3111585, 33.1332649, 0.0 ], [ 75.3112768, 33.1332148, 0.0 ], [ 75.3113857, 33.1331714, 0.0 ], [ 75.3115614, 33.1331004, 0.0 ], [ 75.3116346, 33.1330661, 0.0 ], [ 75.3116794, 33.1330428, 0.0 ], [ 75.3117125, 33.1330199, 0.0 ], [ 75.3117425, 33.132995, 0.0 ], [ 75.3117655, 33.1329679, 0.0 ], [ 75.3117886, 33.1329352, 0.0 ], [ 75.3118288, 33.1328672, 0.0 ], [ 75.3118839, 33.1327486, 0.0 ], [ 75.3119287, 33.132644, 0.0 ], [ 75.3119501, 33.1326061, 0.0 ], [ 75.3119756, 33.132567, 0.0 ], [ 75.3119998, 33.1325379, 0.0 ], [ 75.3120926, 33.1324457, 0.0 ], [ 75.3122326, 33.1323256, 0.0 ], [ 75.3123267, 33.1322263, 0.0 ], [ 75.3124168, 33.132137, 0.0 ], [ 75.3124724, 33.132074, 0.0 ], [ 75.3125143, 33.1320245, 0.0 ], [ 75.3125426, 33.131984, 0.0 ], [ 75.3125683, 33.1319435, 0.0 ], [ 75.3126406, 33.1318349, 0.0 ], [ 75.3127397, 33.1316948, 0.0 ], [ 75.3129291, 33.1314362, 0.0 ], [ 75.313128, 33.1311387, 0.0 ], [ 75.3132044, 33.1310424, 0.0 ], [ 75.3132595, 33.1309713, 0.0 ], [ 75.3132857, 33.130937, 0.0 ], [ 75.3133028, 33.1309085, 0.0 ], [ 75.3133154, 33.130873, 0.0 ], [ 75.3133213, 33.1308363, 0.0 ], [ 75.313328, 33.1307285, 0.0 ], [ 75.3133309, 33.1306113, 0.0 ], [ 75.3133394, 33.1305206, 0.0 ], [ 75.3133557, 33.130443, 0.0 ], [ 75.3133867, 33.1303537, 0.0 ], [ 75.313419, 33.1302869, 0.0 ], [ 75.3134761, 33.1301573, 0.0 ], [ 75.3135317, 33.1300476, 0.0 ], [ 75.3135574, 33.1299968, 0.0 ], [ 75.3135715, 33.1299501, 0.0 ], [ 75.3136041, 33.1297964, 0.0 ], [ 75.3136434, 33.1295821, 0.0 ], [ 75.3136794, 33.129356, 0.0 ], [ 75.3136865, 33.1292328, 0.0 ], [ 75.3136828, 33.1291275, 0.0 ], [ 75.3136623, 33.1289322, 0.0 ], [ 75.3136499, 33.1287336, 0.0 ], [ 75.3136361, 33.1285023, 0.0 ], [ 75.3136236, 33.1282879, 0.0 ], [ 75.3136095, 33.1279453, 0.0 ], [ 75.3136071, 33.127884, 0.0 ], [ 75.3136034, 33.1278509, 0.0 ], [ 75.3135965, 33.1278253, 0.0 ], [ 75.3135886, 33.1278039, 0.0 ], [ 75.3135767, 33.1277893, 0.0 ], [ 75.313562, 33.1277766, 0.0 ], [ 75.3135425, 33.1277681, 0.0 ], [ 75.3135247, 33.1277638, 0.0 ], [ 75.313503, 33.1277606, 0.0 ], [ 75.3134799, 33.1277622, 0.0 ], [ 75.3134621, 33.1277682, 0.0 ], [ 75.3134471, 33.1277793, 0.0 ], [ 75.3134329, 33.1277938, 0.0 ], [ 75.3134198, 33.1278128, 0.0 ], [ 75.3134099, 33.1278364, 0.0 ], [ 75.3134053, 33.1278588, 0.0 ], [ 75.3134069, 33.1278929, 0.0 ], [ 75.3134162, 33.1279375, 0.0 ], [ 75.313438, 33.1280015, 0.0 ], [ 75.3134666, 33.1280946, 0.0 ], [ 75.3134756, 33.1281332, 0.0 ], [ 75.313478, 33.128162, 0.0 ], [ 75.3134724, 33.1282088, 0.0 ], [ 75.3134544, 33.1282831, 0.0 ], [ 75.3133747, 33.1285462, 0.0 ], [ 75.3133251, 33.1287156, 0.0 ], [ 75.3132948, 33.1288441, 0.0 ], [ 75.3132742, 33.1289385, 0.0 ], [ 75.3132464, 33.1290606, 0.0 ], [ 75.313219, 33.1291491, 0.0 ], [ 75.313185, 33.1292309, 0.0 ], [ 75.3131329, 33.1293415, 0.0 ], [ 75.3130849, 33.1294273, 0.0 ], [ 75.3130137, 33.1295441, 0.0 ], [ 75.3129519, 33.129636, 0.0 ], [ 75.3128412, 33.1297847, 0.0 ], [ 75.3127573, 33.1299019, 0.0 ], [ 75.3126567, 33.1300354, 0.0 ], [ 75.3126028, 33.1300976, 0.0 ], [ 75.3125463, 33.1301597, 0.0 ], [ 75.312503, 33.1302021, 0.0 ], [ 75.3124529, 33.1302432, 0.0 ], [ 75.3123972, 33.1302785, 0.0 ], [ 75.3123425, 33.1303108, 0.0 ], [ 75.3122977, 33.1303336, 0.0 ], [ 75.3122592, 33.1303507, 0.0 ], [ 75.3122167, 33.1303711, 0.0 ], [ 75.3121615, 33.1303979, 0.0 ], [ 75.3121017, 33.1304326, 0.0 ], [ 75.3120417, 33.1304725, 0.0 ], [ 75.3120063, 33.130498, 0.0 ], [ 75.3119722, 33.1305246, 0.0 ], [ 75.3118891, 33.1306042, 0.0 ], [ 75.311743, 33.1307523, 0.0 ], [ 75.3115475, 33.1309409, 0.0 ], [ 75.3113781, 33.1311132, 0.0 ], [ 75.3113405, 33.1311478, 0.0 ], [ 75.3113122, 33.1311707, 0.0 ], [ 75.3112834, 33.1311878, 0.0 ], [ 75.3112532, 33.1312026, 0.0 ], [ 75.3112193, 33.1312171, 0.0 ], [ 75.3111755, 33.1312344, 0.0 ], [ 75.3111304, 33.1312484, 0.0 ], [ 75.3110597, 33.13127, 0.0 ], [ 75.310981, 33.1312882, 0.0 ], [ 75.3109208, 33.1313028, 0.0 ], [ 75.31087, 33.1313162, 0.0 ], [ 75.3108284, 33.131328, 0.0 ], [ 75.3107848, 33.1313447, 0.0 ], [ 75.310749, 33.1313586, 0.0 ], [ 75.310705, 33.1313803, 0.0 ], [ 75.3106287, 33.1314208, 0.0 ], [ 75.3105396, 33.1314702, 0.0 ], [ 75.310413, 33.1315533, 0.0 ], [ 75.3103136, 33.1316277, 0.0 ], [ 75.3102459, 33.1316868, 0.0 ], [ 75.3101406, 33.1317886, 0.0 ], [ 75.3100725, 33.1318482, 0.0 ], [ 75.3100168, 33.13189, 0.0 ], [ 75.3099656, 33.1319208, 0.0 ], [ 75.3099367, 33.1319356, 0.0 ], [ 75.309905, 33.1319459, 0.0 ], [ 75.3098706, 33.1319519, 0.0 ], [ 75.3098293, 33.1319523, 0.0 ], [ 75.3097751, 33.131948, 0.0 ], [ 75.3097155, 33.1319358, 0.0 ], [ 75.3096409, 33.1319135, 0.0 ], [ 75.3095139, 33.1318573, 0.0 ], [ 75.3093941, 33.1317909, 0.0 ], [ 75.3093257, 33.1317502, 0.0 ], [ 75.3092946, 33.1317224, 0.0 ], [ 75.3092702, 33.131695, 0.0 ], [ 75.3091842, 33.1315586, 0.0 ], [ 75.3091124, 33.131407, 0.0 ], [ 75.3090644, 33.1312979, 0.0 ], [ 75.3090584, 33.1312707, 0.0 ], [ 75.3090587, 33.131242, 0.0 ], [ 75.3090649, 33.1312147, 0.0 ], [ 75.3090792, 33.1311908, 0.0 ], [ 75.3090959, 33.1311696, 0.0 ], [ 75.3091165, 33.1311551, 0.0 ], [ 75.3091466, 33.1311453, 0.0 ], [ 75.3091779, 33.1311433, 0.0 ], [ 75.3092092, 33.1311452, 0.0 ], [ 75.3092328, 33.1311492, 0.0 ], [ 75.3092552, 33.1311567, 0.0 ], [ 75.3092856, 33.1311725, 0.0 ], [ 75.3093138, 33.1311976, 0.0 ], [ 75.309323, 33.1312122, 0.0 ], [ 75.3093315, 33.1312346, 0.0 ], [ 75.3093349, 33.1312581, 0.0 ], [ 75.3093336, 33.1312918, 0.0 ], [ 75.3093298, 33.1313364, 0.0 ], [ 75.3093245, 33.13139, 0.0 ], [ 75.3093236, 33.1314471, 0.0 ], [ 75.3093281, 33.131486, 0.0 ], [ 75.309333, 33.1315061, 0.0 ], [ 75.3093424, 33.1315285, 0.0 ], [ 75.3093545, 33.1315492, 0.0 ], [ 75.3093692, 33.1315654, 0.0 ], [ 75.3093843, 33.1315771, 0.0 ], [ 75.309411, 33.1315941, 0.0 ], [ 75.309446, 33.1316123, 0.0 ], [ 75.3095091, 33.1316369, 0.0 ], [ 75.3095641, 33.1316503, 0.0 ], [ 75.309597, 33.1316552, 0.0 ], [ 75.3096327, 33.1316576, 0.0 ], [ 75.3096699, 33.131658, 0.0 ], [ 75.3097051, 33.1316549, 0.0 ], [ 75.3097358, 33.1316516, 0.0 ], [ 75.3097659, 33.1316444, 0.0 ], [ 75.3097952, 33.1316344, 0.0 ], [ 75.3098204, 33.1316218, 0.0 ], [ 75.3098496, 33.1316041, 0.0 ], [ 75.3098926, 33.1315756, 0.0 ], [ 75.3099233, 33.1315482, 0.0 ], [ 75.3099417, 33.1315273, 0.0 ], [ 75.3099682, 33.1314893, 0.0 ], [ 75.3100161, 33.1314098, 0.0 ], [ 75.3100699, 33.1313312, 0.0 ], [ 75.3100988, 33.1312885, 0.0 ], [ 75.3101245, 33.1312526, 0.0 ], [ 75.3101511, 33.1312219, 0.0 ], [ 75.3101912, 33.1311773, 0.0 ], [ 75.3102763, 33.1310886, 0.0 ], [ 75.3103404, 33.1310306, 0.0 ], [ 75.3103779, 33.1309915, 0.0 ], [ 75.3104033, 33.1309641, 0.0 ], [ 75.3104308, 33.1309358, 0.0 ], [ 75.3104569, 33.1309041, 0.0 ], [ 75.3104769, 33.1308733, 0.0 ], [ 75.3105063, 33.1308156, 0.0 ], [ 75.3105336, 33.1307439, 0.0 ], [ 75.3105649, 33.1306586, 0.0 ], [ 75.3105964, 33.1305843, 0.0 ], [ 75.3106252, 33.1305267, 0.0 ], [ 75.3106604, 33.130462, 0.0 ], [ 75.3106994, 33.1303931, 0.0 ], [ 75.3107612, 33.1302939, 0.0 ], [ 75.3107934, 33.1302394, 0.0 ], [ 75.3108162, 33.1301999, 0.0 ], [ 75.3108337, 33.1301637, 0.0 ], [ 75.3108461, 33.1301296, 0.0 ], [ 75.3108611, 33.1300766, 0.0 ], [ 75.3108827, 33.1299921, 0.0 ], [ 75.3109426, 33.129676, 0.0 ], [ 75.3109948, 33.1294355, 0.0 ], [ 75.3110317, 33.1292866, 0.0 ], [ 75.3110448, 33.1292447, 0.0 ], [ 75.3110587, 33.1292137, 0.0 ], [ 75.3110739, 33.129186, 0.0 ], [ 75.3111575, 33.1290551, 0.0 ], [ 75.3113346, 33.1288152, 0.0 ], [ 75.3115266, 33.1285919, 0.0 ], [ 75.3116557, 33.1284304, 0.0 ], [ 75.3117414, 33.1283064, 0.0 ], [ 75.3117883, 33.1282298, 0.0 ], [ 75.3118131, 33.1281825, 0.0 ], [ 75.3118282, 33.1281459, 0.0 ], [ 75.3118392, 33.1281127, 0.0 ], [ 75.3118538, 33.128066, 0.0 ], [ 75.3118644, 33.1280035, 0.0 ], [ 75.3118735, 33.1278625, 0.0 ], [ 75.311872, 33.1275968, 0.0 ], [ 75.3118694, 33.1272722, 0.0 ], [ 75.3118543, 33.1269584, 0.0 ], [ 75.3118433, 33.1267227, 0.0 ], [ 75.3118431, 33.1266358, 0.0 ], [ 75.3118448, 33.1265576, 0.0 ], [ 75.3118498, 33.1264787, 0.0 ], [ 75.31186, 33.1263773, 0.0 ], [ 75.3118722, 33.1262773, 0.0 ], [ 75.3118769, 33.1262229, 0.0 ], [ 75.3118738, 33.1261845, 0.0 ], [ 75.3118667, 33.1261438, 0.0 ], [ 75.3118519, 33.1260962, 0.0 ], [ 75.3118236, 33.126034, 0.0 ], [ 75.3117757, 33.1259411, 0.0 ], [ 75.3117556, 33.1259055, 0.0 ], [ 75.3117424, 33.125874, 0.0 ], [ 75.3117344, 33.125846, 0.0 ], [ 75.3117225, 33.1258078, 0.0 ], [ 75.3117092, 33.1257422, 0.0 ], [ 75.3116985, 33.12566, 0.0 ], [ 75.3116932, 33.1256059, 0.0 ], [ 75.3116919, 33.1254556, 0.0 ], [ 75.3116867, 33.1252167, 0.0 ], [ 75.3116822, 33.1250983, 0.0 ], [ 75.3116812, 33.1249923, 0.0 ], [ 75.3116855, 33.1248885, 0.0 ], [ 75.3116966, 33.1247426, 0.0 ] ] } },
{ "type": "Feature", "properties": { "source_edge_id": "OSM_WAY_77347168", "osm_way_id": "77347168", "name": "nan" }, "geometry": { "type": "LineString", "coordinates": [ [ 75.2939347, 33.1298007, 0.0 ], [ 75.2941635, 33.1294241, 0.0 ] ] } },
{ "type": "Feature", "properties": { "source_edge_id": "OSM_WAY_1022603724", "osm_way_id": "1022603724", "name": "nan" }, "geometry": { "type": "LineString", "coordinates": [ [ 75.2944657, 33.1308374, 0.0 ], [ 75.2944494, 33.1307893, 0.0 ], [ 75.294427, 33.1307493, 0.0 ], [ 75.2942359, 33.1305382, 0.0 ], [ 75.2940977, 33.1303713, 0.0 ], [ 75.294056, 33.1303454, 0.0 ], [ 75.294, 33.1303212, 0.0 ] ] } },
{ "type": "Feature", "properties": { "source_edge_id": "OSM_WAY_1022603725", "osm_way_id": "1022603725", "name": "nan" }, "geometry": { "type": "LineString", "coordinates": [ [ 75.2944657, 33.1308374, 0.0 ], [ 75.2944067, 33.1308224, 0.0 ], [ 75.2943894, 33.1308156, 0.0 ], [ 75.2943457, 33.1307876, 0.0 ], [ 75.2941587, 33.1305697, 0.0 ], [ 75.2940369, 33.1304001, 0.0 ], [ 75.2940133, 33.1303637, 0.0 ], [ 75.294, 33.1303212, 0.0 ] ] } },
{ "type": "Feature", "properties": { "source_edge_id": "OSM_WAY_1022603726", "osm_way_id": "1022603726", "name": "nan" }, "geometry": { "type": "LineString", "coordinates": [ [ 75.2943894, 33.1308156, 0.0 ], [ 75.2943294, 33.1308046, 0.0 ], [ 75.294303, 33.1307927, 0.0 ], [ 75.2942781, 33.1307714, 0.0 ], [ 75.2942593, 33.1307501, 0.0 ], [ 75.2941302, 33.1305816, 0.0 ], [ 75.2940367, 33.1304377, 0.0 ], [ 75.2940174, 33.1304003, 0.0 ], [ 75.2940133, 33.1303637, 0.0 ] ] } },
{ "type": "Feature", "properties": { "source_edge_id": "OSM_WAY_483049616", "osm_way_id": "483049616", "name": "nan" }, "geometry": { "type": "LineString", "coordinates": [ [ 75.2939347, 33.1298007, 0.0 ], [ 75.2939261, 33.1298315, 0.0 ], [ 75.2939192, 33.1298671, 0.0 ], [ 75.293917, 33.1299041, 0.0 ], [ 75.29392, 33.1299349, 0.0 ], [ 75.2939292, 33.1299689, 0.0 ], [ 75.2939438, 33.1300082, 0.0 ], [ 75.2939639, 33.1300441, 0.0 ], [ 75.2939974, 33.1300891, 0.0 ], [ 75.2940403, 33.1301317, 0.0 ], [ 75.2941262, 33.1302047, 0.0 ], [ 75.2942804, 33.1303429, 0.0 ], [ 75.2944588, 33.1305035, 0.0 ], [ 75.2945553, 33.1306001, 0.0 ], [ 75.2946412, 33.130682, 0.0 ], [ 75.2946988, 33.1307337, 0.0 ], [ 75.2947511, 33.1307719, 0.0 ], [ 75.2948316, 33.1308269, 0.0 ], [ 75.2949724, 33.1309156, 0.0 ], [ 75.2951548, 33.1310268, 0.0 ], [ 75.2952581, 33.131083, 0.0 ], [ 75.2954083, 33.1311515, 0.0 ], [ 75.2956349, 33.1312705, 0.0 ], [ 75.2957972, 33.1313727, 0.0 ], [ 75.2958582, 33.1314244, 0.0 ] ] } },
{ "type": "Feature", "properties": { "source_edge_id": "OSM_WAY_833651570", "osm_way_id": "833651570", "name": "nan" }, "geometry": { "type": "LineString", "coordinates": [ [ 75.2935305, 33.1297571, 0.0 ], [ 75.293703, 33.1300684, 0.0 ], [ 75.2940831, 33.1305862, 0.0 ], [ 75.2942232, 33.1307927, 0.0 ], [ 75.294248, 33.1308249, 0.0 ], [ 75.2942718, 33.1308537, 0.0 ], [ 75.294296, 33.1308768, 0.0 ], [ 75.2943275, 33.1308995, 0.0 ], [ 75.2943629, 33.1309196, 0.0 ], [ 75.2944134, 33.1309412, 0.0 ], [ 75.2944579, 33.1309563, 0.0 ], [ 75.2945044, 33.1309714, 0.0 ], [ 75.2945999, 33.1309964, 0.0 ], [ 75.2946802, 33.1310166, 0.0 ], [ 75.294732, 33.1310325, 0.0 ], [ 75.2947983, 33.1310569, 0.0 ], [ 75.2948974, 33.1311031, 0.0 ], [ 75.2950068, 33.1311494, 0.0 ], [ 75.2951422, 33.131221, 0.0 ], [ 75.2952907, 33.1313012, 0.0 ], [ 75.2954196, 33.1314001, 0.0 ], [ 75.2954841, 33.131453, 0.0 ], [ 75.2955343, 33.1314931, 0.0 ], [ 75.2955898, 33.131542, 0.0 ], [ 75.2956267, 33.1315895, 0.0 ], [ 75.2956494, 33.1316165, 0.0 ] ] } },
{ "type": "Feature", "properties": { "source_edge_id": "OSM_WAY_102024474", "osm_way_id": "102024474", "name": "nan" }, "geometry": { "type": "LineString", "coordinates": [ [ 75.346071, 33.1450401, 0.0 ], [ 75.3452669, 33.144661, 0.0 ], [ 75.344782, 33.1448016, 0.0 ], [ 75.3447261, 33.1453169, 0.0 ], [ 75.3447634, 33.1459571, 0.0 ], [ 75.3444463, 33.1465349, 0.0 ], [ 75.3439388, 33.146965, 0.0 ], [ 75.3432823, 33.1471774, 0.0 ], [ 75.342417, 33.1472523, 0.0 ], [ 75.3419097, 33.1469525, 0.0 ], [ 75.3418351, 33.1468026, 0.0 ], [ 75.3412682, 33.1468276, 0.0 ], [ 75.340731, 33.1471024, 0.0 ], [ 75.3404326, 33.1472773, 0.0 ], [ 75.3399701, 33.1471774, 0.0 ], [ 75.3394927, 33.1471524, 0.0 ], [ 75.3387169, 33.1471524, 0.0 ], [ 75.3381051, 33.1472023, 0.0 ], [ 75.3376575, 33.1470774, 0.0 ], [ 75.3372398, 33.1470774, 0.0 ], [ 75.3367773, 33.1469525, 0.0 ], [ 75.3364938, 33.1466027, 0.0 ], [ 75.3361208, 33.1462654, 0.0 ], [ 75.3358522, 33.1460906, 0.0 ], [ 75.3358224, 33.1457782, 0.0 ], [ 75.3357926, 33.1450662, 0.0 ], [ 75.3354345, 33.144604, 0.0 ], [ 75.3353748, 33.1443666, 0.0 ], [ 75.3356284, 33.1441168, 0.0 ], [ 75.3360313, 33.1438669, 0.0 ], [ 75.3362998, 33.1435671, 0.0 ], [ 75.3362849, 33.1433298, 0.0 ], [ 75.3362998, 33.142855, 0.0 ], [ 75.3365833, 33.1424178, 0.0 ], [ 75.3366131, 33.1420305, 0.0 ], [ 75.3365982, 33.1417432, 0.0 ], [ 75.3363744, 33.1417057, 0.0 ], [ 75.3360014, 33.1417432, 0.0 ], [ 75.3358224, 33.1416183, 0.0 ], [ 75.3354046, 33.1414559, 0.0 ], [ 75.3350316, 33.1416058, 0.0 ], [ 75.3347034, 33.1417432, 0.0 ], [ 75.3342856, 33.1418057, 0.0 ], [ 75.3339425, 33.1416308, 0.0 ], [ 75.3338977, 33.1412435, 0.0 ], [ 75.3339872, 33.1408187, 0.0 ], [ 75.3340171, 33.140294, 0.0 ], [ 75.3340171, 33.1396819, 0.0 ], [ 75.3339574, 33.139382, 0.0 ], [ 75.3335098, 33.1392071, 0.0 ], [ 75.3331965, 33.1389073, 0.0 ], [ 75.3330622, 33.1383451, 0.0 ], [ 75.3330771, 33.1377829, 0.0 ], [ 75.3332114, 33.1373581, 0.0 ], [ 75.333335, 33.1368789, 0.0 ], [ 75.3336119, 33.136703, 0.0 ], [ 75.3336883, 33.136607, 0.0 ], [ 75.3336883, 33.1363991, 0.0 ], [ 75.3334973, 33.1363112, 0.0 ], [ 75.3332013, 33.1363592, 0.0 ], [ 75.3330294, 33.1363671, 0.0 ], [ 75.3328098, 33.1362392, 0.0 ], [ 75.3328289, 33.1360073, 0.0 ], [ 75.3329912, 33.1356155, 0.0 ], [ 75.3332968, 33.1350638, 0.0 ], [ 75.333354, 33.1348, 0.0 ], [ 75.3334018, 33.1345041, 0.0 ], [ 75.3332681, 33.1343282, 0.0 ], [ 75.3332299, 33.1341603, 0.0 ], [ 75.3333445, 33.1339924, 0.0 ], [ 75.3335737, 33.1338244, 0.0 ], [ 75.3335832, 33.1336565, 0.0 ], [ 75.3334973, 33.1334726, 0.0 ], [ 75.3334591, 33.1332247, 0.0 ], [ 75.3334495, 33.1329449, 0.0 ], [ 75.3336214, 33.132705, 0.0 ], [ 75.3338601, 33.1325051, 0.0 ], [ 75.3339556, 33.1323292, 0.0 ], [ 75.3339556, 33.1321452, 0.0 ], [ 75.333927, 33.1318974, 0.0 ], [ 75.3340034, 33.1316575, 0.0 ], [ 75.3340702, 33.1314336, 0.0 ], [ 75.3340607, 33.1312017, 0.0 ], [ 75.3339079, 33.1308738, 0.0 ], [ 75.3338601, 33.1306339, 0.0 ], [ 75.3338506, 33.130402, 0.0 ], [ 75.3338219, 33.1302661, 0.0 ], [ 75.3336883, 33.1300902, 0.0 ], [ 75.3334591, 33.1298503, 0.0 ], [ 75.3335068, 33.1295144, 0.0 ], [ 75.333631, 33.1293865, 0.0 ], [ 75.3337264, 33.1292426, 0.0 ], [ 75.3337646, 33.1289387, 0.0 ], [ 75.3337646, 33.1286828, 0.0 ], [ 75.3339843, 33.1284349, 0.0 ], [ 75.3342421, 33.128187, 0.0 ], [ 75.3346336, 33.1279311, 0.0 ], [ 75.3349773, 33.1277712, 0.0 ], [ 75.3351492, 33.1276273, 0.0 ], [ 75.3350633, 33.1274993, 0.0 ], [ 75.3348055, 33.1273714, 0.0 ], [ 75.3345572, 33.1273314, 0.0 ], [ 75.3341848, 33.1272114, 0.0 ], [ 75.334032, 33.1270275, 0.0 ], [ 75.3338124, 33.1264757, 0.0 ], [ 75.3338124, 33.1260519, 0.0 ], [ 75.3339556, 33.125748, 0.0 ], [ 75.3341466, 33.1254841, 0.0 ], [ 75.3345763, 33.1251243, 0.0 ], [ 75.3348055, 33.1249324, 0.0 ], [ 75.3348532, 33.1247164, 0.0 ], [ 75.3346909, 33.1245005, 0.0 ], [ 75.3346145, 33.1243406, 0.0 ], [ 75.334624, 33.1240047, 0.0 ], [ 75.33471, 33.1237088, 0.0 ], [ 75.3349391, 33.1233809, 0.0 ], [ 75.3350442, 33.123165, 0.0 ], [ 75.3350633, 33.1228691, 0.0 ], [ 75.3350824, 33.1225972, 0.0 ], [ 75.335197, 33.1222933, 0.0 ], [ 75.3352638, 33.1220534, 0.0 ], [ 75.3355598, 33.1218695, 0.0 ], [ 75.3357508, 33.1215736, 0.0 ], [ 75.3356266, 33.1214057, 0.0 ], [ 75.3354548, 33.1212857, 0.0 ], [ 75.3353115, 33.1210138, 0.0 ], [ 75.3353975, 33.1207339, 0.0 ], [ 75.3356648, 33.120414, 0.0 ], [ 75.3359609, 33.1201981, 0.0 ], [ 75.3363237, 33.1200861, 0.0 ], [ 75.3364765, 33.1199741, 0.0 ], [ 75.3365338, 33.1197982, 0.0 ], [ 75.3364001, 33.1195583, 0.0 ], [ 75.3362378, 33.1193503, 0.0 ], [ 75.3362282, 33.1191184, 0.0 ], [ 75.3362855, 33.1187266, 0.0 ], [ 75.3364478, 33.1184226, 0.0 ], [ 75.3364765, 33.1181347, 0.0 ], [ 75.3364478, 33.1179108, 0.0 ], [ 75.336381, 33.1175669, 0.0 ], [ 75.3364956, 33.117271, 0.0 ], [ 75.3366675, 33.1170551, 0.0 ], [ 75.3368489, 33.1167592, 0.0 ], [ 75.3371449, 33.1163993, 0.0 ], [ 75.3375937, 33.1160634, 0.0 ], [ 75.3379017, 33.1158646, 0.0 ] ] } },
{ "type": "Feature", "properties": { "source_edge_id": "OSM_WAY_833651571", "osm_way_id": "833651571", "name": "nan" }, "geometry": { "type": "Polygon", "coordinates": [ [ [ 75.29566, 33.1316599, 0.0 ], [ 75.2956774, 33.1316961, 0.0 ], [ 75.2957, 33.1317323, 0.0 ], [ 75.295736, 33.1317648, 0.0 ], [ 75.2957843, 33.131794, 0.0 ], [ 75.2958961, 33.1318097, 0.0 ], [ 75.2960033, 33.1317789, 0.0 ], [ 75.2960197, 33.1317535, 0.0 ], [ 75.2961079, 33.131617, 0.0 ], [ 75.2960738, 33.1315158, 0.0 ], [ 75.2959814, 33.1314446, 0.0 ], [ 75.2958582, 33.1314244, 0.0 ], [ 75.2958164, 33.1314305, 0.0 ], [ 75.2957187, 33.1314764, 0.0 ], [ 75.2956583, 33.1315553, 0.0 ], [ 75.2956494, 33.1316165, 0.0 ], [ 75.29566, 33.1316599, 0.0 ] ] ] } },
{ "type": "Feature", "properties": { "source_edge_id": "OSM_WAY_1353661744", "osm_way_id": "1353661744", "name": "nan" }, "geometry": { "type": "LineString", "coordinates": [ [ 75.2960197, 33.1317535, 0.0 ], [ 75.2962536, 33.1318422, 0.0 ], [ 75.2963564, 33.1319438, 0.0 ], [ 75.2964078, 33.1320885, 0.0 ], [ 75.2964078, 33.1322723, 0.0 ], [ 75.2963984, 33.1326126, 0.0 ], [ 75.2964358, 33.1327651, 0.0 ], [ 75.2965012, 33.1329098, 0.0 ], [ 75.2965992, 33.1330623, 0.0 ], [ 75.2970242, 33.1334064, 0.0 ], [ 75.2975145, 33.133864, 0.0 ] ] } },
{ "type": "Feature", "properties": { "source_edge_id": "OSM_WAY_1353661747", "osm_way_id": "1353661747", "name": "nan" }, "geometry": { "type": "LineString", "coordinates": [ [ 75.2981059, 33.1341608, 0.0 ], [ 75.2977856, 33.1338539, 0.0 ], [ 75.2975375, 33.1336521, 0.0 ] ] } },
{ "type": "Feature", "properties": { "source_edge_id": "OSM_WAY_1353661743", "osm_way_id": "1353661743", "name": "nan" }, "geometry": { "type": "LineString", "coordinates": [ [ 75.2978508, 33.1341534, 0.0 ], [ 75.2979722, 33.1342863, 0.0 ], [ 75.2980656, 33.1344076, 0.0 ], [ 75.2981263, 33.1346735, 0.0 ], [ 75.298117, 33.1349942, 0.0 ], [ 75.298131, 33.1351701, 0.0 ], [ 75.2982104, 33.1354087, 0.0 ], [ 75.2983458, 33.1356003, 0.0 ], [ 75.2988175, 33.1362299, 0.0 ], [ 75.299135, 33.136793, 0.0 ], [ 75.2993966, 33.1371645, 0.0 ], [ 75.299985, 33.1379505, 0.0 ], [ 75.3006855, 33.1390611, 0.0 ], [ 75.3008536, 33.1392449, 0.0 ], [ 75.3010264, 33.1393622, 0.0 ], [ 75.3012319, 33.1394208, 0.0 ], [ 75.3016195, 33.1394482, 0.0 ], [ 75.3018063, 33.1394951, 0.0 ], [ 75.3019884, 33.1395694, 0.0 ], [ 75.3023573, 33.1399565, 0.0 ], [ 75.3027356, 33.1403632, 0.0 ], [ 75.3029876, 33.1404559, 0.0 ] ] } },
{ "type": "Feature", "properties": { "source_edge_id": "OSM_WAY_419337446", "osm_way_id": "419337446", "name": "nan" }, "geometry": { "type": "LineString", "coordinates": [ [ 74.9633995, 32.8938042, 0.0 ], [ 74.9629368, 32.8934382, 0.0 ], [ 74.9627008, 32.8932648, 0.0 ], [ 74.9623963, 32.8930722, 0.0 ], [ 74.9620369, 32.892865, 0.0 ], [ 74.9616654, 32.8926645, 0.0 ], [ 74.9612577, 32.8924618, 0.0 ] ] } },
{ "type": "Feature", "properties": { "source_edge_id": "OSM_WAY_419337466", "osm_way_id": "419337466", "name": "nan" }, "geometry": { "type": "LineString", "coordinates": [ [ 74.9611679, 32.8925654, 0.0 ], [ 74.9615313, 32.8927389, 0.0 ], [ 74.9619739, 32.8929686, 0.0 ], [ 74.9624084, 32.8932321, 0.0 ], [ 74.9628282, 32.8935125, 0.0 ], [ 74.9632882, 32.893879, 0.0 ] ] } },
{ "type": "Feature", "properties": { "source_edge_id": "OSM_WAY_1121637305", "osm_way_id": "1121637305", "name": "nan" }, "geometry": { "type": "LineString", "coordinates": [ [ 74.9542444, 32.8942715, 0.0 ], [ 74.9541378, 32.8942771, 0.0 ], [ 74.9540171, 32.8942698, 0.0 ], [ 74.9537945, 32.8942574, 0.0 ] ] } },
{ "type": "Feature", "properties": { "source_edge_id": "OSM_WAY_1115557267", "osm_way_id": "1115557267", "name": "nan" }, "geometry": { "type": "LineString", "coordinates": [ [ 74.9537945, 32.8942574, 0.0 ], [ 74.9539407, 32.8943481, 0.0 ], [ 74.9540433, 32.8943954, 0.0 ], [ 74.9541539, 32.8944201, 0.0 ], [ 74.9542679, 32.8944145, 0.0 ] ] } },
{ "type": "Feature", "properties": { "source_edge_id": "OSM_WAY_126906433", "osm_way_id": "126906433", "name": "nan" }, "geometry": { "type": "LineString", "coordinates": [ [ 74.9537945, 32.8942574, 0.0 ], [ 74.9537004, 32.8942227, 0.0 ], [ 74.9536255, 32.8941994, 0.0 ], [ 74.9535236, 32.8941893, 0.0 ], [ 74.9534123, 32.8942118, 0.0 ], [ 74.9533117, 32.8942557, 0.0 ], [ 74.9532299, 32.8943109, 0.0 ], [ 74.9531347, 32.8944055, 0.0 ], [ 74.9529858, 32.8945755, 0.0 ], [ 74.9528798, 32.8946938, 0.0 ], [ 74.9527216, 32.8948548, 0.0 ], [ 74.9525727, 32.8950237, 0.0 ], [ 74.9524748, 32.8951453, 0.0 ], [ 74.952389, 32.8952669, 0.0 ], [ 74.9523172, 32.8953783, 0.0 ], [ 74.9523018, 32.8954021, 0.0 ], [ 74.952224, 32.8955, 0.0 ], [ 74.9521583, 32.8955631, 0.0 ], [ 74.9520752, 32.8956307, 0.0 ], [ 74.9519786, 32.8956915, 0.0 ], [ 74.951819, 32.8957872, 0.0 ], [ 74.9516742, 32.895884, 0.0 ], [ 74.9515522, 32.8959809, 0.0 ], [ 74.9514596, 32.8960676, 0.0 ], [ 74.9513684, 32.8961757, 0.0 ], [ 74.9512812, 32.8962827, 0.0 ], [ 74.951182, 32.8964178, 0.0 ], [ 74.9510935, 32.8965281, 0.0 ], [ 74.9510181, 32.8965976, 0.0 ], [ 74.9509326, 32.8966486, 0.0 ], [ 74.9508414, 32.8966779, 0.0 ], [ 74.9507408, 32.8966948, 0.0 ], [ 74.9506067, 32.8966937, 0.0 ], [ 74.950585, 32.8966905, 0.0 ], [ 74.9504417, 32.8966695, 0.0 ], [ 74.9503485, 32.8966464, 0.0 ], [ 74.950258, 32.8966143, 0.0 ], [ 74.9501634, 32.8965692, 0.0 ], [ 74.9500313, 32.8964955, 0.0 ] ] } },
{ "type": "Feature", "properties": { "source_edge_id": "OSM_WAY_608901469", "osm_way_id": "608901469", "name": "nan" }, "geometry": { "type": "LineString", "coordinates": [ [ 74.9308969, 32.9221046, 0.0 ], [ 74.9308756, 32.9221778, 0.0 ], [ 74.9308522, 32.9222408, 0.0 ], [ 74.9308288, 32.9222904, 0.0 ], [ 74.9308157, 32.9223249, 0.0 ], [ 74.9307916, 32.9223797, 0.0 ], [ 74.9307604, 32.9224586, 0.0 ], [ 74.9307348, 32.9225218, 0.0 ], [ 74.9307011, 32.9225995, 0.0 ], [ 74.9306494, 32.9227212, 0.0 ], [ 74.9305987, 32.9228445, 0.0 ], [ 74.9305552, 32.9229383, 0.0 ], [ 74.9305342, 32.9229767, 0.0 ], [ 74.9305143, 32.9230061, 0.0 ], [ 74.9304876, 32.9230399, 0.0 ], [ 74.9304463, 32.9230919, 0.0 ], [ 74.9303747, 32.9231764, 0.0 ], [ 74.9303081, 32.9232569, 0.0 ], [ 74.930266, 32.9233186, 0.0 ], [ 74.9302202, 32.9233945, 0.0 ], [ 74.9301799, 32.9234718, 0.0 ], [ 74.9301462, 32.923548, 0.0 ], [ 74.930119, 32.9236255, 0.0 ], [ 74.9300893, 32.9237195, 0.0 ], [ 74.9300637, 32.9238306, 0.0 ], [ 74.9300348, 32.9239357, 0.0 ], [ 74.9300016, 32.9240288, 0.0 ], [ 74.9299649, 32.9241181, 0.0 ], [ 74.9299161, 32.9242288, 0.0 ], [ 74.9298709, 32.9243278, 0.0 ], [ 74.9298201, 32.9244369, 0.0 ], [ 74.9297733, 32.9245376, 0.0 ], [ 74.9297297, 32.9246161, 0.0 ], [ 74.9296811, 32.924697, 0.0 ], [ 74.9296247, 32.9247825, 0.0 ], [ 74.9295763, 32.9248512, 0.0 ], [ 74.9295427, 32.9249052, 0.0 ], [ 74.9295139, 32.9249591, 0.0 ], [ 74.929474, 32.9250435, 0.0 ], [ 74.9294245, 32.9251645, 0.0 ], [ 74.9293877, 32.9252531, 0.0 ], [ 74.9293492, 32.9253267, 0.0 ], [ 74.9293152, 32.9253849, 0.0 ], [ 74.9292678, 32.925451, 0.0 ], [ 74.9292243, 32.9255063, 0.0 ], [ 74.9291463, 32.9255948, 0.0 ], [ 74.9290563, 32.9256953, 0.0 ], [ 74.9289623, 32.9257981, 0.0 ], [ 74.9288321, 32.9259386, 0.0 ], [ 74.9284184, 32.9263803, 0.0 ], [ 74.9282759, 32.926537, 0.0 ], [ 74.9281691, 32.9266671, 0.0 ], [ 74.928103, 32.9267603, 0.0 ], [ 74.9280368, 32.9268591, 0.0 ], [ 74.9279383, 32.9270269, 0.0 ], [ 74.9278642, 32.9271637, 0.0 ], [ 74.9278062, 32.9272892, 0.0 ], [ 74.9277547, 32.9274242, 0.0 ], [ 74.9277236, 32.9275356, 0.0 ], [ 74.9276839, 32.9276723, 0.0 ], [ 74.9276039, 32.9279666, 0.0 ], [ 74.927529, 32.9282723, 0.0 ], [ 74.9275133, 32.928349, 0.0 ], [ 74.9274989, 32.9284392, 0.0 ], [ 74.9274644, 32.9286313, 0.0 ], [ 74.927438, 32.9287671, 0.0 ], [ 74.9274039, 32.9288939, 0.0 ], [ 74.9273774, 32.9289865, 0.0 ], [ 74.9273441, 32.9290711, 0.0 ], [ 74.9272711, 32.9292181, 0.0 ], [ 74.9271928, 32.9293943, 0.0 ], [ 74.9271552, 32.9294815, 0.0 ], [ 74.9271304, 32.9295583, 0.0 ], [ 74.9271167, 32.9296361, 0.0 ], [ 74.9270951, 32.9297965, 0.0 ], [ 74.9270694, 32.9300031, 0.0 ], [ 74.9270341, 32.930211, 0.0 ], [ 74.9270225, 32.9302632, 0.0 ], [ 74.9270033, 32.9303265, 0.0 ], [ 74.9269575, 32.9304447, 0.0 ], [ 74.9268902, 32.9306216, 0.0 ], [ 74.9267425, 32.9309842, 0.0 ], [ 74.9266741, 32.9311701, 0.0 ], [ 74.9266452, 32.9312675, 0.0 ], [ 74.9266308, 32.931332, 0.0 ], [ 74.9266209, 32.9313833, 0.0 ], [ 74.9266159, 32.9314282, 0.0 ], [ 74.9266137, 32.9314718, 0.0 ], [ 74.9266156, 32.9315352, 0.0 ], [ 74.9266293, 32.9316221, 0.0 ], [ 74.9266549, 32.9317398, 0.0 ], [ 74.9266717, 32.9318403, 0.0 ], [ 74.9266802, 32.9319254, 0.0 ], [ 74.9266817, 32.9320198, 0.0 ], [ 74.9266744, 32.9321367, 0.0 ], [ 74.9266564, 32.932283, 0.0 ], [ 74.9266233, 32.9324577, 0.0 ], [ 74.9265961, 32.9326193, 0.0 ], [ 74.9265731, 32.9328071, 0.0 ], [ 74.9265637, 32.9329166, 0.0 ], [ 74.9265609, 32.933066, 0.0 ], [ 74.9265582, 32.9331857, 0.0 ], [ 74.9265501, 32.933292, 0.0 ], [ 74.9265371, 32.9333645, 0.0 ], [ 74.9263797, 32.9339577, 0.0 ], [ 74.9263294, 32.9341536, 0.0 ], [ 74.9263012, 32.9343033, 0.0 ], [ 74.926277, 32.9344519, 0.0 ], [ 74.9262559, 32.9345858, 0.0 ], [ 74.9262272, 32.9347254, 0.0 ], [ 74.9261634, 32.9350203, 0.0 ], [ 74.9261068, 32.93526, 0.0 ], [ 74.9260516, 32.9354609, 0.0 ], [ 74.925982, 32.9356821, 0.0 ], [ 74.9259356, 32.9358599, 0.0 ], [ 74.9259198, 32.935923, 0.0 ], [ 74.9259099, 32.9359849, 0.0 ], [ 74.9259009, 32.9360923, 0.0 ], [ 74.9258924, 32.9362485, 0.0 ], [ 74.9258825, 32.9364452, 0.0 ], [ 74.925865, 32.9365702, 0.0 ], [ 74.9258475, 32.9366398, 0.0 ], [ 74.9257971, 32.936817, 0.0 ], [ 74.925727, 32.9370368, 0.0 ], [ 74.9256757, 32.9371991, 0.0 ], [ 74.9256171, 32.9373502, 0.0 ], [ 74.9255502, 32.9375079, 0.0 ], [ 74.9255007, 32.9376284, 0.0 ], [ 74.9254786, 32.9376932, 0.0 ], [ 74.9254649, 32.9377402, 0.0 ], [ 74.9254554, 32.9377952, 0.0 ], [ 74.9254525, 32.9378536, 0.0 ], [ 74.9254519, 32.9379212, 0.0 ], [ 74.9254579, 32.9379921, 0.0 ], [ 74.9254602, 32.9380989, 0.0 ], [ 74.9254546, 32.9381894, 0.0 ], [ 74.9254445, 32.9382707, 0.0 ], [ 74.925428, 32.9383406, 0.0 ], [ 74.9254035, 32.9384139, 0.0 ], [ 74.9253708, 32.9384846, 0.0 ], [ 74.9252875, 32.938658, 0.0 ], [ 74.9251922, 32.9388427, 0.0 ], [ 74.9251286, 32.9389912, 0.0 ], [ 74.9250759, 32.9391196, 0.0 ], [ 74.9250274, 32.9392445, 0.0 ], [ 74.9249817, 32.9393487, 0.0 ], [ 74.9249347, 32.9394412, 0.0 ], [ 74.9248763, 32.9395427, 0.0 ], [ 74.9248525, 32.9396013, 0.0 ], [ 74.9248453, 32.9396418, 0.0 ], [ 74.9248451, 32.9396891, 0.0 ], [ 74.9248516, 32.9397454, 0.0 ], [ 74.9248663, 32.9398433, 0.0 ], [ 74.9248839, 32.9399586, 0.0 ], [ 74.924885, 32.9400131, 0.0 ], [ 74.9248761, 32.9400628, 0.0 ], [ 74.9248637, 32.9401068, 0.0 ], [ 74.924848, 32.9401434, 0.0 ], [ 74.9248203, 32.9401868, 0.0 ], [ 74.9247824, 32.9402359, 0.0 ], [ 74.9247353, 32.9402857, 0.0 ], [ 74.9245991, 32.9404029, 0.0 ], [ 74.9245135, 32.9404829, 0.0 ], [ 74.9244734, 32.9405297, 0.0 ], [ 74.9244494, 32.9405632, 0.0 ], [ 74.9244266, 32.940599, 0.0 ], [ 74.9244111, 32.9406344, 0.0 ], [ 74.924402, 32.9406758, 0.0 ], [ 74.9243625, 32.9408417, 0.0 ], [ 74.9243415, 32.9409258, 0.0 ], [ 74.9243189, 32.9409926, 0.0 ], [ 74.9242888, 32.9410541, 0.0 ], [ 74.924255, 32.9411085, 0.0 ], [ 74.9242212, 32.9411607, 0.0 ], [ 74.9241422, 32.9412726, 0.0 ], [ 74.9239475, 32.941574, 0.0 ], [ 74.9238958, 32.9416425, 0.0 ], [ 74.9238565, 32.9416858, 0.0 ], [ 74.9237993, 32.9417434, 0.0 ], [ 74.9237358, 32.941806, 0.0 ], [ 74.9236813, 32.9418564, 0.0 ], [ 74.9236335, 32.9419102, 0.0 ], [ 74.9236022, 32.9419588, 0.0 ], [ 74.9235799, 32.9420045, 0.0 ], [ 74.9235656, 32.942048, 0.0 ], [ 74.9235613, 32.9420912, 0.0 ], [ 74.9235659, 32.9421308, 0.0 ], [ 74.9235771, 32.9421715, 0.0 ], [ 74.923608, 32.9422563, 0.0 ], [ 74.9236536, 32.9423656, 0.0 ], [ 74.9236751, 32.9424389, 0.0 ], [ 74.9236811, 32.9424872, 0.0 ], [ 74.923676, 32.9425304, 0.0 ], [ 74.9236681, 32.9425656, 0.0 ], [ 74.9236535, 32.9425973, 0.0 ], [ 74.9236303, 32.9426308, 0.0 ], [ 74.9235228, 32.9427894, 0.0 ], [ 74.9234074, 32.9429733, 0.0 ], [ 74.923284, 32.9431824, 0.0 ], [ 74.9231807, 32.9433452, 0.0 ], [ 74.9228586, 32.9438315, 0.0 ], [ 74.9226345, 32.9441737, 0.0 ], [ 74.9224292, 32.9445147, 0.0 ], [ 74.9223701, 32.9446344, 0.0 ], [ 74.9222765, 32.9448291, 0.0 ], [ 74.9222212, 32.9449589, 0.0 ], [ 74.9221606, 32.9450699, 0.0 ], [ 74.9221049, 32.9451701, 0.0 ], [ 74.9220375, 32.9452881, 0.0 ], [ 74.9219702, 32.9454293, 0.0 ], [ 74.9218655, 32.945663, 0.0 ], [ 74.921785, 32.9458655, 0.0 ], [ 74.9217299, 32.9459891, 0.0 ], [ 74.9216881, 32.9460845, 0.0 ], [ 74.9216538, 32.9461525, 0.0 ], [ 74.9216178, 32.9462101, 0.0 ], [ 74.9215851, 32.9462558, 0.0 ], [ 74.9215511, 32.9462992, 0.0 ], [ 74.9215145, 32.9463376, 0.0 ], [ 74.9214735, 32.946377, 0.0 ], [ 74.9214342, 32.9464069, 0.0 ], [ 74.9213868, 32.9464356, 0.0 ], [ 74.9213357, 32.9464568, 0.0 ], [ 74.9212632, 32.9464786, 0.0 ], [ 74.9211881, 32.9464951, 0.0 ], [ 74.9211157, 32.9465023, 0.0 ], [ 74.9210499, 32.9465016, 0.0 ], [ 74.9209793, 32.9464923, 0.0 ], [ 74.9209044, 32.9464793, 0.0 ], [ 74.9208241, 32.9464638, 0.0 ], [ 74.9207611, 32.946456, 0.0 ], [ 74.9207135, 32.9464544, 0.0 ], [ 74.920675, 32.9464592, 0.0 ], [ 74.9206429, 32.9464705, 0.0 ], [ 74.9206108, 32.9464886, 0.0 ], [ 74.9205726, 32.9465191, 0.0 ], [ 74.9205305, 32.946563, 0.0 ], [ 74.9204873, 32.9466276, 0.0 ], [ 74.9204457, 32.9467015, 0.0 ], [ 74.9204208, 32.9467596, 0.0 ], [ 74.9203998, 32.9468255, 0.0 ], [ 74.9203909, 32.9468805, 0.0 ], [ 74.9203857, 32.9469705, 0.0 ], [ 74.9203858, 32.9470515, 0.0 ], [ 74.9203818, 32.94711, 0.0 ], [ 74.9203718, 32.9471573, 0.0 ], [ 74.9203564, 32.9472057, 0.0 ], [ 74.9203207, 32.9473043, 0.0 ], [ 74.9202626, 32.9474751, 0.0 ], [ 74.9202141, 32.947605, 0.0 ], [ 74.9201637, 32.9477459, 0.0 ], [ 74.9201174, 32.9478598, 0.0 ], [ 74.920081, 32.9479293, 0.0 ], [ 74.9200414, 32.9480046, 0.0 ], [ 74.9200081, 32.9480523, 0.0 ], [ 74.9199736, 32.9480979, 0.0 ], [ 74.9199225, 32.948155, 0.0 ], [ 74.9198809, 32.9481892, 0.0 ], [ 74.9197971, 32.948248, 0.0 ], [ 74.9196411, 32.9483561, 0.0 ], [ 74.9195335, 32.9484508, 0.0 ], [ 74.9194133, 32.9485653, 0.0 ], [ 74.9193538, 32.948624, 0.0 ], [ 74.9192918, 32.9486831, 0.0 ], [ 74.9192407, 32.948724, 0.0 ], [ 74.9191857, 32.9487613, 0.0 ], [ 74.919067, 32.9488396, 0.0 ], [ 74.9188923, 32.9489552, 0.0 ], [ 74.9187043, 32.9490941, 0.0 ], [ 74.9186372, 32.9491376, 0.0 ], [ 74.9186043, 32.949156, 0.0 ], [ 74.9185687, 32.9491699, 0.0 ], [ 74.9185239, 32.949185, 0.0 ], [ 74.9184828, 32.9491937, 0.0 ], [ 74.91843, 32.9492014, 0.0 ], [ 74.9182976, 32.9492153, 0.0 ], [ 74.9181282, 32.9492223, 0.0 ], [ 74.9180339, 32.9492338, 0.0 ], [ 74.9179727, 32.9492435, 0.0 ], [ 74.9179274, 32.9492574, 0.0 ], [ 74.9178859, 32.9492745, 0.0 ], [ 74.9178444, 32.9492999, 0.0 ], [ 74.9178082, 32.9493233, 0.0 ], [ 74.9177801, 32.9493523, 0.0 ], [ 74.9177551, 32.9493917, 0.0 ], [ 74.9177337, 32.9494361, 0.0 ], [ 74.9177149, 32.949485, 0.0 ], [ 74.9177029, 32.949539, 0.0 ], [ 74.9176995, 32.9495975, 0.0 ], [ 74.9177056, 32.9496751, 0.0 ], [ 74.9177256, 32.9497872, 0.0 ], [ 74.9177578, 32.9499105, 0.0 ], [ 74.9177852, 32.9500416, 0.0 ], [ 74.9177922, 32.9501195, 0.0 ], [ 74.9177957, 32.9501889, 0.0 ], [ 74.9177947, 32.9502382, 0.0 ], [ 74.9177857, 32.9502965, 0.0 ], [ 74.9177663, 32.9503421, 0.0 ], [ 74.9177404, 32.9503852, 0.0 ], [ 74.9176792, 32.9504596, 0.0 ], [ 74.9175883, 32.9505627, 0.0 ], [ 74.9174704, 32.9506969, 0.0 ], [ 74.9173914, 32.9508042, 0.0 ], [ 74.9173442, 32.950881, 0.0 ], [ 74.9173139, 32.9509374, 0.0 ], [ 74.9172957, 32.9509814, 0.0 ], [ 74.9172898, 32.9510211, 0.0 ], [ 74.9172822, 32.9510855, 0.0 ], [ 74.9172703, 32.9511919, 0.0 ], [ 74.9172463, 32.9513512, 0.0 ], [ 74.9172218, 32.9515242, 0.0 ], [ 74.9172116, 32.9516034, 0.0 ], [ 74.9172091, 32.9516599, 0.0 ], [ 74.9172086, 32.9517095, 0.0 ], [ 74.9172157, 32.9517545, 0.0 ], [ 74.9172281, 32.9518581, 0.0 ], [ 74.9172449, 32.9519886, 0.0 ], [ 74.9172532, 32.9521495, 0.0 ], [ 74.9172455, 32.9522991, 0.0 ], [ 74.9172363, 32.9523602, 0.0 ], [ 74.917221, 32.9524132, 0.0 ], [ 74.9172026, 32.9524567, 0.0 ], [ 74.9171652, 32.9525234, 0.0 ], [ 74.9171077, 32.9526205, 0.0 ], [ 74.9170011, 32.9527973, 0.0 ], [ 74.9168767, 32.9530163, 0.0 ], [ 74.9167581, 32.953209, 0.0 ], [ 74.9166546, 32.9533662, 0.0 ], [ 74.9165484, 32.9535244, 0.0 ], [ 74.9164401, 32.9536734, 0.0 ], [ 74.9163618, 32.9537794, 0.0 ], [ 74.9163119, 32.9538414, 0.0 ], [ 74.916262, 32.9538967, 0.0 ], [ 74.9162103, 32.9539509, 0.0 ], [ 74.9161555, 32.9539993, 0.0 ], [ 74.9160991, 32.9540454, 0.0 ], [ 74.9159758, 32.9541332, 0.0 ], [ 74.915729, 32.9542998, 0.0 ], [ 74.91556, 32.9544134, 0.0 ], [ 74.915434, 32.9545119, 0.0 ], [ 74.9152717, 32.9546523, 0.0 ], [ 74.9151362, 32.954787, 0.0 ], [ 74.9149503, 32.9549705, 0.0 ], [ 74.9148224, 32.9550937, 0.0 ], [ 74.9147813, 32.9551317, 0.0 ], [ 74.9147426, 32.9551614, 0.0 ], [ 74.9147011, 32.9551886, 0.0 ], [ 74.9146455, 32.9552196, 0.0 ], [ 74.914548, 32.9552622, 0.0 ], [ 74.9143893, 32.9553149, 0.0 ], [ 74.9142372, 32.9553632, 0.0 ], [ 74.9141608, 32.9553824, 0.0 ], [ 74.9140971, 32.9553943, 0.0 ], [ 74.9140357, 32.9554036, 0.0 ], [ 74.9139194, 32.9554118, 0.0 ], [ 74.9137315, 32.9554253, 0.0 ], [ 74.913376, 32.9554466, 0.0 ], [ 74.9131335, 32.9554628, 0.0 ], [ 74.9129753, 32.9554782, 0.0 ], [ 74.9128333, 32.9554958, 0.0 ], [ 74.9126348, 32.9555308, 0.0 ], [ 74.9123131, 32.955595, 0.0 ], [ 74.9122275, 32.9556137, 0.0 ], [ 74.9121753, 32.9556264, 0.0 ], [ 74.9121304, 32.9556341, 0.0 ], [ 74.9120784, 32.9556424, 0.0 ], [ 74.9120202, 32.9556455, 0.0 ], [ 74.9119603, 32.955647, 0.0 ], [ 74.9118901, 32.9556523, 0.0 ], [ 74.9118266, 32.955662, 0.0 ], [ 74.911775, 32.9556753, 0.0 ], [ 74.9117305, 32.9556938, 0.0 ], [ 74.9116899, 32.9557179, 0.0 ], [ 74.9116521, 32.9557491, 0.0 ], [ 74.911621, 32.9557926, 0.0 ], [ 74.9116057, 32.955838, 0.0 ], [ 74.911598, 32.9558922, 0.0 ], [ 74.9115984, 32.9559351, 0.0 ], [ 74.9116073, 32.9559852, 0.0 ], [ 74.9116224, 32.9560282, 0.0 ], [ 74.9116456, 32.9560622, 0.0 ], [ 74.9116747, 32.9560903, 0.0 ], [ 74.9117047, 32.9561139, 0.0 ], [ 74.91174, 32.9561341, 0.0 ], [ 74.9117867, 32.9561576, 0.0 ], [ 74.9118295, 32.956171, 0.0 ], [ 74.911883, 32.9561833, 0.0 ], [ 74.911947, 32.9561921, 0.0 ], [ 74.9120192, 32.956201, 0.0 ], [ 74.9121023, 32.9562122, 0.0 ], [ 74.9121733, 32.956228, 0.0 ], [ 74.9122296, 32.9562493, 0.0 ], [ 74.9122719, 32.9562696, 0.0 ], [ 74.9123085, 32.9563012, 0.0 ], [ 74.9123523, 32.9563496, 0.0 ], [ 74.9123921, 32.956407, 0.0 ], [ 74.9124736, 32.9565378, 0.0 ], [ 74.9125305, 32.9566414, 0.0 ], [ 74.9125683, 32.9566989, 0.0 ], [ 74.9125885, 32.9567259, 0.0 ], [ 74.9126107, 32.956749, 0.0 ], [ 74.9126406, 32.9567729, 0.0 ], [ 74.9126946, 32.9568025, 0.0 ], [ 74.9127957, 32.9568459, 0.0 ], [ 74.9128839, 32.9568822, 0.0 ], [ 74.9129907, 32.9569298, 0.0 ], [ 74.9130635, 32.9569692, 0.0 ], [ 74.9131072, 32.9570006, 0.0 ], [ 74.9131398, 32.9570361, 0.0 ], [ 74.9131872, 32.9571019, 0.0 ], [ 74.9132278, 32.9571771, 0.0 ], [ 74.9132695, 32.9572947, 0.0 ], [ 74.9132824, 32.9573579, 0.0 ], [ 74.9132807, 32.9573963, 0.0 ], [ 74.9132711, 32.9574347, 0.0 ], [ 74.9132531, 32.9574718, 0.0 ], [ 74.9132149, 32.9575484, 0.0 ], [ 74.913145, 32.9576522, 0.0 ], [ 74.913055, 32.957792, 0.0 ], [ 74.9130133, 32.9578611, 0.0 ], [ 74.9129905, 32.9579046, 0.0 ], [ 74.9129629, 32.957995, 0.0 ], [ 74.9129341, 32.9580956, 0.0 ], [ 74.9129246, 32.9581525, 0.0 ], [ 74.9129159, 32.9582192, 0.0 ], [ 74.9129115, 32.9582683, 0.0 ], [ 74.9129133, 32.9583198, 0.0 ], [ 74.9129205, 32.9584108, 0.0 ], [ 74.9129367, 32.9585153, 0.0 ], [ 74.9129569, 32.958643, 0.0 ], [ 74.9129764, 32.9587754, 0.0 ], [ 74.9129892, 32.9588989, 0.0 ], [ 74.9129957, 32.9590132, 0.0 ], [ 74.9129956, 32.9590873, 0.0 ], [ 74.9129875, 32.9591569, 0.0 ], [ 74.9129754, 32.9592086, 0.0 ], [ 74.9129546, 32.9592564, 0.0 ], [ 74.9129218, 32.9593211, 0.0 ], [ 74.9128762, 32.9593873, 0.0 ], [ 74.9127703, 32.9595279, 0.0 ], [ 74.9126512, 32.9596852, 0.0 ], [ 74.9123576, 32.9600546, 0.0 ], [ 74.9121974, 32.9602629, 0.0 ], [ 74.9121415, 32.9603379, 0.0 ], [ 74.9120746, 32.9604327, 0.0 ], [ 74.912001, 32.9605545, 0.0 ], [ 74.911833, 32.96089, 0.0 ], [ 74.9117218, 32.9611448, 0.0 ], [ 74.9116371, 32.961373, 0.0 ], [ 74.9115652, 32.9615749, 0.0 ], [ 74.9115286, 32.9616792, 0.0 ], [ 74.911462, 32.9618382, 0.0 ], [ 74.9113565, 32.9620637, 0.0 ], [ 74.9112204, 32.9623411, 0.0 ], [ 74.9110786, 32.9625956, 0.0 ], [ 74.9108952, 32.9629301, 0.0 ], [ 74.9107767, 32.9631451, 0.0 ], [ 74.910657, 32.9633601, 0.0 ], [ 74.9104517, 32.96368, 0.0 ], [ 74.9103088, 32.9639052, 0.0 ], [ 74.9101821, 32.9641247, 0.0 ], [ 74.9100516, 32.964354, 0.0 ], [ 74.9099407, 32.9645373, 0.0 ], [ 74.9098781, 32.9646306, 0.0 ], [ 74.9097775, 32.9647967, 0.0 ], [ 74.9096755, 32.9649674, 0.0 ], [ 74.9093913, 32.9654073, 0.0 ], [ 74.909272, 32.9656149, 0.0 ], [ 74.9091561, 32.9657929, 0.0 ], [ 74.9090592, 32.9659483, 0.0 ], [ 74.9089248, 32.9661454, 0.0 ], [ 74.9087849, 32.9663359, 0.0 ], [ 74.9086036, 32.9665662, 0.0 ], [ 74.9083098, 32.9669295, 0.0 ], [ 74.9080778, 32.9672095, 0.0 ], [ 74.9079061, 32.9674041, 0.0 ], [ 74.9076692, 32.9676582, 0.0 ], [ 74.9075106, 32.9678066, 0.0 ], [ 74.9074084, 32.9678921, 0.0 ], [ 74.9073667, 32.9679326, 0.0 ], [ 74.907252, 32.9680647, 0.0 ], [ 74.9070324, 32.9683311, 0.0 ], [ 74.9068651, 32.9685435, 0.0 ], [ 74.9068002, 32.9686364, 0.0 ], [ 74.9067597, 32.9686998, 0.0 ], [ 74.9067299, 32.9687553, 0.0 ], [ 74.9067042, 32.9688142, 0.0 ], [ 74.9066806, 32.9688876, 0.0 ], [ 74.9066634, 32.9689726, 0.0 ], [ 74.9066481, 32.9690782, 0.0 ], [ 74.9066288, 32.9691871, 0.0 ], [ 74.9066076, 32.9693047, 0.0 ], [ 74.9065796, 32.9694195, 0.0 ], [ 74.9065287, 32.969586, 0.0 ], [ 74.9064549, 32.9698133, 0.0 ], [ 74.9063594, 32.9701416, 0.0 ], [ 74.906266, 32.9704453, 0.0 ], [ 74.9062274, 32.970578, 0.0 ], [ 74.9062, 32.9706882, 0.0 ], [ 74.9061767, 32.970794, 0.0 ], [ 74.9060072, 32.9715302, 0.0 ], [ 74.9059839, 32.9716596, 0.0 ], [ 74.9059599, 32.9717912, 0.0 ], [ 74.9059402, 32.9719285, 0.0 ], [ 74.9059226, 32.9721085, 0.0 ], [ 74.9058719, 32.9724899, 0.0 ], [ 74.9058367, 32.9728202, 0.0 ], [ 74.9058138, 32.97309, 0.0 ], [ 74.9058002, 32.9731967, 0.0 ] ] } },
{ "type": "Feature", "properties": { "source_edge_id": "OSM_WAY_746321364", "osm_way_id": "746321364", "name": "nan" }, "geometry": { "type": "LineString", "coordinates": [ [ 74.9196462, 32.9819706, 0.0 ], [ 74.9196033, 32.9819224, 0.0 ], [ 74.9195765, 32.9818831, 0.0 ], [ 74.9195556, 32.9818382, 0.0 ], [ 74.9195427, 32.9817911, 0.0 ], [ 74.9195376, 32.9817369, 0.0 ], [ 74.9195405, 32.9816815, 0.0 ], [ 74.9195555, 32.9816203, 0.0 ], [ 74.9195733, 32.9815651, 0.0 ], [ 74.9196018, 32.9814941, 0.0 ], [ 74.9196425, 32.9814065, 0.0 ], [ 74.9196872, 32.9813177, 0.0 ], [ 74.9197296, 32.9812436, 0.0 ], [ 74.9197823, 32.9811675, 0.0 ], [ 74.9198249, 32.9810904, 0.0 ], [ 74.9198567, 32.9810178, 0.0 ], [ 74.9198931, 32.980899, 0.0 ], [ 74.9199134, 32.9808117, 0.0 ], [ 74.9199224, 32.9807098, 0.0 ], [ 74.9199238, 32.9806389, 0.0 ], [ 74.9199145, 32.980595, 0.0 ], [ 74.9198912, 32.9805612, 0.0 ], [ 74.9198545, 32.9805331, 0.0 ], [ 74.9191816, 32.9802054, 0.0 ], [ 74.9189222, 32.9800891, 0.0 ], [ 74.9187577, 32.9800089, 0.0 ], [ 74.9186767, 32.9799692, 0.0 ], [ 74.9186179, 32.979943, 0.0 ], [ 74.9185698, 32.9799279, 0.0 ], [ 74.9185193, 32.9799204, 0.0 ], [ 74.9184758, 32.9799196, 0.0 ], [ 74.918427, 32.9799222, 0.0 ], [ 74.9183642, 32.9799275, 0.0 ], [ 74.918266, 32.9799387, 0.0 ], [ 74.9181746, 32.9799476, 0.0 ], [ 74.9181084, 32.9799511, 0.0 ], [ 74.9180691, 32.9799489, 0.0 ], [ 74.9180254, 32.9799406, 0.0 ], [ 74.9179844, 32.9799267, 0.0 ], [ 74.9179454, 32.9799102, 0.0 ], [ 74.9179142, 32.9798913, 0.0 ], [ 74.9178778, 32.9798655, 0.0 ], [ 74.9178155, 32.9798118, 0.0 ], [ 74.9176857, 32.9796887, 0.0 ], [ 74.9175655, 32.9795751, 0.0 ], [ 74.9175075, 32.9795167, 0.0 ], [ 74.9174532, 32.9794585, 0.0 ], [ 74.9174157, 32.9794117, 0.0 ], [ 74.9173755, 32.9793581, 0.0 ], [ 74.9173454, 32.9793115, 0.0 ], [ 74.9173206, 32.9792638, 0.0 ], [ 74.9172778, 32.9791914, 0.0 ], [ 74.917239, 32.979137, 0.0 ], [ 74.9172081, 32.9791046, 0.0 ], [ 74.9171732, 32.9790766, 0.0 ], [ 74.9171333, 32.9790587, 0.0 ], [ 74.9170879, 32.979042, 0.0 ], [ 74.9170321, 32.979031, 0.0 ], [ 74.9169792, 32.9790281, 0.0 ], [ 74.9169102, 32.9790296, 0.0 ], [ 74.916816, 32.9790327, 0.0 ], [ 74.9167138, 32.9790413, 0.0 ], [ 74.9166328, 32.9790496, 0.0 ], [ 74.9165639, 32.97906, 0.0 ], [ 74.9164991, 32.9790737, 0.0 ], [ 74.916415, 32.9790945, 0.0 ], [ 74.9163226, 32.9791167, 0.0 ], [ 74.9162574, 32.9791282, 0.0 ], [ 74.916207, 32.9791307, 0.0 ], [ 74.9161582, 32.9791275, 0.0 ], [ 74.9161067, 32.9791152, 0.0 ], [ 74.91606, 32.9790952, 0.0 ], [ 74.9160215, 32.9790732, 0.0 ], [ 74.9159831, 32.9790421, 0.0 ], [ 74.9159307, 32.9789898, 0.0 ], [ 74.9158649, 32.9789071, 0.0 ], [ 74.9157975, 32.9787993, 0.0 ], [ 74.9157563, 32.9787213, 0.0 ], [ 74.9157272, 32.978667, 0.0 ], [ 74.9157101, 32.9786162, 0.0 ], [ 74.9157042, 32.9785808, 0.0 ], [ 74.9157031, 32.9785327, 0.0 ], [ 74.9157036, 32.9784566, 0.0 ], [ 74.91571, 32.9783741, 0.0 ], [ 74.9157119, 32.978333, 0.0 ], [ 74.9157074, 32.978292, 0.0 ], [ 74.9156962, 32.9782241, 0.0 ], [ 74.9156658, 32.9780836, 0.0 ], [ 74.9156156, 32.9779333, 0.0 ], [ 74.9155794, 32.9778361, 0.0 ], [ 74.9155512, 32.9777615, 0.0 ], [ 74.9155135, 32.9776674, 0.0 ], [ 74.915457, 32.9775478, 0.0 ], [ 74.9153815, 32.9773987, 0.0 ], [ 74.9153002, 32.9772556, 0.0 ], [ 74.9152477, 32.9771461, 0.0 ], [ 74.9152026, 32.9770381, 0.0 ], [ 74.9151759, 32.9769661, 0.0 ], [ 74.9151535, 32.9768743, 0.0 ], [ 74.9151349, 32.9767705, 0.0 ], [ 74.9151153, 32.9766965, 0.0 ], [ 74.9150959, 32.9766463, 0.0 ], [ 74.915071, 32.9766074, 0.0 ], [ 74.9150416, 32.9765742, 0.0 ], [ 74.9150014, 32.9765445, 0.0 ], [ 74.9149365, 32.9765123, 0.0 ], [ 74.9148578, 32.9764781, 0.0 ], [ 74.9148002, 32.9764527, 0.0 ], [ 74.9147479, 32.9764285, 0.0 ], [ 74.9146964, 32.9764, 0.0 ], [ 74.9146609, 32.9763789, 0.0 ], [ 74.91462, 32.976351, 0.0 ], [ 74.9145833, 32.9763248, 0.0 ], [ 74.914544, 32.9762895, 0.0 ], [ 74.9145017, 32.9762375, 0.0 ], [ 74.9144706, 32.9761946, 0.0 ], [ 74.9144463, 32.9761516, 0.0 ], [ 74.9144273, 32.976105, 0.0 ], [ 74.9144122, 32.9760483, 0.0 ], [ 74.9144056, 32.975965, 0.0 ], [ 74.9144056, 32.9758368, 0.0 ], [ 74.9144066, 32.975729, 0.0 ], [ 74.914411, 32.9756404, 0.0 ], [ 74.9144077, 32.9755565, 0.0 ], [ 74.914399, 32.9754872, 0.0 ], [ 74.9143882, 32.9754331, 0.0 ], [ 74.9143681, 32.9753845, 0.0 ], [ 74.9143455, 32.9753444, 0.0 ], [ 74.9143149, 32.9753134, 0.0 ], [ 74.9142743, 32.9752839, 0.0 ], [ 74.9142028, 32.9752397, 0.0 ], [ 74.9141007, 32.9751809, 0.0 ], [ 74.9140311, 32.9751402, 0.0 ], [ 74.9139775, 32.9751052, 0.0 ], [ 74.9139369, 32.9750711, 0.0 ], [ 74.9139096, 32.9750426, 0.0 ], [ 74.9138844, 32.9750089, 0.0 ], [ 74.9138599, 32.9749668, 0.0 ], [ 74.9138311, 32.9749069, 0.0 ], [ 74.9138064, 32.9748482, 0.0 ], [ 74.9137717, 32.9747622, 0.0 ], [ 74.9136972, 32.9745628, 0.0 ], [ 74.9136671, 32.9744934, 0.0 ], [ 74.9136464, 32.9744511, 0.0 ], [ 74.9136224, 32.9744159, 0.0 ], [ 74.9134521, 32.9742492, 0.0 ], [ 74.9132201, 32.9740477, 0.0 ], [ 74.9130082, 32.9738584, 0.0 ], [ 74.9128823, 32.9737544, 0.0 ], [ 74.9127751, 32.9736584, 0.0 ], [ 74.9126491, 32.9735494, 0.0 ], [ 74.9125821, 32.9735, 0.0 ], [ 74.9125304, 32.973466, 0.0 ], [ 74.9124733, 32.9734411, 0.0 ], [ 74.9124261, 32.9734294, 0.0 ], [ 74.9123867, 32.9734232, 0.0 ], [ 74.9123084, 32.9734182, 0.0 ], [ 74.9121974, 32.9734258, 0.0 ], [ 74.9121025, 32.9734356, 0.0 ], [ 74.9120014, 32.9734509, 0.0 ], [ 74.9119177, 32.9734696, 0.0 ], [ 74.9118306, 32.9734904, 0.0 ], [ 74.9117422, 32.9735235, 0.0 ], [ 74.9116779, 32.9735547, 0.0 ], [ 74.9116109, 32.9736017, 0.0 ], [ 74.9115482, 32.9736552, 0.0 ], [ 74.9114762, 32.9737311, 0.0 ], [ 74.9113857, 32.973838, 0.0 ], [ 74.9112372, 32.9740361, 0.0 ], [ 74.9110995, 32.9742298, 0.0 ], [ 74.9110077, 32.974369, 0.0 ], [ 74.910958, 32.9744354, 0.0 ], [ 74.910918, 32.9744833, 0.0 ], [ 74.9108673, 32.9745279, 0.0 ], [ 74.9108222, 32.9745609, 0.0 ], [ 74.9107715, 32.9745902, 0.0 ], [ 74.9107248, 32.9746138, 0.0 ], [ 74.9106811, 32.9746296, 0.0 ], [ 74.9106413, 32.9746384, 0.0 ], [ 74.9105961, 32.9746416, 0.0 ], [ 74.9105566, 32.9746411, 0.0 ], [ 74.9105188, 32.9746374, 0.0 ], [ 74.9104797, 32.9746281, 0.0 ], [ 74.9104445, 32.9746175, 0.0 ], [ 74.9103464, 32.974569, 0.0 ], [ 74.9102443, 32.9745081, 0.0 ], [ 74.910138, 32.9744392, 0.0 ], [ 74.9100514, 32.9743837, 0.0 ], [ 74.9099675, 32.9743247, 0.0 ], [ 74.9098883, 32.9742609, 0.0 ], [ 74.9098195, 32.9741998, 0.0 ], [ 74.9097467, 32.9741264, 0.0 ], [ 74.9096561, 32.9740136, 0.0 ], [ 74.9095695, 32.9738906, 0.0 ], [ 74.9094794, 32.9737505, 0.0 ], [ 74.9094312, 32.9736686, 0.0 ], [ 74.9093776, 32.9735664, 0.0 ], [ 74.9093107, 32.9734341, 0.0 ], [ 74.9092466, 32.9733022, 0.0 ], [ 74.9091665, 32.973097, 0.0 ], [ 74.9090805, 32.9728604, 0.0 ], [ 74.9090214, 32.9727033, 0.0 ], [ 74.9089891, 32.9726223, 0.0 ], [ 74.9089576, 32.9725638, 0.0 ], [ 74.9089194, 32.9725183, 0.0 ], [ 74.9088817, 32.9724851, 0.0 ], [ 74.9088401, 32.9724609, 0.0 ], [ 74.9087927, 32.9724494, 0.0 ], [ 74.9087454, 32.9724424, 0.0 ], [ 74.9086917, 32.9724412, 0.0 ], [ 74.9086313, 32.972448, 0.0 ], [ 74.9085753, 32.9724661, 0.0 ], [ 74.9085072, 32.972492, 0.0 ], [ 74.9083884, 32.9725585, 0.0 ], [ 74.9083012, 32.9726134, 0.0 ], [ 74.9082265, 32.9726642, 0.0 ], [ 74.9081611, 32.9727116, 0.0 ], [ 74.9080922, 32.9727674, 0.0 ], [ 74.908054, 32.972802, 0.0 ], [ 74.9080136, 32.9728476, 0.0 ], [ 74.9079813, 32.9729, 0.0 ], [ 74.9079514, 32.9729621, 0.0 ], [ 74.9079158, 32.9730479, 0.0 ], [ 74.9078714, 32.9731791, 0.0 ], [ 74.9078336, 32.9733043, 0.0 ], [ 74.9077634, 32.9735027, 0.0 ], [ 74.9077038, 32.9736534, 0.0 ], [ 74.9076619, 32.9737565, 0.0 ], [ 74.9076252, 32.9738256, 0.0 ], [ 74.9075966, 32.9738676, 0.0 ], [ 74.9075514, 32.9739214, 0.0 ], [ 74.9075026, 32.973977, 0.0 ], [ 74.9074366, 32.97404, 0.0 ], [ 74.9073457, 32.9741234, 0.0 ], [ 74.9072817, 32.9741775, 0.0 ], [ 74.9072305, 32.9742124, 0.0 ], [ 74.9071766, 32.9742382, 0.0 ], [ 74.9071291, 32.9742555, 0.0 ], [ 74.9070682, 32.9742705, 0.0 ], [ 74.9070084, 32.9742771, 0.0 ], [ 74.906903, 32.9742751, 0.0 ], [ 74.906786, 32.974264, 0.0 ], [ 74.9066718, 32.9742491, 0.0 ], [ 74.9065602, 32.9742274, 0.0 ], [ 74.9064781, 32.9742066, 0.0 ], [ 74.9063969, 32.974183, 0.0 ], [ 74.9063315, 32.974162, 0.0 ], [ 74.9062687, 32.974138, 0.0 ], [ 74.9061966, 32.9741101, 0.0 ], [ 74.9061031, 32.9740642, 0.0 ], [ 74.9059903, 32.974005, 0.0 ], [ 74.90584, 32.973912, 0.0 ], [ 74.9057866, 32.9738685, 0.0 ], [ 74.905748, 32.9738373, 0.0 ], [ 74.9057217, 32.9738087, 0.0 ], [ 74.905704, 32.9737762, 0.0 ], [ 74.9056925, 32.9737402, 0.0 ], [ 74.9056877, 32.9736996, 0.0 ], [ 74.9056888, 32.9736715, 0.0 ], [ 74.9057012, 32.9735966, 0.0 ], [ 74.9057364, 32.9734777, 0.0 ], [ 74.905772, 32.9733548, 0.0 ], [ 74.9058002, 32.9731967, 0.0 ] ] } },
{ "type": "Feature", "properties": { "source_edge_id": "OSM_WAY_102769573", "osm_way_id": "102769573", "name": "nan" }, "geometry": { "type": "LineString", "coordinates": [ [ 74.8885891, 33.022528, 0.0 ], [ 74.8885898, 33.0225733, 0.0 ], [ 74.8885841, 33.022614, 0.0 ], [ 74.8885704, 33.0226524, 0.0 ], [ 74.8885497, 33.0226885, 0.0 ], [ 74.888527, 33.0227207, 0.0 ], [ 74.8884926, 33.0227613, 0.0 ], [ 74.8884522, 33.0227959, 0.0 ], [ 74.8884119, 33.0228226, 0.0 ], [ 74.8883738, 33.0228408, 0.0 ], [ 74.8883267, 33.0228588, 0.0 ], [ 74.8882564, 33.0228795, 0.0 ], [ 74.8881594, 33.0229016, 0.0 ], [ 74.8880199, 33.0229224, 0.0 ], [ 74.8879051, 33.0229367, 0.0 ], [ 74.8877491, 33.0229625, 0.0 ], [ 74.8875814, 33.023001, 0.0 ], [ 74.8874004, 33.0230412, 0.0 ], [ 74.8872351, 33.0230731, 0.0 ], [ 74.8871945, 33.0230782, 0.0 ], [ 74.8871515, 33.0230803, 0.0 ], [ 74.8871037, 33.0230779, 0.0 ], [ 74.8870342, 33.0230679, 0.0 ], [ 74.886954, 33.0230492, 0.0 ], [ 74.8868609, 33.0230168, 0.0 ], [ 74.8867543, 33.0229817, 0.0 ], [ 74.8866829, 33.0229554, 0.0 ], [ 74.8866093, 33.0229324, 0.0 ], [ 74.886559, 33.022919, 0.0 ], [ 74.8865111, 33.0229104, 0.0 ], [ 74.8864673, 33.0229066, 0.0 ], [ 74.8864197, 33.0229076, 0.0 ], [ 74.8863503, 33.022912, 0.0 ], [ 74.8862293, 33.022923, 0.0 ], [ 74.8861372, 33.0229286, 0.0 ], [ 74.8860907, 33.0229272, 0.0 ], [ 74.8860416, 33.0229261, 0.0 ], [ 74.8860002, 33.0229206, 0.0 ], [ 74.8859701, 33.022911, 0.0 ], [ 74.8859428, 33.0228984, 0.0 ], [ 74.8859216, 33.0228804, 0.0 ], [ 74.8858981, 33.0228567, 0.0 ], [ 74.8858525, 33.0227968, 0.0 ], [ 74.8857994, 33.0227229, 0.0 ], [ 74.8857506, 33.0226595, 0.0 ], [ 74.8857065, 33.0226117, 0.0 ], [ 74.8856569, 33.022563, 0.0 ], [ 74.8856205, 33.0225348, 0.0 ], [ 74.8855719, 33.0225089, 0.0 ], [ 74.8854951, 33.0224783, 0.0 ], [ 74.8854088, 33.0224498, 0.0 ], [ 74.8853178, 33.0224233, 0.0 ], [ 74.8852452, 33.022412, 0.0 ], [ 74.8851587, 33.0224035, 0.0 ], [ 74.8850886, 33.0224002, 0.0 ], [ 74.8850256, 33.0224034, 0.0 ], [ 74.8849695, 33.0224099, 0.0 ], [ 74.8849111, 33.02242, 0.0 ], [ 74.8848551, 33.0224359, 0.0 ], [ 74.8847932, 33.0224604, 0.0 ], [ 74.8847424, 33.0224903, 0.0 ], [ 74.8846727, 33.0225429, 0.0 ], [ 74.8846099, 33.0225985, 0.0 ], [ 74.8845182, 33.0226876, 0.0 ], [ 74.8844697, 33.0227265, 0.0 ], [ 74.8844226, 33.0227617, 0.0 ], [ 74.8843683, 33.0227973, 0.0 ], [ 74.8842874, 33.0228387, 0.0 ], [ 74.8841759, 33.0228831, 0.0 ], [ 74.8840223, 33.0229378, 0.0 ], [ 74.8838083, 33.0230027, 0.0 ], [ 74.8836233, 33.0230609, 0.0 ], [ 74.8833914, 33.023145, 0.0 ], [ 74.8830266, 33.0232854, 0.0 ], [ 74.8828211, 33.023363, 0.0 ], [ 74.8826915, 33.0234074, 0.0 ], [ 74.8826374, 33.0234229, 0.0 ], [ 74.882586, 33.0234327, 0.0 ], [ 74.8825299, 33.0234403, 0.0 ], [ 74.8824395, 33.0234424, 0.0 ], [ 74.8822944, 33.0234395, 0.0 ], [ 74.8822252, 33.0234392, 0.0 ], [ 74.8821466, 33.0234422, 0.0 ], [ 74.8820536, 33.0234441, 0.0 ], [ 74.8819514, 33.0234518, 0.0 ], [ 74.8818741, 33.023459, 0.0 ], [ 74.8816142, 33.023511, 0.0 ], [ 74.881196, 33.0235966, 0.0 ], [ 74.8808621, 33.0236618, 0.0 ], [ 74.8807468, 33.0236866, 0.0 ], [ 74.8805334, 33.0237449, 0.0 ], [ 74.8801518, 33.0238617, 0.0 ], [ 74.8799227, 33.0239415, 0.0 ], [ 74.8798471, 33.0239707, 0.0 ], [ 74.8798059, 33.0239926, 0.0 ], [ 74.8797612, 33.0240204, 0.0 ], [ 74.8797165, 33.0240573, 0.0 ], [ 74.8796744, 33.0241009, 0.0 ], [ 74.8796252, 33.0241553, 0.0 ], [ 74.8795778, 33.0242173, 0.0 ], [ 74.8795347, 33.0242894, 0.0 ], [ 74.8795004, 33.0243552, 0.0 ], [ 74.8794819, 33.024414, 0.0 ], [ 74.8794714, 33.0244728, 0.0 ], [ 74.8794662, 33.0245457, 0.0 ], [ 74.8794487, 33.024682, 0.0 ], [ 74.8794178, 33.0248794, 0.0 ], [ 74.8793947, 33.0249954, 0.0 ], [ 74.8793687, 33.0250845, 0.0 ], [ 74.8793349, 33.0251661, 0.0 ], [ 74.8792945, 33.02528, 0.0 ], [ 74.8792541, 33.0253962, 0.0 ], [ 74.8792361, 33.0254644, 0.0 ], [ 74.8792271, 33.0255322, 0.0 ], [ 74.8792267, 33.0255863, 0.0 ], [ 74.8792345, 33.025637, 0.0 ], [ 74.8792545, 33.0256826, 0.0 ], [ 74.8792758, 33.0257203, 0.0 ], [ 74.8793248, 33.02578, 0.0 ], [ 74.8793935, 33.0258582, 0.0 ], [ 74.8794487, 33.0259355, 0.0 ], [ 74.8794783, 33.0259832, 0.0 ], [ 74.8795025, 33.0260264, 0.0 ], [ 74.8795202, 33.026074, 0.0 ], [ 74.8795291, 33.0261395, 0.0 ], [ 74.8795348, 33.0263004, 0.0 ], [ 74.8795404, 33.0263561, 0.0 ], [ 74.8795539, 33.0264075, 0.0 ], [ 74.8795741, 33.0264501, 0.0 ], [ 74.8795955, 33.02649, 0.0 ], [ 74.8796257, 33.0265307, 0.0 ], [ 74.8796774, 33.0265804, 0.0 ], [ 74.8797324, 33.0266318, 0.0 ], [ 74.8797934, 33.0266806, 0.0 ], [ 74.8798695, 33.0267376, 0.0 ], [ 74.8799371, 33.0267795, 0.0 ], [ 74.880003, 33.0268095, 0.0 ], [ 74.8800703, 33.0268384, 0.0 ], [ 74.8801885, 33.0268792, 0.0 ], [ 74.880324, 33.0269266, 0.0 ], [ 74.8804267, 33.0269616, 0.0 ], [ 74.8804907, 33.0269897, 0.0 ], [ 74.8805341, 33.0270111, 0.0 ], [ 74.8805709, 33.027037, 0.0 ], [ 74.8806005, 33.027068, 0.0 ], [ 74.880626, 33.0271071, 0.0 ], [ 74.8806549, 33.0271762, 0.0 ], [ 74.8807141, 33.0273252, 0.0 ], [ 74.8807579, 33.0274286, 0.0 ], [ 74.8807799, 33.0274685, 0.0 ], [ 74.8808096, 33.0275064, 0.0 ], [ 74.8808338, 33.0275298, 0.0 ], [ 74.8808607, 33.0275517, 0.0 ], [ 74.8808943, 33.0275705, 0.0 ], [ 74.8809325, 33.0275866, 0.0 ], [ 74.8809704, 33.027597, 0.0 ], [ 74.8810298, 33.0276073, 0.0 ], [ 74.8811094, 33.0276145, 0.0 ], [ 74.8812223, 33.027618, 0.0 ], [ 74.8813299, 33.0276205, 0.0 ], [ 74.8814206, 33.0276256, 0.0 ], [ 74.8814707, 33.0276366, 0.0 ], [ 74.8815085, 33.0276533, 0.0 ], [ 74.8815463, 33.027679, 0.0 ], [ 74.8815782, 33.0277096, 0.0 ], [ 74.8816211, 33.0277676, 0.0 ], [ 74.8816585, 33.0278244, 0.0 ], [ 74.8817068, 33.0279054, 0.0 ], [ 74.881759, 33.02801, 0.0 ], [ 74.8818247, 33.0281326, 0.0 ], [ 74.8818532, 33.0282122, 0.0 ], [ 74.8818621, 33.028261, 0.0 ], [ 74.8818638, 33.0283028, 0.0 ], [ 74.8818566, 33.02834, 0.0 ], [ 74.881845, 33.0283676, 0.0 ], [ 74.881828, 33.028393, 0.0 ], [ 74.8817998, 33.028424, 0.0 ], [ 74.8816999, 33.028516, 0.0 ], [ 74.8815775, 33.0286149, 0.0 ], [ 74.8815257, 33.028653, 0.0 ], [ 74.8814891, 33.0286732, 0.0 ], [ 74.8814551, 33.0286878, 0.0 ], [ 74.88142, 33.0286976, 0.0 ], [ 74.881383, 33.0287014, 0.0 ], [ 74.8813464, 33.0287032, 0.0 ], [ 74.8812959, 33.0287008, 0.0 ], [ 74.8812143, 33.0286962, 0.0 ], [ 74.8811408, 33.0286905, 0.0 ], [ 74.8810686, 33.0286848, 0.0 ], [ 74.8810112, 33.0286813, 0.0 ], [ 74.8809671, 33.0286806, 0.0 ], [ 74.8809182, 33.0286836, 0.0 ], [ 74.8808737, 33.0286919, 0.0 ], [ 74.8808326, 33.0287039, 0.0 ], [ 74.880792, 33.02872, 0.0 ], [ 74.8807475, 33.0287427, 0.0 ], [ 74.8806998, 33.0287765, 0.0 ], [ 74.8806548, 33.0288216, 0.0 ], [ 74.8805773, 33.0289183, 0.0 ], [ 74.8804969, 33.0290332, 0.0 ], [ 74.880438, 33.0291345, 0.0 ], [ 74.8804206, 33.0291773, 0.0 ], [ 74.8804119, 33.0292156, 0.0 ], [ 74.8804116, 33.0292617, 0.0 ], [ 74.8804206, 33.029346, 0.0 ], [ 74.8804493, 33.0295547, 0.0 ], [ 74.8804794, 33.0297375, 0.0 ], [ 74.8804902, 33.0298396, 0.0 ], [ 74.8804936, 33.0299283, 0.0 ], [ 74.8804917, 33.0300046, 0.0 ], [ 74.8804844, 33.030056, 0.0 ], [ 74.8804712, 33.0300925, 0.0 ], [ 74.8804527, 33.0301357, 0.0 ], [ 74.8804173, 33.0301941, 0.0 ], [ 74.8803789, 33.0302373, 0.0 ], [ 74.8803538, 33.0302592, 0.0 ], [ 74.8803224, 33.0302787, 0.0 ], [ 74.8802853, 33.0302929, 0.0 ], [ 74.8802441, 33.0303026, 0.0 ], [ 74.880171, 33.0303152, 0.0 ], [ 74.8800889, 33.030326, 0.0 ], [ 74.8800002, 33.0303449, 0.0 ], [ 74.8799263, 33.0303615, 0.0 ], [ 74.8798705, 33.0303792, 0.0 ], [ 74.8798091, 33.0303987, 0.0 ], [ 74.8796108, 33.0304782, 0.0 ], [ 74.8794901, 33.0305246, 0.0 ], [ 74.8794312, 33.0305445, 0.0 ], [ 74.8793963, 33.0305533, 0.0 ], [ 74.8793574, 33.0305605, 0.0 ], [ 74.8793185, 33.0305633, 0.0 ], [ 74.8792606, 33.0305665, 0.0 ], [ 74.8791947, 33.0305664, 0.0 ], [ 74.8790981, 33.0305591, 0.0 ], [ 74.8789921, 33.0305453, 0.0 ], [ 74.8788895, 33.0305249, 0.0 ], [ 74.8787905, 33.0304922, 0.0 ], [ 74.8786501, 33.0304371, 0.0 ], [ 74.8785116, 33.0303844, 0.0 ], [ 74.8782807, 33.0303053, 0.0 ], [ 74.8781505, 33.0302736, 0.0 ], [ 74.8780868, 33.0302667, 0.0 ], [ 74.8780335, 33.03027, 0.0 ], [ 74.877984, 33.0302796, 0.0 ], [ 74.8779378, 33.0302945, 0.0 ], [ 74.8778956, 33.0303161, 0.0 ], [ 74.8778434, 33.0303559, 0.0 ], [ 74.8777825, 33.030414, 0.0 ], [ 74.8777426, 33.0304622, 0.0 ], [ 74.8777121, 33.0305149, 0.0 ], [ 74.8776943, 33.030562, 0.0 ], [ 74.8776853, 33.030612, 0.0 ], [ 74.8776782, 33.0307033, 0.0 ], [ 74.877678, 33.0307928, 0.0 ], [ 74.8776826, 33.030873, 0.0 ], [ 74.8776916, 33.0309047, 0.0 ], [ 74.8777046, 33.0309285, 0.0 ], [ 74.877735, 33.0309704, 0.0 ], [ 74.8777804, 33.0310189, 0.0 ], [ 74.8778514, 33.0310864, 0.0 ], [ 74.8779157, 33.0311539, 0.0 ], [ 74.8779704, 33.0312233, 0.0 ], [ 74.8780139, 33.0312878, 0.0 ], [ 74.878056, 33.0313647, 0.0 ], [ 74.8780647, 33.0314057, 0.0 ], [ 74.8780637, 33.0314499, 0.0 ], [ 74.8780551, 33.0315, 0.0 ], [ 74.8780307, 33.0315982, 0.0 ], [ 74.8780051, 33.03169, 0.0 ], [ 74.877995, 33.0317505, 0.0 ], [ 74.8779879, 33.0317965, 0.0 ], [ 74.8779849, 33.0318437, 0.0 ], [ 74.877986, 33.0318948, 0.0 ], [ 74.8780012, 33.0320013, 0.0 ], [ 74.8780371, 33.0321704, 0.0 ], [ 74.8780825, 33.032337, 0.0 ], [ 74.8781058, 33.0324091, 0.0 ], [ 74.8781296, 33.0324654, 0.0 ], [ 74.8781614, 33.0325284, 0.0 ], [ 74.878193, 33.0325796, 0.0 ], [ 74.8782196, 33.0326131, 0.0 ], [ 74.8782543, 33.0326462, 0.0 ], [ 74.8782965, 33.0326818, 0.0 ], [ 74.8783387, 33.0327152, 0.0 ], [ 74.8783949, 33.0327637, 0.0 ], [ 74.8784471, 33.0328183, 0.0 ], [ 74.8785007, 33.0328852, 0.0 ], [ 74.8785242, 33.0329204, 0.0 ], [ 74.878533, 33.0329499, 0.0 ], [ 74.8785364, 33.0329765, 0.0 ], [ 74.8785254, 33.0330438, 0.0 ], [ 74.8785024, 33.0331146, 0.0 ], [ 74.8784728, 33.0331854, 0.0 ], [ 74.8784289, 33.0332659, 0.0 ], [ 74.8783815, 33.0333309, 0.0 ], [ 74.8783471, 33.0333713, 0.0 ], [ 74.878314, 33.0334061, 0.0 ], [ 74.8782863, 33.0334289, 0.0 ], [ 74.878255, 33.0334532, 0.0 ], [ 74.878221, 33.0334765, 0.0 ], [ 74.8781833, 33.0335003, 0.0 ], [ 74.8781289, 33.0335291, 0.0 ], [ 74.8780155, 33.0335803, 0.0 ], [ 74.8779178, 33.0336251, 0.0 ], [ 74.8778703, 33.0336508, 0.0 ], [ 74.8778198, 33.0336805, 0.0 ], [ 74.877769, 33.033719, 0.0 ], [ 74.8777223, 33.0337654, 0.0 ], [ 74.877652, 33.0338481, 0.0 ], [ 74.8775049, 33.0340782, 0.0 ], [ 74.8773819, 33.0342566, 0.0 ], [ 74.8772524, 33.0344278, 0.0 ], [ 74.8770908, 33.0346179, 0.0 ], [ 74.876952, 33.0347552, 0.0 ], [ 74.876908, 33.0347955, 0.0 ], [ 74.8768739, 33.0348236, 0.0 ], [ 74.8768441, 33.0348432, 0.0 ], [ 74.8768131, 33.0348631, 0.0 ], [ 74.8767768, 33.0348808, 0.0 ], [ 74.8767424, 33.0348906, 0.0 ], [ 74.876708, 33.0348959, 0.0 ], [ 74.8766748, 33.0348959, 0.0 ], [ 74.8766073, 33.0348886, 0.0 ], [ 74.8765178, 33.034872, 0.0 ], [ 74.8764269, 33.0348508, 0.0 ], [ 74.8763666, 33.034838, 0.0 ], [ 74.8762863, 33.0348251, 0.0 ], [ 74.8761638, 33.0348114, 0.0 ], [ 74.8760302, 33.0347955, 0.0 ], [ 74.8758895, 33.0347876, 0.0 ], [ 74.8757193, 33.034782, 0.0 ], [ 74.8754566, 33.034773, 0.0 ], [ 74.8750865, 33.0347673, 0.0 ], [ 74.8747303, 33.034768, 0.0 ], [ 74.8746654, 33.0347633, 0.0 ], [ 74.8746008, 33.0347553, 0.0 ], [ 74.8745658, 33.0347502, 0.0 ], [ 74.8745328, 33.0347431, 0.0 ], [ 74.874503, 33.0347306, 0.0 ], [ 74.874478, 33.0347131, 0.0 ], [ 74.8744248, 33.034654, 0.0 ], [ 74.8743089, 33.0345231, 0.0 ], [ 74.8742305, 33.0344412, 0.0 ], [ 74.8742062, 33.0344195, 0.0 ], [ 74.8741765, 33.0343979, 0.0 ], [ 74.8741213, 33.0343707, 0.0 ], [ 74.8740555, 33.0343479, 0.0 ], [ 74.8739734, 33.034321, 0.0 ], [ 74.8738975, 33.0343058, 0.0 ], [ 74.8738066, 33.0342971, 0.0 ], [ 74.8736907, 33.0342955, 0.0 ], [ 74.8736086, 33.0343015, 0.0 ], [ 74.8735488, 33.0343124, 0.0 ], [ 74.8734847, 33.0343313, 0.0 ], [ 74.8734273, 33.0343581, 0.0 ], [ 74.8733734, 33.0343883, 0.0 ], [ 74.8733142, 33.0344349, 0.0 ], [ 74.8732525, 33.0344886, 0.0 ], [ 74.8732135, 33.0345244, 0.0 ], [ 74.873178, 33.0345502, 0.0 ], [ 74.8731454, 33.0345665, 0.0 ], [ 74.8730903, 33.0345836, 0.0 ], [ 74.8730238, 33.0345978, 0.0 ], [ 74.8729453, 33.0346063, 0.0 ], [ 74.8728815, 33.0346071, 0.0 ], [ 74.8728247, 33.034603, 0.0 ], [ 74.8727857, 33.034592, 0.0 ], [ 74.8727452, 33.0345753, 0.0 ], [ 74.8726348, 33.0345043, 0.0 ], [ 74.8725338, 33.0344244, 0.0 ], [ 74.8724554, 33.0343761, 0.0 ], [ 74.8724161, 33.0343575, 0.0 ], [ 74.8723717, 33.0343477, 0.0 ], [ 74.8723327, 33.0343433, 0.0 ], [ 74.8723012, 33.0343479, 0.0 ], [ 74.8722298, 33.034371, 0.0 ], [ 74.8721545, 33.0344123, 0.0 ], [ 74.8720859, 33.0344604, 0.0 ], [ 74.872038, 33.0345148, 0.0 ], [ 74.8719417, 33.0346792, 0.0 ], [ 74.8718875, 33.0347861, 0.0 ], [ 74.8718798, 33.0348215, 0.0 ], [ 74.8718787, 33.0348595, 0.0 ], [ 74.8718861, 33.0348909, 0.0 ], [ 74.8719258, 33.0349706, 0.0 ], [ 74.8719706, 33.0350834, 0.0 ], [ 74.8720047, 33.0351815, 0.0 ], [ 74.8720122, 33.0352365, 0.0 ], [ 74.8720078, 33.0352888, 0.0 ], [ 74.8719963, 33.0353497, 0.0 ], [ 74.8719811, 33.0353993, 0.0 ], [ 74.8719615, 33.0354309, 0.0 ], [ 74.8719351, 33.035459, 0.0 ], [ 74.8718999, 33.0354787, 0.0 ], [ 74.871846, 33.0354936, 0.0 ], [ 74.8715588, 33.0355624, 0.0 ], [ 74.871142, 33.0356573, 0.0 ], [ 74.8710395, 33.0356852, 0.0 ], [ 74.8709446, 33.0357155, 0.0 ], [ 74.8708395, 33.0357581, 0.0 ], [ 74.8707559, 33.0357974, 0.0 ], [ 74.8706633, 33.0358464, 0.0 ], [ 74.8705373, 33.0359249, 0.0 ], [ 74.8703374, 33.0360753, 0.0 ], [ 74.8701631, 33.0362023, 0.0 ], [ 74.8700742, 33.036275, 0.0 ], [ 74.8700384, 33.036304, 0.0 ], [ 74.8699991, 33.0363297, 0.0 ], [ 74.8699566, 33.0363533, 0.0 ], [ 74.8698871, 33.0363904, 0.0 ], [ 74.8698121, 33.0364269, 0.0 ], [ 74.8697196, 33.0364733, 0.0 ], [ 74.869609, 33.0365234, 0.0 ], [ 74.8694826, 33.0365699, 0.0 ], [ 74.8693859, 33.0366015, 0.0 ], [ 74.8692517, 33.0366467, 0.0 ], [ 74.8688882, 33.0367529, 0.0 ], [ 74.8685214, 33.0368347, 0.0 ], [ 74.8682444, 33.0368816, 0.0 ], [ 74.8680154, 33.036916, 0.0 ], [ 74.8678775, 33.0369455, 0.0 ], [ 74.867762, 33.0369735, 0.0 ], [ 74.8676855, 33.0369897, 0.0 ], [ 74.8676178, 33.0369978, 0.0 ], [ 74.8675554, 33.0370026, 0.0 ], [ 74.867484, 33.0370031, 0.0 ], [ 74.8674148, 33.0369999, 0.0 ], [ 74.8673024, 33.0369905, 0.0 ], [ 74.8671457, 33.0369824, 0.0 ], [ 74.8670351, 33.0369772, 0.0 ], [ 74.8669007, 33.0369803, 0.0 ], [ 74.8667744, 33.0369857, 0.0 ], [ 74.8666201, 33.0369968, 0.0 ], [ 74.8665321, 33.037008, 0.0 ], [ 74.8664538, 33.0370226, 0.0 ], [ 74.866372, 33.0370372, 0.0 ], [ 74.866295, 33.0370533, 0.0 ], [ 74.8662403, 33.0370685, 0.0 ], [ 74.8661859, 33.037084, 0.0 ], [ 74.8661384, 33.0371002, 0.0 ], [ 74.8661012, 33.0371134, 0.0 ], [ 74.8660587, 33.037131, 0.0 ], [ 74.8659973, 33.0371579, 0.0 ], [ 74.8659143, 33.0371983, 0.0 ], [ 74.8658272, 33.0372455, 0.0 ], [ 74.8657267, 33.0373051, 0.0 ], [ 74.8655866, 33.0373991, 0.0 ], [ 74.8654764, 33.037482, 0.0 ], [ 74.8653699, 33.0375633, 0.0 ], [ 74.8651772, 33.0377355, 0.0 ], [ 74.8650728, 33.0378238, 0.0 ], [ 74.8650179, 33.0378635, 0.0 ], [ 74.8649757, 33.0378889, 0.0 ], [ 74.8649238, 33.0379174, 0.0 ], [ 74.8648262, 33.0379661, 0.0 ], [ 74.8645899, 33.0380574, 0.0 ], [ 74.8644115, 33.0381346, 0.0 ], [ 74.8642866, 33.0381903, 0.0 ], [ 74.864202, 33.0382316, 0.0 ], [ 74.8641409, 33.0382691, 0.0 ], [ 74.8640701, 33.0383137, 0.0 ], [ 74.8639743, 33.0383753, 0.0 ], [ 74.8638956, 33.0384331, 0.0 ], [ 74.8638428, 33.0384643, 0.0 ], [ 74.8637997, 33.0384832, 0.0 ], [ 74.8637472, 33.038501, 0.0 ], [ 74.8637003, 33.0385124, 0.0 ], [ 74.8635997, 33.0385462, 0.0 ], [ 74.8634421, 33.0385968, 0.0 ], [ 74.863386, 33.0386196, 0.0 ], [ 74.8633217, 33.0386424, 0.0 ], [ 74.8632054, 33.0387014, 0.0 ], [ 74.8630709, 33.0387794, 0.0 ], [ 74.862991, 33.0388265, 0.0 ], [ 74.8629272, 33.038869, 0.0 ], [ 74.8628513, 33.0389251, 0.0 ], [ 74.8627889, 33.0389766, 0.0 ], [ 74.8627201, 33.0390477, 0.0 ], [ 74.8626521, 33.039126, 0.0 ], [ 74.8625954, 33.0391776, 0.0 ], [ 74.8625428, 33.0392179, 0.0 ], [ 74.862493, 33.0392493, 0.0 ], [ 74.8624239, 33.0392927, 0.0 ], [ 74.8623398, 33.0393425, 0.0 ], [ 74.8622422, 33.0393867, 0.0 ], [ 74.8621687, 33.0394195, 0.0 ], [ 74.8620595, 33.0394708, 0.0 ], [ 74.8619982, 33.0395009, 0.0 ], [ 74.8619649, 33.0395205, 0.0 ], [ 74.8619415, 33.0395415, 0.0 ], [ 74.8619178, 33.0395734, 0.0 ], [ 74.8618791, 33.0396366, 0.0 ], [ 74.8618638, 33.0396738, 0.0 ], [ 74.8618561, 33.039707, 0.0 ], [ 74.8618578, 33.0397953, 0.0 ], [ 74.8618684, 33.0399689, 0.0 ], [ 74.8618804, 33.040138, 0.0 ], [ 74.8618931, 33.0402299, 0.0 ], [ 74.8619111, 33.0402998, 0.0 ], [ 74.8619469, 33.0404208, 0.0 ], [ 74.8619896, 33.0405365, 0.0 ], [ 74.8620514, 33.0406714, 0.0 ], [ 74.86209, 33.0407542, 0.0 ] ] } },
{ "type": "Feature", "properties": { "source_edge_id": "OSM_WAY_102769568", "osm_way_id": "102769568", "name": "nan" }, "geometry": { "type": "LineString", "coordinates": [ [ 74.9472955, 32.8982668, 0.0 ], [ 74.9472083, 32.8983625, 0.0 ], [ 74.9471252, 32.898452, 0.0 ], [ 74.9470695, 32.8985066, 0.0 ], [ 74.9470159, 32.8985595, 0.0 ], [ 74.9469683, 32.8986051, 0.0 ], [ 74.9469253, 32.8986462, 0.0 ], [ 74.9468791, 32.8986902, 0.0 ], [ 74.9468248, 32.8987375, 0.0 ], [ 74.9467497, 32.8987971, 0.0 ], [ 74.9466518, 32.8988715, 0.0 ], [ 74.9465351, 32.898975, 0.0 ], [ 74.9464978, 32.8990104, 0.0 ], [ 74.9464533, 32.8990527, 0.0 ], [ 74.9463453, 32.8991603, 0.0 ], [ 74.9463313, 32.899175, 0.0 ], [ 74.9462218, 32.8992899, 0.0 ], [ 74.9461788, 32.8993462, 0.0 ], [ 74.94615, 32.8993936, 0.0 ], [ 74.9461319, 32.8994341, 0.0 ], [ 74.9461179, 32.8994789, 0.0 ], [ 74.9461109, 32.8995194, 0.0 ], [ 74.946108, 32.8995576, 0.0 ], [ 74.94611, 32.8996577, 0.0 ], [ 74.9461177, 32.8997444, 0.0 ], [ 74.9461198, 32.899779, 0.0 ], [ 74.9461215, 32.8998063, 0.0 ], [ 74.94612, 32.8998649, 0.0 ], [ 74.9461155, 32.8999228, 0.0 ], [ 74.9461046, 32.899976, 0.0 ], [ 74.9460931, 32.9000189, 0.0 ], [ 74.9460739, 32.900068, 0.0 ], [ 74.9460509, 32.9001128, 0.0 ], [ 74.9460139, 32.9001678, 0.0 ], [ 74.9459793, 32.9002106, 0.0 ], [ 74.9459393, 32.9002528, 0.0 ], [ 74.9458998, 32.9002879, 0.0 ], [ 74.9458603, 32.9003242, 0.0 ], [ 74.9457783, 32.9003906, 0.0 ], [ 74.9457122, 32.9004413, 0.0 ], [ 74.9456622, 32.9004773, 0.0 ], [ 74.9456203, 32.9005133, 0.0 ], [ 74.9455755, 32.9005606, 0.0 ], [ 74.9455559, 32.9005843, 0.0 ], [ 74.9455408, 32.9006081, 0.0 ], [ 74.9454615, 32.9007506, 0.0 ], [ 74.9453769, 32.9008883, 0.0 ], [ 74.9452038, 32.9011649, 0.0 ], [ 74.9450208, 32.9014389, 0.0 ], [ 74.9448658, 32.9016611, 0.0 ], [ 74.9447325, 32.901875, 0.0 ], [ 74.9446618, 32.901983, 0.0 ], [ 74.9446271, 32.9020337, 0.0 ], [ 74.944589, 32.9020843, 0.0 ], [ 74.9444908, 32.9022093, 0.0 ], [ 74.9443774, 32.9023619, 0.0 ], [ 74.9443001, 32.9024773, 0.0 ], [ 74.9442247, 32.9026104, 0.0 ], [ 74.944191, 32.9026837, 0.0 ], [ 74.9441627, 32.902766, 0.0 ], [ 74.9441439, 32.9028325, 0.0 ], [ 74.9441358, 32.9028894, 0.0 ], [ 74.9441357, 32.9029381, 0.0 ], [ 74.9441438, 32.9029744, 0.0 ], [ 74.944161, 32.903016, 0.0 ], [ 74.9441857, 32.903052, 0.0 ], [ 74.9442222, 32.9030886, 0.0 ], [ 74.9442573, 32.9031195, 0.0 ], [ 74.94433, 32.9031749, 0.0 ], [ 74.9444059, 32.9032302, 0.0 ], [ 74.9444711, 32.9032709, 0.0 ], [ 74.944532, 32.903306, 0.0 ], [ 74.9445865, 32.9033308, 0.0 ], [ 74.9446366, 32.9033489, 0.0 ], [ 74.9446948, 32.9033658, 0.0 ], [ 74.9447493, 32.9033761, 0.0 ], [ 74.9448141, 32.9033813, 0.0 ], [ 74.9448666, 32.9033782, 0.0 ], [ 74.9449298, 32.9033671, 0.0 ], [ 74.9449996, 32.9033515, 0.0 ], [ 74.9450877, 32.9033312, 0.0 ], [ 74.9451525, 32.9033187, 0.0 ], [ 74.945201, 32.9033159, 0.0 ], [ 74.9452561, 32.903319, 0.0 ], [ 74.9452998, 32.9033284, 0.0 ], [ 74.9453417, 32.9033444, 0.0 ], [ 74.9453841, 32.9033659, 0.0 ], [ 74.9454228, 32.9033958, 0.0 ], [ 74.9454555, 32.9034287, 0.0 ], [ 74.945484, 32.9034689, 0.0 ], [ 74.9454995, 32.9035092, 0.0 ], [ 74.9455059, 32.9035553, 0.0 ], [ 74.9455038, 32.9035997, 0.0 ], [ 74.9454974, 32.9036399, 0.0 ], [ 74.9454882, 32.9036734, 0.0 ], [ 74.9454683, 32.9037233, 0.0 ], [ 74.9454324, 32.9037946, 0.0 ], [ 74.9453924, 32.9038659, 0.0 ], [ 74.9453516, 32.9039307, 0.0 ], [ 74.9453012, 32.9040041, 0.0 ], [ 74.9452458, 32.9040734, 0.0 ], [ 74.9451866, 32.9041419, 0.0 ], [ 74.9451222, 32.9042111, 0.0 ], [ 74.9450666, 32.9042697, 0.0 ], [ 74.9450068, 32.9043406, 0.0 ], [ 74.9448699, 32.9045052, 0.0 ], [ 74.9446902, 32.904726, 0.0 ], [ 74.9444804, 32.9049936, 0.0 ], [ 74.9443074, 32.90522, 0.0 ], [ 74.9440587, 32.9055656, 0.0 ], [ 74.9438596, 32.9058302, 0.0 ], [ 74.9436071, 32.9061978, 0.0 ], [ 74.9435774, 32.9062425, 0.0 ], [ 74.9435519, 32.9062779, 0.0 ], [ 74.9435257, 32.9063113, 0.0 ], [ 74.9434348, 32.9064271, 0.0 ], [ 74.9434045, 32.9064635, 0.0 ], [ 74.9432271, 32.9066764, 0.0 ], [ 74.9431031, 32.9068236, 0.0 ], [ 74.9430682, 32.9068623, 0.0 ], [ 74.9430378, 32.906896, 0.0 ], [ 74.9430071, 32.9069289, 0.0 ], [ 74.9429656, 32.9069656, 0.0 ], [ 74.9429188, 32.907, 0.0 ], [ 74.9428425, 32.9070576, 0.0 ], [ 74.9427923, 32.9070955, 0.0 ], [ 74.9427564, 32.9071245, 0.0 ], [ 74.9427251, 32.9071537, 0.0 ], [ 74.9426933, 32.9071863, 0.0 ], [ 74.9426372, 32.9072656, 0.0 ], [ 74.9425342, 32.9074305, 0.0 ], [ 74.9424566, 32.9075901, 0.0 ], [ 74.9424272, 32.9076575, 0.0 ], [ 74.942399, 32.9077115, 0.0 ], [ 74.9423729, 32.9077553, 0.0 ], [ 74.9423504, 32.9077885, 0.0 ], [ 74.9423305, 32.907817, 0.0 ], [ 74.9423011, 32.9078458, 0.0 ], [ 74.9422756, 32.9078653, 0.0 ], [ 74.9422448, 32.9078848, 0.0 ], [ 74.942196, 32.9079089, 0.0 ], [ 74.9420952, 32.9079525, 0.0 ], [ 74.9419179, 32.9080152, 0.0 ], [ 74.941858, 32.9080388, 0.0 ], [ 74.9418005, 32.9080663, 0.0 ], [ 74.9417376, 32.9080998, 0.0 ], [ 74.9416949, 32.9081305, 0.0 ], [ 74.9416277, 32.9081725, 0.0 ], [ 74.9415741, 32.9082177, 0.0 ], [ 74.9415058, 32.9082807, 0.0 ], [ 74.9414301, 32.9083618, 0.0 ], [ 74.9413627, 32.9084394, 0.0 ], [ 74.9412725, 32.9085543, 0.0 ], [ 74.9411474, 32.9087316, 0.0 ], [ 74.941099, 32.9088095, 0.0 ], [ 74.9410868, 32.9088361, 0.0 ], [ 74.9410767, 32.9088651, 0.0 ], [ 74.9410706, 32.9088998, 0.0 ], [ 74.9410669, 32.9091699, 0.0 ], [ 74.9410652, 32.9095235, 0.0 ], [ 74.9410598, 32.9095663, 0.0 ], [ 74.9410478, 32.909599, 0.0 ], [ 74.9410323, 32.9096288, 0.0 ], [ 74.9410126, 32.9096561, 0.0 ], [ 74.9409919, 32.9096799, 0.0 ], [ 74.9409628, 32.9097093, 0.0 ], [ 74.9409338, 32.9097352, 0.0 ], [ 74.9409026, 32.9097564, 0.0 ], [ 74.9408695, 32.9097714, 0.0 ], [ 74.9408275, 32.9097846, 0.0 ], [ 74.9407831, 32.9097923, 0.0 ], [ 74.9406809, 32.9098079, 0.0 ], [ 74.9405541, 32.9098342, 0.0 ], [ 74.9404826, 32.9098529, 0.0 ], [ 74.940412, 32.9098752, 0.0 ], [ 74.9403673, 32.9098965, 0.0 ], [ 74.9403215, 32.9099241, 0.0 ], [ 74.940273, 32.909955, 0.0 ], [ 74.9402345, 32.9099863, 0.0 ], [ 74.9401241, 32.9100853, 0.0 ], [ 74.9400676, 32.9101303, 0.0 ], [ 74.9400084, 32.910173, 0.0 ], [ 74.9399548, 32.9102057, 0.0 ], [ 74.9399105, 32.9102287, 0.0 ], [ 74.9398783, 32.9102405, 0.0 ], [ 74.9398473, 32.9102468, 0.0 ], [ 74.9398104, 32.91025, 0.0 ], [ 74.9397463, 32.9102493, 0.0 ], [ 74.9396727, 32.9102405, 0.0 ], [ 74.9395648, 32.9102221, 0.0 ], [ 74.9394408, 32.9102002, 0.0 ], [ 74.9393883, 32.9101916, 0.0 ], [ 74.9393486, 32.9101918, 0.0 ], [ 74.939314, 32.9101952, 0.0 ], [ 74.9392779, 32.9102037, 0.0 ], [ 74.9392464, 32.9102158, 0.0 ], [ 74.9392163, 32.9102336, 0.0 ], [ 74.939181, 32.9102626, 0.0 ], [ 74.9391453, 32.9102996, 0.0 ], [ 74.9391055, 32.9103512, 0.0 ], [ 74.9390133, 32.9104838, 0.0 ], [ 74.9389316, 32.9105957, 0.0 ], [ 74.9388531, 32.9106969, 0.0 ], [ 74.9387728, 32.910795, 0.0 ], [ 74.9386831, 32.9108974, 0.0 ], [ 74.9385753, 32.9110178, 0.0 ], [ 74.938465, 32.911141, 0.0 ], [ 74.9383171, 32.9112948, 0.0 ], [ 74.9381743, 32.9114445, 0.0 ], [ 74.9381063, 32.9115232, 0.0 ], [ 74.9380575, 32.9115795, 0.0 ], [ 74.938009, 32.9116392, 0.0 ], [ 74.9379687, 32.911696, 0.0 ], [ 74.9379216, 32.9117607, 0.0 ], [ 74.937881, 32.9118146, 0.0 ], [ 74.9378486, 32.9118544, 0.0 ], [ 74.9378083, 32.9118901, 0.0 ], [ 74.9377734, 32.9119169, 0.0 ], [ 74.9377318, 32.9119404, 0.0 ], [ 74.9376794, 32.9119642, 0.0 ], [ 74.9376243, 32.9119879, 0.0 ], [ 74.9375626, 32.9120065, 0.0 ], [ 74.9374982, 32.9120217, 0.0 ], [ 74.9374038, 32.9120298, 0.0 ], [ 74.9372962, 32.9120315, 0.0 ], [ 74.9372075, 32.912029, 0.0 ], [ 74.9371203, 32.9120255, 0.0 ], [ 74.937006, 32.9120215, 0.0 ], [ 74.9368237, 32.9120091, 0.0 ], [ 74.9367614, 32.9120072, 0.0 ], [ 74.9367072, 32.9120062, 0.0 ], [ 74.9366651, 32.912007, 0.0 ], [ 74.9366392, 32.9120123, 0.0 ], [ 74.9366116, 32.9120218, 0.0 ], [ 74.9365703, 32.9120423, 0.0 ], [ 74.9365208, 32.9120943, 0.0 ], [ 74.9364779, 32.9121699, 0.0 ], [ 74.9364118, 32.9122771, 0.0 ], [ 74.9363663, 32.9123985, 0.0 ], [ 74.9363382, 32.9124896, 0.0 ], [ 74.9363356, 32.912521, 0.0 ], [ 74.9363402, 32.9125454, 0.0 ], [ 74.9363545, 32.9125723, 0.0 ], [ 74.9363724, 32.9125924, 0.0 ], [ 74.9364008, 32.9126172, 0.0 ], [ 74.9364304, 32.9126352, 0.0 ], [ 74.936464, 32.9126509, 0.0 ], [ 74.9365023, 32.9126633, 0.0 ], [ 74.9365459, 32.9126723, 0.0 ], [ 74.9365978, 32.9126794, 0.0 ], [ 74.9366511, 32.912691, 0.0 ], [ 74.9367117, 32.9127084, 0.0 ], [ 74.9367602, 32.912728, 0.0 ], [ 74.9367971, 32.912751, 0.0 ], [ 74.9368249, 32.9127772, 0.0 ], [ 74.9368469, 32.9128082, 0.0 ], [ 74.9368659, 32.9128474, 0.0 ], [ 74.9368916, 32.9129102, 0.0 ], [ 74.9369077, 32.9129826, 0.0 ], [ 74.9369185, 32.913065, 0.0 ], [ 74.9369238, 32.9131665, 0.0 ], [ 74.9369167, 32.9132498, 0.0 ], [ 74.9369015, 32.9133308, 0.0 ], [ 74.9368833, 32.913393, 0.0 ], [ 74.9368608, 32.9134455, 0.0 ], [ 74.936828, 32.9135044, 0.0 ], [ 74.9367634, 32.9135957, 0.0 ], [ 74.9366934, 32.9137006, 0.0 ], [ 74.9366682, 32.9137493, 0.0 ], [ 74.9366626, 32.9137679, 0.0 ], [ 74.9366502, 32.9138097, 0.0 ], [ 74.9366386, 32.9138872, 0.0 ], [ 74.9366301, 32.9139822, 0.0 ], [ 74.9366242, 32.9140986, 0.0 ], [ 74.9366229, 32.9141126, 0.0 ], [ 74.9366136, 32.9142123, 0.0 ], [ 74.9365976, 32.9143074, 0.0 ], [ 74.9365856, 32.9143642, 0.0 ], [ 74.9365695, 32.914408, 0.0 ], [ 74.9365481, 32.9144524, 0.0 ], [ 74.9365226, 32.9145016, 0.0 ], [ 74.9364918, 32.9145493, 0.0 ], [ 74.9364663, 32.9145816, 0.0 ], [ 74.9364301, 32.9146195, 0.0 ], [ 74.93639, 32.9146547, 0.0 ], [ 74.936319, 32.9147073, 0.0 ], [ 74.9362714, 32.914747, 0.0 ], [ 74.9362248, 32.9147894, 0.0 ], [ 74.9361841, 32.9148264, 0.0 ], [ 74.9361201, 32.9148882, 0.0 ], [ 74.9359252, 32.9151032, 0.0 ], [ 74.935745, 32.9152946, 0.0 ], [ 74.935597, 32.9154679, 0.0 ], [ 74.9355243, 32.9155625, 0.0 ], [ 74.9354584, 32.9156728, 0.0 ], [ 74.9353899, 32.9158012, 0.0 ], [ 74.9353125, 32.9159461, 0.0 ], [ 74.9352593, 32.9160346, 0.0 ], [ 74.9352314, 32.9160713, 0.0 ], [ 74.9352054, 32.9161003, 0.0 ], [ 74.9351722, 32.9161283, 0.0 ], [ 74.9351342, 32.9161535, 0.0 ], [ 74.935087, 32.9161786, 0.0 ], [ 74.9350407, 32.9161989, 0.0 ], [ 74.9349929, 32.9162148, 0.0 ], [ 74.9349322, 32.9162329, 0.0 ], [ 74.9348777, 32.9162436, 0.0 ], [ 74.9348151, 32.916251, 0.0 ], [ 74.9347202, 32.9162596, 0.0 ], [ 74.9346137, 32.9162661, 0.0 ], [ 74.9344961, 32.9162705, 0.0 ], [ 74.9344133, 32.9162704, 0.0 ], [ 74.9343458, 32.9162672, 0.0 ], [ 74.9342713, 32.9162579, 0.0 ], [ 74.9342046, 32.9162476, 0.0 ], [ 74.9341296, 32.9162273, 0.0 ], [ 74.9340534, 32.9162002, 0.0 ], [ 74.9339887, 32.9161737, 0.0 ], [ 74.9339135, 32.9161318, 0.0 ], [ 74.9338296, 32.9160776, 0.0 ], [ 74.933731, 32.9160144, 0.0 ], [ 74.9336296, 32.9159692, 0.0 ], [ 74.9335601, 32.9159467, 0.0 ], [ 74.933504, 32.9159308, 0.0 ], [ 74.9334516, 32.9159251, 0.0 ], [ 74.9334066, 32.9159301, 0.0 ], [ 74.9333653, 32.9159394, 0.0 ], [ 74.9333281, 32.9159554, 0.0 ], [ 74.9332913, 32.9159772, 0.0 ], [ 74.9332522, 32.9160157, 0.0 ], [ 74.9332143, 32.9160722, 0.0 ], [ 74.933187, 32.9161315, 0.0 ], [ 74.9331625, 32.9161949, 0.0 ], [ 74.9331475, 32.9162673, 0.0 ], [ 74.933142, 32.9163429, 0.0 ], [ 74.9331471, 32.9164546, 0.0 ], [ 74.9331648, 32.9166233, 0.0 ], [ 74.9331789, 32.9167458, 0.0 ], [ 74.9331793, 32.9168342, 0.0 ], [ 74.9331717, 32.9168921, 0.0 ], [ 74.9331552, 32.9169661, 0.0 ], [ 74.9331335, 32.9170302, 0.0 ], [ 74.9331093, 32.9170768, 0.0 ], [ 74.9330824, 32.9171182, 0.0 ], [ 74.9330502, 32.9171539, 0.0 ], [ 74.9330124, 32.9171834, 0.0 ], [ 74.9329345, 32.9172466, 0.0 ], [ 74.9327896, 32.917348, 0.0 ], [ 74.9326112, 32.9174719, 0.0 ], [ 74.932506, 32.9175487, 0.0 ], [ 74.9324633, 32.9175891, 0.0 ], [ 74.9324205, 32.9176442, 0.0 ], [ 74.9323965, 32.9176824, 0.0 ], [ 74.9323831, 32.9177077, 0.0 ], [ 74.932375, 32.9177398, 0.0 ], [ 74.9323728, 32.9177934, 0.0 ], [ 74.9323757, 32.9178517, 0.0 ], [ 74.9323825, 32.9178876, 0.0 ], [ 74.9323946, 32.9179202, 0.0 ], [ 74.9324218, 32.9179724, 0.0 ], [ 74.9324534, 32.9180216, 0.0 ], [ 74.9325075, 32.918089, 0.0 ], [ 74.9326366, 32.9182295, 0.0 ], [ 74.9327573, 32.9183623, 0.0 ], [ 74.9328368, 32.918469, 0.0 ], [ 74.9328645, 32.9185201, 0.0 ], [ 74.9328804, 32.9185602, 0.0 ], [ 74.9328903, 32.9185961, 0.0 ], [ 74.9328926, 32.9186331, 0.0 ], [ 74.9328898, 32.9186764, 0.0 ], [ 74.9328802, 32.9187197, 0.0 ], [ 74.9328543, 32.9187872, 0.0 ], [ 74.9328069, 32.918894, 0.0 ], [ 74.9327494, 32.9190201, 0.0 ], [ 74.9326884, 32.9191338, 0.0 ], [ 74.9326177, 32.9192559, 0.0 ], [ 74.9325649, 32.9193373, 0.0 ], [ 74.9325148, 32.9194062, 0.0 ], [ 74.9324562, 32.9194809, 0.0 ], [ 74.9323907, 32.9195509, 0.0 ], [ 74.9323177, 32.9196197, 0.0 ], [ 74.9322313, 32.9196885, 0.0 ], [ 74.9321239, 32.9197701, 0.0 ], [ 74.9320648, 32.9198087, 0.0 ], [ 74.9320098, 32.9198381, 0.0 ], [ 74.93193, 32.9198787, 0.0 ], [ 74.9318354, 32.9199193, 0.0 ], [ 74.9317682, 32.9199511, 0.0 ], [ 74.9317266, 32.9199726, 0.0 ], [ 74.9316883, 32.9199991, 0.0 ], [ 74.9316276, 32.9200506, 0.0 ], [ 74.9315758, 32.9201001, 0.0 ], [ 74.9315213, 32.9201618, 0.0 ], [ 74.9314703, 32.9202281, 0.0 ], [ 74.9314174, 32.9203131, 0.0 ], [ 74.9313684, 32.9204047, 0.0 ], [ 74.9313273, 32.9204961, 0.0 ], [ 74.9312981, 32.9205666, 0.0 ], [ 74.9312661, 32.9206674, 0.0 ], [ 74.9312331, 32.9207759, 0.0 ], [ 74.9311831, 32.9209726, 0.0 ], [ 74.9311139, 32.9212561, 0.0 ], [ 74.9310819, 32.921363, 0.0 ], [ 74.9310579, 32.9214254, 0.0 ], [ 74.9310231, 32.9214893, 0.0 ], [ 74.9309842, 32.9215516, 0.0 ], [ 74.9309628, 32.921589, 0.0 ], [ 74.9309453, 32.9216286, 0.0 ], [ 74.930934, 32.9216772, 0.0 ], [ 74.9309213, 32.9218135, 0.0 ] ] } },
{ "type": "Feature", "properties": { "source_edge_id": "OSM_WAY_608901468", "osm_way_id": "608901468", "name": "nan" }, "geometry": { "type": "LineString", "coordinates": [ [ 74.9309213, 32.9218135, 0.0 ], [ 74.9308969, 32.9221046, 0.0 ] ] } },
{ "type": "Feature", "properties": { "source_edge_id": "OSM_WAY_1115550710", "osm_way_id": "1115550710", "name": "nan" }, "geometry": { "type": "LineString", "coordinates": [ [ 74.9697744, 32.9257936, 0.0 ], [ 74.9697965, 32.9265292, 0.0 ], [ 74.9697979, 32.927244, 0.0 ] ] } },
{ "type": "Feature", "properties": { "source_edge_id": "OSM_WAY_1115550712", "osm_way_id": "1115550712", "name": "nan" }, "geometry": { "type": "LineString", "coordinates": [ [ 74.9699119, 32.9273667, 0.0 ], [ 74.9699099, 32.9266446, 0.0 ], [ 74.9698964, 32.9260003, 0.0 ] ] } },
{ "type": "Feature", "properties": { "source_edge_id": "OSM_WAY_1115550711", "osm_way_id": "1115550711", "name": "nan" }, "geometry": { "type": "LineString", "coordinates": [ [ 74.9697979, 32.927244, 0.0 ], [ 74.9697979, 32.9276234, 0.0 ], [ 74.9697939, 32.9278384, 0.0 ], [ 74.9697804, 32.9279915, 0.0 ], [ 74.9697563, 32.9281862, 0.0 ], [ 74.9697241, 32.9283494, 0.0 ], [ 74.9696825, 32.9284879, 0.0 ], [ 74.9696249, 32.9286421, 0.0 ], [ 74.9695578, 32.9287772, 0.0 ], [ 74.9694425, 32.9290023, 0.0 ], [ 74.9693258, 32.9291802, 0.0 ], [ 74.9691917, 32.9293625, 0.0 ], [ 74.9690951, 32.9294875, 0.0 ], [ 74.9689651, 32.9296259, 0.0 ], [ 74.9688484, 32.9297329, 0.0 ], [ 74.968725, 32.9298353, 0.0 ], [ 74.9685828, 32.9299377, 0.0 ], [ 74.9684541, 32.9300154, 0.0 ], [ 74.9682901, 32.9300972, 0.0 ], [ 74.9681054, 32.9301978, 0.0 ], [ 74.9680021, 32.9302518, 0.0 ], [ 74.9678895, 32.9303036, 0.0 ], [ 74.9677634, 32.9303463, 0.0 ], [ 74.9676239, 32.9303812, 0.0 ], [ 74.9674657, 32.9304336, 0.0 ], [ 74.9673363, 32.930487, 0.0 ], [ 74.9672069, 32.9305613, 0.0 ], [ 74.9671036, 32.9306356, 0.0 ], [ 74.966999, 32.9307223, 0.0 ], [ 74.9668783, 32.9308439, 0.0 ], [ 74.9667871, 32.9309643, 0.0 ], [ 74.966712, 32.9310825, 0.0 ], [ 74.9666684, 32.9311866, 0.0 ], [ 74.9666275, 32.9312975, 0.0 ], [ 74.9665967, 32.9314348, 0.0 ], [ 74.9665698, 32.9315834, 0.0 ], [ 74.9664733, 32.932243, 0.0 ], [ 74.9663841, 32.9328351, 0.0 ], [ 74.9663266, 32.933341, 0.0 ], [ 74.9662855, 32.9338279, 0.0 ], [ 74.9662688, 32.9343215, 0.0 ], [ 74.9662863, 32.934838, 0.0 ], [ 74.966307, 32.935102, 0.0 ], [ 74.9663472, 32.9352956, 0.0 ], [ 74.9664384, 32.935523, 0.0 ], [ 74.9666449, 32.9358111, 0.0 ], [ 74.9670017, 32.9362591, 0.0 ], [ 74.9671707, 32.936572, 0.0 ] ] } },
{ "type": "Feature", "properties": { "source_edge_id": "OSM_WAY_1115550713", "osm_way_id": "1115550713", "name": "nan" }, "geometry": { "type": "LineString", "coordinates": [ [ 74.9672484, 32.936491, 0.0 ], [ 74.9670741, 32.9361848, 0.0 ], [ 74.9668837, 32.93598, 0.0 ], [ 74.9666718, 32.9357008, 0.0 ], [ 74.9665135, 32.9354374, 0.0 ], [ 74.9664277, 32.9352461, 0.0 ], [ 74.9663848, 32.9349827, 0.0 ], [ 74.9663821, 32.9346563, 0.0 ], [ 74.9663734, 32.9341042, 0.0 ], [ 74.9664231, 32.9333669, 0.0 ], [ 74.966488, 32.9327923, 0.0 ], [ 74.9665618, 32.9323263, 0.0 ], [ 74.9666342, 32.931831, 0.0 ], [ 74.9666785, 32.9315316, 0.0 ], [ 74.9667053, 32.9313864, 0.0 ], [ 74.9667509, 32.9312356, 0.0 ], [ 74.9667978, 32.9311264, 0.0 ], [ 74.966875, 32.9309975, 0.0 ], [ 74.9669909, 32.930854, 0.0 ], [ 74.9671063, 32.9307459, 0.0 ], [ 74.9672578, 32.9306379, 0.0 ], [ 74.9673893, 32.9305613, 0.0 ], [ 74.9675864, 32.9304893, 0.0 ], [ 74.9677648, 32.9304443, 0.0 ], [ 74.9678293, 32.9304211, 0.0 ], [ 74.9679404, 32.9303812, 0.0 ], [ 74.9681148, 32.9302991, 0.0 ], [ 74.9682717, 32.9302135, 0.0 ], [ 74.9684769, 32.9300886, 0.0 ], [ 74.9686968, 32.9299501, 0.0 ], [ 74.9688886, 32.9298195, 0.0 ], [ 74.9690227, 32.9297047, 0.0 ], [ 74.9691582, 32.9295663, 0.0 ], [ 74.9692695, 32.9294357, 0.0 ], [ 74.9694183, 32.9292218, 0.0 ], [ 74.9695431, 32.9290316, 0.0 ], [ 74.9696463, 32.9288526, 0.0 ], [ 74.9697992, 32.9284992, 0.0 ], [ 74.969869, 32.9282177, 0.0 ], [ 74.9699092, 32.927871, 0.0 ], [ 74.9699119, 32.9273667, 0.0 ] ] } },
{ "type": "Feature", "properties": { "source_edge_id": "OSM_WAY_419337435", "osm_way_id": "419337435", "name": "nan" }, "geometry": { "type": "LineString", "coordinates": [ [ 75.0018288, 32.9099273, 0.0 ], [ 75.0011711, 32.91036, 0.0 ], [ 75.0008619, 32.9105634, 0.0 ], [ 75.0004327, 32.9108471, 0.0 ], [ 75.0001283, 32.9110689, 0.0 ], [ 74.9998708, 32.9112581, 0.0 ], [ 74.9996844, 32.9114033, 0.0 ], [ 74.9994899, 32.9115699, 0.0 ], [ 74.9992391, 32.9118233, 0.0 ], [ 74.9990675, 32.9120079, 0.0 ], [ 74.9989541, 32.9121292, 0.0 ], [ 74.9989012, 32.9121858, 0.0 ], [ 74.9987376, 32.9123851, 0.0 ], [ 74.9985471, 32.9125776, 0.0 ], [ 74.9983782, 32.9127397, 0.0 ], [ 74.998244, 32.912859, 0.0 ], [ 74.9980965, 32.9129694, 0.0 ], [ 74.9978994, 32.9131236, 0.0 ], [ 74.997611, 32.9133206, 0.0 ], [ 74.9973823, 32.9134734, 0.0 ], [ 74.9970974, 32.9136854, 0.0 ], [ 74.9968311, 32.9138967, 0.0 ], [ 74.9966173, 32.9140795, 0.0 ], [ 74.9964234, 32.9142592, 0.0 ], [ 74.996115, 32.9145699, 0.0 ], [ 74.995855, 32.9148864, 0.0 ], [ 74.9956081, 32.9151869, 0.0 ], [ 74.9945893, 32.9165008, 0.0 ], [ 74.9945177, 32.9165931, 0.0 ], [ 74.9941972, 32.9169938, 0.0 ], [ 74.9933711, 32.9178449, 0.0 ], [ 74.9930439, 32.9182153, 0.0 ], [ 74.9928575, 32.9184585, 0.0 ], [ 74.9924257, 32.9192229, 0.0 ], [ 74.9920783, 32.9198746, 0.0 ], [ 74.991794, 32.9203542, 0.0 ], [ 74.9915163, 32.9208034, 0.0 ], [ 74.9911958, 32.9212042, 0.0 ], [ 74.9908512, 32.9215521, 0.0 ], [ 74.9894725, 32.9230797, 0.0 ], [ 74.9892801, 32.9233908, 0.0 ], [ 74.9891889, 32.9235394, 0.0 ], [ 74.9891031, 32.9236981, 0.0 ], [ 74.9890347, 32.9238501, 0.0 ], [ 74.9888939, 32.9241855, 0.0 ], [ 74.9887691, 32.9244782, 0.0 ], [ 74.9886779, 32.9246966, 0.0 ], [ 74.9885707, 32.9249364, 0.0 ], [ 74.9884701, 32.9251345, 0.0 ], [ 74.9883601, 32.9253473, 0.0 ], [ 74.988315, 32.9254252, 0.0 ], [ 74.9882434, 32.9255488, 0.0 ], [ 74.9881294, 32.9257232, 0.0 ], [ 74.9879551, 32.9259709, 0.0 ], [ 74.9876815, 32.9263446, 0.0 ], [ 74.9873596, 32.9268017, 0.0 ], [ 74.9871987, 32.9270335, 0.0 ], [ 74.9870753, 32.9272474, 0.0 ], [ 74.9870094, 32.9273904, 0.0 ], [ 74.9869654, 32.9274861, 0.0 ], [ 74.9868661, 32.9277697, 0.0 ], [ 74.9868044, 32.9279814, 0.0 ], [ 74.9867561, 32.9282448, 0.0 ], [ 74.9867253, 32.9285115, 0.0 ], [ 74.9866971, 32.9287918, 0.0 ], [ 74.9866703, 32.9290575, 0.0 ], [ 74.9866542, 32.9292252, 0.0 ], [ 74.986622, 32.9294413, 0.0 ], [ 74.9865992, 32.9295854, 0.0 ], [ 74.9865907, 32.9296269, 0.0 ], [ 74.9865764, 32.9296968, 0.0 ], [ 74.9865469, 32.9298038, 0.0 ], [ 74.9864919, 32.9299557, 0.0 ], [ 74.9864168, 32.9301449, 0.0 ], [ 74.9863458, 32.9302957, 0.0 ], [ 74.9862599, 32.9304476, 0.0 ], [ 74.9861594, 32.9306176, 0.0 ], [ 74.98604, 32.9308292, 0.0 ], [ 74.986027, 32.9308564, 0.0 ], [ 74.9859354, 32.9310476, 0.0 ], [ 74.9858227, 32.9313178, 0.0 ], [ 74.985753, 32.9315474, 0.0 ], [ 74.9856806, 32.9318468, 0.0 ], [ 74.9856028, 32.932243, 0.0 ], [ 74.9855163, 32.9325996, 0.0 ], [ 74.9854794, 32.9327518, 0.0 ], [ 74.9854097, 32.9330377, 0.0 ], [ 74.9853399, 32.9332808, 0.0 ], [ 74.9846778, 32.9350651, 0.0 ], [ 74.9844936, 32.9355616, 0.0 ], [ 74.9843736, 32.9360775, 0.0 ], [ 74.9842462, 32.9365907, 0.0 ], [ 74.9841027, 32.9376138, 0.0 ], [ 74.9839485, 32.9384197, 0.0 ], [ 74.9838506, 32.938781, 0.0 ], [ 74.9835354, 32.9395396, 0.0 ], [ 74.9829404, 32.9411187, 0.0 ], [ 74.98284, 32.9415338, 0.0 ], [ 74.9828032, 32.9419201, 0.0 ], [ 74.9828381, 32.9426933, 0.0 ], [ 74.982822, 32.9431637, 0.0 ], [ 74.9823191, 32.945678, 0.0 ], [ 74.9821943, 32.9460347, 0.0 ], [ 74.9820482, 32.9462553, 0.0 ], [ 74.9819742, 32.9463478, 0.0 ], [ 74.9818269, 32.9465322, 0.0 ], [ 74.9814098, 32.9469114, 0.0 ], [ 74.9809806, 32.9472569, 0.0 ], [ 74.980695, 32.9475822, 0.0 ], [ 74.9805367, 32.9478219, 0.0 ], [ 74.9803087, 32.9483531, 0.0 ], [ 74.9798286, 32.9494954, 0.0 ], [ 74.9796985, 32.9497958, 0.0 ], [ 74.9795068, 32.9501064, 0.0 ], [ 74.9792815, 32.9503743, 0.0 ], [ 74.9782716, 32.9512746, 0.0 ], [ 74.9778277, 32.951691, 0.0 ], [ 74.9775313, 32.9519543, 0.0 ], [ 74.9764893, 32.9527646, 0.0 ], [ 74.9754647, 32.9534634, 0.0 ], [ 74.9750248, 32.9537627, 0.0 ], [ 74.9747284, 32.9540474, 0.0 ], [ 74.9745353, 32.9542793, 0.0 ], [ 74.9739948, 32.9551885, 0.0 ], [ 74.9737963, 32.9554777, 0.0 ], [ 74.9736072, 32.955714, 0.0 ], [ 74.9733953, 32.9559335, 0.0 ], [ 74.9729984, 32.9562418, 0.0 ], [ 74.9725974, 32.9565096, 0.0 ], [ 74.9723922, 32.9566154, 0.0 ] ] } },
{ "type": "Feature", "properties": { "source_edge_id": "OSM_WAY_419337437", "osm_way_id": "419337437", "name": "nan" }, "geometry": { "type": "LineString", "coordinates": [ [ 74.9725196, 32.9566863, 0.0 ], [ 74.9728495, 32.956486, 0.0 ], [ 74.9734865, 32.9559886, 0.0 ], [ 74.9737534, 32.9557399, 0.0 ], [ 74.9739948, 32.9554282, 0.0 ], [ 74.9741839, 32.9550535, 0.0 ], [ 74.9744454, 32.9545876, 0.0 ], [ 74.9747646, 32.954133, 0.0 ], [ 74.9749658, 32.9539225, 0.0 ], [ 74.9753104, 32.953657, 0.0 ], [ 74.9756793, 32.9534206, 0.0 ], [ 74.9766408, 32.9527488, 0.0 ], [ 74.9772524, 32.9522987, 0.0 ], [ 74.9778129, 32.9518271, 0.0 ], [ 74.9784473, 32.9512239, 0.0 ], [ 74.979087, 32.9506601, 0.0 ], [ 74.9793431, 32.9504474, 0.0 ], [ 74.9795899, 32.9501278, 0.0 ], [ 74.9798005, 32.9497925, 0.0 ], [ 74.9800016, 32.9493389, 0.0 ], [ 74.9804777, 32.948209, 0.0 ], [ 74.9806346, 32.947895, 0.0 ], [ 74.980931, 32.9474764, 0.0 ], [ 74.9811898, 32.9472401, 0.0 ], [ 74.9815037, 32.9469891, 0.0 ], [ 74.9817974, 32.9467528, 0.0 ], [ 74.9820401, 32.9464917, 0.0 ], [ 74.9821279, 32.9463888, 0.0 ], [ 74.9822601, 32.9461709, 0.0 ], [ 74.9823928, 32.9459323, 0.0 ], [ 74.9824585, 32.9456858, 0.0 ], [ 74.98294, 32.9432931, 0.0 ], [ 74.9830003, 32.9428745, 0.0 ], [ 74.9830044, 32.942637, 0.0 ], [ 74.9829762, 32.9421677, 0.0 ], [ 74.9829561, 32.9416691, 0.0 ], [ 74.9830097, 32.9413235, 0.0 ], [ 74.9831076, 32.9409836, 0.0 ], [ 74.9840692, 32.9385998, 0.0 ], [ 74.9842181, 32.9381834, 0.0 ], [ 74.984265, 32.9379301, 0.0 ], [ 74.9843012, 32.9374225, 0.0 ], [ 74.9843093, 32.9369802, 0.0 ], [ 74.9843482, 32.9366594, 0.0 ], [ 74.98443, 32.9362193, 0.0 ], [ 74.9845949, 32.9356182, 0.0 ], [ 74.9848373, 32.9349494, 0.0 ], [ 74.9855009, 32.9331187, 0.0 ], [ 74.9855733, 32.9328351, 0.0 ], [ 74.9856276, 32.9326155, 0.0 ], [ 74.9856779, 32.9324119, 0.0 ], [ 74.985816, 32.9318153, 0.0 ], [ 74.9858489, 32.9316974, 0.0 ], [ 74.9858663, 32.9316348, 0.0 ], [ 74.9859448, 32.9314326, 0.0 ], [ 74.9860427, 32.9311872, 0.0 ], [ 74.9862331, 32.930809, 0.0 ], [ 74.9863887, 32.9305433, 0.0 ], [ 74.9864987, 32.930325, 0.0 ], [ 74.9865711, 32.9301465, 0.0 ], [ 74.9866462, 32.9299535, 0.0 ], [ 74.9866971, 32.9297925, 0.0 ], [ 74.9867374, 32.9296045, 0.0 ], [ 74.9867722, 32.9294323, 0.0 ], [ 74.9868031, 32.9292061, 0.0 ], [ 74.9868272, 32.9289629, 0.0 ], [ 74.9868406, 32.9287727, 0.0 ], [ 74.9868594, 32.9285633, 0.0 ], [ 74.9868929, 32.928256, 0.0 ], [ 74.9869157, 32.9281097, 0.0 ], [ 74.9869466, 32.9279712, 0.0 ], [ 74.9870002, 32.9277922, 0.0 ], [ 74.9870512, 32.9276414, 0.0 ], [ 74.9871209, 32.9274748, 0.0 ], [ 74.987192, 32.9273228, 0.0 ], [ 74.9873047, 32.9271191, 0.0 ], [ 74.9874334, 32.9269131, 0.0 ], [ 74.9875447, 32.9267454, 0.0 ], [ 74.9876426, 32.926617, 0.0 ], [ 74.9877338, 32.9264921, 0.0 ], [ 74.9879068, 32.9262591, 0.0 ], [ 74.9881415, 32.9259405, 0.0 ], [ 74.9882917, 32.9257154, 0.0 ], [ 74.9883735, 32.9255848, 0.0 ], [ 74.9884661, 32.9254137, 0.0 ], [ 74.9885841, 32.9252054, 0.0 ], [ 74.98869, 32.9249972, 0.0 ], [ 74.9887611, 32.9248475, 0.0 ], [ 74.9888603, 32.9246212, 0.0 ], [ 74.9889502, 32.9243972, 0.0 ], [ 74.9890293, 32.9242092, 0.0 ], [ 74.9891345, 32.9239499, 0.0 ], [ 74.9894203, 32.9233463, 0.0 ], [ 74.989738, 32.922984, 0.0 ], [ 74.9910599, 32.9215377, 0.0 ], [ 74.9914399, 32.9210894, 0.0 ], [ 74.991731, 32.9206852, 0.0 ], [ 74.9921708, 32.9199534, 0.0 ], [ 74.9924176, 32.9194526, 0.0 ], [ 74.9927971, 32.9187861, 0.0 ], [ 74.993001, 32.9184799, 0.0 ], [ 74.9933295, 32.91807, 0.0 ], [ 74.99387, 32.9175218, 0.0 ], [ 74.9942441, 32.9171503, 0.0 ], [ 74.9944896, 32.916852, 0.0 ], [ 74.9958039, 32.9151497, 0.0 ], [ 74.9961083, 32.9147726, 0.0 ], [ 74.9966219, 32.91424, 0.0 ], [ 74.9968218, 32.9140633, 0.0 ], [ 74.9969885, 32.9139292, 0.0 ], [ 74.9970451, 32.9138836, 0.0 ], [ 74.9972516, 32.9137226, 0.0 ], [ 74.9975547, 32.9135165, 0.0 ], [ 74.9978082, 32.9133499, 0.0 ], [ 74.9979664, 32.9132385, 0.0 ], [ 74.9981126, 32.9131338, 0.0 ], [ 74.9982534, 32.91302, 0.0 ], [ 74.9983889, 32.9129007, 0.0 ], [ 74.998574, 32.9127375, 0.0 ], [ 74.998692, 32.9126249, 0.0 ], [ 74.9988502, 32.9124504, 0.0 ], [ 74.9990313, 32.9122443, 0.0 ], [ 74.9992606, 32.9119775, 0.0 ], [ 74.9992826, 32.9119545, 0.0 ], [ 74.9994376, 32.9117929, 0.0 ], [ 74.9995986, 32.9116386, 0.0 ], [ 74.9997836, 32.9114816, 0.0 ], [ 74.9999526, 32.9113425, 0.0 ], [ 75.0001484, 32.9111995, 0.0 ], [ 75.0006983, 32.9108111, 0.0 ], [ 75.0009426, 32.9106505, 0.0 ], [ 75.0012669, 32.9104373, 0.0 ], [ 75.0016129, 32.9102144, 0.0 ], [ 75.0018784, 32.9100455, 0.0 ] ] } },
{ "type": "Feature", "properties": { "source_edge_id": "OSM_WAY_633386653", "osm_way_id": "633386653", "name": "nan" }, "geometry": { "type": "LineString", "coordinates": [ [ 74.9673571, 32.9369963, 0.0 ], [ 74.9673726, 32.936756, 0.0 ], [ 74.9672484, 32.936491, 0.0 ] ] } },
{ "type": "Feature", "properties": { "source_edge_id": "OSM_WAY_633386652", "osm_way_id": "633386652", "name": "nan" }, "geometry": { "type": "LineString", "coordinates": [ [ 74.9671707, 32.936572, 0.0 ], [ 74.9672559, 32.9368111, 0.0 ], [ 74.967223, 32.9370684, 0.0 ] ] } },
{ "type": "Feature", "properties": { "source_edge_id": "OSM_WAY_633386655", "osm_way_id": "633386655", "name": "nan" }, "geometry": { "type": "LineString", "coordinates": [ [ 74.9673228, 32.9575652, 0.0 ], [ 74.9669057, 32.9574515, 0.0 ], [ 74.966309, 32.9572411, 0.0 ], [ 74.9658114, 32.9569901, 0.0 ], [ 74.9654372, 32.9566705, 0.0 ], [ 74.965059, 32.9562913, 0.0 ], [ 74.9647251, 32.9558783, 0.0 ], [ 74.9641592, 32.9549657, 0.0 ], [ 74.9639299, 32.9544749, 0.0 ], [ 74.9636617, 32.9530851, 0.0 ], [ 74.9635879, 32.9525011, 0.0 ], [ 74.9635933, 32.9522411, 0.0 ], [ 74.9636456, 32.9518157, 0.0 ], [ 74.9637582, 32.9514804, 0.0 ], [ 74.9639983, 32.9510021, 0.0 ], [ 74.9643912, 32.950517, 0.0 ], [ 74.9649263, 32.9500759, 0.0 ], [ 74.9654132, 32.9498036, 0.0 ], [ 74.9654912, 32.9497563, 0.0 ], [ 74.9657994, 32.9495695, 0.0 ], [ 74.9660435, 32.9493883, 0.0 ], [ 74.9662621, 32.9491204, 0.0 ], [ 74.9663519, 32.9490057, 0.0 ], [ 74.9665048, 32.9487007, 0.0 ], [ 74.9667637, 32.9481188, 0.0 ], [ 74.9674034, 32.946828, 0.0 ], [ 74.9680458, 32.9455855, 0.0 ], [ 74.9681557, 32.9452738, 0.0 ], [ 74.9681852, 32.9449857, 0.0 ], [ 74.968145, 32.9447223, 0.0 ], [ 74.9679854, 32.9443183, 0.0 ], [ 74.9679063, 32.9441555, 0.0 ], [ 74.9674999, 32.9433189, 0.0 ], [ 74.9672102, 32.9426301, 0.0 ], [ 74.9670574, 32.9422699, 0.0 ], [ 74.9669689, 32.9417139, 0.0 ], [ 74.9670171, 32.9411647, 0.0 ], [ 74.9670118, 32.9408698, 0.0 ], [ 74.9668495, 32.9404286, 0.0 ], [ 74.9665759, 32.9398321, 0.0 ], [ 74.9664861, 32.9395158, 0.0 ], [ 74.9664485, 32.9392479, 0.0 ], [ 74.9664579, 32.9390431, 0.0 ], [ 74.9665129, 32.9388011, 0.0 ], [ 74.9666269, 32.9384522, 0.0 ], [ 74.9668535, 32.9379423, 0.0 ], [ 74.9671432, 32.9375169, 0.0 ], [ 74.9672826, 32.9372468, 0.0 ], [ 74.9673571, 32.9369963, 0.0 ] ] } },
{ "type": "Feature", "properties": { "source_edge_id": "OSM_WAY_633386654", "osm_way_id": "633386654", "name": "nan" }, "geometry": { "type": "LineString", "coordinates": [ [ 74.967223, 32.9370684, 0.0 ], [ 74.9671901, 32.937168, 0.0 ], [ 74.9670466, 32.9374032, 0.0 ], [ 74.9668616, 32.9377116, 0.0 ], [ 74.9665424, 32.9382564, 0.0 ], [ 74.9663573, 32.9387381, 0.0 ], [ 74.9662996, 32.9390195, 0.0 ], [ 74.9662996, 32.9393864, 0.0 ], [ 74.9664163, 32.9398681, 0.0 ], [ 74.9666403, 32.9403284, 0.0 ], [ 74.9668696, 32.9409069, 0.0 ], [ 74.9668917, 32.9410808, 0.0 ], [ 74.9668776, 32.9413842, 0.0 ], [ 74.9668481, 32.941724, 0.0 ], [ 74.9669071, 32.9421562, 0.0 ], [ 74.967005, 32.9424624, 0.0 ], [ 74.9673618, 32.9432536, 0.0 ], [ 74.9676152, 32.9438118, 0.0 ], [ 74.9677896, 32.944199, 0.0 ], [ 74.9680095, 32.9447122, 0.0 ], [ 74.9680699, 32.9449868, 0.0 ], [ 74.9680109, 32.945285, 0.0 ], [ 74.9678379, 32.9456722, 0.0 ], [ 74.9676139, 32.9461685, 0.0 ], [ 74.9671002, 32.9472331, 0.0 ], [ 74.9665531, 32.9482865, 0.0 ], [ 74.9662393, 32.948946, 0.0 ], [ 74.966073, 32.9491677, 0.0 ], [ 74.9658423, 32.9494052, 0.0 ], [ 74.9655969, 32.9495796, 0.0 ], [ 74.9654195, 32.949673, 0.0 ], [ 74.9648553, 32.9499701, 0.0 ], [ 74.964465, 32.9502515, 0.0 ], [ 74.9641271, 32.9505981, 0.0 ], [ 74.9638991, 32.9508817, 0.0 ], [ 74.9636483, 32.9513566, 0.0 ], [ 74.9635222, 32.9517662, 0.0 ], [ 74.9634619, 32.9520937, 0.0 ], [ 74.9634485, 32.9524482, 0.0 ], [ 74.9635034, 32.9529343, 0.0 ], [ 74.9637153, 32.9540023, 0.0 ], [ 74.9638374, 32.9545199, 0.0 ], [ 74.9640774, 32.9550253, 0.0 ], [ 74.9645038, 32.9557095, 0.0 ], [ 74.964772, 32.9561225, 0.0 ], [ 74.9651851, 32.9565636, 0.0 ], [ 74.965688, 32.9570025, 0.0 ], [ 74.9661292, 32.957267, 0.0 ], [ 74.9668065, 32.9575078, 0.0 ], [ 74.9672799, 32.9576282, 0.0 ] ] } },
{ "type": "Feature", "properties": { "source_edge_id": "OSM_WAY_419337445", "osm_way_id": "419337445", "name": "nan" }, "geometry": { "type": "LineString", "coordinates": [ [ 74.9723922, 32.9566154, 0.0 ], [ 74.9716613, 32.9569879, 0.0 ] ] } },
{ "type": "Feature", "properties": { "source_edge_id": "OSM_WAY_419337444", "osm_way_id": "419337444", "name": "nan" }, "geometry": { "type": "LineString", "coordinates": [ [ 74.9713498, 32.9572673, 0.0 ], [ 74.9725196, 32.9566863, 0.0 ] ] } },
{ "type": "Feature", "properties": { "source_edge_id": "OSM_WAY_419337498", "osm_way_id": "419337498", "name": "nan" }, "geometry": { "type": "LineString", "coordinates": [ [ 74.9716613, 32.9569879, 0.0 ], [ 74.9713233, 32.9571736, 0.0 ], [ 74.9709156, 32.9573795, 0.0 ], [ 74.9705723, 32.9575348, 0.0 ], [ 74.9701499, 32.9576563, 0.0 ], [ 74.9697529, 32.9577238, 0.0 ], [ 74.9693492, 32.9577362, 0.0 ], [ 74.9685392, 32.9576777, 0.0 ] ] } },
{ "type": "Feature", "properties": { "source_edge_id": "OSM_WAY_419337501", "osm_way_id": "419337501", "name": "nan" }, "geometry": { "type": "LineString", "coordinates": [ [ 74.968731, 32.9577767, 0.0 ], [ 74.969415, 32.9578172, 0.0 ], [ 74.9697073, 32.9577958, 0.0 ], [ 74.9702746, 32.9577058, 0.0 ], [ 74.9704436, 32.9576529, 0.0 ], [ 74.9707668, 32.9575562, 0.0 ], [ 74.9711624, 32.9573604, 0.0 ], [ 74.9713498, 32.9572673, 0.0 ] ] } },
{ "type": "Feature", "properties": { "source_edge_id": "OSM_WAY_419337479", "osm_way_id": "419337479", "name": "nan" }, "geometry": { "type": "LineString", "coordinates": [ [ 74.9685392, 32.9576777, 0.0 ], [ 74.967748, 32.9576259, 0.0 ], [ 74.9673228, 32.9575652, 0.0 ] ] } },
{ "type": "Feature", "properties": { "source_edge_id": "OSM_WAY_419337469", "osm_way_id": "419337469", "name": "nan" }, "geometry": { "type": "LineString", "coordinates": [ [ 74.9672799, 32.9576282, 0.0 ], [ 74.9677104, 32.9576934, 0.0 ], [ 74.968731, 32.9577767, 0.0 ] ] } },
{ "type": "Feature", "properties": { "source_edge_id": "OSM_WAY_746321366", "osm_way_id": "746321366", "name": "nan" }, "geometry": { "type": "LineString", "coordinates": [ [ 74.9200601, 32.9823289, 0.0 ], [ 74.9196462, 32.9819706, 0.0 ] ] } },
{ "type": "Feature", "properties": { "source_edge_id": "OSM_WAY_746321365", "osm_way_id": "746321365", "name": "nan" }, "geometry": { "type": "LineString", "coordinates": [ [ 74.9234343, 32.9881186, 0.0 ], [ 74.9234366, 32.9880682, 0.0 ], [ 74.923435, 32.9880178, 0.0 ], [ 74.923429, 32.9879664, 0.0 ], [ 74.9234177, 32.9879128, 0.0 ], [ 74.9233217, 32.9875966, 0.0 ], [ 74.9232176, 32.987276, 0.0 ], [ 74.9230973, 32.9869121, 0.0 ], [ 74.9229968, 32.9866134, 0.0 ], [ 74.9228957, 32.9863153, 0.0 ], [ 74.922851, 32.9861758, 0.0 ], [ 74.9228088, 32.9860622, 0.0 ], [ 74.9227629, 32.985952, 0.0 ], [ 74.9226923, 32.9857997, 0.0 ], [ 74.9226236, 32.9856774, 0.0 ], [ 74.9225497, 32.9855424, 0.0 ], [ 74.9224986, 32.98544, 0.0 ], [ 74.9224669, 32.9853671, 0.0 ], [ 74.9224524, 32.9853123, 0.0 ], [ 74.9224432, 32.9852576, 0.0 ], [ 74.9224262, 32.9850546, 0.0 ], [ 74.922419, 32.9848782, 0.0 ], [ 74.9224169, 32.9847994, 0.0 ], [ 74.9224062, 32.9847395, 0.0 ], [ 74.9223928, 32.9846864, 0.0 ], [ 74.9223688, 32.9846334, 0.0 ], [ 74.9223362, 32.984579, 0.0 ], [ 74.9222979, 32.9845229, 0.0 ], [ 74.9222179, 32.9844308, 0.0 ], [ 74.9220983, 32.9843186, 0.0 ], [ 74.9219503, 32.9842, 0.0 ], [ 74.9218554, 32.9841248, 0.0 ], [ 74.9217996, 32.9840756, 0.0 ], [ 74.9217472, 32.9840221, 0.0 ], [ 74.9216933, 32.9839625, 0.0 ], [ 74.9216459, 32.9839084, 0.0 ], [ 74.9215806, 32.9838329, 0.0 ], [ 74.9214446, 32.9836987, 0.0 ], [ 74.9213536, 32.9836065, 0.0 ], [ 74.9212958, 32.9835536, 0.0 ], [ 74.9211521, 32.9834309, 0.0 ], [ 74.9210231, 32.9833228, 0.0 ], [ 74.9209527, 32.9832595, 0.0 ], [ 74.9209018, 32.9832026, 0.0 ], [ 74.9208483, 32.9831389, 0.0 ], [ 74.9208028, 32.9830791, 0.0 ], [ 74.9207522, 32.983, 0.0 ], [ 74.9205804, 32.9828097, 0.0 ], [ 74.9204593, 32.9826899, 0.0 ], [ 74.9203113, 32.9825499, 0.0 ], [ 74.9200601, 32.9823289, 0.0 ] ] } },
{ "type": "Feature", "properties": { "source_edge_id": "OSM_WAY_261537930", "osm_way_id": "261537930", "name": "Katra Bypass" }, "geometry": { "type": "LineString", "coordinates": [ [ 74.9234343, 32.9881186, 0.0 ], [ 74.9234206, 32.9881633, 0.0 ], [ 74.923395, 32.9882194, 0.0 ], [ 74.9233112, 32.9883645, 0.0 ], [ 74.923222, 32.9885197, 0.0 ], [ 74.9231478, 32.9886468, 0.0 ], [ 74.9231179, 32.9886929, 0.0 ], [ 74.9230878, 32.9887308, 0.0 ], [ 74.9230561, 32.988761, 0.0 ], [ 74.9230194, 32.988784, 0.0 ], [ 74.9229675, 32.9888123, 0.0 ], [ 74.9229174, 32.9888333, 0.0 ], [ 74.9227976, 32.9888733, 0.0 ], [ 74.9226837, 32.9889114, 0.0 ], [ 74.9225443, 32.9889568, 0.0 ], [ 74.9223832, 32.9890137, 0.0 ], [ 74.9222582, 32.9890601, 0.0 ], [ 74.9221869, 32.9890952, 0.0 ], [ 74.922128, 32.989134, 0.0 ], [ 74.9221026, 32.989159, 0.0 ], [ 74.9220825, 32.989185, 0.0 ], [ 74.9220624, 32.9892189, 0.0 ], [ 74.922046, 32.9892586, 0.0 ], [ 74.9220364, 32.9893038, 0.0 ], [ 74.9220357, 32.9893455, 0.0 ], [ 74.922046, 32.989381, 0.0 ], [ 74.9220928, 32.9894595, 0.0 ], [ 74.9222133, 32.9896111, 0.0 ], [ 74.922407, 32.9898331, 0.0 ], [ 74.9225947, 32.9900366, 0.0 ], [ 74.9227126, 32.9901704, 0.0 ], [ 74.9227918, 32.990248, 0.0 ], [ 74.922883, 32.9903307, 0.0 ], [ 74.9229729, 32.9904111, 0.0 ] ] } },
{ "type": "Feature", "properties": { "source_edge_id": "OSM_WAY_636075485", "osm_way_id": "636075485", "name": "Reasi Road" }, "geometry": { "type": "LineString", "coordinates": [ [ 74.9295584, 32.9948906, 0.0 ], [ 74.9295259, 32.9948582, 0.0 ], [ 74.9294733, 32.9948067, 0.0 ], [ 74.929419, 32.9947735, 0.0 ], [ 74.9293674, 32.9947821, 0.0 ], [ 74.9292809, 32.9947997, 0.0 ], [ 74.9291562, 32.9948372, 0.0 ], [ 74.9290008, 32.9948852, 0.0 ], [ 74.9288684, 32.9949265, 0.0 ], [ 74.9287266, 32.9949677, 0.0 ], [ 74.9286066, 32.9949941, 0.0 ], [ 74.9285089, 32.9950039, 0.0 ], [ 74.9284273, 32.9950077, 0.0 ], [ 74.9283203, 32.9950037, 0.0 ], [ 74.9282001, 32.9949933, 0.0 ], [ 74.9280939, 32.9949747, 0.0 ], [ 74.9280055, 32.9949546, 0.0 ], [ 74.9278823, 32.9949254, 0.0 ], [ 74.9277914, 32.9948919, 0.0 ], [ 74.9277337, 32.9948678, 0.0 ], [ 74.9276774, 32.9948415, 0.0 ], [ 74.9276145, 32.9948057, 0.0 ], [ 74.9275529, 32.9947657, 0.0 ], [ 74.9275209, 32.9947433, 0.0 ], [ 74.9274821, 32.994713, 0.0 ], [ 74.9274369, 32.9946704, 0.0 ], [ 74.9273678, 32.9945988, 0.0 ], [ 74.9272772, 32.9945135, 0.0 ], [ 74.927157, 32.9944115, 0.0 ], [ 74.9270363, 32.9943118, 0.0 ], [ 74.9269572, 32.9942413, 0.0 ], [ 74.9268818, 32.9941736, 0.0 ], [ 74.9268011, 32.994089, 0.0 ], [ 74.9267481, 32.9940293, 0.0 ], [ 74.9267127, 32.9939842, 0.0 ], [ 74.9266926, 32.9939502, 0.0 ], [ 74.9266767, 32.993907, 0.0 ], [ 74.9266608, 32.9938565, 0.0 ], [ 74.9266433, 32.9938085, 0.0 ], [ 74.9266083, 32.9937565, 0.0 ], [ 74.9265634, 32.9937107, 0.0 ], [ 74.9265045, 32.9936598, 0.0 ], [ 74.9264597, 32.9936274, 0.0 ], [ 74.9264133, 32.9936027, 0.0 ], [ 74.9263483, 32.9935766, 0.0 ], [ 74.9262707, 32.9935553, 0.0 ], [ 74.9261493, 32.9935309, 0.0 ], [ 74.9260468, 32.993502, 0.0 ], [ 74.9259443, 32.9934669, 0.0 ], [ 74.9258403, 32.9934189, 0.0 ], [ 74.9257155, 32.9933505, 0.0 ], [ 74.9256062, 32.9932821, 0.0 ], [ 74.92555, 32.9932439, 0.0 ], [ 74.9255014, 32.9932056, 0.0 ], [ 74.9254614, 32.9931653, 0.0 ], [ 74.925406, 32.993108, 0.0 ], [ 74.9252983, 32.9929856, 0.0 ], [ 74.9252552, 32.9929372, 0.0 ], [ 74.9252246, 32.9929123, 0.0 ], [ 74.9251585, 32.9928693, 0.0 ], [ 74.9250696, 32.9928299, 0.0 ], [ 74.9249799, 32.9927937, 0.0 ], [ 74.9248809, 32.9927536, 0.0 ], [ 74.9247724, 32.9927097, 0.0 ], [ 74.9246553, 32.9926589, 0.0 ], [ 74.924555, 32.9926081, 0.0 ], [ 74.9244631, 32.9925551, 0.0 ], [ 74.9243699, 32.992493, 0.0 ], [ 74.9243122, 32.9924521, 0.0 ], [ 74.9242765, 32.9924249, 0.0 ], [ 74.9242381, 32.9923921, 0.0 ], [ 74.9242124, 32.9923647, 0.0 ], [ 74.9241796, 32.9923211, 0.0 ], [ 74.9241382, 32.9922542, 0.0 ], [ 74.9240619, 32.992103, 0.0 ], [ 74.9239976, 32.9919665, 0.0 ], [ 74.9239673, 32.9918976, 0.0 ], [ 74.9239492, 32.9918512, 0.0 ], [ 74.9239371, 32.9918146, 0.0 ], [ 74.9239302, 32.9917819, 0.0 ], [ 74.9239118, 32.9916544, 0.0 ], [ 74.9239013, 32.9915695, 0.0 ], [ 74.9238935, 32.9915263, 0.0 ], [ 74.9238778, 32.9914938, 0.0 ], [ 74.923849, 32.9914558, 0.0 ], [ 74.9237821, 32.9913878, 0.0 ], [ 74.9237219, 32.9913233, 0.0 ], [ 74.9236631, 32.9912549, 0.0 ], [ 74.9235992, 32.991182, 0.0 ], [ 74.9235097, 32.9910709, 0.0 ], [ 74.9234184, 32.9909557, 0.0 ], [ 74.9233148, 32.9908146, 0.0 ], [ 74.9231925, 32.9906633, 0.0 ], [ 74.9230577, 32.9905048, 0.0 ], [ 74.9229729, 32.9904111, 0.0 ] ] } },
{ "type": "Feature", "properties": { "source_edge_id": "OSM_WAY_636075484", "osm_way_id": "636075484", "name": "Reasi Road" }, "geometry": { "type": "LineString", "coordinates": [ [ 74.9298253, 32.9951912, 0.0 ], [ 74.9295584, 32.9948906, 0.0 ] ] } },
{ "type": "Feature", "properties": { "source_edge_id": "OSM_WAY_877886313", "osm_way_id": "877886313", "name": "Reasi Road" }, "geometry": { "type": "LineString", "coordinates": [ [ 74.9283411, 32.9962805, 0.0 ], [ 74.9285286, 32.996204, 0.0 ], [ 74.928642, 32.9961567, 0.0 ], [ 74.9290428, 32.9960005, 0.0 ], [ 74.9293833, 32.995878, 0.0 ], [ 74.9295106, 32.9958372, 0.0 ], [ 74.9296071, 32.995811, 0.0 ], [ 74.9297062, 32.9957902, 0.0 ], [ 74.9300217, 32.9957261, 0.0 ], [ 74.9302311, 32.9956879, 0.0 ], [ 74.9303231, 32.9956719, 0.0 ], [ 74.9303667, 32.9956673, 0.0 ], [ 74.9304165, 32.9956669, 0.0 ], [ 74.9304633, 32.9956691, 0.0 ], [ 74.9305087, 32.9956781, 0.0 ], [ 74.9305499, 32.9956905, 0.0 ], [ 74.9305989, 32.9957106, 0.0 ], [ 74.9306808, 32.9957487, 0.0 ], [ 74.9307611, 32.9957966, 0.0 ], [ 74.930836, 32.9958455, 0.0 ], [ 74.9309135, 32.995903, 0.0 ], [ 74.9310309, 32.9960066, 0.0 ], [ 74.9310806, 32.9960519, 0.0 ], [ 74.9311344, 32.9960988, 0.0 ], [ 74.9311869, 32.9961536, 0.0 ], [ 74.9312262, 32.9962024, 0.0 ], [ 74.9312549, 32.9962347, 0.0 ], [ 74.9312837, 32.9962624, 0.0 ], [ 74.9313132, 32.9962851, 0.0 ], [ 74.9313561, 32.9963056, 0.0 ], [ 74.9314055, 32.9963158, 0.0 ], [ 74.9314455, 32.996317, 0.0 ], [ 74.931488, 32.996306, 0.0 ], [ 74.9315314, 32.9962849, 0.0 ], [ 74.931566, 32.9962598, 0.0 ], [ 74.9315895, 32.9962319, 0.0 ], [ 74.931615, 32.9961885, 0.0 ], [ 74.9316286, 32.9961502, 0.0 ], [ 74.9316369, 32.9961162, 0.0 ], [ 74.9316423, 32.9960794, 0.0 ], [ 74.9316437, 32.9960335, 0.0 ], [ 74.9316371, 32.9959981, 0.0 ], [ 74.9316226, 32.9959588, 0.0 ], [ 74.9315968, 32.9959244, 0.0 ], [ 74.9315644, 32.99589, 0.0 ], [ 74.931521, 32.9958572, 0.0 ], [ 74.9314772, 32.9958321, 0.0 ], [ 74.9313473, 32.9957815, 0.0 ], [ 74.9312096, 32.9957307, 0.0 ], [ 74.931025, 32.9956708, 0.0 ], [ 74.9307738, 32.9955803, 0.0 ], [ 74.9305852, 32.9955096, 0.0 ], [ 74.9304965, 32.9954796, 0.0 ], [ 74.9304185, 32.9954619, 0.0 ], [ 74.9303323, 32.9954492, 0.0 ], [ 74.9302519, 32.9954374, 0.0 ], [ 74.9301943, 32.9954267, 0.0 ], [ 74.9301327, 32.9954121, 0.0 ], [ 74.9300767, 32.9953919, 0.0 ], [ 74.9300255, 32.9953653, 0.0 ], [ 74.9299743, 32.9953298, 0.0 ], [ 74.9299068, 32.9952744, 0.0 ], [ 74.9298253, 32.9951912, 0.0 ] ] } },
{ "type": "Feature", "properties": { "source_edge_id": "OSM_WAY_877886316", "osm_way_id": "877886316", "name": "nan" }, "geometry": { "type": "LineString", "coordinates": [ [ 74.9279316, 32.9964829, 0.0 ], [ 74.9279961, 32.9964564, 0.0 ], [ 74.928033, 32.9964385, 0.0 ], [ 74.928088, 32.9964104, 0.0 ], [ 74.9283411, 32.9962805, 0.0 ] ] } },
{ "type": "Feature", "properties": { "source_edge_id": "OSM_WAY_877886314", "osm_way_id": "877886314", "name": "Reasi Road" }, "geometry": { "type": "LineString", "coordinates": [ [ 74.9283411, 32.9962805, 0.0 ], [ 74.927942, 32.9964251, 0.0 ], [ 74.9277855, 32.9964754, 0.0 ], [ 74.9276903, 32.9964987, 0.0 ], [ 74.9276118, 32.9965162, 0.0 ], [ 74.9275258, 32.9965234, 0.0 ], [ 74.9274174, 32.996511, 0.0 ], [ 74.9273015, 32.9964827, 0.0 ], [ 74.9270771, 32.9964099, 0.0 ] ] } },
{ "type": "Feature", "properties": { "source_edge_id": "OSM_WAY_877886315", "osm_way_id": "877886315", "name": "nan" }, "geometry": { "type": "LineString", "coordinates": [ [ 74.9270771, 32.9964099, 0.0 ], [ 74.9272764, 32.9965042, 0.0 ], [ 74.9273461, 32.9965309, 0.0 ], [ 74.9274208, 32.9965517, 0.0 ], [ 74.9274806, 32.9965643, 0.0 ], [ 74.9275425, 32.9965745, 0.0 ] ] } },
{ "type": "Feature", "properties": { "source_edge_id": "OSM_WAY_877886317", "osm_way_id": "877886317", "name": "nan" }, "geometry": { "type": "LineString", "coordinates": [ [ 74.9275425, 32.9965745, 0.0 ], [ 74.9276082, 32.9965752, 0.0 ], [ 74.9276895, 32.9965653, 0.0 ], [ 74.9277593, 32.9965476, 0.0 ], [ 74.927842, 32.9965187, 0.0 ], [ 74.9279316, 32.9964829, 0.0 ] ] } },
{ "type": "Feature", "properties": { "source_edge_id": "OSM_WAY_877886318", "osm_way_id": "877886318", "name": "Reasi Road" }, "geometry": { "type": "LineString", "coordinates": [ [ 74.9158132, 32.9975939, 0.0 ], [ 74.9160115, 32.9974255, 0.0 ], [ 74.9160503, 32.9974001, 0.0 ], [ 74.9160929, 32.9973773, 0.0 ], [ 74.9161355, 32.9973604, 0.0 ], [ 74.916174, 32.9973492, 0.0 ], [ 74.9162108, 32.9973447, 0.0 ], [ 74.9162548, 32.997347, 0.0 ], [ 74.9163027, 32.9973515, 0.0 ], [ 74.916444, 32.9973741, 0.0 ], [ 74.9168249, 32.9974388, 0.0 ], [ 74.9169858, 32.9974776, 0.0 ], [ 74.9170589, 32.9974935, 0.0 ], [ 74.9171238, 32.9975037, 0.0 ], [ 74.9171867, 32.9975084, 0.0 ], [ 74.9172748, 32.9975088, 0.0 ], [ 74.9174807, 32.9975073, 0.0 ], [ 74.9176968, 32.9975007, 0.0 ], [ 74.9179143, 32.9974952, 0.0 ], [ 74.9181534, 32.9974978, 0.0 ], [ 74.9182689, 32.9975018, 0.0 ], [ 74.918359, 32.9975046, 0.0 ], [ 74.9184426, 32.9975114, 0.0 ], [ 74.918587, 32.9975306, 0.0 ], [ 74.9188235, 32.9975689, 0.0 ], [ 74.9191207, 32.9976186, 0.0 ], [ 74.9193035, 32.9976461, 0.0 ], [ 74.919529, 32.9976691, 0.0 ], [ 74.9198255, 32.9976967, 0.0 ], [ 74.9199654, 32.9977068, 0.0 ], [ 74.9200224, 32.9977134, 0.0 ], [ 74.9200747, 32.9977245, 0.0 ], [ 74.920174, 32.9977512, 0.0 ], [ 74.9204717, 32.9978383, 0.0 ], [ 74.9207439, 32.9979081, 0.0 ], [ 74.9209316, 32.9979531, 0.0 ], [ 74.9210648, 32.9979843, 0.0 ], [ 74.9212114, 32.9980066, 0.0 ], [ 74.9214268, 32.9980218, 0.0 ], [ 74.9216029, 32.9980252, 0.0 ], [ 74.9217242, 32.9980253, 0.0 ], [ 74.9218012, 32.9980196, 0.0 ], [ 74.9218943, 32.9980094, 0.0 ], [ 74.9219838, 32.9979935, 0.0 ], [ 74.9220772, 32.9979706, 0.0 ], [ 74.9221525, 32.9979417, 0.0 ], [ 74.9222452, 32.997895, 0.0 ], [ 74.9223419, 32.9978348, 0.0 ], [ 74.9224854, 32.9977542, 0.0 ], [ 74.9226383, 32.9976792, 0.0 ], [ 74.9227611, 32.9976252, 0.0 ], [ 74.9228651, 32.9975837, 0.0 ], [ 74.9230141, 32.997523, 0.0 ], [ 74.9231328, 32.9974731, 0.0 ], [ 74.9231643, 32.9974558, 0.0 ], [ 74.9231899, 32.9974369, 0.0 ], [ 74.9232704, 32.9973676, 0.0 ], [ 74.9233993, 32.9972561, 0.0 ], [ 74.9236704, 32.9970036, 0.0 ], [ 74.9238413, 32.9968445, 0.0 ], [ 74.9240176, 32.996671, 0.0 ], [ 74.9241201, 32.9965751, 0.0 ], [ 74.9242314, 32.9964823, 0.0 ], [ 74.9243626, 32.9963867, 0.0 ], [ 74.924458, 32.9963206, 0.0 ], [ 74.9245493, 32.996251, 0.0 ], [ 74.9246675, 32.9961547, 0.0 ], [ 74.9248088, 32.9960401, 0.0 ], [ 74.9248777, 32.9959974, 0.0 ], [ 74.9249242, 32.9959751, 0.0 ], [ 74.9249664, 32.9959574, 0.0 ], [ 74.9250008, 32.995944, 0.0 ], [ 74.9250378, 32.995934, 0.0 ], [ 74.925077, 32.9959275, 0.0 ], [ 74.9251259, 32.9959235, 0.0 ], [ 74.9251808, 32.9959223, 0.0 ], [ 74.9252825, 32.9959243, 0.0 ], [ 74.9254673, 32.9959327, 0.0 ], [ 74.9255891, 32.9959433, 0.0 ], [ 74.9257603, 32.9959556, 0.0 ], [ 74.9259086, 32.9959722, 0.0 ], [ 74.9260007, 32.9959866, 0.0 ], [ 74.9261003, 32.9960109, 0.0 ], [ 74.9262069, 32.9960414, 0.0 ], [ 74.9263101, 32.9960777, 0.0 ], [ 74.9264121, 32.9961189, 0.0 ], [ 74.9265248, 32.9961697, 0.0 ], [ 74.9270771, 32.9964099, 0.0 ] ] } },
{ "type": "Feature", "properties": { "source_edge_id": "OSM_WAY_877886319", "osm_way_id": "877886319", "name": "Reasi Road" }, "geometry": { "type": "LineString", "coordinates": [ [ 74.9158132, 32.9975939, 0.0 ], [ 74.9157234, 32.9976464, 0.0 ], [ 74.9155752, 32.9977267, 0.0 ], [ 74.915473, 32.9977803, 0.0 ], [ 74.915364, 32.9978474, 0.0 ] ] } },
{ "type": "Feature", "properties": { "source_edge_id": "OSM_WAY_877886320", "osm_way_id": "877886320", "name": "nan" }, "geometry": { "type": "LineString", "coordinates": [ [ 74.915364, 32.9978474, 0.0 ], [ 74.9154641, 32.9978251, 0.0 ], [ 74.9155795, 32.9977768, 0.0 ], [ 74.9157029, 32.9977059, 0.0 ], [ 74.9157753, 32.9976553, 0.0 ], [ 74.9157994, 32.9976215, 0.0 ], [ 74.9158132, 32.9975939, 0.0 ] ] } },
{ "type": "Feature", "properties": { "source_edge_id": "OSM_WAY_102769563", "osm_way_id": "102769563", "name": "Reasi Road" }, "geometry": { "type": "LineString", "coordinates": [ [ 74.9024241, 33.0051139, 0.0 ], [ 74.9025321, 33.0050323, 0.0 ], [ 74.9026146, 33.0049788, 0.0 ], [ 74.9027178, 33.0049157, 0.0 ], [ 74.9027955, 33.004875, 0.0 ], [ 74.902896, 33.0048296, 0.0 ], [ 74.9030017, 33.0047906, 0.0 ], [ 74.9031448, 33.0047372, 0.0 ], [ 74.9033505, 33.0046643, 0.0 ], [ 74.9034589, 33.0046196, 0.0 ], [ 74.9036138, 33.0045549, 0.0 ], [ 74.9037628, 33.004484, 0.0 ], [ 74.9040391, 33.0043499, 0.0 ], [ 74.9042407, 33.0042586, 0.0 ], [ 74.9043419, 33.004211, 0.0 ], [ 74.9044256, 33.0041747, 0.0 ], [ 74.9044857, 33.0041493, 0.0 ], [ 74.9045926, 33.0041143, 0.0 ], [ 74.9047661, 33.0040578, 0.0 ], [ 74.9050125, 33.0039954, 0.0 ], [ 74.9052097, 33.0039374, 0.0 ], [ 74.9054257, 33.0038681, 0.0 ], [ 74.9056726, 33.003788, 0.0 ], [ 74.9058068, 33.0037473, 0.0 ], [ 74.9059008, 33.0037246, 0.0 ], [ 74.9059899, 33.0036944, 0.0 ], [ 74.9060419, 33.0036723, 0.0 ], [ 74.9061084, 33.0036394, 0.0 ], [ 74.906217, 33.0035845, 0.0 ], [ 74.9063524, 33.0035149, 0.0 ], [ 74.906567, 33.0034117, 0.0 ], [ 74.9068943, 33.0032616, 0.0 ], [ 74.9070525, 33.0031909, 0.0 ], [ 74.9071062, 33.0031651, 0.0 ], [ 74.9071826, 33.003125, 0.0 ], [ 74.9072659, 33.0030772, 0.0 ], [ 74.9074872, 33.0029413, 0.0 ], [ 74.9077028, 33.0028158, 0.0 ], [ 74.9079089, 33.0027129, 0.0 ], [ 74.9080556, 33.002642, 0.0 ], [ 74.9081177, 33.002618, 0.0 ], [ 74.9081758, 33.0026041, 0.0 ], [ 74.9082344, 33.0025955, 0.0 ], [ 74.908291, 33.0025929, 0.0 ], [ 74.9083373, 33.0025968, 0.0 ], [ 74.9083811, 33.0026027, 0.0 ], [ 74.9084222, 33.002611, 0.0 ], [ 74.9084615, 33.0026252, 0.0 ], [ 74.908489, 33.0026424, 0.0 ], [ 74.9085093, 33.0026655, 0.0 ], [ 74.908527, 33.0026961, 0.0 ], [ 74.9085369, 33.0027234, 0.0 ], [ 74.908538, 33.0027556, 0.0 ], [ 74.9085294, 33.002784, 0.0 ], [ 74.9085176, 33.0028092, 0.0 ], [ 74.9084941, 33.0028349, 0.0 ], [ 74.908455, 33.0028639, 0.0 ], [ 74.9083608, 33.0029219, 0.0 ], [ 74.9082663, 33.0029861, 0.0 ], [ 74.9081037, 33.0031058, 0.0 ], [ 74.9079873, 33.0031964, 0.0 ], [ 74.9078802, 33.0032859, 0.0 ], [ 74.9078028, 33.0033614, 0.0 ], [ 74.9077554, 33.003418, 0.0 ], [ 74.9077142, 33.003475, 0.0 ], [ 74.9076943, 33.0035094, 0.0 ], [ 74.9076811, 33.0035417, 0.0 ], [ 74.9076708, 33.0035769, 0.0 ], [ 74.9076663, 33.003636, 0.0 ], [ 74.9076696, 33.0036729, 0.0 ], [ 74.9076782, 33.0037007, 0.0 ], [ 74.9076951, 33.0037297, 0.0 ], [ 74.907716, 33.0037519, 0.0 ], [ 74.9077445, 33.0037782, 0.0 ], [ 74.9077959, 33.0038108, 0.0 ], [ 74.9078747, 33.0038488, 0.0 ], [ 74.9079116, 33.0038596, 0.0 ], [ 74.9079568, 33.0038654, 0.0 ], [ 74.908014, 33.0038689, 0.0 ], [ 74.9080935, 33.0038714, 0.0 ], [ 74.9081695, 33.0038651, 0.0 ], [ 74.9082316, 33.003856, 0.0 ], [ 74.9083813, 33.0038164, 0.0 ], [ 74.9087419, 33.0037354, 0.0 ], [ 74.9090166, 33.0036881, 0.0 ], [ 74.9090698, 33.0036814, 0.0 ], [ 74.9091575, 33.0036747, 0.0 ], [ 74.9092768, 33.0036668, 0.0 ], [ 74.9093961, 33.0036589, 0.0 ], [ 74.9094589, 33.0036532, 0.0 ], [ 74.9095216, 33.0036453, 0.0 ], [ 74.9095706, 33.0036384, 0.0 ], [ 74.9096152, 33.0036268, 0.0 ], [ 74.9097269, 33.0035894, 0.0 ], [ 74.9099208, 33.0035189, 0.0 ], [ 74.9100699, 33.0034568, 0.0 ], [ 74.9102403, 33.0033906, 0.0 ], [ 74.9103583, 33.003348, 0.0 ], [ 74.9104147, 33.0033304, 0.0 ], [ 74.9104847, 33.0033175, 0.0 ], [ 74.9105547, 33.0033099, 0.0 ], [ 74.9106104, 33.0033059, 0.0 ], [ 74.9106709, 33.0033024, 0.0 ], [ 74.9107528, 33.0032958, 0.0 ], [ 74.9108347, 33.0032847, 0.0 ], [ 74.9109127, 33.0032703, 0.0 ], [ 74.9109883, 33.0032552, 0.0 ], [ 74.9110509, 33.0032361, 0.0 ], [ 74.9111246, 33.0032096, 0.0 ], [ 74.9111902, 33.0031831, 0.0 ], [ 74.9112558, 33.0031527, 0.0 ], [ 74.9113789, 33.0030806, 0.0 ], [ 74.911479, 33.0030175, 0.0 ], [ 74.9116028, 33.0029345, 0.0 ], [ 74.9116851, 33.0028718, 0.0 ], [ 74.9117719, 33.0028026, 0.0 ], [ 74.9118878, 33.0026935, 0.0 ], [ 74.911976, 33.0026035, 0.0 ], [ 74.9122223, 33.0023267, 0.0 ], [ 74.9123716, 33.0021533, 0.0 ], [ 74.9126159, 33.0019181, 0.0 ], [ 74.9129595, 33.0015951, 0.0 ], [ 74.9132708, 33.0012911, 0.0 ], [ 74.9134965, 33.0010455, 0.0 ], [ 74.9135868, 33.0009377, 0.0 ], [ 74.9136744, 33.00083, 0.0 ], [ 74.913821, 33.0006311, 0.0 ], [ 74.9138846, 33.0005401, 0.0 ], [ 74.9139204, 33.0004797, 0.0 ], [ 74.9139531, 33.0004073, 0.0 ], [ 74.9139769, 33.00034, 0.0 ], [ 74.9139952, 33.0002751, 0.0 ], [ 74.9140059, 33.0002082, 0.0 ], [ 74.914014, 33.0001087, 0.0 ], [ 74.9140221, 32.9999726, 0.0 ], [ 74.9140303, 32.9998533, 0.0 ], [ 74.9140329, 32.9998112, 0.0 ], [ 74.9140396, 32.9997691, 0.0 ], [ 74.9140649, 32.9996319, 0.0 ], [ 74.9141117, 32.9993879, 0.0 ], [ 74.914181, 32.9990372, 0.0 ], [ 74.9142051, 32.998893, 0.0 ], [ 74.9142306, 32.9987825, 0.0 ], [ 74.9142467, 32.9987211, 0.0 ], [ 74.9142707, 32.9986614, 0.0 ], [ 74.9143028, 32.9986073, 0.0 ], [ 74.9143384, 32.9985599, 0.0 ], [ 74.9144263, 32.998464, 0.0 ], [ 74.9145244, 32.9983533, 0.0 ], [ 74.9145892, 32.9982859, 0.0 ], [ 74.9146313, 32.99825, 0.0 ], [ 74.9146725, 32.9982164, 0.0 ], [ 74.9147066, 32.9981919, 0.0 ], [ 74.9147534, 32.9981633, 0.0 ], [ 74.9149221, 32.9980767, 0.0 ], [ 74.9151351, 32.9979713, 0.0 ], [ 74.9153078, 32.9978794, 0.0 ], [ 74.915364, 32.9978474, 0.0 ] ] } },
{ "type": "Feature", "properties": { "source_edge_id": "OSM_WAY_674243802", "osm_way_id": "674243802", "name": "nan" }, "geometry": { "type": "LineString", "coordinates": [ [ 74.9024241, 33.0051139, 0.0 ], [ 74.9022935, 33.0052277, 0.0 ], [ 74.9020726, 33.0054162, 0.0 ], [ 74.9019005, 33.00557, 0.0 ], [ 74.9017729, 33.0056987, 0.0 ], [ 74.9016494, 33.0058327, 0.0 ], [ 74.9013771, 33.0061355, 0.0 ], [ 74.9012917, 33.0062358, 0.0 ], [ 74.9011434, 33.0064014, 0.0 ], [ 74.9010604, 33.006501, 0.0 ], [ 74.9009867, 33.0066059, 0.0 ], [ 74.9008908, 33.0067315, 0.0 ], [ 74.9008148, 33.0068112, 0.0 ], [ 74.900776, 33.0068459, 0.0 ], [ 74.9007446, 33.006874, 0.0 ], [ 74.9007094, 33.0069049, 0.0 ], [ 74.9006738, 33.006931, 0.0 ], [ 74.9006314, 33.0069538, 0.0 ], [ 74.9005965, 33.0069729, 0.0 ], [ 74.9005442, 33.0069982, 0.0 ], [ 74.9004737, 33.0070289, 0.0 ], [ 74.9003621, 33.0070723, 0.0 ], [ 74.9002204, 33.0071312, 0.0 ], [ 74.9001577, 33.0071634, 0.0 ], [ 74.9001008, 33.0071969, 0.0 ], [ 74.9000482, 33.0072328, 0.0 ], [ 74.8999983, 33.007271, 0.0 ], [ 74.8999521, 33.0073108, 0.0 ], [ 74.899869, 33.0073835, 0.0 ], [ 74.8997641, 33.007484, 0.0 ], [ 74.899672, 33.0075841, 0.0 ], [ 74.8996023, 33.0076639, 0.0 ], [ 74.8995532, 33.0077153, 0.0 ], [ 74.8994979, 33.0077657, 0.0 ], [ 74.8994139, 33.0078405, 0.0 ], [ 74.8993397, 33.0078992, 0.0 ], [ 74.899253, 33.0079589, 0.0 ], [ 74.8990863, 33.0080742, 0.0 ], [ 74.8989559, 33.008169, 0.0 ], [ 74.8989042, 33.0082085, 0.0 ], [ 74.8988672, 33.0082379, 0.0 ], [ 74.8988358, 33.0082712, 0.0 ], [ 74.8987982, 33.0083162, 0.0 ], [ 74.898611, 33.0085502, 0.0 ], [ 74.8984378, 33.0088617, 0.0 ], [ 74.8982539, 33.0091462, 0.0 ], [ 74.8980084, 33.0095597, 0.0 ], [ 74.8978924, 33.0097564, 0.0 ], [ 74.8978243, 33.0098541, 0.0 ], [ 74.8977662, 33.0099289, 0.0 ], [ 74.8977069, 33.0099949, 0.0 ], [ 74.897625, 33.0100808, 0.0 ], [ 74.8975693, 33.0101395, 0.0 ], [ 74.8975414, 33.010179, 0.0 ], [ 74.8975201, 33.0102172, 0.0 ], [ 74.8975054, 33.0102555, 0.0 ], [ 74.8974894, 33.010305, 0.0 ], [ 74.8974757, 33.0103574, 0.0 ], [ 74.8974661, 33.0104136, 0.0 ], [ 74.8974503, 33.0105565, 0.0 ], [ 74.8974383, 33.0107297, 0.0 ], [ 74.8974107, 33.0110692, 0.0 ], [ 74.8973909, 33.0112024, 0.0 ], [ 74.897375, 33.0112988, 0.0 ], [ 74.8973536, 33.011374, 0.0 ], [ 74.8973254, 33.0114329, 0.0 ], [ 74.8973033, 33.0114703, 0.0 ], [ 74.8972732, 33.0115032, 0.0 ], [ 74.897234, 33.0115344, 0.0 ], [ 74.897197, 33.0115556, 0.0 ], [ 74.8971517, 33.0115786, 0.0 ], [ 74.8970995, 33.0115991, 0.0 ], [ 74.8970346, 33.0116206, 0.0 ], [ 74.8969417, 33.011646, 0.0 ], [ 74.8968417, 33.0116643, 0.0 ], [ 74.8967407, 33.0116847, 0.0 ], [ 74.8966479, 33.0117061, 0.0 ], [ 74.8965472, 33.0117354, 0.0 ], [ 74.8964486, 33.0117652, 0.0 ], [ 74.896347, 33.0118015, 0.0 ], [ 74.8962519, 33.0118388, 0.0 ], [ 74.896136, 33.0118889, 0.0 ], [ 74.8959976, 33.0119511, 0.0 ], [ 74.8958296, 33.0120357, 0.0 ], [ 74.8955888, 33.0121671, 0.0 ], [ 74.8954455, 33.0122598, 0.0 ], [ 74.89538, 33.0123056, 0.0 ], [ 74.8953351, 33.0123453, 0.0 ], [ 74.8952956, 33.0123884, 0.0 ], [ 74.8952652, 33.0124258, 0.0 ], [ 74.8952392, 33.0124681, 0.0 ], [ 74.8952155, 33.0125117, 0.0 ], [ 74.8951943, 33.0125616, 0.0 ], [ 74.895181, 33.012617, 0.0 ], [ 74.8951743, 33.0126739, 0.0 ], [ 74.8951677, 33.0127949, 0.0 ], [ 74.8951733, 33.0128955, 0.0 ], [ 74.8951821, 33.0129874, 0.0 ], [ 74.8951963, 33.0130558, 0.0 ], [ 74.8952179, 33.0131253, 0.0 ], [ 74.8952488, 33.0131927, 0.0 ], [ 74.8952925, 33.0132636, 0.0 ], [ 74.8953317, 33.0133186, 0.0 ], [ 74.8953755, 33.0133647, 0.0 ], [ 74.8954165, 33.0134007, 0.0 ], [ 74.8954652, 33.0134375, 0.0 ], [ 74.8955506, 33.013502, 0.0 ], [ 74.8956241, 33.0135607, 0.0 ], [ 74.8957011, 33.01363, 0.0 ], [ 74.8957732, 33.0137006, 0.0 ], [ 74.8958239, 33.013764, 0.0 ], [ 74.8958626, 33.0138162, 0.0 ], [ 74.8959159, 33.0139091, 0.0 ], [ 74.8959787, 33.0140174, 0.0 ], [ 74.8960275, 33.0141233, 0.0 ], [ 74.8960613, 33.0142234, 0.0 ], [ 74.8960816, 33.0143067, 0.0 ], [ 74.8961005, 33.0143871, 0.0 ], [ 74.8961126, 33.0144709, 0.0 ], [ 74.8961224, 33.0145607, 0.0 ], [ 74.8961273, 33.0146731, 0.0 ], [ 74.8961257, 33.0147878, 0.0 ], [ 74.8961169, 33.0148789, 0.0 ], [ 74.8961041, 33.0149677, 0.0 ], [ 74.896083, 33.0150682, 0.0 ], [ 74.8960577, 33.0151781, 0.0 ], [ 74.896033, 33.0152516, 0.0 ], [ 74.8960014, 33.0153378, 0.0 ], [ 74.8959652, 33.0154202, 0.0 ], [ 74.8959187, 33.0155137, 0.0 ], [ 74.8958776, 33.0155963, 0.0 ], [ 74.8958375, 33.0156648, 0.0 ], [ 74.8957776, 33.0157486, 0.0 ], [ 74.8956806, 33.0158668, 0.0 ], [ 74.8956067, 33.015953, 0.0 ], [ 74.8955497, 33.0160103, 0.0 ], [ 74.8954758, 33.0160751, 0.0 ], [ 74.8954103, 33.016123, 0.0 ], [ 74.8953468, 33.0161625, 0.0 ], [ 74.895278, 33.0161938, 0.0 ], [ 74.8952047, 33.0162226, 0.0 ], [ 74.8951366, 33.016247, 0.0 ], [ 74.8950741, 33.0162735, 0.0 ], [ 74.8950144, 33.0163022, 0.0 ], [ 74.8949537, 33.0163359, 0.0 ], [ 74.8948879, 33.0163851, 0.0 ], [ 74.8948088, 33.0164549, 0.0 ], [ 74.8946845, 33.0165763, 0.0 ], [ 74.8945341, 33.0167288, 0.0 ], [ 74.8944533, 33.0168113, 0.0 ], [ 74.8943882, 33.0168855, 0.0 ], [ 74.8943095, 33.0169885, 0.0 ], [ 74.8942531, 33.0170619, 0.0 ], [ 74.8941803, 33.0171529, 0.0 ], [ 74.8941054, 33.0172449, 0.0 ], [ 74.8940397, 33.0173175, 0.0 ], [ 74.8939747, 33.0173854, 0.0 ], [ 74.8939007, 33.0174503, 0.0 ], [ 74.8937265, 33.0175823, 0.0 ], [ 74.8935979, 33.0176844, 0.0 ], [ 74.8934904, 33.0177665, 0.0 ], [ 74.8934276, 33.0178201, 0.0 ], [ 74.8933533, 33.0178855, 0.0 ], [ 74.8933008, 33.017935, 0.0 ], [ 74.8932498, 33.0179881, 0.0 ], [ 74.8931628, 33.0180831, 0.0 ], [ 74.8930006, 33.0182598, 0.0 ], [ 74.8928872, 33.0183818, 0.0 ], [ 74.8927842, 33.0184905, 0.0 ], [ 74.8926674, 33.01862, 0.0 ], [ 74.8925889, 33.0187037, 0.0 ], [ 74.8925065, 33.0187779, 0.0 ], [ 74.8924637, 33.0188175, 0.0 ], [ 74.8924254, 33.018849, 0.0 ], [ 74.8923831, 33.0188718, 0.0 ], [ 74.8923347, 33.0188947, 0.0 ], [ 74.8922803, 33.0189118, 0.0 ], [ 74.8922162, 33.0189268, 0.0 ], [ 74.8921418, 33.0189336, 0.0 ], [ 74.8920421, 33.0189429, 0.0 ], [ 74.8919477, 33.0189462, 0.0 ], [ 74.8918912, 33.0189427, 0.0 ], [ 74.8918367, 33.0189358, 0.0 ], [ 74.8917926, 33.0189233, 0.0 ], [ 74.8917407, 33.0189056, 0.0 ], [ 74.8916602, 33.0188705, 0.0 ], [ 74.8914612, 33.0187624, 0.0 ], [ 74.8912438, 33.0186325, 0.0 ], [ 74.8911529, 33.0185766, 0.0 ], [ 74.8910721, 33.0185345, 0.0 ], [ 74.8910086, 33.018507, 0.0 ], [ 74.8909444, 33.0184855, 0.0 ], [ 74.8908846, 33.0184696, 0.0 ], [ 74.8908249, 33.0184614, 0.0 ], [ 74.890691, 33.0184585, 0.0 ], [ 74.89049, 33.0184623, 0.0 ], [ 74.8904141, 33.0184603, 0.0 ], [ 74.8903546, 33.0184541, 0.0 ], [ 74.890308, 33.0184445, 0.0 ], [ 74.8902628, 33.0184324, 0.0 ], [ 74.8902042, 33.0184097, 0.0 ], [ 74.8901379, 33.0183828, 0.0 ], [ 74.8900663, 33.0183448, 0.0 ], [ 74.8899943, 33.0182993, 0.0 ], [ 74.889933, 33.0182513, 0.0 ], [ 74.8898889, 33.0182156, 0.0 ], [ 74.8898337, 33.0181849, 0.0 ], [ 74.8897653, 33.0181495, 0.0 ], [ 74.8896957, 33.0181201, 0.0 ], [ 74.8896116, 33.0180874, 0.0 ], [ 74.8895387, 33.0180659, 0.0 ], [ 74.8894766, 33.0180495, 0.0 ], [ 74.8894082, 33.0180401, 0.0 ], [ 74.8893477, 33.0180373, 0.0 ], [ 74.8892821, 33.0180385, 0.0 ], [ 74.8890983, 33.0180585, 0.0 ], [ 74.8886675, 33.0181253, 0.0 ], [ 74.8882228, 33.018187, 0.0 ], [ 74.888115, 33.0182055, 0.0 ], [ 74.8880218, 33.0182276, 0.0 ], [ 74.8879313, 33.0182529, 0.0 ], [ 74.8878245, 33.0182875, 0.0 ], [ 74.8877017, 33.0183294, 0.0 ], [ 74.887551, 33.0183826, 0.0 ], [ 74.887414, 33.0184312, 0.0 ], [ 74.8872885, 33.0184748, 0.0 ], [ 74.8871564, 33.0185173, 0.0 ], [ 74.8869566, 33.0185805, 0.0 ], [ 74.8866347, 33.0186958, 0.0 ], [ 74.8863952, 33.0187676, 0.0 ], [ 74.8861722, 33.0188274, 0.0 ], [ 74.8858244, 33.0189131, 0.0 ], [ 74.885594, 33.0189683, 0.0 ], [ 74.8854319, 33.0190036, 0.0 ], [ 74.8852653, 33.0190329, 0.0 ], [ 74.8849987, 33.0190799, 0.0 ], [ 74.8847298, 33.0191175, 0.0 ], [ 74.8844621, 33.0191545, 0.0 ], [ 74.8841405, 33.019194, 0.0 ], [ 74.8839851, 33.0192109, 0.0 ], [ 74.8838127, 33.0192226, 0.0 ], [ 74.8835986, 33.0192298, 0.0 ], [ 74.8834338, 33.0192295, 0.0 ], [ 74.8832629, 33.0192214, 0.0 ], [ 74.8830496, 33.0192038, 0.0 ], [ 74.8828024, 33.0191758, 0.0 ], [ 74.8824394, 33.019141, 0.0 ], [ 74.8821057, 33.0191205, 0.0 ], [ 74.8818838, 33.0191007, 0.0 ], [ 74.8817805, 33.0190966, 0.0 ], [ 74.8817166, 33.0191011, 0.0 ], [ 74.8816584, 33.019111, 0.0 ], [ 74.8816095, 33.0191274, 0.0 ], [ 74.8815682, 33.019149, 0.0 ], [ 74.8815306, 33.0191765, 0.0 ], [ 74.8814949, 33.0192136, 0.0 ], [ 74.8814708, 33.0192514, 0.0 ], [ 74.8814573, 33.0192898, 0.0 ], [ 74.8814499, 33.0193268, 0.0 ], [ 74.8814447, 33.0193704, 0.0 ], [ 74.8814483, 33.0194226, 0.0 ], [ 74.8814625, 33.0194758, 0.0 ], [ 74.8814841, 33.0195205, 0.0 ], [ 74.8815104, 33.0195558, 0.0 ], [ 74.8815443, 33.0195902, 0.0 ], [ 74.8816029, 33.0196345, 0.0 ], [ 74.881683, 33.0196853, 0.0 ], [ 74.8817491, 33.0197265, 0.0 ], [ 74.8818103, 33.0197628, 0.0 ], [ 74.8819036, 33.0198126, 0.0 ], [ 74.8820297, 33.019882, 0.0 ], [ 74.8821585, 33.0199488, 0.0 ], [ 74.8822081, 33.0199731, 0.0 ], [ 74.882245, 33.0199853, 0.0 ], [ 74.8822832, 33.0199908, 0.0 ], [ 74.8823479, 33.0199921, 0.0 ], [ 74.8824809, 33.0199838, 0.0 ], [ 74.8826157, 33.0199807, 0.0 ], [ 74.8827077, 33.0199811, 0.0 ], [ 74.8828054, 33.0199863, 0.0 ], [ 74.8829186, 33.0200036, 0.0 ], [ 74.8830328, 33.0200291, 0.0 ], [ 74.8831664, 33.020061, 0.0 ], [ 74.8832895, 33.0200893, 0.0 ], [ 74.8834007, 33.0201113, 0.0 ], [ 74.8835119, 33.0201355, 0.0 ], [ 74.8836318, 33.020165, 0.0 ], [ 74.8837279, 33.0201978, 0.0 ], [ 74.8838216, 33.0202389, 0.0 ], [ 74.8838857, 33.0202744, 0.0 ], [ 74.8839573, 33.0203242, 0.0 ], [ 74.8840615, 33.0203918, 0.0 ], [ 74.8841378, 33.0204425, 0.0 ], [ 74.8841826, 33.0204712, 0.0 ], [ 74.8842178, 33.0204895, 0.0 ], [ 74.8842516, 33.020501, 0.0 ], [ 74.8842986, 33.0205115, 0.0 ], [ 74.8843703, 33.0205235, 0.0 ], [ 74.8844652, 33.0205362, 0.0 ], [ 74.8846374, 33.0205594, 0.0 ], [ 74.8848066, 33.0205823, 0.0 ], [ 74.8850522, 33.0206162, 0.0 ], [ 74.8852165, 33.0206411, 0.0 ], [ 74.8853054, 33.0206568, 0.0 ], [ 74.8853768, 33.020676, 0.0 ], [ 74.8854331, 33.0206998, 0.0 ], [ 74.8854861, 33.0207262, 0.0 ], [ 74.8855434, 33.0207665, 0.0 ], [ 74.8856083, 33.0208203, 0.0 ], [ 74.8856609, 33.0208731, 0.0 ], [ 74.8857161, 33.020936, 0.0 ], [ 74.8858049, 33.0210672, 0.0 ], [ 74.8858707, 33.0211542, 0.0 ], [ 74.8859117, 33.0212033, 0.0 ], [ 74.8859456, 33.0212424, 0.0 ], [ 74.8859848, 33.0212827, 0.0 ], [ 74.8860353, 33.0213305, 0.0 ], [ 74.8861101, 33.0213904, 0.0 ], [ 74.8861931, 33.0214541, 0.0 ], [ 74.8863124, 33.0215399, 0.0 ], [ 74.8864787, 33.0216565, 0.0 ], [ 74.8865853, 33.0217277, 0.0 ], [ 74.886646, 33.0217762, 0.0 ], [ 74.8866932, 33.0218225, 0.0 ], [ 74.886751, 33.0218888, 0.0 ], [ 74.8868135, 33.021959, 0.0 ], [ 74.8868467, 33.0219941, 0.0 ], [ 74.8868801, 33.0220212, 0.0 ], [ 74.8869209, 33.0220477, 0.0 ], [ 74.8869668, 33.0220688, 0.0 ], [ 74.8870233, 33.022085, 0.0 ], [ 74.8870783, 33.022092, 0.0 ], [ 74.887134, 33.0220898, 0.0 ], [ 74.8871887, 33.0220786, 0.0 ], [ 74.8872643, 33.0220539, 0.0 ], [ 74.8873383, 33.0220337, 0.0 ], [ 74.8874075, 33.022027, 0.0 ], [ 74.887485, 33.0220303, 0.0 ], [ 74.8875359, 33.022034, 0.0 ], [ 74.8875734, 33.0220399, 0.0 ], [ 74.887647, 33.022054, 0.0 ], [ 74.8877113, 33.0220717, 0.0 ], [ 74.8878024, 33.022093, 0.0 ], [ 74.8878855, 33.0221137, 0.0 ], [ 74.8879526, 33.0221252, 0.0 ], [ 74.8880545, 33.0221321, 0.0 ], [ 74.8882342, 33.0221412, 0.0 ], [ 74.8883629, 33.0221513, 0.0 ], [ 74.8884152, 33.0221609, 0.0 ], [ 74.8884575, 33.0221769, 0.0 ], [ 74.8884943, 33.0221974, 0.0 ], [ 74.8885287, 33.0222261, 0.0 ], [ 74.8885392, 33.0222478, 0.0 ], [ 74.8885471, 33.0222694, 0.0 ] ] } },
{ "type": "Feature", "properties": { "source_edge_id": "OSM_WAY_674243801", "osm_way_id": "674243801", "name": "nan" }, "geometry": { "type": "LineString", "coordinates": [ [ 74.8885471, 33.0222694, 0.0 ], [ 74.8885891, 33.022528, 0.0 ] ] } },
{ "type": "Feature", "properties": { "source_edge_id": "OSM_WAY_1243062096", "osm_way_id": "1243062096", "name": "nan" }, "geometry": { "type": "LineString", "coordinates": [ [ 75.1637931, 32.9652064, 0.0 ], [ 75.1637662, 32.9650253, 0.0 ] ] } },
{ "type": "Feature", "properties": { "source_edge_id": "OSM_WAY_1243062093", "osm_way_id": "1243062093", "name": "nan" }, "geometry": { "type": "LineString", "coordinates": [ [ 75.1635859, 32.965056, 0.0 ], [ 75.163609, 32.9652352, 0.0 ] ] } },
{ "type": "Feature", "properties": { "source_edge_id": "OSM_WAY_1243062097", "osm_way_id": "1243062097", "name": "nan" }, "geometry": { "type": "LineString", "coordinates": [ [ 75.1740419, 32.9762843, 0.0 ], [ 75.1740044, 32.9762191, 0.0 ], [ 75.1739762, 32.9761538, 0.0 ], [ 75.1739601, 32.9760953, 0.0 ], [ 75.1739494, 32.9760379, 0.0 ], [ 75.173944, 32.9759862, 0.0 ], [ 75.1739467, 32.9759164, 0.0 ], [ 75.1739561, 32.9758332, 0.0 ], [ 75.1739776, 32.9757083, 0.0 ], [ 75.1739856, 32.9756296, 0.0 ], [ 75.1739816, 32.975562, 0.0 ], [ 75.1739709, 32.9755069, 0.0 ], [ 75.1739601, 32.975454, 0.0 ], [ 75.1739414, 32.975391, 0.0 ], [ 75.1739172, 32.9753359, 0.0 ], [ 75.1738877, 32.975283, 0.0 ], [ 75.1738502, 32.9752234, 0.0 ], [ 75.173763, 32.9751086, 0.0 ], [ 75.1736021, 32.9749241, 0.0 ], [ 75.1732332, 32.9745281, 0.0 ], [ 75.1729476, 32.974239, 0.0 ], [ 75.1727303, 32.9740601, 0.0 ], [ 75.1725828, 32.9739532, 0.0 ], [ 75.1725077, 32.9738936, 0.0 ], [ 75.1724635, 32.9738576, 0.0 ], [ 75.1724259, 32.9738238, 0.0 ], [ 75.1724004, 32.9737934, 0.0 ], [ 75.1723749, 32.9737529, 0.0 ], [ 75.1723401, 32.9736821, 0.0 ], [ 75.1723079, 32.9735988, 0.0 ], [ 75.1722931, 32.973547, 0.0 ], [ 75.1722811, 32.9734852, 0.0 ], [ 75.172273, 32.9734177, 0.0 ], [ 75.172269, 32.9733097, 0.0 ], [ 75.1722636, 32.973106, 0.0 ], [ 75.1722609, 32.9729924, 0.0 ], [ 75.1722556, 32.9729406, 0.0 ], [ 75.1722435, 32.9728793, 0.0 ], [ 75.1722154, 32.9727944, 0.0 ], [ 75.1721788, 32.9727128, 0.0 ], [ 75.1721033, 32.9725565, 0.0 ], [ 75.1720373, 32.9724324, 0.0 ], [ 75.1719915, 32.9723065, 0.0 ], [ 75.171967, 32.9722243, 0.0 ], [ 75.1719479, 32.9721547, 0.0 ], [ 75.1719372, 32.9720922, 0.0 ], [ 75.1719319, 32.971985, 0.0 ], [ 75.171934, 32.9719127, 0.0 ], [ 75.1719383, 32.9718368, 0.0 ], [ 75.1719521, 32.9716841, 0.0 ], [ 75.1719628, 32.9716108, 0.0 ], [ 75.1719723, 32.9715599, 0.0 ], [ 75.1719851, 32.9715126, 0.0 ], [ 75.1720053, 32.9714635, 0.0 ], [ 75.1720341, 32.9714197, 0.0 ], [ 75.1720681, 32.9713796, 0.0 ], [ 75.1721001, 32.9713447, 0.0 ], [ 75.1721405, 32.9713072, 0.0 ], [ 75.1721937, 32.9712688, 0.0 ], [ 75.1722683, 32.9712161, 0.0 ], [ 75.1723896, 32.9711393, 0.0 ], [ 75.1725269, 32.9710375, 0.0 ], [ 75.1725844, 32.9709911, 0.0 ], [ 75.1726334, 32.9709447, 0.0 ], [ 75.1726664, 32.9709063, 0.0 ], [ 75.1726898, 32.9708607, 0.0 ], [ 75.1727089, 32.9708116, 0.0 ], [ 75.1727228, 32.970758, 0.0 ], [ 75.1727281, 32.970708, 0.0 ], [ 75.1727292, 32.9706553, 0.0 ], [ 75.1727206, 32.9705982, 0.0 ], [ 75.1727089, 32.970558, 0.0 ], [ 75.1726898, 32.970516, 0.0 ], [ 75.1726649, 32.9704809, 0.0 ], [ 75.1726313, 32.9704415, 0.0 ], [ 75.1726005, 32.9704111, 0.0 ], [ 75.1725586, 32.970376, 0.0 ], [ 75.1722915, 32.9701402, 0.0 ], [ 75.1719785, 32.9698643, 0.0 ], [ 75.1718348, 32.9697312, 0.0 ], [ 75.1717614, 32.9696634, 0.0 ], [ 75.1716943, 32.9695955, 0.0 ], [ 75.1716273, 32.9695205, 0.0 ], [ 75.1715794, 32.9694607, 0.0 ], [ 75.1715368, 32.9694053, 0.0 ], [ 75.1714963, 32.9693464, 0.0 ], [ 75.1714644, 32.9692946, 0.0 ], [ 75.1714272, 32.9692294, 0.0 ], [ 75.1713952, 32.9691651, 0.0 ], [ 75.1712398, 32.9688409, 0.0 ], [ 75.1710216, 32.9683676, 0.0 ], [ 75.1708896, 32.9680738, 0.0 ], [ 75.1708502, 32.9679916, 0.0 ], [ 75.1708183, 32.9679372, 0.0 ], [ 75.1707949, 32.9679041, 0.0 ], [ 75.170764, 32.9678666, 0.0 ], [ 75.1707278, 32.9678327, 0.0 ], [ 75.1706884, 32.9677996, 0.0 ], [ 75.170648, 32.9677728, 0.0 ], [ 75.1705969, 32.9677487, 0.0 ], [ 75.1705479, 32.9677309, 0.0 ], [ 75.1705, 32.9677193, 0.0 ], [ 75.1704181, 32.9677085, 0.0 ], [ 75.1703052, 32.967705, 0.0 ], [ 75.1701956, 32.9677094, 0.0 ], [ 75.1701073, 32.9677166, 0.0 ], [ 75.1700295, 32.9677264, 0.0 ], [ 75.1699636, 32.9677389, 0.0 ], [ 75.1699071, 32.9677568, 0.0 ], [ 75.169856, 32.9677773, 0.0 ], [ 75.1697964, 32.9678095, 0.0 ], [ 75.1697379, 32.9678479, 0.0 ], [ 75.1696804, 32.9678997, 0.0 ], [ 75.1696304, 32.9679514, 0.0 ], [ 75.1695548, 32.9680345, 0.0 ], [ 75.1695027, 32.9680961, 0.0 ], [ 75.1694484, 32.9681658, 0.0 ], [ 75.1693877, 32.9682488, 0.0 ], [ 75.1693355, 32.9683104, 0.0 ], [ 75.1692759, 32.9683685, 0.0 ], [ 75.1692216, 32.9684087, 0.0 ], [ 75.1691684, 32.9684364, 0.0 ], [ 75.169112, 32.9684596, 0.0 ], [ 75.169063, 32.9684766, 0.0 ], [ 75.1689992, 32.9684926, 0.0 ], [ 75.168946, 32.9685016, 0.0 ], [ 75.1688938, 32.9685078, 0.0 ], [ 75.1688278, 32.9685096, 0.0 ], [ 75.1687799, 32.9685096, 0.0 ], [ 75.1687309, 32.9685069, 0.0 ], [ 75.168682, 32.9684998, 0.0 ], [ 75.1686362, 32.9684908, 0.0 ], [ 75.1685947, 32.9684801, 0.0 ], [ 75.168551, 32.968464, 0.0 ], [ 75.1685117, 32.9684453, 0.0 ], [ 75.1684733, 32.968423, 0.0 ], [ 75.1684073, 32.9683783, 0.0 ], [ 75.1681923, 32.9682256, 0.0 ], [ 75.1679433, 32.9680595, 0.0 ], [ 75.1677123, 32.9678979, 0.0 ], [ 75.1675856, 32.9678175, 0.0 ], [ 75.1674802, 32.9677532, 0.0 ], [ 75.1673706, 32.9676969, 0.0 ], [ 75.1672982, 32.9676639, 0.0 ], [ 75.1672184, 32.9676326, 0.0 ], [ 75.1671215, 32.9676014, 0.0 ], [ 75.1670236, 32.9675764, 0.0 ], [ 75.1669214, 32.9675496, 0.0 ], [ 75.1668373, 32.9675281, 0.0 ], [ 75.1667373, 32.9675031, 0.0 ], [ 75.1666457, 32.967471, 0.0 ], [ 75.1665648, 32.9674371, 0.0 ], [ 75.1665009, 32.9674094, 0.0 ], [ 75.1664456, 32.9673808, 0.0 ], [ 75.1663956, 32.9673433, 0.0 ], [ 75.166336, 32.9672897, 0.0 ], [ 75.1662902, 32.9672406, 0.0 ], [ 75.1662508, 32.9671933, 0.0 ], [ 75.1662146, 32.9671334, 0.0 ], [ 75.1661795, 32.9670664, 0.0 ], [ 75.1660773, 32.9668155, 0.0 ], [ 75.1660454, 32.9667476, 0.0 ], [ 75.1660156, 32.9666985, 0.0 ], [ 75.1659804, 32.966653, 0.0 ], [ 75.1659442, 32.9666164, 0.0 ], [ 75.1658985, 32.9665824, 0.0 ], [ 75.1658399, 32.9665503, 0.0 ], [ 75.1657686, 32.9665181, 0.0 ], [ 75.1656962, 32.9664913, 0.0 ], [ 75.1656111, 32.9664601, 0.0 ], [ 75.1655366, 32.9664333, 0.0 ], [ 75.165478, 32.9664101, 0.0 ], [ 75.1654216, 32.9663833, 0.0 ], [ 75.1653673, 32.9663556, 0.0 ], [ 75.1653098, 32.9663208, 0.0 ], [ 75.1652481, 32.9662761, 0.0 ], [ 75.1651885, 32.9662216, 0.0 ], [ 75.1651204, 32.96616, 0.0 ], [ 75.165065, 32.96611, 0.0 ], [ 75.1650086, 32.9660653, 0.0 ], [ 75.1649405, 32.9660216, 0.0 ], [ 75.1648745, 32.9659859, 0.0 ], [ 75.164801, 32.9659519, 0.0 ], [ 75.1647329, 32.9659224, 0.0 ], [ 75.1646158, 32.9658805, 0.0 ], [ 75.1643774, 32.965793, 0.0 ], [ 75.164272, 32.9657519, 0.0 ], [ 75.1641879, 32.9657144, 0.0 ], [ 75.1641209, 32.9656786, 0.0 ], [ 75.1640687, 32.9656474, 0.0 ], [ 75.1640187, 32.9656117, 0.0 ], [ 75.1639718, 32.9655697, 0.0 ], [ 75.1639335, 32.9655268, 0.0 ], [ 75.1638995, 32.9654822, 0.0 ], [ 75.1638654, 32.9654295, 0.0 ], [ 75.1638409, 32.9653768, 0.0 ], [ 75.1638196, 32.9653214, 0.0 ], [ 75.1638058, 32.9652723, 0.0 ], [ 75.1637931, 32.9652064, 0.0 ] ] } },
{ "type": "Feature", "properties": { "source_edge_id": "OSM_WAY_838668912", "osm_way_id": "838668912", "name": "nan" }, "geometry": { "type": "LineString", "coordinates": [ [ 75.163609, 32.9652352, 0.0 ], [ 75.1636269, 32.9653266, 0.0 ], [ 75.1636533, 32.9653912, 0.0 ], [ 75.1636835, 32.9654458, 0.0 ], [ 75.1637222, 32.9655039, 0.0 ], [ 75.1637659, 32.9655616, 0.0 ], [ 75.1638138, 32.965614, 0.0 ], [ 75.1638671, 32.965668, 0.0 ], [ 75.1639321, 32.9657236, 0.0 ], [ 75.1639971, 32.9657739, 0.0 ], [ 75.1640795, 32.9658257, 0.0 ], [ 75.1641654, 32.9658677, 0.0 ], [ 75.1642449, 32.9659026, 0.0 ], [ 75.1643393, 32.9659364, 0.0 ], [ 75.1644174, 32.9659659, 0.0 ], [ 75.1644976, 32.9659989, 0.0 ], [ 75.1646078, 32.9660459, 0.0 ], [ 75.1647204, 32.966098, 0.0 ], [ 75.1648351, 32.9661536, 0.0 ], [ 75.1649491, 32.9662218, 0.0 ], [ 75.1650631, 32.9663026, 0.0 ], [ 75.1651905, 32.9663962, 0.0 ], [ 75.1652734, 32.9664502, 0.0 ], [ 75.1653415, 32.9664914, 0.0 ], [ 75.165417, 32.9665281, 0.0 ], [ 75.1655208, 32.9665751, 0.0 ], [ 75.1656139, 32.9666148, 0.0 ], [ 75.1657026, 32.9666608, 0.0 ], [ 75.1657656, 32.9667085, 0.0 ], [ 75.1658292, 32.9667743, 0.0 ], [ 75.16588, 32.966849, 0.0 ], [ 75.1659257, 32.9669266, 0.0 ], [ 75.1660119, 32.9670791, 0.0 ], [ 75.1660988, 32.9672331, 0.0 ], [ 75.1661477, 32.9673057, 0.0 ], [ 75.166188, 32.9673621, 0.0 ], [ 75.1662344, 32.9674059, 0.0 ], [ 75.1662875, 32.967451, 0.0 ], [ 75.1663682, 32.9675051, 0.0 ], [ 75.1664582, 32.9675534, 0.0 ], [ 75.1665522, 32.9675919, 0.0 ], [ 75.1666439, 32.9676236, 0.0 ], [ 75.1667548, 32.9676589, 0.0 ], [ 75.1668812, 32.9676893, 0.0 ], [ 75.1670332, 32.9677231, 0.0 ], [ 75.1671724, 32.9677703, 0.0 ], [ 75.1672931, 32.9678153, 0.0 ], [ 75.1674066, 32.9678717, 0.0 ], [ 75.1675188, 32.9679409, 0.0 ], [ 75.1676086, 32.968001, 0.0 ], [ 75.1677036, 32.9680653, 0.0 ], [ 75.1678156, 32.9681472, 0.0 ], [ 75.1679377, 32.9682333, 0.0 ], [ 75.1680515, 32.9683108, 0.0 ], [ 75.1681855, 32.9684012, 0.0 ], [ 75.1683184, 32.9684908, 0.0 ], [ 75.1684006, 32.9685421, 0.0 ], [ 75.1684807, 32.9685807, 0.0 ], [ 75.1685519, 32.9686042, 0.0 ], [ 75.1686112, 32.9686209, 0.0 ], [ 75.1686807, 32.968632, 0.0 ], [ 75.168775, 32.9686383, 0.0 ], [ 75.1688811, 32.9686376, 0.0 ], [ 75.1689737, 32.9686259, 0.0 ], [ 75.1690724, 32.9686031, 0.0 ], [ 75.1691694, 32.9685703, 0.0 ], [ 75.1692506, 32.9685346, 0.0 ], [ 75.1693234, 32.9684912, 0.0 ], [ 75.1693961, 32.9684323, 0.0 ], [ 75.1694509, 32.9683803, 0.0 ], [ 75.1695188, 32.9683103, 0.0 ], [ 75.1695817, 32.9682404, 0.0 ], [ 75.1696505, 32.9681636, 0.0 ], [ 75.169717, 32.9680969, 0.0 ], [ 75.1697843, 32.9680383, 0.0 ], [ 75.1698575, 32.9679928, 0.0 ], [ 75.1699025, 32.9679711, 0.0 ], [ 75.1699475, 32.967953, 0.0 ], [ 75.1700192, 32.9679318, 0.0 ], [ 75.1701142, 32.9679156, 0.0 ], [ 75.1702041, 32.9679092, 0.0 ], [ 75.1702886, 32.9679108, 0.0 ], [ 75.1704012, 32.9679267, 0.0 ], [ 75.1705158, 32.9679624, 0.0 ], [ 75.1705748, 32.9679874, 0.0 ], [ 75.1706168, 32.9680124, 0.0 ], [ 75.1706655, 32.9680463, 0.0 ], [ 75.1707056, 32.9680838, 0.0 ], [ 75.1707561, 32.9681499, 0.0 ], [ 75.170796, 32.9682271, 0.0 ], [ 75.1708692, 32.9683835, 0.0 ], [ 75.170985, 32.9686579, 0.0 ], [ 75.1711151, 32.9689304, 0.0 ], [ 75.1711972, 32.9691042, 0.0 ], [ 75.1712572, 32.9692299, 0.0 ], [ 75.1712887, 32.9692878, 0.0 ], [ 75.1713172, 32.9693363, 0.0 ], [ 75.1713516, 32.9693954, 0.0 ], [ 75.1713942, 32.969461, 0.0 ], [ 75.1714451, 32.9695354, 0.0 ], [ 75.1715107, 32.9696166, 0.0 ], [ 75.1715878, 32.9696987, 0.0 ], [ 75.171684, 32.969796, 0.0 ], [ 75.1717644, 32.9698717, 0.0 ], [ 75.1718325, 32.9699309, 0.0 ], [ 75.1718994, 32.9699865, 0.0 ], [ 75.1719529, 32.9700327, 0.0 ], [ 75.1720242, 32.9700913, 0.0 ], [ 75.1721289, 32.9701779, 0.0 ], [ 75.1722389, 32.9702713, 0.0 ], [ 75.1723249, 32.970347, 0.0 ], [ 75.1724283, 32.9704343, 0.0 ], [ 75.1724766, 32.9704823, 0.0 ], [ 75.1725261, 32.9705346, 0.0 ], [ 75.1725602, 32.9705832, 0.0 ], [ 75.1725799, 32.9706335, 0.0 ], [ 75.1725862, 32.9706758, 0.0 ], [ 75.1725836, 32.9707159, 0.0 ], [ 75.1725768, 32.9707629, 0.0 ], [ 75.1725621, 32.9708111, 0.0 ], [ 75.1725418, 32.9708602, 0.0 ], [ 75.1725216, 32.970892, 0.0 ], [ 75.172496, 32.9709239, 0.0 ], [ 75.1724644, 32.9709529, 0.0 ], [ 75.1724155, 32.9709919, 0.0 ], [ 75.1723415, 32.9710415, 0.0 ], [ 75.1722314, 32.9711122, 0.0 ], [ 75.1721399, 32.9711723, 0.0 ], [ 75.1720548, 32.9712321, 0.0 ], [ 75.1719804, 32.971292, 0.0 ], [ 75.1719263, 32.9713424, 0.0 ], [ 75.1718906, 32.9713906, 0.0 ], [ 75.1718529, 32.9714525, 0.0 ], [ 75.1718302, 32.9715141, 0.0 ], [ 75.1718184, 32.9715872, 0.0 ], [ 75.1718036, 32.9717183, 0.0 ], [ 75.1717911, 32.9719253, 0.0 ], [ 75.1717887, 32.9720998, 0.0 ], [ 75.1717917, 32.9722011, 0.0 ], [ 75.1718056, 32.9722959, 0.0 ], [ 75.171831, 32.9723957, 0.0 ], [ 75.171858, 32.9724855, 0.0 ], [ 75.1718919, 32.9725724, 0.0 ], [ 75.1719325, 32.9726414, 0.0 ], [ 75.1719731, 32.9727018, 0.0 ], [ 75.1720125, 32.9727533, 0.0 ], [ 75.172039, 32.9727932, 0.0 ], [ 75.1720624, 32.9728401, 0.0 ], [ 75.1720774, 32.9728819, 0.0 ], [ 75.1720908, 32.9729295, 0.0 ], [ 75.1721022, 32.9730043, 0.0 ], [ 75.1721061, 32.9731015, 0.0 ], [ 75.1721083, 32.9732129, 0.0 ], [ 75.1721167, 32.9733879, 0.0 ], [ 75.1721367, 32.9735235, 0.0 ], [ 75.17216, 32.9736208, 0.0 ], [ 75.1722012, 32.9737317, 0.0 ], [ 75.1722535, 32.973826, 0.0 ], [ 75.1723084, 32.9739001, 0.0 ], [ 75.1723735, 32.9739714, 0.0 ], [ 75.172444, 32.9740259, 0.0 ], [ 75.1725347, 32.9740862, 0.0 ], [ 75.1726136, 32.9741461, 0.0 ], [ 75.1726907, 32.9742045, 0.0 ], [ 75.1727783, 32.974278, 0.0 ], [ 75.1728591, 32.9743459, 0.0 ], [ 75.1729574, 32.9744356, 0.0 ], [ 75.1730608, 32.9745337, 0.0 ], [ 75.1731943, 32.9746758, 0.0 ], [ 75.1733338, 32.9748318, 0.0 ], [ 75.1734878, 32.9750022, 0.0 ], [ 75.1736976, 32.9752332, 0.0 ], [ 75.1737783, 32.9753363, 0.0 ], [ 75.1738148, 32.9753887, 0.0 ], [ 75.1738364, 32.9754376, 0.0 ], [ 75.1738496, 32.9754851, 0.0 ], [ 75.1738578, 32.9755389, 0.0 ], [ 75.1738609, 32.9755884, 0.0 ], [ 75.1738541, 32.9756445, 0.0 ], [ 75.1738372, 32.975742, 0.0 ], [ 75.1738152, 32.9758777, 0.0 ], [ 75.1738039, 32.9759928, 0.0 ], [ 75.1738021, 32.9760627, 0.0 ], [ 75.1738096, 32.9761288, 0.0 ], [ 75.1738219, 32.9761874, 0.0 ], [ 75.1738364, 32.9762408, 0.0 ], [ 75.173851, 32.9762857, 0.0 ], [ 75.1738711, 32.9763338, 0.0 ], [ 75.1738969, 32.9763833, 0.0 ], [ 75.1739233, 32.9764244, 0.0 ], [ 75.1739602, 32.9764683, 0.0 ] ] } },
{ "type": "Feature", "properties": { "source_edge_id": "OSM_WAY_838668913", "osm_way_id": "838668913", "name": "nan" }, "geometry": { "type": "LineString", "coordinates": [ [ 75.1742281, 32.9766696, 0.0 ], [ 75.174327, 32.9767181, 0.0 ], [ 75.1744304, 32.9767562, 0.0 ], [ 75.174532, 32.9767829, 0.0 ], [ 75.1746455, 32.9767998, 0.0 ], [ 75.1747546, 32.9768096, 0.0 ], [ 75.1748739, 32.9768138, 0.0 ], [ 75.1750032, 32.9768138, 0.0 ], [ 75.175127, 32.9768081, 0.0 ], [ 75.1752609, 32.9767953, 0.0 ], [ 75.1754007, 32.9767721, 0.0 ], [ 75.1755606, 32.9767348, 0.0 ], [ 75.1757587, 32.9766772, 0.0 ], [ 75.1759618, 32.9766111, 0.0 ], [ 75.1761322, 32.9765585, 0.0 ], [ 75.1763465, 32.9764918, 0.0 ], [ 75.17667, 32.9763913, 0.0 ], [ 75.1769491, 32.9763099, 0.0 ], [ 75.1771894, 32.9762412, 0.0 ], [ 75.1774095, 32.9761861, 0.0 ], [ 75.1775587, 32.9761566, 0.0 ], [ 75.1776875, 32.9761389, 0.0 ], [ 75.1777908, 32.9761328, 0.0 ], [ 75.1778991, 32.9761282, 0.0 ], [ 75.1779781, 32.9761199, 0.0 ], [ 75.1780469, 32.9761087, 0.0 ], [ 75.178117, 32.9760956, 0.0 ], [ 75.1781689, 32.9760819, 0.0 ], [ 75.1782236, 32.9760638, 0.0 ], [ 75.178278, 32.9760405, 0.0 ], [ 75.1783256, 32.976013, 0.0 ], [ 75.1783767, 32.9759774, 0.0 ], [ 75.1784479, 32.9759156, 0.0 ], [ 75.1785156, 32.975845, 0.0 ], [ 75.1785664, 32.9757872, 0.0 ], [ 75.1786572, 32.9756782, 0.0 ], [ 75.1787256, 32.9756041, 0.0 ], [ 75.1787574, 32.9755742, 0.0 ], [ 75.1787921, 32.975544, 0.0 ], [ 75.1788308, 32.9755184, 0.0 ], [ 75.1788736, 32.9754927, 0.0 ], [ 75.1789305, 32.9754686, 0.0 ], [ 75.1789965, 32.9754431, 0.0 ], [ 75.1790853, 32.9754119, 0.0 ], [ 75.1791718, 32.9753866, 0.0 ], [ 75.1792553, 32.9753605, 0.0 ], [ 75.1793441, 32.9753354, 0.0 ], [ 75.1794098, 32.9753146, 0.0 ], [ 75.1794735, 32.9752895, 0.0 ], [ 75.1795493, 32.9752521, 0.0 ], [ 75.1796371, 32.9751976, 0.0 ], [ 75.1797441, 32.9751208, 0.0 ], [ 75.1798631, 32.9750294, 0.0 ], [ 75.1799664, 32.9749546, 0.0 ], [ 75.1800402, 32.9749059, 0.0 ], [ 75.1801099, 32.9748685, 0.0 ], [ 75.1801803, 32.974837, 0.0 ], [ 75.1802584, 32.9748112, 0.0 ], [ 75.1803363, 32.9747926, 0.0 ], [ 75.1804237, 32.9747771, 0.0 ], [ 75.1805324, 32.9747623, 0.0 ], [ 75.1806512, 32.9747518, 0.0 ], [ 75.1807478, 32.974744, 0.0 ], [ 75.1808511, 32.9747462, 0.0 ], [ 75.1809258, 32.974754, 0.0 ], [ 75.181019, 32.9747774, 0.0 ], [ 75.181099, 32.9748049, 0.0 ], [ 75.1812117, 32.9748513, 0.0 ], [ 75.1813463, 32.974919, 0.0 ], [ 75.1814275, 32.9749617, 0.0 ], [ 75.1815103, 32.9749986, 0.0 ], [ 75.1815695, 32.9750227, 0.0 ], [ 75.1816399, 32.9750425, 0.0 ], [ 75.1817343, 32.975068, 0.0 ], [ 75.1818439, 32.9750935, 0.0 ], [ 75.1819632, 32.9751244, 0.0 ], [ 75.1820685, 32.9751497, 0.0 ], [ 75.1821586, 32.9751722, 0.0 ], [ 75.1822251, 32.9751936, 0.0 ], [ 75.1822753, 32.9752156, 0.0 ], [ 75.1823238, 32.9752447, 0.0 ], [ 75.1823597, 32.9752747, 0.0 ], [ 75.1823979, 32.9753152, 0.0 ], [ 75.1824294, 32.9753586, 0.0 ], [ 75.1824622, 32.9754108, 0.0 ], [ 75.1824936, 32.9754777, 0.0 ], [ 75.1825214, 32.9755567, 0.0 ], [ 75.182556, 32.9756491, 0.0 ], [ 75.1825906, 32.9757401, 0.0 ], [ 75.1826148, 32.9758012, 0.0 ], [ 75.1826424, 32.9758468, 0.0 ], [ 75.1826716, 32.9758815, 0.0 ], [ 75.1827041, 32.9759177, 0.0 ], [ 75.1827454, 32.9759567, 0.0 ], [ 75.1827918, 32.9759972, 0.0 ], [ 75.1828459, 32.9760361, 0.0 ], [ 75.1829051, 32.9760708, 0.0 ], [ 75.1829648, 32.9761009, 0.0 ], [ 75.1830253, 32.9761276, 0.0 ], [ 75.1831037, 32.9761622, 0.0 ], [ 75.1831923, 32.976201, 0.0 ], [ 75.1832653, 32.9762355, 0.0 ], [ 75.1833264, 32.9762683, 0.0 ], [ 75.1833721, 32.9763032, 0.0 ], [ 75.1834195, 32.976355, 0.0 ], [ 75.183453, 32.9764048, 0.0 ], [ 75.1834791, 32.9764621, 0.0 ], [ 75.1834967, 32.9765193, 0.0 ], [ 75.1835034, 32.9765842, 0.0 ], [ 75.1835008, 32.976661, 0.0 ], [ 75.1834876, 32.9767568, 0.0 ], [ 75.1834793, 32.9768812, 0.0 ], [ 75.183471, 32.9770213, 0.0 ] ] } },
{ "type": "Feature", "properties": { "source_edge_id": "OSM_WAY_1243062098", "osm_way_id": "1243062098", "name": "nan" }, "geometry": { "type": "LineString", "coordinates": [ [ 75.1743224, 32.9765249, 0.0 ], [ 75.1742464, 32.9764795, 0.0 ], [ 75.1741771, 32.9764285, 0.0 ], [ 75.1741213, 32.9763775, 0.0 ], [ 75.1740774, 32.9763293, 0.0 ], [ 75.1740419, 32.9762843, 0.0 ] ] } },
{ "type": "Feature", "properties": { "source_edge_id": "OSM_WAY_239961175", "osm_way_id": "239961175", "name": "nan" }, "geometry": { "type": "LineString", "coordinates": [ [ 75.1739602, 32.9764683, 0.0 ], [ 75.1739995, 32.9765094, 0.0 ], [ 75.1740445, 32.9765484, 0.0 ], [ 75.1740958, 32.9765877, 0.0 ], [ 75.17414, 32.9766173, 0.0 ], [ 75.1741823, 32.9766434, 0.0 ], [ 75.1742281, 32.9766696, 0.0 ] ] } },
{ "type": "Feature", "properties": { "source_edge_id": "OSM_WAY_1243063865", "osm_way_id": "1243063865", "name": "nan" }, "geometry": { "type": "LineString", "coordinates": [ [ 75.1882867, 32.9875529, 0.0 ], [ 75.1882476, 32.9875184, 0.0 ], [ 75.1882189, 32.9874736, 0.0 ], [ 75.1881983, 32.9874254, 0.0 ], [ 75.188184, 32.9873685, 0.0 ], [ 75.1881778, 32.987303, 0.0 ], [ 75.188186, 32.9872272, 0.0 ], [ 75.1882004, 32.9871445, 0.0 ], [ 75.188225, 32.9870635, 0.0 ], [ 75.1882846, 32.9869239, 0.0 ], [ 75.1883956, 32.9866826, 0.0 ], [ 75.1884634, 32.9865499, 0.0 ], [ 75.1884942, 32.9864844, 0.0 ], [ 75.1885312, 32.9863948, 0.0 ], [ 75.1885599, 32.9863018, 0.0 ], [ 75.1885764, 32.9862208, 0.0 ], [ 75.1885764, 32.9861484, 0.0 ], [ 75.1885661, 32.9860778, 0.0 ], [ 75.1885455, 32.9860088, 0.0 ], [ 75.1884983, 32.9859399, 0.0 ], [ 75.1884284, 32.9858675, 0.0 ], [ 75.188338, 32.9857865, 0.0 ], [ 75.1882476, 32.9857124, 0.0 ], [ 75.188147, 32.9856383, 0.0 ], [ 75.1880463, 32.9855728, 0.0 ], [ 75.1879456, 32.9855142, 0.0 ], [ 75.187847, 32.9854505, 0.0 ], [ 75.1877854, 32.9854074, 0.0 ], [ 75.1877279, 32.9853574, 0.0 ], [ 75.1876847, 32.9853092, 0.0 ], [ 75.1875512, 32.9851299, 0.0 ], [ 75.187128, 32.9845423, 0.0 ], [ 75.1869924, 32.9843614, 0.0 ], [ 75.1869164, 32.9842562, 0.0 ], [ 75.1868547, 32.9841563, 0.0 ], [ 75.1868054, 32.9840718, 0.0 ], [ 75.1867705, 32.9840046, 0.0 ], [ 75.1867356, 32.9839254, 0.0 ], [ 75.1865096, 32.9831757, 0.0 ], [ 75.1864089, 32.9828345, 0.0 ], [ 75.1863781, 32.9827087, 0.0 ], [ 75.1863555, 32.9825863, 0.0 ], [ 75.1863288, 32.9824226, 0.0 ], [ 75.1863021, 32.9821882, 0.0 ], [ 75.1862754, 32.981909, 0.0 ], [ 75.186261, 32.9818108, 0.0 ], [ 75.1862519, 32.9817652, 0.0 ], [ 75.186239, 32.9817174, 0.0 ], [ 75.1862131, 32.981674, 0.0 ], [ 75.186182, 32.9816338, 0.0 ], [ 75.1861497, 32.9816045, 0.0 ], [ 75.1861096, 32.981572, 0.0 ], [ 75.186072, 32.9815481, 0.0 ], [ 75.1860216, 32.981522, 0.0 ], [ 75.1859581, 32.9814923, 0.0 ], [ 75.1858944, 32.9814613, 0.0 ], [ 75.1858389, 32.9814269, 0.0 ], [ 75.1857855, 32.9813786, 0.0 ], [ 75.1857568, 32.9813459, 0.0 ], [ 75.1857321, 32.9813045, 0.0 ], [ 75.1857116, 32.9812494, 0.0 ], [ 75.185689, 32.9811494, 0.0 ], [ 75.1856664, 32.9810443, 0.0 ], [ 75.1856581, 32.980984, 0.0 ], [ 75.1856581, 32.9809288, 0.0 ], [ 75.1856664, 32.9808513, 0.0 ], [ 75.1856849, 32.9807909, 0.0 ], [ 75.1857116, 32.9807427, 0.0 ], [ 75.1857465, 32.9806944, 0.0 ], [ 75.185794, 32.9806441, 0.0 ], [ 75.1858568, 32.9805852, 0.0 ], [ 75.1859185, 32.9805325, 0.0 ], [ 75.1859781, 32.9804727, 0.0 ], [ 75.1860228, 32.9804307, 0.0 ], [ 75.1860558, 32.9803977, 0.0 ], [ 75.1860835, 32.9803584, 0.0 ], [ 75.1861059, 32.9803155, 0.0 ], [ 75.1861208, 32.9802735, 0.0 ], [ 75.1861378, 32.9802217, 0.0 ], [ 75.1861463, 32.9801646, 0.0 ], [ 75.1861484, 32.9801217, 0.0 ], [ 75.1861452, 32.9800744, 0.0 ], [ 75.1861027, 32.9799083, 0.0 ], [ 75.1860729, 32.9797789, 0.0 ], [ 75.1860356, 32.9796521, 0.0 ], [ 75.1860079, 32.9795744, 0.0 ], [ 75.1859739, 32.9794976, 0.0 ], [ 75.1859324, 32.9794244, 0.0 ], [ 75.185877, 32.9793476, 0.0 ], [ 75.1857972, 32.979269, 0.0 ], [ 75.1857099, 32.9792056, 0.0 ], [ 75.1856305, 32.9791617, 0.0 ], [ 75.1855494, 32.9791241, 0.0 ], [ 75.185459, 32.9790943, 0.0 ], [ 75.1853922, 32.9790816, 0.0 ], [ 75.1852942, 32.9790674, 0.0 ], [ 75.1851607, 32.9790462, 0.0 ], [ 75.1850399, 32.9790213, 0.0 ], [ 75.1848971, 32.9789817, 0.0 ], [ 75.1848067, 32.9789512, 0.0 ], [ 75.1847481, 32.9789262, 0.0 ], [ 75.1846877, 32.9788969, 0.0 ], [ 75.1846274, 32.9788632, 0.0 ], [ 75.1845777, 32.9788305, 0.0 ], [ 75.1845281, 32.9787889, 0.0 ], [ 75.1844705, 32.9787304, 0.0 ], [ 75.1844141, 32.978664, 0.0 ], [ 75.1843605, 32.9785909, 0.0 ], [ 75.1843082, 32.9785144, 0.0 ], [ 75.1842143, 32.9783738, 0.0 ], [ 75.1840296, 32.9781002, 0.0 ], [ 75.1839012, 32.9779117, 0.0 ], [ 75.1838151, 32.977777, 0.0 ], [ 75.1837753, 32.9777168, 0.0 ], [ 75.1837373, 32.9776551, 0.0 ], [ 75.1837052, 32.9775998, 0.0 ], [ 75.1836748, 32.977529, 0.0 ], [ 75.1836495, 32.9774504, 0.0 ], [ 75.1836307, 32.9773885, 0.0 ], [ 75.1836119, 32.9773187, 0.0 ], [ 75.1836012, 32.9772467, 0.0 ], [ 75.1835972, 32.9772029, 0.0 ], [ 75.1835905, 32.977123, 0.0 ], [ 75.1835885, 32.9770099, 0.0 ], [ 75.1836054, 32.9768412, 0.0 ], [ 75.1836273, 32.9766357, 0.0 ], [ 75.1836324, 32.976545, 0.0 ], [ 75.183629, 32.9764826, 0.0 ], [ 75.1836121, 32.9764131, 0.0 ], [ 75.1835885, 32.9763494, 0.0 ], [ 75.183553, 32.9762856, 0.0 ], [ 75.1835141, 32.9762275, 0.0 ], [ 75.183482, 32.9761878, 0.0 ], [ 75.1834398, 32.9761467, 0.0 ], [ 75.1833806, 32.9761041, 0.0 ], [ 75.1833232, 32.9760772, 0.0 ], [ 75.1832624, 32.9760588, 0.0 ], [ 75.1831982, 32.9760389, 0.0 ], [ 75.183139, 32.9760205, 0.0 ], [ 75.183063, 32.9759992, 0.0 ], [ 75.1829886, 32.9759723, 0.0 ], [ 75.1829261, 32.9759369, 0.0 ], [ 75.182867, 32.9758915, 0.0 ], [ 75.1828146, 32.9758405, 0.0 ], [ 75.1827656, 32.9757824, 0.0 ], [ 75.1827352, 32.9757257, 0.0 ], [ 75.1827081, 32.9756491, 0.0 ], [ 75.1826845, 32.9755712, 0.0 ], [ 75.1826642, 32.9754847, 0.0 ], [ 75.1826355, 32.9754011, 0.0 ], [ 75.1826051, 32.9753415, 0.0 ], [ 75.182573, 32.9752891, 0.0 ], [ 75.1825223, 32.9752281, 0.0 ], [ 75.1824614, 32.9751728, 0.0 ], [ 75.1824108, 32.975136, 0.0 ], [ 75.1823584, 32.9751062, 0.0 ], [ 75.1822874, 32.9750793, 0.0 ], [ 75.1821134, 32.9750268, 0.0 ], [ 75.1818667, 32.9749659, 0.0 ], [ 75.1817467, 32.9749333, 0.0 ], [ 75.181647, 32.9749007, 0.0 ], [ 75.1815761, 32.974878, 0.0 ], [ 75.1815118, 32.9748525, 0.0 ], [ 75.1814375, 32.9748128, 0.0 ], [ 75.1813226, 32.9747405, 0.0 ], [ 75.1812145, 32.9746824, 0.0 ], [ 75.1810827, 32.9746356, 0.0 ], [ 75.1809847, 32.9746129, 0.0 ], [ 75.1808867, 32.9745945, 0.0 ], [ 75.1807397, 32.9745959, 0.0 ], [ 75.1805335, 32.9746214, 0.0 ], [ 75.1803933, 32.9746384, 0.0 ], [ 75.1802699, 32.9746597, 0.0 ], [ 75.1801635, 32.9746866, 0.0 ], [ 75.1800857, 32.974715, 0.0 ], [ 75.180003, 32.9747561, 0.0 ], [ 75.1799168, 32.9748029, 0.0 ], [ 75.1798357, 32.9748567, 0.0 ], [ 75.1797461, 32.9749248, 0.0 ], [ 75.1796447, 32.9750013, 0.0 ], [ 75.1795451, 32.9750694, 0.0 ], [ 75.179447, 32.9751289, 0.0 ], [ 75.1793879, 32.9751587, 0.0 ], [ 75.1793389, 32.9751799, 0.0 ], [ 75.1792696, 32.9752026, 0.0 ], [ 75.1791885, 32.9752239, 0.0 ], [ 75.179099, 32.9752409, 0.0 ], [ 75.178979, 32.9752593, 0.0 ], [ 75.1788945, 32.9752735, 0.0 ], [ 75.1788185, 32.9752947, 0.0 ], [ 75.1787678, 32.9753132, 0.0 ], [ 75.1787154, 32.9753415, 0.0 ], [ 75.1786766, 32.9753727, 0.0 ], [ 75.1786394, 32.9754152, 0.0 ], [ 75.1785988, 32.9754762, 0.0 ], [ 75.1785414, 32.9755683, 0.0 ], [ 75.1784417, 32.9757143, 0.0 ], [ 75.1783809, 32.9757965, 0.0 ], [ 75.1783251, 32.9758518, 0.0 ], [ 75.1782691, 32.9758877, 0.0 ], [ 75.1782251, 32.9759104, 0.0 ], [ 75.1781812, 32.9759288, 0.0 ], [ 75.1781423, 32.9759416, 0.0 ], [ 75.178095, 32.9759558, 0.0 ], [ 75.1780511, 32.9759629, 0.0 ], [ 75.1779937, 32.9759643, 0.0 ], [ 75.1779294, 32.9759615, 0.0 ], [ 75.1778652, 32.9759529, 0.0 ], [ 75.1777976, 32.9759416, 0.0 ], [ 75.1777284, 32.9759246, 0.0 ], [ 75.1776371, 32.9759019, 0.0 ], [ 75.1775594, 32.9758849, 0.0 ], [ 75.1774952, 32.9758778, 0.0 ], [ 75.1774411, 32.9758764, 0.0 ], [ 75.177382, 32.9758849, 0.0 ], [ 75.1773296, 32.9758991, 0.0 ], [ 75.1772738, 32.9759203, 0.0 ], [ 75.1772046, 32.9759515, 0.0 ], [ 75.1771285, 32.9759912, 0.0 ], [ 75.177066, 32.9760323, 0.0 ], [ 75.176968, 32.9761046, 0.0 ], [ 75.1769021, 32.97615, 0.0 ], [ 75.1768295, 32.9761925, 0.0 ], [ 75.1767551, 32.9762265, 0.0 ], [ 75.1766503, 32.9762648, 0.0 ], [ 75.1764898, 32.9763172, 0.0 ], [ 75.1762651, 32.9763839, 0.0 ], [ 75.17589, 32.9765058, 0.0 ], [ 75.1757244, 32.9765568, 0.0 ], [ 75.1755656, 32.9765922, 0.0 ], [ 75.1753898, 32.9766192, 0.0 ], [ 75.1752074, 32.9766362, 0.0 ], [ 75.1750536, 32.9766503, 0.0 ], [ 75.1749353, 32.9766574, 0.0 ], [ 75.1748322, 32.976656, 0.0 ], [ 75.1747444, 32.9766518, 0.0 ], [ 75.1746717, 32.9766447, 0.0 ], [ 75.1745974, 32.9766319, 0.0 ], [ 75.1745501, 32.976622, 0.0 ], [ 75.1744808, 32.9765979, 0.0 ], [ 75.1744064, 32.9765681, 0.0 ], [ 75.1743224, 32.9765249, 0.0 ] ] } },
{ "type": "Feature", "properties": { "source_edge_id": "OSM_WAY_634386133", "osm_way_id": "634386133", "name": "nan" }, "geometry": { "type": "LineString", "coordinates": [ [ 75.231548, 33.2422141, 0.0 ], [ 75.2312868, 33.2422414, 0.0 ], [ 75.2309668, 33.2422362, 0.0 ], [ 75.2305357, 33.242118, 0.0 ], [ 75.2297977, 33.2418579, 0.0 ], [ 75.2292393, 33.2416157, 0.0 ], [ 75.228867, 33.2415073, 0.0 ], [ 75.2286145, 33.2414575, 0.0 ], [ 75.2284201, 33.2413786, 0.0 ], [ 75.2282554, 33.2413553, 0.0 ], [ 75.2280922, 33.2413742, 0.0 ], [ 75.2279345, 33.241415, 0.0 ], [ 75.2278205, 33.2415066, 0.0 ], [ 75.227707, 33.2416531, 0.0 ], [ 75.2276004, 33.2418115, 0.0 ], [ 75.2274431, 33.2421007, 0.0 ], [ 75.2272031, 33.2425837, 0.0 ], [ 75.2267399, 33.2431646, 0.0 ], [ 75.2264128, 33.2434489, 0.0 ], [ 75.2260853, 33.243653, 0.0 ], [ 75.2256379, 33.2439065, 0.0 ], [ 75.2249272, 33.2442275, 0.0 ], [ 75.2243644, 33.2444786, 0.0 ], [ 75.2238225, 33.2447152, 0.0 ], [ 75.2233896, 33.2448614, 0.0 ], [ 75.2231451, 33.2449249, 0.0 ], [ 75.2231003, 33.2449365, 0.0 ], [ 75.2228927, 33.2449575, 0.0 ], [ 75.2227229, 33.2449523, 0.0 ], [ 75.2213276, 33.2448444, 0.0 ], [ 75.2208454, 33.2447919, 0.0 ], [ 75.2204564, 33.2447976, 0.0 ], [ 75.2203625, 33.2448197, 0.0 ], [ 75.2202637, 33.2448544, 0.0 ], [ 75.2201571, 33.2449007, 0.0 ], [ 75.2199837, 33.2450455, 0.0 ] ] } },
{ "type": "Feature", "properties": { "source_edge_id": "OSM_WAY_1353081887", "osm_way_id": "1353081887", "name": "nan" }, "geometry": { "type": "LineString", "coordinates": [ [ 75.2191033, 33.2455975, 0.0 ], [ 75.2192091, 33.2455766, 0.0 ], [ 75.219313, 33.2455501, 0.0 ], [ 75.2194148, 33.2455182, 0.0 ], [ 75.2195139, 33.2454809, 0.0 ], [ 75.2196203, 33.2454336, 0.0 ], [ 75.2197224, 33.2453801, 0.0 ], [ 75.2198197, 33.2453208, 0.0 ], [ 75.2199119, 33.245256, 0.0 ], [ 75.2199984, 33.2451859, 0.0 ], [ 75.2200788, 33.2451109, 0.0 ] ] } },
{ "type": "Feature", "properties": { "source_edge_id": "OSM_WAY_838654109", "osm_way_id": "838654109", "name": "nan" }, "geometry": { "type": "LineString", "coordinates": [ [ 75.2190827, 33.2455159, 0.0 ], [ 75.2188572, 33.2455576, 0.0 ], [ 75.2185728, 33.2456481, 0.0 ], [ 75.2182701, 33.2457878, 0.0 ], [ 75.2171907, 33.246429, 0.0 ], [ 75.2168884, 33.2466043, 0.0 ], [ 75.2165488, 33.2467502, 0.0 ], [ 75.2162393, 33.2468402, 0.0 ], [ 75.2157046, 33.2469504, 0.0 ], [ 75.2154845, 33.2470378, 0.0 ], [ 75.2145946, 33.2475161, 0.0 ], [ 75.2142145, 33.2477116, 0.0 ], [ 75.2135712, 33.2480485, 0.0 ], [ 75.2132619, 33.2482034, 0.0 ], [ 75.2128857, 33.2484908, 0.0 ], [ 75.2125299, 33.248739, 0.0 ], [ 75.2120776, 33.2491137, 0.0 ], [ 75.2116253, 33.2496135, 0.0 ], [ 75.2111245, 33.250099, 0.0 ], [ 75.210725, 33.2504258, 0.0 ], [ 75.2104862, 33.2506064, 0.0 ], [ 75.2103275, 33.2507236, 0.0 ], [ 75.2099801, 33.250936, 0.0 ], [ 75.209594, 33.2511484, 0.0 ], [ 75.209273, 33.251349, 0.0 ], [ 75.2091632, 33.2514339, 0.0 ], [ 75.2090616, 33.2515444, 0.0 ], [ 75.2089641, 33.2516548, 0.0 ], [ 75.2088727, 33.2518247, 0.0 ], [ 75.2086796, 33.2521136, 0.0 ], [ 75.2085719, 33.2522394, 0.0 ], [ 75.2083708, 33.2524212, 0.0 ], [ 75.2082091, 33.2525408, 0.0 ], [ 75.2080859, 33.2525937, 0.0 ], [ 75.2079522, 33.2526489, 0.0 ], [ 75.2077125, 33.2527719, 0.0 ], [ 75.2074381, 33.252953, 0.0 ], [ 75.2070927, 33.2531807, 0.0 ], [ 75.2068021, 33.2533795, 0.0 ], [ 75.2066416, 33.2535223, 0.0 ], [ 75.2064873, 33.2536743, 0.0 ], [ 75.2062983, 33.2538207, 0.0 ], [ 75.2057945, 33.254194, 0.0 ], [ 75.2057001, 33.254263, 0.0 ], [ 75.2056003, 33.2543145, 0.0 ], [ 75.2054511, 33.2543613, 0.0 ], [ 75.2052653, 33.2543839, 0.0 ], [ 75.2051061, 33.2543922, 0.0 ], [ 75.2049146, 33.2543841, 0.0 ], [ 75.2047682, 33.2543778, 0.0 ], [ 75.2047499, 33.254377, 0.0 ], [ 75.2045325, 33.2543379, 0.0 ], [ 75.2044146, 33.2543464, 0.0 ], [ 75.2042846, 33.2543923, 0.0 ], [ 75.2042033, 33.2544585, 0.0 ], [ 75.2041545, 33.2545673, 0.0 ], [ 75.2041261, 33.2546624, 0.0 ], [ 75.2041484, 33.2547712, 0.0 ], [ 75.2041972, 33.254868, 0.0 ], [ 75.2042927, 33.2549547, 0.0 ], [ 75.2043801, 33.255021, 0.0 ], [ 75.2045325, 33.255145, 0.0 ], [ 75.2049456, 33.2554492, 0.0 ], [ 75.2051262, 33.2555671, 0.0 ], [ 75.2052439, 33.2558016, 0.0 ], [ 75.2052393, 33.2559937, 0.0 ], [ 75.2052671, 33.2561661, 0.0 ], [ 75.2053073, 33.2563499, 0.0 ], [ 75.2052854, 33.2564552, 0.0 ], [ 75.2051711, 33.2565726, 0.0 ], [ 75.2051028, 33.2566453, 0.0 ], [ 75.2050071, 33.2567098, 0.0 ] ] } },
{ "type": "Feature", "properties": { "source_edge_id": "OSM_WAY_1353081884", "osm_way_id": "1353081884", "name": "nan" }, "geometry": { "type": "LineString", "coordinates": [ [ 75.2044791, 33.2570185, 0.0 ], [ 75.2051635, 33.2568349, 0.0 ] ] } },
{ "type": "Feature", "properties": { "source_edge_id": "OSM_WAY_1353081880", "osm_way_id": "1353081880", "name": "nan" }, "geometry": { "type": "LineString", "coordinates": [ [ 75.2044911, 33.2568658, 0.0 ], [ 75.2043825, 33.2568863, 0.0 ], [ 75.2042842, 33.2568745, 0.0 ], [ 75.2041786, 33.256816, 0.0 ], [ 75.2039351, 33.256625, 0.0 ], [ 75.203801, 33.2565689, 0.0 ], [ 75.2035287, 33.2564924, 0.0 ], [ 75.2034068, 33.2564296, 0.0 ], [ 75.2032584, 33.2563208, 0.0 ], [ 75.2029574, 33.2561126, 0.0 ], [ 75.2027726, 33.2559996, 0.0 ], [ 75.2026496, 33.2559545, 0.0 ], [ 75.2025061, 33.2559246, 0.0 ], [ 75.2023962, 33.2559147, 0.0 ], [ 75.2022476, 33.2559264, 0.0 ], [ 75.2018373, 33.2560374, 0.0 ], [ 75.2017233, 33.256063, 0.0 ], [ 75.201633, 33.2560777, 0.0 ], [ 75.2014784, 33.2560843, 0.0 ], [ 75.2010497, 33.2560948, 0.0 ], [ 75.2008994, 33.2560982, 0.0 ], [ 75.2007978, 33.2560917, 0.0 ], [ 75.2006576, 33.2560948, 0.0 ], [ 75.20056, 33.2561033, 0.0 ], [ 75.2003507, 33.2561458, 0.0 ], [ 75.2001862, 33.2562138, 0.0 ], [ 75.1999687, 33.2563854, 0.0 ], [ 75.1998915, 33.2564975, 0.0 ], [ 75.1997899, 33.2566182, 0.0 ], [ 75.1997413, 33.2566927, 0.0 ], [ 75.1996884, 33.2567536, 0.0 ], [ 75.1996192, 33.2568036, 0.0 ], [ 75.1995325, 33.256834, 0.0 ], [ 75.1994249, 33.2568271, 0.0 ], [ 75.1992636, 33.2567534, 0.0 ], [ 75.1990686, 33.2566522, 0.0 ], [ 75.1988695, 33.2565247, 0.0 ], [ 75.198776, 33.2564636, 0.0 ], [ 75.1986378, 33.2564364, 0.0 ], [ 75.1984915, 33.256433, 0.0 ], [ 75.1983615, 33.2564534, 0.0 ], [ 75.1982111, 33.2565213, 0.0 ], [ 75.1980364, 33.2566165, 0.0 ], [ 75.1977052, 33.2568578, 0.0 ], [ 75.1975223, 33.2569563, 0.0 ], [ 75.1973618, 33.2570447, 0.0 ], [ 75.1971423, 33.2571262, 0.0 ], [ 75.1970021, 33.2572044, 0.0 ], [ 75.1969147, 33.2572927, 0.0 ], [ 75.1968817, 33.2573383, 0.0 ], [ 75.1968488, 33.2574144, 0.0 ], [ 75.1968064, 33.2575536, 0.0 ], [ 75.1967301, 33.257736, 0.0 ], [ 75.1966657, 33.2579337, 0.0 ], [ 75.1967217, 33.2580302, 0.0 ], [ 75.1967847, 33.2581355, 0.0 ], [ 75.1968497, 33.2581967, 0.0 ], [ 75.1969737, 33.2582425, 0.0 ], [ 75.197143, 33.2583124, 0.0 ], [ 75.1972925, 33.2583783, 0.0 ], [ 75.1974544, 33.2584882, 0.0 ], [ 75.19755, 33.2585706, 0.0 ], [ 75.1975696, 33.2587229, 0.0 ], [ 75.1975462, 33.2588166, 0.0 ], [ 75.1974493, 33.2588868, 0.0 ], [ 75.1972961, 33.2589577, 0.0 ], [ 75.197142, 33.2589952, 0.0 ], [ 75.1969018, 33.2590163, 0.0 ], [ 75.1966777, 33.2590197, 0.0 ], [ 75.1964845, 33.2589766, 0.0 ], [ 75.1963112, 33.2588882, 0.0 ], [ 75.1961589, 33.2586877, 0.0 ], [ 75.1959374, 33.2584244, 0.0 ], [ 75.1957972, 33.2583292, 0.0 ], [ 75.195657, 33.2582459, 0.0 ], [ 75.1954843, 33.2581678, 0.0 ], [ 75.1953258, 33.258076, 0.0 ], [ 75.1950311, 33.2578823, 0.0 ], [ 75.1948889, 33.2578008, 0.0 ], [ 75.194765, 33.2577685, 0.0 ], [ 75.1946451, 33.2577651, 0.0 ], [ 75.1945069, 33.2578008, 0.0 ], [ 75.1944012, 33.2578772, 0.0 ], [ 75.1943322, 33.2580081, 0.0 ], [ 75.1943057, 33.2582391, 0.0 ], [ 75.1942915, 33.2583343, 0.0 ], [ 75.1942631, 33.2584074, 0.0 ], [ 75.1941716, 33.2584651, 0.0 ], [ 75.1940091, 33.2584821, 0.0 ], [ 75.1938079, 33.2584685, 0.0 ], [ 75.1936047, 33.2584345, 0.0 ], [ 75.1934523, 33.2584277, 0.0 ], [ 75.1932959, 33.258443, 0.0 ], [ 75.1931211, 33.2585042, 0.0 ], [ 75.1929687, 33.2585773, 0.0 ], [ 75.1928021, 33.2586843, 0.0 ], [ 75.1926131, 33.2588559, 0.0 ], [ 75.1923043, 33.2591057, 0.0 ], [ 75.1920726, 33.2593266, 0.0 ], [ 75.1919528, 33.259454, 0.0 ], [ 75.191841, 33.2596086, 0.0 ], [ 75.1917821, 33.2597412, 0.0 ], [ 75.191717, 33.2599026, 0.0 ], [ 75.1916479, 33.2601217, 0.0 ], [ 75.1916033, 33.2602424, 0.0 ], [ 75.1915687, 33.2603681, 0.0 ], [ 75.1915687, 33.2605091, 0.0 ], [ 75.1915748, 33.2606383, 0.0 ], [ 75.1916094, 33.2607742, 0.0 ], [ 75.1916805, 33.2609951, 0.0 ], [ 75.1917414, 33.2611446, 0.0 ], [ 75.1917516, 33.2612941, 0.0 ], [ 75.1917558, 33.2613842, 0.0 ], [ 75.1917095, 33.2618405, 0.0 ], [ 75.191662, 33.2621306, 0.0 ], [ 75.1915071, 33.2624483, 0.0 ], [ 75.1912779, 33.26264, 0.0 ], [ 75.1911965, 33.2626647, 0.0 ], [ 75.1911308, 33.2626548, 0.0 ], [ 75.1908291, 33.2624817, 0.0 ], [ 75.1906299, 33.2624206, 0.0 ], [ 75.190443, 33.2623781, 0.0 ], [ 75.1902906, 33.2623492, 0.0 ], [ 75.1901301, 33.2622999, 0.0 ], [ 75.1900041, 33.2622167, 0.0 ], [ 75.1898599, 33.2620859, 0.0 ], [ 75.1897684, 33.2619822, 0.0 ], [ 75.1897034, 33.2619041, 0.0 ], [ 75.1895978, 33.2618208, 0.0 ], [ 75.189488, 33.261763, 0.0 ], [ 75.1893966, 33.2617291, 0.0 ], [ 75.1893052, 33.2617223, 0.0 ], [ 75.1891548, 33.261763, 0.0 ], [ 75.1890755, 33.2618191, 0.0 ], [ 75.1889597, 33.2619245, 0.0 ], [ 75.1888317, 33.2620026, 0.0 ], [ 75.1886753, 33.2620978, 0.0 ], [ 75.1883562, 33.2623067, 0.0 ], [ 75.1882485, 33.2624019, 0.0 ], [ 75.1881673, 33.2624936, 0.0 ], [ 75.1881246, 33.262599, 0.0 ], [ 75.1880596, 33.2626669, 0.0 ], [ 75.1879438, 33.2626856, 0.0 ], [ 75.1878036, 33.2626499, 0.0 ], [ 75.1876877, 33.2626075, 0.0 ], [ 75.1875577, 33.2625463, 0.0 ], [ 75.1874216, 33.26248, 0.0 ], [ 75.1873139, 33.2624291, 0.0 ], [ 75.1872123, 33.2623985, 0.0 ], [ 75.1871025, 33.2624002, 0.0 ], [ 75.1870253, 33.2624393, 0.0 ], [ 75.1869909, 33.2625008, 0.0 ], [ 75.186965, 33.2626473, 0.0 ], [ 75.186965, 33.2628083, 0.0 ], [ 75.1869851, 33.2631087, 0.0 ], [ 75.1869765, 33.2633778, 0.0 ], [ 75.1869478, 33.2635123, 0.0 ], [ 75.1868213, 33.263743, 0.0 ], [ 75.1867438, 33.2638727, 0.0 ], [ 75.186603, 33.264065, 0.0 ], [ 75.1864449, 33.264274, 0.0 ], [ 75.1861662, 33.2646705, 0.0 ], [ 75.1860857, 33.2647714, 0.0 ], [ 75.186011, 33.2648459, 0.0 ], [ 75.1859104, 33.2649035, 0.0 ], [ 75.1857667, 33.2649372, 0.0 ], [ 75.1856009, 33.2649767, 0.0 ], [ 75.1853204, 33.265006, 0.0 ], [ 75.1851141, 33.2650635, 0.0 ], [ 75.1849791, 33.2651368, 0.0 ] ] } },
{ "type": "Feature", "properties": { "source_edge_id": "OSM_WAY_1353081882", "osm_way_id": "1353081882", "name": "nan" }, "geometry": { "type": "LineString", "coordinates": [ [ 75.1849791, 33.2651368, 0.0 ], [ 75.1848009, 33.2652073, 0.0 ], [ 75.1845917, 33.2652163, 0.0 ], [ 75.1844624, 33.2652777, 0.0 ] ] } },
{ "type": "Feature", "properties": { "source_edge_id": "OSM_WAY_1159230508", "osm_way_id": "1159230508", "name": "nan" }, "geometry": { "type": "LineString", "coordinates": [ [ 75.1935448, 33.3162754, 0.0 ], [ 75.1936064, 33.316372, 0.0 ] ] } },
{ "type": "Feature", "properties": { "source_edge_id": "OSM_WAY_1159230506", "osm_way_id": "1159230506", "name": "nan" }, "geometry": { "type": "LineString", "coordinates": [ [ 75.1972713, 33.3207306, 0.0 ], [ 75.197342, 33.3207971, 0.0 ] ] } },
{ "type": "Feature", "properties": { "source_edge_id": "OSM_WAY_828496599", "osm_way_id": "828496599", "name": "nan" }, "geometry": { "type": "LineString", "coordinates": [ [ 75.1990342, 33.3258558, 0.0 ], [ 75.1990952, 33.3260293, 0.0 ] ] } },
{ "type": "Feature", "properties": { "source_edge_id": "OSM_WAY_1354577836", "osm_way_id": "1354577836", "name": "nan" }, "geometry": { "type": "LineString", "coordinates": [ [ 75.1996621, 33.3281757, 0.0 ], [ 75.1996688, 33.3282812, 0.0 ] ] } },
{ "type": "Feature", "properties": { "source_edge_id": "OSM_WAY_1375980623", "osm_way_id": "1375980623", "name": "nan" }, "geometry": { "type": "LineString", "coordinates": [ [ 75.1815785, 33.4838053, 0.0 ], [ 75.1817114, 33.4837624, 0.0 ], [ 75.1819135, 33.4836932, 0.0 ], [ 75.1821197, 33.4836121, 0.0 ], [ 75.1823682, 33.483509, 0.0 ], [ 75.1825272, 33.4834358, 0.0 ], [ 75.1827045, 33.4833405, 0.0 ], [ 75.1828547, 33.483244, 0.0 ], [ 75.1829935, 33.4831461, 0.0 ], [ 75.1831344, 33.4830404, 0.0 ], [ 75.1832471, 33.4829431, 0.0 ], [ 75.1833516, 33.4828543, 0.0 ], [ 75.1834447, 33.482768, 0.0 ], [ 75.1835199, 33.4826876, 0.0 ], [ 75.1836013, 33.4825987, 0.0 ], [ 75.1837067, 33.4824745, 0.0 ], [ 75.1837855, 33.4823756, 0.0 ], [ 75.1838542, 33.482291, 0.0 ], [ 75.1839247, 33.4821987, 0.0 ], [ 75.1839952, 33.482098, 0.0 ], [ 75.1840589, 33.4819923, 0.0 ], [ 75.1841213, 33.4818838, 0.0 ], [ 75.1841795, 33.4816575, 0.0 ] ] } },
{ "type": "Feature", "properties": { "source_edge_id": "OSM_WAY_1372811474", "osm_way_id": "1372811474", "name": "nan" }, "geometry": { "type": "LineString", "coordinates": [ [ 75.200226, 33.3768278, 0.0 ], [ 75.2000646, 33.3767226, 0.0 ], [ 75.1998949, 33.3766342, 0.0 ], [ 75.1997096, 33.3765636, 0.0 ], [ 75.1995257, 33.3765077, 0.0 ], [ 75.1993481, 33.3764667, 0.0 ], [ 75.1988214, 33.3763927, 0.0 ], [ 75.1986954, 33.376369, 0.0 ], [ 75.1985585, 33.3763172, 0.0 ], [ 75.1984466, 33.376247, 0.0 ], [ 75.1983468, 33.3761667, 0.0 ], [ 75.1982626, 33.3760685, 0.0 ], [ 75.1982079, 33.3759484, 0.0 ], [ 75.1980573, 33.3756286, 0.0 ], [ 75.1979529, 33.3754878, 0.0 ], [ 75.1977944, 33.3753479, 0.0 ], [ 75.197319, 33.3749831, 0.0 ], [ 75.196597, 33.3742962, 0.0 ], [ 75.1963293, 33.3739852, 0.0 ], [ 75.1961161, 33.3736869, 0.0 ], [ 75.1956724, 33.3730018, 0.0 ], [ 75.1955387, 33.3728396, 0.0 ], [ 75.1942533, 33.3713244, 0.0 ], [ 75.1940719, 33.3710582, 0.0 ], [ 75.1939361, 33.3707888, 0.0 ], [ 75.1938384, 33.3705322, 0.0 ], [ 75.1937899, 33.3703395, 0.0 ], [ 75.1937362, 33.3700405, 0.0 ], [ 75.1936742, 33.3698671, 0.0 ], [ 75.1936112, 33.3697651, 0.0 ], [ 75.1935256, 33.3696657, 0.0 ], [ 75.1934241, 33.3695794, 0.0 ], [ 75.1932991, 33.3694972, 0.0 ], [ 75.1931745, 33.3694481, 0.0 ], [ 75.1929842, 33.3694117, 0.0 ], [ 75.1899393, 33.3689408, 0.0 ], [ 75.1897718, 33.3689018, 0.0 ], [ 75.1896729, 33.3688399, 0.0 ], [ 75.189603, 33.3687643, 0.0 ], [ 75.1895097, 33.3685546, 0.0 ], [ 75.1894723, 33.3684386, 0.0 ], [ 75.1893979, 33.3683006, 0.0 ], [ 75.1892821, 33.3681866, 0.0 ], [ 75.1891092, 33.3680937, 0.0 ], [ 75.1889219, 33.3680175, 0.0 ], [ 75.1887954, 33.3679266, 0.0 ], [ 75.1886836, 33.3677749, 0.0 ], [ 75.1884918, 33.3674713, 0.0 ], [ 75.1883875, 33.3673661, 0.0 ], [ 75.1882222, 33.3672526, 0.0 ], [ 75.1877739, 33.366995, 0.0 ], [ 75.1876217, 33.366893, 0.0 ], [ 75.1872086, 33.366536, 0.0 ], [ 75.1870782, 33.3665027, 0.0 ] ] } },
{ "type": "Feature", "properties": { "source_edge_id": "OSM_WAY_1375158684", "osm_way_id": "1375158684", "name": "nan" }, "geometry": { "type": "LineString", "coordinates": [ [ 75.1967055, 33.3745956, 0.0 ], [ 75.1968701, 33.3747672, 0.0 ] ] } },
{ "type": "Feature", "properties": { "source_edge_id": "OSM_WAY_1372811469", "osm_way_id": "1372811469", "name": "nan" }, "geometry": { "type": "LineString", "coordinates": [ [ 75.2005972, 33.3784503, 0.0 ], [ 75.2005992, 33.3783821, 0.0 ], [ 75.2006998, 33.3779026, 0.0 ], [ 75.200709, 33.3777535, 0.0 ], [ 75.2006981, 33.3775958, 0.0 ], [ 75.2006625, 33.377429, 0.0 ], [ 75.2006184, 33.3772959, 0.0 ], [ 75.2005541, 33.3771685, 0.0 ], [ 75.2004657, 33.3770457, 0.0 ], [ 75.2003649, 33.3769451, 0.0 ], [ 75.200226, 33.3768278, 0.0 ] ] } },
{ "type": "Feature", "properties": { "source_edge_id": "OSM_WAY_1372811470", "osm_way_id": "1372811470", "name": "nan" }, "geometry": { "type": "LineString", "coordinates": [ [ 75.2004654, 33.3785283, 0.0 ], [ 75.2005177, 33.3786599, 0.0 ], [ 75.2005759, 33.3787775, 0.0 ], [ 75.2006706, 33.3789051, 0.0 ], [ 75.2008097, 33.3790794, 0.0 ], [ 75.2009122, 33.379214, 0.0 ], [ 75.2009693, 33.3793099, 0.0 ], [ 75.2010048, 33.3794244, 0.0 ], [ 75.2010057, 33.379521, 0.0 ], [ 75.2009794, 33.3796653, 0.0 ], [ 75.200616, 33.3805312, 0.0 ], [ 75.2005883, 33.3806261, 0.0 ], [ 75.2005713, 33.3807081, 0.0 ], [ 75.2005681, 33.3807838, 0.0 ], [ 75.2006022, 33.3809083, 0.0 ], [ 75.200638, 33.3810005, 0.0 ], [ 75.200806, 33.381338, 0.0 ], [ 75.2008524, 33.3814359, 0.0 ], [ 75.2008806, 33.381545, 0.0 ], [ 75.2008968, 33.3816574, 0.0 ], [ 75.2008983, 33.3817369, 0.0 ], [ 75.2008834, 33.3818244, 0.0 ], [ 75.2008242, 33.3820324, 0.0 ], [ 75.2007888, 33.3822073, 0.0 ], [ 75.2007093, 33.3827127, 0.0 ], [ 75.2007005, 33.3828293, 0.0 ], [ 75.2007049, 33.3829458, 0.0 ], [ 75.2007252, 33.3830592, 0.0 ], [ 75.2007655, 33.3831893, 0.0 ], [ 75.2008401, 33.3833542, 0.0 ], [ 75.2009071, 33.3834734, 0.0 ], [ 75.2011613, 33.3838447, 0.0 ], [ 75.201225, 33.3839593, 0.0 ], [ 75.2012577, 33.3840375, 0.0 ], [ 75.2012785, 33.3841235, 0.0 ], [ 75.2013353, 33.384868, 0.0 ], [ 75.2013346, 33.3849469, 0.0 ], [ 75.2012808, 33.3855808, 0.0 ], [ 75.2012456, 33.3856982, 0.0 ], [ 75.2011823, 33.385811, 0.0 ], [ 75.2007246, 33.386444, 0.0 ], [ 75.2006595, 33.3865266, 0.0 ], [ 75.2005677, 33.3866194, 0.0 ], [ 75.2004783, 33.3866936, 0.0 ], [ 75.2001334, 33.3869953, 0.0 ], [ 75.2000221, 33.3871053, 0.0 ], [ 75.19968, 33.3874938, 0.0 ], [ 75.1995742, 33.3876277, 0.0 ], [ 75.1993345, 33.3879874, 0.0 ], [ 75.1993016, 33.3880586, 0.0 ], [ 75.1992989, 33.3881146, 0.0 ], [ 75.1993246, 33.3881861, 0.0 ], [ 75.1993779, 33.3882405, 0.0 ], [ 75.1994545, 33.3882797, 0.0 ], [ 75.1995351, 33.3883035, 0.0 ], [ 75.1997959, 33.3883731, 0.0 ], [ 75.1999582, 33.3884231, 0.0 ], [ 75.2000911, 33.3884934, 0.0 ], [ 75.2003923, 33.3886782, 0.0 ], [ 75.2005184, 33.3887364, 0.0 ], [ 75.2006985, 33.3887951, 0.0 ], [ 75.2007951, 33.3888168, 0.0 ], [ 75.2009158, 33.3888199, 0.0 ], [ 75.2010171, 33.388796, 0.0 ], [ 75.201091, 33.3887736, 0.0 ], [ 75.201528, 33.3886138, 0.0 ], [ 75.2016669, 33.3885737, 0.0 ], [ 75.2017976, 33.3885515, 0.0 ], [ 75.2019434, 33.3885497, 0.0 ], [ 75.2020262, 33.3885598, 0.0 ], [ 75.2020836, 33.3885745, 0.0 ], [ 75.2021297, 33.3886069, 0.0 ], [ 75.2021681, 33.3886501, 0.0 ], [ 75.2021836, 33.3886975, 0.0 ] ] } },
{ "type": "Feature", "properties": { "source_edge_id": "OSM_WAY_1372811471", "osm_way_id": "1372811471", "name": "nan" }, "geometry": { "type": "LineString", "coordinates": [ [ 75.2021836, 33.3886975, 0.0 ], [ 75.2021485, 33.3889146, 0.0 ] ] } },
{ "type": "Feature", "properties": { "source_edge_id": "OSM_WAY_1372811473", "osm_way_id": "1372811473", "name": "nan" }, "geometry": { "type": "LineString", "coordinates": [ [ 75.2021485, 33.3889146, 0.0 ], [ 75.20214, 33.3889505, 0.0 ], [ 75.202119, 33.3889941, 0.0 ], [ 75.2020874, 33.3890358, 0.0 ], [ 75.2020339, 33.3890783, 0.0 ], [ 75.2014299, 33.3894903, 0.0 ], [ 75.2013343, 33.3895433, 0.0 ], [ 75.2012482, 33.3895695, 0.0 ], [ 75.2011668, 33.3895844, 0.0 ], [ 75.2010363, 33.3895925, 0.0 ], [ 75.2008999, 33.3895865, 0.0 ], [ 75.2008008, 33.3895672, 0.0 ], [ 75.2006964, 33.3895314, 0.0 ], [ 75.2005418, 33.3894693, 0.0 ], [ 75.2003345, 33.3894218, 0.0 ], [ 75.200178, 33.3894008, 0.0 ], [ 75.2000037, 33.3893955, 0.0 ], [ 75.1996042, 33.3894067, 0.0 ], [ 75.1994817, 33.3894306, 0.0 ], [ 75.199384, 33.3894623, 0.0 ], [ 75.1993, 33.3895271, 0.0 ], [ 75.1992641, 33.3895921, 0.0 ], [ 75.1992317, 33.3896864, 0.0 ], [ 75.1992094, 33.389983, 0.0 ], [ 75.1991765, 33.3901419, 0.0 ], [ 75.1990813, 33.390379, 0.0 ], [ 75.1989314, 33.3906258, 0.0 ], [ 75.19887, 33.3907719, 0.0 ], [ 75.1988173, 33.3909327, 0.0 ] ] } },
{ "type": "Feature", "properties": { "source_edge_id": "OSM_WAY_1078908049", "osm_way_id": "1078908049", "name": "nan" }, "geometry": { "type": "LineString", "coordinates": [ [ 75.1992318, 33.3911368, 0.0 ], [ 75.1991522, 33.3908565, 0.0 ] ] } },
{ "type": "Feature", "properties": { "source_edge_id": "OSM_WAY_1078908052", "osm_way_id": "1078908052", "name": "nan" }, "geometry": { "type": "LineString", "coordinates": [ [ 75.1988173, 33.3909327, 0.0 ], [ 75.1987699, 33.391076, 0.0 ] ] } },
{ "type": "Feature", "properties": { "source_edge_id": "OSM_WAY_1078908051", "osm_way_id": "1078908051", "name": "nan" }, "geometry": { "type": "LineString", "coordinates": [ [ 75.1987699, 33.391076, 0.0 ], [ 75.1987271, 33.3912392, 0.0 ], [ 75.1986888, 33.3913752, 0.0 ], [ 75.1986652, 33.3915753, 0.0 ], [ 75.1986491, 33.391731, 0.0 ], [ 75.1986561, 33.3919544, 0.0 ], [ 75.198656, 33.3921168, 0.0 ], [ 75.198587, 33.3923359, 0.0 ], [ 75.1985372, 33.3925002, 0.0 ], [ 75.1984044, 33.3927406, 0.0 ], [ 75.1982357, 33.3929159, 0.0 ], [ 75.1979398, 33.3932338, 0.0 ], [ 75.197754, 33.3933891, 0.0 ], [ 75.1975286, 33.3935614, 0.0 ], [ 75.1973179, 33.3937434, 0.0 ], [ 75.1972143, 33.3938568, 0.0 ], [ 75.1971465, 33.3939711, 0.0 ], [ 75.1970941, 33.3940999, 0.0 ], [ 75.1971061, 33.3942818, 0.0 ], [ 75.1971311, 33.3943893, 0.0 ], [ 75.1972166, 33.3945147, 0.0 ], [ 75.1972493, 33.394563, 0.0 ], [ 75.1972752, 33.3946474, 0.0 ], [ 75.1972855, 33.3947439, 0.0 ], [ 75.1972402, 33.3948816, 0.0 ], [ 75.1971678, 33.3949874, 0.0 ] ] } },
{ "type": "Feature", "properties": { "source_edge_id": "OSM_WAY_1078908054", "osm_way_id": "1078908054", "name": "nan" }, "geometry": { "type": "LineString", "coordinates": [ [ 75.1971678, 33.3949874, 0.0 ], [ 75.1968848, 33.3954523, 0.0 ], [ 75.1967898, 33.3956654, 0.0 ], [ 75.1967437, 33.3958078, 0.0 ], [ 75.196724, 33.3959115, 0.0 ], [ 75.1967366, 33.3960501, 0.0 ], [ 75.1967921, 33.3963414, 0.0 ], [ 75.1968139, 33.3965257, 0.0 ], [ 75.1968222, 33.3966561, 0.0 ], [ 75.1968123, 33.3967716, 0.0 ], [ 75.196766, 33.3968835, 0.0 ], [ 75.1966644, 33.3970455, 0.0 ], [ 75.196565, 33.397223, 0.0 ], [ 75.1965261, 33.3973268, 0.0 ], [ 75.1965017, 33.3974609, 0.0 ], [ 75.1964534, 33.3978956, 0.0 ], [ 75.1964016, 33.3981034, 0.0 ], [ 75.196355, 33.3982432, 0.0 ], [ 75.1962693, 33.3983784, 0.0 ], [ 75.1958069, 33.3990209, 0.0 ], [ 75.1957547, 33.3990748, 0.0 ], [ 75.1956731, 33.3991336, 0.0 ], [ 75.1955785, 33.3991842, 0.0 ], [ 75.195406, 33.3992724, 0.0 ], [ 75.1953177, 33.3993274, 0.0 ], [ 75.1952409, 33.399401, 0.0 ], [ 75.1951871, 33.399485, 0.0 ], [ 75.1951501, 33.3995775, 0.0 ], [ 75.1949468, 33.4001695, 0.0 ], [ 75.1949224, 33.4003165, 0.0 ], [ 75.1949202, 33.4004706, 0.0 ], [ 75.1949366, 33.4005789, 0.0 ], [ 75.1949745, 33.4007409, 0.0 ], [ 75.1951185, 33.4012438, 0.0 ], [ 75.195156, 33.4013453, 0.0 ], [ 75.1952229, 33.4014717, 0.0 ], [ 75.1955762, 33.4020289, 0.0 ], [ 75.195673, 33.402164, 0.0 ], [ 75.1957802, 33.4022986, 0.0 ], [ 75.1958969, 33.4024195, 0.0 ], [ 75.1960396, 33.4025459, 0.0 ], [ 75.1961596, 33.40263, 0.0 ], [ 75.1970346, 33.4031618, 0.0 ], [ 75.1971717, 33.4032655, 0.0 ], [ 75.197276, 33.403367, 0.0 ], [ 75.1973409, 33.4034624, 0.0 ], [ 75.1973994, 33.4035902, 0.0 ], [ 75.1974333, 33.4037061, 0.0 ], [ 75.1975733, 33.4047225, 0.0 ], [ 75.1976048, 33.4048871, 0.0 ], [ 75.1976425, 33.4049793, 0.0 ], [ 75.197705, 33.4050809, 0.0 ], [ 75.1977888, 33.405178, 0.0 ], [ 75.1979088, 33.4053014, 0.0 ] ] } },
{ "type": "Feature", "properties": { "source_edge_id": "OSM_WAY_1078908053", "osm_way_id": "1078908053", "name": "nan" }, "geometry": { "type": "LineString", "coordinates": [ [ 75.1979088, 33.4053014, 0.0 ], [ 75.1979835, 33.4053778, 0.0 ], [ 75.1980385, 33.405439, 0.0 ], [ 75.1980919, 33.4055116, 0.0 ], [ 75.1981435, 33.4055904, 0.0 ] ] } },
{ "type": "Feature", "properties": { "source_edge_id": "OSM_WAY_38044779", "osm_way_id": "38044779", "name": "nan" }, "geometry": { "type": "LineString", "coordinates": [ [ 75.1981435, 33.4055904, 0.0 ], [ 75.1981932, 33.4056714, 0.0 ], [ 75.198251, 33.4057938, 0.0 ], [ 75.1983145, 33.4059921, 0.0 ], [ 75.1983712, 33.4061504, 0.0 ], [ 75.1984515, 33.4063213, 0.0 ], [ 75.1985398, 33.4064558, 0.0 ], [ 75.1989005, 33.4068837, 0.0 ], [ 75.1989674, 33.406961, 0.0 ], [ 75.1990525, 33.4070393, 0.0 ], [ 75.1991739, 33.4071165, 0.0 ], [ 75.1993209, 33.4071816, 0.0 ], [ 75.1997051, 33.4073014, 0.0 ], [ 75.1999862, 33.4074179, 0.0 ], [ 75.2002798, 33.4075705, 0.0 ], [ 75.2004848, 33.4076501, 0.0 ], [ 75.2007045, 33.4076963, 0.0 ], [ 75.2009117, 33.4077118, 0.0 ], [ 75.201171, 33.4077486, 0.0 ], [ 75.2013505, 33.4077943, 0.0 ], [ 75.2015213, 33.4078736, 0.0 ], [ 75.201644, 33.4079547, 0.0 ] ] } },
{ "type": "Feature", "properties": { "source_edge_id": "OSM_WAY_1375178088", "osm_way_id": "1375178088", "name": "nan" }, "geometry": { "type": "LineString", "coordinates": [ [ 75.201644, 33.4079547, 0.0 ], [ 75.2017756, 33.4080486, 0.0 ], [ 75.2018847, 33.408149, 0.0 ], [ 75.2019707, 33.4082527, 0.0 ] ] } },
{ "type": "Feature", "properties": { "source_edge_id": "OSM_WAY_1375178082", "osm_way_id": "1375178082", "name": "nan" }, "geometry": { "type": "LineString", "coordinates": [ [ 75.2019707, 33.4082527, 0.0 ], [ 75.2020506, 33.4083589, 0.0 ], [ 75.2021066, 33.4084863, 0.0 ], [ 75.2021807, 33.4089179, 0.0 ], [ 75.2022194, 33.4090169, 0.0 ], [ 75.2022869, 33.4091092, 0.0 ], [ 75.202422, 33.409249, 0.0 ], [ 75.2025402, 33.4094008, 0.0 ], [ 75.2030063, 33.4101998, 0.0 ], [ 75.2030922, 33.4103646, 0.0 ], [ 75.2031966, 33.4106267, 0.0 ], [ 75.203247, 33.4107136, 0.0 ], [ 75.2033136, 33.4108027, 0.0 ], [ 75.2034161, 33.4108944, 0.0 ], [ 75.2035106, 33.4109656, 0.0 ], [ 75.2039183, 33.4111914, 0.0 ], [ 75.2040535, 33.4112953, 0.0 ], [ 75.2041283, 33.4114046, 0.0 ], [ 75.2041476, 33.411515, 0.0 ], [ 75.2041391, 33.4116041, 0.0 ], [ 75.2041044, 33.4118703, 0.0 ], [ 75.2041283, 33.4119968, 0.0 ], [ 75.2041707, 33.4120978, 0.0 ], [ 75.2042577, 33.412224, 0.0 ], [ 75.2043647, 33.412348, 0.0 ], [ 75.2044748, 33.4124618, 0.0 ], [ 75.2045482, 33.4125596, 0.0 ], [ 75.2045734, 33.4126383, 0.0 ], [ 75.2045809, 33.4127072, 0.0 ], [ 75.2045748, 33.4127895, 0.0 ], [ 75.2045202, 33.4130097, 0.0 ], [ 75.2045047, 33.4131089, 0.0 ], [ 75.2044953, 33.413221, 0.0 ], [ 75.2045183, 33.4133541, 0.0 ], [ 75.2046169, 33.413676, 0.0 ], [ 75.2046444, 33.413832, 0.0 ], [ 75.2046312, 33.4139664, 0.0 ], [ 75.2046147, 33.4141076, 0.0 ], [ 75.2046048, 33.4142373, 0.0 ], [ 75.20462, 33.4143509, 0.0 ], [ 75.2046632, 33.4144976, 0.0 ] ] } },
{ "type": "Feature", "properties": { "source_edge_id": "OSM_WAY_1375178089", "osm_way_id": "1375178089", "name": "nan" }, "geometry": { "type": "LineString", "coordinates": [ [ 75.2049391, 33.4151153, 0.0 ], [ 75.2049446, 33.4149817, 0.0 ], [ 75.2049282, 33.4148262, 0.0 ], [ 75.2048978, 33.4146938, 0.0 ], [ 75.2048468, 33.4145581, 0.0 ] ] } },
{ "type": "Feature", "properties": { "source_edge_id": "OSM_WAY_1375178084", "osm_way_id": "1375178084", "name": "nan" }, "geometry": { "type": "LineString", "coordinates": [ [ 75.2047904, 33.4150222, 0.0 ], [ 75.2047651, 33.415157, 0.0 ], [ 75.2045934, 33.415616, 0.0 ], [ 75.204546, 33.4157946, 0.0 ], [ 75.2045256, 33.4159319, 0.0 ], [ 75.2045159, 33.4160821, 0.0 ], [ 75.2045183, 33.4162528, 0.0 ], [ 75.2045461, 33.4164177, 0.0 ], [ 75.2045832, 33.4165919, 0.0 ] ] } },
{ "type": "Feature", "properties": { "source_edge_id": "OSM_WAY_1375178080", "osm_way_id": "1375178080", "name": "nan" }, "geometry": { "type": "LineString", "coordinates": [ [ 75.2049096, 33.4172967, 0.0 ], [ 75.2047407, 33.416597, 0.0 ] ] } },
{ "type": "Feature", "properties": { "source_edge_id": "OSM_WAY_1078908050", "osm_way_id": "1078908050", "name": "nan" }, "geometry": { "type": "LineString", "coordinates": [ [ 75.2046739, 33.425826, 0.0 ], [ 75.2047446, 33.4257073, 0.0 ], [ 75.2047751, 33.4256057, 0.0 ], [ 75.2047844, 33.4255095, 0.0 ], [ 75.2047681, 33.4253962, 0.0 ], [ 75.2047432, 33.4252496, 0.0 ], [ 75.2047347, 33.4250983, 0.0 ], [ 75.2047505, 33.4249713, 0.0 ], [ 75.2047765, 33.4248643, 0.0 ], [ 75.2048509, 33.4246633, 0.0 ], [ 75.2048812, 33.4245681, 0.0 ], [ 75.2049026, 33.4244781, 0.0 ], [ 75.2049115, 33.4243873, 0.0 ], [ 75.2049092, 33.4243053, 0.0 ], [ 75.2048927, 33.4241701, 0.0 ], [ 75.2048673, 33.4240023, 0.0 ], [ 75.2047664, 33.4234274, 0.0 ], [ 75.2047475, 33.4231983, 0.0 ], [ 75.2047438, 33.4221465, 0.0 ], [ 75.2047682, 33.4219899, 0.0 ], [ 75.2048125, 33.4218659, 0.0 ], [ 75.2049457, 33.4216062, 0.0 ], [ 75.2049908, 33.4214966, 0.0 ], [ 75.2050038, 33.4213787, 0.0 ], [ 75.2049936, 33.4212825, 0.0 ], [ 75.2049456, 33.421147, 0.0 ], [ 75.2048781, 33.4209761, 0.0 ], [ 75.2048512, 33.4208795, 0.0 ], [ 75.2048511, 33.4207571, 0.0 ], [ 75.2048717, 33.4206155, 0.0 ], [ 75.2048926, 33.4204985, 0.0 ], [ 75.2049333, 33.4203573, 0.0 ], [ 75.2049699, 33.4202454, 0.0 ], [ 75.2050206, 33.4201385, 0.0 ], [ 75.2050936, 33.4200228, 0.0 ], [ 75.2052116, 33.4198342, 0.0 ], [ 75.2052727, 33.4197237, 0.0 ], [ 75.2053151, 33.4195893, 0.0 ], [ 75.2053208, 33.4194457, 0.0 ], [ 75.2053015, 33.4193159, 0.0 ], [ 75.2052655, 33.4191761, 0.0 ], [ 75.2052178, 33.4190303, 0.0 ], [ 75.2049367, 33.418264, 0.0 ], [ 75.2048813, 33.418114, 0.0 ], [ 75.2048601, 33.4179895, 0.0 ], [ 75.2048622, 33.4178336, 0.0 ], [ 75.2049071, 33.4175761, 0.0 ], [ 75.2049183, 33.4174716, 0.0 ], [ 75.2049203, 33.417377, 0.0 ], [ 75.2049096, 33.4172967, 0.0 ] ] } },
{ "type": "Feature", "properties": { "source_edge_id": "OSM_WAY_827651321", "osm_way_id": "827651321", "name": "nan" }, "geometry": { "type": "LineString", "coordinates": [ [ 75.2046054, 33.4257178, 0.0 ], [ 75.2045376, 33.4258255, 0.0 ], [ 75.2044597, 33.4259224, 0.0 ], [ 75.2043677, 33.4260093, 0.0 ], [ 75.2042352, 33.4261089, 0.0 ], [ 75.2040569, 33.4262115, 0.0 ], [ 75.2035441, 33.4264822, 0.0 ] ] } },
{ "type": "Feature", "properties": { "source_edge_id": "OSM_WAY_1375178091", "osm_way_id": "1375178091", "name": "nan" }, "geometry": { "type": "LineString", "coordinates": [ [ 75.2035441, 33.4264822, 0.0 ], [ 75.1995231, 33.428495, 0.0 ], [ 75.1992706, 33.4286404, 0.0 ], [ 75.1990188, 33.4288327, 0.0 ], [ 75.1988193, 33.4290206, 0.0 ], [ 75.1986355, 33.4292234, 0.0 ], [ 75.1984943, 33.429396, 0.0 ], [ 75.1983765, 33.4295614, 0.0 ], [ 75.1982617, 33.4297802, 0.0 ], [ 75.1979739, 33.4304756, 0.0 ], [ 75.1978585, 33.4306946, 0.0 ], [ 75.1977605, 33.4308723, 0.0 ] ] } },
{ "type": "Feature", "properties": { "source_edge_id": "OSM_WAY_1375316014", "osm_way_id": "1375316014", "name": "nan" }, "geometry": { "type": "LineString", "coordinates": [ [ 75.1947329, 33.4343904, 0.0 ], [ 75.1948274, 33.4342803, 0.0 ], [ 75.1969681, 33.4320885, 0.0 ], [ 75.1972985, 33.4317062, 0.0 ], [ 75.1974937, 33.431455, 0.0 ], [ 75.19768, 33.4311956, 0.0 ], [ 75.1978533, 33.4309067, 0.0 ] ] } },
{ "type": "Feature", "properties": { "source_edge_id": "OSM_WAY_878099484", "osm_way_id": "878099484", "name": "nan" }, "geometry": { "type": "LineString", "coordinates": [ [ 74.86209, 33.0407542, 0.0 ], [ 74.8621897, 33.0409422, 0.0 ], [ 74.862247, 33.0410424, 0.0 ], [ 74.8623057, 33.041133, 0.0 ], [ 74.8623351, 33.0411732, 0.0 ], [ 74.8623626, 33.0412073, 0.0 ], [ 74.8623967, 33.0412404, 0.0 ], [ 74.8624287, 33.0412663, 0.0 ], [ 74.86246, 33.0412882, 0.0 ], [ 74.8625173, 33.0413222, 0.0 ], [ 74.8625976, 33.0413617, 0.0 ], [ 74.8627001, 33.0414033, 0.0 ], [ 74.8627784, 33.0414293, 0.0 ], [ 74.8628431, 33.0414438, 0.0 ], [ 74.8629062, 33.0414534, 0.0 ], [ 74.8629673, 33.041457, 0.0 ], [ 74.863023, 33.0414528, 0.0 ], [ 74.8630811, 33.0414453, 0.0 ], [ 74.8631839, 33.0414263, 0.0 ], [ 74.8632849, 33.0414112, 0.0 ], [ 74.8633658, 33.041404, 0.0 ], [ 74.8634327, 33.0414052, 0.0 ], [ 74.8634822, 33.0414102, 0.0 ], [ 74.8635251, 33.0414221, 0.0 ], [ 74.8635635, 33.0414414, 0.0 ], [ 74.8636008, 33.0414724, 0.0 ], [ 74.8636288, 33.0415081, 0.0 ], [ 74.8636455, 33.0415429, 0.0 ], [ 74.8636525, 33.0415782, 0.0 ], [ 74.8636515, 33.0416069, 0.0 ], [ 74.8636449, 33.04164, 0.0 ], [ 74.8636361, 33.0416703, 0.0 ], [ 74.8635573, 33.0418251, 0.0 ], [ 74.8634963, 33.041951, 0.0 ], [ 74.8634147, 33.042114, 0.0 ], [ 74.8632253, 33.0424695, 0.0 ], [ 74.8631324, 33.0426435, 0.0 ], [ 74.8630836, 33.0427537, 0.0 ], [ 74.862986, 33.0429816, 0.0 ], [ 74.8629452, 33.0430899, 0.0 ], [ 74.8629248, 33.0431396, 0.0 ], [ 74.8629039, 33.0431835, 0.0 ], [ 74.8628264, 33.0433134, 0.0 ], [ 74.8627126, 33.0434928, 0.0 ], [ 74.8626742, 33.0435565, 0.0 ], [ 74.8626482, 33.0436047, 0.0 ], [ 74.8626319, 33.0436383, 0.0 ], [ 74.8626191, 33.0436765, 0.0 ], [ 74.8625845, 33.04379, 0.0 ], [ 74.8625349, 33.0439532, 0.0 ], [ 74.8625169, 33.0440037, 0.0 ], [ 74.8625012, 33.0440402, 0.0 ], [ 74.8624826, 33.0440832, 0.0 ], [ 74.8624586, 33.0441328, 0.0 ], [ 74.8624291, 33.0441902, 0.0 ], [ 74.862401, 33.0442391, 0.0 ], [ 74.8623668, 33.0442894, 0.0 ], [ 74.8623353, 33.0443296, 0.0 ], [ 74.8623026, 33.0443662, 0.0 ], [ 74.8622648, 33.0444047, 0.0 ], [ 74.8622237, 33.0444408, 0.0 ], [ 74.8621764, 33.0444751, 0.0 ], [ 74.8621272, 33.0445086, 0.0 ], [ 74.8620732, 33.0445405, 0.0 ], [ 74.8620146, 33.0445717, 0.0 ], [ 74.8619303, 33.0446198, 0.0 ], [ 74.8618399, 33.0446653, 0.0 ], [ 74.8617719, 33.0446903, 0.0 ], [ 74.8617171, 33.044705, 0.0 ], [ 74.8616669, 33.0447174, 0.0 ], [ 74.861606, 33.0447242, 0.0 ], [ 74.8615478, 33.0447277, 0.0 ], [ 74.8614262, 33.0447261, 0.0 ], [ 74.8612876, 33.0447196, 0.0 ], [ 74.8611356, 33.0447166, 0.0 ], [ 74.8610444, 33.044717, 0.0 ], [ 74.8609833, 33.0447201, 0.0 ], [ 74.860934, 33.0447255, 0.0 ], [ 74.8608833, 33.0447361, 0.0 ], [ 74.8608337, 33.0447504, 0.0 ], [ 74.8607821, 33.0447688, 0.0 ], [ 74.8607362, 33.0447881, 0.0 ], [ 74.8606903, 33.0448119, 0.0 ], [ 74.860645, 33.0448433, 0.0 ], [ 74.8606035, 33.0448747, 0.0 ], [ 74.8605633, 33.044914, 0.0 ], [ 74.860505, 33.0449843, 0.0 ], [ 74.860377, 33.045167, 0.0 ], [ 74.8603513, 33.045205, 0.0 ], [ 74.8603231, 33.0452425, 0.0 ], [ 74.8602844, 33.0452875, 0.0 ], [ 74.8602358, 33.0453417, 0.0 ], [ 74.8601801, 33.0453996, 0.0 ], [ 74.8601211, 33.0454567, 0.0 ], [ 74.8600704, 33.0455049, 0.0 ], [ 74.8600144, 33.0455525, 0.0 ], [ 74.8599435, 33.0456112, 0.0 ], [ 74.8598718, 33.0456698, 0.0 ], [ 74.8597937, 33.0457311, 0.0 ], [ 74.8597205, 33.0457837, 0.0 ], [ 74.859647, 33.045833, 0.0 ], [ 74.8596109, 33.045856, 0.0 ], [ 74.8595855, 33.0458709, 0.0 ], [ 74.859557, 33.0458839, 0.0 ], [ 74.8595265, 33.0458947, 0.0 ], [ 74.859471, 33.0459126, 0.0 ], [ 74.8593507, 33.0459396, 0.0 ], [ 74.8592194, 33.0459598, 0.0 ], [ 74.8590855, 33.0459845, 0.0 ], [ 74.8590081, 33.0460006, 0.0 ], [ 74.8589642, 33.0460089, 0.0 ], [ 74.8589237, 33.0460204, 0.0 ], [ 74.8588846, 33.0460373, 0.0 ], [ 74.8588, 33.0460773, 0.0 ], [ 74.8587141, 33.0461263, 0.0 ], [ 74.8586286, 33.0461773, 0.0 ], [ 74.8585591, 33.0462214, 0.0 ], [ 74.858511, 33.0462543, 0.0 ], [ 74.8584677, 33.0462815, 0.0 ], [ 74.8584273, 33.0463052, 0.0 ], [ 74.8583963, 33.0463193, 0.0 ], [ 74.8583728, 33.0463275, 0.0 ], [ 74.8583449, 33.0463338, 0.0 ], [ 74.8583122, 33.046337, 0.0 ], [ 74.8582771, 33.0463363, 0.0 ], [ 74.8582322, 33.0463297, 0.0 ], [ 74.8581859, 33.046319, 0.0 ], [ 74.8580914, 33.0462889, 0.0 ], [ 74.8580083, 33.0462549, 0.0 ], [ 74.8579212, 33.0462169, 0.0 ], [ 74.8578213, 33.0461659, 0.0 ], [ 74.8577398, 33.046123, 0.0 ], [ 74.8576884, 33.046097, 0.0 ], [ 74.857645, 33.0460778, 0.0 ], [ 74.8576162, 33.0460653, 0.0 ], [ 74.8575858, 33.0460573, 0.0 ], [ 74.8575518, 33.0460528, 0.0 ], [ 74.8575207, 33.0460533, 0.0 ], [ 74.8574891, 33.046057, 0.0 ], [ 74.8574545, 33.0460644, 0.0 ], [ 74.8574157, 33.0460788, 0.0 ], [ 74.8573797, 33.0460955, 0.0 ], [ 74.8573564, 33.0461096, 0.0 ], [ 74.857316, 33.0461349, 0.0 ], [ 74.8572577, 33.0461795, 0.0 ], [ 74.8572154, 33.0462149, 0.0 ], [ 74.8571657, 33.046266, 0.0 ], [ 74.8571046, 33.0463377, 0.0 ], [ 74.8570566, 33.0463949, 0.0 ], [ 74.8570299, 33.0464269, 0.0 ], [ 74.8570019, 33.0464577, 0.0 ], [ 74.8569675, 33.0464913, 0.0 ], [ 74.8569362, 33.0465211, 0.0 ], [ 74.8568915, 33.0465609, 0.0 ], [ 74.8568427, 33.0465965, 0.0 ], [ 74.8567881, 33.0466356, 0.0 ], [ 74.8567027, 33.0466893, 0.0 ], [ 74.8565968, 33.0467535, 0.0 ], [ 74.8565171, 33.0468036, 0.0 ], [ 74.8563954, 33.0468803, 0.0 ], [ 74.8562469, 33.0469672, 0.0 ], [ 74.856179, 33.0470056, 0.0 ], [ 74.8561109, 33.0470394, 0.0 ], [ 74.8560769, 33.0470524, 0.0 ], [ 74.8560477, 33.0470623, 0.0 ], [ 74.8560158, 33.0470717, 0.0 ], [ 74.855977, 33.0470821, 0.0 ], [ 74.8558604, 33.0471138, 0.0 ], [ 74.8557575, 33.0471415, 0.0 ], [ 74.8557021, 33.0471611, 0.0 ], [ 74.8556502, 33.0471798, 0.0 ], [ 74.8555908, 33.0472038, 0.0 ], [ 74.8555302, 33.0472315, 0.0 ], [ 74.8554764, 33.0472606, 0.0 ], [ 74.8554221, 33.0472959, 0.0 ], [ 74.8553865, 33.0473245, 0.0 ], [ 74.8553317, 33.0473744, 0.0 ], [ 74.8552574, 33.0474454, 0.0 ], [ 74.8552055, 33.0474922, 0.0 ], [ 74.8551716, 33.0475223, 0.0 ], [ 74.8551358, 33.0475492, 0.0 ], [ 74.8551031, 33.0475722, 0.0 ], [ 74.8550665, 33.047594, 0.0 ], [ 74.855031, 33.0476133, 0.0 ], [ 74.8549328, 33.0476633, 0.0 ], [ 74.8548179, 33.0477266, 0.0 ], [ 74.8547404, 33.0477717, 0.0 ], [ 74.8547098, 33.0477932, 0.0 ], [ 74.8546754, 33.0478188, 0.0 ], [ 74.854559, 33.0479131, 0.0 ], [ 74.8544726, 33.0479861, 0.0 ], [ 74.8544415, 33.0480125, 0.0 ], [ 74.8544106, 33.0480324, 0.0 ], [ 74.8543776, 33.048048, 0.0 ], [ 74.8543313, 33.0480715, 0.0 ], [ 74.8542894, 33.048089, 0.0 ], [ 74.8542465, 33.0481063, 0.0 ] ] } },
{ "type": "Feature", "properties": { "source_edge_id": "OSM_WAY_878616363", "osm_way_id": "878616363", "name": "nan" }, "geometry": { "type": "LineString", "coordinates": [ [ 74.8542465, 33.0481063, 0.0 ], [ 74.8532793, 33.0485385, 0.0 ], [ 74.8532313, 33.0485627, 0.0 ], [ 74.8531986, 33.048586, 0.0 ], [ 74.8531708, 33.0486089, 0.0 ], [ 74.8531408, 33.0486361, 0.0 ], [ 74.8531084, 33.0486677, 0.0 ], [ 74.853076, 33.0487026, 0.0 ], [ 74.8530423, 33.0487505, 0.0 ], [ 74.8530108, 33.0488054, 0.0 ], [ 74.8529943, 33.0488468, 0.0 ], [ 74.8529713, 33.0488872, 0.0 ], [ 74.8529176, 33.0489721, 0.0 ], [ 74.8528867, 33.0490257, 0.0 ], [ 74.8528525, 33.0491009, 0.0 ], [ 74.8528223, 33.0491671, 0.0 ], [ 74.8527815, 33.0492466, 0.0 ], [ 74.8527418, 33.0493181, 0.0 ], [ 74.8526864, 33.0494013, 0.0 ], [ 74.852642, 33.0494637, 0.0 ], [ 74.8526131, 33.0495017, 0.0 ], [ 74.8525805, 33.0495364, 0.0 ], [ 74.8525434, 33.0495689, 0.0 ], [ 74.8525007, 33.0496037, 0.0 ], [ 74.8524473, 33.0496431, 0.0 ], [ 74.8524084, 33.0496694, 0.0 ], [ 74.8523568, 33.0496983, 0.0 ], [ 74.8522934, 33.0497318, 0.0 ], [ 74.8522222, 33.0497655, 0.0 ], [ 74.8521577, 33.0498003, 0.0 ], [ 74.8520799, 33.0498424, 0.0 ], [ 74.8520061, 33.049886, 0.0 ], [ 74.8519478, 33.0499246, 0.0 ], [ 74.8518985, 33.0499608, 0.0 ], [ 74.8518524, 33.0500036, 0.0 ], [ 74.8518063, 33.0500543, 0.0 ], [ 74.8517426, 33.0501322, 0.0 ], [ 74.8516651, 33.0502183, 0.0 ], [ 74.8516284, 33.050253, 0.0 ], [ 74.8515866, 33.0502889, 0.0 ], [ 74.8515549, 33.0503113, 0.0 ], [ 74.8515257, 33.0503281, 0.0 ], [ 74.8514884, 33.0503427, 0.0 ], [ 74.8514399, 33.0503513, 0.0 ], [ 74.8513901, 33.0503555, 0.0 ], [ 74.8513237, 33.0503565, 0.0 ], [ 74.8512354, 33.0503582, 0.0 ], [ 74.8510747, 33.0503545, 0.0 ], [ 74.8508816, 33.0503515, 0.0 ], [ 74.8507663, 33.0503523, 0.0 ], [ 74.8507067, 33.0503549, 0.0 ], [ 74.8506634, 33.0503619, 0.0 ], [ 74.8506229, 33.0503722, 0.0 ], [ 74.8505643, 33.0503892, 0.0 ], [ 74.8504585, 33.0504303, 0.0 ], [ 74.85035, 33.0504846, 0.0 ], [ 74.8502482, 33.0505421, 0.0 ], [ 74.8501275, 33.0506215, 0.0 ], [ 74.850039, 33.0506892, 0.0 ], [ 74.8499988, 33.050731, 0.0 ], [ 74.8499532, 33.0507889, 0.0 ], [ 74.8499116, 33.0508537, 0.0 ], [ 74.8497603, 33.0511061, 0.0 ], [ 74.8496479, 33.0512899, 0.0 ], [ 74.8494999, 33.0515366, 0.0 ], [ 74.8494108, 33.05168, 0.0 ], [ 74.8493605, 33.0517518, 0.0 ], [ 74.8493099, 33.0518169, 0.0 ], [ 74.8492564, 33.0518753, 0.0 ], [ 74.8492123, 33.0519169, 0.0 ], [ 74.8491567, 33.0519635, 0.0 ], [ 74.8490792, 33.0520256, 0.0 ], [ 74.8490058, 33.0520787, 0.0 ], [ 74.8489421, 33.0521245, 0.0 ], [ 74.8488647, 33.0521721, 0.0 ], [ 74.8487725, 33.0522219, 0.0 ], [ 74.8486512, 33.052276, 0.0 ], [ 74.848494, 33.0523379, 0.0 ], [ 74.8483234, 33.0524043, 0.0 ], [ 74.8481484, 33.0524743, 0.0 ], [ 74.8479895, 33.0525398, 0.0 ] ] } },
{ "type": "Feature", "properties": { "source_edge_id": "OSM_WAY_1375316019", "osm_way_id": "1375316019", "name": "nan" }, "geometry": { "type": "LineString", "coordinates": [ [ 75.1913909, 33.4401314, 0.0 ], [ 75.1917835, 33.4398807, 0.0 ], [ 75.1929233, 33.4392199, 0.0 ], [ 75.1932079, 33.4390242, 0.0 ], [ 75.1934967, 33.4387477, 0.0 ], [ 75.1936858, 33.4384919, 0.0 ], [ 75.193851, 33.4381754, 0.0 ], [ 75.1942037, 33.4374545, 0.0 ], [ 75.1942947, 33.4372063, 0.0 ], [ 75.194359, 33.4369674, 0.0 ], [ 75.1943752, 33.4367636, 0.0 ], [ 75.1943678, 33.436586, 0.0 ], [ 75.1942806, 33.4356511, 0.0 ], [ 75.1942856, 33.4354127, 0.0 ], [ 75.1943041, 33.4352609, 0.0 ], [ 75.1943831, 33.4349972, 0.0 ], [ 75.194493, 33.434752, 0.0 ], [ 75.1946112, 33.4345508, 0.0 ], [ 75.1947329, 33.4343904, 0.0 ] ] } },
{ "type": "Feature", "properties": { "source_edge_id": "OSM_WAY_1375316008", "osm_way_id": "1375316008", "name": "nan" }, "geometry": { "type": "LineString", "coordinates": [ [ 75.1913909, 33.4401314, 0.0 ], [ 75.1911897, 33.4402732, 0.0 ], [ 75.1910124, 33.4404207, 0.0 ], [ 75.1908532, 33.4405684, 0.0 ], [ 75.1907553, 33.4406735, 0.0 ] ] } },
{ "type": "Feature", "properties": { "source_edge_id": "OSM_WAY_828197171", "osm_way_id": "828197171", "name": "nan" }, "geometry": { "type": "LineString", "coordinates": [ [ 75.1906981, 33.440592, 0.0 ], [ 75.1905771, 33.4407301, 0.0 ], [ 75.1904874, 33.4408556, 0.0 ], [ 75.1903841, 33.4410333, 0.0 ], [ 75.1902991, 33.4412096, 0.0 ], [ 75.1902374, 33.4413934, 0.0 ], [ 75.1901753, 33.4415958, 0.0 ] ] } },
{ "type": "Feature", "properties": { "source_edge_id": "OSM_WAY_1375316012", "osm_way_id": "1375316012", "name": "nan" }, "geometry": { "type": "LineString", "coordinates": [ [ 75.1892289, 33.4445001, 0.0 ], [ 75.1892884, 33.4442817, 0.0 ], [ 75.189343, 33.4441136, 0.0 ], [ 75.1894405, 33.4438794, 0.0 ], [ 75.1898091, 33.4430867, 0.0 ], [ 75.1899418, 33.4427825, 0.0 ], [ 75.1900679, 33.4424226, 0.0 ], [ 75.1902688, 33.4416547, 0.0 ] ] } },
{ "type": "Feature", "properties": { "source_edge_id": "OSM_WAY_1375316015", "osm_way_id": "1375316015", "name": "nan" }, "geometry": { "type": "LineString", "coordinates": [ [ 75.1891346, 33.445052, 0.0 ], [ 75.1891353, 33.4450471, 0.0 ], [ 75.1891526, 33.4449195, 0.0 ], [ 75.189176, 33.4447668, 0.0 ], [ 75.1891965, 33.4446481, 0.0 ], [ 75.1892289, 33.4445001, 0.0 ] ] } },
{ "type": "Feature", "properties": { "source_edge_id": "OSM_WAY_828197172", "osm_way_id": "828197172", "name": "nan" }, "geometry": { "type": "LineString", "coordinates": [ [ 75.188974, 33.4448146, 0.0 ], [ 75.1889438, 33.445005, 0.0 ], [ 75.188928, 33.4452115, 0.0 ], [ 75.1889238, 33.4454445, 0.0 ], [ 75.188929, 33.4456951, 0.0 ], [ 75.1889539, 33.4459311, 0.0 ], [ 75.1889857, 33.4461104, 0.0 ], [ 75.1890408, 33.4463441, 0.0 ], [ 75.1890842, 33.446505, 0.0 ], [ 75.1891694, 33.4467654, 0.0 ], [ 75.189259, 33.4469962, 0.0 ], [ 75.1899237, 33.4485627, 0.0 ] ] } },
{ "type": "Feature", "properties": { "source_edge_id": "OSM_WAY_1375316016", "osm_way_id": "1375316016", "name": "nan" }, "geometry": { "type": "LineString", "coordinates": [ [ 75.190131, 33.4488152, 0.0 ], [ 75.1899997, 33.4484848, 0.0 ] ] } },
{ "type": "Feature", "properties": { "source_edge_id": "OSM_WAY_828197173", "osm_way_id": "828197173", "name": "nan" }, "geometry": { "type": "LineString", "coordinates": [ [ 75.1899237, 33.4485627, 0.0 ], [ 75.1900528, 33.4488729, 0.0 ] ] } },
{ "type": "Feature", "properties": { "source_edge_id": "OSM_WAY_828197179", "osm_way_id": "828197179", "name": "nan" }, "geometry": { "type": "LineString", "coordinates": [ [ 75.1900528, 33.4488729, 0.0 ], [ 75.1903254, 33.4495909, 0.0 ], [ 75.1914842, 33.4526976, 0.0 ], [ 75.191601, 33.4530167, 0.0 ], [ 75.1916854, 33.4532666, 0.0 ], [ 75.191758, 33.4535166, 0.0 ], [ 75.1917949, 33.4536886, 0.0 ], [ 75.1918156, 33.4538471, 0.0 ], [ 75.1918302, 33.4540038, 0.0 ], [ 75.1918288, 33.4541578, 0.0 ], [ 75.1918144, 33.4542953, 0.0 ], [ 75.1917968, 33.4544408, 0.0 ], [ 75.1917748, 33.454576, 0.0 ], [ 75.1917431, 33.4547169, 0.0 ], [ 75.1917049, 33.4548511, 0.0 ], [ 75.1916629, 33.4549687, 0.0 ], [ 75.1915949, 33.455101, 0.0 ], [ 75.191538, 33.4552045, 0.0 ] ] } },
{ "type": "Feature", "properties": { "source_edge_id": "OSM_WAY_1019041725", "osm_way_id": "1019041725", "name": "nan" }, "geometry": { "type": "LineString", "coordinates": [ [ 75.1911337, 33.455876, 0.0 ], [ 75.1912004, 33.4558085, 0.0 ], [ 75.1912951, 33.4557114, 0.0 ], [ 75.1914021, 33.4555925, 0.0 ], [ 75.191489, 33.4554834, 0.0 ], [ 75.1915596, 33.4553792, 0.0 ], [ 75.1916348, 33.4552497, 0.0 ] ] } },
{ "type": "Feature", "properties": { "source_edge_id": "OSM_WAY_675103026", "osm_way_id": "675103026", "name": "nan" }, "geometry": { "type": "LineString", "coordinates": [ [ 75.19108, 33.4557812, 0.0 ], [ 75.1892022, 33.4575467, 0.0 ], [ 75.1890261, 33.4577257, 0.0 ], [ 75.1889087, 33.4578446, 0.0 ], [ 75.1887923, 33.4579624, 0.0 ], [ 75.1886639, 33.4581159, 0.0 ], [ 75.1885611, 33.4582464, 0.0 ], [ 75.1884156, 33.4584381, 0.0 ], [ 75.188304, 33.458593, 0.0 ], [ 75.1882006, 33.45876, 0.0 ], [ 75.1881192, 33.4589118, 0.0 ], [ 75.1876281, 33.4598661, 0.0 ], [ 75.1875279, 33.4600795, 0.0 ], [ 75.1874642, 33.4602209, 0.0 ], [ 75.1874052, 33.4603681, 0.0 ], [ 75.1873447, 33.4605444, 0.0 ], [ 75.1873098, 33.4606759, 0.0 ], [ 75.1872686, 33.4608201, 0.0 ], [ 75.1872298, 33.4609605, 0.0 ], [ 75.1872008, 33.461096, 0.0 ], [ 75.1871829, 33.4612083, 0.0 ], [ 75.1871623, 33.461354, 0.0 ], [ 75.1871487, 33.4614881, 0.0 ], [ 75.187137, 33.4616528, 0.0 ], [ 75.1871344, 33.4618658, 0.0 ], [ 75.1871378, 33.4620443, 0.0 ], [ 75.1871505, 33.4621976, 0.0 ], [ 75.1875209, 33.4652942, 0.0 ], [ 75.1875336, 33.4654636, 0.0 ], [ 75.1875343, 33.4656182, 0.0 ], [ 75.1875277, 33.4657929, 0.0 ], [ 75.1875165, 33.4659462, 0.0 ], [ 75.1874949, 33.4660835, 0.0 ], [ 75.1874526, 33.4662669, 0.0 ], [ 75.1873947, 33.4664819, 0.0 ], [ 75.1873365, 33.4666653, 0.0 ], [ 75.187264, 33.4668588, 0.0 ], [ 75.187192, 33.4670249, 0.0 ], [ 75.1871184, 33.4671714, 0.0 ], [ 75.1870291, 33.4673237, 0.0 ], [ 75.186951, 33.4674574, 0.0 ], [ 75.1868868, 33.467558, 0.0 ], [ 75.1867765, 33.4677126, 0.0 ], [ 75.1866381, 33.4678906, 0.0 ], [ 75.1864333, 33.4681409, 0.0 ], [ 75.1863756, 33.4682071, 0.0 ], [ 75.1862745, 33.4683231, 0.0 ], [ 75.1858196, 33.4688453, 0.0 ], [ 75.1853382, 33.4693968, 0.0 ], [ 75.1849601, 33.4698526, 0.0 ], [ 75.1847873, 33.4700922, 0.0 ], [ 75.1845857, 33.470388, 0.0 ], [ 75.1844378, 33.470644, 0.0 ], [ 75.1843553, 33.470791, 0.0 ], [ 75.1842673, 33.4709545, 0.0 ], [ 75.184077, 33.4713709, 0.0 ], [ 75.183991, 33.4715992, 0.0 ], [ 75.1839143, 33.4718081, 0.0 ], [ 75.1838099, 33.4721327, 0.0 ], [ 75.1837317, 33.4724587, 0.0 ], [ 75.1836519, 33.4728842, 0.0 ], [ 75.1836003, 33.4732583, 0.0 ], [ 75.1835751, 33.4738264, 0.0 ], [ 75.1835756, 33.4741039, 0.0 ], [ 75.1835875, 33.4742903, 0.0 ], [ 75.1836041, 33.4744807, 0.0 ], [ 75.1836388, 33.4747448, 0.0 ], [ 75.1836781, 33.4750265, 0.0 ] ] } },
{ "type": "Feature", "properties": { "source_edge_id": "OSM_WAY_1375980624", "osm_way_id": "1375980624", "name": "nan" }, "geometry": { "type": "LineString", "coordinates": [ [ 75.1836781, 33.4750265, 0.0 ], [ 75.1838445, 33.4758095, 0.0 ], [ 75.1840634, 33.47684, 0.0 ], [ 75.1841335, 33.4772836, 0.0 ], [ 75.1841912, 33.4775229, 0.0 ], [ 75.1842291, 33.4776559, 0.0 ], [ 75.1842508, 33.4777214, 0.0 ], [ 75.1842777, 33.4778389, 0.0 ], [ 75.1843145, 33.4780009, 0.0 ], [ 75.1843509, 33.4781854, 0.0 ] ] } },
{ "type": "Feature", "properties": { "source_edge_id": "OSM_WAY_1375980625", "osm_way_id": "1375980625", "name": "nan" }, "geometry": { "type": "LineString", "coordinates": [ [ 75.1843509, 33.4781854, 0.0 ], [ 75.1843823, 33.4782953, 0.0 ], [ 75.1844136, 33.4784289, 0.0 ], [ 75.1844341, 33.4786198, 0.0 ], [ 75.1844484, 33.4789086, 0.0 ], [ 75.1843829, 33.4805481, 0.0 ], [ 75.1843595, 33.4807573, 0.0 ], [ 75.1843373, 33.4809505, 0.0 ], [ 75.1843115, 33.4811079, 0.0 ], [ 75.1842688, 33.481263, 0.0 ], [ 75.1842254, 33.4814017, 0.0 ], [ 75.1841741, 33.4815378, 0.0 ], [ 75.1841168, 33.4816928, 0.0 ] ] } },
{ "type": "Feature", "properties": { "source_edge_id": "OSM_WAY_1375980627", "osm_way_id": "1375980627", "name": "nan" }, "geometry": { "type": "LineString", "coordinates": [ [ 75.1815575, 33.483722, 0.0 ], [ 75.1746454, 33.4855046, 0.0 ], [ 75.1744188, 33.485571, 0.0 ], [ 75.1742298, 33.4856348, 0.0 ], [ 75.1740286, 33.4857129, 0.0 ], [ 75.1738761, 33.4857823, 0.0 ], [ 75.1737389, 33.4858522, 0.0 ], [ 75.1736274, 33.4859152, 0.0 ], [ 75.1735267, 33.485982, 0.0 ], [ 75.1733903, 33.4860864, 0.0 ], [ 75.1732726, 33.4861899, 0.0 ], [ 75.1731533, 33.486314, 0.0 ], [ 75.1730224, 33.4864677, 0.0 ], [ 75.172916, 33.4866254, 0.0 ], [ 75.1728019, 33.4868358, 0.0 ], [ 75.1727638, 33.4869259, 0.0 ], [ 75.1727273, 33.4870238, 0.0 ], [ 75.1726803, 33.4871817, 0.0 ], [ 75.1726544, 33.4872941, 0.0 ], [ 75.1726363, 33.4874064, 0.0 ], [ 75.1726208, 33.487517, 0.0 ], [ 75.1726138, 33.4876153, 0.0 ], [ 75.17261, 33.4877111, 0.0 ], [ 75.1726131, 33.487888, 0.0 ], [ 75.1726308, 33.4880725, 0.0 ], [ 75.172655, 33.4883982, 0.0 ] ] } },
{ "type": "Feature", "properties": { "source_edge_id": "OSM_WAY_1020354279", "osm_way_id": "1020354279", "name": "nan" }, "geometry": { "type": "LineString", "coordinates": [ [ 75.172655, 33.4883982, 0.0 ], [ 75.1727398, 33.4891644, 0.0 ] ] } },
{ "type": "Feature", "properties": { "source_edge_id": "OSM_WAY_227462234", "osm_way_id": "227462234", "name": "Banihal Qazigund Tunnel" }, "geometry": { "type": "LineString", "coordinates": [ [ 75.1869486, 33.5650161, 0.0 ], [ 75.1869538, 33.564635, 0.0 ], [ 75.1869496, 33.5642718, 0.0 ], [ 75.1869134, 33.5638969, 0.0 ], [ 75.1868529, 33.5634837, 0.0 ], [ 75.1730369, 33.488979, 0.0 ] ] } },
{ "type": "Feature", "properties": { "source_edge_id": "OSM_WAY_1353661737", "osm_way_id": "1353661737", "name": "nan" }, "geometry": { "type": "LineString", "coordinates": [ [ 75.304901, 33.1493039, 0.0 ], [ 75.3048665, 33.1491663, 0.0 ], [ 75.3047965, 33.1489632, 0.0 ], [ 75.304777, 33.1488638, 0.0 ], [ 75.3047933, 33.1487493, 0.0 ], [ 75.3048503, 33.1486294, 0.0 ], [ 75.3049446, 33.148504, 0.0 ], [ 75.3050586, 33.1484141, 0.0 ], [ 75.3051806, 33.1483473, 0.0 ], [ 75.3056054, 33.1481934, 0.0 ], [ 75.3058096, 33.1480398, 0.0 ], [ 75.305931, 33.1478625, 0.0 ], [ 75.3059577, 33.1477144, 0.0 ], [ 75.3059276, 33.1474902, 0.0 ], [ 75.3058186, 33.1473404, 0.0 ], [ 75.3057275, 33.1471673, 0.0 ], [ 75.3056005, 33.1468702, 0.0 ], [ 75.3054736, 33.146674, 0.0 ], [ 75.3053727, 33.1465977, 0.0 ], [ 75.3051328, 33.1464326, 0.0 ], [ 75.3050051, 33.1463227, 0.0 ], [ 75.3049464, 33.146236, 0.0 ], [ 75.3049211, 33.146182, 0.0 ], [ 75.3049027, 33.1460539, 0.0 ], [ 75.3048923, 33.145759, 0.0 ], [ 75.3048912, 33.1457147, 0.0 ], [ 75.3048601, 33.1456068, 0.0 ], [ 75.3048371, 33.1455056, 0.0 ], [ 75.3047853, 33.1454102, 0.0 ], [ 75.3046599, 33.1453235, 0.0 ], [ 75.3045563, 33.1452744, 0.0 ], [ 75.3044619, 33.1452175, 0.0 ], [ 75.3043549, 33.1451135, 0.0 ], [ 75.3041514, 33.1449634, 0.0 ] ] } },
{ "type": "Feature", "properties": { "source_edge_id": "OSM_WAY_1353661738", "osm_way_id": "1353661738", "name": "nan" }, "geometry": { "type": "LineString", "coordinates": [ [ 75.3051006, 33.1496085, 0.0 ], [ 75.3050146, 33.1494837, 0.0 ], [ 75.304901, 33.1493039, 0.0 ] ] } },
{ "type": "Feature", "properties": { "source_edge_id": "OSM_WAY_1353661741", "osm_way_id": "1353661741", "name": "nan" }, "geometry": { "type": "LineString", "coordinates": [ [ 75.3054973, 33.1502113, 0.0 ], [ 75.3051006, 33.1496085, 0.0 ] ] } },
{ "type": "Feature", "properties": { "source_edge_id": "OSM_WAY_1353661740", "osm_way_id": "1353661740", "name": "nan" }, "geometry": { "type": "LineString", "coordinates": [ [ 75.3052427, 33.150137, 0.0 ], [ 75.3054124, 33.1504549, 0.0 ] ] } },
{ "type": "Feature", "properties": { "source_edge_id": "OSM_WAY_1353661739", "osm_way_id": "1353661739", "name": "nan" }, "geometry": { "type": "LineString", "coordinates": [ [ 75.3054124, 33.1504549, 0.0 ], [ 75.3055696, 33.1506892, 0.0 ], [ 75.3057003, 33.1510081, 0.0 ], [ 75.3057498, 33.1511931, 0.0 ], [ 75.3058425, 33.1513826, 0.0 ] ] } },
{ "type": "Feature", "properties": { "source_edge_id": "OSM_WAY_833651569", "osm_way_id": "833651569", "name": "nan" }, "geometry": { "type": "LineString", "coordinates": [ [ 75.3104238, 33.1653832, 0.0 ], [ 75.3105569, 33.1651753, 0.0 ], [ 75.3105423, 33.1650491, 0.0 ], [ 75.3105215, 33.1648331, 0.0 ], [ 75.3104594, 33.1646246, 0.0 ], [ 75.3103996, 33.1644952, 0.0 ], [ 75.3102971, 33.1643815, 0.0 ], [ 75.3101406, 33.164237, 0.0 ], [ 75.3099933, 33.1641021, 0.0 ], [ 75.3099266, 33.1640193, 0.0 ], [ 75.3098909, 33.163947, 0.0 ], [ 75.309861, 33.1638276, 0.0 ], [ 75.3097954, 33.1635376, 0.0 ], [ 75.3097137, 33.1631995, 0.0 ], [ 75.3096757, 33.1630945, 0.0 ], [ 75.3096178, 33.1629802, 0.0 ], [ 75.3095004, 33.1627933, 0.0 ], [ 75.3093119, 33.1625512, 0.0 ], [ 75.3089802, 33.1622015, 0.0 ], [ 75.3085951, 33.1616945, 0.0 ], [ 75.3085511, 33.1615787, 0.0 ], [ 75.3085397, 33.1614656, 0.0 ], [ 75.30853, 33.1613457, 0.0 ], [ 75.3085723, 33.161234, 0.0 ], [ 75.3086862, 33.1609534, 0.0 ], [ 75.3089808, 33.1605187, 0.0 ], [ 75.3091094, 33.1603689, 0.0 ], [ 75.3091191, 33.1602858, 0.0 ], [ 75.3091077, 33.1601454, 0.0 ], [ 75.309067, 33.1599506, 0.0 ], [ 75.3089743, 33.1597653, 0.0 ], [ 75.308792, 33.1593729, 0.0 ], [ 75.3087204, 33.1592966, 0.0 ], [ 75.3085967, 33.1592053, 0.0 ], [ 75.3085056, 33.1591154, 0.0 ], [ 75.3084388, 33.1590282, 0.0 ], [ 75.3083493, 33.158832, 0.0 ], [ 75.3082956, 33.1586713, 0.0 ], [ 75.3083172, 33.1584748, 0.0 ], [ 75.3083257, 33.1583246, 0.0 ], [ 75.3083311, 33.1581991, 0.0 ], [ 75.3082613, 33.1580987, 0.0 ], [ 75.3081851, 33.1580024, 0.0 ], [ 75.3079244, 33.1578191, 0.0 ], [ 75.3077169, 33.15759, 0.0 ] ] } },
{ "type": "Feature", "properties": { "source_edge_id": "OSM_WAY_239956569", "osm_way_id": "239956569", "name": "nan" }, "geometry": { "type": "LineString", "coordinates": [ [ 75.2964538, 33.1700837, 0.0 ], [ 75.296456, 33.1700039, 0.0 ], [ 75.2964831, 33.1698882, 0.0 ], [ 75.2965513, 33.1698151, 0.0 ], [ 75.2967104, 33.1697421, 0.0 ], [ 75.2975305, 33.1694418, 0.0 ], [ 75.2978949, 33.1693582, 0.0 ], [ 75.29825, 33.1693218, 0.0 ], [ 75.2985968, 33.1692938, 0.0 ], [ 75.2991023, 33.1692805, 0.0 ], [ 75.3006436, 33.1693171, 0.0 ], [ 75.301004, 33.1693445, 0.0 ], [ 75.301404, 33.1694477, 0.0 ], [ 75.3016008, 33.1694894, 0.0 ], [ 75.3019231, 33.1694984, 0.0 ], [ 75.3022561, 33.1694351, 0.0 ], [ 75.3024572, 33.1693409, 0.0 ], [ 75.3026518, 33.1691907, 0.0 ], [ 75.3028746, 33.1690078, 0.0 ], [ 75.3030128, 33.1689336, 0.0 ], [ 75.3032209, 33.1689186, 0.0 ], [ 75.3034044, 33.1689554, 0.0 ], [ 75.3035586, 33.1689824, 0.0 ], [ 75.3037093, 33.168997, 0.0 ], [ 75.3039123, 33.1689832, 0.0 ], [ 75.3040504, 33.1689155, 0.0 ], [ 75.3041834, 33.1688059, 0.0 ], [ 75.3043274, 33.1686348, 0.0 ], [ 75.3044457, 33.1684909, 0.0 ], [ 75.3045483, 33.168395, 0.0 ], [ 75.3046777, 33.1682865, 0.0 ], [ 75.3047953, 33.168208, 0.0 ], [ 75.3049507, 33.1681227, 0.0 ], [ 75.3050869, 33.168081, 0.0 ], [ 75.305374, 33.1680395, 0.0 ], [ 75.3055074, 33.168024, 0.0 ], [ 75.3056675, 33.167992, 0.0 ], [ 75.305794, 33.1679404, 0.0 ], [ 75.3059119, 33.1678515, 0.0 ], [ 75.3061484, 33.1675917, 0.0 ], [ 75.3064736, 33.1672867, 0.0 ], [ 75.3066176, 33.1671556, 0.0 ], [ 75.3068199, 33.1670139, 0.0 ], [ 75.3071954, 33.1667433, 0.0 ], [ 75.3074073, 33.1665948, 0.0 ], [ 75.3075436, 33.16645, 0.0 ], [ 75.3077187, 33.1662563, 0.0 ], [ 75.3078377, 33.1661549, 0.0 ], [ 75.308028, 33.1660626, 0.0 ], [ 75.3081599, 33.1660517, 0.0 ], [ 75.3082897, 33.1660463, 0.0 ], [ 75.3084562, 33.1660336, 0.0 ], [ 75.3089514, 33.1659431, 0.0 ], [ 75.3093623, 33.1658037, 0.0 ], [ 75.3096888, 33.1656625, 0.0 ], [ 75.3098503, 33.1655885, 0.0 ], [ 75.3100424, 33.1655303, 0.0 ], [ 75.3101808, 33.1654999, 0.0 ], [ 75.3102964, 33.1654607, 0.0 ], [ 75.3104238, 33.1653832, 0.0 ] ] } },
{ "type": "Feature", "properties": { "source_edge_id": "OSM_WAY_1353661753", "osm_way_id": "1353661753", "name": "nan" }, "geometry": { "type": "LineString", "coordinates": [ [ 75.2961801, 33.1699525, 0.0 ], [ 75.2961327, 33.1700971, 0.0 ], [ 75.2961314, 33.1702048, 0.0 ], [ 75.2963344, 33.1707465, 0.0 ] ] } },
{ "type": "Feature", "properties": { "source_edge_id": "OSM_WAY_1353661754", "osm_way_id": "1353661754", "name": "nan" }, "geometry": { "type": "LineString", "coordinates": [ [ 75.3012509, 33.1742538, 0.0 ], [ 75.3011092, 33.1740746, 0.0 ], [ 75.3009832, 33.1739481, 0.0 ], [ 75.300577, 33.1735843, 0.0 ], [ 75.3003376, 33.1732917, 0.0 ], [ 75.3002028, 33.1730631, 0.0 ], [ 75.3001401, 33.1728082, 0.0 ], [ 75.3000981, 33.1726893, 0.0 ], [ 75.3000048, 33.1725842, 0.0 ], [ 75.2997993, 33.1723495, 0.0 ], [ 75.2996814, 33.1721212, 0.0 ], [ 75.2996415, 33.1718761, 0.0 ], [ 75.2995733, 33.1716872, 0.0 ], [ 75.2994968, 33.1715595, 0.0 ], [ 75.2994176, 33.1714953, 0.0 ], [ 75.2992032, 33.1714086, 0.0 ], [ 75.2988021, 33.1713477, 0.0 ], [ 75.2986697, 33.1713017, 0.0 ], [ 75.2985068, 33.1712272, 0.0 ], [ 75.2981361, 33.170932, 0.0 ], [ 75.2979263, 33.1708145, 0.0 ], [ 75.2977155, 33.1707762, 0.0 ], [ 75.2975124, 33.1707961, 0.0 ], [ 75.2970833, 33.1708599, 0.0 ], [ 75.2968675, 33.1708203, 0.0 ], [ 75.2967163, 33.1707029, 0.0 ], [ 75.2966089, 33.1706081, 0.0 ] ] } },
{ "type": "Feature", "properties": { "source_edge_id": "OSM_WAY_1445960461", "osm_way_id": "1445960461", "name": "Peerah chanderkot tunnel" }, "geometry": { "type": "LineString", "coordinates": [ [ 75.298656, 33.1807643, 0.0 ], [ 75.2987126, 33.1803374, 0.0 ], [ 75.2988323, 33.1799525, 0.0 ], [ 75.3015091, 33.1754295, 0.0 ], [ 75.3015028, 33.1749023, 0.0 ], [ 75.3014588, 33.1746598, 0.0 ], [ 75.3012509, 33.1742538, 0.0 ] ] } },
{ "type": "Feature", "properties": { "source_edge_id": "OSM_WAY_1270819185", "osm_way_id": "1270819185", "name": "nan" }, "geometry": { "type": "LineString", "coordinates": [ [ 75.2983668, 33.1807686, 0.0 ], [ 75.2984913, 33.1810498, 0.0 ], [ 75.2985534, 33.181169, 0.0 ], [ 75.2986395, 33.1813081, 0.0 ], [ 75.298778, 33.1814657, 0.0 ], [ 75.2989751, 33.1816303, 0.0 ], [ 75.2992844, 33.1818015, 0.0 ], [ 75.2996814, 33.1819272, 0.0 ], [ 75.300293, 33.1820035, 0.0 ], [ 75.3006309, 33.1821113, 0.0 ], [ 75.300824, 33.1822505, 0.0 ] ] } },
{ "type": "Feature", "properties": { "source_edge_id": "OSM_WAY_971209975", "osm_way_id": "971209975", "name": "nan" }, "geometry": { "type": "LineString", "coordinates": [ [ 75.301449, 33.1836131, 0.0 ], [ 75.3015326, 33.1840295, 0.0 ], [ 75.3017326, 33.1844504, 0.0 ], [ 75.3018573, 33.1849374, 0.0 ], [ 75.3018596, 33.1852723, 0.0 ], [ 75.3017798, 33.1855346, 0.0 ], [ 75.301311, 33.1862141, 0.0 ], [ 75.3011107, 33.1864871, 0.0 ], [ 75.3008708, 33.187626, 0.0 ], [ 75.3008131, 33.1881486, 0.0 ], [ 75.3005412, 33.1891834, 0.0 ], [ 75.3004013, 33.1903607, 0.0 ], [ 75.3003084, 33.1913034, 0.0 ], [ 75.3002715, 33.191456, 0.0 ], [ 75.3001642, 33.191685, 0.0 ], [ 75.2998262, 33.1921878, 0.0 ], [ 75.2996492, 33.1924975, 0.0 ], [ 75.2995044, 33.192915, 0.0 ], [ 75.2994132, 33.1934312, 0.0 ], [ 75.2991433, 33.193907, 0.0 ], [ 75.2989308, 33.1944791, 0.0 ], [ 75.2979147, 33.1961714, 0.0 ], [ 75.2975357, 33.1966679, 0.0 ], [ 75.297305, 33.1969641, 0.0 ], [ 75.2968758, 33.1972334, 0.0 ], [ 75.2964574, 33.1974848, 0.0 ], [ 75.2961087, 33.1977362, 0.0 ], [ 75.2959752, 33.1978841, 0.0 ], [ 75.2958137, 33.1981805, 0.0 ], [ 75.2956804, 33.1984536, 0.0 ], [ 75.2955004, 33.1987032, 0.0 ], [ 75.2952506, 33.1989495, 0.0 ], [ 75.2949312, 33.1992076, 0.0 ], [ 75.2947294, 33.1994067, 0.0 ], [ 75.2945452, 33.1997325, 0.0 ], [ 75.2942975, 33.2002652, 0.0 ], [ 75.2941119, 33.2005658, 0.0 ], [ 75.2935046, 33.201269, 0.0 ], [ 75.2926487, 33.201996, 0.0 ], [ 75.2923429, 33.2021845, 0.0 ], [ 75.2904224, 33.2030957, 0.0 ], [ 75.2897948, 33.2034234, 0.0 ], [ 75.2894407, 33.2036703, 0.0 ], [ 75.2887541, 33.2038947, 0.0 ], [ 75.2864259, 33.2047296, 0.0 ], [ 75.2861416, 33.2047744, 0.0 ], [ 75.2854657, 33.20477, 0.0 ], [ 75.2852176, 33.2047725, 0.0 ], [ 75.2850071, 33.2048115, 0.0 ], [ 75.2839118, 33.2052327, 0.0 ], [ 75.2831793, 33.2054293, 0.0 ], [ 75.2822153, 33.2055941, 0.0 ], [ 75.2819471, 33.2057331, 0.0 ], [ 75.2817571, 33.2058999, 0.0 ], [ 75.2815731, 33.2060414, 0.0 ], [ 75.2813939, 33.2061189, 0.0 ], [ 75.2807108, 33.2061908, 0.0 ], [ 75.2803256, 33.2063407, 0.0 ], [ 75.279593, 33.206792, 0.0 ], [ 75.2793306, 33.2069655, 0.0 ], [ 75.2783324, 33.2075144, 0.0 ], [ 75.2781837, 33.207643, 0.0 ], [ 75.2780387, 33.2078437, 0.0 ], [ 75.277901, 33.2080493, 0.0 ], [ 75.2774626, 33.2085751, 0.0 ], [ 75.2772906, 33.2087686, 0.0 ], [ 75.2768097, 33.2092251, 0.0 ], [ 75.2766614, 33.2093147, 0.0 ], [ 75.2765054, 33.2093848, 0.0 ], [ 75.2762687, 33.209476, 0.0 ], [ 75.2759897, 33.2095648, 0.0 ], [ 75.2757441, 33.2097031, 0.0 ], [ 75.2745885, 33.2105729, 0.0 ], [ 75.2741591, 33.2108189, 0.0 ], [ 75.2740024, 33.2109198, 0.0 ], [ 75.2738718, 33.2110086, 0.0 ], [ 75.2737784, 33.2110978, 0.0 ], [ 75.273648, 33.2112737, 0.0 ], [ 75.2735264, 33.2114516, 0.0 ], [ 75.2727411, 33.2120938, 0.0 ], [ 75.272582, 33.2122577, 0.0 ], [ 75.2722509, 33.2126297, 0.0 ], [ 75.272203, 33.2127308, 0.0 ], [ 75.2721925, 33.2128417, 0.0 ], [ 75.2722234, 33.2129537, 0.0 ], [ 75.2722665, 33.2130429, 0.0 ], [ 75.2723094, 33.2131078, 0.0 ], [ 75.2723901, 33.2131788, 0.0 ] ] } },
{ "type": "Feature", "properties": { "source_edge_id": "OSM_WAY_1353081912", "osm_way_id": "1353081912", "name": "nan" }, "geometry": { "type": "LineString", "coordinates": [ [ 75.2733316, 33.2137021, 0.0 ], [ 75.2724566, 33.2130625, 0.0 ] ] } },
{ "type": "Feature", "properties": { "source_edge_id": "OSM_WAY_634386109", "osm_way_id": "634386109", "name": "nan" }, "geometry": { "type": "LineString", "coordinates": [ [ 75.2731831, 33.2137993, 0.0 ], [ 75.2732384, 33.2138914, 0.0 ], [ 75.2732379, 33.2139887, 0.0 ], [ 75.2732204, 33.214072, 0.0 ], [ 75.2731681, 33.2141658, 0.0 ], [ 75.2728163, 33.2147166, 0.0 ], [ 75.272724, 33.2148987, 0.0 ], [ 75.2726828, 33.2150361, 0.0 ], [ 75.2726566, 33.2151914, 0.0 ], [ 75.2726344, 33.2157112, 0.0 ], [ 75.272562, 33.2162564, 0.0 ], [ 75.2725207, 33.2164089, 0.0 ], [ 75.2724672, 33.2165617, 0.0 ], [ 75.2723719, 33.2166927, 0.0 ], [ 75.2722776, 33.2168049, 0.0 ], [ 75.2722372, 33.2168514, 0.0 ], [ 75.2721727, 33.2169257, 0.0 ], [ 75.2720697, 33.2170922, 0.0 ], [ 75.2720333, 33.2172016, 0.0 ], [ 75.2720531, 33.2173802, 0.0 ], [ 75.2720975, 33.2175695, 0.0 ] ] } },
{ "type": "Feature", "properties": { "source_edge_id": "OSM_WAY_1220105393", "osm_way_id": "1220105393", "name": "nan" }, "geometry": { "type": "LineString", "coordinates": [ [ 75.2489783, 33.2326729, 0.0 ], [ 75.2497023, 33.2320732, 0.0 ], [ 75.2511549, 33.2310462, 0.0 ], [ 75.251627, 33.2306469, 0.0 ], [ 75.2518469, 33.2304135, 0.0 ], [ 75.2524692, 33.2295071, 0.0 ], [ 75.2526516, 33.2293007, 0.0 ], [ 75.2540249, 33.2280667, 0.0 ], [ 75.2549905, 33.2273039, 0.0 ], [ 75.2562511, 33.2265096, 0.0 ], [ 75.2572221, 33.225832, 0.0 ], [ 75.2579194, 33.2254236, 0.0 ], [ 75.2588099, 33.2250422, 0.0 ], [ 75.2591747, 33.2249749, 0.0 ], [ 75.2598856, 33.224924, 0.0 ], [ 75.2605373, 33.2248178, 0.0 ], [ 75.2610683, 33.2247864, 0.0 ], [ 75.2615511, 33.2248492, 0.0 ], [ 75.2620822, 33.2248807, 0.0 ], [ 75.262447, 33.2248627, 0.0 ], [ 75.2633214, 33.2247774, 0.0 ], [ 75.2636594, 33.2247012, 0.0 ], [ 75.2644694, 33.2245306, 0.0 ], [ 75.2647805, 33.2245127, 0.0 ], [ 75.2662244, 33.2246196, 0.0 ] ] } },
{ "type": "Feature", "properties": { "source_edge_id": "OSM_WAY_1353081897", "osm_way_id": "1353081897", "name": "nan" }, "geometry": { "type": "LineString", "coordinates": [ [ 75.2489175, 33.2325711, 0.0 ], [ 75.2488423, 33.2326242, 0.0 ] ] } },
{ "type": "Feature", "properties": { "source_edge_id": "OSM_WAY_1353081899", "osm_way_id": "1353081899", "name": "nan" }, "geometry": { "type": "LineString", "coordinates": [ [ 75.2489008, 33.2327228, 0.0 ], [ 75.2489783, 33.2326729, 0.0 ] ] } },
{ "type": "Feature", "properties": { "source_edge_id": "OSM_WAY_1353081896", "osm_way_id": "1353081896", "name": "nan" }, "geometry": { "type": "LineString", "coordinates": [ [ 75.2488423, 33.2326242, 0.0 ], [ 75.2488028, 33.2326521, 0.0 ], [ 75.248765, 33.2327782, 0.0 ] ] } },
{ "type": "Feature", "properties": { "source_edge_id": "OSM_WAY_1353081898", "osm_way_id": "1353081898", "name": "nan" }, "geometry": { "type": "LineString", "coordinates": [ [ 75.248765, 33.2327782, 0.0 ], [ 75.248867, 33.2327446, 0.0 ], [ 75.2489008, 33.2327228, 0.0 ] ] } },
{ "type": "Feature", "properties": { "source_edge_id": "OSM_WAY_1353081895", "osm_way_id": "1353081895", "name": "nan" }, "geometry": { "type": "LineString", "coordinates": [ [ 75.2425441, 33.2360615, 0.0 ], [ 75.2421074, 33.2360314, 0.0 ], [ 75.2416471, 33.2361151, 0.0 ], [ 75.2409178, 33.2362812, 0.0 ], [ 75.2407958, 33.2363444, 0.0 ], [ 75.2406621, 33.2364411, 0.0 ], [ 75.2404322, 33.2366573, 0.0 ] ] } },
{ "type": "Feature", "properties": { "source_edge_id": "OSM_WAY_1375325141", "osm_way_id": "1375325141", "name": "nan" }, "geometry": { "type": "LineString", "coordinates": [ [ 75.2404322, 33.2366573, 0.0 ], [ 75.2402588, 33.236857, 0.0 ], [ 75.2399879, 33.2371878, 0.0 ], [ 75.2397794, 33.2374848, 0.0 ], [ 75.2393212, 33.2382834, 0.0 ], [ 75.2391022, 33.2385988, 0.0 ], [ 75.2388598, 33.2388947, 0.0 ], [ 75.2384856, 33.2393168, 0.0 ], [ 75.2382169, 33.239591, 0.0 ], [ 75.2379159, 33.2398677, 0.0 ], [ 75.2376433, 33.2400722, 0.0 ], [ 75.2372837, 33.2402761, 0.0 ], [ 75.2367715, 33.2404578, 0.0 ], [ 75.2352405, 33.2408695, 0.0 ], [ 75.2333703, 33.2413456, 0.0 ], [ 75.2329694, 33.2415451, 0.0 ], [ 75.2324587, 33.2418752, 0.0 ], [ 75.2321588, 33.242043, 0.0 ], [ 75.2319007, 33.2421335, 0.0 ], [ 75.231548, 33.2422141, 0.0 ] ] } },
{ "type": "Feature", "properties": { "source_edge_id": "OSM_WAY_1353081910", "osm_way_id": "1353081910", "name": "nan" }, "geometry": { "type": "LineString", "coordinates": [ [ 75.2723283, 33.2178624, 0.0 ], [ 75.2724476, 33.2175297, 0.0 ] ] } },
{ "type": "Feature", "properties": { "source_edge_id": "OSM_WAY_1353081907", "osm_way_id": "1353081907", "name": "nan" }, "geometry": { "type": "LineString", "coordinates": [ [ 75.2665159, 33.2245974, 0.0 ], [ 75.2666259, 33.2245438, 0.0 ], [ 75.2667237, 33.2244435, 0.0 ], [ 75.2671777, 33.2237215, 0.0 ], [ 75.2673401, 33.2235089, 0.0 ], [ 75.2675643, 33.2232468, 0.0 ], [ 75.2694431, 33.2212142, 0.0 ], [ 75.2696142, 33.220983, 0.0 ], [ 75.2696932, 33.2208311, 0.0 ], [ 75.2697949, 33.2205857, 0.0 ], [ 75.2699041, 33.2202443, 0.0 ], [ 75.2700309, 33.2196693, 0.0 ], [ 75.2700859, 33.2195073, 0.0 ], [ 75.2701682, 33.2193902, 0.0 ], [ 75.2702488, 33.2192978, 0.0 ], [ 75.2703473, 33.2192272, 0.0 ], [ 75.2708852, 33.2188801, 0.0 ], [ 75.2714419, 33.2184477, 0.0 ], [ 75.2721348, 33.2180972, 0.0 ], [ 75.2722294, 33.2180189, 0.0 ], [ 75.2722872, 33.2179507, 0.0 ], [ 75.2723283, 33.2178624, 0.0 ] ] } },
{ "type": "Feature", "properties": { "source_edge_id": "OSM_WAY_634386112", "osm_way_id": "634386112", "name": "nan" }, "geometry": { "type": "LineString", "coordinates": [ [ 75.2665145, 33.2244646, 0.0 ], [ 75.2664104, 33.2244991, 0.0 ], [ 75.2662943, 33.2245032, 0.0 ], [ 75.2660396, 33.2244835, 0.0 ] ] } }
]
}
